variant	task	task_type	n_matched	task_size	coverage	mcc	f1	precision	fpr	tpr	tnr	auroc	auprc	precision_at_k	pauroc_01	pauroc_001	precision_at_k_k	n_samples	n_positive	n_negative	n_predicted_positive	errors	r2_log2	msl2e	rmsl2e	spearman
ampeppy	amp	classification	40494	40494	1.0	0.23010718195688604	0.6430821198703611	0.599463852602017	0.4664288191863634	0.6935460050214148	0.5335711808136366	0.6579807673357767	0.7026572532541151	1.0	0.5937543062935526	0.5571053029061115	100.0	40494.0	20313.0	20181.0	23501.0	0.0				
amplify	amp	classification	40362	40494	0.9967402578159728	0.41298653523985474	0.69046875	0.7276469619627861	0.24587483276349043	0.6569050096625539	0.7541251672365096	0.7526555857733879	0.8149121462356063	1.0	0.7153996262470399	0.6461393744673996	100.0	40362.0	20181.0	20181.0	18219.0	0.0				
ampredictor	amp	classification	35921	40494	0.8870696893366918	0.3381121834236439	0.7397377201831303	0.6791337180309183	0.49229423980762926	0.8122177728550737	0.5077057601923708	0.7165314949562269	0.7286170168545895	0.6	0.5489474063623987	0.5009778610270786	100.0	20886.0	11737.0	9149.0	14037.0	0.0				
ampredmfa	amp	classification	40494	40494	1.0	0.09423519534652938	0.6538277423868616	0.5222199347078027	0.8049650661513305	0.8741200216610052	0.19503493384866954	0.5923679969158552	0.6096420126912306	1.0	0.5459106621170956	0.5089403143363919	100.0	40494.0	20313.0	20181.0	34001.0	0.0				
ampscanner	amp	classification	34533	40494	0.8527930063713143	0.6451138109390318	0.7919336477476012	0.9028478196380896	0.07584529874942103	0.7052893806847808	0.924154701250579	0.8585688130376832	0.8943523081798168	1.0	0.8061851992335698	0.695283832437041	100.0	34533.0	17261.0	17272.0	13484.0	0.0				
apex-abaumannii	amp	classification	32918	40494	0.8129105546500717	0.200016172731288	0.13396387316846267	0.988558352402746	0.000666000666000666	0.07185031185031185	0.9993339993339994	0.5404149724149724	0.5356669397589142	1.0	0.5387349492612651	0.5358802996993952	100.0	27040.0	12025.0	15015.0	874.0	0.0				
apex-ecoli	amp	classification	32918	40494	0.8129105546500717	0.15790131334597193	0.08542187122249979	0.9925093632958801	0.00026647125441343016	0.04463157894736842	0.9997335287455865	0.5205569726060537	0.5004607730738863	1.0	0.5248903424653869	0.522374062247678	100.0	26886.0	11875.0	15011.0	534.0	0.0				
apex-kpneumoniae	amp	classification	32918	40494	0.8129105546500717	0.02753757043697527	0.0036717977686767404	0.9285714285714286	0.00013305834608475815	0.0018395358709494835	0.9998669416539152	0.5287968423580655	0.5100000327138179	0.6	0.5034975574867973	0.5008348480383742	100.0	29165.0	14134.0	15031.0	28.0	0.0				
apex-min	amp	classification	32918	40494	0.8129105546500717	0.38129169024394055	0.43323687474162875	0.9647131021785824	0.0103398669304082	0.27934251443802754	0.9896601330695918	0.6390852881546143	0.713511467325078	1.0	0.6316963464046718	0.6029213110902938	100.0	22377.0	11255.0	11122.0	3259.0	0.0				
apex-paeruginosa	amp	classification	32918	40494	0.8129105546500717	0.04894377674989986	0.009710188228264117	0.9701492537313433	0.00013144922773578705	0.004879513550033781	0.9998685507722642	0.526076515617564	0.4997508959939788	0.86	0.5074581352193763	0.5033556411982949	100.0	28536.0	13321.0	15215.0	67.0	0.0				
apex-saureus	amp	classification	32918	40494	0.8129105546500717	0.05777344115336034	0.01353047844887711	0.9797979797979798	0.00013065917554060233	0.00681227614298757	0.9998693408244594	0.53034801143438	0.5118151999373358	0.97	0.5029054398495563	0.5034402996957497	100.0	29546.0	14239.0	15307.0	99.0	0.0				
deep-amp-cnn-gramneg	amp	classification	32007	40494	0.7904133945769743	0.5598770329241178	0.6686698906051928	0.9543017957652103	0.02299393122049899	0.5146346751463468	0.977006068779501	0.7494205144756616	0.8172396406639234	1.0	0.750022268737402	0.6570981594995828	100.0	28667.0	13837.0	14830.0	7462.0	0.0				
deep-amp-cnn-grampos	amp	classification	32007	40494	0.7904133945769743	0.4991003378270884	0.7029640695023194	0.8226904674273096	0.13129386114328542	0.6136582017844887	0.8687061388567145	0.7401866169755891	0.768985058353464	0.7	0.6577632747347659	0.5121001633716312	100.0	29247.0	14570.0	14677.0	10868.0	0.0				
deep-amp-lstm-gramneg	amp	classification	32007	40494	0.7904133945769743	0.49768123314435675	0.6337403393240957	0.8996364580628409	0.050942401476209306	0.4891634309918814	0.9490575985237907	0.7146221398549388	0.7761391538806566	0.99	0.69969730238846	0.5687691765253451	100.0	29339.0	14165.0	15174.0	7702.0	0.0				
deep-amp-lstm-grampos	amp	classification	32007	40494	0.7904133945769743	0.4843287937047438	0.5888334800039112	0.9310451453308596	0.028904731043421904	0.43057343057343056	0.971095268956578	0.7102731029335048	0.767568417981743	0.97	0.7061220606433282	0.5631248227671694	100.0	29416.0	13986.0	15430.0	6468.0	0.0				
example-model	amp	classification	40494	40494	1.0	-0.001898285135827458	0.5015113164426314	0.5006869479882238	0.5042366582429018	0.5023384039777482	0.49576334175709824	0.4988179405367785	0.49716320682063764	0.42	0.4979570969096458	0.4995958198130875	100.0	40494.0	20313.0	20181.0	20380.0	0.0				
hydramp-amp-classifier	amp	classification	22120	40494	0.5462537659900232	0.8059075400351866	0.9056191558157826	0.8815823054019566	0.12667212667212668	0.9310035037283263	0.8733278733278733	0.9673144408118803	0.9690439578051461	1.0	0.8908008202108605	0.748594516389786	100.0	22120.0	11131.0	10989.0	11755.0	0.0				
hydramp-mic-classifier	amp	classification	22120	40494	0.5462537659900232	0.5208453784951387	0.6100390891605137	0.9859606899318091	0.00637000637000637	0.4416494474889947	0.9936299936299936	0.8544858470741141	0.8881793149321167	0.99	0.7855627942771954	0.6821314160864306	100.0	22120.0	11131.0	10989.0	4986.0	0.0				
mbc-attention	amp	classification	34730	40494	0.8576579246308095	0.46981529346006123	0.679982440737489	0.8123770814212665	0.13406408094435077	0.5846937812588469	0.8659359190556493	0.7577778269324336	0.7903731071434812	1.0	0.6575005489812878	0.5637886996997165	100.0	21271.0	10597.0	10674.0	7627.0	0.0				
mole-amp	amp	classification	40494	40494	1.0	0.0	0.0	0.0	0.0	0.0	1.0	0.5	0.5016298710920136	0.0	0.5	0.5	100.0	40494.0	20313.0	20181.0	0.0	0.0				
sensexamp-classifier	amp	classification	21759	40494	0.5373388650170395	0.5290293050401692	0.7819618004764493	0.7211686709836571	0.3347834135505368	0.8539479689639434	0.6652165864494631	0.8783648769468719	0.9101503214667455	1.0	0.82350923576268	0.7385852459769024	100.0	21759.0	10955.0	10804.0	12972.0	0.0				
sensexamp-ecoli	amp	classification	21759	40494	0.5373388650170395	0.5817460232751975	0.6632718927060174	0.9893025246041934	0.004689991558015196	0.49886719171431654	0.9953100084419848	0.8144795183580559	0.8568279793289401	1.0	0.7940841325146573	0.7219865802894437	100.0	19930.0	9269.0	10661.0	4674.0	0.0				
sensexamp-saureus	amp	classification	21759	40494	0.5373388650170395	0.4852922812649907	0.5379052950781432	0.9968299711815563	0.0010224948875255625	0.368331381109573	0.9989775051124744	0.768859854406452	0.8235314903440492	1.0	0.7693609569674311	0.7035728041286593	100.0	20149.0	9391.0	10758.0	3470.0	0.0				
ampeppy	broad_activity	classification	4355	4355	1.0	0.23335580304439496	0.8762830902215019	0.8132364001002758	0.7925531914893617	0.949926793557833	0.2074468085106383	0.6809993458147722	0.8674108706277023	0.91	0.5372246150718374	0.5044766839086244	100.0	4355.0	3415.0	940.0	3989.0	0.0				
amplify	broad_activity	classification	4354	4355	0.9997703788748565	0.2549993451670424	0.8828877005347594	0.81230012300123	0.8125665601703941	0.9669106881405564	0.18743343982960597	0.7071860815764567	0.8665759276846958	0.84	0.5195323453807806	0.5005146895426837	100.0	4354.0	3415.0	939.0	4065.0	0.0				
ampredictor	broad_activity	classification	4350	4355	0.9988518943742825	0.6100715364669053	0.9407665505226481	0.9204545454545454	0.412573673870334	0.9619952494061758	0.587426326129666	0.8148271726500194	0.9425091865051315	0.98	0.5856640724491348	0.5226995575794248	100.0	3035.0	2526.0	509.0	2640.0	0.0				
ampredmfa	broad_activity	classification	4354	4355	0.9997703788748565	0.039087657337656505	0.8782125791037065	0.7855822550831792	0.9882854100106496	0.9956076134699854	0.011714589989350373	0.5558720298376673	0.8111880919808652	0.91	0.5070986755178486	0.5006777629891414	100.0	4354.0	3415.0	939.0	4328.0	0.0				
ampscanner	broad_activity	classification	3920	4355	0.9001148105625718	0.24420028741162023	0.8786161646286907	0.8071232876712329	0.8148148148148148	0.9640052356020943	0.18518518518518517	0.7232732057155323	0.8775705565017442	0.81	0.5376203886039963	0.5035918963993765	100.0	3920.0	3056.0	864.0	3650.0	0.0				
apex-abaumannii	broad_activity	classification	4332	4355	0.9947187141216992	0.32720051055310534	0.5589447650453421	0.9429763560500696	0.061933534743202415	0.39718804920913886	0.9380664652567976	0.6834219147388485	0.8574309417937921	0.94	0.6206914314548337	0.5142121529798236	100.0	2369.0	1707.0	662.0	719.0	0.0				
apex-ecoli	broad_activity	classification	4332	4355	0.9947187141216992	0.24445109513031676	0.35306019221041984	0.9640883977900553	0.019548872180451128	0.21609907120743035	0.9804511278195489	0.6251802881817548	0.824326602647814	0.98	0.5957320382592459	0.5383046660945033	100.0	2280.0	1615.0	665.0	362.0	0.0				
apex-kpneumoniae	broad_activity	classification	4332	4355	0.9947187141216992	0.031838646669683515	0.01347068145800317	0.9444444444444444	0.0012738853503184713	0.006783719074221868	0.9987261146496815	0.5332791110252592	0.7848791983828965	0.78	0.5066898110307972	0.5029245689102995	100.0	3291.0	2506.0	785.0	18.0	0.0				
apex-min	broad_activity	classification	4332	4355	0.9947187141216992	0.33138014974070373	0.8099385245901639	0.9039451114922813	0.3326732673267327	0.7336426914153132	0.6673267326732674	0.7459419723874938	0.9184077072453851	0.96	0.5835321229033393	0.5154680387765018	100.0	2660.0	2155.0	505.0	1749.0	0.0				
apex-paeruginosa	broad_activity	classification	4332	4355	0.9947187141216992	0.08142727599635535	0.05024630541871921	0.9807692307692307	0.0012706480304955528	0.02578361981799798	0.9987293519695044	0.5675582615890423	0.7758761633103539	0.92	0.5328192813383519	0.5139645871980185	100.0	2765.0	1978.0	787.0	52.0	0.0				
apex-saureus	broad_activity	classification	4332	4355	0.9947187141216992	0.07848138012606452	0.07010634107916502	0.9468085106382979	0.006112469437652812	0.03640081799591002	0.9938875305623472	0.5469892650536747	0.7922043262448086	0.94	0.525511319811822	0.5108245564299817	100.0	3263.0	2445.0	818.0	94.0	0.0				
deep-amp-cnn-gramneg	broad_activity	classification	4322	4355	0.992422502870264	0.45069884500395885	0.913682753848815	0.8865391070829137	0.5504885993485342	0.9425410421127766	0.4495114006514658	0.7923557393857807	0.9328329042156231	0.98	0.5911843478850367	0.5151726472925231	100.0	3416.0	2802.0	614.0	2979.0	0.0				
deep-amp-cnn-grampos	broad_activity	classification	4322	4355	0.992422502870264	0.2784640880308612	0.8995072420486785	0.841340782122905	0.7877947295423023	0.9663137632338787	0.21220527045769763	0.6200746031894354	0.8456342540151545	0.8	0.5028977079344876	0.4989146860335503	100.0	3838.0	3117.0	721.0	3580.0	0.0				
deep-amp-lstm-gramneg	broad_activity	classification	4322	4355	0.992422502870264	0.3262284418595057	0.8526963445530221	0.862371888726208	0.5074224021592443	0.8432355046528275	0.4925775978407557	0.7073640546495913	0.8797156939920476	0.91	0.5371706837015363	0.503323353198506	100.0	3535.0	2794.0	741.0	2732.0	0.0				
deep-amp-lstm-grampos	broad_activity	classification	4322	4355	0.992422502870264	0.3474221665942022	0.8354856822010107	0.8691588785046729	0.42857142857142855	0.8043243243243243	0.5714285714285714	0.7214699393270823	0.8831498503968824	0.96	0.544119952390629	0.5148420905779125	100.0	3559.0	2775.0	784.0	2568.0	0.0				
example-model	broad_activity	classification	4355	4355	1.0	-0.0021761778170186507	0.6115672973937879	0.7832647462277091	0.5042553191489362	0.501610541727672	0.4957446808510638	0.4981312108657051	0.7873481385419605	0.79	0.5027979125096939	0.5000077487841061	100.0	4355.0	3415.0	940.0	2187.0	0.0				
hydramp-amp-classifier	broad_activity	classification	3690	4355	0.8473019517795637	0.254384840457677	0.8763002080332853	0.8117402905425437	0.7800982800982801	0.9520166898470097	0.2199017199017199	0.7186330659905069	0.8877538519441965	0.97	0.560769084394734	0.5169613981475794	100.0	3690.0	2876.0	814.0	3373.0	0.0				
hydramp-mic-classifier	broad_activity	classification	3690	4355	0.8473019517795637	0.5577263962404735	0.8814489571899012	0.9301158301158301	0.22235872235872237	0.8376216968011126	0.7776412776412777	0.8614031910276694	0.9465674442895371	0.97	0.6669636226586669	0.5247088739463688	100.0	3690.0	2876.0	814.0	2590.0	0.0				
mbc-attention	broad_activity	classification	4337	4355	0.9958668197474168	0.6330941216711333	0.932746196957566	0.927547770700637	0.3170731707317073	0.9380032206119162	0.6829268292682927	0.8720129385558866	0.9606835631379509	1.0	0.6666817272945531	0.5637374312297176	100.0	3058.0	2484.0	574.0	2512.0	0.0				
mole-amp	broad_activity	classification	4355	4355	1.0	0.0	0.0	0.0	0.0	0.0	1.0	0.5	0.7841561423650976	0.12	0.5	0.5	100.0	4355.0	3415.0	940.0	0.0	0.0				
sensexamp-classifier	broad_activity	classification	3676	4355	0.8440872560275545	0.17810741515786885	0.8786181139122315	0.7929775280898876	0.9098765432098765	0.984996510816469	0.09012345679012346	0.7423104425663161	0.8982582653672744	0.96	0.5695109293743003	0.5156190046231086	100.0	3676.0	2866.0	810.0	3560.0	0.0				
sensexamp-ecoli	broad_activity	classification	3676	4355	0.8440872560275545	0.5136298907621524	0.8968896463570516	0.9160139251523064	0.3344887348353553	0.8785475792988314	0.6655112651646448	0.8322398972290619	0.9475260118996535	0.99	0.6510325290547032	0.541120682850517	100.0	2973.0	2396.0	577.0	2298.0	0.0				
sensexamp-saureus	broad_activity	classification	3676	4355	0.8440872560275545	0.4738232687378695	0.806843540788495	0.9481351981351981	0.13671274961597543	0.7022011221406992	0.8632872503840245	0.8038063680788561	0.9311824618720812	1.0	0.6371241216494394	0.5351054098296653	100.0	2968.0	2317.0	651.0	1716.0	0.0				
ampeppy	deepamp_classification	classification	11717	11717	1.0	0.702499300375471	0.7986798679867987	0.6938896578999407	0.19381494929260049	0.9407506702412869	0.8061850507073995	0.9420534407285834	0.8731608964875002	1.0	0.7839294050729996	0.6160666033079752	100.0	11717.0	3730.0	7987.0	5057.0	0.0				
amplify	deepamp_classification	classification	11716	11717	0.9999146539216524	0.8240261677790869	0.8803639493421862	0.8130819895525778	0.10305534685699975	0.9597855227882037	0.8969446531430002	0.9613593225141316	0.883433115730457	0.99	0.819146254640414	0.5535001446126043	100.0	11716.0	3730.0	7986.0	4403.0	0.0				
ampredictor	deepamp_classification	classification	11653	11717	0.9945378509857472	0.3982318804117537	0.6338658146964856	0.4776579352850539	0.5565360147752925	0.941891378655526	0.4434639852247076	0.7509124469462048	0.579790048087351	0.73	0.5781800093494351	0.5085432462920364	100.0	7506.0	2633.0	4873.0	5192.0	0.0				
ampredmfa	deepamp_classification	classification	11716	11717	0.9999146539216524	0.34293737485071024	0.5724930145917417	0.40288398514310686	0.6844477836213373	0.9887399463806971	0.31555221637866265	0.806271380411699	0.6126697349911756	0.76	0.601452040894751	0.5131698845022586	100.0	11716.0	3730.0	7986.0	9154.0	0.0				
ampscanner	deepamp_classification	classification	10850	11717	0.9260049500725441	0.4971566305994265	0.6657464011043187	0.5091238123963203	0.4435209156560839	0.9615494161207633	0.556479084343916	0.8370449534949994	0.6241183618099971	0.97	0.5797062813934156	0.5076162539515333	100.0	10850.0	3511.0	7339.0	6631.0	0.0				
apex-abaumannii	deepamp_classification	classification	11606	11717	0.9905265853034053	0.46547305527596217	0.4348717948717949	0.9607250755287009	0.003497444175410277	0.28104286345558993	0.9965025558245897	0.7776537819154117	0.6034074806067105	0.98	0.6566383315754478	0.6243915929712062	100.0	9697.0	2263.0	7434.0	662.0	0.0				
apex-ecoli	deepamp_classification	classification	11606	11717	0.9905265853034053	0.3484646062422878	0.27301092043681746	0.9695290858725761	0.0014645187058980162	0.15887426236949614	0.998535481294102	0.7564126404892132	0.518763213096112	0.99	0.6022720681637371	0.5761770054760513	100.0	9714.0	2203.0	7511.0	361.0	0.0				
apex-kpneumoniae	deepamp_classification	classification	11606	11717	0.9905265853034053	0.07618866924477595	0.018994020400984874	0.9	0.00039645830580150654	0.009598293636686812	0.9996035416941985	0.7595985637676571	0.45832633659112465	0.59	0.5281486472697762	0.5074080251043135	100.0	10380.0	2813.0	7567.0	30.0	0.0				
apex-min	deepamp_classification	classification	11606	11717	0.9905265853034053	0.6228616386949442	0.6716610694910876	0.9200283085633404	0.018278874150760273	0.5288852725793328	0.9817211258492398	0.866317314316295	0.7790447903274011	0.97	0.754348561979622	0.6321857584838063	100.0	8640.0	2458.0	6182.0	1413.0	0.0				
apex-paeruginosa	deepamp_classification	classification	11606	11717	0.9905265853034053	0.09798382744922297	0.03173374613003096	0.8723404255319149	0.0007908264136022143	0.016160819865983445	0.9992091735863978	0.7324257376747427	0.42348113526975406	0.67	0.5354631867088859	0.5108238926302165	100.0	10124.0	2537.0	7587.0	47.0	0.0				
apex-saureus	deepamp_classification	classification	11606	11717	0.9905265853034053	0.16011771002470868	0.07910750507099391	0.9069767441860465	0.0015729453401494297	0.041357370095440084	0.9984270546598506	0.759017619925383	0.486068790765475	0.91	0.5435763340159131	0.5202046993273736	100.0	10458.0	2829.0	7629.0	129.0	0.0				
deep-amp-cnn-gramneg	deepamp_classification	classification	11598	11717	0.9898438166766237	0.9174562028477147	0.9398117014122394	0.9614723082215342	0.01439773749839311	0.91910555738244	0.9856022625016069	0.9859934961786976	0.9693884073299821	0.99	0.960728922638568	0.7925642504748627	100.0	10820.0	3041.0	7779.0	2907.0	0.0				
deep-amp-cnn-grampos	deepamp_classification	classification	11598	11717	0.9898438166766237	0.885836791589137	0.9188449848024316	0.8777584204413472	0.05425956953215621	0.9639668367346939	0.9457404304678438	0.9666987284023032	0.8569783202906275	0.66	0.8528763425211898	0.5158766626742716	100.0	10895.0	3136.0	7759.0	3444.0	0.0				
deep-amp-lstm-gramneg	deepamp_classification	classification	11598	11717	0.9898438166766237	0.8635229063565917	0.8998810130885603	0.9239092495636998	0.027608915906788246	0.8770709078860173	0.9723910840932117	0.9706675935605548	0.9119503453909603	0.9	0.9065727570622057	0.5892425751951373	100.0	10914.0	3018.0	7896.0	2865.0	0.0				
deep-amp-lstm-grampos	deepamp_classification	classification	11598	11717	0.9898438166766237	0.8175564627102123	0.8548195160650536	0.9497576024680476	0.014408493427704751	0.7771366750811396	0.9855915065722952	0.9663276751077577	0.9136074264646524	0.92	0.9145933911974917	0.6406225025796879	100.0	10685.0	2773.0	7912.0	2269.0	0.0				
example-model	deepamp_classification	classification	11717	11717	1.0	0.012316411146668444	0.39620675281367235	0.3240709171496761	0.4964317015149618	0.5096514745308312	0.5035682984850381	0.4997043117317652	0.3196400637524338	0.42	0.5000999136649122	0.5015156496754382	100.0	11717.0	3730.0	7987.0	5866.0	0.0				
hydramp-amp-classifier	deepamp_classification	classification	5771	11717	0.49253221814457626	0.618966357589021	0.8097951640227937	0.698273572377158	0.3733158067696352	0.9637096774193549	0.6266841932303647	0.925452615637254	0.9035740469016731	0.9	0.7715510466155299	0.5558559224505345	100.0	5771.0	2728.0	3043.0	3765.0	0.0				
hydramp-mic-classifier	deepamp_classification	classification	5771	11717	0.49253221814457626	0.8336906950764562	0.9060027021810462	0.9567876070118223	0.03483404534998357	0.8603372434017595	0.9651659546500164	0.9722279776767602	0.9687553981133867	1.0	0.9084488793314247	0.7004267349179607	100.0	5771.0	2728.0	3043.0	2453.0	0.0				
mbc-attention	deepamp_classification	classification	11599	11717	0.9899291627549714	0.5998178556703235	0.7469082041456192	0.6436505553887721	0.2593968531468531	0.8896265560165975	0.7406031468531469	0.8744419740011027	0.7771138989146481	0.97	0.6855734487176941	0.5491268255504373	100.0	6986.0	2410.0	4576.0	3331.0	0.0				
mole-amp	deepamp_classification	classification	11717	11717	1.0	0.0	0.0	0.0	0.0	0.0	1.0	0.5	0.3183408722369207	0.16	0.5	0.5	100.0	11717.0	3730.0	7987.0	0.0	0.0				
sensexamp-classifier	deepamp_classification	classification	5686	11717	0.48527780148502175	0.508625932308908	0.7627361190612478	0.6238295880149812	0.541077441077441	0.9812223858615611	0.4589225589225589	0.9336535457669477	0.9161255862102561	0.98	0.7927730917421639	0.5589016835066671	100.0	5686.0	2716.0	2970.0	4272.0	0.0				
sensexamp-ecoli	deepamp_classification	classification	5686	11717	0.48527780148502175	0.8244392116093242	0.8964423294810786	0.957405614714424	0.03140613847251963	0.8427780144865786	0.9685938615274804	0.9443218323268394	0.9500002885602638	1.0	0.8941099332654052	0.7134369885127815	100.0	5149.0	2347.0	2802.0	2066.0	0.0				
sensexamp-saureus	deepamp_classification	classification	5686	11717	0.48527780148502175	0.7483914760133445	0.8300849575212393	0.9724824355971897	0.016173434273916036	0.7240627724498693	0.983826565726084	0.8942240477717689	0.9112942925719739	0.99	0.860332922272566	0.6527871511095247	100.0	5200.0	2294.0	2906.0	1708.0	0.0				
ampredictor	deepamp_regression_gramneg	regression	4560	4560	1.0													4560.0				0.0	0.5128551279880234	2.235991337737795	1.4953231549527328	0.7226081204813868
apex-abaumannii	deepamp_regression_gramneg	regression	4508	4560	0.9885964912280701													4508.0				0.0	-0.762826801864591	8.056213942221696	2.838347044006722	0.2572063667246828
apex-ecoli	deepamp_regression_gramneg	regression	4508	4560	0.9885964912280701													4508.0				0.0	-0.9555802288966766	8.937107541425199	2.989499546985281	0.2391438705385273
apex-kpneumoniae	deepamp_regression_gramneg	regression	4508	4560	0.9885964912280701													4508.0				0.0	-1.54484682716028	11.630087804486486	3.410291454478119	0.09612121781817445
apex-min	deepamp_regression_gramneg	regression	4508	4560	0.9885964912280701													4508.0				0.0	-0.44590387063322146	6.607858985004494	2.570575613555161	0.239416573620173
apex-paeruginosa	deepamp_regression_gramneg	regression	4508	4560	0.9885964912280701													4508.0				0.0	-1.2950211311598583	10.48837084561395	3.238575434602991	0.22953602153800334
apex-saureus	deepamp_regression_gramneg	regression	4508	4560	0.9885964912280701													4508.0				0.0	-1.5639404867450541	11.717346862717385	3.4230610369547	0.09975475390625411
deep-amp-cnn-gramneg	deepamp_regression_gramneg	regression	4500	4560	0.9868421052631579													4500.0				0.0	0.011422771406934595	4.512787356132703	2.1243322141634775	0.42993244523572444
deep-amp-cnn-grampos	deepamp_regression_gramneg	regression	4500	4560	0.9868421052631579													4500.0				0.0	-0.03520517391719635	4.725640733709137	2.1738538896874227	0.5005740035493704
deep-amp-lstm-gramneg	deepamp_regression_gramneg	regression	4500	4560	0.9868421052631579													4500.0				0.0	-0.8189174820585912	8.303233756016057	2.8815332300731944	0.32694752767281254
deep-amp-lstm-grampos	deepamp_regression_gramneg	regression	4500	4560	0.9868421052631579													4500.0				0.0	0.19925599686021012	3.655341543736705	1.9118947522645449	0.6356504308543971
mbc-attention	deepamp_regression_gramneg	regression	4523	4560	0.9918859649122806													4523.0				0.0	0.4623302529363048	2.45566060372782	1.567054754540447	0.6866170772366456
sensexamp-ecoli	deepamp_regression_gramneg	regression	3469	4560	0.7607456140350877													3469.0				0.0	-0.23842079551826179	5.455034608740614	2.3356015517935873	0.5105221537981497
sensexamp-saureus	deepamp_regression_gramneg	regression	3469	4560	0.7607456140350877													3469.0				0.0	-0.6779286222137875	7.390992414127055	2.7186379704048598	0.3811464618907603
ampeppy	deepamp_regression_grampos	regression	4175	4175	1.0													4175.0				0.0				
amplify	deepamp_regression_grampos	regression	4174	4175	0.9997604790419161													4174.0				0.0				
ampredictor	deepamp_regression_grampos	regression	4130	4175	0.9892215568862276													4130.0				0.0	0.04021711470741385	4.32234952506843	2.079026100141225	0.4098095435026673
ampredmfa	deepamp_regression_grampos	regression	4174	4175	0.9997604790419161													4174.0				0.0				
ampscanner	deepamp_regression_grampos	regression	3793	4175	0.9085029940119761													3793.0				0.0				
apex-abaumannii	deepamp_regression_grampos	regression	4094	4175	0.9805988023952096													4094.0				0.0	-0.7428862467513886	7.831337119180059	2.7984526294329264	0.24676542965365855
apex-ecoli	deepamp_regression_grampos	regression	4094	4175	0.9805988023952096													4094.0				0.0	-0.949848829486464	8.761285220770516	2.959946827355268	0.22159289145695443
apex-kpneumoniae	deepamp_regression_grampos	regression	4094	4175	0.9805988023952096													4094.0				0.0	-1.5559467463918715	11.484674152989278	3.3889045653410306	0.10254212525297052
apex-min	deepamp_regression_grampos	regression	4094	4175	0.9805988023952096													4094.0				0.0	-0.4418947502806523	6.4788874780962455	2.5453658829520456	0.22575694169941193
apex-paeruginosa	deepamp_regression_grampos	regression	4094	4175	0.9805988023952096													4094.0				0.0	-1.37035037635414	10.650731177897976	3.2635457983454095	0.15194568915494994
apex-saureus	deepamp_regression_grampos	regression	4094	4175	0.9805988023952096													4094.0				0.0	-1.4587196921142627	11.04780236025352	3.323823455036913	0.1641948887880838
deep-amp-cnn-gramneg	deepamp_regression_grampos	regression	4089	4175	0.9794011976047904													4089.0				0.0	0.3760850813145099	2.8022096471000277	1.6739801812148278	0.6695655445892961
deep-amp-cnn-grampos	deepamp_regression_grampos	regression	4089	4175	0.9794011976047904													4089.0				0.0	-0.3820715858712376	6.207343685691683	2.4914541307621305	0.2554242420215459
deep-amp-lstm-gramneg	deepamp_regression_grampos	regression	4089	4175	0.9794011976047904													4089.0				0.0	-0.18286816296072383	5.312654783891954	2.3049196914191943	0.6208679854128121
deep-amp-lstm-grampos	deepamp_regression_grampos	regression	4089	4175	0.9794011976047904													4089.0				0.0	-0.408259860470936	6.324963946926648	2.514948100245142	0.3520747558078449
example-model	deepamp_regression_grampos	regression	4175	4175	1.0													4175.0				0.0				
hydramp-amp-classifier	deepamp_regression_grampos	regression	3249	4175	0.7782035928143712													3249.0				0.0				
hydramp-mic-classifier	deepamp_regression_grampos	regression	3249	4175	0.7782035928143712													3249.0				0.0				
mbc-attention	deepamp_regression_grampos	regression	4079	4175	0.9770059880239521													4079.0				0.0	-0.010327463274429904	4.5541672295665325	2.134049490889687	0.39086999127831323
mole-amp	deepamp_regression_grampos	regression	4175	4175	1.0													4175.0				0.0				
sensexamp-classifier	deepamp_regression_grampos	regression	3196	4175	0.7655089820359281													3196.0				0.0				
sensexamp-ecoli	deepamp_regression_grampos	regression	3196	4175	0.7655089820359281													3196.0				0.0	-0.44756949634722143	6.306869559752016	2.5113481558222897	0.36780646981568865
sensexamp-saureus	deepamp_regression_grampos	regression	3196	4175	0.7655089820359281													3196.0				0.0	-0.09260906036772254	4.7603537107758624	2.1818234829554526	0.594857998142093
ampeppy	deepamp_species_gramneg	classification	11101	11101	1.0	0.6753812506237907	0.7637377223254579	0.6433363148479427	0.19840776215947256	0.9395819725669498	0.8015922378405275	0.9383180899060904	0.8351819314620416	1.0	0.7695151448319268	0.5874676115228057	100.0	11101.0	3062.0	8039.0	4472.0	0.0				
amplify	deepamp_species_gramneg	classification	11101	11101	1.0	0.7994282009214703	0.853860695070525	0.7695937090432503	0.10934195795496952	0.9588504245591117	0.8906580420450305	0.9577098386060313	0.8478490449766054	0.97	0.8016412871161096	0.5468664168001734	100.0	11101.0	3062.0	8039.0	3815.0	0.0				
ampredictor	deepamp_species_gramneg	classification	11048	11101	0.9952256553463652	0.4164550961596813	0.6189824945295405	0.4556070062411919	0.5517241379310345	0.9650319829424308	0.4482758620689655	0.7713178068615734	0.5754332243297724	0.73	0.5882118510759474	0.5099758713544018	100.0	7246.0	2345.0	4901.0	4967.0	0.0				
ampredmfa	deepamp_species_gramneg	classification	11101	11101	1.0	0.3214774777300217	0.5217915590008613	0.3543518951801591	0.6865281751461625	0.9892227302416721	0.31347182485383757	0.7988907196294615	0.5568570464448708	0.64	0.5989224390592987	0.5133337853915315	100.0	11101.0	3062.0	8039.0	8548.0	0.0				
ampscanner	deepamp_species_gramneg	classification	10283	11101	0.9263129447797496	0.468256177935568	0.6177520071364853	0.45536741739273384	0.447823736144904	0.9601386481802426	0.552176263855096	0.8346420621433588	0.5740260720218912	0.26	0.5802958043642787	0.5076711743012314	100.0	10283.0	2885.0	7398.0	6083.0	0.0				
apex-abaumannii	deepamp_species_gramneg	classification	11008	11101	0.9916223763624898	0.46666170172757465	0.4305901911886949	0.9452554744525548	0.004018754186202277	0.27879440258342303	0.9959812458137978	0.7757607983290519	0.5664500678994866	0.97	0.6563676019031347	0.6199389996253175	100.0	9323.0	1858.0	7465.0	548.0	0.0				
apex-ecoli	deepamp_species_gramneg	classification	11008	11101	0.9916223763624898	0.3616247764675249	0.28343500703894886	0.9617834394904459	0.001589825119236884	0.16620803522289487	0.9984101748807631	0.7558890027325393	0.48140042235351294	0.97	0.6041748532245064	0.578359522939817	100.0	9365.0	1817.0	7548.0	314.0	0.0				
apex-kpneumoniae	deepamp_species_gramneg	classification	11008	11101	0.9916223763624898	0.07282846987344395	0.016170212765957447	0.9047619047619048	0.0002628811777076761	0.008158007728638901	0.9997371188222923	0.7566760418966453	0.404733998529064	0.48	0.5260481854527351	0.5063555101338033	100.0	9937.0	2329.0	7608.0	21.0	0.0				
apex-min	deepamp_species_gramneg	classification	11008	11101	0.9916223763624898	0.6227981150776221	0.6649952992792229	0.8968723584108199	0.019623612674923598	0.5283864541832669	0.9803763873250764	0.8652649335102888	0.7456075054835231	0.98	0.7516977711092088	0.61427432561557	100.0	8225.0	2008.0	6217.0	1183.0	0.0				
apex-paeruginosa	deepamp_species_gramneg	classification	11008	11101	0.9916223763624898	0.1053234045594642	0.0327395281656235	0.8947368421052632	0.0005234231876472127	0.016674840608141245	0.9994765768123528	0.7286073875573915	0.37451568031963933	0.62	0.5400682030911421	0.5125109846472556	100.0	9681.0	2039.0	7642.0	38.0	0.0				
apex-saureus	deepamp_species_gramneg	classification	11008	11101	0.9916223763624898	0.12370440406643268	0.05518945634266886	0.8072289156626506	0.0020868657884439805	0.02857142857142857	0.997913134211556	0.7530382891482701	0.4199185324735398	0.75	0.5371698598184909	0.5133946432657165	100.0	10012.0	2345.0	7667.0	83.0	0.0				
deep-amp-cnn-gramneg	deepamp_species_gramneg	classification	11003	11101	0.9911719664895055	0.8934047416990233	0.9184849732400164	0.9295833333333333	0.021583652618135378	0.9076484947111473	0.9784163473818647	0.9822900592014814	0.9499642905010561	0.98	0.9453437908779849	0.729484097347657	100.0	10288.0	2458.0	7830.0	2400.0	0.0				
deep-amp-cnn-grampos	deepamp_species_gramneg	classification	11003	11101	0.9911719664895055	0.8821370377539098	0.9115479115479116	0.8554018445322793	0.056441244535870405	0.9755822689706988	0.9435587554641296	0.9707437842658182	0.8505545166502358	0.68	0.8622993535434924	0.521219337446631	100.0	10440.0	2662.0	7778.0	3036.0	0.0				
deep-amp-lstm-gramneg	deepamp_species_gramneg	classification	11003	11101	0.9911719664895055	0.8322990114574431	0.8710078805474907	0.8864499788940481	0.033857772183763374	0.8560945780676722	0.9661422278162366	0.9649651587029356	0.8809040214942776	0.92	0.8891095897227116	0.5848257199262636	100.0	10398.0	2453.0	7945.0	2369.0	0.0				
deep-amp-lstm-grampos	deepamp_species_gramneg	classification	11003	11101	0.9911719664895055	0.8687891096210618	0.8954203691045797	0.9419942473633749	0.015197186636523486	0.8532349109856708	0.9848028133634765	0.9796868931157259	0.9252662661170156	0.92	0.9381098198939191	0.6549298557342593	100.0	10265.0	2303.0	7962.0	2086.0	0.0				
example-model	deepamp_species_gramneg	classification	11101	11101	1.0	0.009090718026515622	0.36040018613308517	0.2799060354174196	0.4957084214454534	0.5058785107772698	0.5042915785545465	0.49968970667083534	0.27652090919551964	0.34	0.5001558736372805	0.500862839329146	100.0	11101.0	3062.0	8039.0	5534.0	0.0				
hydramp-amp-classifier	deepamp_species_gramneg	classification	5273	11101	0.4750022520493649	0.585315933334641	0.7663003663003664	0.6372220530003045	0.3846899224806202	0.9609554432705558	0.6153100775193798	0.9141588743725512	0.8538760843239422	0.84	0.732535056577609	0.5288447712754245	100.0	5273.0	2177.0	3096.0	3283.0	0.0				
hydramp-mic-classifier	deepamp_species_gramneg	classification	5273	11101	0.4750022520493649	0.9409225258646733	0.9654859218891917	0.954647507858105	0.032622739018087855	0.9765732659623335	0.9673772609819121	0.9886695711211526	0.9821664752834299	1.0	0.9606212245387016	0.7414638387862393	100.0	5273.0	2177.0	3096.0	2227.0	0.0				
mbc-attention	deepamp_species_gramneg	classification	11001	11101	0.9909918025403117	0.6287092391349983	0.7450375794950858	0.6179667519181585	0.25865800865800864	0.9378942261038331	0.7413419913419913	0.8986842851471672	0.7833629360012411	0.96	0.7071905426306713	0.5563598863943381	100.0	6681.0	2061.0	4620.0	3128.0	0.0				
mole-amp	deepamp_species_gramneg	classification	11101	11101	1.0	0.0	0.0	0.0	0.0	0.0	1.0	0.5	0.27583100621565626	0.14	0.5	0.5	100.0	11101.0	3062.0	8039.0	0.0	0.0				
sensexamp-classifier	deepamp_species_gramneg	classification	5195	11101	0.46797585803080805	0.47774970575818687	0.7134463656202786	0.5608339931380312	0.5497191939213742	0.9801660516605166	0.4502808060786257	0.9273617699011479	0.891512634775601	0.98	0.7745933167171639	0.5678672408128925	100.0	5195.0	2168.0	3027.0	3789.0	0.0				
sensexamp-ecoli	deepamp_species_gramneg	classification	5195	11101	0.46797585803080805	0.8314513443362608	0.8950898846257043	0.9439728353140917	0.035044247787610616	0.8510204081632653	0.9649557522123894	0.943375293480224	0.9424478532807721	1.0	0.8951498531410702	0.7164642972855972	100.0	4785.0	1960.0	2825.0	1767.0	0.0				
sensexamp-saureus	deepamp_species_gramneg	classification	5195	11101	0.46797585803080805	0.7271564385326105	0.8068006182380216	0.9375	0.029511533242876527	0.7080846446011937	0.9704884667571235	0.8819930707042896	0.8770764198494597	0.97	0.8291083970108103	0.6149606546852371	100.0	4791.0	1843.0	2948.0	1392.0	0.0				
ampeppy	deepamp_species_grampos	classification	10816	10816	1.0	0.6720236833188549	0.7528105877330298	0.6241151486550259	0.19845521365391802	0.9483685908927931	0.801544786346082	0.9433549677690074	0.8353857354172922	0.98	0.7815245167269473	0.5963081378007685	100.0	10816.0	2789.0	8027.0	4238.0	0.0				
amplify	deepamp_species_grampos	classification	10815	10816	0.9999075443786982	0.7963122839255851	0.8466855168080427	0.7534246575342466	0.10989284824320956	0.9662961634994621	0.8901071517567904	0.9589536989724236	0.8357467822784896	0.95	0.803644068159659	0.5446741331437426	100.0	10815.0	2789.0	8026.0	3577.0	0.0				
ampredictor	deepamp_species_grampos	classification	10777	10816	0.9963942307692307	0.35993312869591426	0.5640791476407915	0.40387968613775066	0.5614863477725313	0.9349142280524723	0.4385136522274687	0.7468313155496574	0.5038963244416645	0.65	0.5762082952125102	0.506853305190709	100.0	6853.0	1982.0	4871.0	4588.0	0.0				
ampredmfa	deepamp_species_grampos	classification	10815	10816	0.9999075443786982	0.31117472522435846	0.49873326094824466	0.33353503570131915	0.6861450286568652	0.9881678020795984	0.31385497134313484	0.8135302379135861	0.5544799389544898	0.74	0.606754271804437	0.5134416646501249	100.0	10815.0	2789.0	8026.0	8263.0	0.0				
ampscanner	deepamp_species_grampos	classification	9987	10816	0.9233542899408284	0.46170208536348456	0.5974857685009488	0.43244635193133046	0.4479674796747967	0.9662447257383966	0.5520325203252032	0.8432443452742928	0.5631313664427179	0.32	0.5859112002488702	0.5082069484097966	100.0	9987.0	2607.0	7380.0	5825.0	0.0				
apex-abaumannii	deepamp_species_grampos	classification	10745	10816	0.993435650887574	0.5081489655770361	0.4815481548154815	0.9402460456942003	0.004564371056517654	0.323653962492438	0.9954356289434824	0.7885013128596904	0.5815230623381454	0.97	0.6771708478822827	0.6363631099773208	100.0	9102.0	1653.0	7449.0	569.0	0.0				
apex-ecoli	deepamp_species_grampos	classification	10745	10816	0.993435650887574	0.3872378595114281	0.31704781704781704	0.9442724458204335	0.002390438247011952	0.1905059337913804	0.9976095617529881	0.7634479778159898	0.4823608408255425	0.98	0.617486746746099	0.5861504322583093	100.0	9131.0	1601.0	7530.0	323.0	0.0				
apex-kpneumoniae	deepamp_species_grampos	classification	10745	10816	0.993435650887574	0.0890272528860532	0.024880382775119617	0.8666666666666667	0.0005267316302343956	0.01262135922330097	0.9994732683697656	0.7610687793889401	0.39017801644464345	0.48	0.5315999951014228	0.5078452033982144	100.0	9654.0	2060.0	7594.0	30.0	0.0				
apex-min	deepamp_species_grampos	classification	10745	10816	0.993435650887574	0.6565724089286539	0.6990861618798956	0.8947368421052632	0.020289855072463767	0.5736475629351901	0.9797101449275363	0.8735858934783041	0.7574139060296001	0.95	0.7703826180107589	0.6283297535488955	100.0	8077.0	1867.0	6210.0	1197.0	0.0				
apex-paeruginosa	deepamp_species_grampos	classification	10745	10816	0.993435650887574	0.11089178100220995	0.03995793901156677	0.8260869565217391	0.001051110235185915	0.020474137931034482	0.9989488897648141	0.7358456906745682	0.36058133481153176	0.62	0.5385891274354317	0.5127726809510471	100.0	9467.0	1856.0	7611.0	46.0	0.0				
apex-saureus	deepamp_species_grampos	classification	10745	10816	0.993435650887574	0.19165261316241444	0.10298850574712644	0.896	0.0016966849386583138	0.054634146341463415	0.9983033150613417	0.7649406319435159	0.42989629413542774	0.9	0.5509562722054291	0.5258478793749739	100.0	9712.0	2050.0	7662.0	125.0	0.0				
deep-amp-cnn-gramneg	deepamp_species_grampos	classification	10740	10816	0.9929733727810651	0.9494221361508348	0.9615695792880259	0.9527054108216433	0.015134025907400282	0.9706002449979584	0.9848659740925997	0.9914556032455448	0.9764489160864696	0.99	0.9736295705610193	0.8276624701433954	100.0	10246.0	2449.0	7797.0	2495.0	0.0				
deep-amp-cnn-grampos	deepamp_species_grampos	classification	10740	10816	0.9929733727810651	0.8617966826814668	0.8932837282161739	0.8324817518248175	0.0589216944801027	0.9636670891423743	0.9410783055198974	0.9639934638289749	0.8078593242318238	0.58	0.8419608033540706	0.5126547132539305	100.0	10157.0	2367.0	7790.0	2740.0	0.0				
deep-amp-lstm-gramneg	deepamp_species_grampos	classification	10740	10816	0.9929733727810651	0.9098826181428024	0.930684874818953	0.9086868686868687	0.02849218356026223	0.953774385072095	0.9715078164397378	0.9795681122450071	0.9092598060034095	0.91	0.9202611285701239	0.5970091080013781	100.0	10290.0	2358.0	7932.0	2475.0	0.0				
deep-amp-lstm-grampos	deepamp_species_grampos	classification	10740	10816	0.9929733727810651	0.8069236330742005	0.8402246043899949	0.9221288515406163	0.017508502330268294	0.7716830754805438	0.9824914976697317	0.9627806657739005	0.8800426996901183	0.89	0.9010670454052155	0.6145239400616642	100.0	10072.0	2133.0	7939.0	1785.0	0.0				
example-model	deepamp_species_grampos	classification	10816	10816	1.0	0.01540188039243052	0.34929920780012186	0.2645864106351551	0.4962003239068145	0.5138042309071352	0.5037996760931855	0.5008794940596462	0.26142133349079044	0.36	0.5009745620448106	0.5019094295273948	100.0	10816.0	2789.0	8027.0	5416.0	0.0				
hydramp-amp-classifier	deepamp_species_grampos	classification	5155	10816	0.4766087278106509	0.5944613035604775	0.7658203865100417	0.6325508607198748	0.3821614583333333	0.9702352376380221	0.6178385416666666	0.9267306987868059	0.8778935865555556	0.9	0.7663131199676159	0.5556001962826616	100.0	5155.0	2083.0	3072.0	3195.0	0.0				
hydramp-mic-classifier	deepamp_species_grampos	classification	5155	10816	0.4766087278106509	0.7954473688307895	0.8716130665991391	0.9222936763129689	0.047200520833333336	0.8262121939510322	0.9527994791666666	0.9614425808129301	0.9417912073400828	0.99	0.8678726918675409	0.6451742266199778	100.0	5155.0	2083.0	3072.0	1866.0	0.0				
mbc-attention	deepamp_species_grampos	classification	10729	10816	0.9919563609467456	0.5576912612068106	0.6919127086007703	0.5715800636267232	0.2644555967706742	0.8764227642276423	0.7355444032293258	0.8660008384940932	0.7212494748861445	0.92	0.681004193621986	0.5446464972677537	100.0	6428.0	1845.0	4583.0	2829.0	0.0				
mole-amp	deepamp_species_grampos	classification	10816	10816	1.0	0.0	0.0	0.0	0.0	0.0	1.0	0.5	0.2578587278106509	0.14	0.5	0.5	100.0	10816.0	2789.0	8027.0	0.0	0.0				
sensexamp-classifier	deepamp_species_grampos	classification	5073	10816	0.46902736686390534	0.4818780208956645	0.7094418362023995	0.554800108784335	0.5458486162054018	0.9836065573770492	0.4541513837945982	0.9346848338710139	0.8901976059574177	0.96	0.7824551035020775	0.5541425251683059	100.0	5073.0	2074.0	2999.0	3677.0	0.0				
sensexamp-ecoli	deepamp_species_grampos	classification	5073	10816	0.46902736686390534	0.8251975986828123	0.8895348837209303	0.9222423146473779	0.04563141139016626	0.8590679393599102	0.9543685886098338	0.9419248138041629	0.9245789754378759	1.0	0.867139233240305	0.6281580079035931	100.0	4608.0	1781.0	2827.0	1659.0	0.0				
sensexamp-saureus	deepamp_species_grampos	classification	5073	10816	0.46902736686390534	0.8281944129617808	0.8831874434047691	0.9663143989431968	0.017394270122783082	0.8132295719844358	0.982605729877217	0.9149874456553473	0.9187269923134977	0.99	0.8904328146689442	0.687134944515482	100.0	4731.0	1799.0	2932.0	1514.0	0.0				
ampeppy	example_classification	classification	20	20	1.0	0.5	0.7692307692307693	0.625	0.6	1.0	0.4	1.0	1.0	0.5	1.0	1.0	100.0	20.0	10.0	10.0	16.0	0.0				
amplify	example_classification	classification	20	20	1.0	0.816496580927726	0.9090909090909091	0.8333333333333334	0.2	1.0	0.8	1.0	0.9999999999999999	0.5	1.0	1.0	100.0	20.0	10.0	10.0	12.0	0.0				
ampredictor	example_classification	classification	20	20	1.0	0.3535533905932738	0.72	0.5625	0.7777777777777778	1.0	0.2222222222222222	0.43209876543209874	0.475422262922263	0.5	0.47368421052631576	0.49748743718592964	100.0	18.0	9.0	9.0	16.0	0.0				
ampredmfa	example_classification	classification	20	20	1.0	0.420084025208403	0.7407407407407407	0.5882352941176471	0.7	1.0	0.3	0.86	0.8636002886002885	0.5	0.7368421052631579	0.7035175879396985	100.0	20.0	10.0	10.0	17.0	0.0				
ampscanner	example_classification	classification	20	20	1.0	0.6546536707079772	0.8333333333333334	0.7142857142857143	0.4	1.0	0.6	0.9400000000000001	0.9514285714285714	0.5	0.8421052631578947	0.8492462311557789	100.0	20.0	10.0	10.0	14.0	0.0				
apex-abaumannii	example_classification	classification	20	20	1.0	0.0	0.0	0.0	0.0	0.0	1.0	0.8375	0.8625	0.4444444444444444	0.8026315789473684	0.8115577889447236	100.0	18.0	8.0	10.0	0.0	0.0				
apex-ecoli	example_classification	classification	20	20	1.0	0.0	0.0	0.0	0.0	0.0	1.0	0.8666666666666667	0.891919191919192	0.47368421052631576	0.8245614035087718	0.8324958123953099	100.0	19.0	9.0	10.0	0.0	0.0				
apex-kpneumoniae	example_classification	classification	20	20	1.0	0.0	0.0	0.0	0.0	0.0	1.0	0.8500000000000001	0.9003588516746411	0.5	0.8421052631578947	0.8492462311557789	100.0	20.0	10.0	10.0	0.0	0.0				
apex-min	example_classification	classification	20	20	1.0	0.2988071523335984	0.25	1.0	0.0	0.14285714285714285	1.0	0.8428571428571427	0.8761904761904762	0.4117647058823529	0.849624060150376	0.8564249820531228	100.0	17.0	7.0	10.0	1.0	0.0				
apex-paeruginosa	example_classification	classification	20	20	1.0	0.0	0.0	0.0	0.0	0.0	1.0	0.8799999999999999	0.923338649654439	0.5	0.8421052631578947	0.8492462311557789	100.0	20.0	10.0	10.0	0.0	0.0				
apex-saureus	example_classification	classification	20	20	1.0	0.0	0.0	0.0	0.0	0.0	1.0	0.86	0.8916013071895424	0.5	0.7894736842105263	0.7989949748743719	100.0	20.0	10.0	10.0	0.0	0.0				
deep-amp-cnn-gramneg	example_classification	classification	20	20	1.0	1.0	1.0	1.0	0.0	1.0	1.0	1.0	1.0	0.375	1.0	1.0	100.0	16.0	6.0	10.0	6.0	0.0				
deep-amp-cnn-grampos	example_classification	classification	20	20	1.0	0.8874119674649423	0.9333333333333333	1.0	0.0	0.875	1.0	0.9583333333333334	0.9659090909090909	0.47058823529411764	0.9342105263157895	0.9371859296482412	100.0	17.0	8.0	9.0	7.0	0.0				
deep-amp-lstm-gramneg	example_classification	classification	20	20	1.0	0.8827348295047495	0.9230769230769231	1.0	0.0	0.8571428571428571	1.0	1.0	1.0	0.4117647058823529	1.0	1.0	100.0	17.0	7.0	10.0	6.0	0.0				
deep-amp-lstm-grampos	example_classification	classification	20	20	1.0	0.8528028654224417	0.8888888888888888	1.0	0.0	0.8	1.0	1.0	1.0	0.3333333333333333	1.0	1.0	100.0	15.0	5.0	10.0	4.0	0.0				
example-model	example_classification	classification	20	20	1.0	-0.10050378152592121	0.42105263157894735	0.4444444444444444	0.5	0.4	0.5	0.5599999999999999	0.6267848766300778	0.5	0.5263157894736842	0.5477386934673367	100.0	20.0	10.0	10.0	9.0	0.0				
hydramp-amp-classifier	example_classification	classification	7	20	0.35	1.0	1.0	1.0	0.0	1.0	1.0	1.0	1.0	0.8571428571428571	1.0	1.0	100.0	7.0	6.0	1.0	6.0	0.0				
hydramp-mic-classifier	example_classification	classification	7	20	0.35	0.6454972243679028	0.9090909090909091	1.0	0.0	0.8333333333333334	1.0	1.0	1.0	0.8571428571428571	1.0	1.0	100.0	7.0	6.0	1.0	5.0	0.0				
mbc-attention	example_classification	classification	20	20	1.0	0.7083333333333334	0.875	0.875	0.16666666666666666	0.875	0.8333333333333334	0.8541666666666666	0.9184409340659341	0.5714285714285714	0.8026315789473684	0.8115577889447236	100.0	14.0	8.0	6.0	8.0	0.0				
mole-amp	example_classification	classification	20	20	1.0	0.0	0.0	0.0	0.0	0.0	1.0	0.5	0.5	0.5	0.5	0.5	100.0	20.0	10.0	10.0	0.0	0.0				
sensexamp-classifier	example_classification	classification	7	20	0.35	0.0	0.9230769230769231	0.8571428571428571	1.0	1.0	0.0	1.0	1.0	0.8571428571428571	1.0	1.0	100.0	7.0	6.0	1.0	7.0	0.0				
sensexamp-ecoli	example_classification	classification	7	20	0.35	0.47140452079103173	0.8	1.0	0.0	0.6666666666666666	1.0	1.0	1.0	0.8571428571428571	1.0	1.0	100.0	7.0	6.0	1.0	4.0	0.0				
sensexamp-saureus	example_classification	classification	7	20	0.35	0.2581988897471611	0.5	1.0	0.0	0.3333333333333333	1.0	0.6666666666666666	0.9484126984126984	0.8571428571428571	0.8245614035087718	0.8324958123953099	100.0	7.0	6.0	1.0	2.0	0.0				
ampeppy	gram_minus	classification	4012	4012	1.0	0.20901933706528397	0.8439253753981496	0.7609409190371991	0.8130232558139535	0.9472250595846101	0.1869767441860465	0.6369758731817786	0.7959063595863323	0.77	0.5060065954610259	0.5041482921174034	100.0	4012.0	2937.0	1075.0	3656.0	0.0				
amplify	gram_minus	classification	4012	4012	1.0	0.2318411015572293	0.8511530398322851	0.7596899224806202	0.8362790697674418	0.9676540687776642	0.16372093023255813	0.6765796454220807	0.8176269278728219	0.84	0.5168345537811796	0.5031714463075606	100.0	4012.0	2937.0	1075.0	3741.0	0.0				
ampredictor	gram_minus	classification	4008	4012	0.9990029910269193	0.6468812659965004	0.9370777027027027	0.9012997562956946	0.42408376963350786	0.9758135444151276	0.5759162303664922	0.8233678843163711	0.9321214555808007	0.97	0.5887327070387015	0.5206600569127192	100.0	2847.0	2274.0	573.0	2462.0	0.0				
ampredmfa	gram_minus	classification	4012	4012	1.0	0.035302935999434557	0.8444316047956089	0.7333166081284496	0.9888372093023255	0.9952332311882873	0.011162790697674419	0.5573223745159988	0.7649496780551083	0.84	0.5083597656039998	0.5007981685752563	100.0	4012.0	2937.0	1075.0	3986.0	0.0				
ampscanner	gram_minus	classification	3656	4012	0.9112662013958126	0.2206452820484461	0.8460521968946151	0.7539005004415661	0.8368368368368369	0.9638690252164095	0.16316316316316315	0.6855526960908971	0.8210859981116703	0.85	0.5249552954820075	0.5023826664028047	100.0	3656.0	2657.0	999.0	3397.0	0.0				
apex-abaumannii	gram_minus	classification	3992	4012	0.9950149551345963	0.3384207182461468	0.561936402467964	0.9107692307692308	0.07891156462585033	0.40631434454358273	0.9210884353741496	0.6852856722647879	0.8211178533142481	0.93	0.603735291754241	0.5157363911616595	100.0	2192.0	1457.0	735.0	650.0	0.0				
apex-ecoli	gram_minus	classification	3992	4012	0.9950149551345963	0.26625204609414915	0.3622508792497069	0.9478527607361963	0.022818791946308724	0.22391304347826088	0.9771812080536912	0.6438702460850111	0.793066756846624	0.96	0.5995218568744592	0.5345734606306506	100.0	2125.0	1380.0	745.0	326.0	0.0				
apex-kpneumoniae	gram_minus	classification	3992	4012	0.9950149551345963	0.035926751710553595	0.013568521031207599	0.9375	0.001128668171557562	0.00683371298405467	0.9988713318284425	0.5367395630331607	0.7401520352819704	0.75	0.508066303605649	0.5031229616926708	100.0	3081.0	2195.0	886.0	16.0	0.0				
apex-min	gram_minus	classification	3992	4012	0.9950149551345963	0.3639136528071668	0.8067520372526193	0.8738965952080706	0.34305317324185247	0.7491891891891892	0.6569468267581475	0.7514125446200918	0.8950062878190101	0.95	0.585207722844267	0.5144220476542464	100.0	2433.0	1850.0	583.0	1586.0	0.0				
apex-paeruginosa	gram_minus	classification	3992	4012	0.9950149551345963	0.10626994331709581	0.06024808033077377	1.0	0.0	0.031059683313032885	1.0	0.5835487324615531	0.730738134741836	0.93	0.5429719585844089	0.5208465692602104	100.0	2551.0	1642.0	909.0	51.0	0.0				
apex-saureus	gram_minus	classification	3992	4012	0.9950149551345963	-0.0103810394765872	0.03832116788321168	0.6666666666666666	0.022950819672131147	0.01972757162987318	0.9770491803278688	0.5336038623536026	0.7191096270382833	0.71	0.50652702257457	0.498300007069358	100.0	3044.0	2129.0	915.0	63.0	0.0				
deep-amp-cnn-gramneg	gram_minus	classification	3982	4012	0.9925224327018943	0.3981964930391336	0.8825735149003355	0.8306092124814265	0.6221009549795361	0.9414736842105264	0.37789904502046384	0.7496603719393983	0.8896423766533216	0.96	0.5734867145605091	0.5142577250436862	100.0	3108.0	2375.0	733.0	2692.0	0.0				
deep-amp-cnn-grampos	gram_minus	classification	3982	4012	0.9925224327018943	0.2907721464023104	0.8795220710255559	0.8023009385407206	0.8012269938650307	0.9731913330885054	0.19877300613496932	0.640625978654903	0.820296191555044	0.77	0.5063174045321956	0.49920154270402367	100.0	3538.0	2723.0	815.0	3303.0	0.0				
deep-amp-lstm-gramneg	gram_minus	classification	3982	4012	0.9925224327018943	0.28430416289512705	0.8187863674147964	0.8024439918533605	0.5626450116009281	0.8358082308018667	0.43735498839907194	0.6680057527215669	0.8149653541874777	0.81	0.5239327071047893	0.49924547209428005	100.0	3219.0	2357.0	862.0	2455.0	0.0				
deep-amp-lstm-grampos	gram_minus	classification	3982	4012	0.9925224327018943	0.4450187444885157	0.8493837476498851	0.8506276150627615	0.40202702702702703	0.8481435127242386	0.597972972972973	0.7532642154043907	0.8650578066816441	0.95	0.5459636897947945	0.5156790994553021	100.0	3285.0	2397.0	888.0	2390.0	0.0				
example-model	gram_minus	classification	4012	4012	1.0	-0.006691678297362553	0.594758064516129	0.7291151754819575	0.5097674418604651	0.5022131426625809	0.49023255813953487	0.4946610605664695	0.734432848047155	0.75	0.5023898440068864	0.5001653077766596	100.0	4012.0	2937.0	1075.0	2023.0	0.0				
hydramp-amp-classifier	gram_minus	classification	3388	4012	0.8444666001994018	0.22137392177237092	0.8421052631578947	0.7554980595084088	0.8111587982832618	0.9511400651465798	0.1888412017167382	0.6792192808013309	0.8276778870197754	0.89	0.5442768648705125	0.504514706313157	100.0	3388.0	2456.0	932.0	3092.0	0.0				
hydramp-mic-classifier	gram_minus	classification	3388	4012	0.8444666001994018	0.6218833927190878	0.8908224570126373	0.906790383804302	0.2371244635193133	0.8754071661237784	0.7628755364806867	0.8729137104891586	0.9330186968024381	0.95	0.6668395612796513	0.5180607466179931	100.0	3388.0	2456.0	932.0	2371.0	0.0				
mbc-attention	gram_minus	classification	3999	4012	0.9967597208374875	0.6939928564197149	0.9365663563541892	0.9103535353535354	0.3271889400921659	0.9643334819438253	0.6728110599078341	0.8842817353596408	0.9550652699867158	1.0	0.6732057806201321	0.5610530688882192	100.0	2894.0	2243.0	651.0	2376.0	0.0				
mole-amp	gram_minus	classification	4012	4012	1.0	0.0	0.0	0.0	0.0	0.0	1.0	0.5	0.7320538384845464	0.0	0.5	0.5	100.0	4012.0	2937.0	1075.0	0.0	0.0				
sensexamp-classifier	gram_minus	classification	3382	4012	0.8429710867397806	0.17031337730599685	0.8450261780104712	0.7385600976205003	0.921505376344086	0.9873572593800979	0.07849462365591398	0.7217494167587575	0.8618450618016784	0.96	0.5727198198622379	0.5193761171977518	100.0	3382.0	2452.0	930.0	3278.0	0.0				
sensexamp-ecoli	gram_minus	classification	3382	4012	0.8429710867397806	0.5138225589699984	0.886184681460272	0.8868194842406877	0.37089201877934275	0.8855507868383404	0.6291079812206573	0.8250559895162849	0.9307804156255997	0.98	0.637722033944107	0.5324162535220343	100.0	2736.0	2097.0	639.0	2094.0	0.0				
sensexamp-saureus	gram_minus	classification	3382	4012	0.8429710867397806	0.4017016220737829	0.7668782458165032	0.8865910607071381	0.22818791946308725	0.6756481952211489	0.7718120805369127	0.7468955893040539	0.8755907214209588	0.95	0.5738372657862143	0.5196020157700709	100.0	2712.0	1967.0	745.0	1499.0	0.0				
ampeppy	gram_plus	classification	3200	3200	1.0	0.24013765094372683	0.7978382706164932	0.6797407912687585	0.8265845070422535	0.9656007751937985	0.17341549295774647	0.6458335465798667	0.7286547571941493	0.78	0.5130540100045397	0.5034984090394103	100.0	3200.0	2064.0	1136.0	2932.0	0.0				
amplify	gram_plus	classification	3199	3200	0.9996875	0.19596869559247143	0.7931306750888275	0.6692205196535643	0.8748898678414097	0.9733527131782945	0.12511013215859032	0.6331470050882764	0.709376081043599	0.58	0.5035877763638684	0.49899730394317354	100.0	3199.0	2064.0	1135.0	3002.0	0.0				
ampredictor	gram_plus	classification	3196	3200	0.99875	0.3512564807441574	0.8510762070971495	0.7663698271346254	0.7101910828025477	0.9568345323741008	0.2898089171974522	0.6363396833199334	0.767743172511345	0.74	0.5086381143462397	0.5001082989483039	100.0	2157.0	1529.0	628.0	1909.0	0.0				
ampredmfa	gram_plus	classification	3199	3200	0.9996875	0.07523666752758365	0.7858913250714966	0.6479094624331971	0.986784140969163	0.998546511627907	0.013215859030837005	0.5740465884642967	0.6798042377974244	0.78	0.5006386858245794	0.500060980053603	100.0	3199.0	2064.0	1135.0	3181.0	0.0				
ampscanner	gram_plus	classification	2844	3200	0.88875	0.20246064566012617	0.7830592475782834	0.6563444108761329	0.8641975308641975	0.9704075935231714	0.13580246913580246	0.669437193353069	0.7407859727047393	0.71	0.5267520583735203	0.5025542166286275	100.0	2844.0	1791.0	1053.0	2648.0	0.0				
apex-abaumannii	gram_plus	classification	3186	3200	0.995625	0.3797551044514727	0.6227692307692307	0.8590831918505942	0.12063953488372094	0.48841698841698844	0.8793604651162791	0.7148693544042382	0.7910738439474813	0.86	0.5899145451624032	0.5135589729197302	100.0	1724.0	1036.0	688.0	589.0	0.0				
apex-ecoli	gram_plus	classification	3186	3200	0.995625	0.34064709259289655	0.46355446355446356	0.909967845659164	0.039886039886039885	0.310989010989011	0.9601139601139601	0.6674352712814251	0.7567489668494065	0.95	0.6194414372552024	0.53910940381756	100.0	1612.0	910.0	702.0	311.0	0.0				
apex-kpneumoniae	gram_plus	classification	3186	3200	0.995625	0.059060014553774236	0.022487702037947997	0.9411764705882353	0.001088139281828074	0.011379800853485065	0.998911860718172	0.5704202570361439	0.6526965090102714	0.65	0.5068811347344861	0.5043131491509341	100.0	2325.0	1406.0	919.0	17.0	0.0				
apex-min	gram_plus	classification	3186	3200	0.995625	0.3492998950747414	0.7949275362318841	0.792057761732852	0.45	0.7978181818181819	0.55	0.7329931818181817	0.8400362466954006	0.9	0.5749401913875598	0.5105413430790315	100.0	2015.0	1375.0	640.0	1385.0	0.0				
apex-paeruginosa	gram_plus	classification	3186	3200	0.995625	0.09679250412507621	0.058419243986254296	0.918918918918919	0.003575685339690107	0.030168589174800354	0.9964243146603099	0.5881901913483432	0.6516223220512327	0.73	0.5231979815543196	0.5104956979603125	100.0	1966.0	1127.0	839.0	37.0	0.0				
apex-saureus	gram_plus	classification	3186	3200	0.995625	0.14736942613087278	0.1168091168091168	0.9425287356321839	0.005170630816959669	0.06226271829916477	0.9948293691830403	0.6084273822788309	0.6808284945300196	0.89	0.5365248459524786	0.5228044561820313	100.0	2284.0	1317.0	967.0	87.0	0.0				
deep-amp-cnn-gramneg	gram_plus	classification	3177	3200	0.9928125	0.46017220635552936	0.8780014552510308	0.8037300177619894	0.6242937853107344	0.9673971138428648	0.3757062146892655	0.807201502565171	0.8980029834202562	0.96	0.6039539917290895	0.5125491423029627	100.0	2579.0	1871.0	708.0	2252.0	0.0				
deep-amp-cnn-grampos	gram_plus	classification	3177	3200	0.9928125	0.16970082294765806	0.8045313194135939	0.6928079571537873	0.866235167206041	0.9592161016949152	0.133764832793959	0.5917010632073575	0.7129309726595667	0.66	0.4998427827288588	0.5001846533602318	100.0	2815.0	1888.0	927.0	2614.0	0.0				
deep-amp-lstm-gramneg	gram_plus	classification	3177	3200	0.9928125	0.40495117963128935	0.8278481012658228	0.7611731843575419	0.558215451577802	0.9073251942286349	0.44178454842219805	0.7169871705842499	0.8009118812040276	0.89	0.5406655746076511	0.5070634804031061	100.0	2721.0	1802.0	919.0	2148.0	0.0				
deep-amp-lstm-grampos	gram_plus	classification	3177	3200	0.9928125	0.26740881581247544	0.761168384879725	0.7383333333333333	0.5268456375838926	0.7854609929078015	0.47315436241610737	0.6757342091484602	0.7721210384828165	0.78	0.5363418462541395	0.5028014236221487	100.0	2586.0	1692.0	894.0	1800.0	0.0				
example-model	gram_plus	classification	3200	3200	1.0	-0.011082608365813451	0.5572873940388297	0.6396735718769617	0.5052816901408451	0.4937015503875969	0.49471830985915494	0.49373119165574847	0.6456291822981097	0.66	0.5022749140189977	0.5002860032502287	100.0	3200.0	2064.0	1136.0	1593.0	0.0				
hydramp-amp-classifier	gram_plus	classification	2719	3200	0.8496875	0.22369563499864648	0.8079869979103784	0.6962785114045619	0.8331503841931943	0.9623893805309734	0.1668496158068057	0.745008159855454	0.8394382457994629	0.93	0.5783765524048311	0.5209120520274259	100.0	2719.0	1808.0	911.0	2499.0	0.0				
hydramp-mic-classifier	gram_plus	classification	2719	3200	0.8496875	0.40494285798179463	0.8102425876010781	0.7902208201892744	0.43798024149286496	0.8313053097345132	0.562019758507135	0.7529722152064734	0.8250785424518436	0.81	0.5583037265896252	0.5024592084110361	100.0	2719.0	1808.0	911.0	1902.0	0.0				
mbc-attention	gram_plus	classification	3186	3200	0.995625	0.4193922234134532	0.839851024208566	0.7674418604651163	0.5790960451977402	0.9273474982864977	0.4209039548022599	0.7113290582900602	0.8065476625934349	0.88	0.5439006142113803	0.5162205236285866	100.0	2167.0	1459.0	708.0	1763.0	0.0				
mole-amp	gram_plus	classification	3200	3200	1.0	0.0	0.0	0.0	0.0	0.0	1.0	0.5	0.645	0.0	0.5	0.5	100.0	3200.0	2064.0	1136.0	0.0	0.0				
sensexamp-classifier	gram_plus	classification	2705	3200	0.8453125	0.15145189432634093	0.803178206583428	0.6785577291906406	0.9239250275633958	0.9838709677419355	0.07607497243660419	0.6798506977616928	0.7865292232588407	0.88	0.5374968363656996	0.5085842981644015	100.0	2705.0	1798.0	907.0	2607.0	0.0				
sensexamp-ecoli	gram_plus	classification	2705	3200	0.8453125	0.4007688395978536	0.8404549646480172	0.7892609699769053	0.5447761194029851	0.8987508218277449	0.4552238805970149	0.7266448820983838	0.8333376164335449	0.92	0.5485099159037161	0.5162305093130287	100.0	2191.0	1521.0	670.0	1732.0	0.0				
sensexamp-saureus	gram_plus	classification	2705	3200	0.8453125	0.6016819056436374	0.8601108033240997	0.8896848137535817	0.21300138312586445	0.8324396782841823	0.7869986168741355	0.8178362052662609	0.8862809177235543	0.98	0.5943900945783301	0.531331414841777	100.0	2215.0	1492.0	723.0	1396.0	0.0				
ampeppy	high_similarity	classification	1180	1180	1.0	0.08443409656306711	0.902738432483475	0.8581687612208259	0.8977272727272727	0.952191235059761	0.10227272727272728	0.5998421088373778	0.8791987274823259	0.84	0.5006725490382966	0.5058898713050949	100.0	1180.0	1004.0	176.0	1114.0	0.0				
amplify	high_similarity	classification	1180	1180	1.0	0.12257738139397863	0.9187442289935365	0.8562822719449226	0.9488636363636364	0.9910358565737052	0.05113636363636364	0.5895056139080044	0.8651497888961774	0.85	0.5011342191044434	0.4979278864441731	100.0	1180.0	1004.0	176.0	1162.0	0.0				
ampredictor	high_similarity	classification	1180	1180	1.0	0.719963411608934	0.9705093833780161	0.9589403973509933	0.3263157894736842	0.9823609226594301	0.6736842105263158	0.8696993501392558	0.974387364036264	0.99	0.6267717068147052	0.5643072895004193	100.0	832.0	737.0	95.0	755.0	0.0				
ampredmfa	high_similarity	classification	1180	1180	1.0	-0.017251697329495348	0.918423464711274	0.8505942275042445	1.0	0.99800796812749	0.0	0.47051283502354224	0.8415050769094948	0.68	0.4939418527263942	0.4994215839286507	100.0	1180.0	1004.0	176.0	1178.0	0.0				
ampscanner	high_similarity	classification	1180	1180	1.0	0.09171521507996477	0.9124767225325885	0.8566433566433567	0.9318181818181818	0.9760956175298805	0.06818181818181818	0.6248273949655923	0.8856706289525135	0.72	0.5093206122876913	0.50088990770586	100.0	1180.0	1004.0	176.0	1144.0	0.0				
apex-abaumannii	high_similarity	classification	1177	1180	0.997457627118644	0.21389925465431295	0.5672436750998668	0.9424778761061947	0.12745098039215685	0.4057142857142857	0.8725490196078431	0.5958356676003735	0.8888181113886043	0.93	0.5467688829917933	0.5100056773128012	100.0	627.0	525.0	102.0	226.0	0.0				
apex-ecoli	high_similarity	classification	1177	1180	0.997457627118644	0.1276994424223922	0.2857142857142857	0.946236559139785	0.04716981132075472	0.1682600382409178	0.9528301886792453	0.520743894079873	0.8590811084168137	0.94	0.543995093618096	0.5063524266594345	100.0	629.0	523.0	106.0	93.0	0.0				
apex-kpneumoniae	high_similarity	classification	1177	1180	0.997457627118644	0.026593845274763935	0.009720534629404616	1.0	0.0	0.004884004884004884	1.0	0.4312434747217356	0.834603349446376	0.8	0.490597545517454	0.5042366901663384	100.0	957.0	819.0	138.0	4.0	0.0				
apex-min	high_similarity	classification	1177	1180	0.997457627118644	0.008695372978067275	0.7565543071161048	0.8725701943844493	0.6555555555555556	0.6677685950413224	0.34444444444444444	0.5952249770431589	0.9101124650543859	0.95	0.537576724179595	0.5107770256239877	100.0	695.0	605.0	90.0	463.0	0.0				
apex-paeruginosa	high_similarity	classification	1177	1180	0.997457627118644	0.07261179333637356	0.0547945205479452	1.0	0.0	0.028169014084507043	1.0	0.44036245444696154	0.8186189158799269	0.9	0.5303378772615244	0.5216350089306421	100.0	782.0	639.0	143.0	18.0	0.0				
apex-saureus	high_similarity	classification	1177	1180	0.997457627118644	0.04127008503576392	0.06705202312138728	0.9354838709677419	0.014184397163120567	0.03477218225419664	0.9858156028368794	0.4303961086449989	0.8450840260096826	0.89	0.5117053054085288	0.5023718008379569	100.0	975.0	834.0	141.0	31.0	0.0				
deep-amp-cnn-gramneg	high_similarity	classification	1176	1180	0.9966101694915255	0.3586430710325426	0.927461139896373	0.9167733674775929	0.6074766355140186	0.9384010484927916	0.3925233644859813	0.7297191362183217	0.941380626454956	0.98	0.5574463037470209	0.5113488339284645	100.0	870.0	763.0	107.0	781.0	0.0				
deep-amp-cnn-grampos	high_similarity	classification	1176	1180	0.9966101694915255	0.0834745115744847	0.9273461150353178	0.8845043310875842	0.9302325581395349	0.9745493107104984	0.06976744186046512	0.5663847032808043	0.8975301813670731	0.88	0.5042471897764584	0.5108757099430088	100.0	1072.0	943.0	129.0	1039.0	0.0				
deep-amp-lstm-gramneg	high_similarity	classification	1176	1180	0.9966101694915255	0.0747027900021296	0.8267558528428094	0.8595271210013908	0.7112676056338029	0.7963917525773195	0.2887323943661972	0.5544867140990272	0.8671951781888008	0.88	0.5111690217266703	0.5058784557315399	100.0	918.0	776.0	142.0	719.0	0.0				
deep-amp-lstm-grampos	high_similarity	classification	1176	1180	0.9966101694915255	0.27236618370625504	0.8667941363926067	0.8959156785243741	0.5337837837837838	0.8395061728395061	0.46621621621621623	0.6716383049716383	0.9033957695274818	0.91	0.5263948158685001	0.5172727166026998	100.0	958.0	810.0	148.0	759.0	0.0				
example-model	high_similarity	classification	1180	1180	1.0	-0.022369884702601223	0.62531328320802	0.8429054054054054	0.5284090909090909	0.49701195219123506	0.4715909090909091	0.48752999366171673	0.8506226927276956	0.83	0.5010031643759889	0.4995008545079618	100.0	1180.0	1004.0	176.0	592.0	0.0				
hydramp-amp-classifier	high_similarity	classification	1008	1180	0.8542372881355932	0.03241807365475258	0.9	0.8374233128834356	0.9578313253012049	0.9726840855106889	0.04216867469879518	0.6149014108691297	0.888472146250517	0.94	0.5399119920110496	0.5239171992521345	100.0	1008.0	842.0	166.0	978.0	0.0				
hydramp-mic-classifier	high_similarity	classification	1008	1180	0.8542372881355932	0.5934043190923466	0.929171668667467	0.9393203883495146	0.30120481927710846	0.9192399049881235	0.6987951807228916	0.8725138082019288	0.963913848568952	0.99	0.6545727854536034	0.5401340618325006	100.0	1008.0	842.0	166.0	824.0	0.0				
mbc-attention	high_similarity	classification	1180	1180	1.0	0.574561259324057	0.9509803921568627	0.9451887941534713	0.40540540540540543	0.9568434032059187	0.5945945945945946	0.8689639084213684	0.9751123277435189	0.99	0.6673933976808921	0.558701517942854	100.0	922.0	811.0	111.0	821.0	0.0				
mole-amp	high_similarity	classification	1180	1180	1.0	0.0	0.0	0.0	0.0	0.0	1.0	0.5	0.8508474576271187	0.69	0.5	0.5	100.0	1180.0	1004.0	176.0	0.0	0.0				
sensexamp-classifier	high_similarity	classification	1008	1180	0.8542372881355932	0.030598688084325237	0.9070146818923328	0.8365095285857572	0.9819277108433735	0.9904988123515439	0.018072289156626505	0.5988788884755174	0.8741025596822372	0.88	0.5178915436718746	0.5102680862746034	100.0	1008.0	842.0	166.0	997.0	0.0				
sensexamp-ecoli	high_similarity	classification	1008	1180	0.8542372881355932	0.3853375629514499	0.920812894183602	0.9188811188811189	0.5420560747663551	0.922752808988764	0.45794392523364486	0.7650556547306522	0.9530729425409608	1.0	0.6270801439174961	0.5826752686038614	100.0	819.0	712.0	107.0	715.0	0.0				
sensexamp-saureus	high_similarity	classification	1008	1180	0.8542372881355932	0.2777442859979351	0.7568523430592397	0.9344978165938864	0.25210084033613445	0.6359583952451708	0.7478991596638656	0.6976163422278272	0.9232687344603838	0.95	0.5523158039316454	0.5191974958388531	100.0	792.0	673.0	119.0	458.0	0.0				
ampeppy	holdout2026_broad_activity	classification	521	521	1.0	0.3084237978397155	0.8993288590604027	0.8663793103448276	0.6813186813186813	0.9348837209302325	0.31868131868131866	0.6649501661129569	0.882312381039772	0.88	0.5139279325325837	0.5050309687974758	100.0	521.0	430.0	91.0	464.0	0.0				
amplify	holdout2026_broad_activity	classification	521	521	1.0	0.18347001112327613	0.8978260869565218	0.8428571428571429	0.8461538461538461	0.9604651162790697	0.15384615384615385	0.6749169435215947	0.8878470980032658	0.91	0.5277146354257737	0.5021619726539676	100.0	521.0	430.0	91.0	490.0	0.0				
ampredictor	holdout2026_broad_activity	classification	520	521	0.9980806142034548	0.10013768051199019	0.926829268292683	0.8786127167630058	0.9333333333333333	0.9806451612903225	0.06666666666666667	0.5782078853046595	0.9052786602267837	0.92	0.529522731560083	0.5234235694602043	100.0	355.0	310.0	45.0	346.0	0.0				
ampredmfa	holdout2026_broad_activity	classification	521	521	1.0	-0.020173664619648222	0.9031578947368422	0.825	1.0	0.9976744186046511	0.0	0.5549833887043191	0.8526054365904305	0.88	0.5112760097919217	0.5010766039499824	100.0	521.0	430.0	91.0	520.0	0.0				
ampscanner	holdout2026_broad_activity	classification	503	521	0.9654510556621881	0.17389333984839492	0.9025755879059351	0.8556263269639066	0.8395061728395061	0.9549763033175356	0.16049382716049382	0.6723421683927213	0.8977403421319329	0.85	0.5249931076131336	0.5023862766062791	100.0	503.0	422.0	81.0	471.0	0.0				
apex-abaumannii	holdout2026_broad_activity	classification	519	521	0.9961612284069098	0.182298895710067	0.6051873198847262	0.8974358974358975	0.22641509433962265	0.45652173913043476	0.7735849056603774	0.5540607054963085	0.8633707215384878	0.91	0.538966365873667	0.5127812977933144	100.0	283.0	230.0	53.0	117.0	0.0				
apex-ecoli	holdout2026_broad_activity	classification	519	521	0.9961612284069098	0.24235596569070098	0.4930555555555556	0.9466666666666667	0.06896551724137931	0.3333333333333333	0.9310344827586207	0.5411202849279586	0.8502676767641019	0.88	0.5830883668617878	0.5328756458348078	100.0	271.0	213.0	58.0	75.0	0.0				
apex-kpneumoniae	holdout2026_broad_activity	classification	519	521	0.9961612284069098	0.059478868928860805	0.037037037037037035	1.0	0.0	0.018867924528301886	1.0	0.45898846960167716	0.8219900418445837	0.81	0.5215436389716429	0.5069688062956291	100.0	390.0	318.0	72.0	6.0	0.0				
apex-min	holdout2026_broad_activity	classification	519	521	0.9961612284069098	0.05969274884803587	0.8087431693989071	0.891566265060241	0.6585365853658537	0.74	0.34146341463414637	0.5373983739837399	0.9016054424170599	0.9	0.5255455712451862	0.5326633165829145	100.0	341.0	300.0	41.0	249.0	0.0				
apex-paeruginosa	holdout2026_broad_activity	classification	519	521	0.9961612284069098	-0.006625028634729449	0.05263157894736842	0.75	0.029850746268656716	0.02727272727272727	0.9701492537313433	0.4543419267299864	0.7673540260373215	0.78	0.5074269799328716	0.5066240292370946	100.0	287.0	220.0	67.0	8.0	0.0				
apex-saureus	holdout2026_broad_activity	classification	519	521	0.9961612284069098	0.10998533626601496	0.11764705882352941	1.0	0.0	0.0625	1.0	0.48250868055555546	0.8375388611500061	0.83	0.5349963450292398	0.532035175879397	100.0	392.0	320.0	72.0	20.0	0.0				
deep-amp-cnn-gramneg	holdout2026_broad_activity	classification	519	521	0.9961612284069098	0.08112848715659254	0.8625954198473282	0.8737113402061856	0.765625	0.8517587939698492	0.234375	0.6412531407035175	0.902023382557829	0.93	0.534432028563872	0.49748743718592964	100.0	462.0	398.0	64.0	388.0	0.0				
deep-amp-cnn-grampos	holdout2026_broad_activity	classification	519	521	0.9961612284069098	0.09713934116885017	0.8714107365792759	0.8389423076923077	0.8271604938271605	0.9064935064935065	0.1728395061728395	0.5990059323392657	0.8707450223039267	0.89	0.5238264010193835	0.5079292566729753	100.0	466.0	385.0	81.0	416.0	0.0				
deep-amp-lstm-gramneg	holdout2026_broad_activity	classification	519	521	0.9961612284069098	0.2905740046755626	0.8694404591104734	0.8782608695652174	0.56	0.8607954545454546	0.44	0.6378409090909091	0.879969608698781	0.86	0.5356858054226475	0.5346048423937871	100.0	427.0	352.0	75.0	345.0	0.0				
deep-amp-lstm-grampos	holdout2026_broad_activity	classification	519	521	0.9961612284069098	0.16961720932875093	0.7922705314009661	0.8512110726643599	0.5443037974683544	0.7409638554216867	0.45569620253164556	0.6013802043617509	0.8441348219320282	0.82	0.5234100960805247	0.49748743718592964	100.0	411.0	332.0	79.0	289.0	0.0				
example-model	holdout2026_broad_activity	classification	521	521	1.0	0.014282885765868121	0.6260869565217392	0.8307692307692308	0.4835164835164835	0.5023255813953489	0.5164835164835165	0.5211730130334782	0.8414090468224877	0.87	0.5139413829744307	0.49748743718592964	100.0	521.0	430.0	91.0	260.0	0.0				
hydramp-amp-classifier	holdout2026_broad_activity	classification	431	521	0.8272552783109405	0.16036432131551465	0.8719346049046321	0.8290155440414507	0.7951807228915663	0.9195402298850575	0.20481927710843373	0.6919921063564604	0.8839352701836183	0.91	0.5321376249098025	0.4986859585282736	100.0	431.0	348.0	83.0	386.0	0.0				
hydramp-mic-classifier	holdout2026_broad_activity	classification	431	521	0.8272552783109405	0.3421905339070343	0.8524590163934426	0.8854489164086687	0.4457831325301205	0.8218390804597702	0.5542168674698795	0.7221298989059687	0.8898603043899285	0.91	0.5338705092602716	0.49748743718592964	100.0	431.0	348.0	83.0	323.0	0.0				
mbc-attention	holdout2026_broad_activity	classification	520	521	0.9980806142034548	0.20303653003383493	0.9102167182662538	0.9074074074074074	0.7142857142857143	0.9130434782608695	0.2857142857142857	0.6438923395445134	0.924083205675217	0.93	0.5267672286305827	0.5052904272917382	100.0	364.0	322.0	42.0	324.0	0.0				
sensexamp-classifier	holdout2026_broad_activity	classification	431	521	0.8272552783109405	0.010088127957287018	0.8810457516339869	0.8081534772182254	0.963855421686747	0.9683908045977011	0.03614457831325301	0.7035729123390113	0.9095614429257373	0.94	0.5991771077048667	0.5725755212845839	100.0	431.0	348.0	83.0	417.0	0.0				
sensexamp-ecoli	holdout2026_broad_activity	classification	431	521	0.8272552783109405	0.36373468513253915	0.8032786885245902	0.9074074074074074	0.2857142857142857	0.7205882352941176	0.7142857142857143	0.7473214285714286	0.9036007033184869	0.92	0.5602056612118531	0.49933490984333434	100.0	342.0	272.0	70.0	216.0	0.0				
sensexamp-saureus	holdout2026_broad_activity	classification	431	521	0.8272552783109405	0.311799910075637	0.6885964912280702	0.9401197604790419	0.14705882352941177	0.5432525951557093	0.8529411764705882	0.7162629757785468	0.9083872162895805	0.95	0.5789366557039862	0.516614212933178	100.0	357.0	289.0	68.0	167.0	0.0				
ampeppy	holdout2026_gram_minus	classification	416	416	1.0	0.18276230972405144	0.8723702664796634	0.8015463917525774	0.8461538461538461	0.9569230769230769	0.15384615384615385	0.5370752324598478	0.7896200824195763	0.73	0.49733505361035724	0.5036722071897951	100.0	416.0	325.0	91.0	388.0	0.0				
amplify	holdout2026_gram_minus	classification	416	416	1.0	0.22369532388658403	0.8830811554332875	0.7985074626865671	0.8901098901098901	0.9876923076923076	0.10989010989010989	0.5512087912087912	0.796229625783228	0.79	0.49701472616452375	0.5021260146888288	100.0	416.0	325.0	91.0	402.0	0.0				
ampredictor	holdout2026_gram_minus	classification	414	416	0.9951923076923077	0.09596037919040853	0.8938547486033519	0.8191126279863481	0.9464285714285714	0.9836065573770492	0.05357142857142857	0.6317330210772834	0.8809245989905883	0.9	0.5407833107358561	0.5283796029326963	100.0	300.0	244.0	56.0	293.0	0.0				
ampredmfa	holdout2026_gram_minus	classification	416	416	1.0	0.0	0.8771929824561403	0.78125	1.0	1.0	0.0	0.5784108199492815	0.8155155616419264	0.79	0.5066666666666667	0.5006365159128978	100.0	416.0	325.0	91.0	416.0	0.0				
ampscanner	holdout2026_gram_minus	classification	402	416	0.9663461538461539	0.13766756169683572	0.8787446504992867	0.806282722513089	0.891566265060241	0.9655172413793104	0.10843373493975904	0.6124749782830381	0.8370169519281659	0.79	0.5087411318264313	0.5008345804256392	100.0	402.0	319.0	83.0	382.0	0.0				
apex-abaumannii	holdout2026_gram_minus	classification	414	416	0.9951923076923077	0.15257790421867143	0.6618181818181819	0.8198198198198198	0.37735849056603776	0.5548780487804879	0.6226415094339622	0.6199953980671882	0.8415553336197781	0.82	0.5623925206481459	0.5189361441353108	100.0	217.0	164.0	53.0	111.0	0.0				
apex-ecoli	holdout2026_gram_minus	classification	414	416	0.9951923076923077	0.27512208215212264	0.5892857142857143	0.9166666666666666	0.125	0.4342105263157895	0.875	0.665844298245614	0.8694776407277095	0.88	0.564721837488458	0.5470774927267918	100.0	200.0	152.0	48.0	72.0	0.0				
apex-kpneumoniae	holdout2026_gram_minus	classification	414	416	0.9951923076923077	0.07996742731158815	0.05106382978723404	1.0	0.0	0.026200873362445413	1.0	0.518740902474527	0.7818628234461781	0.75	0.5248857223116015	0.5106537052072591	100.0	301.0	229.0	72.0	6.0	0.0				
apex-min	holdout2026_gram_minus	classification	414	416	0.9951923076923077	0.10554105481214165	0.8362068965517241	0.8326180257510729	0.7358490566037735	0.8398268398268398	0.2641509433962264	0.6054071714449073	0.8733033988862946	0.86	0.5516234840961752	0.5431703974417542	100.0	284.0	231.0	53.0	233.0	0.0				
apex-paeruginosa	holdout2026_gram_minus	classification	414	416	0.9951923076923077	0.0222717701593687	0.08108108108108109	0.75	0.03333333333333333	0.04285714285714286	0.9666666666666667	0.5380952380952381	0.7345293919715388	0.71	0.5137844611528822	0.5118449389806173	100.0	200.0	140.0	60.0	8.0	0.0				
apex-saureus	holdout2026_gram_minus	classification	414	416	0.9951923076923077	0.14308786786808475	0.15139442231075698	1.0	0.0	0.08189655172413793	1.0	0.5258620689655172	0.7988577589800823	0.75	0.5335625367449708	0.540807485704384	100.0	303.0	232.0	71.0	19.0	0.0				
deep-amp-cnn-gramneg	holdout2026_gram_minus	classification	414	416	0.9951923076923077	0.03866030552238342	0.8607594936708861	0.8318042813455657	0.859375	0.8918032786885246	0.140625	0.6183401639344261	0.8705311005687053	0.91	0.5270168248490078	0.49748743718592964	100.0	369.0	305.0	64.0	327.0	0.0				
deep-amp-cnn-grampos	holdout2026_gram_minus	classification	414	416	0.9951923076923077	0.20932369379414684	0.8844984802431611	0.8105849582172702	0.8607594936708861	0.9732441471571907	0.13924050632911392	0.6092883451166335	0.8439894246359028	0.85	0.5257119556861758	0.5092519453454564	100.0	378.0	299.0	79.0	359.0	0.0				
deep-amp-lstm-gramneg	holdout2026_gram_minus	classification	414	416	0.9951923076923077	0.13257694740146156	0.8367729831144465	0.7964285714285714	0.7702702702702703	0.8814229249011858	0.22972972972972974	0.5076914859523555	0.7727322705793511	0.72	0.5054509470985443	0.49748743718592964	100.0	327.0	253.0	74.0	280.0	0.0				
deep-amp-lstm-grampos	holdout2026_gram_minus	classification	414	416	0.9951923076923077	0.13855965659063665	0.8221797323135756	0.7962962962962963	0.7236842105263158	0.849802371541502	0.27631578947368424	0.568753900561681	0.8057872501483445	0.77	0.5333012164277972	0.49748743718592964	100.0	329.0	253.0	76.0	270.0	0.0				
example-model	holdout2026_gram_minus	classification	416	416	1.0	0.0007268883590211206	0.6064030131826742	0.7815533980582524	0.4945054945054945	0.49538461538461537	0.5054945054945055	0.5242096365173288	0.8120312015952001	0.86	0.5319660096988033	0.49748743718592964	100.0	416.0	325.0	91.0	206.0	0.0				
hydramp-amp-classifier	holdout2026_gram_minus	classification	364	416	0.875	0.13321988599489018	0.8667736757624398	0.8011869436201781	0.8589743589743589	0.9440559440559441	0.14102564102564102	0.6074950690335306	0.8255867815920481	0.82	0.5197427403905137	0.498172681589767	100.0	364.0	286.0	78.0	337.0	0.0				
hydramp-mic-classifier	holdout2026_gram_minus	classification	364	416	0.875	0.32161210088294784	0.8668941979522184	0.8466666666666667	0.5897435897435898	0.8881118881118881	0.41025641025641024	0.6500358615743231	0.8303845486547902	0.84	0.49524834140218754	0.49748743718592964	100.0	364.0	286.0	78.0	300.0	0.0				
mbc-attention	holdout2026_gram_minus	classification	414	416	0.9951923076923077	0.33415225037207036	0.921146953405018	0.8682432432432432	0.78	0.9809160305343512	0.22	0.6564122137404581	0.8999270469747037	0.91	0.5423865006026517	0.5070773715907784	100.0	312.0	262.0	50.0	296.0	0.0				
sensexamp-classifier	holdout2026_gram_minus	classification	364	416	0.875	0.07339758434175737	0.8792569659442725	0.7888888888888889	0.9743589743589743	0.993006993006993	0.02564102564102564	0.6678994082840237	0.8552909837532148	0.88	0.5057001028660948	0.5133007695821766	100.0	364.0	286.0	78.0	360.0	0.0				
sensexamp-ecoli	holdout2026_gram_minus	classification	364	416	0.875	0.276152627448664	0.8047619047619048	0.8492462311557789	0.46153846153846156	0.7647058823529411	0.5384615384615384	0.694744169857292	0.8663370837048969	0.86	0.5544726766446223	0.4997612496873508	100.0	286.0	221.0	65.0	199.0	0.0				
sensexamp-saureus	holdout2026_gram_minus	classification	364	416	0.875	0.20892761128550516	0.6886075949367089	0.8662420382165605	0.3181818181818182	0.5714285714285714	0.6818181818181818	0.626750700280112	0.8458262301629946	0.85	0.5154999798962647	0.5207128077361598	100.0	304.0	238.0	66.0	157.0	0.0				
ampeppy	holdout2026_gram_plus	classification	373	373	1.0	0.25340799780153134	0.8305084745762712	0.7515337423312883	0.7431192660550459	0.928030303030303	0.25688073394495414	0.606043230469836	0.7689729401874308	0.75	0.5169585765916042	0.5107243194007289	100.0	373.0	264.0	109.0	326.0	0.0				
amplify	holdout2026_gram_plus	classification	373	373	1.0	0.12164228207243954	0.819078947368421	0.7238372093023255	0.8715596330275229	0.9431818181818182	0.12844036697247707	0.6711148179038087	0.8126997385776036	0.85	0.5312431412141697	0.5054226686672171	100.0	373.0	264.0	109.0	344.0	0.0				
ampredictor	holdout2026_gram_plus	classification	372	373	0.9973190348525469	0.13015779263075888	0.8675213675213675	0.7748091603053435	0.9365079365079365	0.9854368932038835	0.06349206349206349	0.5310525504700262	0.79426015396226	0.81	0.5139142354267546	0.5096843440503488	100.0	269.0	206.0	63.0	262.0	0.0				
ampredmfa	holdout2026_gram_plus	classification	373	373	1.0	-0.033314999845834074	0.8270440251572327	0.706989247311828	1.0	0.9962121212121212	0.0	0.527227550736725	0.7360940456868332	0.77	0.5130706738437002	0.5012479537840718	100.0	373.0	264.0	109.0	372.0	0.0				
ampscanner	holdout2026_gram_plus	classification	357	373	0.9571045576407506	0.16514867915618225	0.8417508417508418	0.7507507507507507	0.8645833333333334	0.9578544061302682	0.13541666666666666	0.7101891762452107	0.8454591298935962	0.85	0.5409303658420097	0.5039079243768753	100.0	357.0	261.0	96.0	333.0	0.0				
apex-abaumannii	holdout2026_gram_plus	classification	371	373	0.9946380697050938	0.20947610313480627	0.6448979591836734	0.8315789473684211	0.2909090909090909	0.5266666666666666	0.7090909090909091	0.5607272727272727	0.813418894135255	0.83	0.562360446570973	0.5209380234505863	100.0	205.0	150.0	55.0	95.0	0.0				
apex-ecoli	holdout2026_gram_plus	classification	371	373	0.9946380697050938	0.27559155856060435	0.5463917525773195	0.8833333333333333	0.11864406779661017	0.39552238805970147	0.8813559322033898	0.541866936503921	0.7918348448448348	0.77	0.5795331993023287	0.549988749718743	100.0	193.0	134.0	59.0	60.0	0.0				
apex-kpneumoniae	holdout2026_gram_plus	classification	371	373	0.9946380697050938	0.10001931453741905	0.06217616580310881	1.0	0.0	0.03208556149732621	1.0	0.4390243902439024	0.6952913001721279	0.7	0.5066347229754312	0.5136108349232795	100.0	269.0	187.0	82.0	6.0	0.0				
apex-min	holdout2026_gram_plus	classification	371	373	0.9946380697050938	-0.028481261166177475	0.7606382978723404	0.7688172043010753	0.7818181818181819	0.7526315789473684	0.21818181818181817	0.4457416267942584	0.7567067458850915	0.77	0.4981113069755729	0.5027770431102883	100.0	245.0	190.0	55.0	186.0	0.0				
apex-paeruginosa	holdout2026_gram_plus	classification	371	373	0.9946380697050938	-0.017346251464074165	0.04411764705882353	0.6	0.02857142857142857	0.022900763358778626	0.9714285714285714	0.40218102508178843	0.6241863485659707	0.6	0.5035298169086839	0.5051593847098086	100.0	201.0	131.0	70.0	5.0	0.0				
apex-saureus	holdout2026_gram_plus	classification	371	373	0.9946380697050938	0.1805787796286538	0.1782178217821782	1.0	0.0	0.09782608695652174	1.0	0.4715819800942902	0.7321521868737191	0.71	0.5495712828430427	0.5521083679265895	100.0	267.0	184.0	83.0	18.0	0.0				
deep-amp-cnn-gramneg	holdout2026_gram_plus	classification	371	373	0.9946380697050938	0.03504803875328043	0.8098859315589354	0.7607142857142857	0.8375	0.8658536585365854	0.1625	0.5832317073170733	0.7895623134823653	0.78	0.512997432605905	0.49748743718592964	100.0	326.0	246.0	80.0	280.0	0.0				
deep-amp-cnn-grampos	holdout2026_gram_plus	classification	371	373	0.9946380697050938	-0.027606410187615026	0.777988614800759	0.7068965517241379	0.8854166666666666	0.8649789029535865	0.11458333333333333	0.5021976090014065	0.7121233995425459	0.72	0.49751091864682806	0.4996077433581409	100.0	333.0	237.0	96.0	290.0	0.0				
deep-amp-lstm-gramneg	holdout2026_gram_plus	classification	371	373	0.9946380697050938	0.24080524840121403	0.8105906313645621	0.77734375	0.6263736263736264	0.8468085106382979	0.37362637362637363	0.6461538461538461	0.8160626367584218	0.79	0.5408242373527927	0.5338394098150326	100.0	326.0	235.0	91.0	256.0	0.0				
deep-amp-lstm-grampos	holdout2026_gram_plus	classification	371	373	0.9946380697050938	0.1405641211192311	0.7368421052631579	0.7549019607843137	0.5747126436781609	0.719626168224299	0.42528735632183906	0.560264260393168	0.7435183290755536	0.72	0.5156639584782129	0.49748743718592964	100.0	301.0	214.0	87.0	204.0	0.0				
example-model	holdout2026_gram_plus	classification	373	373	1.0	0.03464420126072566	0.6017699115044248	0.723404255319149	0.47706422018348627	0.5151515151515151	0.5229357798165137	0.5331178760077843	0.7466346035885756	0.74	0.5321027757049003	0.4984304340719444	100.0	373.0	264.0	109.0	188.0	0.0				
hydramp-amp-classifier	holdout2026_gram_plus	classification	312	373	0.8364611260053619	0.15374145087307325	0.7975460122699386	0.7014388489208633	0.8217821782178217	0.9241706161137441	0.1782178217821782	0.6816432828116935	0.7979734312993261	0.82	0.5459720579191868	0.4986901331301055	100.0	312.0	211.0	101.0	278.0	0.0				
hydramp-mic-classifier	holdout2026_gram_plus	classification	312	373	0.8364611260053619	0.281812287245229	0.7816091954022989	0.7589285714285714	0.5346534653465347	0.8056872037914692	0.46534653465346537	0.6571723523063207	0.7598187182411957	0.77	0.5131745651492063	0.4975110171475839	100.0	312.0	211.0	101.0	224.0	0.0				
mbc-attention	holdout2026_gram_plus	classification	372	373	0.9973190348525469	0.058001890333235696	0.8040201005025126	0.7547169811320755	0.8125	0.8602150537634409	0.1875	0.46866599462365593	0.7130396593601451	0.7	0.48288058856819466	0.5028907980764036	100.0	250.0	186.0	64.0	212.0	0.0				
sensexamp-classifier	holdout2026_gram_plus	classification	312	373	0.8364611260053619	-0.027402203839861482	0.7874015748031497	0.6734006734006734	0.9603960396039604	0.9478672985781991	0.039603960396039604	0.707756557646286	0.8433532975991848	0.87	0.603170095009002	0.5522636881087905	100.0	312.0	211.0	101.0	297.0	0.0				
sensexamp-ecoli	holdout2026_gram_plus	classification	312	373	0.8364611260053619	0.3603584345932926	0.7787610619469026	0.7904191616766467	0.40229885057471265	0.7674418604651163	0.5977011494252874	0.7224004276931302	0.822045442328823	0.83	0.5789192307151197	0.5004090218534533	100.0	259.0	172.0	87.0	167.0	0.0				
sensexamp-saureus	holdout2026_gram_plus	classification	312	373	0.8364611260053619	0.43596029922147195	0.7721518987341772	0.8652482269503546	0.23170731707317074	0.6971428571428572	0.7682926829268293	0.7328919860627178	0.8305058999965056	0.86	0.5400696864111498	0.5089734386216799	100.0	257.0	175.0	82.0	141.0	0.0				
ampredictor	holdout2026_regression_abaumannii	regression	237	237	1.0													237.0				0.0	-0.08696796265132245	4.069540710208866	2.0173102662230384	0.252863597372516
apex-abaumannii	holdout2026_regression_abaumannii	regression	237	237	1.0													237.0				0.0	-0.3946061992204217	5.221319208519964	2.2850206144628027	0.26207106347302056
apex-ecoli	holdout2026_regression_abaumannii	regression	237	237	1.0													237.0				0.0	-0.6096259632396839	6.026339883684594	2.454860461143279	0.17492919959879524
apex-kpneumoniae	holdout2026_regression_abaumannii	regression	237	237	1.0													237.0				0.0	-1.8797347075856798	10.781548334263674	3.2835268133919167	0.10874799443898314
apex-min	holdout2026_regression_abaumannii	regression	237	237	1.0													237.0				0.0	-0.4121931163210413	5.2871635365657195	2.2993832948348825	0.07823634118830776
apex-paeruginosa	holdout2026_regression_abaumannii	regression	237	237	1.0													237.0				0.0	-1.2373513585817917	8.376504873778337	2.89421921660719	0.12011516957376413
apex-saureus	holdout2026_regression_abaumannii	regression	237	237	1.0													237.0				0.0	-1.6679928124988357	9.988799797305091	3.1605062564888384	0.12233590010649746
deep-amp-cnn-gramneg	holdout2026_regression_abaumannii	regression	237	237	1.0													237.0				0.0	-0.2050474577410608	4.511623024333833	2.124058149941718	0.17562477930311368
deep-amp-cnn-grampos	holdout2026_regression_abaumannii	regression	237	237	1.0													237.0				0.0	-0.44149614550530303	5.396872262393221	2.32311692826539	0.2118221449088633
deep-amp-lstm-gramneg	holdout2026_regression_abaumannii	regression	237	237	1.0													237.0				0.0	-1.3457418656899964	8.78231221717151	2.9634966200708766	-0.04777147141304397
deep-amp-lstm-grampos	holdout2026_regression_abaumannii	regression	237	237	1.0													237.0				0.0	-0.41024656852292773	5.279875782205904	2.297798029028205	0.2385536995240472
mbc-attention	holdout2026_regression_abaumannii	regression	237	237	1.0													237.0				0.0	-0.05564563324204408	3.952271849442524	1.9880321550323385	0.28545088559292714
sensexamp-ecoli	holdout2026_regression_abaumannii	regression	210	237	0.8860759493670886													210.0				0.0	-0.2582506476980193	4.631565462470219	2.1521072144459295	0.37109207244161296
sensexamp-saureus	holdout2026_regression_abaumannii	regression	210	237	0.8860759493670886													210.0				0.0	-0.9204185943000702	7.068976639208142	2.6587547158788722	0.2716576953181078
ampredictor	holdout2026_regression_ecoli	regression	358	358	1.0													358.0				0.0	-0.1452971215612977	6.26464288666124	2.502926864025643	0.24488995815553674
apex-abaumannii	holdout2026_regression_ecoli	regression	358	358	1.0													358.0				0.0	-0.46218322521534794	7.9979732493813485	2.8280688197746087	0.12919911509537335
apex-ecoli	holdout2026_regression_ecoli	regression	358	358	1.0													358.0				0.0	-0.5582295818182208	8.523335719394082	2.9194752472651797	0.10348045430714073
apex-kpneumoniae	holdout2026_regression_ecoli	regression	358	358	1.0													358.0				0.0	-1.3182077573374462	12.680328504632202	3.560944889300058	-0.019718711890805724
apex-min	holdout2026_regression_ecoli	regression	358	358	1.0													358.0				0.0	-0.31845107560214747	7.211775002911143	2.6854748188935122	0.09041169732224646
apex-paeruginosa	holdout2026_regression_ecoli	regression	358	358	1.0													358.0				0.0	-0.8429293028258866	10.080610288995498	3.1749976833055324	0.13969345868067473
apex-saureus	holdout2026_regression_ecoli	regression	358	358	1.0													358.0				0.0	-1.2729280426049892	12.432653698270999	3.52599683752992	-0.03936795392310361
deep-amp-cnn-gramneg	holdout2026_regression_ecoli	regression	358	358	1.0													358.0				0.0	-0.5271994753956175	8.353604623582278	2.890260303775817	0.06217895592372904
deep-amp-cnn-grampos	holdout2026_regression_ecoli	regression	358	358	1.0													358.0				0.0	-0.39961601203487374	7.655737824520641	2.7669004001807944	0.10956161713848879
deep-amp-lstm-gramneg	holdout2026_regression_ecoli	regression	358	358	1.0													358.0				0.0	-1.2982968989844568	12.571418410648612	3.5456196088481646	-0.12621982703230966
deep-amp-lstm-grampos	holdout2026_regression_ecoli	regression	358	358	1.0													358.0				0.0	-0.45972307382791544	7.9845165056253	2.8256886781146466	0.07945633580433445
mbc-attention	holdout2026_regression_ecoli	regression	358	358	1.0													358.0				0.0	-0.005012963141548088	5.4973047535159285	2.344633181014874	0.29629197998671103
sensexamp-ecoli	holdout2026_regression_ecoli	regression	297	358	0.8296089385474861													297.0				0.0	-0.5650703374039485	8.01787824360543	2.8315858178069457	0.2717312045170757
sensexamp-saureus	holdout2026_regression_ecoli	regression	297	358	0.8296089385474861													297.0				0.0	-0.7812419848871632	9.12532875737276	3.020815909216045	0.2892085343209345
ampredictor	holdout2026_regression_kpneumoniae	regression	186	186	1.0													186.0				0.0	-0.44072305315370786	4.048469898037517	2.01208098694797	0.24092562950970528
apex-abaumannii	holdout2026_regression_kpneumoniae	regression	186	186	1.0													186.0				0.0	-0.5648683217449841	4.397321387416677	2.0969791099142303	0.20222557352515774
apex-ecoli	holdout2026_regression_kpneumoniae	regression	186	186	1.0													186.0				0.0	-0.6454528799548032	4.623766128093912	2.1502944282339365	0.1294755912872628
apex-kpneumoniae	holdout2026_regression_kpneumoniae	regression	186	186	1.0													186.0				0.0	-2.1067125684360737	8.729944514760533	2.9546479510697266	0.05589956231871509
apex-min	holdout2026_regression_kpneumoniae	regression	186	186	1.0													186.0				0.0	-0.566070565711521	4.400699724771639	2.097784480057863	0.09201787225017159
apex-paeruginosa	holdout2026_regression_kpneumoniae	regression	186	186	1.0													186.0				0.0	-1.1906266184012364	6.155718757344642	2.4810720983769583	0.15831348935533912
apex-saureus	holdout2026_regression_kpneumoniae	regression	186	186	1.0													186.0				0.0	-1.9622875132829622	8.324106288579669	2.885152732279466	0.050279644391867356
deep-amp-cnn-gramneg	holdout2026_regression_kpneumoniae	regression	186	186	1.0													186.0				0.0	-0.7114443136787121	4.809203802860597	2.1929896951104437	0.11597598257567308
deep-amp-cnn-grampos	holdout2026_regression_kpneumoniae	regression	186	186	1.0													186.0				0.0	-1.1150479768116663	5.943340774816937	2.4378967933070785	0.030530736168377943
deep-amp-lstm-gramneg	holdout2026_regression_kpneumoniae	regression	186	186	1.0													186.0				0.0	-2.4140094644647316	9.593456923067682	3.097330612490001	-0.11171927638411917
deep-amp-lstm-grampos	holdout2026_regression_kpneumoniae	regression	186	186	1.0													186.0				0.0	-0.8949632964827108	5.3248970000882725	2.307573834157484	0.06385669252272894
mbc-attention	holdout2026_regression_kpneumoniae	regression	186	186	1.0													186.0				0.0	-0.2605825505632837	3.5422703195978738	1.882092006145787	0.3379800533515179
sensexamp-ecoli	holdout2026_regression_kpneumoniae	regression	157	186	0.8440860215053764													157.0				0.0	-1.2386795700774802	5.829163321572784	2.414366028913757	0.08343667213631786
sensexamp-saureus	holdout2026_regression_kpneumoniae	regression	157	186	0.8440860215053764													157.0				0.0	-1.3370471411512703	6.085296733875151	2.4668394219882153	0.1827334516791366
ampredictor	holdout2026_regression_paeruginosa	regression	372	372	1.0													372.0				0.0	-0.5048479266588688	5.374007159590057	2.3181904925156727	0.16016397912702732
apex-abaumannii	holdout2026_regression_paeruginosa	regression	372	372	1.0													372.0				0.0	-0.6164700288325162	5.7726241664138	2.4026285951877373	0.029695936864141154
apex-ecoli	holdout2026_regression_paeruginosa	regression	372	372	1.0													372.0				0.0	-0.48977331531715795	5.320173766963962	2.306550187393277	0.10985300853328021
apex-kpneumoniae	holdout2026_regression_paeruginosa	regression	372	372	1.0													372.0				0.0	-1.3632318653422995	8.439407556827387	2.905065843802406	0.033964807398765264
apex-min	holdout2026_regression_paeruginosa	regression	372	372	1.0													372.0				0.0	-0.6163886987600589	5.7723337261746686	2.402568152243484	0.06309163943116211
apex-paeruginosa	holdout2026_regression_paeruginosa	regression	372	372	1.0													372.0				0.0	-0.7819869745874481	6.3637066510708165	2.522638826917325	0.15269994138304946
apex-saureus	holdout2026_regression_paeruginosa	regression	372	372	1.0													372.0				0.0	-1.3433105043252787	8.368265792375517	2.8927954978490127	0.03331588765940672
deep-amp-cnn-gramneg	holdout2026_regression_paeruginosa	regression	372	372	1.0													372.0				0.0	-0.5080717478207668	5.38551984316317	2.3206722825860546	0.21617897376680104
deep-amp-cnn-grampos	holdout2026_regression_paeruginosa	regression	372	372	1.0													372.0				0.0	-1.0004048901104312	7.143705361245688	2.6727711015434314	0.13191292764153187
deep-amp-lstm-gramneg	holdout2026_regression_paeruginosa	regression	372	372	1.0													372.0				0.0	-1.8833587161377223	10.296848013469132	3.208870208261645	-0.05740794547436431
deep-amp-lstm-grampos	holdout2026_regression_paeruginosa	regression	372	372	1.0													372.0				0.0	-0.9066105538103659	6.808753619029007	2.6093588520993056	0.04723650233020673
mbc-attention	holdout2026_regression_paeruginosa	regression	372	372	1.0													372.0				0.0	-0.1862067766445108	4.236098277780934	2.058178388230946	0.35767983669094233
sensexamp-ecoli	holdout2026_regression_paeruginosa	regression	334	372	0.8978494623655914													334.0				0.0	-0.9351973783007272	6.745580561826475	2.5972255508188877	0.20873046113530974
sensexamp-saureus	holdout2026_regression_paeruginosa	regression	334	372	0.8978494623655914													334.0				0.0	-1.497766365293895	8.70654561164467	2.950685617215882	0.13800282338423284
ampredictor	holdout2026_regression_saureus	regression	449	449	1.0													449.0				0.0	-0.19011623635418418	6.109826391720429	2.4718063014161182	0.15799457791652152
apex-abaumannii	holdout2026_regression_saureus	regression	448	449	0.9977728285077951													448.0				0.0	-0.7317089918825193	8.887298857776571	2.981157301749871	0.06272601786360271
apex-ecoli	holdout2026_regression_saureus	regression	448	449	0.9977728285077951													448.0				0.0	-0.7746390305795918	9.107619988904982	3.0178833623758528	0.07943925218015907
apex-kpneumoniae	holdout2026_regression_saureus	regression	448	449	0.9977728285077951													448.0				0.0	-1.3938246144213076	12.285340586201228	3.505045019140443	0.009303187806941152
apex-min	holdout2026_regression_saureus	regression	448	449	0.9977728285077951													448.0				0.0	-0.6764381416825873	8.603643482564706	2.9331968025628123	0.013189653261821982
apex-paeruginosa	holdout2026_regression_saureus	regression	448	449	0.9977728285077951													448.0				0.0	-1.1479820488844257	11.02365264548456	3.3201886460688588	0.009206241359892743
apex-saureus	holdout2026_regression_saureus	regression	448	449	0.9977728285077951													448.0				0.0	-1.274883239795019	11.674921891250948	3.416858482766143	0.06427974127393933
deep-amp-cnn-gramneg	holdout2026_regression_saureus	regression	448	449	0.9977728285077951													448.0				0.0	-0.48929975491100053	7.643231092955712	2.7646394146354263	0.14659680936919542
deep-amp-cnn-grampos	holdout2026_regression_saureus	regression	448	449	0.9977728285077951													448.0				0.0	-1.0202426722512299	10.368081749123292	3.2199505817827845	-0.05109976056195494
deep-amp-lstm-gramneg	holdout2026_regression_saureus	regression	448	449	0.9977728285077951													448.0				0.0	-0.9045717114264662	9.774447135666493	3.1264112230585557	0.2466771264479006
deep-amp-lstm-grampos	holdout2026_regression_saureus	regression	448	449	0.9977728285077951													448.0				0.0	-0.9051575177453557	9.777453550631796	3.126891995357658	0.050986441188886275
mbc-attention	holdout2026_regression_saureus	regression	449	449	1.0													449.0				0.0	-0.6338711988344212	8.387978473339267	2.8962006963156517	-0.05860672158849143
sensexamp-ecoli	holdout2026_regression_saureus	regression	372	449	0.8285077951002228													372.0				0.0	-0.4761952808591121	7.281624478798534	2.6984485318046247	0.32184340117069454
sensexamp-saureus	holdout2026_regression_saureus	regression	372	449	0.8285077951002228													372.0				0.0	-0.5916319594821913	7.851038671969388	2.8019704980547866	0.34019235102566364
ampeppy	holdout2026_species_abaumannii	classification	197	197	1.0	0.04214544796937194	0.8920454545454546	0.8306878306878307	0.9411764705882353	0.9631901840490797	0.058823529411764705	0.47076867556838686	0.8222384773337933	0.82	0.49600182339645577	0.5005703363442982	100.0	197.0	163.0	34.0	189.0	0.0				
amplify	holdout2026_species_abaumannii	classification	197	197	1.0	0.2199730546987594	0.9101123595505618	0.8393782383419689	0.9117647058823529	0.9938650306748467	0.08823529411764706	0.5576506676290148	0.8592183104384584	0.82	0.5272464814146518	0.5005703363442982	100.0	197.0	163.0	34.0	193.0	0.0				
ampredictor	holdout2026_species_abaumannii	classification	197	197	1.0	0.18201726783429165	0.9225589225589226	0.8782051282051282	0.8636363636363636	0.9716312056737588	0.13636363636363635	0.6096067053513862	0.90439024477067	0.89	0.5306932708948386	0.5081791938415482	100.0	163.0	141.0	22.0	156.0	0.0				
ampredmfa	holdout2026_species_abaumannii	classification	197	197	1.0	0.0	0.9055555555555556	0.8274111675126904	1.0	1.0	0.0	0.4781667268134248	0.8126615432414313	0.82	0.49184073917687093	0.4992209750972892	100.0	197.0	163.0	34.0	197.0	0.0				
ampscanner	holdout2026_species_abaumannii	classification	187	197	0.949238578680203	0.13462124336754563	0.927536231884058	0.8791208791208791	0.9166666666666666	0.9815950920245399	0.08333333333333333	0.6762525562372189	0.9188571447343241	0.93	0.5195350339037779	0.501865153990813	100.0	187.0	163.0	24.0	182.0	0.0				
apex-abaumannii	holdout2026_species_abaumannii	classification	197	197	1.0	0.4503651470813195	0.8933333333333333	0.9054054054054054	0.4117647058823529	0.881578947368421	0.5882352941176471	0.7507739938080495	0.9097797892294853	0.8172043010752689	0.5392700016294606	0.5437714890240677	100.0	93.0	76.0	17.0	74.0	0.0				
apex-ecoli	holdout2026_species_abaumannii	classification	197	197	1.0	0.366025358135324	0.8059701492537313	0.9	0.3	0.7297297297297297	0.7	0.7756756756756757	0.9196518646881263	0.7872340425531915	0.615931721194879	0.6333016433518945	100.0	94.0	74.0	20.0	60.0	0.0				
apex-kpneumoniae	holdout2026_species_abaumannii	classification	197	197	1.0	0.0059259844544564825	0.09615384615384616	0.8333333333333334	0.047619047619047616	0.05102040816326531	0.9523809523809523	0.531584062196307	0.842366043126783	0.84	0.5099994885172114	0.5179981540354835	100.0	119.0	98.0	21.0	6.0	0.0				
apex-min	holdout2026_species_abaumannii	classification	197	197	1.0	0.35045651291117486	0.9230769230769231	0.875	0.75	0.9767441860465116	0.25	0.5016149870801033	0.860691501109824	0.83	0.54984360125119	0.5676054692064976	100.0	153.0	129.0	24.0	144.0	0.0				
apex-paeruginosa	holdout2026_species_abaumannii	classification	197	197	1.0	0.03334980644199064	0.24	0.75	0.11764705882352941	0.14285714285714285	0.8823529411764706	0.7703081232492998	0.8647056937021034	0.711864406779661	0.5341294412501842	0.5453457765015554	100.0	59.0	42.0	17.0	8.0	0.0				
apex-saureus	holdout2026_species_abaumannii	classification	197	197	1.0	0.16410830588822686	0.3076923076923077	0.9473684210526315	0.038461538461538464	0.1836734693877551	0.9615384615384616	0.5478806907378336	0.8359683282044155	0.8	0.5501115425927456	0.5128704748230951	100.0	124.0	98.0	26.0	19.0	0.0				
deep-amp-cnn-gramneg	holdout2026_species_abaumannii	classification	197	197	1.0	-0.009150522248280038	0.9046153846153846	0.8596491228070176	0.96	0.9545454545454546	0.04	0.5841558441558442	0.8707458675255537	0.91	0.4784688995215311	0.49748743718592964	100.0	179.0	154.0	25.0	171.0	0.0				
deep-amp-cnn-grampos	holdout2026_species_abaumannii	classification	197	197	1.0	0.13779393067845655	0.9024390243902439	0.8409090909090909	0.9032258064516129	0.9736842105263158	0.0967741935483871	0.5299235993208828	0.8090889612144823	0.86	0.48217317487266553	0.49748743718592964	100.0	183.0	152.0	31.0	176.0	0.0				
deep-amp-lstm-gramneg	holdout2026_species_abaumannii	classification	197	197	1.0	0.02468000610784523	0.8701754385964913	0.8322147651006712	0.8928571428571429	0.9117647058823529	0.10714285714285714	0.3792016806722689	0.7771815017689014	0.8	0.491375497567448	0.5048773278155483	100.0	164.0	136.0	28.0	149.0	0.0				
deep-amp-lstm-grampos	holdout2026_species_abaumannii	classification	197	197	1.0	0.17985417739353973	0.8705035971223022	0.8581560283687943	0.7142857142857143	0.8832116788321168	0.2857142857142857	0.6306047966631909	0.8985753402010899	0.86	0.587014982712255	0.5928547848732715	100.0	165.0	137.0	28.0	141.0	0.0				
example-model	holdout2026_species_abaumannii	classification	197	197	1.0	-0.01259335433296559	0.5849802371541502	0.8222222222222222	0.47058823529411764	0.4539877300613497	0.5294117647058824	0.48105377120173226	0.8201751146788252	0.83	0.490778552299189	0.5005703363442982	100.0	197.0	163.0	34.0	90.0	0.0				
hydramp-amp-classifier	holdout2026_species_abaumannii	classification	177	197	0.8984771573604061	0.16576247670585156	0.8859934853420195	0.84472049689441	0.8064516129032258	0.9315068493150684	0.1935483870967742	0.657092355280601	0.8860944601768825	0.87	0.538688745726446	0.49748743718592964	100.0	177.0	146.0	31.0	161.0	0.0				
hydramp-mic-classifier	holdout2026_species_abaumannii	classification	177	197	0.8984771573604061	0.3082006898427745	0.8933333333333333	0.8701298701298701	0.6451612903225806	0.9178082191780822	0.3548387096774194	0.7472381794078656	0.9116996759543696	0.92	0.567062818336163	0.49748743718592964	100.0	177.0	146.0	31.0	154.0	0.0				
mbc-attention	holdout2026_species_abaumannii	classification	197	197	1.0	0.4610476100221277	0.945054945054945	0.9148936170212766	0.631578947368421	0.9772727272727273	0.3684210526315789	0.6798245614035088	0.9186583261751995	0.91	0.506631411063544	0.5127150906045378	100.0	151.0	132.0	19.0	141.0	0.0				
sensexamp-classifier	holdout2026_species_abaumannii	classification	177	197	0.8984771573604061	0.2802971170209094	0.9119496855345912	0.8430232558139535	0.8709677419354839	0.9931506849315068	0.12903225806451613	0.759169244365886	0.9347404733055412	0.92	0.6168337325859944	0.5869759757692572	100.0	177.0	146.0	31.0	172.0	0.0				
sensexamp-ecoli	holdout2026_species_abaumannii	classification	177	197	0.8984771573604061	0.4985875706214689	0.9152542372881356	0.9152542372881356	0.4166666666666667	0.9152542372881356	0.5833333333333334	0.8139124293785311	0.9505981652953504	0.92	0.6309099018733274	0.6295034494506431	100.0	142.0	118.0	24.0	118.0	0.0				
sensexamp-saureus	holdout2026_species_abaumannii	classification	177	197	0.8984771573604061	0.36921520026946153	0.8416289592760181	0.93	0.30434782608695654	0.768595041322314	0.6956521739130435	0.7732662594322672	0.9372560790744777	0.93	0.6005824838776783	0.5307114082810748	100.0	144.0	121.0	23.0	100.0	0.0				
ampeppy	holdout2026_species_ecoli	classification	309	309	1.0	0.20660337608900528	0.8230616302186878	0.7137931034482758	0.8645833333333334	0.971830985915493	0.13541666666666666	0.5701535602503912	0.7359240934110112	0.72	0.5123857178156659	0.5069242928256305	100.0	309.0	213.0	96.0	290.0	0.0				
amplify	holdout2026_species_ecoli	classification	309	309	1.0	0.19082128601215748	0.8235294117647058	0.7070707070707071	0.90625	0.9859154929577465	0.09375	0.570813771517997	0.7351014757113689	0.74	0.5098478296680669	0.5045650789157052	100.0	309.0	213.0	96.0	297.0	0.0				
ampredictor	holdout2026_species_ecoli	classification	307	309	0.9935275080906149	0.1464424819146065	0.8557692307692307	0.7510548523206751	0.9516129032258065	0.994413407821229	0.04838709677419355	0.6547125608217697	0.8437483420811217	0.84	0.5471920023522493	0.5367900957300469	100.0	241.0	179.0	62.0	237.0	0.0				
ampredmfa	holdout2026_species_ecoli	classification	309	309	1.0	0.0	0.8160919540229885	0.6893203883495146	1.0	1.0	0.0	0.5043280516431925	0.6934346793648904	0.66	0.5001010849787721	0.5000096513296315	100.0	309.0	213.0	96.0	309.0	0.0				
ampscanner	holdout2026_species_ecoli	classification	298	309	0.9644012944983819	0.11829887926541885	0.8252032520325203	0.725	0.8953488372093024	0.9575471698113207	0.10465116279069768	0.6101908731899955	0.7682814753145879	0.76	0.5104071499503475	0.5009936474826965	100.0	298.0	212.0	86.0	280.0	0.0				
apex-abaumannii	holdout2026_species_ecoli	classification	307	309	0.9935275080906149	0.19687155208289261	0.6631578947368421	0.7682926829268293	0.37254901960784315	0.5833333333333334	0.6274509803921569	0.6748366013071896	0.8153788265236916	0.79	0.5724878645415281	0.5254048017867113	100.0	159.0	108.0	51.0	82.0	0.0				
apex-ecoli	holdout2026_species_ecoli	classification	307	309	0.9935275080906149	0.22793872067229365	0.5605095541401274	0.8148148148148148	0.19607843137254902	0.42718446601941745	0.803921568627451	0.6839901008947268	0.8210128635355209	0.77	0.5829951806987486	0.5657901156266771	100.0	154.0	103.0	51.0	54.0	0.0				
apex-kpneumoniae	holdout2026_species_ecoli	classification	307	309	0.9935275080906149	0.10973895136228032	0.0718562874251497	1.0	0.0	0.037267080745341616	1.0	0.4997481954003693	0.6938799495440879	0.65	0.5120291916630589	0.5162146134398702	100.0	235.0	161.0	74.0	6.0	0.0				
apex-min	holdout2026_species_ecoli	classification	307	309	0.9935275080906149	0.20339428594797762	0.821656050955414	0.75	0.7543859649122807	0.9084507042253521	0.24561403508771928	0.6051396095873487	0.7974017376496735	0.75	0.558932542624166	0.5470309292943591	100.0	199.0	142.0	57.0	172.0	0.0				
apex-paeruginosa	holdout2026_species_ecoli	classification	307	309	0.9935275080906149	0.022149494397047106	0.07920792079207921	0.6666666666666666	0.03333333333333333	0.042105263157894736	0.9666666666666667	0.558421052631579	0.66337371453282	0.65	0.5161588180978762	0.5080666490346469	100.0	155.0	95.0	60.0	6.0	0.0				
apex-saureus	holdout2026_species_ecoli	classification	307	309	0.9935275080906149	0.14303992900166154	0.1566265060240964	0.9285714285714286	0.012987012987012988	0.08552631578947369	0.987012987012987	0.4663362952836637	0.677216176919843	0.62	0.5324585386912257	0.5404654853213435	100.0	229.0	152.0	77.0	14.0	0.0				
deep-amp-cnn-gramneg	holdout2026_species_ecoli	classification	307	309	0.9935275080906149	-0.049395364902211	0.7850467289719626	0.7336244541484717	0.8840579710144928	0.8442211055276382	0.11594202898550725	0.5321535212293351	0.7512510231691587	0.78	0.4879814787131692	0.49748743718592964	100.0	268.0	199.0	69.0	229.0	0.0				
deep-amp-cnn-grampos	holdout2026_species_ecoli	classification	307	309	0.9935275080906149	0.1592055176478907	0.8240343347639485	0.7191011235955056	0.8823529411764706	0.964824120603015	0.11764705882352941	0.5723322494827077	0.7308359491748568	0.71	0.4993543569239386	0.5000126259437893	100.0	284.0	199.0	85.0	267.0	0.0				
deep-amp-lstm-gramneg	holdout2026_species_ecoli	classification	307	309	0.9935275080906149	0.06496812113986411	0.7563025210084033	0.6818181818181818	0.7974683544303798	0.8490566037735849	0.20253164556962025	0.5084786243133509	0.6585354490216587	0.63	0.4925395648184229	0.49748743718592964	100.0	238.0	159.0	79.0	198.0	0.0				
deep-amp-lstm-grampos	holdout2026_species_ecoli	classification	307	309	0.9935275080906149	0.1416596861545778	0.7917737789203085	0.719626168224299	0.7692307692307693	0.88	0.23076923076923078	0.5745787545787546	0.7464692953091063	0.72	0.5362251783304415	0.49748743718592964	100.0	253.0	175.0	78.0	214.0	0.0				
example-model	holdout2026_species_ecoli	classification	309	309	1.0	0.025800209229253173	0.5885558583106267	0.7012987012987013	0.4791666666666667	0.5070422535211268	0.5208333333333334	0.5334751564945227	0.7306157773266727	0.74	0.5235153611728852	0.49748743718592964	100.0	309.0	213.0	96.0	154.0	0.0				
hydramp-amp-classifier	holdout2026_species_ecoli	classification	258	309	0.8349514563106796	0.2379342777692053	0.8210023866348448	0.7049180327868853	0.8674698795180723	0.9828571428571429	0.13253012048192772	0.6461617900172116	0.7557987644291263	0.76	0.5191194854606396	0.49748743718592964	100.0	258.0	175.0	83.0	244.0	0.0				
hydramp-mic-classifier	holdout2026_species_ecoli	classification	258	309	0.8349514563106796	0.3274971149837942	0.8226221079691517	0.7476635514018691	0.6506024096385542	0.9142857142857143	0.3493975903614458	0.7025129087779691	0.7932863319470168	0.82	0.5217320409457379	0.49748743718592964	100.0	258.0	175.0	83.0	214.0	0.0				
mbc-attention	holdout2026_species_ecoli	classification	307	309	0.9935275080906149	0.2773500981126146	0.868632707774799	0.7788461538461539	0.8363636363636363	0.9818181818181818	0.16363636363636364	0.6365840220385676	0.8474631365970249	0.84	0.5650282731622445	0.5401248667580326	100.0	220.0	165.0	55.0	208.0	0.0				
sensexamp-classifier	holdout2026_species_ecoli	classification	258	309	0.8349514563106796	0.08375121482972703	0.8084112149532711	0.6837944664031621	0.963855421686747	0.9885714285714285	0.03614457831325301	0.6899827882960413	0.7916858016054107	0.81	0.5250656762387897	0.5032304379038047	100.0	258.0	175.0	83.0	253.0	0.0				
sensexamp-ecoli	holdout2026_species_ecoli	classification	258	309	0.8349514563106796	0.3496208017334778	0.795774647887324	0.795774647887324	0.4461538461538462	0.795774647887324	0.5538461538461539	0.7166847237269772	0.8143365876114083	0.83	0.5483834179164053	0.5010262580508175	100.0	207.0	142.0	65.0	142.0	0.0				
sensexamp-saureus	holdout2026_species_ecoli	classification	258	309	0.8349514563106796	0.33838296559401065	0.7407407407407407	0.8264462809917356	0.3088235294117647	0.6711409395973155	0.6911764705882353	0.703513620213186	0.8392895578246115	0.85	0.5830822615164045	0.5379582476139084	100.0	217.0	149.0	68.0	121.0	0.0				
ampeppy	holdout2026_species_kpneumoniae	classification	140	140	1.0	0.04932636236669901	0.8835341365461847	0.8029197080291971	0.9642857142857143	0.9821428571428571	0.03571428571428571	0.482780612244898	0.7983037514184623	0.79	0.49268259935553166	0.5064608758076095	100.0	140.0	112.0	28.0	137.0	0.0				
amplify	holdout2026_species_kpneumoniae	classification	140	140	1.0	0.17264226828344653	0.891566265060241	0.8102189781021898	0.9285714285714286	0.9910714285714286	0.07142857142857142	0.5932716836734694	0.8466105121732723	0.81	0.5024167561761547	0.5109475951184493	100.0	140.0	112.0	28.0	137.0	0.0				
ampredictor	holdout2026_species_kpneumoniae	classification	140	140	1.0	0.38118124993124375	0.9315068493150684	0.8717948717948718	0.8333333333333334	1.0	0.16666666666666666	0.579520697167756	0.8878821008548348	0.87	0.5430569888774224	0.5221204059513253	100.0	120.0	102.0	18.0	117.0	0.0				
ampredmfa	holdout2026_species_kpneumoniae	classification	140	140	1.0	0.0	0.8888888888888888	0.8	1.0	1.0	0.0	0.4823022959183674	0.7839939029862086	0.81	0.4907894736842105	0.4991206030150754	100.0	140.0	112.0	28.0	140.0	0.0				
ampscanner	holdout2026_species_kpneumoniae	classification	130	140	0.9285714285714286	0.10942844490912643	0.905982905982906	0.8548387096774194	0.9	0.9636363636363636	0.1	0.6070454545454546	0.8834225696202096	0.86	0.5127591706539075	0.5012182122734886	100.0	130.0	110.0	20.0	124.0	0.0				
apex-abaumannii	holdout2026_species_kpneumoniae	classification	140	140	1.0	0.3429971702850177	0.8172043010752689	0.9047619047619048	0.3333333333333333	0.7450980392156863	0.6666666666666666	0.7401960784313726	0.8830343878897845	0.8095238095238095	0.49432404540763675	0.5073406246920878	100.0	63.0	51.0	12.0	42.0	0.0				
apex-ecoli	holdout2026_species_kpneumoniae	classification	140	140	1.0	0.3495476477802783	0.7027027027027027	0.8666666666666667	0.21052631578947367	0.5909090909090909	0.7894736842105263	0.7440191387559809	0.8680097857047462	0.6984126984126984	0.5933014354066986	0.6116948378254911	100.0	63.0	44.0	19.0	30.0	0.0				
apex-kpneumoniae	holdout2026_species_kpneumoniae	classification	140	140	1.0	0.0	0.0	0.0	0.0	0.0	1.0	0.5485232067510548	0.842231717660538	0.8144329896907216	0.513657561625583	0.5102092742191973	100.0	97.0	79.0	18.0	0.0	0.0				
apex-min	holdout2026_species_kpneumoniae	classification	140	140	1.0	0.27181540542670773	0.9112426035502958	0.8555555555555555	0.8125	0.9746835443037974	0.1875	0.41693037974683544	0.8260095917020173	0.8315789473684211	0.5411392405063291	0.5547357038356339	100.0	95.0	79.0	16.0	90.0	0.0				
apex-paeruginosa	holdout2026_species_kpneumoniae	classification	140	140	1.0	-0.022422426466543747	0.17777777777777778	0.6666666666666666	0.11764705882352941	0.10256410256410256	0.8823529411764706	0.693815987933635	0.8087280386104259	0.6964285714285714	0.5117885210764468	0.5232573122020359	100.0	56.0	39.0	17.0	6.0	0.0				
apex-saureus	holdout2026_species_kpneumoniae	classification	140	140	1.0	0.12529400275814703	0.10810810810810811	1.0	0.0	0.05714285714285714	1.0	0.388	0.7048756001415921	0.7368421052631579	0.5082706766917293	0.5262024407753051	100.0	95.0	70.0	25.0	4.0	0.0				
deep-amp-cnn-gramneg	holdout2026_species_kpneumoniae	classification	140	140	1.0	-0.04826990761706643	0.8733624454148472	0.8333333333333334	0.9523809523809523	0.9174311926605505	0.047619047619047616	0.5945827872433378	0.8503403460881056	0.86	0.4755236715642317	0.49748743718592964	100.0	130.0	109.0	21.0	120.0	0.0				
deep-amp-cnn-grampos	holdout2026_species_kpneumoniae	classification	140	140	1.0	0.05447047794019222	0.8869565217391304	0.8095238095238095	0.96	0.9807692307692307	0.04	0.4865384615384616	0.7674844510539897	0.84	0.4807692307692308	0.49748743718592964	100.0	129.0	104.0	25.0	126.0	0.0				
deep-amp-lstm-gramneg	holdout2026_species_kpneumoniae	classification	140	140	1.0	0.020384266921492377	0.8512820512820513	0.7830188679245284	0.92	0.9325842696629213	0.08	0.39370786516853934	0.7376143425575581	0.78	0.4973388527498522	0.5087798543278189	100.0	114.0	89.0	25.0	106.0	0.0				
deep-amp-lstm-grampos	holdout2026_species_kpneumoniae	classification	140	140	1.0	0.04266600929914307	0.8512820512820513	0.8058252427184466	0.8695652173913043	0.9021739130434783	0.13043478260869565	0.5378071833648392	0.839584156845685	0.8	0.5383543925977514	0.5247979025562596	100.0	115.0	92.0	23.0	103.0	0.0				
example-model	holdout2026_species_kpneumoniae	classification	140	140	1.0	-0.10714285714285714	0.5824175824175825	0.7571428571428571	0.6071428571428571	0.4732142857142857	0.39285714285714285	0.44610969387755106	0.7955869825840756	0.78	0.506578947368421	0.5199210337401292	100.0	140.0	112.0	28.0	70.0	0.0				
hydramp-amp-classifier	holdout2026_species_kpneumoniae	classification	118	140	0.8428571428571429	0.26247814573453004	0.8995215311004785	0.8245614035087719	0.8695652173913043	0.9894736842105263	0.13043478260869565	0.7123569794050343	0.9105348058209792	0.84	0.590027700831025	0.5833377413382703	100.0	118.0	95.0	23.0	114.0	0.0				
hydramp-mic-classifier	holdout2026_species_kpneumoniae	classification	118	140	0.8428571428571429	0.4647941072843817	0.916256157635468	0.8611111111111112	0.6521739130434783	0.9789473684210527	0.34782608695652173	0.808695652173913	0.9378145128169044	0.9	0.6251957123931109	0.5768315260513092	100.0	118.0	95.0	23.0	108.0	0.0				
mbc-attention	holdout2026_species_kpneumoniae	classification	140	140	1.0	0.35344438297082176	0.9270833333333334	0.8811881188118812	0.75	0.978021978021978	0.25	0.661401098901099	0.9074411959425382	0.88	0.532967032967033	0.5416643657849688	100.0	107.0	91.0	16.0	101.0	0.0				
sensexamp-classifier	holdout2026_species_kpneumoniae	classification	118	140	0.8428571428571429	0.1923451335911846	0.8952380952380953	0.8173913043478261	0.9130434782608695	0.9894736842105263	0.08695652173913043	0.783066361556064	0.9380223143940234	0.85	0.6733710706973383	0.6455964030679714	100.0	118.0	95.0	23.0	115.0	0.0				
sensexamp-ecoli	holdout2026_species_kpneumoniae	classification	118	140	0.8428571428571429	0.33669790915645276	0.863013698630137	0.863013698630137	0.5263157894736842	0.863013698630137	0.47368421052631576	0.7534246575342466	0.9177928614476225	0.7934782608695652	0.6144651462831556	0.5732085082948991	100.0	92.0	73.0	19.0	73.0	0.0				
sensexamp-saureus	holdout2026_species_kpneumoniae	classification	118	140	0.8428571428571429	0.45157554226047136	0.8591549295774648	0.9242424242424242	0.2777777777777778	0.8026315789473685	0.7222222222222222	0.7711988304093567	0.9322945299356509	0.8085106382978723	0.646814404432133	0.662787622322137	100.0	94.0	76.0	18.0	66.0	0.0				
ampeppy	holdout2026_species_paeruginosa	classification	292	292	1.0	-0.0312331849582056	0.8259109311740891	0.723404255319149	0.975	0.9622641509433962	0.025	0.4659198113207547	0.7157992150128981	0.71	0.5002172293942403	0.5045984640182042	100.0	292.0	212.0	80.0	282.0	0.0				
amplify	holdout2026_species_paeruginosa	classification	292	292	1.0	0.22617782337431025	0.8508064516129032	0.7429577464788732	0.9125	0.9952830188679245	0.0875	0.5179245283018867	0.7352433108924427	0.74	0.49354518371400197	0.5022281217407794	100.0	292.0	212.0	80.0	284.0	0.0				
ampredictor	holdout2026_species_paeruginosa	classification	292	292	1.0	0.055513187947561486	0.8547945205479452	0.7572815533980582	0.9615384615384616	0.9811320754716981	0.038461538461538464	0.6168359941944848	0.8130361029285366	0.82	0.5043668678226771	0.5038083499257293	100.0	211.0	159.0	52.0	206.0	0.0				
ampredmfa	holdout2026_species_paeruginosa	classification	292	292	1.0	0.0	0.8412698412698413	0.726027397260274	1.0	1.0	0.0	0.6139150943396228	0.7842102375927283	0.8	0.5134061569016882	0.5012799848298094	100.0	292.0	212.0	80.0	292.0	0.0				
ampscanner	holdout2026_species_paeruginosa	classification	281	292	0.9623287671232876	0.16364332147963515	0.8523908523908524	0.7481751824817519	0.9324324324324325	0.9903381642512077	0.06756756756756757	0.6160073116594855	0.7900823657810212	0.79	0.509867198654384	0.5009420943438859	100.0	281.0	207.0	74.0	274.0	0.0				
apex-abaumannii	holdout2026_species_paeruginosa	classification	292	292	1.0	0.04935946811331436	0.6424870466321243	0.7126436781609196	0.5319148936170213	0.5849056603773585	0.46808510638297873	0.518667201926937	0.7276974968057812	0.71	0.5146738785945192	0.5022281217407794	100.0	153.0	106.0	47.0	87.0	0.0				
apex-ecoli	holdout2026_species_paeruginosa	classification	292	292	1.0	0.25553852661483867	0.6233766233766234	0.8421052631578947	0.21951219512195122	0.4948453608247423	0.7804878048780488	0.5783253708825747	0.7706451997246271	0.69	0.5312520678109657	0.5026679790706108	100.0	138.0	97.0	41.0	57.0	0.0				
apex-kpneumoniae	holdout2026_species_paeruginosa	classification	292	292	1.0	-0.012500925395721476	0.05405405405405406	0.6666666666666666	0.03278688524590164	0.028169014084507043	0.9672131147540983	0.47760332486723617	0.6948361449540857	0.67	0.5125715466222703	0.49748743718592964	100.0	203.0	142.0	61.0	6.0	0.0				
apex-min	holdout2026_species_paeruginosa	classification	292	292	1.0	-0.028048148343725467	0.7818181818181819	0.7456647398843931	0.8461538461538461	0.821656050955414	0.15384615384615385	0.5402988731014209	0.8024849436442586	0.77	0.5429227159029372	0.5262938898313222	100.0	209.0	157.0	52.0	173.0	0.0				
apex-paeruginosa	holdout2026_species_paeruginosa	classification	292	292	1.0	0.06666666666666667	0.13636363636363635	0.75	0.041666666666666664	0.075	0.9583333333333334	0.47578125000000004	0.6499747264283828	0.6	0.5213815789473685	0.5226130653266332	100.0	128.0	80.0	48.0	8.0	0.0				
apex-saureus	holdout2026_species_paeruginosa	classification	292	292	1.0	0.006152586155554281	0.12578616352201258	0.7142857142857143	0.06557377049180328	0.06896551724137931	0.9344262295081968	0.4878462408140193	0.6952839354194382	0.71	0.49903305465472614	0.49748743718592964	100.0	206.0	145.0	61.0	14.0	0.0				
deep-amp-cnn-gramneg	holdout2026_species_paeruginosa	classification	292	292	1.0	-0.022713243557301307	0.8602620087336245	0.76953125	0.9833333333333333	0.9752475247524752	0.016666666666666666	0.5863861386138615	0.8009427396007462	0.82	0.49365989230502	0.49748743718592964	100.0	262.0	202.0	60.0	256.0	0.0				
deep-amp-cnn-grampos	holdout2026_species_paeruginosa	classification	292	292	1.0	0.09952560610681284	0.8366890380313199	0.7333333333333333	0.9315068493150684	0.9739583333333334	0.0684931506849315	0.5856877853881278	0.7799389544200872	0.79	0.5081936433549628	0.5158082077051926	100.0	265.0	192.0	73.0	255.0	0.0				
deep-amp-lstm-gramneg	holdout2026_species_paeruginosa	classification	292	292	1.0	0.04460719968121822	0.8112244897959183	0.7227272727272728	0.8970588235294118	0.9244186046511628	0.10294117647058823	0.4431429548563611	0.7035782965887841	0.65	0.509233926128591	0.5237816991936426	100.0	240.0	172.0	68.0	220.0	0.0				
deep-amp-lstm-grampos	holdout2026_species_paeruginosa	classification	292	292	1.0	0.017269616359733803	0.7750677506775068	0.7079207920792079	0.8428571428571429	0.8562874251497006	0.15714285714285714	0.5213857998289135	0.7340544493813953	0.71	0.5245599027508892	0.49748743718592964	100.0	237.0	167.0	70.0	202.0	0.0				
example-model	holdout2026_species_paeruginosa	classification	292	292	1.0	0.004207599497193657	0.596100278551532	0.7278911564625851	0.5	0.5047169811320755	0.5	0.5216096698113207	0.7367437131207686	0.75	0.5016137040714995	0.49748743718592964	100.0	292.0	212.0	80.0	147.0	0.0				
hydramp-amp-classifier	holdout2026_species_paeruginosa	classification	270	292	0.9246575342465754	0.018344065972694286	0.827433628318584	0.7391304347826086	0.9295774647887324	0.9396984924623115	0.07042253521126761	0.5565149692122584	0.7710134029290988	0.75	0.5268788965832374	0.4979356581904497	100.0	270.0	199.0	71.0	253.0	0.0				
hydramp-mic-classifier	holdout2026_species_paeruginosa	classification	270	292	0.9246575342465754	0.24822002172336532	0.8391608391608392	0.782608695652174	0.704225352112676	0.9045226130653267	0.29577464788732394	0.5870196050675915	0.7765702658865447	0.76	0.5036710610129967	0.5176889472488069	100.0	270.0	199.0	71.0	230.0	0.0				
mbc-attention	holdout2026_species_paeruginosa	classification	292	292	1.0	0.34956546494717144	0.9020618556701031	0.8293838862559242	0.8	0.9887005649717514	0.2	0.7015693659761457	0.8931869415979571	0.89	0.5595863481679717	0.5343951395395055	100.0	222.0	177.0	45.0	211.0	0.0				
sensexamp-classifier	holdout2026_species_paeruginosa	classification	270	292	0.9246575342465754	0.13566231307267132	0.8516129032258064	0.7443609022556391	0.9577464788732394	0.9949748743718593	0.04225352112676056	0.6009271710666007	0.7892282306228463	0.8	0.5055335983103062	0.5151637584909472	100.0	270.0	199.0	71.0	266.0	0.0				
sensexamp-ecoli	holdout2026_species_paeruginosa	classification	270	292	0.9246575342465754	0.21251660350824897	0.8012618296529969	0.7987421383647799	0.5925925925925926	0.8037974683544303	0.4074074074074074	0.6610407876230661	0.834967479451677	0.84	0.5622671305549387	0.49748743718592964	100.0	212.0	158.0	54.0	159.0	0.0				
sensexamp-saureus	holdout2026_species_paeruginosa	classification	270	292	0.9246575342465754	0.13225837984760971	0.6714801444043321	0.7815126050420168	0.4406779661016949	0.5886075949367089	0.559322033898305	0.5902166916970608	0.7950895544579368	0.79	0.5317810725053355	0.5261115705107817	100.0	217.0	158.0	59.0	119.0	0.0				
ampeppy	holdout2026_species_saureus	classification	373	373	1.0	0.25340799780153134	0.8305084745762712	0.7515337423312883	0.7431192660550459	0.928030303030303	0.25688073394495414	0.606043230469836	0.7689729401874308	0.75	0.5169585765916042	0.5107243194007289	100.0	373.0	264.0	109.0	326.0	0.0				
amplify	holdout2026_species_saureus	classification	373	373	1.0	0.12164228207243954	0.819078947368421	0.7238372093023255	0.8715596330275229	0.9431818181818182	0.12844036697247707	0.6711148179038087	0.8126997385776036	0.85	0.5312431412141697	0.5054226686672171	100.0	373.0	264.0	109.0	344.0	0.0				
ampredictor	holdout2026_species_saureus	classification	372	373	0.9973190348525469	0.13015779263075888	0.8675213675213675	0.7748091603053435	0.9365079365079365	0.9854368932038835	0.06349206349206349	0.5310525504700262	0.79426015396226	0.81	0.5139142354267546	0.5096843440503488	100.0	269.0	206.0	63.0	262.0	0.0				
ampredmfa	holdout2026_species_saureus	classification	373	373	1.0	-0.033314999845834074	0.8270440251572327	0.706989247311828	1.0	0.9962121212121212	0.0	0.527227550736725	0.7360940456868332	0.77	0.5130706738437002	0.5012479537840718	100.0	373.0	264.0	109.0	372.0	0.0				
ampscanner	holdout2026_species_saureus	classification	357	373	0.9571045576407506	0.16514867915618225	0.8417508417508418	0.7507507507507507	0.8645833333333334	0.9578544061302682	0.13541666666666666	0.7101891762452107	0.8454591298935962	0.85	0.5409303658420097	0.5039079243768753	100.0	357.0	261.0	96.0	333.0	0.0				
apex-abaumannii	holdout2026_species_saureus	classification	371	373	0.9946380697050938	0.20947610313480627	0.6448979591836734	0.8315789473684211	0.2909090909090909	0.5266666666666666	0.7090909090909091	0.5607272727272727	0.813418894135255	0.83	0.562360446570973	0.5209380234505863	100.0	205.0	150.0	55.0	95.0	0.0				
apex-ecoli	holdout2026_species_saureus	classification	371	373	0.9946380697050938	0.27559155856060435	0.5463917525773195	0.8833333333333333	0.11864406779661017	0.39552238805970147	0.8813559322033898	0.541866936503921	0.7918348448448348	0.77	0.5795331993023287	0.549988749718743	100.0	193.0	134.0	59.0	60.0	0.0				
apex-kpneumoniae	holdout2026_species_saureus	classification	371	373	0.9946380697050938	0.10001931453741905	0.06217616580310881	1.0	0.0	0.03208556149732621	1.0	0.4390243902439024	0.6952913001721279	0.7	0.5066347229754312	0.5136108349232795	100.0	269.0	187.0	82.0	6.0	0.0				
apex-min	holdout2026_species_saureus	classification	371	373	0.9946380697050938	-0.028481261166177475	0.7606382978723404	0.7688172043010753	0.7818181818181819	0.7526315789473684	0.21818181818181817	0.4457416267942584	0.7567067458850915	0.77	0.4981113069755729	0.5027770431102883	100.0	245.0	190.0	55.0	186.0	0.0				
apex-paeruginosa	holdout2026_species_saureus	classification	371	373	0.9946380697050938	-0.017346251464074165	0.04411764705882353	0.6	0.02857142857142857	0.022900763358778626	0.9714285714285714	0.40218102508178843	0.6241863485659707	0.6	0.5035298169086839	0.5051593847098086	100.0	201.0	131.0	70.0	5.0	0.0				
apex-saureus	holdout2026_species_saureus	classification	371	373	0.9946380697050938	0.1805787796286538	0.1782178217821782	1.0	0.0	0.09782608695652174	1.0	0.4715819800942902	0.7321521868737191	0.71	0.5495712828430427	0.5521083679265895	100.0	267.0	184.0	83.0	18.0	0.0				
deep-amp-cnn-gramneg	holdout2026_species_saureus	classification	371	373	0.9946380697050938	0.03504803875328043	0.8098859315589354	0.7607142857142857	0.8375	0.8658536585365854	0.1625	0.5832317073170733	0.7895623134823653	0.78	0.512997432605905	0.49748743718592964	100.0	326.0	246.0	80.0	280.0	0.0				
deep-amp-cnn-grampos	holdout2026_species_saureus	classification	371	373	0.9946380697050938	-0.027606410187615026	0.777988614800759	0.7068965517241379	0.8854166666666666	0.8649789029535865	0.11458333333333333	0.5021976090014065	0.7121233995425459	0.72	0.49751091864682806	0.4996077433581409	100.0	333.0	237.0	96.0	290.0	0.0				
deep-amp-lstm-gramneg	holdout2026_species_saureus	classification	371	373	0.9946380697050938	0.24080524840121403	0.8105906313645621	0.77734375	0.6263736263736264	0.8468085106382979	0.37362637362637363	0.6461538461538461	0.8160626367584218	0.79	0.5408242373527927	0.5338394098150326	100.0	326.0	235.0	91.0	256.0	0.0				
deep-amp-lstm-grampos	holdout2026_species_saureus	classification	371	373	0.9946380697050938	0.1405641211192311	0.7368421052631579	0.7549019607843137	0.5747126436781609	0.719626168224299	0.42528735632183906	0.560264260393168	0.7435183290755536	0.72	0.5156639584782129	0.49748743718592964	100.0	301.0	214.0	87.0	204.0	0.0				
example-model	holdout2026_species_saureus	classification	373	373	1.0	0.03464420126072566	0.6017699115044248	0.723404255319149	0.47706422018348627	0.5151515151515151	0.5229357798165137	0.5331178760077843	0.7466346035885756	0.74	0.5321027757049003	0.4984304340719444	100.0	373.0	264.0	109.0	188.0	0.0				
hydramp-amp-classifier	holdout2026_species_saureus	classification	312	373	0.8364611260053619	0.15374145087307325	0.7975460122699386	0.7014388489208633	0.8217821782178217	0.9241706161137441	0.1782178217821782	0.6816432828116935	0.7979734312993261	0.82	0.5459720579191868	0.4986901331301055	100.0	312.0	211.0	101.0	278.0	0.0				
hydramp-mic-classifier	holdout2026_species_saureus	classification	312	373	0.8364611260053619	0.281812287245229	0.7816091954022989	0.7589285714285714	0.5346534653465347	0.8056872037914692	0.46534653465346537	0.6571723523063207	0.7598187182411957	0.77	0.5131745651492063	0.4975110171475839	100.0	312.0	211.0	101.0	224.0	0.0				
mbc-attention	holdout2026_species_saureus	classification	372	373	0.9973190348525469	0.058001890333235696	0.8040201005025126	0.7547169811320755	0.8125	0.8602150537634409	0.1875	0.46866599462365593	0.7130396593601451	0.7	0.48288058856819466	0.5028907980764036	100.0	250.0	186.0	64.0	212.0	0.0				
sensexamp-classifier	holdout2026_species_saureus	classification	312	373	0.8364611260053619	-0.027402203839861482	0.7874015748031497	0.6734006734006734	0.9603960396039604	0.9478672985781991	0.039603960396039604	0.707756557646286	0.8433532975991848	0.87	0.603170095009002	0.5522636881087905	100.0	312.0	211.0	101.0	297.0	0.0				
sensexamp-ecoli	holdout2026_species_saureus	classification	312	373	0.8364611260053619	0.3603584345932926	0.7787610619469026	0.7904191616766467	0.40229885057471265	0.7674418604651163	0.5977011494252874	0.7224004276931302	0.822045442328823	0.83	0.5789192307151197	0.5004090218534533	100.0	259.0	172.0	87.0	167.0	0.0				
sensexamp-saureus	holdout2026_species_saureus	classification	312	373	0.8364611260053619	0.43596029922147195	0.7721518987341772	0.8652482269503546	0.23170731707317074	0.6971428571428572	0.7682926829268293	0.7328919860627178	0.8305058999965056	0.86	0.5400696864111498	0.5089734386216799	100.0	257.0	175.0	82.0	141.0	0.0				
ampeppy	homology_40	classification	306	306	1.0	0.1911518760271293	0.7723214285714286	0.6975806451612904	0.7075471698113207	0.865	0.29245283018867924	0.7008490566037737	0.8387436230864594	0.85	0.6368421052631579	0.6189437754811795	100.0	306.0	200.0	106.0	248.0	0.0				
amplify	homology_40	classification	306	306	1.0	0.3271589770803017	0.8027210884353742	0.7344398340248963	0.6037735849056604	0.885	0.39622641509433965	0.7411792452830187	0.843219083177877	0.88	0.6010923535253228	0.5558452640561297	100.0	306.0	200.0	106.0	241.0	0.0				
ampredictor	homology_40	classification	303	306	0.9901960784313726	0.4187798208227631	0.8471337579617835	0.8012048192771084	0.5238095238095238	0.8986486486486487	0.47619047619047616	0.73991848991849	0.8449395295480955	0.86	0.5435661225134909	0.5314409887274208	100.0	211.0	148.0	63.0	166.0	0.0				
ampredmfa	homology_40	classification	306	306	1.0	0.036666884460127905	0.7727272727272727	0.6584507042253521	0.9150943396226415	0.935	0.08490566037735849	0.5396462264150943	0.6994635137348764	0.67	0.5250471698113207	0.519070351758794	100.0	306.0	200.0	106.0	284.0	0.0				
ampscanner	homology_40	classification	306	306	1.0	0.3951182567143372	0.8200455580865603	0.7531380753138075	0.5566037735849056	0.9	0.44339622641509435	0.763561320754717	0.8284826681469831	0.86	0.5574019364448858	0.5054773869346734	100.0	306.0	200.0	106.0	239.0	0.0				
apex-abaumannii	homology_40	classification	290	306	0.9477124183006536	0.13932155628620457	0.08823529411764706	1.0	0.0	0.046153846153846156	1.0	0.6905982905982905	0.7588455793993532	0.74	0.5483580746738641	0.5438732122149208	100.0	220.0	130.0	90.0	6.0	0.0				
apex-ecoli	homology_40	classification	290	306	0.9477124183006536	0.050035193372362737	0.012903225806451613	1.0	0.0	0.006493506493506494	1.0	0.6571293290043291	0.7434780993880781	0.75	0.552574618364092	0.5072766429550349	100.0	250.0	154.0	96.0	1.0	0.0				
apex-kpneumoniae	homology_40	classification	290	306	0.9477124183006536	0.0	0.0	0.0	0.0	0.0	1.0	0.583031914893617	0.7295986855785259	0.71	0.5251959686450168	0.5188709504971667	100.0	288.0	188.0	100.0	0.0	0.0				
apex-min	homology_40	classification	290	306	0.9477124183006536	0.2635283833195675	0.30434782608695654	0.9545454545454546	0.012345679012345678	0.1810344827586207	0.9876543209876543	0.7307364836100467	0.8087276875997845	0.76	0.6195469516703637	0.5321434760006931	100.0	197.0	116.0	81.0	22.0	0.0				
apex-paeruginosa	homology_40	classification	290	306	0.9477124183006536	0.0	0.0	0.0	0.0	0.0	1.0	0.6870414201183432	0.782819287904396	0.74	0.5833073808782311	0.5093812256549017	100.0	269.0	169.0	100.0	0.0	0.0				
apex-saureus	homology_40	classification	290	306	0.9477124183006536	0.0	0.0	0.0	0.0	0.0	1.0	0.6026203208556149	0.739072182278089	0.73	0.5412327610470026	0.5001746701421547	100.0	287.0	187.0	100.0	0.0	0.0				
deep-amp-cnn-gramneg	homology_40	classification	283	306	0.9248366013071896	0.5382802504095074	0.7883817427385892	0.9047619047619048	0.13513513513513514	0.6985294117647058	0.8648648648648649	0.8100158982511924	0.8738785445568344	0.9	0.6417663793824785	0.5159621637599764	100.0	210.0	136.0	74.0	105.0	0.0				
deep-amp-cnn-grampos	homology_40	classification	283	306	0.9248366013071896	0.49889948345499535	0.8300653594771242	0.8523489932885906	0.2972972972972973	0.8089171974522293	0.7027027027027027	0.7657944568772594	0.8565145852634275	0.87	0.5729856574643701	0.5230931728707231	100.0	231.0	157.0	74.0	149.0	0.0				
deep-amp-lstm-gramneg	homology_40	classification	283	306	0.9248366013071896	0.41626319521521593	0.6693877551020408	0.8913043478260869	0.11494252873563218	0.5359477124183006	0.8850574712643678	0.7638043723236421	0.8518659689209518	0.85	0.6191515525347062	0.5369001872105627	100.0	240.0	153.0	87.0	92.0	0.0				
deep-amp-lstm-grampos	homology_40	classification	283	306	0.9248366013071896	0.43462859227352907	0.7102803738317757	0.8351648351648352	0.17857142857142858	0.6178861788617886	0.8214285714285714	0.7726480836236934	0.8453857566073535	0.79	0.6622654196466777	0.5587694570413041	100.0	207.0	123.0	84.0	91.0	0.0				
example-model	homology_40	classification	306	306	1.0	-0.14334624910000826	0.4913294797687861	0.5821917808219178	0.5754716981132075	0.425	0.42452830188679247	0.4242452830188679	0.6024567453055474	0.59	0.4926017874875869	0.49748743718592964	100.0	306.0	200.0	106.0	146.0	0.0				
hydramp-amp-classifier	homology_40	classification	116	306	0.3790849673202614	0.2844827982448814	0.7346938775510204	0.6923076923076923	0.5106382978723404	0.782608695652174	0.48936170212765956	0.705827937095282	0.7674887265071896	0.63	0.5598617264715906	0.5339013910130362	100.0	116.0	69.0	47.0	78.0	0.0				
hydramp-mic-classifier	homology_40	classification	116	306	0.3790849673202614	0.4925008235606911	0.7288135593220338	0.8775510204081632	0.1276595744680851	0.6231884057971014	0.8723404255319149	0.8048103607770583	0.8902476222169237	0.64	0.7627278186214843	0.7451023232102543	100.0	116.0	69.0	47.0	49.0	0.0				
mbc-attention	homology_40	classification	299	306	0.9771241830065359	0.6833566079008696	0.89419795221843	0.891156462585034	0.21621621621621623	0.8972602739726028	0.7837837837837838	0.8980007404664939	0.9446705312194326	0.93	0.7388881311015414	0.624836511323742	100.0	220.0	146.0	74.0	147.0	0.0				
mole-amp	homology_40	classification	306	306	1.0	0.0	0.0	0.0	0.0	0.0	1.0	0.5	0.6535947712418301	0.6	0.5	0.5	100.0	306.0	200.0	106.0	0.0	0.0				
sensexamp-classifier	homology_40	classification	116	306	0.3790849673202614	0.16212463390259352	0.7283950617283951	0.6344086021505376	0.723404255319149	0.855072463768116	0.2765957446808511	0.7086031452358927	0.759837618556199	0.63	0.5411980459938004	0.5120530187167722	100.0	116.0	69.0	47.0	93.0	0.0				
sensexamp-ecoli	homology_40	classification	116	306	0.3790849673202614	0.4328915945355969	0.5681818181818182	0.9615384615384616	0.023255813953488372	0.4032258064516129	0.9767441860465116	0.705926481620405	0.7975349365152844	0.59	0.6442531685552968	0.5136975198573512	100.0	105.0	62.0	43.0	26.0	0.0				
sensexamp-saureus	homology_40	classification	116	306	0.3790849673202614	0.321898153229607	0.358974358974359	1.0	0.0	0.21875	1.0	0.659375	0.7938432622083763	0.57	0.6527777777777778	0.6309673366834171	100.0	109.0	64.0	45.0	14.0	0.0				
ampeppy	homology_60	classification	1008	1008	1.0	0.24334832565026204	0.8439803439803439	0.7736486486486487	0.75	0.9283783783783783	0.25	0.7205854175070593	0.8765229983604098	0.97	0.6151302520116346	0.5304179226102275	100.0	1008.0	740.0	268.0	888.0	0.0				
amplify	homology_60	classification	1008	1008	1.0	0.3360956635391883	0.8594327990135635	0.7902494331065759	0.6902985074626866	0.9418918918918919	0.30970149253731344	0.7697080475998386	0.8926805097240886	0.95	0.6038380289165836	0.519759953458296	100.0	1008.0	740.0	268.0	882.0	0.0				
ampredictor	homology_60	classification	1004	1008	0.996031746031746	0.46076281349904336	0.9018567639257294	0.8673469387755102	0.5416666666666666	0.9392265193370166	0.4583333333333333	0.7489257213014119	0.8983722354731422	0.94	0.551724230773373	0.5151992826831107	100.0	687.0	543.0	144.0	588.0	0.0				
ampredmfa	homology_60	classification	1008	1008	1.0	0.05330505584870574	0.8422273781902552	0.7378048780487805	0.9626865671641791	0.981081081081081	0.03731343283582089	0.5755193626462283	0.7878174429739104	0.85	0.5323186344238976	0.503705464258228	100.0	1008.0	740.0	268.0	984.0	0.0				
ampscanner	homology_60	classification	1008	1008	1.0	0.3845326225297271	0.8663766314481044	0.8020713463751439	0.6417910447761194	0.9418918918918919	0.3582089552238806	0.7793238200887456	0.8841144645935597	0.95	0.5726561007197299	0.506950971071574	100.0	1008.0	740.0	268.0	869.0	0.0				
apex-abaumannii	homology_60	classification	990	1008	0.9821428571428571	0.3027687536898163	0.45454545454545453	0.9328358208955224	0.04090909090909091	0.3004807692307692	0.9590909090909091	0.6973229895104895	0.8243320412582644	0.93	0.6222856091277144	0.5148381768984784	100.0	636.0	416.0	220.0	134.0	0.0				
apex-ecoli	homology_60	classification	990	1008	0.9821428571428571	0.18284786266484668	0.19480519480519481	0.9574468085106383	0.00881057268722467	0.10843373493975904	0.9911894273127754	0.6341701608194894	0.7819835937418103	0.88	0.5760030616321069	0.5413082609587399	100.0	642.0	415.0	227.0	47.0	0.0				
apex-kpneumoniae	homology_60	classification	990	1008	0.9821428571428571	0.021690115021730568	0.0032520325203252032	1.0	0.0	0.0016286644951140066	1.0	0.5946783878183745	0.8028180054509648	0.9	0.5707190152690309	0.5198478427484018	100.0	863.0	614.0	249.0	1.0	0.0				
apex-min	homology_60	classification	990	1008	0.9821428571428571	0.42055948144499383	0.7150684931506849	0.9190140845070423	0.125	0.5852017937219731	0.875	0.7543502632092025	0.8785624635254579	0.93	0.6173333264922884	0.5180131501727785	100.0	630.0	446.0	184.0	284.0	0.0				
apex-paeruginosa	homology_60	classification	990	1008	0.9821428571428571	0.06785312521281654	0.0275049115913556	1.0	0.0	0.013944223107569721	1.0	0.6494677029586572	0.7999146106208412	0.87	0.5756490861403394	0.5127981360660004	100.0	746.0	502.0	244.0	7.0	0.0				
apex-saureus	homology_60	classification	990	1008	0.9821428571428571	0.03461728855798309	0.033112582781456956	0.8333333333333334	0.007936507936507936	0.016891891891891893	0.9920634920634921	0.6111580330330331	0.7963915825580214	0.9	0.5589692135744767	0.505409932545611	100.0	844.0	592.0	252.0	12.0	0.0				
deep-amp-cnn-gramneg	homology_60	classification	983	1008	0.9751984126984127	0.5437035990407065	0.8917748917748918	0.8956521739130435	0.3389830508474576	0.8879310344827587	0.6610169491525424	0.8299435028248587	0.93250729088865	0.96	0.623852881766075	0.5667652503703008	100.0	757.0	580.0	177.0	575.0	0.0				
deep-amp-cnn-grampos	homology_60	classification	983	1008	0.9751984126984127	0.39677337595877615	0.8770864946889226	0.8376811594202899	0.5773195876288659	0.9203821656050956	0.422680412371134	0.7172417755597873	0.8737143197505759	0.91	0.5492585130170623	0.520106936943566	100.0	822.0	628.0	194.0	690.0	0.0				
deep-amp-lstm-gramneg	homology_60	classification	983	1008	0.9751984126984127	0.4286060619293277	0.811214953271028	0.8732394366197183	0.2930232558139535	0.7574171029668412	0.7069767441860465	0.7771013433986769	0.8877944797116565	0.91	0.5893972115238785	0.5167199282258934	100.0	788.0	573.0	215.0	497.0	0.0				
deep-amp-lstm-grampos	homology_60	classification	983	1008	0.9751984126984127	0.4545651110842913	0.8101761252446184	0.8734177215189873	0.26785714285714285	0.7554744525547445	0.7321428571428571	0.7806878910323253	0.8875559938679836	0.93	0.6080158196586356	0.5235235090991978	100.0	772.0	548.0	224.0	474.0	0.0				
example-model	homology_60	classification	1008	1008	1.0	-0.02331723642417297	0.577922077922078	0.7235772357723578	0.5074626865671642	0.4810810810810811	0.4925373134328358	0.4876739612747075	0.7362182125021435	0.76	0.5042467251226088	0.5002724392434135	100.0	1008.0	740.0	268.0	492.0	0.0				
hydramp-amp-classifier	homology_60	classification	701	1008	0.6954365079365079	0.40298900846453295	0.8602941176470589	0.8068965517241379	0.5803108808290155	0.9212598425196851	0.41968911917098445	0.7850454897800987	0.8889989799084681	0.9	0.5834523275264167	0.5257191725425708	100.0	701.0	508.0	193.0	580.0	0.0				
hydramp-mic-classifier	homology_60	classification	701	1008	0.6954365079365079	0.5189585079696369	0.8275862068965517	0.9142857142857143	0.18652849740932642	0.7559055118110236	0.8134715025906736	0.8558657337521929	0.9337850747340601	0.97	0.6733582559065855	0.5670285661918995	100.0	701.0	508.0	193.0	420.0	0.0				
mbc-attention	homology_60	classification	1000	1008	0.9920634920634921	0.6761555314004973	0.9149797570850202	0.9281314168377823	0.20833333333333334	0.9021956087824351	0.7916666666666666	0.896516490827868	0.9601004894468921	0.99	0.734128234758553	0.6099927448286008	100.0	669.0	501.0	168.0	487.0	0.0				
mole-amp	homology_60	classification	1008	1008	1.0	0.0	0.0	0.0	0.0	0.0	1.0	0.5	0.7341269841269841	0.74	0.5	0.5	100.0	1008.0	740.0	268.0	0.0	0.0				
sensexamp-classifier	homology_60	classification	701	1008	0.6954365079365079	0.3129928909024591	0.857389801210026	0.7642526964560863	0.7927461139896373	0.9763779527559056	0.20725388601036268	0.8291991350822081	0.9284352493763464	0.98	0.6961997728195075	0.5837372985444541	100.0	701.0	508.0	193.0	649.0	0.0				
sensexamp-ecoli	homology_60	classification	701	1008	0.6954365079365079	0.5533638514081899	0.8322496749024707	0.9221902017291066	0.1569767441860465	0.7582938388625592	0.8430232558139535	0.8458062382894302	0.9273094992058118	0.97	0.6800222754616068	0.5458389711148047	100.0	594.0	422.0	172.0	347.0	0.0				
sensexamp-saureus	homology_60	classification	701	1008	0.6954365079365079	0.49005603641756224	0.7369942196531792	0.9550561797752809	0.0670391061452514	0.6	0.9329608938547486	0.802615839631942	0.9162841385671598	0.97	0.7210854938858813	0.5675650681934153	100.0	604.0	425.0	179.0	267.0	0.0				
ampeppy	homology_80	classification	1726	1726	1.0	0.26199125443165594	0.8646956521739131	0.7922243467176545	0.7761904761904762	0.9517611026033691	0.22380952380952382	0.6866440603806606	0.8636203580577854	0.97	0.5648769703738673	0.518155203934791	100.0	1726.0	1306.0	420.0	1569.0	0.0				
amplify	homology_80	classification	1726	1726	1.0	0.3025293975937788	0.8718836565096952	0.7958280657395702	0.7690476190476191	0.9640122511485452	0.23095238095238096	0.7338556479253263	0.8671404767682218	0.9	0.538394224458543	0.5009705422027368	100.0	1726.0	1306.0	420.0	1582.0	0.0				
ampredictor	homology_80	classification	1722	1726	0.9976825028968713	0.5362575189343657	0.9210526315789473	0.8906691800188501	0.48739495798319327	0.9535822401614531	0.5126050420168067	0.7654308948604669	0.9123705276712746	0.94	0.5595922792081408	0.515354417961476	100.0	1229.0	991.0	238.0	1061.0	0.0				
ampredmfa	homology_80	classification	1726	1726	1.0	0.05556286517358293	0.8593282341203857	0.7595532039976485	0.9738095238095238	0.9892802450229708	0.02619047619047619	0.5791338510902063	0.8062201580117103	0.92	0.5281962350149664	0.5028649611260612	100.0	1726.0	1306.0	420.0	1701.0	0.0				
ampscanner	homology_80	classification	1726	1726	1.0	0.33250706564137195	0.8743893928820656	0.8032051282051282	0.7309523809523809	0.9594180704441041	0.26904761904761904	0.727440202727339	0.8650350844716338	0.8	0.5398255327327626	0.5038024377986055	100.0	1726.0	1306.0	420.0	1560.0	0.0				
apex-abaumannii	homology_80	classification	1706	1726	0.9884125144843569	0.33097096417428823	0.5493230174081238	0.9281045751633987	0.06646525679758308	0.3901098901098901	0.9335347432024169	0.7006905481225723	0.844103518877802	0.93	0.6099613139285583	0.5121685917052478	100.0	1059.0	728.0	331.0	306.0	0.0				
apex-ecoli	homology_80	classification	1706	1726	0.9884125144843569	0.24649051459048762	0.3220338983050847	0.9637681159420289	0.014705882352941176	0.1933139534883721	0.9852941176470589	0.639765731874145	0.8096793572953834	0.97	0.5975682194542444	0.5465099093277606	100.0	1028.0	688.0	340.0	138.0	0.0				
apex-kpneumoniae	homology_80	classification	1706	1726	0.9884125144843569	0.03710532324571031	0.009940357852882704	1.0	0.0	0.004995004995004995	1.0	0.5789882940278719	0.8009416281475114	0.9	0.5496837560439838	0.5119212339880324	100.0	1380.0	1001.0	379.0	5.0	0.0				
apex-min	homology_80	classification	1706	1726	0.9884125144843569	0.42737517308631695	0.7777777777777778	0.9184	0.18214285714285713	0.6745005875440658	0.8178571428571428	0.7574450226624139	0.8956938975938782	0.93	0.5803477554049636	0.5114906410514888	100.0	1131.0	851.0	280.0	625.0	0.0				
apex-paeruginosa	homology_80	classification	1706	1726	0.9884125144843569	0.08488304021728169	0.043795620437956206	1.0	0.0	0.022388059701492536	1.0	0.6223340402544916	0.7899739196501447	0.89	0.552928527954274	0.5163786601367447	100.0	1177.0	804.0	373.0	18.0	0.0				
apex-saureus	homology_80	classification	1706	1726	0.9884125144843569	0.0875944020864826	0.07262021589793916	0.9487179487179487	0.005235602094240838	0.03775510204081633	0.9947643979057592	0.6124532535527301	0.815147245371549	0.94	0.5576534829969464	0.5173350457813161	100.0	1362.0	980.0	382.0	39.0	0.0				
deep-amp-cnn-gramneg	homology_80	classification	1698	1726	0.9837775202780996	0.4941760912191422	0.902014652014652	0.8881875563570785	0.4460431654676259	0.9162790697674419	0.5539568345323741	0.804273046678936	0.9268443688207173	0.96	0.597365339062899	0.511443784086906	100.0	1353.0	1075.0	278.0	1109.0	0.0				
deep-amp-cnn-grampos	homology_80	classification	1698	1726	0.9837775202780996	0.37404887474989607	0.8941666666666667	0.8475513428120063	0.652027027027027	0.9462081128747796	0.34797297297297297	0.7166660708327375	0.8892600594899697	0.93	0.5538050581910231	0.5097274829268129	100.0	1430.0	1134.0	296.0	1266.0	0.0				
deep-amp-lstm-gramneg	homology_80	classification	1698	1726	0.9837775202780996	0.4221165492832883	0.8428927680798005	0.8765560165975104	0.3606060606060606	0.8117195004803074	0.6393939393939394	0.768858614968125	0.8981054278623745	0.97	0.5791067048461255	0.5142949047920592	100.0	1371.0	1041.0	330.0	964.0	0.0				
deep-amp-lstm-grampos	homology_80	classification	1698	1726	0.9837775202780996	0.4369310627668128	0.82259767687434	0.8852272727272728	0.28939828080229224	0.7682445759368837	0.7106017191977078	0.78109052067615	0.8994794018558188	0.93	0.5953662746581787	0.5228753364262295	100.0	1363.0	1014.0	349.0	880.0	0.0				
example-model	homology_80	classification	1726	1726	1.0	-0.042791694683842495	0.5771561771561772	0.7377830750893921	0.5238095238095238	0.47396630934150075	0.47619047619047616	0.4686665937431634	0.7442819806144161	0.72	0.4985741536076025	0.5005674474611811	100.0	1726.0	1306.0	420.0	839.0	0.0				
hydramp-amp-classifier	homology_80	classification	1315	1726	0.7618771726535342	0.37587469559172937	0.8741226017781937	0.8121739130434783	0.6585365853658537	0.9463019250253293	0.34146341463414637	0.7584049966639483	0.8851997079627243	0.96	0.5553088741573706	0.5183107819225616	100.0	1315.0	987.0	328.0	1150.0	0.0				
hydramp-mic-classifier	homology_80	classification	1315	1726	0.7618771726535342	0.5203274356612817	0.8517316017316018	0.9140534262485482	0.22560975609756098	0.7973657548125633	0.774390243902439	0.8516831615884548	0.9378937978284178	0.99	0.6587391545807956	0.561802389266122	100.0	1315.0	987.0	328.0	861.0	0.0				
mbc-attention	homology_80	classification	1717	1726	0.9947856315179606	0.6512069641319609	0.919891008174387	0.9224043715846995	0.26199261992619927	0.9173913043478261	0.7380073800738007	0.8765121129472164	0.9545999596454761	1.0	0.6800244032188606	0.6007673535332688	100.0	1191.0	920.0	271.0	915.0	0.0				
mole-amp	homology_80	classification	1726	1726	1.0	0.0	0.0	0.0	0.0	0.0	1.0	0.5	0.7566628041714948	0.65	0.5	0.5	100.0	1726.0	1306.0	420.0	0.0	0.0				
sensexamp-classifier	homology_80	classification	1315	1726	0.7618771726535342	0.25319897090772103	0.8669642857142857	0.7749401436552275	0.8597560975609756	0.983789260385005	0.1402439024390244	0.7875877258012702	0.9116395634773364	0.99	0.6166141872584939	0.5536564131354378	100.0	1315.0	987.0	328.0	1253.0	0.0				
sensexamp-ecoli	homology_80	classification	1315	1726	0.7618771726535342	0.5557592496498195	0.8791072535647861	0.9195849546044098	0.24124513618677043	0.8420427553444181	0.7587548638132295	0.8517472758024714	0.9426200054056517	0.98	0.6729284740359082	0.5354045010861679	100.0	1099.0	842.0	257.0	771.0	0.0				
sensexamp-saureus	homology_80	classification	1315	1726	0.7618771726535342	0.5283742594762914	0.813324080499653	0.9497568881685575	0.10954063604240283	0.7111650485436893	0.8904593639575972	0.8240205495900375	0.9292847658436255	0.98	0.6739461135256062	0.5415859357854834	100.0	1107.0	824.0	283.0	617.0	0.0				
ampeppy	length_01_10	classification	636	636	1.0	0.28081845803604677	0.8447082096933729	0.7834862385321101	0.6941176470588235	0.9163090128755365	0.3058823529411765	0.725675334511487	0.8713172511073642	0.94	0.5917763988360196	0.5344051740652264	100.0	636.0	466.0	170.0	545.0	0.0				
amplify	length_01_10	classification	635	636	0.9984276729559748	0.23675076710182905	0.8382642998027613	0.7755474452554745	0.727810650887574	0.9120171673819742	0.27218934911242604	0.7944802803667115	0.9128474143034759	0.97	0.6880425789567247	0.5076316455426433	100.0	635.0	466.0	169.0	548.0	0.0				
ampredictor	length_01_10	classification	636	636	1.0	0.752221076777972	0.9509116409537167	0.9338842975206612	0.25806451612903225	0.9685714285714285	0.7419354838709677	0.9038709677419354	0.9659824209078438	0.99	0.6871048589214973	0.5764536970567121	100.0	443.0	350.0	93.0	363.0	0.0				
ampredmfa	length_01_10	classification	635	636	0.9984276729559748	0.0	0.846503178928247	0.7338582677165354	1.0	1.0	0.0	0.5943634609035732	0.7728472745320937	0.73	0.49974587756946015	0.49997573705437054	100.0	635.0	466.0	169.0	635.0	0.0				
ampscanner	length_01_10	classification	201	636	0.3160377358490566	-0.026759760899128005	0.662020905923345	0.5277777777777778	0.9042553191489362	0.8878504672897196	0.09574468085106383	0.7717240007953867	0.8313169658122056	0.76	0.6828918587979194	0.5955478326210492	100.0	201.0	107.0	94.0	180.0	0.0				
apex-abaumannii	length_01_10	classification	636	636	1.0	0.33874700876830716	0.4046242774566474	0.9722222222222222	0.009900990099009901	0.25547445255474455	0.9900990099009901	0.6460938064609381	0.7705607377506923	0.73	0.6339714647607673	0.546079025611544	100.0	238.0	137.0	101.0	36.0	0.0				
apex-ecoli	length_01_10	classification	636	636	1.0	0.5616981917084165	0.6931818181818182	0.9838709677419355	0.011494252873563218	0.5350877192982456	0.9885057471264368	0.8796128251663642	0.9146429159144962	0.85	0.7848144256588234	0.5944635457991713	100.0	201.0	114.0	87.0	62.0	0.0				
apex-kpneumoniae	length_01_10	classification	636	636	1.0	-0.026911328340252363	0.008333333333333333	0.5	0.00847457627118644	0.004201680672268907	0.9915254237288136	0.543939609742202	0.6779256042454238	0.71	0.4839916341201958	0.49813159230134435	100.0	356.0	238.0	118.0	2.0	0.0				
apex-min	length_01_10	classification	636	636	1.0	0.3025929609227551	0.9559543230016313	0.915625	0.9	1.0	0.1	0.8108077360637087	0.975118523165907	0.99	0.6688821028680917	0.6535578918483201	100.0	323.0	293.0	30.0	320.0	0.0				
apex-paeruginosa	length_01_10	classification	636	636	1.0	0.06934012899897916	0.053691275167785234	0.8	0.008620689655172414	0.027777777777777776	0.9913793103448276	0.7148587164750957	0.7146389513589253	0.73	0.5315335753176044	0.5043464448680183	100.0	260.0	144.0	116.0	5.0	0.0				
apex-saureus	length_01_10	classification	636	636	1.0	-0.013022348041938385	0.009950248756218905	0.5	0.007042253521126761	0.005025125628140704	0.9929577464788732	0.6837709675136244	0.7054804020771028	0.73	0.5259097563428707	0.49972809763304454	100.0	341.0	199.0	142.0	2.0	0.0				
deep-amp-cnn-gramneg	length_01_10	classification	636	636	1.0	0.40800167653346286	0.9009584664536742	0.8326771653543307	0.7203389830508474	0.9814385150812065	0.2796610169491525	0.8714263242754337	0.9449644257390922	0.98	0.6875924917882815	0.500530692314852	100.0	549.0	431.0	118.0	508.0	0.0				
deep-amp-cnn-grampos	length_01_10	classification	636	636	1.0	0.1346743695107396	0.8520930232558139	0.7495908346972177	0.9386503067484663	0.9870689655172413	0.06134969325153374	0.544491749524011	0.7517411752149866	0.75	0.4952637702782448	0.4987431870586272	100.0	627.0	464.0	163.0	611.0	0.0				
deep-amp-lstm-gramneg	length_01_10	classification	636	636	1.0	0.48125733416479005	0.8989247311827957	0.8410462776659959	0.5939849624060151	0.9653579676674365	0.40601503759398494	0.7469134730590912	0.880592180482565	0.93	0.5554980803168734	0.5050178395493765	100.0	566.0	433.0	133.0	497.0	0.0				
deep-amp-lstm-grampos	length_01_10	classification	636	636	1.0	0.21486822120752141	0.82	0.7867803837953091	0.6622516556291391	0.8561484918793504	0.33774834437086093	0.6360074368863415	0.809874663723881	0.85	0.528021356382613	0.49983472470602736	100.0	582.0	431.0	151.0	469.0	0.0				
example-model	length_01_10	classification	636	636	1.0	0.042235476459941496	0.6213836477987421	0.7507598784194529	0.4823529411764706	0.5300429184549357	0.5176470588235295	0.5186127240595809	0.7515306302267848	0.73	0.5100585976428068	0.501673984667087	100.0	636.0	466.0	170.0	329.0	0.0				
hydramp-amp-classifier	length_01_10	classification	636	636	1.0	0.2775823587464789	0.8504854368932039	0.776595744680851	0.7411764705882353	0.9399141630901288	0.25882352941176473	0.7431582933602625	0.8847933907685718	0.97	0.6154446644255173	0.5232632488369644	100.0	636.0	466.0	170.0	564.0	0.0				
hydramp-mic-classifier	length_01_10	classification	636	636	1.0	0.6885115019108647	0.8940092165898618	0.9651741293532339	0.08235294117647059	0.8326180257510729	0.9176470588235294	0.9171295127493058	0.9583475244547033	0.99	0.7961705576741652	0.541446185738082	100.0	636.0	466.0	170.0	402.0	0.0				
mbc-attention	length_01_10	classification	628	636	0.9874213836477987	0.6513693466583255	0.9263803680981595	0.9069069069069069	0.3333333333333333	0.9467084639498433	0.6666666666666666	0.8602824687363062	0.9464619710187656	0.97	0.647437432695907	0.5667995148154565	100.0	412.0	319.0	93.0	333.0	0.0				
mole-amp	length_01_10	classification	636	636	1.0	0.0	0.0	0.0	0.0	0.0	1.0	0.5	0.7327044025157232	0.51	0.5	0.5	100.0	636.0	466.0	170.0	0.0	0.0				
sensexamp-classifier	length_01_10	classification	622	636	0.9779874213836478	0.11864004722189055	0.8416030534351145	0.7449324324324325	0.9096385542168675	0.9671052631578947	0.09036144578313253	0.8096398752906362	0.925080282846176	0.99	0.7000119591941172	0.5640854876793606	100.0	622.0	456.0	166.0	592.0	0.0				
sensexamp-ecoli	length_01_10	classification	622	636	0.9779874213836478	0.5869211645980836	0.9045643153526971	0.8983516483516484	0.3333333333333333	0.9108635097493036	0.6666666666666666	0.8615272654269869	0.9527501363963061	0.99	0.7202333545978172	0.6298463887103464	100.0	470.0	359.0	111.0	364.0	0.0				
sensexamp-saureus	length_01_10	classification	622	636	0.9779874213836478	0.6316632467613519	0.8585858585858586	0.9586466165413534	0.08527131782945736	0.7774390243902439	0.9147286821705426	0.8820429192664019	0.9499043063114558	0.97	0.7687603865022739	0.5764889868134395	100.0	457.0	328.0	129.0	266.0	0.0				
ampeppy	length_11_20	classification	2408	2408	1.0	0.21049367667714297	0.8696078431372549	0.8023518769787427	0.8107606679035251	0.9491706795077581	0.18923933209647495	0.6637854616529233	0.8530862215055209	0.87	0.531745605074996	0.503833498272559	100.0	2408.0	1869.0	539.0	2211.0	0.0				
amplify	length_11_20	classification	2408	2408	1.0	0.25526789596760463	0.8806366047745358	0.8015803336259877	0.8385899814471243	0.9769930444087748	0.1614100185528757	0.6811501194670193	0.8498491994228041	0.89	0.5170306788839477	0.501891372623732	100.0	2408.0	1869.0	539.0	2278.0	0.0				
ampredictor	length_11_20	classification	2408	2408	1.0	0.6181065954767833	0.9387001477104875	0.9196816208393632	0.39361702127659576	0.9585218702865762	0.6063829787234043	0.8016671480376112	0.9339456003682223	0.97	0.5802783168569349	0.5193171122882256	100.0	1608.0	1326.0	282.0	1382.0	0.0				
ampredmfa	length_11_20	classification	2408	2408	1.0	0.0	0.8739770867430442	0.7761627906976745	1.0	1.0	0.0	0.5744839888384946	0.8095272808454668	0.9	0.5085444813416428	0.5008158047512121	100.0	2408.0	1869.0	539.0	2408.0	0.0				
ampscanner	length_11_20	classification	2408	2408	1.0	0.23676561757016096	0.8763662861306777	0.802491103202847	0.8237476808905381	0.9652220438737292	0.17625231910946196	0.6902051934154663	0.8596321454201338	0.82	0.529064842488852	0.5027750352125034	100.0	2408.0	1869.0	539.0	2248.0	0.0				
apex-abaumannii	length_11_20	classification	2408	2408	1.0	0.4608637367602986	0.7365661861074705	0.9429530201342282	0.09340659340659341	0.6043010752688172	0.9065934065934066	0.7968450903934775	0.9044952909788824	0.95	0.657726823261628	0.5196352790776523	100.0	1294.0	930.0	364.0	596.0	0.0				
apex-ecoli	length_11_20	classification	2408	2408	1.0	0.3690919850216	0.5366795366795367	0.9619377162629758	0.029490616621983913	0.37215528781793844	0.9705093833780161	0.7599549224601714	0.8709350312139121	0.97	0.6586845949245456	0.5537982918601896	100.0	1120.0	747.0	373.0	289.0	0.0				
apex-kpneumoniae	length_11_20	classification	2408	2408	1.0	0.058145747428106846	0.025157232704402517	1.0	0.0	0.012738853503184714	1.0	0.5961598612374887	0.8016504004364584	0.84	0.5198273849432499	0.5115727351498164	100.0	1704.0	1256.0	448.0	16.0	0.0				
apex-min	length_11_20	classification	2408	2408	1.0	0.4198885670974615	0.8872668288726683	0.8952536824877251	0.44755244755244755	0.8794212218649518	0.5524475524475524	0.7842539293503925	0.9279222828200404	0.96	0.584289462441434	0.5171001500882416	100.0	1530.0	1244.0	286.0	1222.0	0.0				
apex-paeruginosa	length_11_20	classification	2408	2408	1.0	0.11978605601886567	0.08498583569405099	1.0	0.0	0.04437869822485207	1.0	0.6251719980744737	0.7908768439389542	0.92	0.5538879468278477	0.5300133950688601	100.0	1477.0	1014.0	463.0	45.0	0.0				
apex-saureus	length_11_20	classification	2408	2408	1.0	0.12225328499576647	0.13262999246420498	0.9565217391304348	0.008771929824561403	0.07125506072874493	0.9912280701754386	0.617321897862064	0.8218671786852585	0.94	0.5538839107143525	0.5177678291307378	100.0	1691.0	1235.0	456.0	92.0	0.0				
deep-amp-cnn-gramneg	length_11_20	classification	2408	2408	1.0	0.4564510217691342	0.9183424741011579	0.8782051282051282	0.6023054755043228	0.9623243933588761	0.3976945244956772	0.7889628672695354	0.9317418239475752	0.96	0.5919508267505359	0.5162331027536015	100.0	1913.0	1566.0	347.0	1716.0	0.0				
deep-amp-cnn-grampos	length_11_20	classification	2408	2408	1.0	0.26221526875421114	0.9034120734908136	0.8346265761396702	0.8525	0.9845537757437071	0.1475	0.6570895308924485	0.8726777682635857	0.9	0.5178549921715043	0.5038838356542438	100.0	2148.0	1748.0	400.0	2062.0	0.0				
deep-amp-lstm-gramneg	length_11_20	classification	2408	2408	1.0	0.2825473770892157	0.848893166506256	0.8416030534351145	0.5804195804195804	0.8563106796116505	0.4195804195804196	0.6771358091746441	0.8597478479047215	0.91	0.5304628375655458	0.5007808863495061	100.0	1974.0	1545.0	429.0	1572.0	0.0				
deep-amp-lstm-grampos	length_11_20	classification	2408	2408	1.0	0.3676655007162138	0.837617962902701	0.8725423728813559	0.4078091106290672	0.8053817271589487	0.5921908893709328	0.73686060938429	0.888006535982208	0.93	0.5464018343513934	0.5150591898622556	100.0	2059.0	1598.0	461.0	1475.0	0.0				
example-model	length_11_20	classification	2408	2408	1.0	-0.013314468365418745	0.611810261374637	0.7707317073170732	0.5231910946196661	0.507223113964687	0.47680890538033394	0.4932350001141562	0.7756720217861839	0.79	0.5015482672828284	0.5001267241855646	100.0	2408.0	1869.0	539.0	1230.0	0.0				
hydramp-amp-classifier	length_11_20	classification	2408	2408	1.0	0.2759654679735419	0.8780368098159509	0.8109700815956482	0.7736549165120594	0.9571963616907437	0.22634508348794063	0.7298402507070244	0.8856619828744177	0.95	0.5502463137059258	0.5123806005092741	100.0	2408.0	1869.0	539.0	2206.0	0.0				
hydramp-mic-classifier	length_11_20	classification	2408	2408	1.0	0.5382866007851156	0.8738357324301439	0.9247311827956989	0.23376623376623376	0.8282504012841091	0.7662337662337663	0.8493549178025216	0.943439411430995	0.98	0.6557203602907751	0.5347996026693342	100.0	2408.0	1869.0	539.0	1674.0	0.0				
mbc-attention	length_11_20	classification	2408	2408	1.0	0.613903747609459	0.9276315789473685	0.920899854862119	0.3353846153846154	0.9344624447717231	0.6646153846153846	0.8681250708054831	0.9580650947678586	1.0	0.6641464883461627	0.5669408558596768	100.0	1683.0	1358.0	325.0	1378.0	0.0				
mole-amp	length_11_20	classification	2408	2408	1.0	0.0	0.0	0.0	0.0	0.0	1.0	0.5	0.7761627906976745	0.51	0.5	0.5	100.0	2408.0	1869.0	539.0	0.0	0.0				
sensexamp-classifier	length_11_20	classification	2408	2408	1.0	0.20239348441599375	0.8791834797056729	0.7901023890784983	0.9128014842300557	0.990904226859283	0.08719851576994433	0.7374142711221363	0.8934869772672478	0.97	0.5676356052416589	0.5185742977672125	100.0	2408.0	1869.0	539.0	2344.0	0.0				
sensexamp-ecoli	length_11_20	classification	2408	2408	1.0	0.5310583901867217	0.9024072869225764	0.916116248348745	0.33509234828496043	0.889102564102564	0.6649076517150396	0.8397554292673026	0.9473036329926666	0.99	0.6458798457479196	0.5360581066485257	100.0	1939.0	1560.0	379.0	1514.0	0.0				
sensexamp-saureus	length_11_20	classification	2408	2408	1.0	0.47415896268878815	0.8169327887114742	0.9401709401709402	0.16203703703703703	0.7222586999343401	0.8379629629629629	0.8119923518396928	0.9284063180428558	0.99	0.6083957614178439	0.5321076577654938	100.0	1955.0	1523.0	432.0	1170.0	0.0				
ampeppy	length_21_30	classification	920	920	1.0	0.2328601933975745	0.9028290282902829	0.8456221198156681	0.8271604938271605	0.9683377308707124	0.1728395061728395	0.6391413401087983	0.87864014228904	0.9	0.5247916527368456	0.5096973351725564	100.0	920.0	758.0	162.0	868.0	0.0				
amplify	length_21_30	classification	920	920	1.0	0.2182369663846297	0.9040928527794746	0.8418657565415245	0.8580246913580247	0.9762532981530343	0.1419753086419753	0.6189248835466954	0.8511334242733977	0.83	0.49515327946564347	0.49748743718592964	100.0	920.0	758.0	162.0	879.0	0.0				
ampredictor	length_21_30	classification	920	920	1.0	0.4978953276713623	0.9431438127090301	0.9170731707317074	0.5666666666666667	0.9707401032702238	0.43333333333333335	0.7768789443488239	0.9454446226076514	0.93	0.5523950438344858	0.545922382999334	100.0	671.0	581.0	90.0	615.0	0.0				
ampredmfa	length_21_30	classification	920	920	1.0	0.03969335526551067	0.9033412887828163	0.8246187363834423	0.9938271604938271	0.9986807387862797	0.006172839506172839	0.6668865435356199	0.890096191338451	0.92	0.5411171459382356	0.5045577491680036	100.0	920.0	758.0	162.0	918.0	0.0				
ampscanner	length_21_30	classification	920	920	1.0	0.23617878732623673	0.9011124845488258	0.8476744186046512	0.808641975308642	0.9617414248021108	0.19135802469135801	0.7243232678588878	0.9045529872736235	0.81	0.5357160361714468	0.503410073805314	100.0	920.0	758.0	162.0	860.0	0.0				
apex-abaumannii	length_21_30	classification	920	920	1.0	0.17929676627441607	0.3048780487804878	0.9375	0.036231884057971016	0.1820388349514563	0.9637681159420289	0.7709300689461094	0.8858778226124413	0.93	0.5926736427391823	0.5014823661009423	100.0	550.0	412.0	138.0	80.0	0.0				
apex-ecoli	length_21_30	classification	920	920	1.0	0.03907905840262205	0.03592814371257485	0.9	0.006802721088435374	0.018329938900203666	0.9931972789115646	0.746304224337393	0.8784118152374707	0.89	0.5289139345308281	0.5025211263516552	100.0	638.0	491.0	147.0	10.0	0.0				
apex-kpneumoniae	length_21_30	classification	920	920	1.0	0.0	0.0	0.0	0.0	0.0	1.0	0.7420102769770649	0.9165523464585962	0.94	0.563751464134707	0.5300927677436112	100.0	865.0	707.0	158.0	0.0	0.0				
apex-min	length_21_30	classification	920	920	1.0	0.2895348781190783	0.5679862306368331	0.9322033898305084	0.0916030534351145	0.4084158415841584	0.9083969465648855	0.7655317058423399	0.8863931550421114	0.92	0.5734698017813031	0.502396344203065	100.0	535.0	404.0	131.0	177.0	0.0				
apex-paeruginosa	length_21_30	classification	920	920	1.0	0.026595775186954516	0.006896551724137931	1.0	0.0	0.0034602076124567475	1.0	0.7769218180117834	0.9191955749966817	0.95	0.5879498146844714	0.5178595681108243	100.0	726.0	578.0	148.0	2.0	0.0				
apex-saureus	length_21_30	classification	920	920	1.0	0.0	0.0	0.0	0.0	0.0	1.0	0.7598181103487707	0.9197270679772057	0.94	0.5697729529656044	0.5143087866433368	100.0	863.0	704.0	159.0	0.0	0.0				
deep-amp-cnn-gramneg	length_21_30	classification	920	920	1.0	0.5367066794622035	0.9355648535564853	0.9379194630872483	0.3894736842105263	0.9332220367278798	0.6105263157894737	0.8042878481679994	0.9429756609707131	0.94	0.5498961796900652	0.5025209520054362	100.0	694.0	599.0	95.0	596.0	0.0				
deep-amp-cnn-grampos	length_21_30	classification	920	920	1.0	0.41631770140487867	0.9273827534039334	0.9054652880354506	0.5925925925925926	0.9503875968992248	0.4074074074074074	0.7336778639104221	0.9294718500623093	0.95	0.5623857231364372	0.5069519287508458	100.0	753.0	645.0	108.0	677.0	0.0				
deep-amp-lstm-gramneg	length_21_30	classification	920	920	1.0	0.35718953657289754	0.8360957642725598	0.9153225806451613	0.336	0.7694915254237288	0.664	0.776528813559322	0.9296917227935	0.97	0.592506690454951	0.5051528830593646	100.0	715.0	590.0	125.0	496.0	0.0				
deep-amp-lstm-grampos	length_21_30	classification	920	920	1.0	0.3695464696957178	0.8314606741573034	0.9044444444444445	0.3359375	0.7693761814744802	0.6640625	0.765344399810964	0.9234838324647265	0.95	0.5921581185951647	0.5366423326462179	100.0	657.0	529.0	128.0	450.0	0.0				
example-model	length_21_30	classification	920	920	1.0	-0.0016508408031255019	0.6107883817427386	0.8232662192393736	0.4876543209876543	0.48548812664907653	0.5123456790123457	0.4922147301215023	0.8268765565008208	0.82	0.49870216928032973	0.5005893665860165	100.0	920.0	758.0	162.0	447.0	0.0				
hydramp-amp-classifier	length_21_30	classification	646	920	0.7021739130434783	0.10117686641667134	0.8933566433566433	0.8474295190713101	0.8761904761904762	0.944547134935305	0.12380952380952381	0.6352961887157821	0.9005457892848756	0.95	0.561345600600392	0.5250922334584639	100.0	646.0	541.0	105.0	603.0	0.0				
hydramp-mic-classifier	length_21_30	classification	646	920	0.7021739130434783	0.442708777443354	0.8966824644549763	0.9202334630350194	0.3904761904761905	0.8743068391866913	0.6095238095238096	0.8216530235014523	0.9462541790198289	0.97	0.6165552513446277	0.5029278953521237	100.0	646.0	541.0	105.0	514.0	0.0				
mbc-attention	length_21_30	classification	920	920	1.0	0.6457148156767144	0.944	0.9398230088495575	0.3148148148148148	0.9482142857142857	0.6851851851851852	0.8714781746031747	0.9656515215382931	0.98	0.6577032859927597	0.558274175108346	100.0	668.0	560.0	108.0	565.0	0.0				
mole-amp	length_21_30	classification	920	920	1.0	0.0	0.0	0.0	0.0	0.0	1.0	0.5	0.8239130434782609	0.7	0.5	0.5	100.0	920.0	758.0	162.0	0.0	0.0				
sensexamp-classifier	length_21_30	classification	646	920	0.7021739130434783	0.17174427028563866	0.9098712446351931	0.8493589743589743	0.8952380952380953	0.9796672828096118	0.10476190476190476	0.6839274711733122	0.9127136165964183	0.96	0.5716185102312158	0.5012482091825203	100.0	646.0	541.0	105.0	624.0	0.0				
sensexamp-ecoli	length_21_30	classification	646	920	0.7021739130434783	0.40288632858901363	0.8717948717948718	0.930952380952381	0.3333333333333333	0.8197064989517819	0.6666666666666666	0.7900190366032915	0.9527662401415664	0.98	0.6474613846116775	0.5775523318900583	100.0	564.0	477.0	87.0	420.0	0.0				
sensexamp-saureus	length_21_30	classification	646	920	0.7021739130434783	0.3645123011416058	0.7292225201072386	0.9714285714285714	0.08888888888888889	0.5836909871244635	0.9111111111111111	0.7649976156413925	0.9469589448741167	0.98	0.6756017368170067	0.558953566113831	100.0	556.0	466.0	90.0	280.0	0.0				
ampeppy	length_31_50	classification	368	368	1.0	0.24716761154759997	0.9079754601226994	0.8579710144927536	0.8032786885245902	0.9641693811074918	0.19672131147540983	0.7591979494847013	0.9175969564750528	0.94	0.5287131161593309	0.5014813481086213	100.0	368.0	307.0	61.0	345.0	0.0				
amplify	length_31_50	classification	368	368	1.0	0.38493470898515136	0.9195046439628483	0.8761061946902655	0.6885245901639344	0.9674267100977199	0.3114754098360656	0.7892080952635233	0.9275170582966182	0.92	0.5296967789260089	0.514854402304683	100.0	368.0	307.0	61.0	339.0	0.0				
ampredictor	length_31_50	classification	368	368	1.0	0.4683130615586834	0.9371428571428572	0.917910447761194	0.55	0.9571984435797666	0.45	0.7946498054474709	0.9539949323070085	0.97	0.5924636493958633	0.5600570948125844	100.0	297.0	257.0	40.0	268.0	0.0				
ampredmfa	length_31_50	classification	368	368	1.0	0.16680249597597394	0.906060606060606	0.8470254957507082	0.8852459016393442	0.9739413680781759	0.11475409836065574	0.67835211192396	0.8894927242343682	0.89	0.5288536394117135	0.49748743718592964	100.0	368.0	307.0	61.0	353.0	0.0				
ampscanner	length_31_50	classification	368	368	1.0	0.5611063573081209	0.9397217928902627	0.8941176470588236	0.5901639344262295	0.990228013029316	0.4098360655737705	0.7666203876755487	0.9152066223941739	0.92	0.5259729127378707	0.5024798258392942	100.0	368.0	307.0	61.0	340.0	0.0				
apex-abaumannii	length_31_50	classification	368	368	1.0	0.024538560381250973	0.05106382978723404	0.8571428571428571	0.01694915254237288	0.02631578947368421	0.9830508474576272	0.7271781147784716	0.9025418389977853	0.93	0.586717686276351	0.49969143965441243	100.0	287.0	228.0	59.0	7.0	0.0				
apex-ecoli	length_31_50	classification	368	368	1.0	0.02625192370282337	0.007575757575757576	1.0	0.0	0.0038022813688212928	1.0	0.7618329618460732	0.9416489957115193	0.97	0.6868465907130485	0.6465215812904828	100.0	321.0	263.0	58.0	1.0	0.0				
apex-kpneumoniae	length_31_50	classification	368	368	1.0	0.0	0.0	0.0	0.0	0.0	1.0	0.6739048642837947	0.9140012109759285	0.96	0.5930918400543148	0.5123156767443776	100.0	366.0	305.0	61.0	0.0	0.0				
apex-min	length_31_50	classification	368	368	1.0	0.1546453485585907	0.23770491803278687	0.9666666666666667	0.017241379310344827	0.13551401869158877	0.9827586206896551	0.7553980019336126	0.9163553281184866	0.96	0.6405007039028444	0.5115765744610905	100.0	272.0	214.0	58.0	30.0	0.0				
apex-paeruginosa	length_31_50	classification	368	368	1.0	0.0	0.0	0.0	0.0	0.0	1.0	0.7296143250688706	0.9182762693390101	0.96	0.6103378280411773	0.5556293866024337	100.0	302.0	242.0	60.0	0.0	0.0				
apex-saureus	length_31_50	classification	368	368	1.0	0.0	0.0	0.0	0.0	0.0	1.0	0.7403214609921503	0.9358632190761759	0.97	0.6435206133558921	0.5187664707904343	100.0	368.0	307.0	61.0	0.0	0.0				
deep-amp-cnn-gramneg	length_31_50	classification	358	368	0.9728260869565217	0.5062234441855534	0.8328767123287671	0.9559748427672956	0.12962962962962962	0.7378640776699029	0.8703703703703703	0.8382775979863359	0.9448207471267634	0.97	0.66984613637654	0.5267600136605357	100.0	260.0	206.0	54.0	159.0	0.0				
deep-amp-cnn-grampos	length_31_50	classification	358	368	0.9728260869565217	0.5431236301174653	0.8979591836734694	0.9565217391304348	0.2	0.8461538461538461	0.8	0.8415384615384615	0.966120520430089	0.99	0.7279352226720648	0.5960572091225358	100.0	310.0	260.0	50.0	230.0	0.0				
deep-amp-lstm-gramneg	length_31_50	classification	358	368	0.9728260869565217	0.4835363753252443	0.8193384223918575	0.9640718562874252	0.1111111111111111	0.7123893805309734	0.8888888888888888	0.8448869223205507	0.9505504720356964	0.96	0.6475702530662941	0.5375105616578467	100.0	280.0	226.0	54.0	167.0	0.0				
deep-amp-lstm-grampos	length_31_50	classification	358	368	0.9728260869565217	0.5282647804436963	0.8644501278772379	0.9712643678160919	0.11363636363636363	0.7788018433179723	0.8863636363636364	0.8610180142438207	0.9699864821904924	0.99	0.7687032831345225	0.6873769770511544	100.0	261.0	217.0	44.0	174.0	0.0				
example-model	length_31_50	classification	368	368	1.0	0.01232968835413702	0.6070686070686071	0.8390804597701149	0.45901639344262296	0.4755700325732899	0.5409836065573771	0.5169541303999573	0.8471091956998837	0.85	0.516150337396329	0.49748743718592964	100.0	368.0	307.0	61.0	174.0	0.0				
hydramp-amp-classifier	length_31_50	classification	0	368	0.0																					
hydramp-mic-classifier	length_31_50	classification	0	368	0.0																					
mbc-attention	length_31_50	classification	368	368	1.0	0.68668036626502	0.9421841541755889	0.9649122807017544	0.17391304347826086	0.9205020920502092	0.8260869565217391	0.8989448790249227	0.9757307988870904	0.98	0.7107513189012189	0.6152309665482223	100.0	285.0	239.0	46.0	228.0	0.0				
mole-amp	length_31_50	classification	368	368	1.0	0.0	0.0	0.0	0.0	0.0	1.0	0.5	0.8342391304347826	0.78	0.5	0.5	100.0	368.0	307.0	61.0	0.0	0.0				
sensexamp-classifier	length_31_50	classification	0	368	0.0																					
sensexamp-ecoli	length_31_50	classification	0	368	0.0																					
sensexamp-saureus	length_31_50	classification	0	368	0.0																					
ampeppy	long_sequences	classification	436	436	1.0	0.24057720903148933	0.8976377952755905	0.8444444444444444	0.7974683544303798	0.957983193277311	0.20253164556962025	0.7289472751125766	0.9029151352233198	0.92	0.532113978169549	0.5024914488408428	100.0	436.0	357.0	79.0	405.0	0.0				
amplify	long_sequences	classification	436	436	1.0	0.3695676745444202	0.91005291005291	0.8621553884711779	0.6962025316455697	0.9635854341736695	0.3037974683544304	0.7828599794348119	0.9196055637928864	0.92	0.5302851320408243	0.512675421927565	100.0	436.0	357.0	79.0	399.0	0.0				
ampredictor	long_sequences	classification	431	436	0.9885321100917431	0.4376551655446716	0.9302325581395349	0.9120521172638436	0.5625	0.9491525423728814	0.4375	0.7724576271186441	0.9471184751613326	0.96	0.5904698186143325	0.5571075717570906	100.0	343.0	295.0	48.0	307.0	0.0				
ampredmfa	long_sequences	classification	436	436	1.0	0.14010376764172508	0.890625	0.8321167883211679	0.8734177215189873	0.957983193277311	0.12658227848101267	0.6537425096620927	0.869231481250241	0.9	0.5147399399466649	0.5003026336162606	100.0	436.0	357.0	79.0	411.0	0.0				
ampscanner	long_sequences	classification	436	436	1.0	0.4965455832848159	0.9261213720316622	0.8753117206982544	0.6329113924050633	0.9831932773109243	0.3670886075949367	0.7584476828706166	0.9049010276870573	0.89	0.5260946483856701	0.5024914488408428	100.0	436.0	357.0	79.0	401.0	0.0				
apex-abaumannii	long_sequences	classification	413	436	0.9472477064220184	-0.014678923792502562	0.046153846153846156	0.75	0.029411764705882353	0.023809523809523808	0.9705882352941176	0.7021475256769375	0.8784424893765835	0.91	0.5620177895719691	0.49748743718592964	100.0	320.0	252.0	68.0	8.0	0.0				
apex-ecoli	long_sequences	classification	413	436	0.9472477064220184	0.025240646488238254	0.00684931506849315	1.0	0.0	0.003436426116838488	1.0	0.7490367593460376	0.935568755399548	0.97	0.6627150506694728	0.6442694572518952	100.0	357.0	291.0	66.0	1.0	0.0				
apex-kpneumoniae	long_sequences	classification	413	436	0.9472477064220184	0.0	0.0	0.0	0.0	0.0	1.0	0.6643697478991597	0.9077865187139742	0.96	0.5853604599734631	0.512267218445167	100.0	410.0	340.0	70.0	0.0	0.0				
apex-min	long_sequences	classification	413	436	0.9472477064220184	0.13623902045620187	0.23529411764705882	0.9411764705882353	0.030303030303030304	0.13445378151260504	0.9696969696969697	0.72580850522027	0.8920616185045444	0.93	0.5699811024888424	0.501710231831426	100.0	304.0	238.0	66.0	34.0	0.0				
apex-paeruginosa	long_sequences	classification	413	436	0.9472477064220184	0.0	0.0	0.0	0.0	0.0	1.0	0.7192316040807466	0.9129913398149768	0.95	0.6002079215838598	0.5568247139757829	100.0	339.0	271.0	68.0	0.0	0.0				
apex-saureus	long_sequences	classification	413	436	0.9472477064220184	0.0	0.0	0.0	0.0	0.0	1.0	0.7238095238095238	0.9278867032987368	0.97	0.6209822802620587	0.5224661318287344	100.0	412.0	342.0	70.0	0.0	0.0				
deep-amp-cnn-gramneg	long_sequences	classification	403	436	0.9243119266055045	0.5058629302822563	0.837772397094431	0.9558011049723757	0.13559322033898305	0.7456896551724138	0.864406779661017	0.8326271186440679	0.9382062144649174	0.96	0.6271032637115875	0.5213134638710796	100.0	291.0	232.0	59.0	181.0	0.0				
deep-amp-cnn-grampos	long_sequences	classification	403	436	0.9243119266055045	0.5215251881978685	0.8978102189781022	0.9425287356321839	0.25862068965517243	0.8571428571428571	0.7413793103448276	0.8284873242821098	0.9597480904551916	0.98	0.6965921953748964	0.5885350095424859	100.0	345.0	287.0	58.0	261.0	0.0				
deep-amp-lstm-gramneg	long_sequences	classification	403	436	0.9243119266055045	0.4619286861638615	0.8072562358276644	0.956989247311828	0.12698412698412698	0.6980392156862745	0.873015873015873	0.8319327731092437	0.9423301352072955	0.96	0.6141333726473046	0.5349295497093309	100.0	318.0	255.0	63.0	186.0	0.0				
deep-amp-lstm-grampos	long_sequences	classification	403	436	0.9243119266055045	0.51882236444146	0.8584474885844748	0.9641025641025641	0.1320754716981132	0.7736625514403292	0.8679245283018868	0.8436990449569066	0.9605858691892926	0.98	0.7232949599715571	0.5719337427880141	100.0	296.0	243.0	53.0	195.0	0.0				
example-model	long_sequences	classification	436	436	1.0	0.009336427858651823	0.5964285714285714	0.8226600985221675	0.45569620253164556	0.4677871148459384	0.5443037974683544	0.5170903804559799	0.8323227434417861	0.84	0.5113061880315084	0.49748743718592964	100.0	436.0	357.0	79.0	203.0	0.0				
hydramp-amp-classifier	long_sequences	classification	0	436	0.0																					
hydramp-mic-classifier	long_sequences	classification	0	436	0.0																					
mbc-attention	long_sequences	classification	426	436	0.9770642201834863	0.66677920190629	0.9392265193370166	0.9586466165413534	0.2037037037037037	0.9205776173285198	0.7962962962962963	0.8907607968979809	0.973235184734634	0.98	0.6978909367281019	0.6172196723690655	100.0	331.0	277.0	54.0	266.0	0.0				
mole-amp	long_sequences	classification	436	436	1.0	0.0	0.0	0.0	0.0	0.0	1.0	0.5	0.8188073394495413	0.76	0.5	0.5	100.0	436.0	357.0	79.0	0.0	0.0				
sensexamp-classifier	long_sequences	classification	0	436	0.0																					
sensexamp-ecoli	long_sequences	classification	0	436	0.0																					
sensexamp-saureus	long_sequences	classification	0	436	0.0																					
ampeppy	paired_activity_cliffs	classification	100	100	1.0	-0.14285714285714285	0.6486486486486487	0.4897959183673469	1.0	0.96	0.0	0.5184	0.5475870510390048	0.5	0.5178947368421053	0.5276381909547738	100.0	100.0	50.0	50.0	98.0	0.0				
amplify	paired_activity_cliffs	classification	100	100	1.0	0.05862103817605492	0.6666666666666666	0.5051546391752577	0.96	0.98	0.04	0.5708	0.5589935705041195	0.5	0.511578947368421	0.49748743718592964	100.0	100.0	50.0	50.0	97.0	0.0				
ampredictor	paired_activity_cliffs	classification	100	100	1.0	0.45816317045846733	0.8048780487804879	0.7021276595744681	0.56	0.9428571428571428	0.44	0.848	0.888357814133902	0.5833333333333334	0.6842105263157895	0.6267049533381192	100.0	60.0	35.0	25.0	47.0	0.0				
ampredmfa	paired_activity_cliffs	classification	100	100	1.0	0.0	0.6666666666666666	0.5	1.0	1.0	0.0	0.5218	0.5251622563140342	0.5	0.5087719298245614	0.5008375209380235	100.0	100.0	50.0	50.0	100.0	0.0				
ampscanner	paired_activity_cliffs	classification	100	100	1.0	0.10206207261596575	0.6712328767123288	0.5104166666666666	0.94	0.98	0.06	0.6462000000000001	0.6097547558583608	0.5	0.520242914979757	0.501932740626208	100.0	100.0	50.0	50.0	96.0	0.0				
apex-abaumannii	paired_activity_cliffs	classification	100	100	1.0	0.31397581377392564	0.6	0.7142857142857143	0.21428571428571427	0.5172413793103449	0.7857142857142857	0.6453201970443351	0.7273534631361955	0.5087719298245614	0.6305418719211823	0.5841275342228384	100.0	57.0	29.0	28.0	21.0	0.0				
apex-ecoli	paired_activity_cliffs	classification	100	100	1.0	0.38280261518178804	0.4117647058823529	1.0	0.0	0.25925925925925924	1.0	0.6595441595441596	0.7679007557168247	0.5094339622641509	0.7121007647323436	0.7022147775916621	100.0	53.0	27.0	26.0	7.0	0.0				
apex-kpneumoniae	paired_activity_cliffs	classification	100	100	1.0	0.12202186695874057	0.05555555555555555	1.0	0.0	0.02857142857142857	1.0	0.5837837837837838	0.5906885494637258	0.4861111111111111	0.5204226783174152	0.5118449389806173	100.0	72.0	35.0	37.0	1.0	0.0				
apex-min	paired_activity_cliffs	classification	100	100	1.0	0.16647802295407294	0.6756756756756757	0.625	0.5769230769230769	0.7352941176470589	0.4230769230769231	0.6266968325791855	0.7057931362605893	0.5666666666666667	0.5748987854251012	0.512267218445167	100.0	60.0	34.0	26.0	40.0	0.0				
apex-paeruginosa	paired_activity_cliffs	classification	100	100	1.0	0.1297498240269205	0.058823529411764705	1.0	0.0	0.030303030303030304	1.0	0.5621212121212121	0.5742299348834395	0.4520547945205479	0.5494417862838915	0.5431703974417542	100.0	73.0	33.0	40.0	1.0	0.0				
apex-saureus	paired_activity_cliffs	classification	100	100	1.0	0.19518001458970663	0.22727272727272727	0.8333333333333334	0.02631578947368421	0.13157894736842105	0.9736842105263158	0.5914127423822715	0.6256126339288002	0.5	0.5414783496136463	0.5371594816186194	100.0	76.0	38.0	38.0	6.0	0.0				
deep-amp-cnn-gramneg	paired_activity_cliffs	classification	100	100	1.0	0.04059989714705751	0.7058823529411765	0.5714285714285714	0.9	0.9230769230769231	0.1	0.6820512820512821	0.7466046672226565	0.5652173913043478	0.581646423751687	0.5232573122020359	100.0	69.0	39.0	30.0	63.0	0.0				
deep-amp-cnn-grampos	paired_activity_cliffs	classification	100	100	1.0	0.0	0.6929133858267716	0.5301204819277109	1.0	1.0	0.0	0.6083916083916083	0.6540266889130899	0.5301204819277109	0.5411605937921727	0.5089081772498858	100.0	83.0	44.0	39.0	83.0	0.0				
deep-amp-lstm-gramneg	paired_activity_cliffs	classification	100	100	1.0	0.05892556509887895	0.6285714285714286	0.515625	0.7560975609756098	0.8048780487804879	0.24390243902439024	0.6079714455681141	0.6202973686653571	0.5	0.5316071260840978	0.5465130530702292	100.0	82.0	41.0	41.0	64.0	0.0				
deep-amp-lstm-grampos	paired_activity_cliffs	classification	100	100	1.0	0.23616394165051388	0.65	0.5416666666666666	0.5945945945945946	0.8125	0.40540540540540543	0.6376689189189189	0.5913354815215635	0.463768115942029	0.5176920341394026	0.5131909547738693	100.0	69.0	32.0	37.0	48.0	0.0				
example-model	paired_activity_cliffs	classification	100	100	1.0	0.10002000600200071	0.5544554455445545	0.5490196078431373	0.46	0.56	0.54	0.5392	0.5265077854686837	0.5	0.4968421052631579	0.49748743718592964	100.0	100.0	50.0	50.0	51.0	0.0				
hydramp-amp-classifier	paired_activity_cliffs	classification	93	100	0.93	0.10372621926907281	0.6666666666666666	0.5056179775280899	0.9361702127659575	0.9782608695652174	0.06382978723404255	0.5811748381128584	0.5560531016120035	0.4946236559139785	0.5063050781440187	0.5000546209307407	100.0	93.0	46.0	47.0	89.0	0.0				
hydramp-mic-classifier	paired_activity_cliffs	classification	93	100	0.93	0.4543241780112312	0.7543859649122807	0.6323529411764706	0.5319148936170213	0.9347826086956522	0.46808510638297873	0.734967622571693	0.6783158730324265	0.4946236559139785	0.5367349919665028	0.5084116233340616	100.0	93.0	46.0	47.0	68.0	0.0				
mbc-attention	paired_activity_cliffs	classification	100	100	1.0	0.39418035372213084	0.7415730337078652	0.6111111111111112	0.6176470588235294	0.9428571428571428	0.38235294117647056	0.7445378151260504	0.7342382152506342	0.5072463768115942	0.5630252100840336	0.5692749461593682	100.0	69.0	35.0	34.0	54.0	0.0				
mole-amp	paired_activity_cliffs	classification	100	100	1.0	0.0	0.0	0.0	0.0	0.0	1.0	0.5	0.5	0.5	0.5	0.5	100.0	100.0	50.0	50.0	0.0	0.0				
sensexamp-classifier	paired_activity_cliffs	classification	93	100	0.93	0.10314212462587934	0.6666666666666666	0.5	0.9787234042553191	1.0	0.02127659574468085	0.6461609620721556	0.6668938405367542	0.4946236559139785	0.5754418423487024	0.5411841817784575	100.0	93.0	46.0	47.0	92.0	0.0				
sensexamp-ecoli	paired_activity_cliffs	classification	93	100	0.93	0.17672556682259666	0.6736842105263158	0.5714285714285714	0.6666666666666666	0.8205128205128205	0.3333333333333333	0.7101139601139601	0.7579152979550321	0.52	0.6288798920377868	0.5747970622342482	100.0	75.0	39.0	36.0	56.0	0.0				
sensexamp-saureus	paired_activity_cliffs	classification	93	100	0.93	0.46019501151311265	0.75	0.7142857142857143	0.3333333333333333	0.7894736842105263	0.6666666666666666	0.7492690058479532	0.767092971004562	0.5135135135135135	0.5906432748538012	0.5636075112404126	100.0	74.0	38.0	36.0	42.0	0.0				
ampeppy	paired_safe	classification	40	40	1.0	0.6158817620514396	0.8163265306122449	0.6896551724137931	0.45	1.0	0.55	0.8975	0.8234957531492314	0.5	0.631578947368421	0.49748743718592964	100.0	40.0	20.0	20.0	29.0	0.0				
amplify	paired_safe	classification	40	40	1.0	0.693888666488711	0.851063829787234	0.7407407407407407	0.35	1.0	0.65	0.9175	0.9007458888272255	0.5	0.6578947368421052	0.6733668341708543	100.0	40.0	20.0	20.0	27.0	0.0				
ampredictor	paired_safe	classification	40	40	1.0	0.5931710140017395	0.8837209302325582	0.7916666666666666	0.5555555555555556	1.0	0.4444444444444444	0.8654970760233918	0.9313182078906372	0.6785714285714286	0.6952908587257618	0.7090716741602751	100.0	28.0	19.0	9.0	24.0	0.0				
ampredmfa	paired_safe	classification	40	40	1.0	0.0	0.6666666666666666	0.5	1.0	1.0	0.0	0.7075	0.679595228389946	0.5	0.5657894736842105	0.5062814070351759	100.0	40.0	20.0	20.0	40.0	0.0				
ampscanner	paired_safe	classification	39	40	0.975	0.5338539126015656	0.7755102040816326	0.6333333333333333	0.55	1.0	0.45	0.9	0.8621030620566223	0.48717948717948717	0.7091412742382273	0.5212906638455435	100.0	39.0	19.0	20.0	30.0	0.0				
apex-abaumannii	paired_safe	classification	40	40	1.0	0.6139406135149205	0.7	1.0	0.0	0.5384615384615384	1.0	0.8131868131868132	0.8475787284610814	0.48148148148148145	0.7686524002313476	0.7680711248550445	100.0	27.0	13.0	14.0	7.0	0.0				
apex-ecoli	paired_safe	classification	40	40	1.0	0.5114083119567588	0.5555555555555556	1.0	0.0	0.38461538461538464	1.0	0.7647058823529412	0.7812801508776739	0.43333333333333335	0.7165991902834008	0.7294163123308852	100.0	30.0	13.0	17.0	5.0	0.0				
apex-kpneumoniae	paired_safe	classification	40	40	1.0	0.0	0.0	0.0	0.0	0.0	1.0	0.48333333333333334	0.35546178194011013	0.375	0.47368421052631576	0.49748743718592964	100.0	32.0	12.0	20.0	0.0	0.0				
apex-min	paired_safe	classification	40	40	1.0	0.6408461287109104	0.8387096774193549	0.8666666666666667	0.16666666666666666	0.8125	0.8333333333333334	0.90625	0.9394511658885228	0.5714285714285714	0.819078947368421	0.8115577889447236	100.0	28.0	16.0	12.0	15.0	0.0				
apex-paeruginosa	paired_safe	classification	40	40	1.0	0.0	0.0	0.0	0.0	0.0	1.0	0.5555555555555556	0.3449519230769231	0.3076923076923077	0.47368421052631576	0.49748743718592964	100.0	26.0	8.0	18.0	0.0	0.0				
apex-saureus	paired_safe	classification	40	40	1.0	0.0	0.0	0.0	0.0	0.0	1.0	0.5916666666666667	0.45585348327196157	0.375	0.47368421052631576	0.49748743718592964	100.0	32.0	12.0	20.0	0.0	0.0				
deep-amp-cnn-gramneg	paired_safe	classification	40	40	1.0	0.7234780434144717	0.8717948717948718	0.8095238095238095	0.23529411764705882	0.9444444444444444	0.7647058823529411	0.9215686274509803	0.9260517432344058	0.5142857142857142	0.7660818713450293	0.7766610831937466	100.0	35.0	18.0	17.0	21.0	0.0				
deep-amp-cnn-grampos	paired_safe	classification	40	40	1.0	0.6382847385042254	0.8260869565217391	0.7037037037037037	0.42105263157894735	1.0	0.5789473684210527	0.9335180055401662	0.9328416689497019	0.5	0.7769354133255577	0.7619677334038615	100.0	38.0	19.0	19.0	27.0	0.0				
deep-amp-lstm-gramneg	paired_safe	classification	40	40	1.0	0.6360294117647058	0.8235294117647058	0.8235294117647058	0.1875	0.8235294117647058	0.8125	0.8897058823529411	0.888977306179665	0.5151515151515151	0.7020123839009288	0.7044043748152528	100.0	33.0	17.0	16.0	17.0	0.0				
deep-amp-lstm-grampos	paired_safe	classification	40	40	1.0	0.7382129472480629	0.8780487804878049	0.8181818181818182	0.2222222222222222	0.9473684210526315	0.7777777777777778	0.9005847953216375	0.8464359919477134	0.5135135135135135	0.6121883656509696	0.5239354668077228	100.0	37.0	19.0	18.0	22.0	0.0				
example-model	paired_safe	classification	40	40	1.0	-0.25286086871208685	0.4186046511627907	0.391304347826087	0.7	0.45	0.3	0.305	0.4043404576345536	0.5	0.47368421052631576	0.49748743718592964	100.0	40.0	20.0	20.0	23.0	0.0				
hydramp-amp-classifier	paired_safe	classification	38	40	0.95	0.5284981975632331	0.7659574468085106	0.6206896551724138	0.55	1.0	0.45	0.861111111111111	0.7587039732808567	0.47368421052631576	0.5175438596491228	0.49748743718592964	100.0	38.0	18.0	20.0	29.0	0.0				
hydramp-mic-classifier	paired_safe	classification	38	40	0.95	0.8090398349558905	0.9	0.8181818181818182	0.2	1.0	0.8	0.9694444444444444	0.9538954158729702	0.47368421052631576	0.8391812865497076	0.6929089893914014	100.0	38.0	18.0	20.0	22.0	0.0				
mbc-attention	paired_safe	classification	40	40	1.0	0.8017837257372731	0.9230769230769231	0.8571428571428571	0.25	1.0	0.75	0.9027777777777778	0.9329122438449065	0.6	0.7709551656920078	0.7766610831937466	100.0	30.0	18.0	12.0	21.0	0.0				
mole-amp	paired_safe	classification	40	40	1.0	0.0	0.0	0.0	0.0	0.0	1.0	0.5	0.5	0.5	0.5	0.5	100.0	40.0	20.0	20.0	0.0	0.0				
sensexamp-classifier	paired_safe	classification	38	40	0.95	0.4898979485566356	0.75	0.6	0.6	1.0	0.4	0.9555555555555555	0.956970324361629	0.47368421052631576	0.8830409356725146	0.8883305415968733	100.0	38.0	18.0	20.0	30.0	0.0				
sensexamp-ecoli	paired_safe	classification	38	40	0.95	0.7888106377466154	0.8888888888888888	0.8	0.2222222222222222	1.0	0.7777777777777778	0.9965277777777778	0.9963235294117647	0.47058823529411764	0.9817251461988303	0.9685929648241205	100.0	34.0	16.0	18.0	20.0	0.0				
sensexamp-saureus	paired_safe	classification	38	40	0.95	0.8312094145936335	0.8888888888888888	1.0	0.0	0.8	1.0	0.9157894736842105	0.9280382775119618	0.4411764705882353	0.8947368421052633	0.8994974874371859	100.0	34.0	15.0	19.0	12.0	0.0				
ampredictor	regression_ecoli25922	regression	2531	2531	1.0													2531.0				0.0	0.22539904561832746	3.0467770925732114	1.7455019600599742	0.5172357484866066
apex-abaumannii	regression_ecoli25922	regression	2525	2531	0.9976293954958514													2525.0				0.0	-0.730391708327712	6.792305995745611	2.6062052865700376	0.2593944242583492
apex-ecoli	regression_ecoli25922	regression	2525	2531	0.9976293954958514													2525.0				0.0	-0.909317600703742	7.494643741431155	2.737634698317355	0.24751890845224472
apex-kpneumoniae	regression_ecoli25922	regression	2525	2531	0.9976293954958514													2525.0				0.0	-1.831684557877593	11.115210450886908	3.333948177594683	0.03578543307905707
apex-min	regression_ecoli25922	regression	2525	2531	0.9976293954958514													2525.0				0.0	-0.3405358817708031	5.262005049748847	2.2939060682052452	0.23456623449093042
apex-paeruginosa	regression_ecoli25922	regression	2525	2531	0.9976293954958514													2525.0				0.0	-1.346662211924734	9.21135239803597	3.0350209880717416	0.2318977567608567
apex-saureus	regression_ecoli25922	regression	2525	2531	0.9976293954958514													2525.0				0.0	-1.7557917046361324	10.817308259362658	3.2889676586069765	0.07577365891883181
deep-amp-cnn-gramneg	regression_ecoli25922	regression	2521	2531	0.9960489924930858													2521.0				0.0	-0.12330458835845515	4.407708733897592	2.0994543895730606	0.32456155111641594
deep-amp-cnn-grampos	regression_ecoli25922	regression	2521	2531	0.9960489924930858													2521.0				0.0	-0.48367369899435797	5.821752700991142	2.412830847985648	0.2091818319087623
deep-amp-lstm-gramneg	regression_ecoli25922	regression	2521	2531	0.9960489924930858													2521.0				0.0	-1.1480715759625828	8.428768069258616	2.9032340706974726	0.193901211089959
deep-amp-lstm-grampos	regression_ecoli25922	regression	2521	2531	0.9960489924930858													2521.0				0.0	-0.4714859279805661	5.773929389931103	2.402900203905918	0.3070521846194473
mbc-attention	regression_ecoli25922	regression	2527	2531	0.9984195969972343													2527.0				0.0	0.23253380698263237	3.0168054375474638	1.7368953444429125	0.5319452933013339
sensexamp-ecoli	regression_ecoli25922	regression	2111	2531	0.834057684709601													2111.0				0.0	-0.1413358106749114	4.468317516486426	2.113839520040825	0.48290415561782496
sensexamp-saureus	regression_ecoli25922	regression	2111	2531	0.834057684709601													2111.0				0.0	-0.6376821364197691	6.411508083912803	2.5320955913852865	0.3843999728881727
ampredictor	regression_saureus25923	regression	1568	1568	1.0													1568.0				0.0	-0.02402061718927495	4.910885991811207	2.2160518928516106	0.32237458764598464
apex-abaumannii	regression_saureus25923	regression	1565	1568	0.9980867346938775													1565.0				0.0	-0.3731944348113736	6.564101151787997	2.562050185259453	0.30652368000160113
apex-ecoli	regression_saureus25923	regression	1565	1568	0.9980867346938775													1565.0				0.0	-0.439517163330037	6.881134987363424	2.6231917557364013	0.3340315130505822
apex-kpneumoniae	regression_saureus25923	regression	1565	1568	0.9980867346938775													1565.0				0.0	-1.1742812195293992	10.393431181786296	3.2238844864210465	0.17516015073669286
apex-min	regression_saureus25923	regression	1565	1568	0.9980867346938775													1565.0				0.0	-0.06318455774844667	5.082201619203641	2.254373886293851	0.3446113789660167
apex-paeruginosa	regression_saureus25923	regression	1565	1568	0.9980867346938775													1565.0				0.0	-0.8469331380471465	8.828652105916822	2.9713047817275196	0.28805827020457125
apex-saureus	regression_saureus25923	regression	1565	1568	0.9980867346938775													1565.0				0.0	-0.9965040589099678	9.543626350656243	3.0892760237078596	0.3010779330448529
deep-amp-cnn-gramneg	regression_saureus25923	regression	1563	1568	0.9968112244897959													1563.0				0.0	0.12220349807887776	4.191100283074212	2.0472176931323673	0.5323448861309763
deep-amp-cnn-grampos	regression_saureus25923	regression	1563	1568	0.9968112244897959													1563.0				0.0	-0.5048526005799556	7.1850231192221745	2.6804893432398074	0.1735319995407419
deep-amp-lstm-gramneg	regression_saureus25923	regression	1563	1568	0.9968112244897959													1563.0				0.0	-0.5946363846602469	7.613702023787001	2.759293754529771	0.3914346790159605
deep-amp-lstm-grampos	regression_saureus25923	regression	1563	1568	0.9968112244897959													1563.0				0.0	-0.393925623550919	6.655394573415168	2.579805142528243	0.2911243414592917
mbc-attention	regression_saureus25923	regression	1563	1568	0.9968112244897959													1563.0				0.0	0.005819527340005792	4.767911090527176	2.1835546914440167	0.3633816091128799
sensexamp-ecoli	regression_saureus25923	regression	1342	1568	0.8558673469387755													1342.0				0.0	-0.2446626952447022	5.6712159400452835	2.3814314896812134	0.36724738252004435
sensexamp-saureus	regression_saureus25923	regression	1342	1568	0.8558673469387755													1342.0				0.0	-0.19139641694498732	5.428511978791876	2.3299167321584426	0.47840057226294785
ampeppy	short_sequences	classification	168	168	1.0	0.2400584165874631	0.8032128514056225	0.8	0.5681818181818182	0.8064516129032258	0.4318181818181818	0.7562316715542522	0.8769362154041092	0.9	0.5610819570921438	0.499270546279786	100.0	168.0	124.0	44.0	125.0	0.0				
amplify	short_sequences	classification	167	168	0.9940476190476191	0.13418629784591807	0.796875	0.7727272727272727	0.6976744186046512	0.8225806451612904	0.3023255813953488	0.691860465116279	0.8904363608822237	0.82	0.7018004501125281	0.7122710325822662	100.0	167.0	124.0	43.0	132.0	0.0				
ampredictor	short_sequences	classification	168	168	1.0	0.5363394543017094	0.9180327868852459	0.9032258064516129	0.42857142857142855	0.9333333333333333	0.5714285714285714	0.8317460317460317	0.9546628469090173	0.84	0.7039821776663883	0.620323841429369	100.0	111.0	90.0	21.0	93.0	0.0				
ampredmfa	short_sequences	classification	167	168	0.9940476190476191	0.0	0.852233676975945	0.7425149700598802	1.0	1.0	0.0	0.4764628657164291	0.7215601886247404	0.74	0.48737266553480474	0.498794375101313	100.0	167.0	124.0	43.0	167.0	0.0				
ampscanner	short_sequences	classification	0	168	0.0																					
apex-abaumannii	short_sequences	classification	168	168	1.0	-0.02245768187584237	0.11764705882352941	0.6666666666666666	0.07692307692307693	0.06451612903225806	0.9230769230769231	0.5086848635235732	0.7240515743638833	0.7045454545454546	0.48935614470419225	0.49748743718592964	100.0	44.0	31.0	13.0	3.0	0.0				
apex-ecoli	short_sequences	classification	168	168	1.0	0.1336306209562122	0.3157894736842105	0.75	0.1	0.2	0.9	0.6133333333333333	0.6969445490097663	0.6	0.47368421052631576	0.49748743718592964	100.0	25.0	15.0	10.0	4.0	0.0				
apex-kpneumoniae	short_sequences	classification	168	168	1.0	-0.12862393885688164	0.034482758620689655	0.5	0.07142857142857142	0.017857142857142856	0.9285714285714286	0.2767857142857143	0.709524062476392	0.8	0.4790547798066595	0.49748743718592964	100.0	70.0	56.0	14.0	2.0	0.0				
apex-min	short_sequences	classification	168	168	1.0	0.0	0.9090909090909091	0.8333333333333334	1.0	1.0	0.0	0.714	0.9165660050056923	0.8333333333333334	0.5684210526315789	0.5879396984924623	100.0	60.0	50.0	10.0	60.0	0.0				
apex-paeruginosa	short_sequences	classification	168	168	1.0	-0.10293427583132689	0.05714285714285714	0.5	0.07692307692307693	0.030303030303030304	0.9230769230769231	0.5244755244755245	0.732818185996428	0.717391304347826	0.4847258005152742	0.49748743718592964	100.0	46.0	33.0	13.0	2.0	0.0				
apex-saureus	short_sequences	classification	168	168	1.0	-0.0638699575279117	0.03773584905660377	0.5	0.041666666666666664	0.0196078431372549	0.9583333333333334	0.4117647058823529	0.6492828333417089	0.68	0.4917440660474716	0.49748743718592964	100.0	75.0	51.0	24.0	2.0	0.0				
deep-amp-cnn-gramneg	short_sequences	classification	168	168	1.0	0.4545682803986682	0.905982905982906	0.8833333333333333	0.5185185185185185	0.9298245614035088	0.48148148148148145	0.8538011695906432	0.9538959436189466	0.95	0.6286036729250026	0.6076875606100679	100.0	141.0	114.0	27.0	120.0	0.0				
deep-amp-cnn-grampos	short_sequences	classification	168	168	1.0	0.14961400868161492	0.851063829787234	0.7547169811320755	0.9069767441860465	0.975609756097561	0.09302325581395349	0.5184344866704481	0.7296733669543762	0.74	0.4881133633857758	0.49748743718592964	100.0	166.0	123.0	43.0	159.0	0.0				
deep-amp-lstm-gramneg	short_sequences	classification	168	168	1.0	0.3527519220135614	0.8674698795180723	0.8181818181818182	0.631578947368421	0.9230769230769231	0.3684210526315789	0.6860098965362122	0.8354069912160449	0.84	0.5039893931860691	0.5060773955246317	100.0	155.0	117.0	38.0	132.0	0.0				
deep-amp-lstm-grampos	short_sequences	classification	168	168	1.0	0.2045627646495779	0.7570093457943925	0.81	0.48717948717948717	0.7105263157894737	0.5128205128205128	0.6545209176788125	0.8226554706229832	0.81	0.5387930013968796	0.49748743718592964	100.0	153.0	114.0	39.0	100.0	0.0				
example-model	short_sequences	classification	168	168	1.0	-0.057874810823813676	0.6210045662100456	0.7157894736842105	0.6136363636363636	0.5483870967741935	0.38636363636363635	0.4595857771260997	0.742522053806855	0.72	0.5201805834233678	0.5299076025287729	100.0	168.0	124.0	44.0	95.0	0.0				
hydramp-amp-classifier	short_sequences	classification	168	168	1.0	0.1855247800749124	0.7984189723320159	0.7829457364341085	0.6363636363636364	0.8145161290322581	0.36363636363636365	0.7537573313782993	0.9104309873976756	0.86	0.69024926686217	0.6685848597827848	100.0	168.0	124.0	44.0	129.0	0.0				
hydramp-mic-classifier	short_sequences	classification	168	168	1.0	0.6051372013911255	0.8262910798122066	0.9887640449438202	0.022727272727272728	0.7096774193548387	0.9772727272727273	0.8885630498533724	0.9630256216957407	0.95	0.8460410557184751	0.7852164046036636	100.0	168.0	124.0	44.0	89.0	0.0				
mbc-attention	short_sequences	classification	160	168	0.9523809523809523	0.605604066583037	0.8809523809523809	0.9024390243902439	0.23529411764705882	0.8604651162790697	0.7647058823529411	0.801641586867305	0.9007252714191887	0.79	0.6061631506947944	0.555919130536403	100.0	120.0	86.0	34.0	82.0	0.0				
mole-amp	short_sequences	classification	168	168	1.0	0.0	0.0	0.0	0.0	0.0	1.0	0.5	0.7380952380952381	0.67	0.5	0.5	100.0	168.0	124.0	44.0	0.0	0.0				
sensexamp-classifier	short_sequences	classification	154	168	0.9166666666666666	0.13973902582623596	0.8392156862745098	0.7588652482269503	0.85	0.9385964912280702	0.15	0.6743421052631577	0.8548106775190453	0.79	0.5914127423822715	0.5107114519968262	100.0	154.0	114.0	40.0	141.0	0.0				
sensexamp-ecoli	short_sequences	classification	154	168	0.9166666666666666	0.4192208527317922	0.8402366863905325	0.8765432098765432	0.35714285714285715	0.8068181818181818	0.6428571428571429	0.7873376623376623	0.9288251450671904	0.8	0.7090738209159262	0.6859296482412061	100.0	116.0	88.0	28.0	81.0	0.0				
sensexamp-saureus	short_sequences	classification	154	168	0.9166666666666666	0.5311497445029681	0.7761194029850746	0.9629629629629629	0.0625	0.65	0.9375	0.8125	0.9291540020027453	0.73	0.747532894736842	0.7047738693467337	100.0	112.0	80.0	32.0	54.0	0.0				
ampeppy	slay	classification	438484	438484	1.0	0.006220530735281237	0.036055992541002585	0.01895506970807482	0.3462295782365999	0.3686028659160696	0.6537704217634002	0.5207105686007253	0.019080775480418033	0.03	0.5046957193774162	0.5004030845662425	100.0	438484.0	7816.0	430668.0	151991.0	0.0				
amplify	slay	classification	438464	438484	0.9999543883015116	0.009488508749910524	0.03728197538265545	0.02011015107877318	0.2251518001230655	0.2551609180664188	0.7748481998769345	0.5234859120853731	0.01971336886583245	0.05	0.5065652885004845	0.5017461488779082	100.0	438464.0	7799.0	430665.0	98955.0	0.0				
ampredictor	slay	classification	438484	438484	1.0	-0.002271253941583718	0.034523852843782975	0.017618629785930165	0.8586140574405752	0.8526173893507077	0.14138594255942477	0.4947792666651112	0.01777147836579173	0.03	0.4999156636121933	0.49992528551264126	100.0	250897.0	4451.0	246446.0	215397.0	0.0				
ampredmfa	slay	classification	438464	438484	0.9999543883015116	0.0	0.03495248317696067	0.017787093125091226	1.0	1.0	0.0	0.516699797754159	0.018635561245880915	0.01	0.5019120598819327	0.5000579061395273	100.0	438464.0	7799.0	430665.0	438464.0	0.0				
ampscanner	slay	classification	392413	438484	0.8949311719469809	0.017720991991740497	0.0414022603970298	0.022097933810122157	0.2686628373274916	0.3274992999159899	0.7313371626725085	0.5413012211392302	0.022083173842946946	0.01	0.5157373704296961	0.5026137167534889	100.0	392413.0	7142.0	385271.0	105847.0	0.0				
apex-abaumannii	slay	classification	438484	438484	1.0	0.04578285078495843	0.017181208053691274	0.26666666666666666	0.00044956333606647407	0.008876560332871012	0.9995504366639335	0.4827607694529309	0.021270582646056132	0.32	0.501987682363545	0.504136062941782	100.0	398701.0	7210.0	391491.0	240.0	0.0				
apex-ecoli	slay	classification	438484	438484	1.0	0.04468096193385707	0.01626449806692441	0.2687224669603524	0.00042244882897693583	0.008386032444322244	0.9995775511710231	0.47420446599311805	0.02220907659543753	0.4	0.5002239298660216	0.5032693155670797	100.0	400221.0	7274.0	392947.0	227.0	0.0				
apex-kpneumoniae	slay	classification	438484	438484	1.0	0.04699105646552609	0.015222326078248097	0.3131868131868132	0.0003176934943996991	0.007800739017380594	0.9996823065056003	0.4716286902631531	0.021746047533595506	0.4	0.49856486753231677	0.5028946181138416	100.0	400768.0	7307.0	393461.0	182.0	0.0				
apex-min	slay	classification	438484	438484	1.0	0.020624705426764908	0.030719807248268245	0.04799247176913425	0.008369920134139347	0.022589694374723166	0.9916300798658606	0.46012069019567675	0.02233146738523035	0.29	0.5071575322687772	0.5062162983120428	100.0	369381.0	6773.0	362608.0	3188.0	0.0				
apex-paeruginosa	slay	classification	438484	438484	1.0	0.04614197111151308	0.0154419595314164	0.29896907216494845	0.00034525039538786087	0.007925662749385078	0.9996547496046121	0.4711529100939737	0.0220373457842702	0.45	0.4994904186673421	0.5034883289782383	100.0	401235.0	7318.0	393917.0	194.0	0.0				
apex-saureus	slay	classification	438484	438484	1.0	0.04711039936757028	0.014947284131856399	0.32	0.00030155669139093655	0.007652364033889041	0.999698443308609	0.47222590160047695	0.021750233102513908	0.44	0.4985909538448744	0.5029351037363585	100.0	401937.0	7318.0	394619.0	175.0	0.0				
deep-amp-cnn-gramneg	slay	classification	438484	438484	1.0	0.01553096075233429	0.03824521934758155	0.02819431967383042	0.03711033880369757	0.059431900946831755	0.9628896611963024	0.4995192480623327	0.01918062357748238	0.02	0.5099698349101471	0.5022415423461777	100.0	385816.0	6865.0	378951.0	14471.0	0.0				
deep-amp-cnn-grampos	slay	classification	438484	438484	1.0	-0.00031104154468964947	0.031919757276845706	0.017694221730716064	0.16369751512731517	0.16282685512367492	0.8363024848726849	0.49132202530504354	0.022006171635190717	0.36	0.5010391843783963	0.5044839117216873	100.0	397759.0	7075.0	390684.0	65106.0	0.0				
deep-amp-lstm-gramneg	slay	classification	438484	438484	1.0	0.00238485622195563	0.028887222457696194	0.019032479807527068	0.055757152485421534	0.059905341446923596	0.9442428475145784	0.4797521783144342	0.017388672016457093	0.0	0.5021207225901473	0.5001827738997175	100.0	416903.0	7395.0	409508.0	23276.0	0.0				
deep-amp-lstm-grampos	slay	classification	438484	438484	1.0	0.00871385396002562	0.0328977709454266	0.023093940538498895	0.04363975568485853	0.05716575397355416	0.9563602443151414	0.48267279160827753	0.017812819833164906	0.03	0.5075046509862279	0.5002533223630103	100.0	422361.0	7487.0	414874.0	18533.0	0.0				
example-model	slay	classification	438484	438484	1.0	-2.058208610753334e-05	0.0344193656210967	0.017822332343456794	0.5007174900387306	0.5006397134083931	0.4992825099612695	0.49946206695739026	0.017764621392944435	0.02	0.4997755557396897	0.5003003758561826	100.0	438484.0	7816.0	430668.0	219556.0	0.0				
hydramp-amp-classifier	slay	classification	438484	438484	1.0	0.009720098596362123	0.03733055694451104	0.019721082379846138	0.3145160541298634	0.34864380757420677	0.6854839458701366	0.5255761776753866	0.02002212947158304	0.04	0.5078687727533617	0.5022421676884224	100.0	438484.0	7816.0	430668.0	138177.0	0.0				
hydramp-mic-classifier	slay	classification	438484	438484	1.0	0.023744916366256478	0.042585462606463655	0.03913789405961827	0.020807211123185378	0.04669907881269191	0.9791927888768146	0.5384605356807395	0.02273814106772644	0.1	0.5197110267939886	0.5040634233468225	100.0	438484.0	7816.0	430668.0	9326.0	0.0				
mbc-attention	slay	classification	427912	438484	0.9758896561790168	0.0062394836656563205	0.03482237599198936	0.018403551174509897	0.3008565051298315	0.32289356984478934	0.6991434948701686	0.5263276997543709	0.018469133505780257	0.04	0.5036569313615925	0.5005639980624091	100.0	210145.0	3608.0	206537.0	63303.0	0.0				
sensexamp-classifier	slay	classification	420934	438484	0.9599757345764042	0.0030319711851470557	0.03504086617371323	0.018282628889921042	0.40898459514174934	0.4202589083144268	0.5910154048582507	0.5113059062119113	0.019539428476806214	0.1	0.5069237748321317	0.5030322839864564	100.0	420934.0	7493.0	413441.0	172240.0	0.0				
sensexamp-ecoli	slay	classification	420934	438484	0.9599757345764042	0.011890592956339107	0.02269791474441779	0.03434794750069813	0.00855853737615737	0.01694915254237288	0.9914414626238426	0.5228698050795633	0.020009878220071282	0.08	0.5079530633271612	0.5027903277024885	100.0	411298.0	7257.0	404041.0	3581.0	0.0				
sensexamp-saureus	slay	classification	420934	438484	0.9599757345764042	0.01437051363701721	0.008409785932721712	0.07692307692307693	0.0009631497916823746	0.004448038819247877	0.9990368502083177	0.4823197836220218	0.018122303711484926	0.11	0.5027186619024913	0.5022666082001165	100.0	418570.0	7419.0	411151.0	429.0	0.0				
ampeppy	species_abaumannii	classification	874	874	1.0	0.2088224603631788	0.8571428571428571	0.7711138310893513	0.8461538461538461	0.9647779479326187	0.15384615384615385	0.6788993368580793	0.83003716598738	0.82	0.5159388565862141	0.5031012991826428	100.0	874.0	653.0	221.0	817.0	0.0				
amplify	species_abaumannii	classification	874	874	1.0	0.13915752707961182	0.8536912751677852	0.7598566308243727	0.9095022624434389	0.9739663093415007	0.09049773755656108	0.685374844955063	0.8516937438974804	0.92	0.5543057542687733	0.507119644705828	100.0	874.0	653.0	221.0	837.0	0.0				
ampredictor	species_abaumannii	classification	872	874	0.9977116704805492	0.18144916646424766	0.8987012987012987	0.8304	0.8907563025210085	0.9792452830188679	0.1092436974789916	0.6164420485175202	0.8651852720319084	0.88	0.5206829504393614	0.5034790250602943	100.0	649.0	530.0	119.0	625.0	0.0				
ampredmfa	species_abaumannii	classification	874	874	1.0	-0.028273583221482924	0.8505595786701777	0.745958429561201	0.995475113122172	0.9892802450229708	0.004524886877828055	0.5259990437451927	0.7627898997286936	0.75	0.5047357747043408	0.5004521593938818	100.0	874.0	653.0	221.0	866.0	0.0				
ampscanner	species_abaumannii	classification	783	874	0.8958810068649885	0.1914760364448715	0.8700147710487445	0.7791005291005291	0.9027027027027027	0.9849498327759197	0.0972972972972973	0.6787354243875983	0.844992438915263	0.73	0.5253916563985214	0.5024243290028739	100.0	783.0	598.0	185.0	756.0	0.0				
apex-abaumannii	species_abaumannii	classification	868	874	0.9931350114416476	0.34829644777367663	0.6600397614314115	0.9273743016759777	0.11818181818181818	0.5123456790123457	0.8818181818181818	0.6866161616161616	0.8704728183547474	0.92	0.5816350640912045	0.5230078563411896	100.0	434.0	324.0	110.0	179.0	0.0				
apex-ecoli	species_abaumannii	classification	868	874	0.9931350114416476	0.1966391447840318	0.44155844155844154	0.8854166666666666	0.10377358490566038	0.29411764705882354	0.8962264150943396	0.6315205327413984	0.8319064463949442	0.88	0.5888297488514653	0.5043113983444677	100.0	395.0	289.0	106.0	96.0	0.0				
apex-kpneumoniae	species_abaumannii	classification	868	874	0.9931350114416476	-0.009888754487285805	0.008032128514056224	0.6666666666666666	0.0055248618784530384	0.00404040404040404	0.994475138121547	0.46545008091969414	0.6916185432871085	0.62	0.48271901921218585	0.498850354232236	100.0	676.0	495.0	181.0	3.0	0.0				
apex-min	species_abaumannii	classification	868	874	0.9931350114416476	0.20638424277543418	0.8059701492537313	0.8140703517587939	0.5873015873015873	0.7980295566502463	0.4126984126984127	0.6812299632496677	0.87731023455231	0.94	0.5936886551353754	0.5304146033160564	100.0	532.0	406.0	126.0	398.0	0.0				
apex-paeruginosa	species_abaumannii	classification	868	874	0.9931350114416476	0.11044204887501097	0.082687338501292	1.0	0.0	0.0431266846361186	1.0	0.5504235656526761	0.7653171859598082	0.75	0.5232353119996758	0.5203201219807161	100.0	511.0	371.0	140.0	16.0	0.0				
apex-saureus	species_abaumannii	classification	868	874	0.9931350114416476	0.025648175867610416	0.03611738148984198	0.8	0.011299435028248588	0.018475750577367205	0.9887005649717514	0.43607207630380607	0.6678027178519129	0.57	0.49754116767238094	0.5015263685502577	100.0	610.0	433.0	177.0	10.0	0.0				
deep-amp-cnn-gramneg	species_abaumannii	classification	864	874	0.988558352402746	0.26458370733959347	0.8744734625105307	0.8034055727554179	0.7888198757763976	0.9593345656192237	0.2111801242236025	0.6035636789474289	0.8086996930607484	0.8	0.5053353064409799	0.498191292855363	100.0	702.0	541.0	161.0	646.0	0.0				
deep-amp-cnn-grampos	species_abaumannii	classification	864	874	0.988558352402746	0.13823318926807607	0.8571428571428571	0.7657068062827225	0.9086294416243654	0.9733777038269551	0.09137055837563451	0.4659915369477267	0.7035408459101868	0.53	0.48126352774763587	0.49873526182225775	100.0	798.0	601.0	197.0	764.0	0.0				
deep-amp-lstm-gramneg	species_abaumannii	classification	864	874	0.988558352402746	0.14721433232765194	0.8067675868210151	0.766497461928934	0.7225130890052356	0.8515037593984962	0.2774869109947644	0.5776975160414124	0.7805879064551722	0.78	0.5202441899734179	0.5045494765090263	100.0	723.0	532.0	191.0	591.0	0.0				
deep-amp-lstm-grampos	species_abaumannii	classification	864	874	0.988558352402746	0.14631980219676172	0.8097826086956522	0.7828371278458844	0.7045454545454546	0.8386491557223265	0.29545454545454547	0.6192542213883676	0.8155426846742078	0.8	0.5163469393251164	0.5096152774789863	100.0	709.0	533.0	176.0	571.0	0.0				
example-model	species_abaumannii	classification	874	874	1.0	0.00954057054974596	0.6192619261926192	0.7510917030567685	0.5158371040723982	0.5267993874425727	0.4841628959276018	0.5008245965366945	0.7440039202217782	0.74	0.4978495207967185	0.4982569816925362	100.0	874.0	653.0	221.0	458.0	0.0				
hydramp-amp-classifier	species_abaumannii	classification	724	874	0.8283752860411899	0.15692212835416625	0.8508196721311475	0.763235294117647	0.875	0.9611111111111111	0.125	0.6645984299516908	0.8325502464276846	0.89	0.5408297313331638	0.5019914386748557	100.0	724.0	540.0	184.0	680.0	0.0				
hydramp-mic-classifier	species_abaumannii	classification	724	874	0.8283752860411899	0.34223553144090646	0.8447653429602888	0.823943661971831	0.5434782608695652	0.8666666666666667	0.45652173913043476	0.7155444847020935	0.8623189551455144	0.91	0.5520806848037969	0.5102727809741138	100.0	724.0	540.0	184.0	568.0	0.0				
mbc-attention	species_abaumannii	classification	871	874	0.9965675057208238	0.4047248283380702	0.8974820143884892	0.8316666666666667	0.7013888888888888	0.974609375	0.2986111111111111	0.6737196180555556	0.8710090469964243	0.92	0.5632309941520468	0.5332565605806812	100.0	656.0	512.0	144.0	600.0	0.0				
mole-amp	species_abaumannii	classification	874	874	1.0	0.0	0.0	0.0	0.0	0.0	1.0	0.5	0.7471395881006865	0.59	0.5	0.5	100.0	874.0	653.0	221.0	0.0	0.0				
sensexamp-classifier	species_abaumannii	classification	724	874	0.8283752860411899	0.14785611250797445	0.8578274760383386	0.7542134831460674	0.9510869565217391	0.9944444444444445	0.04891304347826087	0.6406451288244766	0.8257761014199294	0.83	0.5303786337825239	0.51585625389427	100.0	724.0	540.0	184.0	712.0	0.0				
sensexamp-ecoli	species_abaumannii	classification	724	874	0.8283752860411899	0.26986864753950307	0.8518896833503575	0.8128654970760234	0.6620689655172414	0.8948497854077253	0.33793103448275863	0.6853189285185733	0.8516260673695155	0.89	0.5386071364588769	0.5012430808772291	100.0	611.0	466.0	145.0	513.0	0.0				
sensexamp-saureus	species_abaumannii	classification	724	874	0.8283752860411899	0.30184985598436187	0.7834549878345499	0.8518518518518519	0.3888888888888889	0.7252252252252253	0.6111111111111112	0.6719532032032031	0.8501047499738431	0.85	0.5344357515410147	0.5274168641002812	100.0	588.0	444.0	144.0	378.0	0.0				
ampeppy	species_ecoli	classification	3611	3611	1.0	0.22121291047476266	0.8360348063470397	0.7480916030534351	0.8048780487804879	0.9474091260634184	0.1951219512195122	0.6352690849414295	0.7789861069071395	0.78	0.504277500950611	0.505142357705567	100.0	3611.0	2586.0	1025.0	3275.0	0.0				
amplify	species_ecoli	classification	3611	3611	1.0	0.24061224645012164	0.8430252100840336	0.7455410225921522	0.8351219512195122	0.9698375870069605	0.1648780487804878	0.654573783788882	0.7907497102656967	0.78	0.5128317582479769	0.5015509848868965	100.0	3611.0	2586.0	1025.0	3364.0	0.0				
ampredictor	species_ecoli	classification	3607	3611	0.9988922736084187	0.6328089837252485	0.934337491174394	0.8913336326897171	0.46449136276391556	0.9817012858555886	0.5355086372360844	0.8215132581906136	0.9308368163293789	0.97	0.5905769938095836	0.5216671055641391	100.0	2543.0	2022.0	521.0	2227.0	0.0				
ampredmfa	species_ecoli	classification	3611	3611	1.0	0.08084689052822758	0.8357628765792031	0.7190635451505016	0.9834146341463414	0.9976798143851509	0.016585365853658537	0.5604253673627224	0.7497410647265121	0.88	0.5083485058965646	0.5007970935278127	100.0	3611.0	2586.0	1025.0	3588.0	0.0				
ampscanner	species_ecoli	classification	3306	3611	0.9155358626419274	0.22358970208645143	0.8388285135384048	0.7419354838709677	0.8372093023255814	0.9648305084745763	0.16279069767441862	0.6735706991077508	0.8044616640084691	0.82	0.5222917595896521	0.5021283589557959	100.0	3306.0	2360.0	946.0	3069.0	0.0				
apex-abaumannii	species_ecoli	classification	3594	3611	0.9952921628357796	0.3279491840709682	0.5606694560669456	0.8963210702341137	0.09104258443465492	0.4079147640791476	0.908957415565345	0.6918210528433206	0.8163566480728881	0.9	0.5909014821096485	0.5149994581404239	100.0	1995.0	1314.0	681.0	598.0	0.0				
apex-ecoli	species_ecoli	classification	3594	3611	0.9952921628357796	0.26487816610647485	0.3624511082138201	0.9391891891891891	0.02586206896551724	0.2245557350565428	0.9741379310344828	0.6581423040499137	0.7901102142692754	0.94	0.594532191433405	0.5226746511791311	100.0	1934.0	1238.0	696.0	296.0	0.0				
apex-kpneumoniae	species_ecoli	classification	3594	3611	0.9952921628357796	0.03735092745896132	0.01432225063938619	0.9333333333333333	0.001215066828675577	0.007216494845360825	0.9987849331713244	0.5568475905350052	0.7359071778509183	0.7	0.5043855803279164	0.5031444882087279	100.0	2763.0	1940.0	823.0	15.0	0.0				
apex-min	species_ecoli	classification	3594	3611	0.9952921628357796	0.36587435347510733	0.7941463414634147	0.8580463808854533	0.33949579831932775	0.7391041162227603	0.6605042016806723	0.7410503184324577	0.8764307118905194	0.95	0.578779772390669	0.5142099084757827	100.0	2247.0	1652.0	595.0	1423.0	0.0				
apex-paeruginosa	species_ecoli	classification	3594	3611	0.9952921628357796	0.10765391831216856	0.06	1.0	0.0	0.030927835051546393	1.0	0.5962666992008785	0.7249529937783485	0.87	0.5406939847024993	0.5197852251558531	100.0	2300.0	1455.0	845.0	45.0	0.0				
apex-saureus	species_ecoli	classification	3594	3611	0.9952921628357796	-0.018499245217639588	0.03621314019658562	0.625	0.024277456647398842	0.018646776771443795	0.9757225433526011	0.541823288299802	0.700607139098411	0.69	0.5011896042254249	0.4982271522182963	100.0	2742.0	1877.0	865.0	56.0	0.0				
deep-amp-cnn-gramneg	species_ecoli	classification	3582	3611	0.9919689836610357	0.41859607056276377	0.8787536689997743	0.8238780694326842	0.6028985507246377	0.9414610546686019	0.39710144927536234	0.7588194050048028	0.8816298272500369	0.93	0.5700331791174156	0.5060773955246317	100.0	2757.0	2067.0	690.0	2362.0	0.0				
deep-amp-cnn-grampos	species_ecoli	classification	3582	3611	0.9919689836610357	0.30909869814631485	0.8775205377147125	0.7974211062097047	0.7928286852589641	0.9755085097550851	0.20717131474103587	0.6579135237106093	0.8163993065239185	0.75	0.5003612736574186	0.4986739248351847	100.0	3162.0	2409.0	753.0	2947.0	0.0				
deep-amp-lstm-gramneg	species_ecoli	classification	3582	3611	0.9919689836610357	0.25850605296425233	0.805671780567178	0.778176919622811	0.5930372148859544	0.8351807228915663	0.4069627851140456	0.6540927696379758	0.7901934938132085	0.78	0.5206102732786203	0.4978746841716647	100.0	2908.0	2075.0	833.0	2227.0	0.0				
deep-amp-lstm-grampos	species_ecoli	classification	3582	3611	0.9919689836610357	0.504452419678676	0.8600987538208323	0.8607058823529412	0.35449101796407184	0.8594924812030075	0.6455089820359281	0.7949141191301607	0.8817096319021044	0.95	0.5664266046458725	0.5138802947247154	100.0	2963.0	2128.0	835.0	2125.0	0.0				
example-model	species_ecoli	classification	3611	3611	1.0	-0.010782473992538642	0.5839981764303624	0.711271515824542	0.5073170731707317	0.4953596287703016	0.4926829268292683	0.4919940391979326	0.7177953164216514	0.76	0.5033293720408202	0.5001705990954907	100.0	3611.0	2586.0	1025.0	1801.0	0.0				
hydramp-amp-classifier	species_ecoli	classification	3042	3611	0.842425920797563	0.24106605776522827	0.8365482233502538	0.7458363504706734	0.7986348122866894	0.9523809523809523	0.20136518771331058	0.6986357064225781	0.8260893765613685	0.88	0.5443950787314332	0.5026236644182149	100.0	3042.0	2163.0	879.0	2762.0	0.0				
hydramp-mic-classifier	species_ecoli	classification	3042	3611	0.842425920797563	0.6181190005949234	0.888631090487239	0.8919422449930136	0.26393629124004553	0.8853444290337494	0.7360637087599545	0.8688578781524207	0.924246455910811	0.94	0.6505354309927375	0.5146920085234541	100.0	3042.0	2163.0	879.0	2147.0	0.0				
mbc-attention	species_ecoli	classification	3599	3611	0.9966768208252562	0.7045322506940385	0.9351519502273271	0.9033749422098937	0.32965299684542587	0.9692460317460317	0.6703470031545742	0.8908252904211106	0.9553220160439292	1.0	0.6853719142756998	0.5743301719654303	100.0	2650.0	2016.0	634.0	2163.0	0.0				
mole-amp	species_ecoli	classification	3611	3611	1.0	0.0	0.0	0.0	0.0	0.0	1.0	0.5	0.7161451121572971	0.06	0.5	0.5	100.0	3611.0	2586.0	1025.0	0.0	0.0				
sensexamp-classifier	species_ecoli	classification	3036	3611	0.8407643312101911	0.18577305657927873	0.8375196232339089	0.7265917602996255	0.9156214367160775	0.9884205650764243	0.08437856328392246	0.7068097640119084	0.8459181381064851	0.94	0.5712955877620542	0.5129287184548393	100.0	3036.0	2159.0	877.0	2937.0	0.0				
sensexamp-ecoli	species_ecoli	classification	3036	3611	0.8407643312101911	0.5104315696257571	0.8835234810294508	0.8753943217665615	0.39173553719008264	0.8918050348152116	0.6082644628099173	0.8290818788262426	0.9322534433245486	1.0	0.6580008587604634	0.5554581060872806	100.0	2472.0	1867.0	605.0	1902.0	0.0				
sensexamp-saureus	species_ecoli	classification	3036	3611	0.8407643312101911	0.3962634821077223	0.7620915032679738	0.8747186796699175	0.23959827833572453	0.6751592356687898	0.7604017216642754	0.7419796480740106	0.8658890476043324	0.94	0.5723844623467594	0.5168654050843374	100.0	2424.0	1727.0	697.0	1333.0	0.0				
ampeppy	species_kpneumoniae	classification	955	955	1.0	0.12719468188019692	0.7454798331015299	0.6189376443418014	0.8616187989556136	0.9370629370629371	0.13838120104438642	0.6330885172268983	0.6908926367149648	0.7	0.5117892276748949	0.5097477014240991	100.0	955.0	572.0	383.0	866.0	0.0				
amplify	species_kpneumoniae	classification	955	955	1.0	0.15625611359420544	0.7557666214382632	0.6175166297117517	0.9007832898172323	0.9737762237762237	0.09921671018276762	0.6768838211396958	0.7348054213832986	0.74	0.5306387305150532	0.5199068614448386	100.0	955.0	572.0	383.0	902.0	0.0				
ampredictor	species_kpneumoniae	classification	953	955	0.9979057591623036	0.38231729482411775	0.8610301263362488	0.7664359861591695	0.7458563535911602	0.9822616407982262	0.2541436464088398	0.7432593010008453	0.8695930842989139	0.93	0.585470947891958	0.5368975317227561	100.0	632.0	451.0	181.0	578.0	0.0				
ampredmfa	species_kpneumoniae	classification	955	955	1.0	0.07185125584691616	0.7506596306068601	0.6027542372881356	0.97911227154047	0.9947552447552448	0.020887728459530026	0.5330707151855977	0.6318592034548618	0.62	0.5113145106454652	0.5010802799108736	100.0	955.0	572.0	383.0	944.0	0.0				
ampscanner	species_kpneumoniae	classification	882	955	0.9235602094240838	0.18260582826038368	0.7753623188405797	0.6430288461538461	0.8892215568862275	0.9762773722627737	0.11077844311377245	0.6643865553564405	0.7374448399731248	0.76	0.5327618773210399	0.5031280184376872	100.0	882.0	548.0	334.0	832.0	0.0				
apex-abaumannii	species_kpneumoniae	classification	947	955	0.9916230366492147	0.3538854959740995	0.6242299794661191	0.8444444444444444	0.14583333333333334	0.495114006514658	0.8541666666666666	0.6520935124864278	0.7588873298505499	0.82	0.5529387393565347	0.5186300667288669	100.0	499.0	307.0	192.0	180.0	0.0				
apex-ecoli	species_kpneumoniae	classification	947	955	0.9916230366492147	0.20612076817334932	0.3684210526315789	0.7974683544303798	0.08205128205128205	0.23954372623574144	0.9179487179487179	0.5764843521497514	0.6749468468748622	0.71	0.5576833279454853	0.514389731635657	100.0	458.0	263.0	195.0	79.0	0.0				
apex-kpneumoniae	species_kpneumoniae	classification	947	955	0.9916230366492147	0.04181208204358661	0.03111111111111111	0.7777777777777778	0.006578947368421052	0.015873015873015872	0.993421052631579	0.4832691848669292	0.5818818059838571	0.56	0.49743563168573063	0.5017155235540395	100.0	745.0	441.0	304.0	9.0	0.0				
apex-min	species_kpneumoniae	classification	947	955	0.9916230366492147	0.2133858635749769	0.7291666666666666	0.7106598984771574	0.5402843601895735	0.7486631016042781	0.4597156398104265	0.6438528017842208	0.7397626314093353	0.81	0.5266065790474107	0.4996779777947955	100.0	585.0	374.0	211.0	394.0	0.0				
apex-paeruginosa	species_kpneumoniae	classification	947	955	0.9916230366492147	0.1374163335668816	0.07692307692307693	1.0	0.0	0.04	1.0	0.524411359250069	0.5885328820538982	0.6	0.5248095424665883	0.5208853753188329	100.0	604.0	325.0	279.0	13.0	0.0				
apex-saureus	species_kpneumoniae	classification	947	955	0.9916230366492147	-0.01012642128186943	0.0735632183908046	0.5517241379310345	0.043478260869565216	0.03940886699507389	0.9565217391304348	0.46843336573471506	0.5406807542048058	0.46	0.4915468812730708	0.49748743718592964	100.0	705.0	406.0	299.0	29.0	0.0				
deep-amp-cnn-gramneg	species_kpneumoniae	classification	938	955	0.9821989528795811	0.240334514324035	0.7814113597246127	0.6627737226277373	0.7993079584775087	0.9517819706498952	0.20069204152249134	0.6167076523543195	0.6791323017735102	0.65	0.5012918032060849	0.49748743718592964	100.0	766.0	477.0	289.0	685.0	0.0				
deep-amp-cnn-grampos	species_kpneumoniae	classification	938	955	0.9821989528795811	0.13934215697283245	0.7807083647324793	0.6523929471032746	0.9078947368421053	0.9718574108818011	0.09210526315789473	0.5662029722523946	0.6437676685852914	0.54	0.4840720221606648	0.49749984245310686	100.0	837.0	533.0	304.0	794.0	0.0				
deep-amp-lstm-gramneg	species_kpneumoniae	classification	938	955	0.9821989528795811	0.20466477099175062	0.7363636363636363	0.6377952755905512	0.7055214723926381	0.8709677419354839	0.294478527607362	0.5762715218681971	0.6381451835974374	0.62	0.514313192440829	0.5022543285727403	100.0	791.0	465.0	326.0	635.0	0.0				
deep-amp-lstm-grampos	species_kpneumoniae	classification	938	955	0.9821989528795811	0.31589849685714083	0.7561697926949654	0.6913357400722022	0.5445859872611465	0.8344226579520697	0.4554140127388535	0.6633640009436187	0.7038812345171965	0.67	0.5161251448841913	0.5077799387847192	100.0	773.0	459.0	314.0	554.0	0.0				
example-model	species_kpneumoniae	classification	955	955	1.0	-0.00383900478474082	0.544243577545195	0.5970772442588727	0.5039164490861618	0.5	0.4960835509138381	0.492073526995198	0.5878981791296123	0.52	0.4942971004534836	0.499395863724032	100.0	955.0	572.0	383.0	479.0	0.0				
hydramp-amp-classifier	species_kpneumoniae	classification	786	955	0.8230366492146597	0.16808106191417732	0.7404902789518174	0.6008230452674898	0.8765060240963856	0.9647577092511013	0.12349397590361445	0.6061547953930259	0.6583180437657584	0.73	0.5227551755829253	0.5060726380162582	100.0	786.0	454.0	332.0	729.0	0.0				
hydramp-mic-classifier	species_kpneumoniae	classification	786	955	0.8230366492146597	0.4754106488954022	0.8027613412228797	0.7267857142857143	0.4608433734939759	0.8964757709251101	0.5391566265060241	0.7942253595881323	0.8172451699064223	0.86	0.5892147304730166	0.5189511060423928	100.0	786.0	454.0	332.0	560.0	0.0				
mbc-attention	species_kpneumoniae	classification	951	955	0.9958115183246073	0.5212206005569566	0.8666053357865685	0.7772277227722773	0.5818965517241379	0.9792099792099792	0.41810344827586204	0.8057656462828875	0.888362217212128	0.98	0.6339390486395932	0.5641336656758594	100.0	713.0	481.0	232.0	606.0	0.0				
mole-amp	species_kpneumoniae	classification	955	955	1.0	0.0	0.0	0.0	0.0	0.0	1.0	0.5	0.5989528795811518	0.39	0.5	0.5	100.0	955.0	572.0	383.0	0.0	0.0				
sensexamp-classifier	species_kpneumoniae	classification	785	955	0.8219895287958116	0.10750806145484645	0.7366694011484823	0.5869281045751634	0.9546827794561934	0.9889867841409692	0.045317220543806644	0.6418908127819848	0.7067164647804336	0.77	0.5413185598517235	0.509735767087564	100.0	785.0	454.0	331.0	765.0	0.0				
sensexamp-ecoli	species_kpneumoniae	classification	785	955	0.8219895287958116	0.2945276829922532	0.778642936596218	0.7056451612903226	0.6134453781512605	0.8684863523573201	0.3865546218487395	0.7286736034364117	0.8105454046288282	0.88	0.5818842098678312	0.5110779202013361	100.0	641.0	403.0	238.0	496.0	0.0				
sensexamp-saureus	species_kpneumoniae	classification	785	955	0.8219895287958116	0.368942449488815	0.7541827541827542	0.7417721518987341	0.4015748031496063	0.7670157068062827	0.5984251968503937	0.7109494166632313	0.7845193431900421	0.85	0.5768014875792772	0.5265108160251312	100.0	636.0	382.0	254.0	395.0	0.0				
ampeppy	species_paeruginosa	classification	2248	2248	1.0	0.18576978570105684	0.7676179382644147	0.6416747809152873	0.847926267281106	0.9550724637681159	0.15207373271889402	0.6488546049555868	0.7135156561398165	0.68	0.5162256974835405	0.5062087301531366	100.0	2248.0	1380.0	868.0	2054.0	0.0				
amplify	species_paeruginosa	classification	2248	2248	1.0	0.2089362890826583	0.7728323699421965	0.6427884615384616	0.8559907834101382	0.9688405797101449	0.14400921658986174	0.670782408335003	0.7136002492919216	0.64	0.5114197661053054	0.4998950875394806	100.0	2248.0	1380.0	868.0	2080.0	0.0				
ampredictor	species_paeruginosa	classification	2246	2248	0.9991103202846975	0.4752525387930219	0.8749503771337832	0.7950937950937951	0.6214442013129103	0.9726390114739629	0.3785557986870897	0.7550219108078512	0.8642823658239294	0.91	0.5746352425568257	0.5202973756808128	100.0	1590.0	1133.0	457.0	1386.0	0.0				
ampredmfa	species_paeruginosa	classification	2248	2248	1.0	0.08252670350010215	0.7628808864265928	0.6174887892376681	0.9827188940092166	0.9978260869565218	0.01728110599078341	0.5677056201162091	0.6649258066430994	0.72	0.5109993710439332	0.5010501912051997	100.0	2248.0	1380.0	868.0	2230.0	0.0				
ampscanner	species_paeruginosa	classification	1986	2248	0.8834519572953736	0.18792758703600126	0.7590082644628099	0.6256130790190736	0.8630653266331658	0.9647058823529412	0.13693467336683418	0.7190643342764242	0.7647349730685247	0.83	0.554657231313578	0.5052185296229045	100.0	1986.0	1190.0	796.0	1835.0	0.0				
apex-abaumannii	species_paeruginosa	classification	2236	2248	0.994661921708185	0.4296328919626696	0.6451612903225806	0.835509138381201	0.11864406779661017	0.5254515599343186	0.8813559322033898	0.7189953583875268	0.7633685707488707	0.88	0.6051756770327013	0.5211415589166413	100.0	1140.0	609.0	531.0	383.0	0.0				
apex-ecoli	species_paeruginosa	classification	2236	2248	0.994661921708185	0.3677640294353875	0.4732394366197183	0.8983957219251337	0.037549407114624504	0.32122370936902483	0.9624505928853755	0.6887975271880833	0.7321235259650547	0.9	0.6271212194135305	0.5300074462199829	100.0	1029.0	523.0	506.0	187.0	0.0				
apex-kpneumoniae	species_paeruginosa	classification	2236	2248	0.994661921708185	0.03894305536371607	0.018218623481781375	0.8181818181818182	0.002844950213371266	0.009211873080859774	0.9971550497866287	0.5346715567585039	0.6112941766551682	0.64	0.5076249891856489	0.5020631094660672	100.0	1680.0	977.0	703.0	11.0	0.0				
apex-min	species_paeruginosa	classification	2236	2248	0.994661921708185	0.4210602412297998	0.8270521424883841	0.782991202346041	0.4879120879120879	0.8763676148796499	0.512087912087912	0.7483203885829706	0.8286957733036863	0.85	0.5609141520692829	0.5059579040754062	100.0	1369.0	914.0	455.0	1023.0	0.0				
apex-paeruginosa	species_paeruginosa	classification	2236	2248	0.994661921708185	0.15721408123707672	0.0877742946708464	1.0	0.0	0.04590163934426229	1.0	0.5989183707960115	0.5999542279248754	0.73	0.5475328510561515	0.5268187675381665	100.0	1289.0	610.0	679.0	28.0	0.0				
apex-saureus	species_paeruginosa	classification	2236	2248	0.994661921708185	0.010561864445977906	0.04607329842931937	0.5945945945945946	0.020804438280166437	0.023965141612200435	0.9791955617198336	0.5846742148855227	0.6237569851458554	0.68	0.5183155871784926	0.49832637786972567	100.0	1639.0	918.0	721.0	37.0	0.0				
deep-amp-cnn-gramneg	species_paeruginosa	classification	2225	2248	0.9897686832740213	0.3523043387382434	0.8314768235716853	0.7304292929292929	0.727427597955707	0.9649708090075062	0.272572402044293	0.7309214237304511	0.8130658787114968	0.86	0.5516908760229149	0.4993752159227254	100.0	1786.0	1199.0	587.0	1584.0	0.0				
deep-amp-cnn-grampos	species_paeruginosa	classification	2225	2248	0.9897686832740213	0.15453948217885355	0.7903075489282386	0.6659685863874345	0.8985915492957747	0.9717341482047365	0.10140845070422536	0.6220036798330087	0.7182639626832786	0.73	0.5155905882805983	0.49955828270350344	100.0	2019.0	1309.0	710.0	1910.0	0.0				
deep-amp-lstm-gramneg	species_paeruginosa	classification	2225	2248	0.9897686832740213	0.3471611375357341	0.7944785276073619	0.7134986225895317	0.6020260492040521	0.8961937716262975	0.3979739507959479	0.6680191187737545	0.7338147608495609	0.82	0.523826780357069	0.5062569166595726	100.0	1847.0	1156.0	691.0	1452.0	0.0				
deep-amp-lstm-grampos	species_paeruginosa	classification	2225	2248	0.9897686832740213	0.28779049059543677	0.7708495713172252	0.7064285714285714	0.5913669064748202	0.8481989708404802	0.40863309352517985	0.6779187284820514	0.7603588705664809	0.89	0.5407393503812099	0.5186422381785651	100.0	1861.0	1166.0	695.0	1400.0	0.0				
example-model	species_paeruginosa	classification	2248	2248	1.0	0.0021167852945785564	0.5528520143597926	0.6149068322981367	0.5	0.5021739130434782	0.5	0.4949070827489481	0.615541480212956	0.63	0.500702668311733	0.5013323479750988	100.0	2248.0	1380.0	868.0	1127.0	0.0				
hydramp-amp-classifier	species_paeruginosa	classification	1893	2248	0.8420818505338078	0.14762335341585628	0.7591892820336654	0.6278409090909091	0.8827493261455526	0.9600347523892268	0.11725067385444744	0.6602526573634552	0.7409958393440441	0.87	0.55487656899408	0.5113662457540512	100.0	1893.0	1151.0	742.0	1760.0	0.0				
hydramp-mic-classifier	species_paeruginosa	classification	1893	2248	0.8420818505338078	0.5003809930240576	0.8208045509955303	0.7709923664122137	0.40431266846361186	0.8774978279756733	0.5956873315363881	0.7953876975605415	0.8169806530937069	0.83	0.5786230900267569	0.5011889133198927	100.0	1893.0	1151.0	742.0	1310.0	0.0				
mbc-attention	species_paeruginosa	classification	2241	2248	0.9968861209964412	0.5322056976855688	0.8739635157545605	0.7901049475262368	0.5668016194331984	0.9777365491651205	0.4331983805668016	0.7854851915002291	0.8735826498190604	0.97	0.6075985747533037	0.5386051210285162	100.0	1572.0	1078.0	494.0	1334.0	0.0				
mole-amp	species_paeruginosa	classification	2248	2248	1.0	0.0	0.0	0.0	0.0	0.0	1.0	0.5	0.6138790035587188	0.0	0.5	0.5	100.0	2248.0	1380.0	868.0	0.0	0.0				
sensexamp-classifier	species_paeruginosa	classification	1890	2248	0.8407473309608541	0.09973891885728611	0.7584589614740368	0.6168937329700273	0.95	0.9843478260869565	0.05	0.7043772032902468	0.776871165064714	0.88	0.5680808955408498	0.5134721787551152	100.0	1890.0	1150.0	740.0	1835.0	0.0				
sensexamp-ecoli	species_paeruginosa	classification	1890	2248	0.8407473309608541	0.43066620165040104	0.8287142208087233	0.7689713322091062	0.5150375939849624	0.8985221674876848	0.4849624060150376	0.7421015593170116	0.8265881493709186	0.91	0.5691711778798825	0.5225134897049044	100.0	1547.0	1015.0	532.0	1186.0	0.0				
sensexamp-saureus	species_paeruginosa	classification	1890	2248	0.8407473309608541	0.4730288112780628	0.7874015748031497	0.8158508158508159	0.27964601769911507	0.7608695652173914	0.720353982300885	0.7551539053482108	0.8114187066550348	0.87	0.5618253984325955	0.5129214754031798	100.0	1485.0	920.0	565.0	858.0	0.0				
ampeppy	species_saureus	classification	3200	3200	1.0	0.24013765094372683	0.7978382706164932	0.6797407912687585	0.8265845070422535	0.9656007751937985	0.17341549295774647	0.6458335465798667	0.7286547571941493	0.78	0.5130540100045397	0.5034984090394103	100.0	3200.0	2064.0	1136.0	2932.0	0.0				
amplify	species_saureus	classification	3199	3200	0.9996875	0.19596869559247143	0.7931306750888275	0.6692205196535643	0.8748898678414097	0.9733527131782945	0.12511013215859032	0.6331470050882764	0.709376081043599	0.58	0.5035877763638684	0.49899730394317354	100.0	3199.0	2064.0	1135.0	3002.0	0.0				
ampredictor	species_saureus	classification	3196	3200	0.99875	0.3512564807441574	0.8510762070971495	0.7663698271346254	0.7101910828025477	0.9568345323741008	0.2898089171974522	0.6363396833199334	0.767743172511345	0.74	0.5086381143462397	0.5001082989483039	100.0	2157.0	1529.0	628.0	1909.0	0.0				
ampredmfa	species_saureus	classification	3199	3200	0.9996875	0.07523666752758365	0.7858913250714966	0.6479094624331971	0.986784140969163	0.998546511627907	0.013215859030837005	0.5740465884642967	0.6798042377974244	0.78	0.5006386858245794	0.500060980053603	100.0	3199.0	2064.0	1135.0	3181.0	0.0				
ampscanner	species_saureus	classification	2844	3200	0.88875	0.20246064566012617	0.7830592475782834	0.6563444108761329	0.8641975308641975	0.9704075935231714	0.13580246913580246	0.669437193353069	0.7407859727047393	0.71	0.5267520583735203	0.5025542166286275	100.0	2844.0	1791.0	1053.0	2648.0	0.0				
apex-abaumannii	species_saureus	classification	3186	3200	0.995625	0.3797551044514727	0.6227692307692307	0.8590831918505942	0.12063953488372094	0.48841698841698844	0.8793604651162791	0.7148693544042382	0.7910738439474813	0.86	0.5899145451624032	0.5135589729197302	100.0	1724.0	1036.0	688.0	589.0	0.0				
apex-ecoli	species_saureus	classification	3186	3200	0.995625	0.34064709259289655	0.46355446355446356	0.909967845659164	0.039886039886039885	0.310989010989011	0.9601139601139601	0.6674352712814251	0.7567489668494065	0.95	0.6194414372552024	0.53910940381756	100.0	1612.0	910.0	702.0	311.0	0.0				
apex-kpneumoniae	species_saureus	classification	3186	3200	0.995625	0.059060014553774236	0.022487702037947997	0.9411764705882353	0.001088139281828074	0.011379800853485065	0.998911860718172	0.5704202570361439	0.6526965090102714	0.65	0.5068811347344861	0.5043131491509341	100.0	2325.0	1406.0	919.0	17.0	0.0				
apex-min	species_saureus	classification	3186	3200	0.995625	0.3492998950747414	0.7949275362318841	0.792057761732852	0.45	0.7978181818181819	0.55	0.7329931818181817	0.8400362466954006	0.9	0.5749401913875598	0.5105413430790315	100.0	2015.0	1375.0	640.0	1385.0	0.0				
apex-paeruginosa	species_saureus	classification	3186	3200	0.995625	0.09679250412507621	0.058419243986254296	0.918918918918919	0.003575685339690107	0.030168589174800354	0.9964243146603099	0.5881901913483432	0.6516223220512327	0.73	0.5231979815543196	0.5104956979603125	100.0	1966.0	1127.0	839.0	37.0	0.0				
apex-saureus	species_saureus	classification	3186	3200	0.995625	0.14736942613087278	0.1168091168091168	0.9425287356321839	0.005170630816959669	0.06226271829916477	0.9948293691830403	0.6084273822788309	0.6808284945300196	0.89	0.5365248459524786	0.5228044561820313	100.0	2284.0	1317.0	967.0	87.0	0.0				
deep-amp-cnn-gramneg	species_saureus	classification	3177	3200	0.9928125	0.46017220635552936	0.8780014552510308	0.8037300177619894	0.6242937853107344	0.9673971138428648	0.3757062146892655	0.807201502565171	0.8980029834202562	0.96	0.6039539917290895	0.5125491423029627	100.0	2579.0	1871.0	708.0	2252.0	0.0				
deep-amp-cnn-grampos	species_saureus	classification	3177	3200	0.9928125	0.16970082294765806	0.8045313194135939	0.6928079571537873	0.866235167206041	0.9592161016949152	0.133764832793959	0.5917010632073575	0.7129309726595667	0.66	0.4998427827288588	0.5001846533602318	100.0	2815.0	1888.0	927.0	2614.0	0.0				
deep-amp-lstm-gramneg	species_saureus	classification	3177	3200	0.9928125	0.40495117963128935	0.8278481012658228	0.7611731843575419	0.558215451577802	0.9073251942286349	0.44178454842219805	0.7169871705842499	0.8009118812040276	0.89	0.5406655746076511	0.5070634804031061	100.0	2721.0	1802.0	919.0	2148.0	0.0				
deep-amp-lstm-grampos	species_saureus	classification	3177	3200	0.9928125	0.26740881581247544	0.761168384879725	0.7383333333333333	0.5268456375838926	0.7854609929078015	0.47315436241610737	0.6757342091484602	0.7721210384828165	0.78	0.5363418462541395	0.5028014236221487	100.0	2586.0	1692.0	894.0	1800.0	0.0				
example-model	species_saureus	classification	3200	3200	1.0	-0.011082608365813451	0.5572873940388297	0.6396735718769617	0.5052816901408451	0.4937015503875969	0.49471830985915494	0.49373119165574847	0.6456291822981097	0.66	0.5022749140189977	0.5002860032502287	100.0	3200.0	2064.0	1136.0	1593.0	0.0				
hydramp-amp-classifier	species_saureus	classification	2719	3200	0.8496875	0.22369563499864648	0.8079869979103784	0.6962785114045619	0.8331503841931943	0.9623893805309734	0.1668496158068057	0.745008159855454	0.8394382457994629	0.93	0.5783765524048311	0.5209120520274259	100.0	2719.0	1808.0	911.0	2499.0	0.0				
hydramp-mic-classifier	species_saureus	classification	2719	3200	0.8496875	0.40494285798179463	0.8102425876010781	0.7902208201892744	0.43798024149286496	0.8313053097345132	0.562019758507135	0.7529722152064734	0.8250785424518436	0.81	0.5583037265896252	0.5024592084110361	100.0	2719.0	1808.0	911.0	1902.0	0.0				
mbc-attention	species_saureus	classification	3186	3200	0.995625	0.4193922234134532	0.839851024208566	0.7674418604651163	0.5790960451977402	0.9273474982864977	0.4209039548022599	0.7113290582900602	0.8065476625934349	0.88	0.5439006142113803	0.5162205236285866	100.0	2167.0	1459.0	708.0	1763.0	0.0				
mole-amp	species_saureus	classification	3200	3200	1.0	0.0	0.0	0.0	0.0	0.0	1.0	0.5	0.645	0.0	0.5	0.5	100.0	3200.0	2064.0	1136.0	0.0	0.0				
sensexamp-classifier	species_saureus	classification	2705	3200	0.8453125	0.15145189432634093	0.803178206583428	0.6785577291906406	0.9239250275633958	0.9838709677419355	0.07607497243660419	0.6798506977616928	0.7865292232588407	0.88	0.5374968363656996	0.5085842981644015	100.0	2705.0	1798.0	907.0	2607.0	0.0				
sensexamp-ecoli	species_saureus	classification	2705	3200	0.8453125	0.4007688395978536	0.8404549646480172	0.7892609699769053	0.5447761194029851	0.8987508218277449	0.4552238805970149	0.7266448820983838	0.8333376164335449	0.92	0.5485099159037161	0.5162305093130287	100.0	2191.0	1521.0	670.0	1732.0	0.0				
sensexamp-saureus	species_saureus	classification	2705	3200	0.8453125	0.6016819056436374	0.8601108033240997	0.8896848137535817	0.21300138312586445	0.8324396782841823	0.7869986168741355	0.8178362052662609	0.8862809177235543	0.98	0.5943900945783301	0.531331414841777	100.0	2215.0	1492.0	723.0	1396.0	0.0				
ampeppy	strain_abaumannii19606	classification	378	378	1.0	0.1596897933655957	0.8426073131955485	0.7549857549857549	0.86	0.9532374100719424	0.14	0.6943705035971224	0.8392011982021994	0.88	0.5323741007194245	0.5029102346263693	100.0	378.0	278.0	100.0	351.0	0.0				
amplify	strain_abaumannii19606	classification	378	378	1.0	0.02823586067895996	0.8385093167701864	0.7377049180327869	0.96	0.9712230215827338	0.04	0.7210431654676259	0.8746561007896783	0.92	0.5887921241953805	0.5300242218285673	100.0	378.0	278.0	100.0	366.0	0.0				
ampredictor	strain_abaumannii19606	classification	376	378	0.9947089947089947	0.17517940633808848	0.8893360160965795	0.8154981549815498	0.8928571428571429	0.9778761061946902	0.10714285714285714	0.5956858407079646	0.8472451204147107	0.86	0.5240867655865327	0.5019344510161426	100.0	282.0	226.0	56.0	271.0	0.0				
ampredmfa	strain_abaumannii19606	classification	378	378	1.0	0.0858720286533385	0.8488549618320611	0.7374005305039788	0.99	1.0	0.01	0.5339028776978417	0.7573337950564781	0.81	0.5101963541948397	0.5009735212547837	100.0	378.0	278.0	100.0	377.0	0.0				
ampscanner	strain_abaumannii19606	classification	322	378	0.8518518518518519	0.20853564192078292	0.8884955752212389	0.8122977346278317	0.8787878787878788	0.98046875	0.12121212121212122	0.7582267992424243	0.9123488686212597	0.96	0.609722993563454	0.5110906092964824	100.0	322.0	256.0	66.0	309.0	0.0				
apex-abaumannii	strain_abaumannii19606	classification	373	378	0.9867724867724867	0.38014994440124006	0.6666666666666666	0.95	0.08163265306122448	0.5135135135135135	0.9183673469387755	0.7276613348041919	0.8902519670166792	0.85	0.6089644961825413	0.5653945402689121	100.0	197.0	148.0	49.0	80.0	0.0				
apex-ecoli	strain_abaumannii19606	classification	373	378	0.9867724867724867	0.14276152930547237	0.4025974025974026	0.8611111111111112	0.125	0.2627118644067797	0.875	0.6845338983050847	0.8573891641616298	0.85	0.5807314897413024	0.5400732475939017	100.0	158.0	118.0	40.0	36.0	0.0				
apex-kpneumoniae	strain_abaumannii19606	classification	373	378	0.9867724867724867	0.0	0.0	0.0	0.0	0.0	1.0	0.45226164680390035	0.6855544429518395	0.63	0.47913696755431373	0.4999033629686896	100.0	279.0	208.0	71.0	0.0	0.0				
apex-min	strain_abaumannii19606	classification	373	378	0.9867724867724867	0.24827129648874777	0.8023255813953488	0.8263473053892215	0.5178571428571429	0.7796610169491526	0.48214285714285715	0.686541565778854	0.8717187065088027	0.85	0.5769083726264814	0.5542685177298924	100.0	233.0	177.0	56.0	167.0	0.0				
apex-paeruginosa	strain_abaumannii19606	classification	373	378	0.9867724867724867	0.10265960392886618	0.08284023668639054	1.0	0.0	0.043209876543209874	1.0	0.5862962962962963	0.8050139751517127	0.78	0.5256660168940871	0.531608660586885	100.0	212.0	162.0	50.0	7.0	0.0				
apex-saureus	strain_abaumannii19606	classification	373	378	0.9867724867724867	-0.039710635802043266	0.010471204188481676	0.5	0.01282051282051282	0.005291005291005291	0.9871794871794872	0.42361959028625695	0.6428733916055723	0.58	0.4893215945847525	0.5001462338145756	100.0	267.0	189.0	78.0	2.0	0.0				
deep-amp-cnn-gramneg	strain_abaumannii19606	classification	372	378	0.9841269841269841	0.33306658503035824	0.8717948717948718	0.8095238095238095	0.6956521739130435	0.9444444444444444	0.30434782608695654	0.5695786366076221	0.747190197250513	0.77	0.4805703873209594	0.49748743718592964	100.0	285.0	216.0	69.0	252.0	0.0				
deep-amp-cnn-grampos	strain_abaumannii19606	classification	372	378	0.9841269841269841	0.19964493213751766	0.8552188552188552	0.7604790419161677	0.8791208791208791	0.9769230769230769	0.12087912087912088	0.3856720202874049	0.6562434984638199	0.55	0.48207056101792944	0.4994201778121376	100.0	351.0	260.0	91.0	334.0	0.0				
deep-amp-lstm-gramneg	strain_abaumannii19606	classification	372	378	0.9841269841269841	0.1893105085970352	0.8165680473372781	0.7638376383763837	0.7191011235955056	0.8771186440677966	0.2808988764044944	0.5716054084936203	0.7645452602852025	0.75	0.5140274033016268	0.49961672770632826	100.0	325.0	236.0	89.0	271.0	0.0				
deep-amp-lstm-grampos	strain_abaumannii19606	classification	372	378	0.9841269841269841	0.016140919778879447	0.8071570576540755	0.7689393939393939	0.8356164383561644	0.8493723849372385	0.1643835616438356	0.5407233335243882	0.791113067030556	0.79	0.5054797537202897	0.5122053783562163	100.0	312.0	239.0	73.0	264.0	0.0				
example-model	strain_abaumannii19606	classification	378	378	1.0	0.011299600295388767	0.591792656587473	0.7405405405405405	0.48	0.49280575539568344	0.52	0.4835071942446043	0.7211998367681736	0.71	0.49460431654676257	0.49748743718592964	100.0	378.0	278.0	100.0	185.0	0.0				
hydramp-amp-classifier	strain_abaumannii19606	classification	305	378	0.8068783068783069	0.09514547536643907	0.8544061302681992	0.7663230240549829	0.918918918918919	0.9653679653679653	0.08108108108108109	0.6527144027144027	0.8335971695544653	0.82	0.5311312679733732	0.5020774870021101	100.0	305.0	231.0	74.0	291.0	0.0				
hydramp-mic-classifier	strain_abaumannii19606	classification	305	378	0.8068783068783069	0.2009226601703137	0.8235294117647058	0.8	0.6621621621621622	0.8484848484848485	0.33783783783783783	0.7173277173277173	0.8791606520912956	0.92	0.5759053653790496	0.5105397115447367	100.0	305.0	231.0	74.0	245.0	0.0				
mbc-attention	strain_abaumannii19606	classification	375	378	0.9920634920634921	0.398613916239128	0.904862579281184	0.84251968503937	0.7142857142857143	0.9771689497716894	0.2857142857142857	0.6873776908023483	0.897589498553328	0.88	0.6148762316750781	0.5709139303825062	100.0	275.0	219.0	56.0	254.0	0.0				
mole-amp	strain_abaumannii19606	classification	378	378	1.0	0.0	0.0	0.0	0.0	0.0	1.0	0.5	0.7354497354497355	0.66	0.5	0.5	100.0	378.0	278.0	100.0	0.0	0.0				
sensexamp-classifier	strain_abaumannii19606	classification	305	378	0.8068783068783069	0.13644434968360603	0.8646616541353384	0.7641196013289037	0.9594594594594594	0.9956709956709957	0.04054054054054054	0.6069381069381069	0.8341109890687328	0.84	0.5516432358537622	0.514890469664339	100.0	305.0	231.0	74.0	301.0	0.0				
sensexamp-ecoli	strain_abaumannii19606	classification	305	378	0.8068783068783069	0.044542115879414194	0.8368794326241135	0.7901785714285714	0.8545454545454545	0.8894472361809045	0.14545454545454545	0.7266331658291458	0.9174432005453321	0.96	0.6693996297275853	0.6262720638367718	100.0	254.0	199.0	55.0	224.0	0.0				
sensexamp-saureus	strain_abaumannii19606	classification	305	378	0.8068783068783069	0.26193336761640834	0.791907514450867	0.8726114649681529	0.4166666666666667	0.7248677248677249	0.5833333333333334	0.6699735449735449	0.8959991094841571	0.9	0.5826371484266222	0.5506633697588471	100.0	237.0	189.0	48.0	157.0	0.0				
ampeppy	strain_ecoli25922	classification	1962	1962	1.0	0.18415749768580886	0.8420074349442379	0.762198541783511	0.8201160541586073	0.9404844290657439	0.17988394584139264	0.6484408987169791	0.8120735015212374	0.79	0.5153873738176098	0.5087862226138086	100.0	1962.0	1445.0	517.0	1783.0	0.0				
amplify	strain_ecoli25922	classification	1962	1962	1.0	0.13457114007503923	0.8429048921300517	0.7513542795232936	0.8878143133462283	0.9598615916955018	0.11218568665377177	0.6209613621304706	0.7944524433899105	0.83	0.5111881689995974	0.49979616940043015	100.0	1962.0	1445.0	517.0	1846.0	0.0				
ampredictor	strain_ecoli25922	classification	1959	1962	0.9984709480122325	0.5620178190583529	0.9367507234394378	0.8977812995245642	0.5397489539748954	0.9792566983578219	0.4602510460251046	0.7991812615948765	0.9379782190962755	0.99	0.5768411383691887	0.531602748902165	100.0	1396.0	1157.0	239.0	1262.0	0.0				
ampredmfa	strain_ecoli25922	classification	1962	1962	1.0	0.07556354145797961	0.8492506611813107	0.7379979570990807	0.9922630560928434	1.0	0.007736943907156673	0.5386934202512499	0.7597213399893836	0.77	0.5062664743264097	0.5005983065939789	100.0	1962.0	1445.0	517.0	1958.0	0.0				
ampscanner	strain_ecoli25922	classification	1785	1962	0.9097859327217125	0.18125942564735362	0.8471060555369689	0.7540202501488982	0.8694736842105263	0.966412213740458	0.13052631578947368	0.7025480112494978	0.8412717027338205	0.81	0.5367604472666747	0.5035097914475719	100.0	1785.0	1310.0	475.0	1679.0	0.0				
apex-abaumannii	strain_ecoli25922	classification	1953	1962	0.9954128440366973	0.27360991969426646	0.5837063563115488	0.8763440860215054	0.1498371335504886	0.4375838926174497	0.8501628664495114	0.6543033906827275	0.8232756654187461	0.89	0.5589661691118687	0.5136867469191266	100.0	1052.0	745.0	307.0	372.0	0.0				
apex-ecoli	strain_ecoli25922	classification	1953	1962	0.9954128440366973	0.26482709169711144	0.4200913242009132	0.9387755102040817	0.040268456375838924	0.27058823529411763	0.959731543624161	0.6432441768653769	0.82379152730431	0.95	0.6035177758846386	0.5243043087526063	100.0	978.0	680.0	298.0	196.0	0.0				
apex-kpneumoniae	strain_ecoli25922	classification	1953	1962	0.9954128440366973	0.05093637654124962	0.018957345971563982	1.0	0.0	0.009569377990430622	1.0	0.5158590691605045	0.7401919985531523	0.69	0.4979968407316682	0.5066739900958842	100.0	1430.0	1045.0	385.0	10.0	0.0				
apex-min	strain_ecoli25922	classification	1953	1962	0.9954128440366973	0.25707185085044953	0.8034744842562432	0.8390022675736961	0.4930555555555556	0.7708333333333334	0.5069444444444444	0.6861979166666666	0.865548389604917	0.9	0.5532864278752436	0.5071640028847944	100.0	1248.0	960.0	288.0	882.0	0.0				
apex-paeruginosa	strain_ecoli25922	classification	1953	1962	0.9954128440366973	0.10160887308833626	0.057291666666666664	1.0	0.0	0.029490616621983913	1.0	0.5482504983845466	0.7105813233698726	0.79	0.528189932451256	0.5173675485421885	100.0	1136.0	746.0	390.0	22.0	0.0				
apex-saureus	strain_ecoli25922	classification	1953	1962	0.9954128440366973	-0.024496782221809746	0.04812319538017324	0.6410256410256411	0.033816425120772944	0.025	0.966183574879227	0.5165386473429951	0.7061930127889695	0.71	0.49749809305873377	0.4980069429271964	100.0	1414.0	1000.0	414.0	39.0	0.0				
deep-amp-cnn-gramneg	strain_ecoli25922	classification	1949	1962	0.9933741080530072	0.3762397736405385	0.8874950999607997	0.8341930729550479	0.6578947368421053	0.948073701842546	0.34210526315789475	0.7339915954039202	0.8799478779393585	0.91	0.5491796728590114	0.49891000941014296	100.0	1536.0	1194.0	342.0	1357.0	0.0				
deep-amp-cnn-grampos	strain_ecoli25922	classification	1949	1962	0.9933741080530072	0.21773083928079787	0.8733135899967095	0.7903513996426444	0.8627450980392157	0.975735294117647	0.13725490196078433	0.5905763408304499	0.7957476782326467	0.74	0.49683573119650337	0.4987154631287928	100.0	1768.0	1360.0	408.0	1679.0	0.0				
deep-amp-lstm-gramneg	strain_ecoli25922	classification	1949	1962	0.9933741080530072	0.25942425853487405	0.8259274357929066	0.7963836477987422	0.6196172248803827	0.8577476714648603	0.3803827751196172	0.6453374603470419	0.7999441990292049	0.81	0.5125519457216385	0.49776431595034837	100.0	1599.0	1181.0	418.0	1272.0	0.0				
deep-amp-lstm-grampos	strain_ecoli25922	classification	1949	1962	0.9933741080530072	0.37908038809952	0.8451986754966887	0.8396381578947368	0.4767726161369193	0.8508333333333333	0.5232273838630807	0.7283333333333333	0.8621562470822038	0.9	0.5374919572770557	0.5085410753850753	100.0	1609.0	1200.0	409.0	1216.0	0.0				
example-model	strain_ecoli25922	classification	1962	1962	1.0	-0.010523611125034225	0.5972961900860303	0.7319277108433735	0.5164410058027079	0.5044982698961937	0.4835589941972921	0.4847764250768005	0.7356143246069731	0.75	0.5006092262105003	0.5039509219109274	100.0	1962.0	1445.0	517.0	996.0	0.0				
hydramp-amp-classifier	strain_ecoli25922	classification	1630	1962	0.8307849133537207	0.2042432771898118	0.8446745562130178	0.7523056653491436	0.8468468468468469	0.9629005059021922	0.15315315315315314	0.6855373501663552	0.8271850699376422	0.85	0.5325736004931887	0.5033105762469274	100.0	1630.0	1186.0	444.0	1518.0	0.0				
hydramp-mic-classifier	strain_ecoli25922	classification	1630	1962	0.8307849133537207	0.5556128991807135	0.88107202680067	0.8752079866888519	0.33783783783783783	0.8870151770657673	0.6621621621621622	0.8438140923385443	0.9180831901956246	0.94	0.6427520535535092	0.5073433191510933	100.0	1630.0	1186.0	444.0	1202.0	0.0				
mbc-attention	strain_ecoli25922	classification	1957	1962	0.9974515800203874	0.5717246398197532	0.9208386820710313	0.8834154351395731	0.47333333333333333	0.9615728328865059	0.5266666666666666	0.8441912421805183	0.9453811534251219	1.0	0.6440901180565355	0.5651477524650359	100.0	1419.0	1119.0	300.0	1218.0	0.0				
mole-amp	strain_ecoli25922	classification	1962	1962	1.0	0.0	0.0	0.0	0.0	0.0	1.0	0.5	0.736493374108053	0.42	0.5	0.5	100.0	1962.0	1445.0	517.0	0.0	0.0				
sensexamp-classifier	strain_ecoli25922	classification	1627	1962	0.8292558613659531	0.16163948900072106	0.8465149873600578	0.7394321766561515	0.9322799097065463	0.9898648648648649	0.06772009029345373	0.7032956347995851	0.8501784523800353	0.93	0.5560595272116599	0.5136192063974316	100.0	1627.0	1184.0	443.0	1585.0	0.0				
sensexamp-ecoli	strain_ecoli25922	classification	1627	1962	0.8292558613659531	0.4753708652448752	0.8913461538461539	0.8753541076487252	0.45674740484429066	0.9079333986287953	0.5432525951557093	0.8072349179344492	0.9311178010957001	0.98	0.6506347935389243	0.53024359467169	100.0	1310.0	1021.0	289.0	1059.0	0.0				
sensexamp-saureus	strain_ecoli25922	classification	1627	1962	0.8292558613659531	0.4649012032229638	0.8195179306290418	0.8935897435897436	0.24702380952380953	0.756786102062975	0.7529761904761905	0.7682449201178843	0.8898484807507336	0.95	0.5739518448673258	0.5282757825111286	100.0	1257.0	921.0	336.0	780.0	0.0				
ampeppy	strain_kpneumoniae700603	classification	329	329	1.0	-0.01852195034693743	0.75049115913556	0.6474576271186441	0.9043478260869565	0.8925233644859814	0.09565217391304348	0.5575985371800081	0.6641603270055414	0.67	0.4891892469898843	0.49748743718592964	100.0	329.0	214.0	115.0	295.0	0.0				
amplify	strain_kpneumoniae700603	classification	329	329	1.0	-0.006614604972262156	0.775894538606403	0.6498422712933754	0.9652173913043478	0.9626168224299065	0.034782608695652174	0.6284030881755384	0.7547785813428833	0.78	0.5276845099339165	0.5162729535528108	100.0	329.0	214.0	115.0	317.0	0.0				
ampredictor	strain_kpneumoniae700603	classification	329	329	1.0	0.3951554290308467	0.8831168831168831	0.8018867924528302	0.7368421052631579	0.9826589595375722	0.2631578947368421	0.7326843119359092	0.8727288969314766	0.85	0.5560928484887302	0.5178203154500828	100.0	230.0	173.0	57.0	212.0	0.0				
ampredmfa	strain_kpneumoniae700603	classification	329	329	1.0	0.0	0.7882136279926335	0.6504559270516718	1.0	1.0	0.0	0.5555262088581878	0.6973018027332797	0.73	0.5185686178061978	0.5017728831071244	100.0	329.0	214.0	115.0	329.0	0.0				
ampscanner	strain_kpneumoniae700603	classification	292	329	0.8875379939209727	0.026235050734125746	0.8139059304703476	0.6933797909407665	0.9777777777777777	0.9851485148514851	0.022222222222222223	0.659103410341034	0.8195019127360592	0.85	0.6028747611603266	0.5111075177869546	100.0	292.0	202.0	90.0	287.0	0.0				
apex-abaumannii	strain_kpneumoniae700603	classification	328	329	0.9969604863221885	0.3157522277000882	0.6595744680851063	0.8493150684931506	0.2037037037037037	0.5391304347826087	0.7962962962962963	0.6502415458937199	0.8030029236108218	0.72	0.5525044495296212	0.5237054839414463	100.0	169.0	115.0	54.0	73.0	0.0				
apex-ecoli	strain_kpneumoniae700603	classification	328	329	0.9969604863221885	0.20759307377886393	0.43859649122807015	0.8064516129032258	0.12	0.30120481927710846	0.88	0.5583132530120481	0.6850114790606948	0.65	0.5142675967025999	0.5035418054126052	100.0	133.0	83.0	50.0	31.0	0.0				
apex-kpneumoniae	strain_kpneumoniae700603	classification	328	329	0.9969604863221885	-0.017521013709331294	0.037037037037037035	0.6	0.024390243902439025	0.01910828025477707	0.975609756097561	0.43941276992387757	0.6077953876546867	0.59	0.4860305961423677	0.49748743718592964	100.0	239.0	157.0	82.0	5.0	0.0				
apex-min	strain_kpneumoniae700603	classification	328	329	0.9969604863221885	0.21861111111111112	0.7986111111111112	0.7986111111111112	0.58	0.7986111111111112	0.42	0.6515277777777778	0.8027833209501603	0.82	0.5021929824561403	0.49748743718592964	100.0	194.0	144.0	50.0	144.0	0.0				
apex-paeruginosa	strain_kpneumoniae700603	classification	328	329	0.9969604863221885	0.16095714791934423	0.11382113821138211	1.0	0.0	0.0603448275862069	1.0	0.5152439024390244	0.64246272522082	0.57	0.5415209596742065	0.5364754808525386	100.0	198.0	116.0	82.0	7.0	0.0				
apex-saureus	strain_kpneumoniae700603	classification	328	329	0.9969604863221885	-0.14271933959535857	0.052980132450331126	0.3333333333333333	0.09523809523809523	0.02877697841726619	0.9047619047619048	0.4325967797190819	0.5551443029238691	0.56	0.4784623429076288	0.49748743718592964	100.0	223.0	139.0	84.0	12.0	0.0				
deep-amp-cnn-gramneg	strain_kpneumoniae700603	classification	326	329	0.9908814589665653	0.30472383655289115	0.81	0.6982758620689655	0.7692307692307693	0.9642857142857143	0.23076923076923078	0.657182103610675	0.7190655735557687	0.77	0.4975763584786141	0.49748743718592964	100.0	259.0	168.0	91.0	232.0	0.0				
deep-amp-cnn-grampos	strain_kpneumoniae700603	classification	326	329	0.9908814589665653	0.1551926736306614	0.8114754098360656	0.6971830985915493	0.8958333333333334	0.9705882352941176	0.10416666666666667	0.5158292483660131	0.6604684183297257	0.65	0.4888953388372893	0.4999507340624692	100.0	300.0	204.0	96.0	284.0	0.0				
deep-amp-lstm-gramneg	strain_kpneumoniae700603	classification	326	329	0.9908814589665653	0.2182912285083635	0.7795823665893271	0.6885245901639344	0.7307692307692307	0.8983957219251337	0.2692307692307692	0.5687474290415467	0.707279756398268	0.67	0.5312195544393686	0.5118537979903631	100.0	291.0	187.0	104.0	244.0	0.0				
deep-amp-lstm-grampos	strain_kpneumoniae700603	classification	326	329	0.9908814589665653	0.3390128031854225	0.7969924812030075	0.7464788732394366	0.5454545454545454	0.8548387096774194	0.45454545454545453	0.6896383186705768	0.7853962800231513	0.79	0.5381946230842666	0.5082941589668774	100.0	285.0	186.0	99.0	213.0	0.0				
example-model	strain_kpneumoniae700603	classification	329	329	1.0	-0.07447549719415689	0.5552699228791774	0.6171428571428571	0.5826086956521739	0.5046728971962616	0.41739130434782606	0.43053636733035344	0.6248774523609935	0.61	0.5002031694433157	0.5095346705081686	100.0	329.0	214.0	115.0	175.0	0.0				
hydramp-amp-classifier	strain_kpneumoniae700603	classification	285	329	0.8662613981762918	0.10611101840204587	0.7814569536423841	0.6579925650557621	0.9108910891089109	0.9619565217391305	0.0891089108910891	0.6417348256564788	0.742002489942553	0.73	0.523585653759884	0.5098448819647095	100.0	285.0	184.0	101.0	269.0	0.0				
hydramp-mic-classifier	strain_kpneumoniae700603	classification	285	329	0.8662613981762918	0.4425356930585894	0.8205128205128205	0.7766990291262136	0.45544554455445546	0.8695652173913043	0.5445544554455446	0.7926442100731813	0.8701518849514635	0.9	0.6354815687518409	0.5172266844337918	100.0	285.0	184.0	101.0	206.0	0.0				
mbc-attention	strain_kpneumoniae700603	classification	329	329	1.0	0.5361469679298076	0.8988235294117647	0.8197424892703863	0.6268656716417911	0.9947916666666666	0.373134328358209	0.8280472636815921	0.9333878633150094	0.95	0.7065658549358471	0.6859296482412061	100.0	259.0	192.0	67.0	233.0	0.0				
mole-amp	strain_kpneumoniae700603	classification	329	329	1.0	0.0	0.0	0.0	0.0	0.0	1.0	0.5	0.6504559270516718	0.55	0.5	0.5	100.0	329.0	214.0	115.0	0.0	0.0				
sensexamp-classifier	strain_kpneumoniae700603	classification	285	329	0.8662613981762918	0.12449161731665598	0.7887931034482759	0.6535714285714286	0.9603960396039604	0.9945652173913043	0.039603960396039604	0.617816401205338	0.7774093716776113	0.76	0.5916974420554184	0.5565970186706238	100.0	285.0	184.0	101.0	280.0	0.0				
sensexamp-ecoli	strain_kpneumoniae700603	classification	285	329	0.8662613981762918	0.20475367426014782	0.7976190476190477	0.7528089887640449	0.6666666666666666	0.8481012658227848	0.3333333333333333	0.7566168009205984	0.8877568895979566	0.87	0.6617406577433227	0.5292920297690986	100.0	224.0	158.0	66.0	178.0	0.0				
sensexamp-saureus	strain_kpneumoniae700603	classification	285	329	0.8662613981762918	0.24908368853146962	0.754325259515571	0.7898550724637681	0.4603174603174603	0.7218543046357616	0.5396825396825397	0.6572059287291075	0.8285551916689121	0.82	0.5598820450685211	0.560717494758561	100.0	214.0	151.0	63.0	138.0	0.0				
ampeppy	strain_paeruginosa27853	classification	1091	1091	1.0	0.1681910151590828	0.7825574543311726	0.6653306613226453	0.8520408163265306	0.949928469241774	0.14795918367346939	0.6498131441417768	0.7205031807618612	0.63	0.49715836187648765	0.5054577139588339	100.0	1091.0	699.0	392.0	998.0	0.0				
amplify	strain_paeruginosa27853	classification	1091	1091	1.0	0.15577528552681977	0.7824561403508772	0.6617210682492581	0.8724489795918368	0.9570815450643777	0.12755102040816327	0.6610062479927594	0.7423631770383667	0.74	0.5154232915212618	0.5039135416066053	100.0	1091.0	699.0	392.0	1011.0	0.0				
ampredictor	strain_paeruginosa27853	classification	1089	1091	0.998166819431714	0.33896855411862165	0.883054892601432	0.8173784977908689	0.7251461988304093	0.9602076124567474	0.27485380116959063	0.7182864890022056	0.8832245088707507	0.91	0.5567228031835187	0.5418267809636418	100.0	749.0	578.0	171.0	679.0	0.0				
ampredmfa	strain_paeruginosa27853	classification	1091	1091	1.0	0.04763825674619784	0.781390134529148	0.6423963133640553	0.9897959183673469	0.9971387696709585	0.01020408163265306	0.5414641178359756	0.6750602460374321	0.58	0.5101573676680973	0.5009697989230847	100.0	1091.0	699.0	392.0	1085.0	0.0				
ampscanner	strain_paeruginosa27853	classification	968	1091	0.8872593950504125	0.18580458816778533	0.7749667110519307	0.6466666666666666	0.8688524590163934	0.9667774086378738	0.13114754098360656	0.7283122742043824	0.7890458748535499	0.84	0.5655062834031489	0.5062543687671348	100.0	968.0	602.0	366.0	900.0	0.0				
apex-abaumannii	strain_paeruginosa27853	classification	1083	1091	0.9926672777268561	0.3599292694791045	0.627151051625239	0.8159203980099502	0.15879828326180256	0.5093167701863354	0.8412017167381974	0.7064617599232266	0.7674722489831345	0.86	0.5805664562600754	0.5101865524139236	100.0	555.0	322.0	233.0	201.0	0.0				
apex-ecoli	strain_paeruginosa27853	classification	1083	1091	0.9926672777268561	0.29371305772434503	0.43342036553524804	0.8736842105263158	0.05581395348837209	0.2881944444444444	0.9441860465116279	0.6897609819121446	0.7414555760540562	0.85	0.5796783625730995	0.5068202770960747	100.0	503.0	288.0	215.0	95.0	0.0				
apex-kpneumoniae	strain_paeruginosa27853	classification	1083	1091	0.9926672777268561	-0.016051380101612077	0.008113590263691683	0.5	0.00641025641025641	0.00408997955010225	0.9935897435897436	0.4890147344135074	0.6017628559558679	0.6	0.5001090109259305	0.49929238241967533	100.0	801.0	489.0	312.0	4.0	0.0				
apex-min	strain_paeruginosa27853	classification	1083	1091	0.9926672777268561	0.40610754722929965	0.8266384778012685	0.785140562248996	0.49767441860465117	0.8727678571428571	0.5023255813953489	0.7430647840531561	0.8206016297604871	0.86	0.540921708340619	0.5031740930566454	100.0	663.0	448.0	215.0	498.0	0.0				
apex-paeruginosa	strain_paeruginosa27853	classification	1083	1091	0.9926672777268561	0.13585801888620755	0.07006369426751592	1.0	0.0	0.036303630363036306	1.0	0.5876445260420082	0.5976018037510802	0.64	0.5314773722056765	0.5202006140245959	100.0	605.0	303.0	302.0	11.0	0.0				
apex-saureus	strain_paeruginosa27853	classification	1083	1091	0.9926672777268561	-0.09872808240741213	0.020703933747412008	0.2777777777777778	0.040880503144654086	0.010752688172043012	0.9591194968553459	0.5624129302765943	0.6234436095208933	0.65	0.4990478834538161	0.49748743718592964	100.0	783.0	465.0	318.0	18.0	0.0				
deep-amp-cnn-gramneg	strain_paeruginosa27853	classification	1080	1091	0.9899175068744271	0.33583680234614316	0.8420279206465834	0.75	0.7318007662835249	0.9597989949748744	0.2681992337164751	0.7084015222985939	0.8067087820559694	0.82	0.5258709356421146	0.49943857281620435	100.0	858.0	597.0	261.0	764.0	0.0				
deep-amp-cnn-grampos	strain_paeruginosa27853	classification	1080	1091	0.9899175068744271	0.1259398961033289	0.8060263653483992	0.6895810955961332	0.9116719242902208	0.9697885196374623	0.08832807570977919	0.6343362528233915	0.7496069336018929	0.77	0.5127765519185519	0.49997301306344927	100.0	979.0	662.0	317.0	931.0	0.0				
deep-amp-lstm-gramneg	strain_paeruginosa27853	classification	1080	1091	0.9899175068744271	0.2909373203566157	0.7932875667429443	0.7084468664850136	0.6666666666666666	0.901213171577123	0.3333333333333333	0.606143064621498	0.6970591632179908	0.68	0.5099659773187808	0.49940017390439456	100.0	898.0	577.0	321.0	734.0	0.0				
deep-amp-lstm-grampos	strain_paeruginosa27853	classification	1080	1091	0.9899175068744271	0.3463528598932361	0.7964601769911505	0.7568807339449541	0.5162337662337663	0.8404074702886248	0.4837662337662338	0.7232983485105726	0.8209735855389809	0.85	0.5646838194421073	0.5357356978706511	100.0	897.0	589.0	308.0	654.0	0.0				
example-model	strain_paeruginosa27853	classification	1091	1091	1.0	-0.007732942276343556	0.5616	0.6370235934664247	0.5102040816326531	0.5021459227467812	0.4897959183673469	0.4939436074859129	0.6485903901048137	0.64	0.502767110910323	0.501115545318781	100.0	1091.0	699.0	392.0	551.0	0.0				
hydramp-amp-classifier	strain_paeruginosa27853	classification	894	1091	0.8194317140238313	0.12929718688722175	0.7690100430416069	0.6419161676646706	0.8925373134328358	0.9588550983899821	0.10746268656716418	0.6669398980055001	0.7578366930828534	0.85	0.5549111611699529	0.5136286054736342	100.0	894.0	559.0	335.0	835.0	0.0				
hydramp-mic-classifier	strain_paeruginosa27853	classification	894	1091	0.8194317140238313	0.4446427354738719	0.8126561199000832	0.7601246105919003	0.4597014925373134	0.8729874776386404	0.5402985074626866	0.7810989773849892	0.8318356175201019	0.89	0.606552493159848	0.5036861610270131	100.0	894.0	559.0	335.0	642.0	0.0				
mbc-attention	strain_paeruginosa27853	classification	1085	1091	0.9945004582951421	0.5056046592454545	0.8817021276595745	0.8081123244929798	0.5801886792452831	0.9700374531835206	0.419811320754717	0.7677372623842837	0.8792664387488338	0.95	0.5996470400083311	0.5406152378740569	100.0	746.0	534.0	212.0	641.0	0.0				
mole-amp	strain_paeruginosa27853	classification	1091	1091	1.0	0.0	0.0	0.0	0.0	0.0	1.0	0.5	0.6406966086159487	0.25	0.5	0.5	100.0	1091.0	699.0	392.0	0.0	0.0				
sensexamp-classifier	strain_paeruginosa27853	classification	892	1091	0.8175985334555453	0.10003202326329276	0.7710674157303371	0.6339491916859122	0.9491017964071856	0.9838709677419355	0.05089820359281437	0.6829700813426909	0.7789590690539948	0.84	0.5656282228977246	0.5194675758980769	100.0	892.0	558.0	334.0	866.0	0.0				
sensexamp-ecoli	strain_paeruginosa27853	classification	892	1091	0.8175985334555453	0.3916429748914669	0.8358778625954199	0.7807486631016043	0.5565610859728507	0.8993839835728953	0.4434389140271493	0.755823352876137	0.8602481530669559	0.94	0.5826472813268828	0.535124403456886	100.0	708.0	487.0	221.0	561.0	0.0				
sensexamp-saureus	strain_paeruginosa27853	classification	892	1091	0.8175985334555453	0.457322172856336	0.7934272300469484	0.8304668304668305	0.28870292887029286	0.7595505617977528	0.7112970711297071	0.744657044802783	0.8275880070900092	0.87	0.5665311555886566	0.5123046004315215	100.0	684.0	445.0	239.0	407.0	0.0				
ampeppy	strain_saureus25923	classification	1249	1249	1.0	0.21943178076852307	0.8218362282878412	0.7156439066551427	0.8414322250639387	0.965034965034965	0.1585677749360614	0.6216279457967437	0.7443074867960375	0.68	0.5019282776719848	0.5007984032743379	100.0	1249.0	858.0	391.0	1157.0	0.0				
amplify	strain_saureus25923	classification	1249	1249	1.0	0.20776967126341264	0.8232421875	0.7084033613445379	0.887468030690537	0.9825174825174825	0.11253196930946291	0.6539892332731208	0.7643370371580401	0.76	0.5089128128568161	0.5020170873863892	100.0	1249.0	858.0	391.0	1190.0	0.0				
ampredictor	strain_saureus25923	classification	1247	1249	0.9983987189751802	0.3232413475270828	0.8804861580013504	0.800982800982801	0.7864077669902912	0.9775112443778111	0.21359223300970873	0.5942999374099358	0.7835726287221323	0.75	0.49464460411592875	0.49865044059908864	100.0	873.0	667.0	206.0	814.0	0.0				
ampredmfa	strain_saureus25923	classification	1249	1249	1.0	0.0726870212173667	0.8155893536121673	0.6886035313001605	0.9923273657289002	1.0	0.0076726342710997444	0.5983179224867204	0.731486920557457	0.66	0.49859148948217774	0.49986551909628835	100.0	1249.0	858.0	391.0	1246.0	0.0				
ampscanner	strain_saureus25923	classification	1079	1249	0.8638911128903123	0.1914935819147121	0.8011627906976744	0.6828543111992071	0.8695652173913043	0.9690576652601969	0.13043478260869565	0.6850577875619153	0.781386073888161	0.81	0.5405019993659014	0.5038670250650861	100.0	1079.0	711.0	368.0	1009.0	0.0				
apex-abaumannii	strain_saureus25923	classification	1244	1249	0.9959967974379503	0.35791339032863595	0.6442166910688141	0.8695652173913043	0.14537444933920704	0.5116279069767442	0.8546255506607929	0.7283065259706998	0.8277092669711105	0.89	0.5785645344793189	0.5194958503201388	100.0	657.0	430.0	227.0	253.0	0.0				
apex-ecoli	strain_saureus25923	classification	1244	1249	0.9959967974379503	0.3709302216104645	0.5543071161048689	0.9192546583850931	0.05752212389380531	0.3967828418230563	0.9424778761061947	0.7171700396213433	0.8290654375700925	0.97	0.6557700688409914	0.5665890247460225	100.0	599.0	373.0	226.0	161.0	0.0				
apex-kpneumoniae	strain_saureus25923	classification	1244	1249	0.9959967974379503	0.09435606220367215	0.04835924006908463	1.0	0.0	0.024778761061946902	1.0	0.5607469141106052	0.6868547537059377	0.67	0.503773610501897	0.5111422162218717	100.0	874.0	565.0	309.0	14.0	0.0				
apex-min	strain_saureus25923	classification	1244	1249	0.9959967974379503	0.3513103003507057	0.8240963855421687	0.8181818181818182	0.4830508474576271	0.8300970873786407	0.5169491525423728	0.7492869288574406	0.8764404503643335	0.95	0.587313684903389	0.5182979788416053	100.0	854.0	618.0	236.0	627.0	0.0				
apex-paeruginosa	strain_saureus25923	classification	1244	1249	0.9959967974379503	0.10112087423226056	0.0761904761904762	0.8888888888888888	0.007017543859649123	0.03980099502487562	0.9929824561403509	0.5980885048442	0.685945641861857	0.78	0.5453021136239394	0.515338760661999	100.0	687.0	402.0	285.0	18.0	0.0				
apex-saureus	strain_saureus25923	classification	1244	1249	0.9959967974379503	0.18199776965975498	0.15026833631484796	1.0	0.0	0.08123791102514506	1.0	0.6370557024470747	0.7480558047926721	0.84	0.5601068577429057	0.5435151969335673	100.0	844.0	517.0	327.0	42.0	0.0				
deep-amp-cnn-gramneg	strain_saureus25923	classification	1242	1249	0.9943955164131305	0.44511892148329	0.8963051251489869	0.8374164810690423	0.6293103448275862	0.9641025641025641	0.3706896551724138	0.8151912024756851	0.9260316427140705	0.98	0.6122202056866304	0.5398300076865317	100.0	1012.0	780.0	232.0	898.0	0.0				
deep-amp-cnn-grampos	strain_saureus25923	classification	1242	1249	0.9943955164131305	0.20895403815184846	0.8379828326180258	0.7360980207351555	0.8641975308641975	0.9726027397260274	0.13580246913580246	0.5860084866934182	0.7497258518001493	0.74	0.5038788105358641	0.5013117337065847	100.0	1127.0	803.0	324.0	1061.0	0.0				
deep-amp-lstm-gramneg	strain_saureus25923	classification	1242	1249	0.9943955164131305	0.4300538458180967	0.8529230769230769	0.7974683544303798	0.544891640866873	0.9166666666666666	0.4551083591331269	0.717467688829918	0.8271684172191712	0.87	0.5477707857535135	0.5044966177719729	100.0	1079.0	756.0	323.0	869.0	0.0				
deep-amp-lstm-grampos	strain_saureus25923	classification	1242	1249	0.9943955164131305	0.29210930902121834	0.803788903924222	0.7774869109947644	0.5555555555555556	0.8319327731092437	0.4444444444444444	0.685725270500357	0.8053243326127444	0.81	0.5251488968480409	0.5020230314347961	100.0	1020.0	714.0	306.0	764.0	0.0				
example-model	strain_saureus25923	classification	1249	1249	1.0	0.011370345348840644	0.5929380413057961	0.6920684292379471	0.5063938618925832	0.5186480186480187	0.4936061381074169	0.4957597815654081	0.6926369716144131	0.7	0.503111193109847	0.5038759815328079	100.0	1249.0	858.0	391.0	643.0	0.0				
hydramp-amp-classifier	strain_saureus25923	classification	1062	1249	0.8502802241793435	0.1873899945434743	0.8390022675736961	0.7392607392607392	0.8729096989966555	0.9698558322411533	0.12709030100334448	0.74816009678395	0.865161252867299	0.92	0.5766419669805978	0.5028444734884793	100.0	1062.0	763.0	299.0	1001.0	0.0				
hydramp-mic-classifier	strain_saureus25923	classification	1062	1249	0.8502802241793435	0.384489953856866	0.8446115288220551	0.8091236494597839	0.5317725752508361	0.8833551769331586	0.4682274247491639	0.751517728382507	0.8490662373825937	0.85	0.5458201131683802	0.5014280297898228	100.0	1062.0	763.0	299.0	833.0	0.0				
mbc-attention	strain_saureus25923	classification	1244	1249	0.9959967974379503	0.4703872277519513	0.8782234957020058	0.8119205298013245	0.5843621399176955	0.9563182527301092	0.4156378600823045	0.7176030251086587	0.8370486012616292	0.84	0.5283657999991215	0.5129406268129874	100.0	884.0	641.0	243.0	755.0	0.0				
mole-amp	strain_saureus25923	classification	1249	1249	1.0	0.0	0.0	0.0	0.0	0.0	1.0	0.5	0.6869495596477182	0.28	0.5	0.5	100.0	1249.0	858.0	391.0	0.0	0.0				
sensexamp-classifier	strain_saureus25923	classification	1059	1249	0.8478783026421137	0.20957380335130135	0.8446927374301676	0.7346938775510204	0.9161073825503355	0.9934296977660972	0.08389261744966443	0.6489871151522634	0.804734048992392	0.84	0.5270125060864068	0.5104370329010582	100.0	1059.0	761.0	298.0	1029.0	0.0				
sensexamp-ecoli	strain_saureus25923	classification	1059	1249	0.8478783026421137	0.362124636285281	0.8667141838916608	0.8205128205128205	0.6129032258064516	0.918429003021148	0.3870967741935484	0.7019505199994431	0.8570455424493596	0.89	0.5394892552500049	0.5205642424046107	100.0	879.0	662.0	217.0	741.0	0.0				
sensexamp-saureus	strain_saureus25923	classification	1059	1249	0.8478783026421137	0.5620505845246283	0.8656971770744226	0.9068100358422939	0.2311111111111111	0.8281505728314239	0.7688888888888888	0.8125768321513003	0.9024115297672013	0.9	0.5728409950134474	0.5302023849014119	100.0	836.0	611.0	225.0	558.0	0.0				
ampeppy	strain_saureus33591	classification	98	98	1.0	0.09747157277634666	0.6527777777777778	0.4845360824742268	0.9803921568627451	1.0	0.0196078431372549	0.6958698372966208	0.6416366298967958	0.47959183673469385	0.5145247348659509	0.5188709504971667	100.0	98.0	47.0	51.0	97.0	0.0				
amplify	strain_saureus33591	classification	98	98	1.0	0.17059357309893752	0.6619718309859155	0.49473684210526314	0.9411764705882353	1.0	0.058823529411764705	0.7073425114726742	0.6225162830390396	0.47959183673469385	0.5090354170783655	0.5056666310274778	100.0	98.0	47.0	51.0	95.0	0.0				
ampredictor	strain_saureus33591	classification	98	98	1.0	0.29404800725609676	0.7706422018348624	0.6268656716417911	0.8620689655172413	1.0	0.13793103448275862	0.6535303776683087	0.735118189788878	0.5915492957746479	0.5687494598565379	0.5453457765015554	100.0	71.0	42.0	29.0	67.0	0.0				
ampredmfa	strain_saureus33591	classification	98	98	1.0	0.0	0.6482758620689655	0.47959183673469385	1.0	1.0	0.0	0.43012098456403836	0.4265450293691334	0.47959183673469385	0.4861772116461366	0.4986802362878221	100.0	98.0	47.0	51.0	98.0	0.0				
ampscanner	strain_saureus33591	classification	95	98	0.9693877551020408	0.0	0.6428571428571429	0.47368421052631576	1.0	1.0	0.0	0.7095555555555556	0.6515041469708575	0.47368421052631576	0.542796384901648	0.5040860870006598	100.0	95.0	45.0	50.0	95.0	0.0				
apex-abaumannii	strain_saureus33591	classification	98	98	1.0	0.5494505494505495	0.7659574468085106	0.8571428571428571	0.14285714285714285	0.6923076923076923	0.8571428571428571	0.8223443223443224	0.8735584571755047	0.5531914893617021	0.7002120686331212	0.6714340935446463	100.0	47.0	26.0	21.0	21.0	0.0				
apex-ecoli	strain_saureus33591	classification	98	98	1.0	0.31987213820369415	0.5405405405405406	0.7692307692307693	0.13043478260869565	0.4166666666666667	0.8695652173913043	0.6920289855072465	0.6942312429682763	0.5106382978723404	0.5232646834477498	0.5393634840871022	100.0	47.0	24.0	23.0	13.0	0.0				
apex-kpneumoniae	strain_saureus33591	classification	98	98	1.0	0.0	0.0	0.0	0.0	0.0	1.0	0.609375	0.5819462445976027	0.42105263157894735	0.5544258373205742	0.5288944723618091	100.0	76.0	32.0	44.0	0.0	0.0				
apex-min	strain_saureus33591	classification	98	98	1.0	0.13312051063847863	0.6444444444444445	0.5087719298245614	0.7777777777777778	0.8787878787878788	0.2222222222222222	0.6734006734006734	0.6485451572838083	0.4782608695652174	0.5286195286195287	0.5127150906045378	100.0	69.0	33.0	36.0	57.0	0.0				
apex-paeruginosa	strain_saureus33591	classification	98	98	1.0	0.0	0.0	0.0	0.0	0.0	1.0	0.5092307692307692	0.5279143366114114	0.5098039215686274	0.5060728744939271	0.5168148434480093	100.0	51.0	26.0	25.0	0.0	0.0				
apex-saureus	strain_saureus33591	classification	98	98	1.0	0.0	0.0	0.0	0.0	0.0	1.0	0.5113031914893618	0.45978119898314856	0.4050632911392405	0.5125279955207167	0.5288944723618091	100.0	79.0	32.0	47.0	0.0	0.0				
deep-amp-cnn-gramneg	strain_saureus33591	classification	98	98	1.0	0.3329974202753066	0.7818181818181819	0.6515151515151515	0.7666666666666667	0.9772727272727273	0.23333333333333334	0.8015151515151515	0.8522073780021984	0.5945945945945946	0.6172248803827751	0.5774326176336226	100.0	74.0	44.0	30.0	66.0	0.0				
deep-amp-cnn-grampos	strain_saureus33591	classification	98	98	1.0	-0.047590002756559474	0.65	0.5	0.9512195121951219	0.9285714285714286	0.04878048780487805	0.41114982578397213	0.4572370245209658	0.5060240963855421	0.4990525093220857	0.49748743718592964	100.0	83.0	42.0	41.0	78.0	0.0				
deep-amp-lstm-gramneg	strain_saureus33591	classification	98	98	1.0	0.28312884579257913	0.7291666666666666	0.6140350877192983	0.6666666666666666	0.8974358974358975	0.3333333333333333	0.6721056721056722	0.6713452617039369	0.5416666666666666	0.5190774138142559	0.49748743718592964	100.0	72.0	39.0	33.0	57.0	0.0				
deep-amp-lstm-grampos	strain_saureus33591	classification	98	98	1.0	0.023087854826980506	0.6728971962616822	0.5373134328358209	0.8857142857142857	0.9	0.11428571428571428	0.6000000000000001	0.6832835361458524	0.5333333333333333	0.5789473684210527	0.5728643216080402	100.0	75.0	40.0	35.0	67.0	0.0				
example-model	strain_saureus33591	classification	98	98	1.0	0.1252871845934883	0.5656565656565656	0.5384615384615384	0.47058823529411764	0.5957446808510638	0.5294117647058824	0.5815602836879433	0.537447622712396	0.47959183673469385	0.48993259117756843	0.5081791938415482	100.0	98.0	47.0	51.0	52.0	0.0				
hydramp-amp-classifier	strain_saureus33591	classification	90	98	0.9183673469387755	-0.19414030260879084	0.6153846153846154	0.45977011494252873	1.0	0.9302325581395349	0.0	0.7434438396833251	0.7761957708110595	0.4777777777777778	0.6679601031276856	0.6727825172373495	100.0	90.0	43.0	47.0	87.0	0.0				
hydramp-mic-classifier	strain_saureus33591	classification	90	98	0.9183673469387755	0.2437455424136527	0.672566371681416	0.5428571428571428	0.6808510638297872	0.8837209302325582	0.3191489361702128	0.7456704601682337	0.7200960529790821	0.4777777777777778	0.6046772051355505	0.5091737758560243	100.0	90.0	43.0	47.0	70.0	0.0				
mbc-attention	strain_saureus33591	classification	98	98	1.0	0.12350606688841981	0.7037037037037037	0.5588235294117647	0.8823529411764706	0.95	0.11764705882352941	0.6955882352941176	0.7433191769725718	0.5405405405405406	0.5781733746130031	0.585427135678392	100.0	74.0	40.0	34.0	68.0	0.0				
mole-amp	strain_saureus33591	classification	98	98	1.0	0.0	0.0	0.0	0.0	0.0	1.0	0.5	0.47959183673469385	0.47959183673469385	0.5	0.5	100.0	98.0	47.0	51.0	0.0	0.0				
sensexamp-classifier	strain_saureus33591	classification	90	98	0.9183673469387755	0.0	0.6466165413533834	0.4777777777777778	1.0	1.0	0.0	0.546016823354775	0.5451789626077126	0.4777777777777778	0.5408734602463606	0.49748743718592964	100.0	90.0	43.0	47.0	90.0	0.0				
sensexamp-ecoli	strain_saureus33591	classification	90	98	0.9183673469387755	0.11522174759643795	0.6875	0.5689655172413793	0.78125	0.868421052631579	0.21875	0.6611842105263157	0.710580402499565	0.5428571428571428	0.5550554016620498	0.5371594816186194	100.0	70.0	38.0	32.0	58.0	0.0				
sensexamp-saureus	strain_saureus33591	classification	90	98	0.9183673469387755	0.575662996450425	0.7792207792207793	0.7317073170731707	0.2558139534883721	0.8333333333333334	0.7441860465116279	0.8042635658914729	0.8303424767358452	0.45569620253164556	0.7048823609411125	0.637074260189838	100.0	79.0	36.0	43.0	41.0	0.0				
ampeppy	strain_saureus43300	classification	332	332	1.0	0.0375783987043402	0.8181818181818182	0.7211538461538461	0.925531914893617	0.9453781512605042	0.07446808510638298	0.5583318433756481	0.734449033326206	0.71	0.4948337677736268	0.49959883450867787	100.0	332.0	238.0	94.0	312.0	0.0				
amplify	strain_saureus43300	classification	332	332	1.0	-0.04776477918074505	0.8122743682310469	0.7120253164556962	0.9680851063829787	0.9453781512605042	0.031914893617021274	0.5776640443411407	0.7466520003248334	0.77	0.4899874843554443	0.49748743718592964	100.0	332.0	238.0	94.0	316.0	0.0				
ampredictor	strain_saureus43300	classification	332	332	1.0	0.07175534926979416	0.8413098236775819	0.7522522522522522	0.9166666666666666	0.9542857142857143	0.08333333333333333	0.4592380952380952	0.6981282032658616	0.7	0.4791979949874687	0.49748743718592964	100.0	235.0	175.0	60.0	222.0	0.0				
ampredmfa	strain_saureus43300	classification	332	332	1.0	-0.03454311125719746	0.8330404217926186	0.716012084592145	1.0	0.9957983193277311	0.0	0.5350885034865009	0.7505997200124626	0.82	0.5230539584254754	0.502201131708965	100.0	332.0	238.0	94.0	331.0	0.0				
ampscanner	strain_saureus43300	classification	295	332	0.8885542168674698	0.006677549520462766	0.8089430894308943	0.6885813148788927	0.9782608695652174	0.9802955665024631	0.021739130434782608	0.5856714499892911	0.7470896855148724	0.83	0.515647355937737	0.5014939686573718	100.0	295.0	203.0	92.0	289.0	0.0				
apex-abaumannii	strain_saureus43300	classification	331	332	0.9969879518072289	0.13242105263157894	0.4049079754601227	0.868421052631579	0.13157894736842105	0.264	0.868421052631579	0.4905263157894737	0.8021023797316073	0.74	0.5481440443213297	0.5336683417085427	100.0	163.0	125.0	38.0	38.0	0.0				
apex-ecoli	strain_saureus43300	classification	331	332	0.9969879518072289	0.20462155437660662	0.3194444444444444	0.9583333333333334	0.024390243902439025	0.19166666666666668	0.975609756097561	0.5467479674796748	0.8259374873894954	0.74	0.5830124090714591	0.568676716917923	100.0	161.0	120.0	41.0	24.0	0.0				
apex-kpneumoniae	strain_saureus43300	classification	331	332	0.9969879518072289	0.0	0.0	0.0	0.0	0.0	1.0	0.4327845268542199	0.6776283476946401	0.67	0.48260196527123433	0.5002184837229626	100.0	252.0	184.0	68.0	0.0	0.0				
apex-min	strain_saureus43300	classification	331	332	0.9969879518072289	-0.03063129071749471	0.7247386759581882	0.7761194029850746	0.7142857142857143	0.6797385620915033	0.2857142857142857	0.5094926859632741	0.8036813619163454	0.79	0.5125067570888004	0.5007718330213158	100.0	195.0	153.0	42.0	134.0	0.0				
apex-paeruginosa	strain_saureus43300	classification	331	332	0.9969879518072289	0.0691588693201302	0.03592814371257485	1.0	0.0	0.018292682926829267	1.0	0.48823277706461277	0.7354880503084138	0.77	0.4894489111096097	0.5066797401642358	100.0	221.0	164.0	57.0	3.0	0.0				
apex-saureus	strain_saureus43300	classification	331	332	0.9969879518072289	0.06343378443267882	0.023952095808383235	1.0	0.0	0.012121212121212121	1.0	0.4866442199775533	0.6840265824166997	0.64	0.5141276310866955	0.5127150906045378	100.0	246.0	165.0	81.0	2.0	0.0				
deep-amp-cnn-gramneg	strain_saureus43300	classification	331	332	0.9969879518072289	0.12154398955996708	0.8458149779735683	0.7868852459016393	0.8253968253968254	0.9142857142857143	0.1746031746031746	0.7417989417989419	0.9087573549708265	0.94	0.635477582846004	0.550131610433118	100.0	273.0	210.0	63.0	244.0	0.0				
deep-amp-cnn-grampos	strain_saureus43300	classification	331	332	0.9969879518072289	-0.14071894046316985	0.7764227642276422	0.6870503597122302	0.9775280898876404	0.8925233644859814	0.02247191011235955	0.4593090412685078	0.7007771198963992	0.69	0.5065409507176531	0.50218381627765	100.0	303.0	214.0	89.0	278.0	0.0				
deep-amp-lstm-gramneg	strain_saureus43300	classification	331	332	0.9969879518072289	0.3575544242244776	0.831353919239905	0.7954545454545454	0.5421686746987951	0.8706467661691543	0.4578313253012048	0.6550380626985554	0.8160328766590512	0.79	0.5574757789997382	0.5274881872046802	100.0	284.0	201.0	83.0	220.0	0.0				
deep-amp-lstm-grampos	strain_saureus43300	classification	331	332	0.9969879518072289	0.013631956535930122	0.7767441860465116	0.73568281938326	0.8108108108108109	0.8226600985221675	0.1891891891891892	0.5296232192783917	0.7599004489362071	0.75	0.5050066919395413	0.5148154565933114	100.0	277.0	203.0	74.0	227.0	0.0				
example-model	strain_saureus43300	classification	332	332	1.0	-0.005560523594076076	0.5764411027568922	0.7142857142857143	0.48936170212765956	0.4831932773109244	0.5106382978723404	0.5322054353656357	0.7419028755850413	0.76	0.5122662726904872	0.49748743718592964	100.0	332.0	238.0	94.0	161.0	0.0				
hydramp-amp-classifier	strain_saureus43300	classification	282	332	0.8493975903614458	0.27637965775068324	0.8528784648187633	0.7547169811320755	0.8333333333333334	0.9803921568627451	0.16666666666666666	0.7979512317747611	0.9020802795547266	0.94	0.6306660315948242	0.5117252931323283	100.0	282.0	204.0	78.0	265.0	0.0				
hydramp-mic-classifier	strain_saureus43300	classification	282	332	0.8493975903614458	0.0924508419621537	0.7584541062801933	0.7476190476190476	0.6794871794871795	0.7696078431372549	0.32051282051282054	0.6052978883861236	0.7880370432738941	0.85	0.5240268847079993	0.4999507340624692	100.0	282.0	204.0	78.0	210.0	0.0				
mbc-attention	strain_saureus43300	classification	330	332	0.9939759036144579	0.39064294535854677	0.8660968660968661	0.7875647668393783	0.6833333333333333	0.9620253164556962	0.31666666666666665	0.7341772151898733	0.8826084697708075	0.83	0.643015767266267	0.6501494815851409	100.0	218.0	158.0	60.0	193.0	0.0				
mole-amp	strain_saureus43300	classification	332	332	1.0	0.0	0.0	0.0	0.0	0.0	1.0	0.5	0.7168674698795181	0.67	0.5	0.5	100.0	332.0	238.0	94.0	0.0	0.0				
sensexamp-classifier	strain_saureus43300	classification	280	332	0.8433734939759037	-0.03693889983929043	0.8277310924369747	0.718978102189781	0.9871794871794872	0.9752475247524752	0.01282051282051282	0.5371604468139122	0.7384521210848958	0.74	0.4983364733234457	0.4999751231404547	100.0	280.0	202.0	78.0	274.0	0.0				
sensexamp-ecoli	strain_saureus43300	classification	280	332	0.8433734939759037	0.15858098824777855	0.8253968253968254	0.7536231884057971	0.796875	0.9122807017543859	0.203125	0.665844298245614	0.8222054593971941	0.82	0.5261041859033548	0.5151194569337918	100.0	235.0	171.0	64.0	207.0	0.0				
sensexamp-saureus	strain_saureus43300	classification	280	332	0.8433734939759037	0.5815727005125082	0.875	0.9473684210526315	0.15555555555555556	0.8129032258064516	0.8444444444444444	0.8265232974910395	0.9532607991067494	0.97	0.795887568383324	0.7665748095315286	100.0	200.0	155.0	45.0	133.0	0.0				
ampeppy	synthetic_random	classification	13415	13415	1.0	0.5584380830496086	0.6648903463824554	0.5114299227494876	0.3099	0.949926793557833	0.6901	0.9288891800878476	0.8437484993007666	1.0	0.7992833474608924	0.6503020225578846	100.0	13415.0	3415.0	10000.0	6343.0	0.0				
amplify	synthetic_random	classification	13415	13415	1.0	0.6591588452933145	0.738785099004363	0.5977552498189718	0.2222	0.9669106881405564	0.7778	0.970107935578331	0.9417376934619397	1.0	0.9163349002080604	0.7978825312506898	100.0	13415.0	3415.0	10000.0	5524.0	0.0				
ampredictor	synthetic_random	classification	13409	13415	0.9995527394707417	0.3288534694746919	0.5756929637526652	0.4107505070993915	0.6613545816733067	0.9619952494061758	0.3386454183266932	0.692306143972164	0.4435102875165411	0.38	0.5174577844174492	0.5001838118895903	100.0	7797.0	2526.0	5271.0	5916.0	0.0				
ampredmfa	synthetic_random	classification	13415	13415	1.0	0.047093661002102466	0.4085310904175428	0.25699168556311414	0.983	0.9956076134699854	0.017	0.7374294436310395	0.4883170893057721	0.76	0.589773322817258	0.5102673179815915	100.0	13415.0	3415.0	10000.0	13230.0	0.0				
ampscanner	synthetic_random	classification	11929	13415	0.8892284755870294	0.6330707144269329	0.719853390348198	0.5743809709495028	0.2460272737518314	0.9640052356020943	0.7539727262481686	0.9527160792226315	0.8690525320595313	0.89	0.8398152171310433	0.617784991530947	100.0	11929.0	3056.0	8873.0	5129.0	0.0				
apex-abaumannii	synthetic_random	classification	13369	13415	0.9965710026090198	0.5957841626667317	0.5673640167364017	0.9926793557833089	0.0005265374894692502	0.39718804920913886	0.9994734625105307	0.8144606504067449	0.6457560616312372	1.0	0.7307406148755216	0.701959193338831	100.0	11203.0	1707.0	9496.0	683.0	0.0				
apex-ecoli	synthetic_random	classification	13369	13415	0.9965710026090198	0.434385701448062	0.3548551093035079	0.9914772727272727	0.0003140046054008792	0.21609907120743035	0.9996859953945991	0.7546787334305052	0.4957851612608174	1.0	0.6495931004467833	0.6136707858609483	100.0	11169.0	1615.0	9554.0	352.0	0.0				
apex-kpneumoniae	synthetic_random	classification	13369	13415	0.9965710026090198	0.06456192417557594	0.013460015835312747	0.85	0.00031240237425804435	0.006783719074221868	0.999687597625742	0.6730918585148844	0.32688450635903926	0.48	0.5337382863489497	0.5065630639977639	100.0	12109.0	2506.0	9603.0	20.0	0.0				
apex-min	synthetic_random	classification	13369	13415	0.9965710026090198	0.8070169046858664	0.834741288278775	0.968156766687079	0.006970509383378016	0.7336426914153132	0.9930294906166219	0.9128239084864055	0.8681368019582103	1.0	0.8698293041374734	0.8232186541835657	100.0	9615.0	2155.0	7460.0	1633.0	0.0				
apex-paeruginosa	synthetic_random	classification	13369	13415	0.9965710026090198	0.14072797603400458	0.05019685039370079	0.9444444444444444	0.00031188273209273315	0.02578361981799798	0.9996881172679073	0.7171035460131095	0.35457921016964905	0.73	0.5635550734376698	0.5199732739889023	100.0	11597.0	1978.0	9619.0	54.0	0.0				
apex-saureus	synthetic_random	classification	13369	13415	0.9965710026090198	0.1668833612797696	0.07016160819865984	0.967391304347826	0.0003097893432465923	0.03640081799591002	0.9996902106567535	0.6840688876894319	0.37427496628977636	0.94	0.5565469081283042	0.5225208500103512	100.0	12129.0	2445.0	9684.0	92.0	0.0				
deep-amp-cnn-gramneg	synthetic_random	classification	13335	13415	0.9940365262765561	0.8865351038947522	0.9133667646550233	0.8859443139885944	0.037101702313400264	0.9425410421127766	0.9628982976865997	0.9778729478943613	0.9396410481070766	0.97	0.9349303652430618	0.7121497672182344	100.0	11966.0	2802.0	9164.0	2981.0	0.0				
deep-amp-cnn-grampos	synthetic_random	classification	13335	13415	0.9940365262765561	0.7789407911067537	0.8323891115102943	0.7310679611650486	0.12142465753424657	0.9663137632338787	0.8785753424657534	0.9479676366017554	0.811345760616633	0.74	0.7873564949197126	0.5348539428279964	100.0	12242.0	3117.0	9125.0	4120.0	0.0				
deep-amp-lstm-gramneg	synthetic_random	classification	13335	13415	0.9940365262765561	0.7687861375208369	0.8226256983240223	0.8029993183367417	0.06129374337221633	0.8432355046528275	0.9387062566277836	0.9459835536079054	0.8344361053280309	0.88	0.8321677276780401	0.5710226186783789	100.0	12224.0	2794.0	9430.0	2934.0	0.0				
deep-amp-lstm-grampos	synthetic_random	classification	13335	13415	0.9940365262765561	0.7762048219127595	0.8249861393457771	0.8467374810318664	0.04232139115860046	0.8043243243243243	0.9576786088413995	0.9399157800163457	0.8370848759809915	0.85	0.8537766719049593	0.5713619048142071	100.0	12321.0	2775.0	9546.0	2636.0	0.0				
example-model	synthetic_random	classification	13415	13415	1.0	-0.0037372934562617346	0.33631098458820063	0.25295333727111635	0.5059	0.501610541727672	0.4941	0.49488913616398245	0.2531113969790552	0.28	0.500380673499268	0.500208951051009	100.0	13415.0	3415.0	10000.0	6772.0	0.0				
hydramp-amp-classifier	synthetic_random	classification	11285	13415	0.841222512113306	0.5358360676848446	0.6480473372781065	0.4912091855041263	0.3372577000832441	0.9520166898470097	0.6627422999167558	0.9518173661870659	0.9174011028441855	0.99	0.8996520132443733	0.7563738035152026	100.0	11285.0	2876.0	8409.0	5574.0	0.0				
hydramp-mic-classifier	synthetic_random	classification	11285	13415	0.841222512113306	0.8295753494871551	0.870460704607046	0.9059796916133885	0.029730051135687954	0.8376216968011126	0.9702699488643121	0.9746770464653823	0.9313773159979525	0.95	0.909392505958785	0.7127290719649706	100.0	11285.0	2876.0	8409.0	2659.0	0.0				
mbc-attention	synthetic_random	classification	13387	13415	0.9979127841967946	0.6687309481283116	0.7739578143165587	0.658750353406842	0.2211027660743726	0.9380032206119162	0.7788972339256274	0.9075692787015135	0.802321570655589	0.97	0.715197345734619	0.5601937983960076	100.0	7943.0	2484.0	5459.0	3537.0	0.0				
mole-amp	synthetic_random	classification	13415	13415	1.0	0.0	0.0	0.0	0.0	0.0	1.0	0.5	0.25456578456951173	0.0	0.5	0.5	100.0	13415.0	3415.0	10000.0	0.0	0.0				
sensexamp-classifier	synthetic_random	classification	11240	13415	0.8378680581438688	0.43441715063754566	0.5704182663164276	0.4014505119453925	0.5026271793647002	0.984996510816469	0.49737282063529975	0.9761621347836514	0.9634731719210452	1.0	0.9526318324573656	0.8980561236866749	100.0	11240.0	2866.0	8374.0	7032.0	0.0				
sensexamp-ecoli	synthetic_random	classification	11240	13415	0.8378680581438688	0.9102481783960745	0.9275170742454285	0.9822678488100793	0.004603828446813666	0.8785475792988314	0.9953961715531864	0.9777632982521147	0.9645002995711951	1.0	0.9600157119359467	0.8982675876688335	100.0	10650.0	2396.0	8254.0	2143.0	0.0				
sensexamp-saureus	synthetic_random	classification	11240	13415	0.8378680581438688	0.8032701698782295	0.8237974683544304	0.9963257807715861	0.0007197696737044146	0.7022011221406992	0.9992802303262955	0.9373453494450183	0.9242233671712653	1.0	0.9332405439086697	0.8697020558412167	100.0	10653.0	2317.0	8336.0	1633.0	0.0				
ampeppy	synthetic_realistic	classification	13415	13415	1.0	0.22735770425633137	0.4621082621082621	0.3053176470588235	0.7381	0.949926793557833	0.2619	0.7529891947291362	0.5644001558173848	1.0	0.6185576019110735	0.5641281075950764	100.0	13415.0	3415.0	10000.0	10625.0	0.0				
amplify	synthetic_realistic	classification	13415	13415	1.0	0.20660237961338362	0.45140123034859875	0.2944271065537227	0.7913	0.9669106881405564	0.2087	0.8175839677891654	0.6712857347370526	1.0	0.6782941357786854	0.5821928088465755	100.0	13415.0	3415.0	10000.0	11215.0	0.0				
ampredictor	synthetic_realistic	classification	13409	13415	0.9995527394707417	0.24013595699588247	0.5612657350733341	0.396217185716615	0.7777777777777778	0.9619952494061758	0.2222222222222222	0.7132190270545703	0.5773115343381295	0.93	0.5785963303523982	0.5256135154536952	100.0	7287.0	2526.0	4761.0	6133.0	0.0				
ampredmfa	synthetic_realistic	classification	13415	13415	1.0	-0.01715007832053405	0.40495474035254886	0.2541676011063766	0.9977	0.9956076134699854	0.0023	0.5615370717423134	0.2923772459843502	0.18	0.5095316687364156	0.5009100588240799	100.0	13415.0	3415.0	10000.0	13377.0	0.0				
ampscanner	synthetic_realistic	classification	11929	13415	0.8892284755870294	0.20657340781808975	0.45364952263627967	0.29661699556987514	0.7873323565874	0.9640052356020943	0.21266764341260003	0.7543295465743184	0.46301765766324793	0.52	0.5604320847931347	0.5057698975430631	100.0	11929.0	3056.0	8873.0	9932.0	0.0				
apex-abaumannii	synthetic_realistic	classification	13369	13415	0.9965710026090198	0.236894025589412	0.41748768472906406	0.4399740428293316	0.1684888715345568	0.39718804920913886	0.8315111284654432	0.5635982896070502	0.3977708803783564	0.84	0.5650042999166166	0.5263529939308625	100.0	6829.0	1707.0	5122.0	1541.0	0.0				
apex-ecoli	synthetic_realistic	classification	13369	13415	0.9965710026090198	0.2917027804795942	0.3243494423791822	0.6499068901303539	0.03276974028237755	0.21609907120743035	0.9672302597176224	0.5188465940764717	0.35379081836353393	0.82	0.5793757373508253	0.5281876419974165	100.0	7352.0	1615.0	5737.0	537.0	0.0				
apex-kpneumoniae	synthetic_realistic	classification	13369	13415	0.9965710026090198	0.06096181114575819	0.013454689354966362	0.8095238095238095	0.00045834765669760516	0.006783719074221868	0.9995416523433024	0.4783253319111021	0.2273242486801902	0.36	0.5035574527173514	0.5033652168973781	100.0	11233.0	2506.0	8727.0	21.0	0.0				
apex-min	synthetic_realistic	classification	13369	13415	0.9965710026090198	0.1333147755069266	0.5243781094527363	0.408	0.6011530398322851	0.7336426914153132	0.39884696016771487	0.6444384858964818	0.5772125098778468	0.96	0.5921127513438413	0.5352946103855138	100.0	5971.0	2155.0	3816.0	3875.0	0.0				
apex-paeruginosa	synthetic_realistic	classification	13369	13415	0.9965710026090198	0.13093720441891288	0.05012285012285012	0.8947368421052632	0.0008172160174339417	0.02578361981799798	0.9991827839825661	0.4537985809031463	0.23198781897047	0.61	0.5133325169822789	0.5124860562524811	100.0	9320.0	1978.0	7342.0	57.0	0.0				
apex-saureus	synthetic_realistic	classification	13369	13415	0.9965710026090198	0.1640697591795075	0.07013396375098503	0.956989247311828	0.00044647840160732226	0.03640081799591002	0.9995535215983927	0.5032002868783514	0.27401557572255364	0.92	0.5267069446313081	0.518709097797149	100.0	11404.0	2445.0	8959.0	93.0	0.0				
deep-amp-cnn-gramneg	synthetic_realistic	classification	13335	13415	0.9940365262765561	0.2704759338724728	0.521112865035517	0.3601036269430052	0.6896399706098457	0.9425410421127766	0.3103600293901543	0.7504396723029263	0.5702244269798691	0.92	0.5993234214019426	0.5305982581595875	100.0	9607.0	2802.0	6805.0	7334.0	0.0				
deep-amp-cnn-grampos	synthetic_realistic	classification	13335	13415	0.9940365262765561	0.14895750664477125	0.44931752069814274	0.2927113702623907	0.8609960960605703	0.9663137632338787	0.1390039039394298	0.6245023294177042	0.3428869387532568	0.3	0.5090040776667809	0.5004676676625374	100.0	11570.0	3117.0	8453.0	10290.0	0.0				
deep-amp-lstm-gramneg	synthetic_realistic	classification	13335	13415	0.9940365262765561	0.24891398675013732	0.49527012823207905	0.35059523809523807	0.5750428251416524	0.8432355046528275	0.4249571748583476	0.6993803335706194	0.4497887479583735	0.65	0.5574973487578689	0.5102949076786815	100.0	10383.0	2794.0	7589.0	6720.0	0.0				
deep-amp-lstm-grampos	synthetic_realistic	classification	13335	13415	0.9940365262765561	0.21843344956912653	0.4763632483192829	0.3383869011522135	0.5649190938511327	0.8043243243243243	0.4350809061488673	0.675902387824718	0.4097042439989544	0.59	0.5446676518112389	0.5068323922302553	100.0	10500.0	2775.0	7725.0	6596.0	0.0				
example-model	synthetic_realistic	classification	13415	13415	1.0	0.00053192595690895	0.337936476622608	0.25479696564033916	0.501	0.501610541727672	0.499	0.497048345534407	0.25412006925543834	0.23	0.5004243661863297	0.4996461075509318	100.0	13415.0	3415.0	10000.0	6723.0	0.0				
hydramp-amp-classifier	synthetic_realistic	classification	11285	13415	0.841222512113306	0.3121193964656123	0.5030314164982547	0.3418227215980025	0.6269473183493876	0.9520166898470097	0.37305268165061245	0.83007243464392	0.6165490867126259	0.9	0.6323325217928174	0.5319257265249585	100.0	11285.0	2876.0	8409.0	8010.0	0.0				
hydramp-mic-classifier	synthetic_realistic	classification	11285	13415	0.841222512113306	0.4192428342561593	0.581392542536503	0.44520421363888374	0.35699845403734093	0.8376216968011126	0.643001545962659	0.80443493799527	0.5151571594103586	0.48	0.5777537093706675	0.5042005471872003	100.0	11285.0	2876.0	8409.0	5411.0	0.0				
mbc-attention	synthetic_realistic	classification	13387	13415	0.9979127841967946	0.1857775926937131	0.5188154085949677	0.35857186826715914	0.7914925939992404	0.9380032206119162	0.2085074060007596	0.6502146972679841	0.4753300296248439	0.97	0.5441282158520068	0.5248432336799419	100.0	7750.0	2484.0	5266.0	6498.0	0.0				
mole-amp	synthetic_realistic	classification	13415	13415	1.0	0.0	0.0	0.0	0.0	0.0	1.0	0.5	0.25456578456951173	0.0	0.5	0.5	100.0	13415.0	3415.0	10000.0	0.0	0.0				
sensexamp-classifier	synthetic_realistic	classification	11240	13415	0.8378680581438688	0.19102979620199276	0.44327549658475307	0.28598926147300174	0.8416527346548842	0.984996510816469	0.15834726534511584	0.8814829063340472	0.7662600207167252	0.99	0.7465127879697033	0.5910606989206814	100.0	11240.0	2866.0	8374.0	9871.0	0.0				
sensexamp-ecoli	synthetic_realistic	classification	11240	13415	0.8378680581438688	0.5326836226645866	0.6576069978131833	0.5254618072890664	0.27542741234424806	0.8785475792988314	0.7245725876557519	0.8377233571455178	0.601909610322921	0.73	0.6122784773159861	0.5176479329913692	100.0	9298.0	2396.0	6902.0	4006.0	0.0				
sensexamp-saureus	synthetic_realistic	classification	11240	13415	0.8378680581438688	0.6234412771463903	0.7114123305640577	0.7208684093929996	0.08441645450891062	0.7022011221406992	0.9155835454910893	0.8526205326221358	0.7122965358506755	0.94	0.7308530228201124	0.5602944639281928	100.0	9780.0	2317.0	7463.0	2257.0	0.0				
ampeppy	synthetic_shuffled	classification	40980	40980	1.0	0.061368286313484885	0.16349982359760093	0.08944770728210219	0.8790895780646879	0.949926793557833	0.12091042193531212	0.6496784119824319	0.19249527658093296	0.51	0.5770870908087998	0.5227964375276158	100.0	40980.0	3415.0	37565.0	36267.0	0.0				
amplify	synthetic_shuffled	classification	40980	40980	1.0	0.07917515236420145	0.16688989411437669	0.09132647416749641	0.8745907094369759	0.9669106881405564	0.12540929056302408	0.7060210442456112	0.2008320906921161	0.49	0.5733917878502773	0.5192500801999681	100.0	40980.0	3415.0	37565.0	36156.0	0.0				
ampredictor	synthetic_shuffled	classification	40956	40980	0.9994143484626647	0.07153127198154655	0.1979794687958286	0.11034420125329217	0.8908289001045787	0.9619952494061758	0.10917109989542127	0.6166179737819839	0.1557228166184046	0.27	0.5329281723500725	0.5049529904232669	100.0	24519.0	2526.0	21993.0	22022.0	0.0				
ampredmfa	synthetic_shuffled	classification	40980	40980	1.0	-0.004476136424547425	0.1536688436419516	0.08325986874326574	0.9965659523492613	0.9956076134699854	0.0034340476507387194	0.5355962909775325	0.09212786335121405	0.11	0.5050922435027396	0.5004861941032767	100.0	40980.0	3415.0	37565.0	40836.0	0.0				
ampscanner	synthetic_shuffled	classification	36672	40980	0.8948755490483162	0.10878844131654039	0.17634382856458758	0.09704835946765054	0.8153855306996668	0.9640052356020943	0.18461446930033318	0.7151907501741255	0.15816563343963708	0.23	0.5395700167731992	0.5037780418024662	100.0	36672.0	3056.0	33616.0	30356.0	0.0				
apex-abaumannii	synthetic_shuffled	classification	40800	40980	0.9956076134699854	0.06906209107076675	0.1773708306082407	0.11417985853822836	0.2840479533426936	0.39718804920913886	0.7159520466573064	0.5712034928190642	0.11352074253873268	0.19	0.5221192860683421	0.5042346593057716	100.0	20225.0	1707.0	18518.0	5938.0	0.0				
apex-ecoli	synthetic_shuffled	classification	40800	40980	0.9956076134699854	0.05529758634330323	0.1530701754385965	0.11850594227504245	0.14423824869429935	0.21609907120743035	0.8557617513057006	0.5493938783015795	0.10408680719317623	0.24	0.5181430638202282	0.5047489714648904	100.0	19613.0	1615.0	17998.0	2945.0	0.0				
apex-kpneumoniae	synthetic_shuffled	classification	40800	40980	0.9956076134699854	0.028557917853025992	0.013198757763975156	0.24285714285714285	0.001815628104552773	0.006783719074221868	0.9981843718954472	0.5058381756963377	0.08276605059342104	0.21	0.5002459291550582	0.5023655579267501	100.0	31697.0	2506.0	29191.0	70.0	0.0				
apex-min	synthetic_shuffled	classification	40800	40980	0.9956076134699854	0.03230185626407946	0.16635976219287632	0.09381675765487776	0.6805865050360995	0.7336426914153132	0.31941349496390053	0.5588131275477526	0.10754434636621585	0.16	0.5140329263880811	0.5026923210517271	100.0	24593.0	2155.0	22438.0	16852.0	0.0				
apex-paeruginosa	synthetic_shuffled	classification	40800	40980	0.9956076134699854	0.024779079105891128	0.04318374259102455	0.1328125	0.014493384401114206	0.02578361981799798	0.9855066155988857	0.5093103151906345	0.08480888795155915	0.19	0.5067117350005611	0.5031071620838278	100.0	24954.0	1978.0	22976.0	384.0	0.0				
apex-saureus	synthetic_shuffled	classification	40800	40980	0.9956076134699854	0.08348110455756866	0.06524926686217009	0.31448763250883394	0.006923873086120132	0.03640081799591002	0.9930761269138799	0.5203576874617144	0.10058281484429116	0.42	0.514212723304303	0.5111802143206247	100.0	30464.0	2445.0	28019.0	283.0	0.0				
deep-amp-cnn-gramneg	synthetic_shuffled	classification	40704	40980	0.9932650073206443	0.10807263252695821	0.18498283953211458	0.1025551413482448	0.790687331075302	0.9425410421127766	0.20931266892469808	0.597377354127657	0.10601860494540853	0.09	0.5035022901856446	0.5000890212392001	100.0	32031.0	2802.0	29229.0	25752.0	0.0				
deep-amp-cnn-grampos	synthetic_shuffled	classification	40704	40980	0.9932650073206443	0.08418441876550564	0.17522324674946915	0.09634700275094364	0.8684291423301568	0.9663137632338787	0.13157085766984322	0.5885164218986526	0.11025854324999468	0.15	0.5107621773490423	0.5017332407208858	100.0	35647.0	3117.0	32530.0	31262.0	0.0				
deep-amp-lstm-gramneg	synthetic_shuffled	classification	40704	40980	0.9932650073206443	0.11139796711999303	0.19083103839300178	0.1075897342223034	0.6566090988508837	0.8432355046528275	0.3433909011491163	0.6248489147282832	0.12093400342957841	0.22	0.5180602466490598	0.5032200487772207	100.0	32556.0	2794.0	29762.0	21898.0	0.0				
deep-amp-lstm-grampos	synthetic_shuffled	classification	40704	40980	0.9932650073206443	0.07632803007893679	0.17551309271054494	0.09850390573282139	0.6769511184755592	0.8043243243243243	0.3230488815244408	0.5820443090978302	0.10682902717301512	0.21	0.5122841116091018	0.5039357051572229	100.0	32950.0	2775.0	30175.0	22659.0	0.0				
example-model	synthetic_shuffled	classification	40980	40980	1.0	0.0031343860027762786	0.14420405758060442	0.08420586934080519	0.4959403700252895	0.501610541727672	0.5040596299747105	0.49827195379643563	0.0832848704565954	0.06	0.500497964274526	0.49983601780849374	100.0	40980.0	3415.0	37565.0	20343.0	0.0				
hydramp-amp-classifier	synthetic_shuffled	classification	34512	40980	0.8421669106881405	0.06823772013115227	0.1650640542577242	0.09036601868048451	0.8711910481729676	0.9520166898470097	0.1288089518270325	0.6134315609529891	0.10960075737920959	0.1	0.5108743514178533	0.5010642371602603	100.0	34512.0	2876.0	31636.0	30299.0	0.0				
hydramp-mic-classifier	synthetic_shuffled	classification	34512	40980	0.8421669106881405	0.13558894508770789	0.19869679973606072	0.11271757439640652	0.5994120622076116	0.8376216968011126	0.40058793779238844	0.6726209707484528	0.1415592392377777	0.22	0.5318710080292676	0.5049195308220952	100.0	34512.0	2876.0	31636.0	21372.0	0.0				
mbc-attention	synthetic_shuffled	classification	40884	40980	0.9976573938506589	0.060087233451291744	0.1891233766233766	0.10516338689294097	0.8721625901812423	0.9380032206119162	0.12783740981875769	0.6061132175006793	0.15966198241290816	0.44	0.5367425063848437	0.5128803723395161	100.0	25216.0	2484.0	22732.0	22156.0	0.0				
mole-amp	synthetic_shuffled	classification	40980	40980	1.0	0.0	0.0	0.0	0.0	0.0	1.0	0.5	0.08333333333333333	0.07	0.5	0.5	100.0	40980.0	3415.0	37565.0	0.0	0.0				
sensexamp-classifier	synthetic_shuffled	classification	34392	40980	0.8392386530014642	0.08143297963946906	0.16588805641251653	0.09057075940838653	0.8991308761022648	0.984996510816469	0.1008691238977352	0.7024514297816589	0.1724889485528338	0.32	0.5555315831812642	0.5095046501877588	100.0	34392.0	2866.0	31526.0	31169.0	0.0				
sensexamp-ecoli	synthetic_shuffled	classification	34392	40980	0.8392386530014642	0.1470061911450703	0.20490606444076706	0.11597796143250688	0.6280335055581651	0.8785475792988314	0.371966494441835	0.6693985124861043	0.15522945099913565	0.34	0.5417866102130312	0.509054312254059	100.0	27944.0	2396.0	25548.0	18150.0	0.0				
sensexamp-saureus	synthetic_shuffled	classification	34392	40980	0.8392386530014642	0.16534217429810324	0.22811076060287416	0.1361734181452963	0.4063705803606583	0.7022011221406992	0.5936294196393417	0.6943812468386329	0.1774297604605668	0.37	0.558812202121214	0.5113280937960615	100.0	27715.0	2317.0	25398.0	11948.0	0.0				
