variant	model	model_type	task	evaluation_set	n_train	overlap_n	overlap_pct	mcc	f1	precision	fpr	tpr	tnr	auroc	auprc	precision_at_k	pauroc_01	pauroc_001	precision_at_k_k	n_samples	n_positive	n_negative	n_predicted_positive	errors	r2_log2	msl2e	rmsl2e	spearman
example-model	example-model	classifier	amp	battleamp		0	0.0	-0.001898285135827458	0.5015113164426314	0.5006869479882238	0.5042366582429018	0.5023384039777482	0.49576334175709824	0.4988179405367785	0.49716320682063764	0.42	0.4979570969096458	0.4995958198130875	100.0	40494.0	20313.0	20181.0	20380.0	0.0				
example-model	example-model	classifier	amp	minustrain		0	0.0	-0.001898285135827458	0.5015113164426314	0.5006869479882238	0.5042366582429018	0.5023384039777482	0.49576334175709824	0.4988179405367785	0.49716320682063764	0.42	0.4979570969096458	0.4995958198130875	100.0	40494.0	20313.0	20181.0	20380.0	0.0				
ampeppy	ampeppy	classifier	amp	battleamp	6536.0	3192	7.88	0.23010718195688604	0.6430821198703611	0.599463852602017	0.4664288191863634	0.6935460050214148	0.5335711808136366	0.6579807673357767	0.7026572532541151	1.0	0.5937543062935526	0.5571053029061115	100.0	40494.0	20313.0	20181.0	23501.0	0.0				
ampeppy	ampeppy	classifier	amp	minustrain	6536.0	3192	7.88	0.18439682911626318	0.5912771097130418	0.5419464720194648	0.4664288191863634	0.6504877051574091	0.5335711808136366	0.6127885779539453	0.5945927132439723	1.0	0.5440315968340279	0.5186043758570051	100.0	37302.0	17121.0	20181.0	20550.0	0.0				
amplify	amplify	classifier	amp	battleamp	6676.0	2808	6.93	0.41298653523985474	0.69046875	0.7276469619627861	0.24587483276349043	0.6569050096625539	0.7541251672365096	0.7526555857733879	0.8149121462356063	1.0	0.7153996262470399	0.6461393744673996	100.0	40362.0	20181.0	20181.0	18219.0	0.0				
amplify	amplify	classifier	amp	minustrain	6676.0	2808	6.93	0.362117064455833	0.6387322870638428	0.6786685662478954	0.24587483276349043	0.603234904737236	0.7541251672365096	0.7167188703586369	0.7614852995473773	1.0	0.681852945350151	0.6157988465725845	100.0	37554.0	17373.0	20181.0	15442.0	0.0				
ampscanner	ampscanner	classifier	amp	battleamp	2132.0	1062	2.62	0.6451138109390318	0.7919336477476012	0.9028478196380896	0.07584529874942103	0.7052893806847808	0.924154701250579	0.8585688130376832	0.8943523081798168	1.0	0.8061851992335698	0.695283832437041	100.0	34533.0	17261.0	17272.0	13484.0	0.0				
ampscanner	ampscanner	classifier	amp	minustrain	2132.0	1062	2.62	0.6322561459602817	0.7773898470777181	0.8947199228481877	0.07584529874942103	0.6872646459658004	0.924154701250579	0.8499107763758426	0.8825139530696022	1.0	0.7961426356404874	0.6868960178801041	100.0	33471.0	16199.0	17272.0	12443.0	0.0				
ampredmfa	ampredmfa	classifier	amp	battleamp	11320.0	3746	9.25	0.09423519534652938	0.6538277423868616	0.5222199347078027	0.8049650661513305	0.8741200216610052	0.19503493384866954	0.5923679969158552	0.6096420126912306	1.0	0.5459106621170956	0.5089403143363919	100.0	40494.0	20313.0	20181.0	34001.0	0.0				
ampredmfa	ampredmfa	classifier	amp	minustrain	11320.0	3746	9.25	0.07061655500091903	0.6047243424829375	0.46678264294623517	0.8049650661513305	0.8583931912838776	0.19503493384866954	0.5992797745143579	0.5725155122730357	0.84	0.5492950794128553	0.5096021871482985	100.0	36748.0	16567.0	20181.0	30466.0	0.0				
hydramp-amp-classifier	hydramp-amp-classifier	classifier	amp	battleamp	11131.0	11136	27.5	0.8059075400351866	0.9056191558157826	0.8815823054019566	0.12667212667212668	0.9310035037283263	0.8733278733278733	0.9673144408118803	0.9690439578051461	1.0	0.8908008202108605	0.748594516389786	100.0	22120.0	11131.0	10989.0	11755.0	0.0				
hydramp-amp-classifier	hydramp-amp-classifier	classifier	amp	minustrain	11131.0	11136	27.5	0.0	0.0	0.0	0.12659264652348015	0.0	0.8734073534765199			0.0			100.0	10988.0	0.0	10988.0	1391.0	0.0				
hydramp-mic-classifier	hydramp-mic-classifier	classifier	amp	battleamp	3444.0	1428	3.53	0.5208453784951387	0.6100390891605137	0.9859606899318091	0.00637000637000637	0.4416494474889947	0.9936299936299936	0.8544858470741141	0.8881793149321167	0.99	0.7855627942771954	0.6821314160864306	100.0	22120.0	11131.0	10989.0	4986.0	0.0				
hydramp-mic-classifier	hydramp-mic-classifier	classifier	amp	minustrain	3444.0	1428	3.53	0.5023052606108497	0.5717624716967351	0.982429718875502	0.00637000637000637	0.4032141753373854	0.9936299936299936	0.8361432693358107	0.8603395759089797	0.98	0.7647808324856358	0.6633389804561414	100.0	20696.0	9707.0	10989.0	3984.0	0.0				
apex-min	apex	regressor	amp	battleamp	1388.0	52	0.13	0.38129169024394055	0.43323687474162875	0.9647131021785824	0.0103398669304082	0.27934251443802754	0.9896601330695918	0.6390852881546143	0.713511467325078	1.0	0.6316963464046718	0.6029213110902938	100.0	22377.0	11255.0	11122.0	3259.0	0.0				
apex-min	apex	regressor	amp	minustrain	1388.0	52	0.13	0.3804312301684131	0.4317521781219748	0.9644732777262898	0.0103398669304082	0.2781291759465479	0.9896601330695918	0.638473512438879	0.7123730766977833	1.0	0.6310922195790969	0.6022669182394894	100.0	22347.0	11225.0	11122.0	3237.0	0.0				
apex-ecoli	apex	regressor	amp	battleamp	1388.0	52	0.13	0.15790131334597193	0.08542187122249979	0.9925093632958801	0.00026647125441343016	0.04463157894736842	0.9997335287455865	0.5205569726060537	0.5004607730738863	1.0	0.5248903424653869	0.522374062247678	100.0	26886.0	11875.0	15011.0	534.0	0.0				
apex-ecoli	apex	regressor	amp	minustrain	1388.0	52	0.13	0.15637950123470187	0.08381198932125232	0.9923371647509579	0.00026647125441343016	0.043753695413463974	0.9997335287455865	0.5196451312565903	0.4983333431992054	1.0	0.5242559301668543	0.5219089733643084	100.0	26850.0	11839.0	15011.0	522.0	0.0				
apex-saureus	apex	regressor	amp	battleamp	1388.0	52	0.13	0.05777344115336034	0.01353047844887711	0.9797979797979798	0.00013065917554060233	0.00681227614298757	0.9998693408244594	0.53034801143438	0.5118151999373358	0.97	0.5029054398495563	0.5034402996957497	100.0	29546.0	14239.0	15307.0	99.0	0.0				
apex-saureus	apex	regressor	amp	minustrain	1388.0	52	0.13	0.05463613210919609	0.012178051511758119	0.9775280898876404	0.00013065917554060233	0.006127192055778576	0.9998693408244594	0.5296691638175783	0.5098114449405191	0.9	0.5024914007524561	0.503098984601746	100.0	29506.0	14199.0	15307.0	89.0	0.0				
apex-kpneumoniae	apex	regressor	amp	battleamp	1388.0	52	0.13	0.02753757043697527	0.0036717977686767404	0.9285714285714286	0.00013305834608475815	0.0018395358709494835	0.9998669416539152	0.5287968423580655	0.5100000327138179	0.6	0.5034975574867973	0.5008348480383742	100.0	29165.0	14134.0	15031.0	28.0	0.0				
apex-kpneumoniae	apex	regressor	amp	minustrain	1388.0	52	0.13	0.024130390347608374	0.002973661852166525	0.9130434782608695	0.00013305834608475815	0.001489256081128998	0.9998669416539152	0.5282565335471905	0.5084361451844291	0.57	0.5032413784928983	0.5006516223051369	100.0	29132.0	14101.0	15031.0	23.0	0.0				
apex-abaumannii	apex	regressor	amp	battleamp	1388.0	52	0.13	0.200016172731288	0.13396387316846267	0.988558352402746	0.000666000666000666	0.07185031185031185	0.9993339993339994	0.5404149724149724	0.5356669397589142	1.0	0.5387349492612651	0.5358802996993952	100.0	27040.0	12025.0	15015.0	874.0	0.0				
apex-abaumannii	apex	regressor	amp	minustrain	1388.0	52	0.13	0.19872657031491778	0.13230601603237607	0.9883720930232558	0.000666000666000666	0.07089832346317458	0.9993339993339994	0.539602694411269	0.5338598018094542	1.0	0.5382045070136346	0.5354112937609703	100.0	27004.0	11989.0	15015.0	860.0	0.0				
apex-paeruginosa	apex	regressor	amp	battleamp	1388.0	52	0.13	0.04894377674989986	0.009710188228264117	0.9701492537313433	0.00013144922773578705	0.004879513550033781	0.9998685507722642	0.526076515617564	0.4997508959939788	0.86	0.5074581352193763	0.5033556411982949	100.0	28536.0	13321.0	15215.0	67.0	0.0				
apex-paeruginosa	apex	regressor	amp	minustrain	1388.0	52	0.13	0.04821191536825927	0.009436788496105452	0.9692307692307692	0.00013144922773578705	0.004741476631293746	0.9998685507722642	0.525542624405547	0.4985930949465871	0.85	0.5073745023751368	0.5032950175669855	100.0	28502.0	13287.0	15215.0	65.0	0.0				
mbc-attention	mbc-attention	regressor	amp	battleamp	3929.0	1394	3.44	0.46981529346006123	0.679982440737489	0.8123770814212665	0.13406408094435077	0.5846937812588469	0.8659359190556493	0.7577778269324336	0.7903731071434812	1.0	0.6575005489812878	0.5637886996997165	100.0	21271.0	10597.0	10674.0	7627.0	0.0				
mbc-attention	mbc-attention	regressor	amp	minustrain	3929.0	1394	3.44	0.4557916533743935	0.6603716482053145	0.7921870461806564	0.13406408094435077	0.5661650233523612	0.8659359190556493	0.7472448122637017	0.7656586784904407	1.0	0.6478019919194828	0.5591706403917596	100.0	20309.0	9635.0	10674.0	6886.0	0.0				
sensexamp-classifier	sensexamp	classifier	amp	battleamp	20587.0	2120	5.24	0.5290293050401692	0.7819618004764493	0.7211686709836571	0.3347834135505368	0.8539479689639434	0.6652165864494631	0.8783648769468719	0.9101503214667455	1.0	0.82350923576268	0.7385852459769024	100.0	21759.0	10955.0	10804.0	12972.0	0.0				
sensexamp-classifier	sensexamp	classifier	amp	minustrain	20587.0	2120	5.24	0.5100321246626536	0.7580667887839933	0.6905108239924702	0.3347834135505368	0.8402748854643899	0.6652165864494631	0.8682669032448377	0.8936847950356056	1.0	0.8136484608903425	0.7276733695408001	100.0	20408.0	9604.0	10804.0	11687.0	0.0				
sensexamp-ecoli	sensexamp	regressor	amp	battleamp	20587.0	2120	5.24	0.5817460232751975	0.6632718927060174	0.9893025246041934	0.004689991558015196	0.49886719171431654	0.9953100084419848	0.8144795183580559	0.8568279793289401	1.0	0.7940841325146573	0.7219865802894437	100.0	19930.0	9269.0	10661.0	4674.0	0.0				
sensexamp-ecoli	sensexamp	regressor	amp	minustrain	20587.0	2120	5.24	0.5826434247431895	0.6526624328285295	0.9876786594381469	0.004689991558015196	0.48735408560311283	0.9953100084419848	0.8115396922927562	0.8429006248950829	1.0	0.7885511171045076	0.716797277761009	100.0	18885.0	8224.0	10661.0	4058.0	0.0				
sensexamp-saureus	sensexamp	regressor	amp	battleamp	20587.0	2120	5.24	0.4852922812649907	0.5379052950781432	0.9968299711815563	0.0010224948875255625	0.368331381109573	0.9989775051124744	0.768859854406452	0.8235314903440492	1.0	0.7693609569674311	0.7035728041286593	100.0	20149.0	9391.0	10758.0	3470.0	0.0				
sensexamp-saureus	sensexamp	regressor	amp	minustrain	20587.0	2120	5.24	0.47978068876639873	0.51628532974428	0.996191135734072	0.0010224948875255625	0.34843163376529007	0.9989775051124744	0.7657537015638823	0.8059688642926726	1.0	0.7622634284933012	0.6940280994774958	100.0	19015.0	8257.0	10758.0	2888.0	0.0				
ampredictor	ampredictor	regressor	amp	battleamp	2952.0	1185	2.93	0.3381121834236439	0.7397377201831303	0.6791337180309183	0.49229423980762926	0.8122177728550737	0.5077057601923708	0.7165314949562269	0.7286170168545895	0.6	0.5489474063623987	0.5009778610270786	100.0	20886.0	11737.0	9149.0	14037.0	0.0				
ampredictor	ampredictor	regressor	amp	minustrain	2952.0	1185	2.93	0.3322509678753441	0.7271073628508826	0.6613024514964656	0.49229423980762926	0.8074556973647966	0.5077057601923708	0.7130396704458017	0.7096202893735122	0.56	0.5462470339949486	0.5005928182153905	100.0	20040.0	10891.0	9149.0	13298.0	0.0				
deep-amp-lstm-gramneg	deep-amp	regressor	amp	battleamp	12593.0	2683	6.63	0.49768123314435675	0.6337403393240957	0.8996364580628409	0.050942401476209306	0.4891634309918814	0.9490575985237907	0.7146221398549388	0.7761391538806566	0.99	0.69969730238846	0.5687691765253451	100.0	29339.0	14165.0	15174.0	7702.0	0.0				
deep-amp-lstm-gramneg	deep-amp	regressor	amp	minustrain	12593.0	2683	6.63	0.4682963448333925	0.5883733929569592	0.8719350563286945	0.050942401476209306	0.44398515269107475	0.9490575985237907	0.685600771003494	0.724433708666732	0.98	0.6789275285304248	0.5630243378837523	100.0	27028.0	11854.0	15174.0	6036.0	0.0				
deep-amp-lstm-grampos	deep-amp	regressor	amp	battleamp	12593.0	2683	6.63	0.4843287937047438	0.5888334800039112	0.9310451453308596	0.028904731043421904	0.43057343057343056	0.971095268956578	0.7102731029335048	0.767568417981743	0.97	0.7061220606433282	0.5631248227671694	100.0	29416.0	13986.0	15430.0	6468.0	0.0				
deep-amp-lstm-grampos	deep-amp	regressor	amp	minustrain	12593.0	2683	6.63	0.47310356838829604	0.5616678346180799	0.9151284490960989	0.028904731043421904	0.4051731401128991	0.971095268956578	0.6882452542655246	0.7243819197914703	0.97	0.6912064818941499	0.559734966057037	100.0	27299.0	11869.0	15430.0	5255.0	0.0				
deep-amp-cnn-gramneg	deep-amp	regressor	amp	battleamp	12593.0	2683	6.63	0.5598770329241178	0.6686698906051928	0.9543017957652103	0.02299393122049899	0.5146346751463468	0.977006068779501	0.7494205144756616	0.8172396406639234	1.0	0.750022268737402	0.6570981594995828	100.0	28667.0	13837.0	14830.0	7462.0	0.0				
deep-amp-cnn-gramneg	deep-amp	regressor	amp	minustrain	12593.0	2683	6.63	0.5353032030716186	0.6261188891439063	0.9411764705882353	0.02299393122049899	0.4690912217350185	0.977006068779501	0.7212628370725268	0.7726158077299041	0.99	0.7261043163079361	0.6447065317684019	100.0	26461.0	11631.0	14830.0	5797.0	0.0				
deep-amp-cnn-grampos	deep-amp	regressor	amp	battleamp	12593.0	2683	6.63	0.4991003378270884	0.7029640695023194	0.8226904674273096	0.13129386114328542	0.6136582017844887	0.8687061388567145	0.7401866169755891	0.768985058353464	0.7	0.6577632747347659	0.5121001633716312	100.0	29247.0	14570.0	14677.0	10868.0	0.0				
deep-amp-cnn-grampos	deep-amp	regressor	amp	minustrain	12593.0	2683	6.63	0.47057959518776876	0.6660125221941875	0.7871658935277226	0.13129386114328542	0.5771784904437965	0.8687061388567145	0.722215449120693	0.7298569080340689	0.68	0.6543729430165437	0.5125228006364224	100.0	27025.0	12348.0	14677.0	9054.0	0.0				
example-model	example-model	classifier	broad_activity	battleamp		0	0.0	-0.0021761778170186507	0.6115672973937879	0.7832647462277091	0.5042553191489362	0.501610541727672	0.4957446808510638	0.4981312108657051	0.7873481385419605	0.79	0.5027979125096939	0.5000077487841061	100.0	4355.0	3415.0	940.0	2187.0	0.0				
example-model	example-model	classifier	broad_activity	minustrain		0	0.0	-0.0021761778170186507	0.6115672973937879	0.7832647462277091	0.5042553191489362	0.501610541727672	0.4957446808510638	0.4981312108657051	0.7873481385419605	0.79	0.5027979125096939	0.5000077487841061	100.0	4355.0	3415.0	940.0	2187.0	0.0				
example-model	example-model	classifier	broad_activity	holdout		0	0.0	0.014282885765868121	0.6260869565217392	0.8307692307692308	0.4835164835164835	0.5023255813953489	0.5164835164835165	0.5211730130334782	0.8414090468224877	0.87	0.5139413829744307	0.49748743718592964	100.0	521.0	430.0	91.0	260.0	0.0				
ampeppy	ampeppy	classifier	broad_activity	battleamp	6536.0	340	7.81	0.23335580304439496	0.8762830902215019	0.8132364001002758	0.7925531914893617	0.949926793557833	0.2074468085106383	0.6809993458147722	0.8674108706277023	0.91	0.5372246150718374	0.5044766839086244	100.0	4355.0	3415.0	940.0	3989.0	0.0				
ampeppy	ampeppy	classifier	broad_activity	minustrain	6536.0	340	7.81	0.23665355998183932	0.8705673758865248	0.8049180327868852	0.7872105843439912	0.9478764478764479	0.2127894156560088	0.6755882319553764	0.8573911587185497	0.88	0.5346858908049646	0.5047523679264245	100.0	4015.0	3108.0	907.0	3660.0	0.0				
ampeppy	ampeppy	classifier	broad_activity	holdout	6536.0	340	7.81	0.3084237978397155	0.8993288590604027	0.8663793103448276	0.6813186813186813	0.9348837209302325	0.31868131868131866	0.6649501661129569	0.882312381039772	0.88	0.5139279325325837	0.5050309687974758	100.0	521.0	430.0	91.0	464.0	0.0				
amplify	amplify	classifier	broad_activity	battleamp	6676.0	392	9.0	0.2549993451670424	0.8828877005347594	0.81230012300123	0.8125665601703941	0.9669106881405564	0.18743343982960597	0.7071860815764567	0.8665759276846958	0.84	0.5195323453807806	0.5005146895426837	100.0	4354.0	3415.0	939.0	4065.0	0.0				
amplify	amplify	classifier	broad_activity	minustrain	6676.0	392	9.0	0.2569447931404944	0.8772605988734065	0.8053892215568862	0.8033707865168539	0.9632161458333334	0.19662921348314608	0.7128450886587078	0.8637537198632582	0.84	0.5235268209146462	0.5000514812181225	100.0	3962.0	3072.0	890.0	3674.0	0.0				
amplify	amplify	classifier	broad_activity	holdout	6676.0	392	9.0	0.18347001112327613	0.8978260869565218	0.8428571428571429	0.8461538461538461	0.9604651162790697	0.15384615384615385	0.6749169435215947	0.8878470980032658	0.91	0.5277146354257737	0.5021619726539676	100.0	521.0	430.0	91.0	490.0	0.0				
ampscanner	ampscanner	classifier	broad_activity	battleamp	2132.0	169	3.88	0.24420028741162023	0.8786161646286907	0.8071232876712329	0.8148148148148148	0.9640052356020943	0.18518518518518517	0.7232732057155323	0.8775705565017442	0.81	0.5376203886039963	0.5035918963993765	100.0	3920.0	3056.0	864.0	3650.0	0.0				
ampscanner	ampscanner	classifier	broad_activity	minustrain	2132.0	169	3.88	0.2426845616319835	0.8745104182986057	0.8013207005455067	0.8131609870740305	0.9624137931034483	0.18683901292596944	0.7225622999311154	0.8731799604525757	0.87	0.5369429068360556	0.5035272122104777	100.0	3751.0	2900.0	851.0	3483.0	0.0				
ampscanner	ampscanner	classifier	broad_activity	holdout	2132.0	169	3.88	0.17389333984839492	0.9025755879059351	0.8556263269639066	0.8395061728395061	0.9549763033175356	0.16049382716049382	0.6723421683927213	0.8977403421319329	0.85	0.5249931076131336	0.5023862766062791	100.0	503.0	422.0	81.0	471.0	0.0				
ampredmfa	ampredmfa	classifier	broad_activity	battleamp	11320.0	552	12.68	0.039087657337656505	0.8782125791037065	0.7855822550831792	0.9882854100106496	0.9956076134699854	0.011714589989350373	0.5558720298376673	0.8111880919808652	0.91	0.5070986755178486	0.5006777629891414	100.0	4354.0	3415.0	939.0	4328.0	0.0				
ampredmfa	ampredmfa	classifier	broad_activity	minustrain	11320.0	552	12.68	0.04254133615829329	0.867513069454817	0.7686606670195871	0.9875706214689266	0.9955433664724032	0.012429378531073447	0.5539744610301196	0.7929599863801665	0.85	0.504507878749516	0.5004304004836221	100.0	3802.0	2917.0	885.0	3778.0	0.0				
ampredmfa	ampredmfa	classifier	broad_activity	holdout	11320.0	552	12.68	-0.020173664619648222	0.9031578947368422	0.825	1.0	0.9976744186046511	0.0	0.5549833887043191	0.8526054365904305	0.88	0.5112760097919217	0.5010766039499824	100.0	521.0	430.0	91.0	520.0	0.0				
hydramp-amp-classifier	hydramp-amp-classifier	classifier	broad_activity	battleamp	11131.0	551	12.65	0.254384840457677	0.8763002080332853	0.8117402905425437	0.7800982800982801	0.9520166898470097	0.2199017199017199	0.7186330659905069	0.8877538519441965	0.97	0.560769084394734	0.5169613981475794	100.0	3690.0	2876.0	814.0	3373.0	0.0				
hydramp-amp-classifier	hydramp-amp-classifier	classifier	broad_activity	minustrain	11131.0	551	12.65	0.2716676819982785	0.872048743335872	0.8089014482515012	0.7534818941504178	0.9458901280462618	0.24651810584958217	0.7369278676943504	0.891163071892642	0.98	0.565866788553778	0.5183995960745788	100.0	3139.0	2421.0	718.0	2831.0	0.0				
hydramp-amp-classifier	hydramp-amp-classifier	classifier	broad_activity	holdout	11131.0	551	12.65	0.16036432131551465	0.8719346049046321	0.8290155440414507	0.7951807228915663	0.9195402298850575	0.20481927710843373	0.6919921063564604	0.8839352701836183	0.91	0.5321376249098025	0.4986859585282736	100.0	431.0	348.0	83.0	386.0	0.0				
hydramp-mic-classifier	hydramp-mic-classifier	classifier	broad_activity	battleamp	3444.0	1111	25.51	0.5577263962404735	0.8814489571899012	0.9301158301158301	0.22235872235872237	0.8376216968011126	0.7776412776412777	0.8614031910276694	0.9465674442895371	0.97	0.6669636226586669	0.5247088739463688	100.0	3690.0	2876.0	814.0	2590.0	0.0				
hydramp-mic-classifier	hydramp-mic-classifier	classifier	broad_activity	minustrain	3444.0	1111	25.51	0.49275313348102406	0.8722308088614117	0.9092373791621912	0.3023255813953488	0.8381188118811881	0.6976744186046512	0.8212388636001346	0.9275501893506677	0.96	0.6127320151278851	0.5095382507749431	100.0	2579.0	2020.0	559.0	1862.0	0.0				
hydramp-mic-classifier	hydramp-mic-classifier	classifier	broad_activity	holdout	3444.0	1111	25.51	0.3421905339070343	0.8524590163934426	0.8854489164086687	0.4457831325301205	0.8218390804597702	0.5542168674698795	0.7221298989059687	0.8898603043899285	0.91	0.5338705092602716	0.49748743718592964	100.0	431.0	348.0	83.0	323.0	0.0				
apex-min	apex	regressor	broad_activity	battleamp	1388.0	36	0.83	0.33138014974070373	0.8099385245901639	0.9039451114922813	0.3326732673267327	0.7336426914153132	0.6673267326732674	0.7459419723874938	0.9184077072453851	0.96	0.5835321229033393	0.5154680387765018	100.0	2660.0	2155.0	505.0	1749.0	0.0				
apex-min	apex	regressor	broad_activity	minustrain	1388.0	36	0.83	0.33201012894439313	0.8086099585062241	0.903768115942029	0.33001988071570576	0.7315814171750352	0.6699801192842942	0.7461481696400667	0.9176245171425359	0.96	0.5816790825596447	0.5144222070804365	100.0	2634.0	2131.0	503.0	1725.0	0.0				
apex-min	apex	regressor	broad_activity	holdout	1388.0	36	0.83	0.05969274884803587	0.8087431693989071	0.891566265060241	0.6585365853658537	0.74	0.34146341463414637	0.5373983739837399	0.9016054424170599	0.9	0.5255455712451862	0.5326633165829145	100.0	341.0	300.0	41.0	249.0	0.0				
apex-ecoli	apex	regressor	broad_activity	battleamp	1388.0	36	0.83	0.24445109513031676	0.35306019221041984	0.9640883977900553	0.019548872180451128	0.21609907120743035	0.9804511278195489	0.6251802881817548	0.824326602647814	0.98	0.5957320382592459	0.5383046660945033	100.0	2280.0	1615.0	665.0	362.0	0.0				
apex-ecoli	apex	regressor	broad_activity	minustrain	1388.0	36	0.83	0.2421014707883086	0.3487179487179487	0.9631728045325779	0.019667170953101363	0.2128991859737007	0.9803328290468987	0.6246886891741986	0.822761667840635	0.97	0.5937796019818392	0.5371284515341412	100.0	2258.0	1597.0	661.0	353.0	0.0				
apex-ecoli	apex	regressor	broad_activity	holdout	1388.0	36	0.83	0.24235596569070098	0.4930555555555556	0.9466666666666667	0.06896551724137931	0.3333333333333333	0.9310344827586207	0.5411202849279586	0.8502676767641019	0.88	0.5830883668617878	0.5328756458348078	100.0	271.0	213.0	58.0	75.0	0.0				
apex-saureus	apex	regressor	broad_activity	battleamp	1388.0	36	0.83	0.07848138012606452	0.07010634107916502	0.9468085106382979	0.006112469437652812	0.03640081799591002	0.9938875305623472	0.5469892650536747	0.7922043262448086	0.94	0.525511319811822	0.5108245564299817	100.0	3263.0	2445.0	818.0	94.0	0.0				
apex-saureus	apex	regressor	broad_activity	minustrain	1388.0	36	0.83	0.07501403618688961	0.06616181745715424	0.9431818181818182	0.006150061500615006	0.034283353985956215	0.993849938499385	0.5475002705417389	0.791338431245123	0.92	0.5249495637198595	0.5099742146475285	100.0	3234.0	2421.0	813.0	88.0	0.0				
apex-saureus	apex	regressor	broad_activity	holdout	1388.0	36	0.83	0.10998533626601496	0.11764705882352941	1.0	0.0	0.0625	1.0	0.48250868055555546	0.8375388611500061	0.83	0.5349963450292398	0.532035175879397	100.0	392.0	320.0	72.0	20.0	0.0				
apex-kpneumoniae	apex	regressor	broad_activity	battleamp	1388.0	36	0.83	0.031838646669683515	0.01347068145800317	0.9444444444444444	0.0012738853503184713	0.006783719074221868	0.9987261146496815	0.5332791110252592	0.7848791983828965	0.78	0.5066898110307972	0.5029245689102995	100.0	3291.0	2506.0	785.0	18.0	0.0				
apex-kpneumoniae	apex	regressor	broad_activity	minustrain	1388.0	36	0.83	0.027450921515605107	0.011195521791283487	0.9333333333333333	0.0012804097311139564	0.0056315366049879325	0.998719590268886	0.5340153257731131	0.7839913058906707	0.76	0.5059159245138908	0.5023734066357469	100.0	3267.0	2486.0	781.0	15.0	0.0				
apex-kpneumoniae	apex	regressor	broad_activity	holdout	1388.0	36	0.83	0.059478868928860805	0.037037037037037035	1.0	0.0	0.018867924528301886	1.0	0.45898846960167716	0.8219900418445837	0.81	0.5215436389716429	0.5069688062956291	100.0	390.0	318.0	72.0	6.0	0.0				
apex-abaumannii	apex	regressor	broad_activity	battleamp	1388.0	36	0.83	0.32720051055310534	0.5589447650453421	0.9429763560500696	0.061933534743202415	0.39718804920913886	0.9380664652567976	0.6834219147388485	0.8574309417937921	0.94	0.6206914314548337	0.5142121529798236	100.0	2369.0	1707.0	662.0	719.0	0.0				
apex-abaumannii	apex	regressor	broad_activity	minustrain	1388.0	36	0.83	0.3259720632761669	0.5568561872909699	0.942008486562942	0.06231003039513678	0.39525222551928785	0.9376899696048632	0.682818179358365	0.8556070134168854	0.94	0.6187159609358646	0.5130333148157608	100.0	2343.0	1685.0	658.0	707.0	0.0				
apex-abaumannii	apex	regressor	broad_activity	holdout	1388.0	36	0.83	0.182298895710067	0.6051873198847262	0.8974358974358975	0.22641509433962265	0.45652173913043476	0.7735849056603774	0.5540607054963085	0.8633707215384878	0.91	0.538966365873667	0.5127812977933144	100.0	283.0	230.0	53.0	117.0	0.0				
apex-paeruginosa	apex	regressor	broad_activity	battleamp	1388.0	36	0.83	0.08142727599635535	0.05024630541871921	0.9807692307692307	0.0012706480304955528	0.02578361981799798	0.9987293519695044	0.5675582615890423	0.7758761633103539	0.92	0.5328192813383519	0.5139645871980185	100.0	2765.0	1978.0	787.0	52.0	0.0				
apex-paeruginosa	apex	regressor	broad_activity	minustrain	1388.0	36	0.83	0.07911036499638774	0.04776119402985075	0.9795918367346939	0.001277139208173691	0.02447730749617542	0.9987228607918263	0.5679908926493181	0.7749064001926084	0.92	0.5321685415168962	0.5133397915035446	100.0	2744.0	1961.0	783.0	49.0	0.0				
apex-paeruginosa	apex	regressor	broad_activity	holdout	1388.0	36	0.83	-0.006625028634729449	0.05263157894736842	0.75	0.029850746268656716	0.02727272727272727	0.9701492537313433	0.4543419267299864	0.7673540260373215	0.78	0.5074269799328716	0.5066240292370946	100.0	287.0	220.0	67.0	8.0	0.0				
mbc-attention	mbc-attention	regressor	broad_activity	battleamp	3929.0	1392	31.96	0.6330941216711333	0.932746196957566	0.927547770700637	0.3170731707317073	0.9380032206119162	0.6829268292682927	0.8720129385558866	0.9606835631379509	1.0	0.6666817272945531	0.5637374312297176	100.0	3058.0	2484.0	574.0	2512.0	0.0				
mbc-attention	mbc-attention	regressor	broad_activity	minustrain	3929.0	1392	31.96	0.4209710809687152	0.917360285374554	0.8997084548104957	0.5548387096774193	0.9357186173438448	0.44516129032258067	0.7726637845028267	0.9373970022352256	0.97	0.5787332138323272	0.5238226776205801	100.0	1959.0	1649.0	310.0	1715.0	0.0				
mbc-attention	mbc-attention	regressor	broad_activity	holdout	3929.0	1392	31.96	0.20303653003383493	0.9102167182662538	0.9074074074074074	0.7142857142857143	0.9130434782608695	0.2857142857142857	0.6438923395445134	0.924083205675217	0.93	0.5267672286305827	0.5052904272917382	100.0	364.0	322.0	42.0	324.0	0.0				
sensexamp-classifier	sensexamp	classifier	broad_activity	battleamp	20587.0	1048	24.06	0.17810741515786885	0.8786181139122315	0.7929775280898876	0.9098765432098765	0.984996510816469	0.09012345679012346	0.7423104425663161	0.8982582653672744	0.96	0.5695109293743003	0.5156190046231086	100.0	3676.0	2866.0	810.0	3560.0	0.0				
sensexamp-classifier	sensexamp	classifier	broad_activity	minustrain	20587.0	1048	24.06	0.17865037434903397	0.8832236842105263	0.8002980625931445	0.9100169779286927	0.9853211009174312	0.0899830220713073	0.7449284279061074	0.9037116211898615	0.97	0.5744438314208912	0.5167335270611715	100.0	2769.0	2180.0	589.0	2684.0	0.0				
sensexamp-classifier	sensexamp	classifier	broad_activity	holdout	20587.0	1048	24.06	0.010088127957287018	0.8810457516339869	0.8081534772182254	0.963855421686747	0.9683908045977011	0.03614457831325301	0.7035729123390113	0.9095614429257373	0.94	0.5991771077048667	0.5725755212845839	100.0	431.0	348.0	83.0	417.0	0.0				
sensexamp-ecoli	sensexamp	regressor	broad_activity	battleamp	20587.0	1048	24.06	0.5136298907621524	0.8968896463570516	0.9160139251523064	0.3344887348353553	0.8785475792988314	0.6655112651646448	0.8322398972290619	0.9475260118996535	0.99	0.6510325290547032	0.541120682850517	100.0	2973.0	2396.0	577.0	2298.0	0.0				
sensexamp-ecoli	sensexamp	regressor	broad_activity	minustrain	20587.0	1048	24.06	0.4700177428443309	0.8886376483889203	0.9123621590249564	0.360381861575179	0.8661157024793389	0.639618138424821	0.8152310696463441	0.9439415798958795	0.99	0.6353199810508737	0.5349271786785892	100.0	2234.0	1815.0	419.0	1723.0	0.0				
sensexamp-ecoli	sensexamp	regressor	broad_activity	holdout	20587.0	1048	24.06	0.36373468513253915	0.8032786885245902	0.9074074074074074	0.2857142857142857	0.7205882352941176	0.7142857142857143	0.7473214285714286	0.9036007033184869	0.92	0.5602056612118531	0.49933490984333434	100.0	342.0	272.0	70.0	216.0	0.0				
sensexamp-saureus	sensexamp	regressor	broad_activity	battleamp	20587.0	1048	24.06	0.4738232687378695	0.806843540788495	0.9481351981351981	0.13671274961597543	0.7022011221406992	0.8632872503840245	0.8038063680788561	0.9311824618720812	1.0	0.6371241216494394	0.5351054098296653	100.0	2968.0	2317.0	651.0	1716.0	0.0				
sensexamp-saureus	sensexamp	regressor	broad_activity	minustrain	20587.0	1048	24.06	0.40644752059436273	0.7777409738323948	0.9392	0.16521739130434782	0.6636517806670436	0.8347826086956521	0.7697335758350334	0.9208263989335226	0.99	0.5914057638997585	0.5291052060261985	100.0	2229.0	1769.0	460.0	1250.0	0.0				
sensexamp-saureus	sensexamp	regressor	broad_activity	holdout	20587.0	1048	24.06	0.311799910075637	0.6885964912280702	0.9401197604790419	0.14705882352941177	0.5432525951557093	0.8529411764705882	0.7162629757785468	0.9083872162895805	0.95	0.5789366557039862	0.516614212933178	100.0	357.0	289.0	68.0	167.0	0.0				
ampredictor	ampredictor	regressor	broad_activity	battleamp	2952.0	992	22.78	0.6100715364669053	0.9407665505226481	0.9204545454545454	0.412573673870334	0.9619952494061758	0.587426326129666	0.8148271726500194	0.9425091865051315	0.98	0.5856640724491348	0.5226995575794248	100.0	3035.0	2526.0	509.0	2640.0	0.0				
ampredictor	ampredictor	regressor	broad_activity	minustrain	2952.0	992	22.78	0.48566026051165356	0.9300557526609224	0.8986287952987267	0.5671232876712329	0.9637605042016807	0.4328767123287671	0.7468156440658456	0.9242233291346229	0.97	0.5564795853453133	0.5173251719631888	100.0	2269.0	1904.0	365.0	2042.0	0.0				
ampredictor	ampredictor	regressor	broad_activity	holdout	2952.0	992	22.78	0.10013768051199019	0.926829268292683	0.8786127167630058	0.9333333333333333	0.9806451612903225	0.06666666666666667	0.5782078853046595	0.9052786602267837	0.92	0.529522731560083	0.5234235694602043	100.0	355.0	310.0	45.0	346.0	0.0				
deep-amp-lstm-gramneg	deep-amp	regressor	broad_activity	battleamp	12593.0	1473	33.82	0.3262284418595057	0.8526963445530221	0.862371888726208	0.5074224021592443	0.8432355046528275	0.4925775978407557	0.7073640546495913	0.8797156939920476	0.91	0.5371706837015363	0.503323353198506	100.0	3535.0	2794.0	741.0	2732.0	0.0				
deep-amp-lstm-gramneg	deep-amp	regressor	broad_activity	minustrain	12593.0	1473	33.82	0.2856397433457117	0.8368036015756893	0.8585450346420324	0.5125523012552301	0.8161361141602634	0.4874476987447699	0.6866816087889074	0.867492371293245	0.87	0.5234539508432864	0.5005351149835403	100.0	2300.0	1822.0	478.0	1732.0	0.0				
deep-amp-lstm-gramneg	deep-amp	regressor	broad_activity	holdout	12593.0	1473	33.82	0.2905740046755626	0.8694404591104734	0.8782608695652174	0.56	0.8607954545454546	0.44	0.6378409090909091	0.879969608698781	0.86	0.5356858054226475	0.5346048423937871	100.0	427.0	352.0	75.0	345.0	0.0				
deep-amp-lstm-grampos	deep-amp	regressor	broad_activity	battleamp	12593.0	1473	33.82	0.3474221665942022	0.8354856822010107	0.8691588785046729	0.42857142857142855	0.8043243243243243	0.5714285714285714	0.7214699393270823	0.8831498503968824	0.96	0.544119952390629	0.5148420905779125	100.0	3559.0	2775.0	784.0	2568.0	0.0				
deep-amp-lstm-grampos	deep-amp	regressor	broad_activity	minustrain	12593.0	1473	33.82	0.28472121214462504	0.8359183673469388	0.8504983388704319	0.5252918287937743	0.8218298555377207	0.47470817120622566	0.6798033864006845	0.8628062787674792	0.93	0.5279952164764642	0.5067785208098984	100.0	2383.0	1869.0	514.0	1806.0	0.0				
deep-amp-lstm-grampos	deep-amp	regressor	broad_activity	holdout	12593.0	1473	33.82	0.16961720932875093	0.7922705314009661	0.8512110726643599	0.5443037974683544	0.7409638554216867	0.45569620253164556	0.6013802043617509	0.8441348219320282	0.82	0.5234100960805247	0.49748743718592964	100.0	411.0	332.0	79.0	289.0	0.0				
deep-amp-cnn-gramneg	deep-amp	regressor	broad_activity	battleamp	12593.0	1473	33.82	0.45069884500395885	0.913682753848815	0.8865391070829137	0.5504885993485342	0.9425410421127766	0.4495114006514658	0.7923557393857807	0.9328329042156231	0.98	0.5911843478850367	0.5151726472925231	100.0	3416.0	2802.0	614.0	2979.0	0.0				
deep-amp-cnn-gramneg	deep-amp	regressor	broad_activity	minustrain	12593.0	1473	33.82	0.3895176127011804	0.9036998163211756	0.8705763397371082	0.6124401913875598	0.939443535188216	0.3875598086124402	0.7500854874875031	0.9148621795227219	0.96	0.5718976216412416	0.5094174490596691	100.0	2251.0	1833.0	418.0	1978.0	0.0				
deep-amp-cnn-gramneg	deep-amp	regressor	broad_activity	holdout	12593.0	1473	33.82	0.08112848715659254	0.8625954198473282	0.8737113402061856	0.765625	0.8517587939698492	0.234375	0.6412531407035175	0.902023382557829	0.93	0.534432028563872	0.49748743718592964	100.0	462.0	398.0	64.0	388.0	0.0				
deep-amp-cnn-grampos	deep-amp	regressor	broad_activity	battleamp	12593.0	1473	33.82	0.2784640880308612	0.8995072420486785	0.841340782122905	0.7877947295423023	0.9663137632338787	0.21220527045769763	0.6200746031894354	0.8456342540151545	0.8	0.5028977079344876	0.4989146860335503	100.0	3838.0	3117.0	721.0	3580.0	0.0				
deep-amp-cnn-grampos	deep-amp	regressor	broad_activity	minustrain	12593.0	1473	33.82	0.2457786306833297	0.889532293986637	0.8306988352745425	0.794921875	0.9573346116970278	0.205078125	0.5866116371045063	0.8171206099981514	0.75	0.4930350992834435	0.497914654167289	100.0	2598.0	2086.0	512.0	2404.0	0.0				
deep-amp-cnn-grampos	deep-amp	regressor	broad_activity	holdout	12593.0	1473	33.82	0.09713934116885017	0.8714107365792759	0.8389423076923077	0.8271604938271605	0.9064935064935065	0.1728395061728395	0.5990059323392657	0.8707450223039267	0.89	0.5238264010193835	0.5079292566729753	100.0	466.0	385.0	81.0	416.0	0.0				
example-model	example-model	classifier	strain_ecoli25922	battleamp		0	0.0	-0.010523611125034225	0.5972961900860303	0.7319277108433735	0.5164410058027079	0.5044982698961937	0.4835589941972921	0.4847764250768005	0.7356143246069731	0.75	0.5006092262105003	0.5039509219109274	100.0	1962.0	1445.0	517.0	996.0	0.0				
example-model	example-model	classifier	strain_ecoli25922	minustrain		0	0.0	-0.010523611125034225	0.5972961900860303	0.7319277108433735	0.5164410058027079	0.5044982698961937	0.4835589941972921	0.4847764250768005	0.7356143246069731	0.75	0.5006092262105003	0.5039509219109274	100.0	1962.0	1445.0	517.0	996.0	0.0				
ampeppy	ampeppy	classifier	strain_ecoli25922	battleamp	6536.0	170	8.66	0.18415749768580886	0.8420074349442379	0.762198541783511	0.8201160541586073	0.9404844290657439	0.17988394584139264	0.6484408987169791	0.8120735015212374	0.79	0.5153873738176098	0.5087862226138086	100.0	1962.0	1445.0	517.0	1783.0	0.0				
ampeppy	ampeppy	classifier	strain_ecoli25922	minustrain	6536.0	170	8.66	0.19271910796730263	0.8408858603066439	0.7621988882025942	0.8088235294117647	0.9376899696048632	0.19117647058823528	0.662249208193916	0.8180987471188117	0.85	0.5208774999361446	0.5032206831198213	100.0	1792.0	1316.0	476.0	1619.0	0.0				
amplify	amplify	classifier	strain_ecoli25922	battleamp	6676.0	187	9.53	0.13457114007503923	0.8429048921300517	0.7513542795232936	0.8878143133462283	0.9598615916955018	0.11218568665377177	0.6209613621304706	0.7944524433899105	0.83	0.5111881689995974	0.49979616940043015	100.0	1962.0	1445.0	517.0	1846.0	0.0				
amplify	amplify	classifier	strain_ecoli25922	minustrain	6676.0	187	9.53	0.13858051036547708	0.8419278732726659	0.7524096385542168	0.8782051282051282	0.9556235654169855	0.12179487179487179	0.6332568222392246	0.800139812079956	0.8	0.5117711096449066	0.49910283570166764	100.0	1775.0	1307.0	468.0	1660.0	0.0				
ampscanner	ampscanner	classifier	strain_ecoli25922	battleamp	2132.0	77	3.92	0.18125942564735362	0.8471060555369689	0.7540202501488982	0.8694736842105263	0.966412213740458	0.13052631578947368	0.7025480112494978	0.8412717027338205	0.81	0.5367604472666747	0.5035097914475719	100.0	1785.0	1310.0	475.0	1679.0	0.0				
ampscanner	ampscanner	classifier	strain_ecoli25922	minustrain	2132.0	77	3.92	0.1862189023172102	0.8461268839817736	0.7529631940112289	0.8646288209606987	0.9656	0.13537117903930132	0.7083117903930132	0.8438446188843465	0.79	0.540480244088482	0.503864947928046	100.0	1708.0	1250.0	458.0	1603.0	0.0				
ampredmfa	ampredmfa	classifier	strain_ecoli25922	battleamp	11320.0	286	14.58	0.07556354145797961	0.8492506611813107	0.7379979570990807	0.9922630560928434	1.0	0.007736943907156673	0.5386934202512499	0.7597213399893836	0.77	0.5062664743264097	0.5005983065939789	100.0	1962.0	1445.0	517.0	1958.0	0.0				
ampredmfa	ampredmfa	classifier	strain_ecoli25922	minustrain	11320.0	286	14.58	0.06793285556177482	0.8381944444444445	0.7214584578601315	0.9936034115138592	1.0	0.006396588486140725	0.5356855796764786	0.7409096689177498	0.71	0.5036601559396671	0.5003494621248928	100.0	1676.0	1207.0	469.0	1673.0	0.0				
hydramp-amp-classifier	hydramp-amp-classifier	classifier	strain_ecoli25922	battleamp	11131.0	209	10.65	0.2042432771898118	0.8446745562130178	0.7523056653491436	0.8468468468468469	0.9629005059021922	0.15315315315315314	0.6855373501663552	0.8271850699376422	0.85	0.5325736004931887	0.5033105762469274	100.0	1630.0	1186.0	444.0	1518.0	0.0				
hydramp-amp-classifier	hydramp-amp-classifier	classifier	strain_ecoli25922	minustrain	11131.0	209	10.65	0.2176238278743201	0.8448422847399829	0.7547600913937548	0.8298969072164949	0.9593417231364957	0.17010309278350516	0.7133174818614585	0.8485727557172134	0.9	0.546052434606441	0.5136971671864176	100.0	1421.0	1033.0	388.0	1313.0	0.0				
hydramp-mic-classifier	hydramp-mic-classifier	classifier	strain_ecoli25922	battleamp	3444.0	461	23.5	0.5556128991807135	0.88107202680067	0.8752079866888519	0.33783783783783783	0.8870151770657673	0.6621621621621622	0.8438140923385443	0.9180831901956246	0.94	0.6427520535535092	0.5073433191510933	100.0	1630.0	1186.0	444.0	1202.0	0.0				
hydramp-mic-classifier	hydramp-mic-classifier	classifier	strain_ecoli25922	minustrain	3444.0	461	23.5	0.43564827437336695	0.8531791907514451	0.8473019517795637	0.4290322580645161	0.8591385331781141	0.5709677419354838	0.7774662961433023	0.8808696575557067	0.91	0.5879739342347382	0.498638560635239	100.0	1169.0	859.0	310.0	871.0	0.0				
apex-min	apex	regressor	strain_ecoli25922	battleamp	1388.0	19	0.97	0.25707185085044953	0.8034744842562432	0.8390022675736961	0.4930555555555556	0.7708333333333334	0.5069444444444444	0.6861979166666666	0.865548389604917	0.9	0.5532864278752436	0.5071640028847944	100.0	1248.0	960.0	288.0	882.0	0.0				
apex-min	apex	regressor	strain_ecoli25922	minustrain	1388.0	19	0.97	0.255147629935446	0.801762114537445	0.8377445339470656	0.493006993006993	0.7687434002111933	0.506993006993007	0.6844617895304275	0.8632110986728158	0.9	0.551632161536013	0.5062188160732626	100.0	1233.0	947.0	286.0	869.0	0.0				
apex-ecoli	apex	regressor	strain_ecoli25922	battleamp	1388.0	19	0.97	0.26482709169711144	0.4200913242009132	0.9387755102040817	0.040268456375838924	0.27058823529411763	0.959731543624161	0.6432441768653769	0.82379152730431	0.95	0.6035177758846386	0.5243043087526063	100.0	978.0	680.0	298.0	196.0	0.0				
apex-ecoli	apex	regressor	strain_ecoli25922	minustrain	1388.0	19	0.97	0.26274930997182505	0.41627906976744183	0.93717277486911	0.04054054054054054	0.26756352765321373	0.9594594594594594	0.6404425726174604	0.8204419743890403	0.95	0.6013773981675798	0.5232089019411281	100.0	965.0	669.0	296.0	191.0	0.0				
apex-saureus	apex	regressor	strain_ecoli25922	battleamp	1388.0	19	0.97	-0.024496782221809746	0.04812319538017324	0.6410256410256411	0.033816425120772944	0.025	0.966183574879227	0.5165386473429951	0.7061930127889695	0.71	0.49749809305873377	0.4980069429271964	100.0	1414.0	1000.0	414.0	39.0	0.0				
apex-saureus	apex	regressor	strain_ecoli25922	minustrain	1388.0	19	0.97	-0.033794786699252344	0.043052837573385516	0.6111111111111112	0.0340632603406326	0.02231237322515213	0.9659367396593674	0.5148601096617857	0.7030520713494329	0.7	0.49649556591616734	0.49801072501975785	100.0	1397.0	986.0	411.0	36.0	0.0				
apex-kpneumoniae	apex	regressor	strain_ecoli25922	battleamp	1388.0	19	0.97	0.05093637654124962	0.018957345971563982	1.0	0.0	0.009569377990430622	1.0	0.5158590691605045	0.7401919985531523	0.69	0.4979968407316682	0.5066739900958842	100.0	1430.0	1045.0	385.0	10.0	0.0				
apex-kpneumoniae	apex	regressor	strain_ecoli25922	minustrain	1388.0	19	0.97	0.04865853676675187	0.01725790987535954	1.0	0.0	0.008704061895551257	1.0	0.5142694092752423	0.7379345324056886	0.69	0.49760765550239233	0.5062758429059407	100.0	1417.0	1034.0	383.0	9.0	0.0				
apex-abaumannii	apex	regressor	strain_ecoli25922	battleamp	1388.0	19	0.97	0.27360991969426646	0.5837063563115488	0.8763440860215054	0.1498371335504886	0.4375838926174497	0.8501628664495114	0.6543033906827275	0.8232756654187461	0.89	0.5589661691118687	0.5136867469191266	100.0	1052.0	745.0	307.0	372.0	0.0				
apex-abaumannii	apex	regressor	strain_ecoli25922	minustrain	1388.0	19	0.97	0.27238927165370996	0.5825771324863884	0.8746594005449592	0.15081967213114755	0.43673469387755104	0.8491803278688524	0.6527311252369801	0.8202591929088358	0.89	0.5565494532584389	0.5117888987706459	100.0	1040.0	735.0	305.0	367.0	0.0				
apex-paeruginosa	apex	regressor	strain_ecoli25922	battleamp	1388.0	19	0.97	0.10160887308833626	0.057291666666666664	1.0	0.0	0.029490616621983913	1.0	0.5482504983845466	0.7105813233698726	0.79	0.528189932451256	0.5173675485421885	100.0	1136.0	746.0	390.0	22.0	0.0				
apex-paeruginosa	apex	regressor	strain_ecoli25922	minustrain	1388.0	19	0.97	0.09783616816739495	0.052980132450331126	1.0	0.0	0.027210884353741496	1.0	0.5466407181429273	0.7069180966960196	0.79	0.5272422588134549	0.5162642583842841	100.0	1123.0	735.0	388.0	20.0	0.0				
mbc-attention	mbc-attention	regressor	strain_ecoli25922	battleamp	3929.0	560	28.54	0.5717246398197532	0.9208386820710313	0.8834154351395731	0.47333333333333333	0.9615728328865059	0.5266666666666666	0.8441912421805183	0.9453811534251219	1.0	0.6440901180565355	0.5651477524650359	100.0	1419.0	1119.0	300.0	1218.0	0.0				
mbc-attention	mbc-attention	regressor	strain_ecoli25922	minustrain	3929.0	560	28.54	0.3825726009695516	0.8844415752098128	0.8303030303030303	0.6481481481481481	0.9461325966850829	0.35185185185185186	0.7608898608553305	0.9040508614788584	0.96	0.5840737509827362	0.5352375752303569	100.0	940.0	724.0	216.0	825.0	0.0				
sensexamp-classifier	sensexamp	classifier	strain_ecoli25922	battleamp	20587.0	446	22.73	0.16163948900072106	0.8465149873600578	0.7394321766561515	0.9322799097065463	0.9898648648648649	0.06772009029345373	0.7032956347995851	0.8501784523800353	0.93	0.5560595272116599	0.5136192063974316	100.0	1627.0	1184.0	443.0	1585.0	0.0				
sensexamp-classifier	sensexamp	classifier	strain_ecoli25922	minustrain	20587.0	446	22.73	0.15551511818297448	0.8512241054613936	0.7464905037159373	0.9359756097560976	0.9901423877327492	0.06402439024390244	0.7023882670371063	0.8559770352664925	0.94	0.5612494323190768	0.5161002565790243	100.0	1241.0	913.0	328.0	1211.0	0.0				
sensexamp-ecoli	sensexamp	regressor	strain_ecoli25922	battleamp	20587.0	446	22.73	0.4753708652448752	0.8913461538461539	0.8753541076487252	0.45674740484429066	0.9079333986287953	0.5432525951557093	0.8072349179344492	0.9311178010957001	0.98	0.6506347935389243	0.53024359467169	100.0	1310.0	1021.0	289.0	1059.0	0.0				
sensexamp-ecoli	sensexamp	regressor	strain_ecoli25922	minustrain	20587.0	446	22.73	0.4058313751139122	0.8823529411764706	0.8650306748466258	0.5188679245283019	0.9003831417624522	0.4811320754716981	0.7841996192679341	0.9236502213230828	0.96	0.6254316844667152	0.5223472721568274	100.0	995.0	783.0	212.0	815.0	0.0				
sensexamp-saureus	sensexamp	regressor	strain_ecoli25922	battleamp	20587.0	446	22.73	0.4649012032229638	0.8195179306290418	0.8935897435897436	0.24702380952380953	0.756786102062975	0.7529761904761905	0.7682449201178843	0.8898484807507336	0.95	0.5739518448673258	0.5282757825111286	100.0	1257.0	921.0	336.0	780.0	0.0				
sensexamp-saureus	sensexamp	regressor	strain_ecoli25922	minustrain	20587.0	446	22.73	0.4252340745338954	0.8135072908672295	0.8877721943048577	0.2791666666666667	0.7507082152974505	0.7208333333333333	0.7486189801699717	0.8828866594687941	0.92	0.5553153421798122	0.5214505008517564	100.0	946.0	706.0	240.0	597.0	0.0				
ampredictor	ampredictor	regressor	strain_ecoli25922	battleamp	2952.0	417	21.25	0.5620178190583529	0.9367507234394378	0.8977812995245642	0.5397489539748954	0.9792566983578219	0.4602510460251046	0.7991812615948765	0.9379782190962755	0.99	0.5768411383691887	0.531602748902165	100.0	1396.0	1157.0	239.0	1262.0	0.0				
ampredictor	ampredictor	regressor	strain_ecoli25922	minustrain	2952.0	417	21.25	0.38846203139880825	0.920042643923241	0.8725985844287159	0.7039106145251397	0.9729425028184893	0.29608938547486036	0.7338716280475901	0.9199792115842732	0.97	0.5520483232101971	0.5273679653961898	100.0	1066.0	887.0	179.0	989.0	0.0				
deep-amp-lstm-gramneg	deep-amp	regressor	strain_ecoli25922	battleamp	12593.0	601	30.63	0.25942425853487405	0.8259274357929066	0.7963836477987422	0.6196172248803827	0.8577476714648603	0.3803827751196172	0.6453374603470419	0.7999441990292049	0.81	0.5125519457216385	0.49776431595034837	100.0	1599.0	1181.0	418.0	1272.0	0.0				
deep-amp-lstm-gramneg	deep-amp	regressor	strain_ecoli25922	minustrain	12593.0	601	30.63	0.2614509352263867	0.8347725964306275	0.8019911504424779	0.6347517730496454	0.8703481392557023	0.36524822695035464	0.6403752990557925	0.7982079589332827	0.8	0.5058404100722036	0.49748743718592964	100.0	1115.0	833.0	282.0	904.0	0.0				
deep-amp-lstm-grampos	deep-amp	regressor	strain_ecoli25922	battleamp	12593.0	601	30.63	0.37908038809952	0.8451986754966887	0.8396381578947368	0.4767726161369193	0.8508333333333333	0.5232273838630807	0.7283333333333333	0.8621562470822038	0.9	0.5374919572770557	0.5085410753850753	100.0	1609.0	1200.0	409.0	1216.0	0.0				
deep-amp-lstm-grampos	deep-amp	regressor	strain_ecoli25922	minustrain	12593.0	601	30.63	0.30247846108248144	0.8371014492753623	0.8279816513761468	0.5514705882352942	0.8464243845252052	0.4485294117647059	0.7038350803392869	0.860490162916179	0.9	0.5391288804038923	0.5056137178548421	100.0	1125.0	853.0	272.0	872.0	0.0				
deep-amp-cnn-gramneg	deep-amp	regressor	strain_ecoli25922	battleamp	12593.0	601	30.63	0.3762397736405385	0.8874950999607997	0.8341930729550479	0.6578947368421053	0.948073701842546	0.34210526315789475	0.7339915954039202	0.8799478779393585	0.91	0.5491796728590114	0.49891000941014296	100.0	1536.0	1194.0	342.0	1357.0	0.0				
deep-amp-cnn-gramneg	deep-amp	regressor	strain_ecoli25922	minustrain	12593.0	601	30.63	0.3616198992237805	0.8926430517711171	0.8348623853211009	0.6982758620689655	0.9590163934426229	0.3017241379310345	0.7145481708794315	0.8743715491033527	0.91	0.5390964692681393	0.4978120839195574	100.0	1086.0	854.0	232.0	981.0	0.0				
deep-amp-cnn-grampos	deep-amp	regressor	strain_ecoli25922	battleamp	12593.0	601	30.63	0.21773083928079787	0.8733135899967095	0.7903513996426444	0.8627450980392157	0.975735294117647	0.13725490196078433	0.5905763408304499	0.7957476782326467	0.74	0.49683573119650337	0.4987154631287928	100.0	1768.0	1360.0	408.0	1679.0	0.0				
deep-amp-cnn-grampos	deep-amp	regressor	strain_ecoli25922	minustrain	12593.0	601	30.63	0.1801854993540493	0.8669165885660731	0.7832345469940728	0.8767123287671232	0.9706190975865687	0.1232876712328767	0.5599836133910219	0.7687883608599397	0.67	0.48892088203230266	0.4983614474505662	100.0	1245.0	953.0	292.0	1181.0	0.0				
example-model	example-model	classifier	strain_saureus25923	battleamp		0	0.0	0.011370345348840644	0.5929380413057961	0.6920684292379471	0.5063938618925832	0.5186480186480187	0.4936061381074169	0.4957597815654081	0.6926369716144131	0.7	0.503111193109847	0.5038759815328079	100.0	1249.0	858.0	391.0	643.0	0.0				
example-model	example-model	classifier	strain_saureus25923	minustrain		0	0.0	0.011370345348840644	0.5929380413057961	0.6920684292379471	0.5063938618925832	0.5186480186480187	0.4936061381074169	0.4957597815654081	0.6926369716144131	0.7	0.503111193109847	0.5038759815328079	100.0	1249.0	858.0	391.0	643.0	0.0				
ampeppy	ampeppy	classifier	strain_saureus25923	battleamp	6536.0	112	8.97	0.21943178076852307	0.8218362282878412	0.7156439066551427	0.8414322250639387	0.965034965034965	0.1585677749360614	0.6216279457967437	0.7443074867960375	0.68	0.5019282776719848	0.5007984032743379	100.0	1249.0	858.0	391.0	1157.0	0.0				
ampeppy	ampeppy	classifier	strain_saureus25923	minustrain	6536.0	112	8.97	0.23075700294800114	0.8237861429350791	0.7183634633682208	0.8338028169014085	0.9654731457800512	0.16619718309859155	0.6424876625481791	0.7698167772390404	0.79	0.5171378249304686	0.5072531346621801	100.0	1137.0	782.0	355.0	1051.0	0.0				
amplify	amplify	classifier	strain_saureus25923	battleamp	6676.0	137	10.97	0.20776967126341264	0.8232421875	0.7084033613445379	0.887468030690537	0.9825174825174825	0.11253196930946291	0.6539892332731208	0.7643370371580401	0.76	0.5089128128568161	0.5020170873863892	100.0	1249.0	858.0	391.0	1190.0	0.0				
amplify	amplify	classifier	strain_saureus25923	minustrain	6676.0	137	10.97	0.21988823364400492	0.8272078990674712	0.715370018975332	0.8746355685131195	0.9804941482444733	0.12536443148688048	0.6836545132636	0.7948103015308019	0.81	0.5210944747287928	0.5041458948665158	100.0	1112.0	769.0	343.0	1054.0	0.0				
ampscanner	ampscanner	classifier	strain_saureus25923	battleamp	2132.0	64	5.12	0.1914935819147121	0.8011627906976744	0.6828543111992071	0.8695652173913043	0.9690576652601969	0.13043478260869565	0.6850577875619153	0.781386073888161	0.81	0.5405019993659014	0.5038670250650861	100.0	1079.0	711.0	368.0	1009.0	0.0				
ampscanner	ampscanner	classifier	strain_saureus25923	minustrain	2132.0	64	5.12	0.19109473151098164	0.8022249690976514	0.6853220696937699	0.8662790697674418	0.9672131147540983	0.13372093023255813	0.692547135479846	0.7899979683054439	0.82	0.5462371776435625	0.5044146049006416	100.0	1015.0	671.0	344.0	947.0	0.0				
ampredmfa	ampredmfa	classifier	strain_saureus25923	battleamp	11320.0	191	15.29	0.0726870212173667	0.8155893536121673	0.6886035313001605	0.9923273657289002	1.0	0.0076726342710997444	0.5983179224867204	0.731486920557457	0.66	0.49859148948217774	0.49986551909628835	100.0	1249.0	858.0	391.0	1246.0	0.0				
ampredmfa	ampredmfa	classifier	strain_saureus25923	minustrain	11320.0	191	15.29	0.07816878427785172	0.8126055149127743	0.6843601895734597	0.9910714285714286	1.0	0.008928571428571428	0.5767296530800685	0.7145784914406975	0.7	0.4962023054240014	0.49963740604550766	100.0	1058.0	722.0	336.0	1055.0	0.0				
hydramp-amp-classifier	hydramp-amp-classifier	classifier	strain_saureus25923	battleamp	11131.0	186	14.89	0.1873899945434743	0.8390022675736961	0.7392607392607392	0.8729096989966555	0.9698558322411533	0.12709030100334448	0.74816009678395	0.865161252867299	0.92	0.5766419669805978	0.5028444734884793	100.0	1062.0	763.0	299.0	1001.0	0.0				
hydramp-amp-classifier	hydramp-amp-classifier	classifier	strain_saureus25923	minustrain	11131.0	186	14.89	0.2060341371525121	0.8363384188626907	0.7371638141809291	0.8531746031746031	0.9663461538461539	0.14682539682539683	0.7612847222222221	0.8711153008872445	0.93	0.5954610082899556	0.5012636953591727	100.0	876.0	624.0	252.0	818.0	0.0				
hydramp-mic-classifier	hydramp-mic-classifier	classifier	strain_saureus25923	battleamp	3444.0	371	29.7	0.384489953856866	0.8446115288220551	0.8091236494597839	0.5317725752508361	0.8833551769331586	0.4682274247491639	0.751517728382507	0.8490662373825937	0.85	0.5458201131683802	0.5014280297898228	100.0	1062.0	763.0	299.0	833.0	0.0				
hydramp-mic-classifier	hydramp-mic-classifier	classifier	strain_saureus25923	minustrain	3444.0	371	29.7	0.31455143589620704	0.817560975609756	0.7645985401459854	0.602803738317757	0.8784067085953878	0.397196261682243	0.7264542800603461	0.8121945315689562	0.86	0.5322977991030595	0.4986098422518754	100.0	691.0	477.0	214.0	548.0	0.0				
apex-min	apex	regressor	strain_saureus25923	battleamp	1388.0	20	1.6	0.3513103003507057	0.8240963855421687	0.8181818181818182	0.4830508474576271	0.8300970873786407	0.5169491525423728	0.7492869288574406	0.8764404503643335	0.95	0.587313684903389	0.5182979788416053	100.0	854.0	618.0	236.0	627.0	0.0				
apex-min	apex	regressor	strain_saureus25923	minustrain	1388.0	20	1.6	0.3478578288781001	0.8235294117647058	0.8195121951219512	0.4826086956521739	0.8275862068965517	0.5173913043478261	0.7493253373313343	0.8795866841357625	0.94	0.589979446367042	0.5236050316550268	100.0	839.0	609.0	230.0	615.0	0.0				
apex-ecoli	apex	regressor	strain_saureus25923	battleamp	1388.0	20	1.6	0.3709302216104645	0.5543071161048689	0.9192546583850931	0.05752212389380531	0.3967828418230563	0.9424778761061947	0.7171700396213433	0.8290654375700925	0.97	0.6557700688409914	0.5665890247460225	100.0	599.0	373.0	226.0	161.0	0.0				
apex-ecoli	apex	regressor	strain_saureus25923	minustrain	1388.0	20	1.6	0.3660778206042037	0.5454545454545454	0.9215686274509803	0.0547945205479452	0.3873626373626374	0.9452054794520548	0.7119273420643284	0.8262740588273983	0.97	0.6545103538614714	0.5623281745674532	100.0	583.0	364.0	219.0	153.0	0.0				
apex-saureus	apex	regressor	strain_saureus25923	battleamp	1388.0	20	1.6	0.18199776965975498	0.15026833631484796	1.0	0.0	0.08123791102514506	1.0	0.6370557024470747	0.7480558047926721	0.84	0.5601068577429057	0.5435151969335673	100.0	844.0	517.0	327.0	42.0	0.0				
apex-saureus	apex	regressor	strain_saureus25923	minustrain	1388.0	20	1.6	0.1710574466981082	0.13553113553113552	1.0	0.0	0.07269155206286837	1.0	0.6315997578183885	0.7447810942065107	0.83	0.5566138536466086	0.5390887292848073	100.0	827.0	509.0	318.0	37.0	0.0				
apex-kpneumoniae	apex	regressor	strain_saureus25923	battleamp	1388.0	20	1.6	0.09435606220367215	0.04835924006908463	1.0	0.0	0.024778761061946902	1.0	0.5607469141106052	0.6868547537059377	0.67	0.503773610501897	0.5111422162218717	100.0	874.0	565.0	309.0	14.0	0.0				
apex-kpneumoniae	apex	regressor	strain_saureus25923	minustrain	1388.0	20	1.6	0.08716176423682764	0.04195804195804196	1.0	0.0	0.02142857142857143	1.0	0.5559326056003797	0.6846712068706444	0.66	0.5014956410960957	0.509454009487399	100.0	861.0	560.0	301.0	12.0	0.0				
apex-abaumannii	apex	regressor	strain_saureus25923	battleamp	1388.0	20	1.6	0.35791339032863595	0.6442166910688141	0.8695652173913043	0.14537444933920704	0.5116279069767442	0.8546255506607929	0.7283065259706998	0.8277092669711105	0.89	0.5785645344793189	0.5194958503201388	100.0	657.0	430.0	227.0	253.0	0.0				
apex-abaumannii	apex	regressor	strain_saureus25923	minustrain	1388.0	20	1.6	0.35221462187724256	0.6396396396396397	0.8693877551020408	0.14545454545454545	0.505938242280285	0.8545454545454545	0.7239257179874756	0.8251094212696345	0.89	0.5773335303276546	0.5149576428894636	100.0	641.0	421.0	220.0	245.0	0.0				
apex-paeruginosa	apex	regressor	strain_saureus25923	battleamp	1388.0	20	1.6	0.10112087423226056	0.0761904761904762	0.8888888888888888	0.007017543859649123	0.03980099502487562	0.9929824561403509	0.5980885048442	0.685945641861857	0.78	0.5453021136239394	0.515338760661999	100.0	687.0	402.0	285.0	18.0	0.0				
apex-paeruginosa	apex	regressor	strain_saureus25923	minustrain	1388.0	20	1.6	0.08601482980142013	0.06356968215158924	0.8666666666666667	0.007194244604316547	0.03299492385786802	0.9928057553956835	0.5911514443267721	0.678884413595388	0.78	0.541571124612466	0.5116270833038948	100.0	672.0	394.0	278.0	15.0	0.0				
mbc-attention	mbc-attention	regressor	strain_saureus25923	battleamp	3929.0	367	29.38	0.4703872277519513	0.8782234957020058	0.8119205298013245	0.5843621399176955	0.9563182527301092	0.4156378600823045	0.7176030251086587	0.8370486012616292	0.84	0.5283657999991215	0.5129406268129874	100.0	884.0	641.0	243.0	755.0	0.0				
mbc-attention	mbc-attention	regressor	strain_saureus25923	minustrain	3929.0	367	29.38	0.32720121676824715	0.8821218074656189	0.8148820326678766	0.7391304347826086	0.961456102783726	0.2608695652173913	0.6264314309654595	0.8183841894801364	0.79	0.5022679125894057	0.5099165254943682	100.0	605.0	467.0	138.0	551.0	0.0				
sensexamp-classifier	sensexamp	classifier	strain_saureus25923	battleamp	20587.0	340	27.22	0.20957380335130135	0.8446927374301676	0.7346938775510204	0.9161073825503355	0.9934296977660972	0.08389261744966443	0.6489871151522634	0.804734048992392	0.84	0.5270125060864068	0.5104370329010582	100.0	1059.0	761.0	298.0	1029.0	0.0				
sensexamp-classifier	sensexamp	classifier	strain_saureus25923	minustrain	20587.0	340	27.22	0.15942704174789674	0.8384615384615385	0.7266666666666667	0.9360730593607306	0.990909090909091	0.0639269406392694	0.6498879202988792	0.8148224065534941	0.87	0.5428939721657818	0.515956703400773	100.0	769.0	550.0	219.0	750.0	0.0				
sensexamp-ecoli	sensexamp	regressor	strain_saureus25923	battleamp	20587.0	340	27.22	0.362124636285281	0.8667141838916608	0.8205128205128205	0.6129032258064516	0.918429003021148	0.3870967741935484	0.7019505199994431	0.8570455424493596	0.89	0.5394892552500049	0.5205642424046107	100.0	879.0	662.0	217.0	741.0	0.0				
sensexamp-ecoli	sensexamp	regressor	strain_saureus25923	minustrain	20587.0	340	27.22	0.35058402418354806	0.8669856459330143	0.8191681735985533	0.6289308176100629	0.9207317073170732	0.3710691823899371	0.7028685381193435	0.8511398119337432	0.83	0.5256443378733688	0.515081929050067	100.0	651.0	492.0	159.0	553.0	0.0				
sensexamp-saureus	sensexamp	regressor	strain_saureus25923	battleamp	20587.0	340	27.22	0.5620505845246283	0.8656971770744226	0.9068100358422939	0.2311111111111111	0.8281505728314239	0.7688888888888888	0.8125768321513003	0.9024115297672013	0.9	0.5728409950134474	0.5302023849014119	100.0	836.0	611.0	225.0	558.0	0.0				
sensexamp-saureus	sensexamp	regressor	strain_saureus25923	minustrain	20587.0	340	27.22	0.49211841973561177	0.8463356973995272	0.8883374689826302	0.2830188679245283	0.8081264108352144	0.7169811320754716	0.775217570311058	0.8787707344384292	0.85	0.5315335914213747	0.521401319244404	100.0	602.0	443.0	159.0	403.0	0.0				
ampredictor	ampredictor	regressor	strain_saureus25923	battleamp	2952.0	352	28.18	0.3232413475270828	0.8804861580013504	0.800982800982801	0.7864077669902912	0.9775112443778111	0.21359223300970873	0.5942999374099358	0.7835726287221323	0.75	0.49464460411592875	0.49865044059908864	100.0	873.0	667.0	206.0	814.0	0.0				
ampredictor	ampredictor	regressor	strain_saureus25923	minustrain	2952.0	352	28.18	0.22840803771270934	0.8601941747572815	0.7704347826086957	0.8516129032258064	0.9736263736263736	0.14838709677419354	0.5498617511520738	0.7426959252802184	0.69	0.49043825444504563	0.4978793292944695	100.0	610.0	455.0	155.0	575.0	0.0				
deep-amp-lstm-gramneg	deep-amp	regressor	strain_saureus25923	battleamp	12593.0	485	38.83	0.4300538458180967	0.8529230769230769	0.7974683544303798	0.544891640866873	0.9166666666666666	0.4551083591331269	0.717467688829918	0.8271684172191712	0.87	0.5477707857535135	0.5044966177719729	100.0	1079.0	756.0	323.0	869.0	0.0				
deep-amp-lstm-gramneg	deep-amp	regressor	strain_saureus25923	minustrain	12593.0	485	38.83	0.3032864405508813	0.8041884816753927	0.7470817120622568	0.6046511627906976	0.8707482993197279	0.3953488372093023	0.6640194062120972	0.7700281746441842	0.8	0.5276396972497689	0.5022043720686435	100.0	656.0	441.0	215.0	514.0	0.0				
deep-amp-lstm-grampos	deep-amp	regressor	strain_saureus25923	battleamp	12593.0	485	38.83	0.29210930902121834	0.803788903924222	0.7774869109947644	0.5555555555555556	0.8319327731092437	0.4444444444444444	0.685725270500357	0.8053243326127444	0.81	0.5251488968480409	0.5020230314347961	100.0	1020.0	714.0	306.0	764.0	0.0				
deep-amp-lstm-grampos	deep-amp	regressor	strain_saureus25923	minustrain	12593.0	485	38.83	0.2768685740811722	0.8017148981779206	0.7555555555555555	0.605	0.8538812785388128	0.395	0.6647374429223744	0.7685195401089546	0.79	0.5084715212689257	0.4986347261421262	100.0	638.0	438.0	200.0	495.0	0.0				
deep-amp-cnn-gramneg	deep-amp	regressor	strain_saureus25923	battleamp	12593.0	485	38.83	0.44511892148329	0.8963051251489869	0.8374164810690423	0.6293103448275862	0.9641025641025641	0.3706896551724138	0.8151912024756851	0.9260316427140705	0.98	0.6122202056866304	0.5398300076865317	100.0	1012.0	780.0	232.0	898.0	0.0				
deep-amp-cnn-gramneg	deep-amp	regressor	strain_saureus25923	minustrain	12593.0	485	38.83	0.35751275046867265	0.8697394789579158	0.8066914498141264	0.6709677419354839	0.9434782608695652	0.32903225806451614	0.773772791023843	0.9004472533969796	0.94	0.5971801874953864	0.5368849859395153	100.0	615.0	460.0	155.0	538.0	0.0				
deep-amp-cnn-grampos	deep-amp	regressor	strain_saureus25923	battleamp	12593.0	485	38.83	0.20895403815184846	0.8379828326180258	0.7360980207351555	0.8641975308641975	0.9726027397260274	0.13580246913580246	0.5860084866934182	0.7497258518001493	0.74	0.5038788105358641	0.5013117337065847	100.0	1127.0	803.0	324.0	1061.0	0.0				
deep-amp-cnn-grampos	deep-amp	regressor	strain_saureus25923	minustrain	12593.0	485	38.83	0.1908829408286098	0.820017559262511	0.7140672782874617	0.8577981651376146	0.9628865979381444	0.14220183486238533	0.526539298212428	0.6742449539299551	0.59	0.4842573187911612	0.498865746494698	100.0	703.0	485.0	218.0	654.0	0.0				
example-model	example-model	classifier	strain_kpneumoniae700603	battleamp		0	0.0	-0.07447549719415689	0.5552699228791774	0.6171428571428571	0.5826086956521739	0.5046728971962616	0.41739130434782606	0.43053636733035344	0.6248774523609935	0.61	0.5002031694433157	0.5095346705081686	100.0	329.0	214.0	115.0	175.0	0.0				
example-model	example-model	classifier	strain_kpneumoniae700603	minustrain		0	0.0	-0.07447549719415689	0.5552699228791774	0.6171428571428571	0.5826086956521739	0.5046728971962616	0.41739130434782606	0.43053636733035344	0.6248774523609935	0.61	0.5002031694433157	0.5095346705081686	100.0	329.0	214.0	115.0	175.0	0.0				
ampeppy	ampeppy	classifier	strain_kpneumoniae700603	battleamp	6536.0	12	3.65	-0.01852195034693743	0.75049115913556	0.6474576271186441	0.9043478260869565	0.8925233644859814	0.09565217391304348	0.5575985371800081	0.6641603270055414	0.67	0.4891892469898843	0.49748743718592964	100.0	329.0	214.0	115.0	295.0	0.0				
ampeppy	ampeppy	classifier	strain_kpneumoniae700603	minustrain	6536.0	12	3.65	-0.017743314939898083	0.7595959595959596	0.6596491228070176	0.9065420560747663	0.8952380952380953	0.09345794392523364	0.5780151312861593	0.7027512567646228	0.7	0.5103178507015201	0.49748743718592964	100.0	317.0	210.0	107.0	285.0	0.0				
amplify	amplify	classifier	strain_kpneumoniae700603	battleamp	6676.0	24	7.29	-0.006614604972262156	0.775894538606403	0.6498422712933754	0.9652173913043478	0.9626168224299065	0.034782608695652174	0.6284030881755384	0.7547785813428833	0.78	0.5276845099339165	0.5162729535528108	100.0	329.0	214.0	115.0	317.0	0.0				
amplify	amplify	classifier	strain_kpneumoniae700603	minustrain	6676.0	24	7.29	0.0066488427117339976	0.7984031936127745	0.6825938566552902	0.9587628865979382	0.9615384615384616	0.041237113402061855	0.6746134020618557	0.8209918808353922	0.86	0.557577528277474	0.5385581754928489	100.0	305.0	208.0	97.0	293.0	0.0				
ampscanner	ampscanner	classifier	strain_kpneumoniae700603	battleamp	2132.0	7	2.13	0.026235050734125746	0.8139059304703476	0.6933797909407665	0.9777777777777777	0.9851485148514851	0.022222222222222223	0.659103410341034	0.8195019127360592	0.85	0.6028747611603266	0.5111075177869546	100.0	292.0	202.0	90.0	287.0	0.0				
ampscanner	ampscanner	classifier	strain_kpneumoniae700603	minustrain	2132.0	7	2.13	0.029722102236291053	0.8208333333333333	0.7035714285714286	0.9764705882352941	0.985	0.023529411764705882	0.6629117647058823	0.8270945371789431	0.86	0.5999226006191951	0.5104794807370184	100.0	285.0	200.0	85.0	280.0	0.0				
ampredmfa	ampredmfa	classifier	strain_kpneumoniae700603	battleamp	11320.0	53	16.11	0.0	0.7882136279926335	0.6504559270516718	1.0	1.0	0.0	0.5555262088581878	0.6973018027332797	0.73	0.5185686178061978	0.5017728831071244	100.0	329.0	214.0	115.0	329.0	0.0				
ampredmfa	ampredmfa	classifier	strain_kpneumoniae700603	minustrain	11320.0	53	16.11	0.0	0.7894736842105263	0.6521739130434783	1.0	1.0	0.0	0.5053819444444444	0.6664002646396389	0.71	0.5097744360902255	0.5009332376166546	100.0	276.0	180.0	96.0	276.0	0.0				
hydramp-amp-classifier	hydramp-amp-classifier	classifier	strain_kpneumoniae700603	battleamp	11131.0	31	9.42	0.10611101840204587	0.7814569536423841	0.6579925650557621	0.9108910891089109	0.9619565217391305	0.0891089108910891	0.6417348256564788	0.742002489942553	0.73	0.523585653759884	0.5098448819647095	100.0	285.0	184.0	101.0	269.0	0.0				
hydramp-amp-classifier	hydramp-amp-classifier	classifier	strain_kpneumoniae700603	minustrain	11131.0	31	9.42	0.13290439333608542	0.8048780487804879	0.6932773109243697	0.8902439024390244	0.9593023255813954	0.10975609756097561	0.6541761202495745	0.7703232763233672	0.76	0.5195539899095442	0.5093198550894005	100.0	254.0	172.0	82.0	238.0	0.0				
hydramp-mic-classifier	hydramp-mic-classifier	classifier	strain_kpneumoniae700603	battleamp	3444.0	53	16.11	0.4425356930585894	0.8205128205128205	0.7766990291262136	0.45544554455445546	0.8695652173913043	0.5445544554455446	0.7926442100731813	0.8701518849514635	0.9	0.6354815687518409	0.5172266844337918	100.0	285.0	184.0	101.0	206.0	0.0				
hydramp-mic-classifier	hydramp-mic-classifier	classifier	strain_kpneumoniae700603	minustrain	3444.0	53	16.11	0.32035514136836735	0.8141592920353983	0.7752808988764045	0.5633802816901409	0.8571428571428571	0.43661971830985913	0.7417986177937188	0.8598784436686225	0.88	0.6069322111156642	0.5037298292705765	100.0	232.0	161.0	71.0	178.0	0.0				
apex-min	apex	regressor	strain_kpneumoniae700603	battleamp	1388.0	1	0.3	0.21861111111111112	0.7986111111111112	0.7986111111111112	0.58	0.7986111111111112	0.42	0.6515277777777778	0.8027833209501603	0.82	0.5021929824561403	0.49748743718592964	100.0	194.0	144.0	50.0	144.0	0.0				
apex-min	apex	regressor	strain_kpneumoniae700603	minustrain	1388.0	1	0.3	0.2256842311358332	0.8013937282229965	0.8041958041958042	0.5714285714285714	0.7986111111111112	0.42857142857142855	0.6624149659863946	0.8126258157204866	0.83	0.5015813342881013	0.49748743718592964	100.0	193.0	144.0	49.0	143.0	0.0				
apex-ecoli	apex	regressor	strain_kpneumoniae700603	battleamp	1388.0	1	0.3	0.20759307377886393	0.43859649122807015	0.8064516129032258	0.12	0.30120481927710846	0.88	0.5583132530120481	0.6850114790606948	0.65	0.5142675967025999	0.5035418054126052	100.0	133.0	83.0	50.0	31.0	0.0				
apex-ecoli	apex	regressor	strain_kpneumoniae700603	minustrain	1388.0	1	0.3	0.22960810772700618	0.4424778761061947	0.8333333333333334	0.10204081632653061	0.30120481927710846	0.8979591836734694	0.5657732972707156	0.6946521513764679	0.66	0.5132840707621033	0.5035418054126052	100.0	132.0	83.0	49.0	30.0	0.0				
apex-saureus	apex	regressor	strain_kpneumoniae700603	battleamp	1388.0	1	0.3	-0.14271933959535857	0.052980132450331126	0.3333333333333333	0.09523809523809523	0.02877697841726619	0.9047619047619048	0.4325967797190819	0.5551443029238691	0.56	0.4784623429076288	0.49748743718592964	100.0	223.0	139.0	84.0	12.0	0.0				
apex-saureus	apex	regressor	strain_kpneumoniae700603	minustrain	1388.0	1	0.3	-0.14271933959535857	0.052980132450331126	0.3333333333333333	0.09523809523809523	0.02877697841726619	0.9047619047619048	0.4325967797190819	0.5551443029238691	0.56	0.4784623429076288	0.49748743718592964	100.0	223.0	139.0	84.0	12.0	0.0				
apex-kpneumoniae	apex	regressor	strain_kpneumoniae700603	battleamp	1388.0	1	0.3	-0.017521013709331294	0.037037037037037035	0.6	0.024390243902439025	0.01910828025477707	0.975609756097561	0.43941276992387757	0.6077953876546867	0.59	0.4860305961423677	0.49748743718592964	100.0	239.0	157.0	82.0	5.0	0.0				
apex-kpneumoniae	apex	regressor	strain_kpneumoniae700603	minustrain	1388.0	1	0.3	-0.017521013709331294	0.037037037037037035	0.6	0.024390243902439025	0.01910828025477707	0.975609756097561	0.43941276992387757	0.6077953876546867	0.59	0.4860305961423677	0.49748743718592964	100.0	239.0	157.0	82.0	5.0	0.0				
apex-abaumannii	apex	regressor	strain_kpneumoniae700603	battleamp	1388.0	1	0.3	0.3157522277000882	0.6595744680851063	0.8493150684931506	0.2037037037037037	0.5391304347826087	0.7962962962962963	0.6502415458937199	0.8030029236108218	0.72	0.5525044495296212	0.5237054839414463	100.0	169.0	115.0	54.0	73.0	0.0				
apex-abaumannii	apex	regressor	strain_kpneumoniae700603	minustrain	1388.0	1	0.3	0.3290883655048248	0.6631016042780749	0.8611111111111112	0.18867924528301888	0.5391304347826087	0.8113207547169812	0.6552912223133717	0.8080122801018279	0.72	0.5514010621303053	0.5237054839414463	100.0	168.0	115.0	53.0	72.0	0.0				
apex-paeruginosa	apex	regressor	strain_kpneumoniae700603	battleamp	1388.0	1	0.3	0.16095714791934423	0.11382113821138211	1.0	0.0	0.0603448275862069	1.0	0.5152439024390244	0.64246272522082	0.57	0.5415209596742065	0.5364754808525386	100.0	198.0	116.0	82.0	7.0	0.0				
apex-paeruginosa	apex	regressor	strain_kpneumoniae700603	minustrain	1388.0	1	0.3	0.16095714791934423	0.11382113821138211	1.0	0.0	0.0603448275862069	1.0	0.5152439024390244	0.64246272522082	0.57	0.5415209596742065	0.5364754808525386	100.0	198.0	116.0	82.0	7.0	0.0				
mbc-attention	mbc-attention	regressor	strain_kpneumoniae700603	battleamp	3929.0	117	35.56	0.5361469679298076	0.8988235294117647	0.8197424892703863	0.6268656716417911	0.9947916666666666	0.373134328358209	0.8280472636815921	0.9333878633150094	0.95	0.7065658549358471	0.6859296482412061	100.0	259.0	192.0	67.0	233.0	0.0				
mbc-attention	mbc-attention	regressor	strain_kpneumoniae700603	minustrain	3929.0	117	35.56	0.443833964568535	0.8560311284046692	0.7534246575342466	0.7058823529411765	0.990990990990991	0.29411764705882354	0.7643525878819997	0.8693924765000727	0.83	0.6061696371293894	0.5789759608855086	100.0	162.0	111.0	51.0	146.0	0.0				
sensexamp-classifier	sensexamp	classifier	strain_kpneumoniae700603	battleamp	20587.0	51	15.5	0.12449161731665598	0.7887931034482759	0.6535714285714286	0.9603960396039604	0.9945652173913043	0.039603960396039604	0.617816401205338	0.7774093716776113	0.76	0.5916974420554184	0.5565970186706238	100.0	285.0	184.0	101.0	280.0	0.0				
sensexamp-classifier	sensexamp	classifier	strain_kpneumoniae700603	minustrain	20587.0	51	15.5	0.11984874925111245	0.8155339805825242	0.691358024691358	0.9615384615384616	0.9940828402366864	0.038461538461538464	0.6013503262023971	0.7919653487465976	0.76	0.5813270089196592	0.553982932413547	100.0	247.0	169.0	78.0	243.0	0.0				
sensexamp-ecoli	sensexamp	regressor	strain_kpneumoniae700603	battleamp	20587.0	51	15.5	0.20475367426014782	0.7976190476190477	0.7528089887640449	0.6666666666666666	0.8481012658227848	0.3333333333333333	0.7566168009205984	0.8877568895979566	0.87	0.6617406577433227	0.5292920297690986	100.0	224.0	158.0	66.0	178.0	0.0				
sensexamp-ecoli	sensexamp	regressor	strain_kpneumoniae700603	minustrain	20587.0	51	15.5	0.028026622747776744	0.8026315789473685	0.7577639751552795	0.8297872340425532	0.8531468531468531	0.1702127659574468	0.716262460943312	0.8885306955730949	0.86	0.6346095114292203	0.5220859542467583	100.0	190.0	143.0	47.0	161.0	0.0				
sensexamp-saureus	sensexamp	regressor	strain_kpneumoniae700603	battleamp	20587.0	51	15.5	0.24908368853146962	0.754325259515571	0.7898550724637681	0.4603174603174603	0.7218543046357616	0.5396825396825397	0.6572059287291075	0.8285551916689121	0.82	0.5598820450685211	0.560717494758561	100.0	214.0	151.0	63.0	138.0	0.0				
sensexamp-saureus	sensexamp	regressor	strain_kpneumoniae700603	minustrain	20587.0	51	15.5	0.11490167801929806	0.7509578544061303	0.7903225806451613	0.5909090909090909	0.7153284671532847	0.4090909090909091	0.5809555408095554	0.822208427603053	0.81	0.5257220689414313	0.5415031361185489	100.0	181.0	137.0	44.0	124.0	0.0				
ampredictor	ampredictor	regressor	strain_kpneumoniae700603	battleamp	2952.0	49	14.89	0.3951554290308467	0.8831168831168831	0.8018867924528302	0.7368421052631579	0.9826589595375722	0.2631578947368421	0.7326843119359092	0.8727288969314766	0.85	0.5560928484887302	0.5178203154500828	100.0	230.0	173.0	57.0	212.0	0.0				
ampredictor	ampredictor	regressor	strain_kpneumoniae700603	minustrain	2952.0	49	14.89	0.07553663551727616	0.877906976744186	0.7947368421052632	0.9512195121951219	0.9805194805194806	0.04878048780487805	0.628286347798543	0.8541039279568038	0.83	0.5181134654818865	0.5138027801344385	100.0	195.0	154.0	41.0	190.0	0.0				
deep-amp-lstm-gramneg	deep-amp	regressor	strain_kpneumoniae700603	battleamp	12593.0	69	20.97	0.2182912285083635	0.7795823665893271	0.6885245901639344	0.7307692307692307	0.8983957219251337	0.2692307692307692	0.5687474290415467	0.707279756398268	0.67	0.5312195544393686	0.5118537979903631	100.0	291.0	187.0	104.0	244.0	0.0				
deep-amp-lstm-gramneg	deep-amp	regressor	strain_kpneumoniae700603	minustrain	12593.0	69	20.97	0.15236267796526118	0.8032345013477089	0.7095238095238096	0.8243243243243243	0.9254658385093167	0.17567567567567569	0.5279503105590062	0.7307654769331385	0.69	0.53765141408162	0.5130934173975468	100.0	235.0	161.0	74.0	210.0	0.0				
deep-amp-lstm-grampos	deep-amp	regressor	strain_kpneumoniae700603	battleamp	12593.0	69	20.97	0.3390128031854225	0.7969924812030075	0.7464788732394366	0.5454545454545454	0.8548387096774194	0.45454545454545453	0.6896383186705768	0.7853962800231513	0.79	0.5381946230842666	0.5082941589668774	100.0	285.0	186.0	99.0	213.0	0.0				
deep-amp-lstm-grampos	deep-amp	regressor	strain_kpneumoniae700603	minustrain	12593.0	69	20.97	0.25630115932778047	0.8069164265129684	0.7650273224043715	0.6231884057971014	0.8536585365853658	0.37681159420289856	0.6394485683987275	0.7902031767134593	0.79	0.5251716247139588	0.5066797401642358	100.0	233.0	164.0	69.0	183.0	0.0				
deep-amp-cnn-gramneg	deep-amp	regressor	strain_kpneumoniae700603	battleamp	12593.0	69	20.97	0.30472383655289115	0.81	0.6982758620689655	0.7692307692307693	0.9642857142857143	0.23076923076923078	0.657182103610675	0.7190655735557687	0.77	0.4975763584786141	0.49748743718592964	100.0	259.0	168.0	91.0	232.0	0.0				
deep-amp-cnn-gramneg	deep-amp	regressor	strain_kpneumoniae700603	minustrain	12593.0	69	20.97	0.20386268189621026	0.8288288288288288	0.7263157894736842	0.8524590163934426	0.965034965034965	0.14754098360655737	0.5780121517826436	0.7177272025086823	0.77	0.4918455142786463	0.49748743718592964	100.0	204.0	143.0	61.0	190.0	0.0				
deep-amp-cnn-grampos	deep-amp	regressor	strain_kpneumoniae700603	battleamp	12593.0	69	20.97	0.1551926736306614	0.8114754098360656	0.6971830985915493	0.8958333333333334	0.9705882352941176	0.10416666666666667	0.5158292483660131	0.6604684183297257	0.65	0.4888953388372893	0.4999507340624692	100.0	300.0	204.0	96.0	284.0	0.0				
deep-amp-cnn-grampos	deep-amp	regressor	strain_kpneumoniae700603	minustrain	12593.0	69	20.97	0.1382084305111702	0.8275862068965517	0.717948717948718	0.9166666666666666	0.9767441860465116	0.08333333333333333	0.4381459948320413	0.6396356990039072	0.63	0.4806541547667619	0.49748743718592964	100.0	244.0	172.0	72.0	234.0	0.0				
example-model	example-model	classifier	strain_abaumannii19606	battleamp		0	0.0	0.011299600295388767	0.591792656587473	0.7405405405405405	0.48	0.49280575539568344	0.52	0.4835071942446043	0.7211998367681736	0.71	0.49460431654676257	0.49748743718592964	100.0	378.0	278.0	100.0	185.0	0.0				
example-model	example-model	classifier	strain_abaumannii19606	minustrain		0	0.0	0.011299600295388767	0.591792656587473	0.7405405405405405	0.48	0.49280575539568344	0.52	0.4835071942446043	0.7211998367681736	0.71	0.49460431654676257	0.49748743718592964	100.0	378.0	278.0	100.0	185.0	0.0				
ampeppy	ampeppy	classifier	strain_abaumannii19606	battleamp	6536.0	16	4.23	0.1596897933655957	0.8426073131955485	0.7549857549857549	0.86	0.9532374100719424	0.14	0.6943705035971224	0.8392011982021994	0.88	0.5323741007194245	0.5029102346263693	100.0	378.0	278.0	100.0	351.0	0.0				
ampeppy	ampeppy	classifier	strain_abaumannii19606	minustrain	6536.0	16	4.23	0.13687019165646247	0.8429752066115702	0.7566765578635015	0.8723404255319149	0.9514925373134329	0.1276595744680851	0.6966695776436965	0.859557088485263	0.86	0.5594675001253531	0.531238280957024	100.0	362.0	268.0	94.0	337.0	0.0				
amplify	amplify	classifier	strain_abaumannii19606	battleamp	6676.0	23	6.08	0.02823586067895996	0.8385093167701864	0.7377049180327869	0.96	0.9712230215827338	0.04	0.7210431654676259	0.8746561007896783	0.92	0.5887921241953805	0.5300242218285673	100.0	378.0	278.0	100.0	366.0	0.0				
amplify	amplify	classifier	strain_abaumannii19606	minustrain	6676.0	23	6.08	0.029057683424344154	0.8377483443708609	0.7376093294460642	0.9574468085106383	0.9693486590038314	0.0425531914893617	0.7195728376946278	0.8725053913988652	0.9	0.5847223831160194	0.528292805021275	100.0	355.0	261.0	94.0	343.0	0.0				
ampscanner	ampscanner	classifier	strain_abaumannii19606	battleamp	2132.0	9	2.38	0.20853564192078292	0.8884955752212389	0.8122977346278317	0.8787878787878788	0.98046875	0.12121212121212122	0.7582267992424243	0.9123488686212597	0.96	0.609722993563454	0.5110906092964824	100.0	322.0	256.0	66.0	309.0	0.0				
ampscanner	ampscanner	classifier	strain_abaumannii19606	minustrain	2132.0	9	2.38	0.21795793113158637	0.8929219600725953	0.82	0.8709677419354839	0.9800796812749004	0.12903225806451613	0.7563616501734995	0.9139274299134881	0.95	0.6036876022468458	0.5102724779274861	100.0	313.0	251.0	62.0	300.0	0.0				
ampredmfa	ampredmfa	classifier	strain_abaumannii19606	battleamp	11320.0	45	11.9	0.0858720286533385	0.8488549618320611	0.7374005305039788	0.99	1.0	0.01	0.5339028776978417	0.7573337950564781	0.81	0.5101963541948397	0.5009735212547837	100.0	378.0	278.0	100.0	377.0	0.0				
ampredmfa	ampredmfa	classifier	strain_abaumannii19606	minustrain	11320.0	45	11.9	0.08686756222637321	0.8350877192982457	0.7168674698795181	0.9894736842105263	1.0	0.010526315789473684	0.5087793011941619	0.7203863040972928	0.74	0.5036962153282366	0.5003529049810879	100.0	333.0	238.0	95.0	332.0	0.0				
hydramp-amp-classifier	hydramp-amp-classifier	classifier	strain_abaumannii19606	battleamp	11131.0	21	5.56	0.09514547536643907	0.8544061302681992	0.7663230240549829	0.918918918918919	0.9653679653679653	0.08108108108108109	0.6527144027144027	0.8335971695544653	0.82	0.5311312679733732	0.5020774870021101	100.0	305.0	231.0	74.0	291.0	0.0				
hydramp-amp-classifier	hydramp-amp-classifier	classifier	strain_abaumannii19606	minustrain	11131.0	21	5.56	0.10699801878643259	0.8512396694214877	0.7601476014760148	0.9154929577464789	0.9671361502347418	0.08450704225352113	0.6432916749322225	0.8247064342222558	0.82	0.5304833697017788	0.5023592139099252	100.0	284.0	213.0	71.0	271.0	0.0				
hydramp-mic-classifier	hydramp-mic-classifier	classifier	strain_abaumannii19606	battleamp	3444.0	54	14.29	0.2009226601703137	0.8235294117647058	0.8	0.6621621621621622	0.8484848484848485	0.33783783783783783	0.7173277173277173	0.8791606520912956	0.92	0.5759053653790496	0.5105397115447367	100.0	305.0	231.0	74.0	245.0	0.0				
hydramp-mic-classifier	hydramp-mic-classifier	classifier	strain_abaumannii19606	minustrain	3444.0	54	14.29	0.1621127200755593	0.8020833333333334	0.7777777777777778	0.676923076923077	0.8279569892473119	0.3230769230769231	0.6887510339123242	0.8467355319513942	0.88	0.5531322101780506	0.5001891176311666	100.0	251.0	186.0	65.0	198.0	0.0				
apex-min	apex	regressor	strain_abaumannii19606	battleamp	1388.0	3	0.79	0.24827129648874777	0.8023255813953488	0.8263473053892215	0.5178571428571429	0.7796610169491526	0.48214285714285715	0.686541565778854	0.8717187065088027	0.85	0.5769083726264814	0.5542685177298924	100.0	233.0	177.0	56.0	167.0	0.0				
apex-min	apex	regressor	strain_abaumannii19606	minustrain	1388.0	3	0.79	0.24596747752497689	0.8	0.8242424242424242	0.5178571428571429	0.7771428571428571	0.48214285714285715	0.683469387755102	0.868593851717303	0.85	0.5747583243823845	0.552045944005743	100.0	231.0	175.0	56.0	165.0	0.0				
apex-ecoli	apex	regressor	strain_abaumannii19606	battleamp	1388.0	3	0.79	0.14276152930547237	0.4025974025974026	0.8611111111111112	0.125	0.2627118644067797	0.875	0.6845338983050847	0.8573891641616298	0.85	0.5807314897413024	0.5400732475939017	100.0	158.0	118.0	40.0	36.0	0.0				
apex-ecoli	apex	regressor	strain_abaumannii19606	minustrain	1388.0	3	0.79	0.13307728267479998	0.39473684210526316	0.8571428571428571	0.1282051282051282	0.2564102564102564	0.8717948717948718	0.6874863028709182	0.8591081395265447	0.86	0.5776093751802254	0.5404372288794399	100.0	156.0	117.0	39.0	35.0	0.0				
apex-saureus	apex	regressor	strain_abaumannii19606	battleamp	1388.0	3	0.79	-0.039710635802043266	0.010471204188481676	0.5	0.01282051282051282	0.005291005291005291	0.9871794871794872	0.42361959028625695	0.6428733916055723	0.58	0.4893215945847525	0.5001462338145756	100.0	267.0	189.0	78.0	2.0	0.0				
apex-saureus	apex	regressor	strain_abaumannii19606	minustrain	1388.0	3	0.79	-0.040225904618344625	0.010526315789473684	0.5	0.012987012987012988	0.005319148936170213	0.987012987012987	0.42539375518098926	0.6448624983637921	0.58	0.48920899928738676	0.5001603763498342	100.0	265.0	188.0	77.0	2.0	0.0				
apex-kpneumoniae	apex	regressor	strain_abaumannii19606	battleamp	1388.0	3	0.79	0.0	0.0	0.0	0.0	0.0	1.0	0.45226164680390035	0.6855544429518395	0.63	0.47913696755431373	0.4999033629686896	100.0	279.0	208.0	71.0	0.0	0.0				
apex-kpneumoniae	apex	regressor	strain_abaumannii19606	minustrain	1388.0	3	0.79	0.0	0.0	0.0	0.0	0.0	1.0	0.4547964113181504	0.6879311854137562	0.64	0.4791326141440558	0.49991503410773674	100.0	277.0	207.0	70.0	0.0	0.0				
apex-abaumannii	apex	regressor	strain_abaumannii19606	battleamp	1388.0	3	0.79	0.38014994440124006	0.6666666666666666	0.95	0.08163265306122448	0.5135135135135135	0.9183673469387755	0.7276613348041919	0.8902519670166792	0.85	0.6089644961825413	0.5653945402689121	100.0	197.0	148.0	49.0	80.0	0.0				
apex-abaumannii	apex	regressor	strain_abaumannii19606	minustrain	1388.0	3	0.79	0.3727267427725658	0.6607142857142857	0.9487179487179487	0.08333333333333333	0.5068493150684932	0.9166666666666666	0.725884703196347	0.8884001617065729	0.85	0.6007570295602019	0.559441040820541	100.0	194.0	146.0	48.0	78.0	0.0				
apex-paeruginosa	apex	regressor	strain_abaumannii19606	battleamp	1388.0	3	0.79	0.10265960392886618	0.08284023668639054	1.0	0.0	0.043209876543209874	1.0	0.5862962962962963	0.8050139751517127	0.78	0.5256660168940871	0.531608660586885	100.0	212.0	162.0	50.0	7.0	0.0				
apex-paeruginosa	apex	regressor	strain_abaumannii19606	minustrain	1388.0	3	0.79	0.10244389988519646	0.08333333333333333	1.0	0.0	0.043478260869565216	1.0	0.5914564583597415	0.808589838709233	0.79	0.5257887398176008	0.5318205936514873	100.0	210.0	161.0	49.0	7.0	0.0				
mbc-attention	mbc-attention	regressor	strain_abaumannii19606	battleamp	3929.0	114	30.16	0.398613916239128	0.904862579281184	0.84251968503937	0.7142857142857143	0.9771689497716894	0.2857142857142857	0.6873776908023483	0.897589498553328	0.88	0.6148762316750781	0.5709139303825062	100.0	275.0	219.0	56.0	254.0	0.0				
mbc-attention	mbc-attention	regressor	strain_abaumannii19606	minustrain	3929.0	114	30.16	0.25786977467970196	0.86	0.7771084337349398	0.8043478260869565	0.9626865671641791	0.1956521739130435	0.5580791693705386	0.7721922101643941	0.77	0.5163769254414426	0.49748743718592964	100.0	180.0	134.0	46.0	166.0	0.0				
sensexamp-classifier	sensexamp	classifier	strain_abaumannii19606	battleamp	20587.0	65	17.2	0.13644434968360603	0.8646616541353384	0.7641196013289037	0.9594594594594594	0.9956709956709957	0.04054054054054054	0.6069381069381069	0.8341109890687328	0.84	0.5516432358537622	0.514890469664339	100.0	305.0	231.0	74.0	301.0	0.0				
sensexamp-classifier	sensexamp	classifier	strain_abaumannii19606	minustrain	20587.0	65	17.2	0.10179831813940901	0.8504672897196262	0.7428571428571429	0.9692307692307692	0.994535519125683	0.03076923076923077	0.5804960067255149	0.8113667749318225	0.79	0.5555408066193226	0.5167092292061399	100.0	248.0	183.0	65.0	245.0	0.0				
sensexamp-ecoli	sensexamp	regressor	strain_abaumannii19606	battleamp	20587.0	65	17.2	0.044542115879414194	0.8368794326241135	0.7901785714285714	0.8545454545454545	0.8894472361809045	0.14545454545454545	0.7266331658291458	0.9174432005453321	0.96	0.6693996297275853	0.6262720638367718	100.0	254.0	199.0	55.0	224.0	0.0				
sensexamp-ecoli	sensexamp	regressor	strain_abaumannii19606	minustrain	20587.0	65	17.2	0.038932321452190444	0.8157099697885196	0.7714285714285715	0.8333333333333334	0.8653846153846154	0.16666666666666666	0.7222222222222222	0.9064036105270779	0.9	0.6519343229869545	0.6263368122664605	100.0	204.0	156.0	48.0	175.0	0.0				
sensexamp-saureus	sensexamp	regressor	strain_abaumannii19606	battleamp	20587.0	65	17.2	0.26193336761640834	0.791907514450867	0.8726114649681529	0.4166666666666667	0.7248677248677249	0.5833333333333334	0.6699735449735449	0.8959991094841571	0.9	0.5826371484266222	0.5506633697588471	100.0	237.0	189.0	48.0	157.0	0.0				
sensexamp-saureus	sensexamp	regressor	strain_abaumannii19606	minustrain	20587.0	65	17.2	0.2262923001964608	0.7781818181818182	0.856	0.45	0.7133333333333334	0.55	0.6533333333333334	0.8818036639175799	0.88	0.5587719298245614	0.5376884422110553	100.0	190.0	150.0	40.0	125.0	0.0				
ampredictor	ampredictor	regressor	strain_abaumannii19606	battleamp	2952.0	48	12.7	0.17517940633808848	0.8893360160965795	0.8154981549815498	0.8928571428571429	0.9778761061946902	0.10714285714285714	0.5956858407079646	0.8472451204147107	0.86	0.5240867655865327	0.5019344510161426	100.0	282.0	226.0	56.0	271.0	0.0				
ampredictor	ampredictor	regressor	strain_abaumannii19606	minustrain	2952.0	48	12.7	0.160255315352866	0.8773584905660378	0.7948717948717948	0.9056603773584906	0.9789473684210527	0.09433962264150944	0.5757696127110228	0.825237172300805	0.82	0.523807034965766	0.5027770431102883	100.0	243.0	190.0	53.0	234.0	0.0				
deep-amp-lstm-gramneg	deep-amp	regressor	strain_abaumannii19606	battleamp	12593.0	67	17.72	0.1893105085970352	0.8165680473372781	0.7638376383763837	0.7191011235955056	0.8771186440677966	0.2808988764044944	0.5716054084936203	0.7645452602852025	0.75	0.5140274033016268	0.49961672770632826	100.0	325.0	236.0	89.0	271.0	0.0				
deep-amp-lstm-gramneg	deep-amp	regressor	strain_abaumannii19606	minustrain	12593.0	67	17.72	0.17372823605983392	0.8141176470588235	0.7424892703862661	0.7692307692307693	0.9010416666666666	0.23076923076923078	0.5641025641025641	0.7504737717073835	0.73	0.5151540710751237	0.5001046901172529	100.0	270.0	192.0	78.0	233.0	0.0				
deep-amp-lstm-grampos	deep-amp	regressor	strain_abaumannii19606	battleamp	12593.0	67	17.72	0.016140919778879447	0.8071570576540755	0.7689393939393939	0.8356164383561644	0.8493723849372385	0.1643835616438356	0.5407233335243882	0.791113067030556	0.79	0.5054797537202897	0.5122053783562163	100.0	312.0	239.0	73.0	264.0	0.0				
deep-amp-lstm-grampos	deep-amp	regressor	strain_abaumannii19606	minustrain	12593.0	67	17.72	-0.011172992073259938	0.7892156862745098	0.7488372093023256	0.84375	0.8341968911917098	0.15625	0.5255829015544042	0.7688380767616285	0.77	0.4999318243796019	0.5079022053271539	100.0	257.0	193.0	64.0	215.0	0.0				
deep-amp-cnn-gramneg	deep-amp	regressor	strain_abaumannii19606	battleamp	12593.0	67	17.72	0.33306658503035824	0.8717948717948718	0.8095238095238095	0.6956521739130435	0.9444444444444444	0.30434782608695654	0.5695786366076221	0.747190197250513	0.77	0.4805703873209594	0.49748743718592964	100.0	285.0	216.0	69.0	252.0	0.0				
deep-amp-cnn-gramneg	deep-amp	regressor	strain_abaumannii19606	minustrain	12593.0	67	17.72	0.2821579539763793	0.8503937007874016	0.7788461538461539	0.7301587301587301	0.9364161849710982	0.2698412698412698	0.5620699146710707	0.721578169906142	0.77	0.48165210714647894	0.49748743718592964	100.0	236.0	173.0	63.0	208.0	0.0				
deep-amp-cnn-grampos	deep-amp	regressor	strain_abaumannii19606	battleamp	12593.0	67	17.72	0.19964493213751766	0.8552188552188552	0.7604790419161677	0.8791208791208791	0.9769230769230769	0.12087912087912088	0.3856720202874049	0.6562434984638199	0.55	0.48207056101792944	0.4994201778121376	100.0	351.0	260.0	91.0	334.0	0.0				
deep-amp-cnn-grampos	deep-amp	regressor	strain_abaumannii19606	minustrain	12593.0	67	17.72	0.2014824433380955	0.8392484342379958	0.7389705882352942	0.8658536585365854	0.9710144927536232	0.13414634146341464	0.38558972546247205	0.618861578769891	0.55	0.47690895673258793	0.49748743718592964	100.0	289.0	207.0	82.0	272.0	0.0				
example-model	example-model	classifier	strain_paeruginosa27853	battleamp		0	0.0	-0.007732942276343556	0.5616	0.6370235934664247	0.5102040816326531	0.5021459227467812	0.4897959183673469	0.4939436074859129	0.6485903901048137	0.64	0.502767110910323	0.501115545318781	100.0	1091.0	699.0	392.0	551.0	0.0				
example-model	example-model	classifier	strain_paeruginosa27853	minustrain		0	0.0	-0.007732942276343556	0.5616	0.6370235934664247	0.5102040816326531	0.5021459227467812	0.4897959183673469	0.4939436074859129	0.6485903901048137	0.64	0.502767110910323	0.501115545318781	100.0	1091.0	699.0	392.0	551.0	0.0				
ampeppy	ampeppy	classifier	strain_paeruginosa27853	battleamp	6536.0	64	5.87	0.1681910151590828	0.7825574543311726	0.6653306613226453	0.8520408163265306	0.949928469241774	0.14795918367346939	0.6498131441417768	0.7205031807618612	0.63	0.49715836187648765	0.5054577139588339	100.0	1091.0	699.0	392.0	998.0	0.0				
ampeppy	ampeppy	classifier	strain_paeruginosa27853	minustrain	6536.0	64	5.87	0.18492785267596085	0.7857142857142857	0.6691568836712913	0.842391304347826	0.9514415781487102	0.15760869565217392	0.6714678036550767	0.738157938295577	0.73	0.5083368636343117	0.5001231664690146	100.0	1027.0	659.0	368.0	937.0	0.0				
amplify	amplify	classifier	strain_paeruginosa27853	battleamp	6676.0	92	8.43	0.15577528552681977	0.7824561403508772	0.6617210682492581	0.8724489795918368	0.9570815450643777	0.12755102040816327	0.6610062479927594	0.7423631770383667	0.74	0.5154232915212618	0.5039135416066053	100.0	1091.0	699.0	392.0	1011.0	0.0				
amplify	amplify	classifier	strain_paeruginosa27853	minustrain	6676.0	92	8.43	0.1636175084888304	0.7867177522349936	0.6695652173913044	0.8611898016997167	0.9535603715170279	0.1388101983002833	0.6748348959383961	0.7601146876246083	0.79	0.5252476387822713	0.5053368849174877	100.0	999.0	646.0	353.0	920.0	0.0				
ampscanner	ampscanner	classifier	strain_paeruginosa27853	battleamp	2132.0	38	3.48	0.18580458816778533	0.7749667110519307	0.6466666666666666	0.8688524590163934	0.9667774086378738	0.13114754098360656	0.7283122742043824	0.7890458748535499	0.84	0.5655062834031489	0.5062543687671348	100.0	968.0	602.0	366.0	900.0	0.0				
ampscanner	ampscanner	classifier	strain_paeruginosa27853	minustrain	2132.0	38	3.48	0.19485877129768933	0.7766990291262136	0.6488991888760139	0.8632478632478633	0.9671848013816926	0.13675213675213677	0.7338396587101251	0.7924234495954128	0.8	0.56613964846171	0.506314840807902	100.0	930.0	579.0	351.0	863.0	0.0				
ampredmfa	ampredmfa	classifier	strain_paeruginosa27853	battleamp	11320.0	174	15.95	0.04763825674619784	0.781390134529148	0.6423963133640553	0.9897959183673469	0.9971387696709585	0.01020408163265306	0.5414641178359756	0.6750602460374321	0.58	0.5101573676680973	0.5009697989230847	100.0	1091.0	699.0	392.0	1085.0	0.0				
ampredmfa	ampredmfa	classifier	strain_paeruginosa27853	minustrain	11320.0	174	15.95	0.03532789236680859	0.7731543624161074	0.631578947368421	0.9911504424778761	0.9965397923875432	0.008849557522123894	0.5311571791652633	0.6559139877696464	0.59	0.5059776137175518	0.5005707269378568	100.0	917.0	578.0	339.0	912.0	0.0				
hydramp-amp-classifier	hydramp-amp-classifier	classifier	strain_paeruginosa27853	battleamp	11131.0	110	10.08	0.12929718688722175	0.7690100430416069	0.6419161676646706	0.8925373134328358	0.9588550983899821	0.10746268656716418	0.6669398980055001	0.7578366930828534	0.85	0.5549111611699529	0.5136286054736342	100.0	894.0	559.0	335.0	835.0	0.0				
hydramp-amp-classifier	hydramp-amp-classifier	classifier	strain_paeruginosa27853	minustrain	11131.0	110	10.08	0.14215873562687864	0.7794955248169243	0.657967032967033	0.8798586572438163	0.9560878243512974	0.12014134275618374	0.6978234344032782	0.785888527593455	0.85	0.5563882463824443	0.5115045226059769	100.0	784.0	501.0	283.0	728.0	0.0				
hydramp-mic-classifier	hydramp-mic-classifier	classifier	strain_paeruginosa27853	battleamp	3444.0	212	19.43	0.4446427354738719	0.8126561199000832	0.7601246105919003	0.4597014925373134	0.8729874776386404	0.5402985074626866	0.7810989773849892	0.8318356175201019	0.89	0.606552493159848	0.5036861610270131	100.0	894.0	559.0	335.0	642.0	0.0				
hydramp-mic-classifier	hydramp-mic-classifier	classifier	strain_paeruginosa27853	minustrain	3444.0	212	19.43	0.4219749612224009	0.8226652675760755	0.7808764940239044	0.47619047619047616	0.8691796008869179	0.5238095238095238	0.7683646730209923	0.83904199754774	0.92	0.6049234151696516	0.49793601867719683	100.0	682.0	451.0	231.0	502.0	0.0				
apex-min	apex	regressor	strain_paeruginosa27853	battleamp	1388.0	9	0.82	0.40610754722929965	0.8266384778012685	0.785140562248996	0.49767441860465117	0.8727678571428571	0.5023255813953489	0.7430647840531561	0.8206016297604871	0.86	0.540921708340619	0.5031740930566454	100.0	663.0	448.0	215.0	498.0	0.0				
apex-min	apex	regressor	strain_paeruginosa27853	minustrain	1388.0	9	0.82	0.4080786107079792	0.8276595744680851	0.7858585858585858	0.49765258215962443	0.8741573033707866	0.5023474178403756	0.744463786464103	0.820841543979066	0.86	0.539561833845573	0.5032025666126698	100.0	658.0	445.0	213.0	495.0	0.0				
apex-ecoli	apex	regressor	strain_paeruginosa27853	battleamp	1388.0	9	0.82	0.29371305772434503	0.43342036553524804	0.8736842105263158	0.05581395348837209	0.2881944444444444	0.9441860465116279	0.6897609819121446	0.7414555760540562	0.85	0.5796783625730995	0.5068202770960747	100.0	503.0	288.0	215.0	95.0	0.0				
apex-ecoli	apex	regressor	strain_paeruginosa27853	minustrain	1388.0	9	0.82	0.29511311816470187	0.4368421052631579	0.8736842105263158	0.05660377358490566	0.2912280701754386	0.9433962264150944	0.6910460112545513	0.7423699052690016	0.85	0.5794177598912873	0.506802466486687	100.0	497.0	285.0	212.0	95.0	0.0				
apex-saureus	apex	regressor	strain_paeruginosa27853	battleamp	1388.0	9	0.82	-0.09872808240741213	0.020703933747412008	0.2777777777777778	0.040880503144654086	0.010752688172043012	0.9591194968553459	0.5624129302765943	0.6234436095208933	0.65	0.4990478834538161	0.49748743718592964	100.0	783.0	465.0	318.0	18.0	0.0				
apex-saureus	apex	regressor	strain_paeruginosa27853	minustrain	1388.0	9	0.82	-0.09959039624825114	0.020876826722338204	0.2777777777777778	0.041401273885350316	0.010845986984815618	0.9585987261146497	0.563956781850588	0.6260594104696209	0.65	0.4996665849793806	0.49748743718592964	100.0	775.0	461.0	314.0	18.0	0.0				
apex-kpneumoniae	apex	regressor	strain_paeruginosa27853	battleamp	1388.0	9	0.82	-0.016051380101612077	0.008113590263691683	0.5	0.00641025641025641	0.00408997955010225	0.9935897435897436	0.4890147344135074	0.6017628559558679	0.6	0.5001090109259305	0.49929238241967533	100.0	801.0	489.0	312.0	4.0	0.0				
apex-kpneumoniae	apex	regressor	strain_paeruginosa27853	minustrain	1388.0	9	0.82	-0.01617517593619206	0.0081799591002045	0.5	0.006472491909385114	0.004123711340206186	0.9935275080906149	0.48825276081806956	0.6018284030191997	0.6	0.5001185277275864	0.4992846996132365	100.0	794.0	485.0	309.0	4.0	0.0				
apex-abaumannii	apex	regressor	strain_paeruginosa27853	battleamp	1388.0	9	0.82	0.3599292694791045	0.627151051625239	0.8159203980099502	0.15879828326180256	0.5093167701863354	0.8412017167381974	0.7064617599232266	0.7674722489831345	0.86	0.5805664562600754	0.5101865524139236	100.0	555.0	322.0	233.0	201.0	0.0				
apex-abaumannii	apex	regressor	strain_paeruginosa27853	minustrain	1388.0	9	0.82	0.3617743888229972	0.6307692307692307	0.8159203980099502	0.1608695652173913	0.5141065830721003	0.8391304347826087	0.7073326972877197	0.7683636881436111	0.86	0.5803533639878625	0.5102266135091431	100.0	549.0	319.0	230.0	201.0	0.0				
apex-paeruginosa	apex	regressor	strain_paeruginosa27853	battleamp	1388.0	9	0.82	0.13585801888620755	0.07006369426751592	1.0	0.0	0.036303630363036306	1.0	0.5876445260420082	0.5976018037510802	0.64	0.5314773722056765	0.5202006140245959	100.0	605.0	303.0	302.0	11.0	0.0				
apex-paeruginosa	apex	regressor	strain_paeruginosa27853	minustrain	1388.0	9	0.82	0.1365471519899016	0.0707395498392283	1.0	0.0	0.03666666666666667	1.0	0.5890523968784839	0.5988424793706333	0.64	0.531702165111776	0.5203610023360952	100.0	599.0	300.0	299.0	11.0	0.0				
mbc-attention	mbc-attention	regressor	strain_paeruginosa27853	battleamp	3929.0	340	31.16	0.5056046592454545	0.8817021276595745	0.8081123244929798	0.5801886792452831	0.9700374531835206	0.419811320754717	0.7677372623842837	0.8792664387488338	0.95	0.5996470400083311	0.5406152378740569	100.0	746.0	534.0	212.0	641.0	0.0				
mbc-attention	mbc-attention	regressor	strain_paeruginosa27853	minustrain	3929.0	340	31.16	0.3741956974428316	0.8492791612057667	0.7570093457943925	0.7123287671232876	0.9671641791044776	0.2876712328767123	0.683643426702106	0.8158463878265563	0.82	0.561234921283991	0.5248785329222272	100.0	481.0	335.0	146.0	428.0	0.0				
sensexamp-classifier	sensexamp	classifier	strain_paeruginosa27853	battleamp	20587.0	271	24.84	0.10003202326329276	0.7710674157303371	0.6339491916859122	0.9491017964071856	0.9838709677419355	0.05089820359281437	0.6829700813426909	0.7789590690539948	0.84	0.5656282228977246	0.5194675758980769	100.0	892.0	558.0	334.0	866.0	0.0				
sensexamp-classifier	sensexamp	classifier	strain_paeruginosa27853	minustrain	20587.0	271	24.84	0.075921674176457	0.7989130434782609	0.6722560975609756	0.9598214285714286	0.984375	0.04017857142857143	0.684356066645408	0.8143810578863002	0.91	0.5839067534908701	0.5228654432878679	100.0	672.0	448.0	224.0	656.0	0.0				
sensexamp-ecoli	sensexamp	regressor	strain_paeruginosa27853	battleamp	20587.0	271	24.84	0.3916429748914669	0.8358778625954199	0.7807486631016043	0.5565610859728507	0.8993839835728953	0.4434389140271493	0.755823352876137	0.8602481530669559	0.94	0.5826472813268828	0.535124403456886	100.0	708.0	487.0	221.0	561.0	0.0				
sensexamp-ecoli	sensexamp	regressor	strain_paeruginosa27853	minustrain	20587.0	271	24.84	0.34431941964099155	0.843403205918619	0.8066037735849056	0.5734265734265734	0.8837209302325582	0.42657342657342656	0.7441318371550929	0.8783050784787563	0.92	0.5831395586597545	0.5319017523060996	100.0	530.0	387.0	143.0	424.0	0.0				
sensexamp-saureus	sensexamp	regressor	strain_paeruginosa27853	battleamp	20587.0	271	24.84	0.457322172856336	0.7934272300469484	0.8304668304668305	0.28870292887029286	0.7595505617977528	0.7112970711297071	0.744657044802783	0.8275880070900092	0.87	0.5665311555886566	0.5123046004315215	100.0	684.0	445.0	239.0	407.0	0.0				
sensexamp-saureus	sensexamp	regressor	strain_paeruginosa27853	minustrain	20587.0	271	24.84	0.4203618319311253	0.7951807228915663	0.8543689320388349	0.29605263157894735	0.7436619718309859	0.7039473684210527	0.7201630837657524	0.8382337648916163	0.83	0.5474230424095822	0.5089606669373554	100.0	507.0	355.0	152.0	309.0	0.0				
ampredictor	ampredictor	regressor	strain_paeruginosa27853	battleamp	2952.0	209	19.16	0.33896855411862165	0.883054892601432	0.8173784977908689	0.7251461988304093	0.9602076124567474	0.27485380116959063	0.7182864890022056	0.8832245088707507	0.91	0.5567228031835187	0.5418267809636418	100.0	749.0	578.0	171.0	679.0	0.0				
ampredictor	ampredictor	regressor	strain_paeruginosa27853	minustrain	2952.0	209	19.16	0.23023568722119112	0.8778103616813294	0.8061041292639138	0.8244274809160306	0.9635193133047211	0.17557251908396945	0.6644661402876519	0.8660332324404819	0.88	0.5420364625812804	0.5384648564711971	100.0	597.0	466.0	131.0	557.0	0.0				
deep-amp-lstm-gramneg	deep-amp	regressor	strain_paeruginosa27853	battleamp	12593.0	299	27.41	0.2909373203566157	0.7932875667429443	0.7084468664850136	0.6666666666666666	0.901213171577123	0.3333333333333333	0.606143064621498	0.6970591632179908	0.68	0.5099659773187808	0.49940017390439456	100.0	898.0	577.0	321.0	734.0	0.0				
deep-amp-lstm-gramneg	deep-amp	regressor	strain_paeruginosa27853	minustrain	12593.0	299	27.41	0.3018406139945682	0.8150346191889218	0.7215411558669002	0.7162162162162162	0.9363636363636364	0.28378378378378377	0.5806203931203932	0.6930644684220069	0.7	0.5013685934738566	0.49760061569106795	100.0	662.0	440.0	222.0	571.0	0.0				
deep-amp-lstm-grampos	deep-amp	regressor	strain_paeruginosa27853	battleamp	12593.0	299	27.41	0.3463528598932361	0.7964601769911505	0.7568807339449541	0.5162337662337663	0.8404074702886248	0.4837662337662338	0.7232983485105726	0.8209735855389809	0.85	0.5646838194421073	0.5357356978706511	100.0	897.0	589.0	308.0	654.0	0.0				
deep-amp-lstm-grampos	deep-amp	regressor	strain_paeruginosa27853	minustrain	12593.0	299	27.41	0.36553792886886344	0.8128342245989305	0.7692307692307693	0.5253456221198156	0.8616780045351474	0.47465437788018433	0.7222378966947762	0.8299659467727615	0.88	0.5739018382031444	0.5383408363383949	100.0	658.0	441.0	217.0	494.0	0.0				
deep-amp-cnn-gramneg	deep-amp	regressor	strain_paeruginosa27853	battleamp	12593.0	299	27.41	0.33583680234614316	0.8420279206465834	0.75	0.7318007662835249	0.9597989949748744	0.2681992337164751	0.7084015222985939	0.8067087820559694	0.82	0.5258709356421146	0.49943857281620435	100.0	858.0	597.0	261.0	764.0	0.0				
deep-amp-cnn-gramneg	deep-amp	regressor	strain_paeruginosa27853	minustrain	12593.0	299	27.41	0.37579053831944814	0.8647619047619047	0.7747440273037542	0.7415730337078652	0.978448275862069	0.25842696629213485	0.7090032932971717	0.820279361650651	0.84	0.5176925508268929	0.49891115788162044	100.0	642.0	464.0	178.0	586.0	0.0				
deep-amp-cnn-grampos	deep-amp	regressor	strain_paeruginosa27853	battleamp	12593.0	299	27.41	0.1259398961033289	0.8060263653483992	0.6895810955961332	0.9116719242902208	0.9697885196374623	0.08832807570977919	0.6343362528233915	0.7496069336018929	0.77	0.5127765519185519	0.49997301306344927	100.0	979.0	662.0	317.0	931.0	0.0				
deep-amp-cnn-grampos	deep-amp	regressor	strain_paeruginosa27853	minustrain	12593.0	299	27.41	0.1254278331768549	0.8162926018287614	0.7034383954154728	0.915929203539823	0.9722772277227723	0.084070796460177	0.6217383685271182	0.7464924991936588	0.75	0.5050611721628614	0.4987114667352358	100.0	731.0	505.0	226.0	698.0	0.0				
example-model	example-model	classifier	strain_saureus43300	battleamp		0	0.0	-0.005560523594076076	0.5764411027568922	0.7142857142857143	0.48936170212765956	0.4831932773109244	0.5106382978723404	0.5322054353656357	0.7419028755850413	0.76	0.5122662726904872	0.49748743718592964	100.0	332.0	238.0	94.0	161.0	0.0				
example-model	example-model	classifier	strain_saureus43300	minustrain		0	0.0	-0.005560523594076076	0.5764411027568922	0.7142857142857143	0.48936170212765956	0.4831932773109244	0.5106382978723404	0.5322054353656357	0.7419028755850413	0.76	0.5122662726904872	0.49748743718592964	100.0	332.0	238.0	94.0	161.0	0.0				
ampeppy	ampeppy	classifier	strain_saureus43300	battleamp	6536.0	13	3.92	0.0375783987043402	0.8181818181818182	0.7211538461538461	0.925531914893617	0.9453781512605042	0.07446808510638298	0.5583318433756481	0.734449033326206	0.71	0.4948337677736268	0.49959883450867787	100.0	332.0	238.0	94.0	312.0	0.0				
ampeppy	ampeppy	classifier	strain_saureus43300	minustrain	6536.0	13	3.92	0.03900302653460388	0.8181818181818182	0.7224080267558528	0.9222222222222223	0.9432314410480349	0.07777777777777778	0.5697719553614751	0.7396403342300335	0.74	0.49705048647820427	0.49748743718592964	100.0	319.0	229.0	90.0	299.0	0.0				
amplify	amplify	classifier	strain_saureus43300	battleamp	6676.0	18	5.42	-0.04776477918074505	0.8122743682310469	0.7120253164556962	0.9680851063829787	0.9453781512605042	0.031914893617021274	0.5776640443411407	0.7466520003248334	0.77	0.4899874843554443	0.49748743718592964	100.0	332.0	238.0	94.0	316.0	0.0				
amplify	amplify	classifier	strain_saureus43300	minustrain	6676.0	18	5.42	-0.049327902900298766	0.8107074569789675	0.7114093959731543	0.9662921348314607	0.9422222222222222	0.033707865168539325	0.5895630461922596	0.764499112570795	0.81	0.4990735265129115	0.49748743718592964	100.0	314.0	225.0	89.0	298.0	0.0				
ampscanner	ampscanner	classifier	strain_saureus43300	battleamp	2132.0	8	2.41	0.006677549520462766	0.8089430894308943	0.6885813148788927	0.9782608695652174	0.9802955665024631	0.021739130434782608	0.5856714499892911	0.7470896855148724	0.83	0.515647355937737	0.5014939686573718	100.0	295.0	203.0	92.0	289.0	0.0				
ampscanner	ampscanner	classifier	strain_saureus43300	minustrain	2132.0	8	2.41	0.007338437634262865	0.8100208768267223	0.6903914590747331	0.9775280898876404	0.9797979797979798	0.02247191011235955	0.5922993984791737	0.7537414077107111	0.85	0.5176874003189793	0.5016887467641237	100.0	287.0	198.0	89.0	281.0	0.0				
ampredmfa	ampredmfa	classifier	strain_saureus43300	battleamp	11320.0	42	12.65	-0.03454311125719746	0.8330404217926186	0.716012084592145	1.0	0.9957983193277311	0.0	0.5350885034865009	0.7505997200124626	0.82	0.5230539584254754	0.502201131708965	100.0	332.0	238.0	94.0	331.0	0.0				
ampredmfa	ampredmfa	classifier	strain_saureus43300	minustrain	11320.0	42	12.65	-0.03882547073383566	0.8187372708757638	0.6955017301038062	1.0	0.995049504950495	0.0	0.5094228172817282	0.7140260049878099	0.68	0.515372589890568	0.5014677347131699	100.0	290.0	202.0	88.0	289.0	0.0				
hydramp-amp-classifier	hydramp-amp-classifier	classifier	strain_saureus43300	battleamp	11131.0	13	3.92	0.27637965775068324	0.8528784648187633	0.7547169811320755	0.8333333333333334	0.9803921568627451	0.16666666666666666	0.7979512317747611	0.9020802795547266	0.94	0.6306660315948242	0.5117252931323283	100.0	282.0	204.0	78.0	265.0	0.0				
hydramp-amp-classifier	hydramp-amp-classifier	classifier	strain_saureus43300	minustrain	11131.0	13	3.92	0.2781623918480547	0.849438202247191	0.75	0.8289473684210527	0.9792746113989638	0.17105263157894737	0.7985410417234797	0.8998701666296572	0.94	0.6381668652132103	0.5088916083005702	100.0	269.0	193.0	76.0	252.0	0.0				
hydramp-mic-classifier	hydramp-mic-classifier	classifier	strain_saureus43300	battleamp	3444.0	46	13.86	0.0924508419621537	0.7584541062801933	0.7476190476190476	0.6794871794871795	0.7696078431372549	0.32051282051282054	0.6052978883861236	0.7880370432738941	0.85	0.5240268847079993	0.4999507340624692	100.0	282.0	204.0	78.0	210.0	0.0				
hydramp-mic-classifier	hydramp-mic-classifier	classifier	strain_saureus43300	minustrain	3444.0	46	13.86	0.09811049102515929	0.760806916426513	0.7764705882352941	0.6440677966101694	0.7457627118644068	0.3559322033898305	0.630518050368668	0.8588657395127649	0.84	0.6137931729640101	0.5514294637026943	100.0	236.0	177.0	59.0	170.0	0.0				
apex-min	apex	regressor	strain_saureus43300	battleamp	1388.0	0	0.0	-0.03063129071749471	0.7247386759581882	0.7761194029850746	0.7142857142857143	0.6797385620915033	0.2857142857142857	0.5094926859632741	0.8036813619163454	0.79	0.5125067570888004	0.5007718330213158	100.0	195.0	153.0	42.0	134.0	0.0				
apex-min	apex	regressor	strain_saureus43300	minustrain	1388.0	0	0.0	-0.03063129071749471	0.7247386759581882	0.7761194029850746	0.7142857142857143	0.6797385620915033	0.2857142857142857	0.5094926859632741	0.8036813619163454	0.79	0.5125067570888004	0.5007718330213158	100.0	195.0	153.0	42.0	134.0	0.0				
apex-ecoli	apex	regressor	strain_saureus43300	battleamp	1388.0	0	0.0	0.20462155437660662	0.3194444444444444	0.9583333333333334	0.024390243902439025	0.19166666666666668	0.975609756097561	0.5467479674796748	0.8259374873894954	0.74	0.5830124090714591	0.568676716917923	100.0	161.0	120.0	41.0	24.0	0.0				
apex-ecoli	apex	regressor	strain_saureus43300	minustrain	1388.0	0	0.0	0.20462155437660662	0.3194444444444444	0.9583333333333334	0.024390243902439025	0.19166666666666668	0.975609756097561	0.5467479674796748	0.8259374873894954	0.74	0.5830124090714591	0.568676716917923	100.0	161.0	120.0	41.0	24.0	0.0				
apex-saureus	apex	regressor	strain_saureus43300	battleamp	1388.0	0	0.0	0.06343378443267882	0.023952095808383235	1.0	0.0	0.012121212121212121	1.0	0.4866442199775533	0.6840265824166997	0.64	0.5141276310866955	0.5127150906045378	100.0	246.0	165.0	81.0	2.0	0.0				
apex-saureus	apex	regressor	strain_saureus43300	minustrain	1388.0	0	0.0	0.06343378443267882	0.023952095808383235	1.0	0.0	0.012121212121212121	1.0	0.4866442199775533	0.6840265824166997	0.64	0.5141276310866955	0.5127150906045378	100.0	246.0	165.0	81.0	2.0	0.0				
apex-kpneumoniae	apex	regressor	strain_saureus43300	battleamp	1388.0	0	0.0	0.0	0.0	0.0	0.0	0.0	1.0	0.4327845268542199	0.6776283476946401	0.67	0.48260196527123433	0.5002184837229626	100.0	252.0	184.0	68.0	0.0	0.0				
apex-kpneumoniae	apex	regressor	strain_saureus43300	minustrain	1388.0	0	0.0	0.0	0.0	0.0	0.0	0.0	1.0	0.4327845268542199	0.6776283476946401	0.67	0.48260196527123433	0.5002184837229626	100.0	252.0	184.0	68.0	0.0	0.0				
apex-abaumannii	apex	regressor	strain_saureus43300	battleamp	1388.0	0	0.0	0.13242105263157894	0.4049079754601227	0.868421052631579	0.13157894736842105	0.264	0.868421052631579	0.4905263157894737	0.8021023797316073	0.74	0.5481440443213297	0.5336683417085427	100.0	163.0	125.0	38.0	38.0	0.0				
apex-abaumannii	apex	regressor	strain_saureus43300	minustrain	1388.0	0	0.0	0.13242105263157894	0.4049079754601227	0.868421052631579	0.13157894736842105	0.264	0.868421052631579	0.4905263157894737	0.8021023797316073	0.74	0.5481440443213297	0.5336683417085427	100.0	163.0	125.0	38.0	38.0	0.0				
apex-paeruginosa	apex	regressor	strain_saureus43300	battleamp	1388.0	0	0.0	0.0691588693201302	0.03592814371257485	1.0	0.0	0.018292682926829267	1.0	0.48823277706461277	0.7354880503084138	0.77	0.4894489111096097	0.5066797401642358	100.0	221.0	164.0	57.0	3.0	0.0				
apex-paeruginosa	apex	regressor	strain_saureus43300	minustrain	1388.0	0	0.0	0.0691588693201302	0.03592814371257485	1.0	0.0	0.018292682926829267	1.0	0.48823277706461277	0.7354880503084138	0.77	0.4894489111096097	0.5066797401642358	100.0	221.0	164.0	57.0	3.0	0.0				
mbc-attention	mbc-attention	regressor	strain_saureus43300	battleamp	3929.0	88	26.51	0.39064294535854677	0.8660968660968661	0.7875647668393783	0.6833333333333333	0.9620253164556962	0.31666666666666665	0.7341772151898733	0.8826084697708075	0.83	0.643015767266267	0.6501494815851409	100.0	218.0	158.0	60.0	193.0	0.0				
mbc-attention	mbc-attention	regressor	strain_saureus43300	minustrain	3929.0	88	26.51	0.3385730347197075	0.8235294117647058	0.7205882352941176	0.7307692307692307	0.9607843137254902	0.2692307692307692	0.646870286576169	0.7627662886662857	0.74	0.5389775343335714	0.5467533747167208	100.0	154.0	102.0	52.0	136.0	0.0				
sensexamp-classifier	sensexamp	classifier	strain_saureus43300	battleamp	20587.0	55	16.57	-0.03693889983929043	0.8277310924369747	0.718978102189781	0.9871794871794872	0.9752475247524752	0.01282051282051282	0.5371604468139122	0.7384521210848958	0.74	0.4983364733234457	0.4999751231404547	100.0	280.0	202.0	78.0	274.0	0.0				
sensexamp-classifier	sensexamp	classifier	strain_saureus43300	minustrain	20587.0	55	16.57	-0.03657904362918884	0.8341708542713567	0.7312775330396476	0.9838709677419355	0.9707602339181286	0.016129032258064516	0.5033012639124693	0.7337783121069836	0.74	0.4984064575700712	0.5004261071439067	100.0	233.0	171.0	62.0	227.0	0.0				
sensexamp-ecoli	sensexamp	regressor	strain_saureus43300	battleamp	20587.0	55	16.57	0.15858098824777855	0.8253968253968254	0.7536231884057971	0.796875	0.9122807017543859	0.203125	0.665844298245614	0.8222054593971941	0.82	0.5261041859033548	0.5151194569337918	100.0	235.0	171.0	64.0	207.0	0.0				
sensexamp-ecoli	sensexamp	regressor	strain_saureus43300	minustrain	20587.0	55	16.57	0.18825370113548798	0.8360128617363344	0.7784431137724551	0.7551020408163265	0.9027777777777778	0.24489795918367346	0.6889172335600907	0.846369644082544	0.86	0.5385039980904642	0.5114461194863205	100.0	193.0	144.0	49.0	167.0	0.0				
sensexamp-saureus	sensexamp	regressor	strain_saureus43300	battleamp	20587.0	55	16.57	0.5815727005125082	0.875	0.9473684210526315	0.15555555555555556	0.8129032258064516	0.8444444444444444	0.8265232974910395	0.9532607991067494	0.97	0.795887568383324	0.7665748095315286	100.0	200.0	155.0	45.0	133.0	0.0				
sensexamp-saureus	sensexamp	regressor	strain_saureus43300	minustrain	20587.0	55	16.57	0.5310834274949938	0.8617886178861789	0.9464285714285714	0.17142857142857143	0.7910447761194029	0.8285714285714286	0.8019189765458422	0.9500575285974873	0.96	0.7637751094153293	0.744993624840621	100.0	169.0	134.0	35.0	112.0	0.0				
ampredictor	ampredictor	regressor	strain_saureus43300	battleamp	2952.0	33	9.94	0.07175534926979416	0.8413098236775819	0.7522522522522522	0.9166666666666666	0.9542857142857143	0.08333333333333333	0.4592380952380952	0.6981282032658616	0.7	0.4791979949874687	0.49748743718592964	100.0	235.0	175.0	60.0	222.0	0.0				
ampredictor	ampredictor	regressor	strain_saureus43300	minustrain	2952.0	33	9.94	0.0277191673714912	0.8444444444444444	0.7562189054726368	0.9423076923076923	0.9559748427672956	0.057692307692307696	0.4602080309627479	0.7024043950022798	0.75	0.47686705879357316	0.49748743718592964	100.0	211.0	159.0	52.0	201.0	0.0				
deep-amp-lstm-gramneg	deep-amp	regressor	strain_saureus43300	battleamp	12593.0	60	18.07	0.3575544242244776	0.831353919239905	0.7954545454545454	0.5421686746987951	0.8706467661691543	0.4578313253012048	0.6550380626985554	0.8160328766590512	0.79	0.5574757789997382	0.5274881872046802	100.0	284.0	201.0	83.0	220.0	0.0				
deep-amp-lstm-gramneg	deep-amp	regressor	strain_saureus43300	minustrain	12593.0	60	18.07	0.2924122972480957	0.8268156424581006	0.7914438502673797	0.6	0.8654970760233918	0.4	0.6204228520017994	0.8120787663428868	0.75	0.5511044818524042	0.5268741367656998	100.0	236.0	171.0	65.0	187.0	0.0				
deep-amp-lstm-grampos	deep-amp	regressor	strain_saureus43300	battleamp	12593.0	60	18.07	0.013631956535930122	0.7767441860465116	0.73568281938326	0.8108108108108109	0.8226600985221675	0.1891891891891892	0.5296232192783917	0.7599004489362071	0.75	0.5050066919395413	0.5148154565933114	100.0	277.0	203.0	74.0	227.0	0.0				
deep-amp-lstm-grampos	deep-amp	regressor	strain_saureus43300	minustrain	12593.0	60	18.07	0.031842671335622436	0.7967032967032966	0.7671957671957672	0.8	0.8285714285714286	0.2	0.5250909090909092	0.7784635835364461	0.79	0.49829118250170884	0.5147164393395549	100.0	230.0	175.0	55.0	189.0	0.0				
deep-amp-cnn-gramneg	deep-amp	regressor	strain_saureus43300	battleamp	12593.0	60	18.07	0.12154398955996708	0.8458149779735683	0.7868852459016393	0.8253968253968254	0.9142857142857143	0.1746031746031746	0.7417989417989419	0.9087573549708265	0.94	0.635477582846004	0.550131610433118	100.0	273.0	210.0	63.0	244.0	0.0				
deep-amp-cnn-gramneg	deep-amp	regressor	strain_saureus43300	minustrain	12593.0	60	18.07	0.09633473648842611	0.835509138381201	0.7729468599033816	0.8392857142857143	0.9090909090909091	0.16071428571428573	0.7428977272727272	0.9057894573299143	0.91	0.6393327067669172	0.5603015075376885	100.0	232.0	176.0	56.0	207.0	0.0				
deep-amp-cnn-grampos	deep-amp	regressor	strain_saureus43300	battleamp	12593.0	60	18.07	-0.14071894046316985	0.7764227642276422	0.6870503597122302	0.9775280898876404	0.8925233644859814	0.02247191011235955	0.4593090412685078	0.7007771198963992	0.69	0.5065409507176531	0.50218381627765	100.0	303.0	214.0	89.0	278.0	0.0				
deep-amp-cnn-grampos	deep-amp	regressor	strain_saureus43300	minustrain	12593.0	60	18.07	-0.12922242690484695	0.7912621359223301	0.7149122807017544	0.9701492537313433	0.8858695652173914	0.029850746268656716	0.42529201817001944	0.7086298670700452	0.7	0.5019894805150449	0.5002184837229626	100.0	251.0	184.0	67.0	228.0	0.0				
example-model	example-model	classifier	strain_saureus33591	battleamp		0	0.0	0.1252871845934883	0.5656565656565656	0.5384615384615384	0.47058823529411764	0.5957446808510638	0.5294117647058824	0.5815602836879433	0.537447622712396	0.47959183673469385	0.48993259117756843	0.5081791938415482	100.0	98.0	47.0	51.0	52.0	0.0				
example-model	example-model	classifier	strain_saureus33591	minustrain		0	0.0	0.1252871845934883	0.5656565656565656	0.5384615384615384	0.47058823529411764	0.5957446808510638	0.5294117647058824	0.5815602836879433	0.537447622712396	0.47959183673469385	0.48993259117756843	0.5081791938415482	100.0	98.0	47.0	51.0	52.0	0.0				
ampeppy	ampeppy	classifier	strain_saureus33591	battleamp	6536.0	3	3.06	0.09747157277634666	0.6527777777777778	0.4845360824742268	0.9803921568627451	1.0	0.0196078431372549	0.6958698372966208	0.6416366298967958	0.47959183673469385	0.5145247348659509	0.5188709504971667	100.0	98.0	47.0	51.0	97.0	0.0				
ampeppy	ampeppy	classifier	strain_saureus33591	minustrain	6536.0	3	3.06	0.10206207261596575	0.6666666666666666	0.5	0.9791666666666666	1.0	0.020833333333333332	0.7364804964539008	0.7342691030154926	0.49473684210526314	0.5796472564389697	0.5535122420613707	100.0	95.0	47.0	48.0	94.0	0.0				
amplify	amplify	classifier	strain_saureus33591	battleamp	6676.0	8	8.16	0.17059357309893752	0.6619718309859155	0.49473684210526314	0.9411764705882353	1.0	0.058823529411764705	0.7073425114726742	0.6225162830390396	0.47959183673469385	0.5090354170783655	0.5056666310274778	100.0	98.0	47.0	51.0	95.0	0.0				
amplify	amplify	classifier	strain_saureus33591	minustrain	6676.0	8	8.16	0.17761772366336184	0.6615384615384615	0.4942528735632184	0.9361702127659575	1.0	0.06382978723404255	0.7419594260267195	0.6652185921241776	0.4777777777777778	0.5325399098934868	0.5057263059483463	100.0	90.0	43.0	47.0	87.0	0.0				
ampscanner	ampscanner	classifier	strain_saureus33591	battleamp	2132.0	5	5.1	0.0	0.6428571428571429	0.47368421052631576	1.0	1.0	0.0	0.7095555555555556	0.6515041469708575	0.47368421052631576	0.542796384901648	0.5040860870006598	100.0	95.0	45.0	50.0	95.0	0.0				
ampscanner	ampscanner	classifier	strain_saureus33591	minustrain	2132.0	5	5.1	0.0	0.6466165413533834	0.4777777777777778	1.0	1.0	0.0	0.7266204849084612	0.6732688313179325	0.4777777777777778	0.5484700122399021	0.5046277901133575	100.0	90.0	43.0	47.0	90.0	0.0				
ampredmfa	ampredmfa	classifier	strain_saureus33591	battleamp	11320.0	13	13.27	0.0	0.6482758620689655	0.47959183673469385	1.0	1.0	0.0	0.43012098456403836	0.4265450293691334	0.47959183673469385	0.4861772116461366	0.4986802362878221	100.0	98.0	47.0	51.0	98.0	0.0				
ampredmfa	ampredmfa	classifier	strain_saureus33591	minustrain	11320.0	13	13.27	0.0	0.6507936507936508	0.4823529411764706	1.0	1.0	0.0	0.3777716186252772	0.40845125297978796	0.4823529411764706	0.4842747111681643	0.49849859051354334	100.0	85.0	41.0	44.0	85.0	0.0				
hydramp-amp-classifier	hydramp-amp-classifier	classifier	strain_saureus33591	battleamp	11131.0	14	14.29	-0.19414030260879084	0.6153846153846154	0.45977011494252873	1.0	0.9302325581395349	0.0	0.7434438396833251	0.7761957708110595	0.4777777777777778	0.6679601031276856	0.6727825172373495	100.0	90.0	43.0	47.0	87.0	0.0				
hydramp-amp-classifier	hydramp-amp-classifier	classifier	strain_saureus33591	minustrain	11131.0	14	14.29	-0.2027212135198458	0.6306306306306306	0.4794520547945205	1.0	0.9210526315789473	0.0	0.7624653739612188	0.8054210412831435	0.5	0.6697769354133256	0.6693996297275853	100.0	76.0	38.0	38.0	73.0	0.0				
hydramp-mic-classifier	hydramp-mic-classifier	classifier	strain_saureus33591	battleamp	3444.0	33	33.67	0.2437455424136527	0.672566371681416	0.5428571428571428	0.6808510638297872	0.8837209302325582	0.3191489361702128	0.7456704601682337	0.7200960529790821	0.4777777777777778	0.6046772051355505	0.5091737758560243	100.0	90.0	43.0	47.0	70.0	0.0				
hydramp-mic-classifier	hydramp-mic-classifier	classifier	strain_saureus33591	minustrain	3444.0	33	33.67	0.10676555331514855	0.6216216216216216	0.4791666666666667	0.8064516129032258	0.8846153846153846	0.1935483870967742	0.7456575682382134	0.72738689813289	0.45614035087719296	0.6251795742457882	0.5168148434480093	100.0	57.0	26.0	31.0	48.0	0.0				
apex-min	apex	regressor	strain_saureus33591	battleamp	1388.0	2	2.04	0.13312051063847863	0.6444444444444445	0.5087719298245614	0.7777777777777778	0.8787878787878788	0.2222222222222222	0.6734006734006734	0.6485451572838083	0.4782608695652174	0.5286195286195287	0.5127150906045378	100.0	69.0	33.0	36.0	57.0	0.0				
apex-min	apex	regressor	strain_saureus33591	minustrain	1388.0	2	2.04	0.14874472510979306	0.6590909090909091	0.5272727272727272	0.7647058823529411	0.8787878787878788	0.23529411764705882	0.7085561497326203	0.7304246327690103	0.4925373134328358	0.5984613941270288	0.527942744023146	100.0	67.0	33.0	34.0	55.0	0.0				
apex-ecoli	apex	regressor	strain_saureus33591	battleamp	1388.0	2	2.04	0.31987213820369415	0.5405405405405406	0.7692307692307693	0.13043478260869565	0.4166666666666667	0.8695652173913043	0.6920289855072465	0.6942312429682763	0.5106382978723404	0.5232646834477498	0.5393634840871022	100.0	47.0	24.0	23.0	13.0	0.0				
apex-ecoli	apex	regressor	strain_saureus33591	minustrain	1388.0	2	2.04	0.37057951116309706	0.5555555555555556	0.8333333333333334	0.09090909090909091	0.4166666666666667	0.9090909090909091	0.7196969696969697	0.7422218859603434	0.5217391304347826	0.5574162679425837	0.5393634840871022	100.0	46.0	24.0	22.0	12.0	0.0				
apex-saureus	apex	regressor	strain_saureus33591	battleamp	1388.0	2	2.04	0.0	0.0	0.0	0.0	0.0	1.0	0.5113031914893618	0.45978119898314856	0.4050632911392405	0.5125279955207167	0.5288944723618091	100.0	79.0	32.0	47.0	0.0	0.0				
apex-saureus	apex	regressor	strain_saureus33591	minustrain	1388.0	2	2.04	0.0	0.0	0.0	0.0	0.0	1.0	0.5229166666666667	0.47835447601905234	0.4155844155844156	0.5138888888888888	0.5288944723618091	100.0	77.0	32.0	45.0	0.0	0.0				
apex-kpneumoniae	apex	regressor	strain_saureus33591	battleamp	1388.0	2	2.04	0.0	0.0	0.0	0.0	0.0	1.0	0.609375	0.5819462445976027	0.42105263157894735	0.5544258373205742	0.5288944723618091	100.0	76.0	32.0	44.0	0.0	0.0				
apex-kpneumoniae	apex	regressor	strain_saureus33591	minustrain	1388.0	2	2.04	0.0	0.0	0.0	0.0	0.0	1.0	0.6097383720930233	0.5852417238938018	0.4266666666666667	0.5528610771113831	0.5288944723618091	100.0	75.0	32.0	43.0	0.0	0.0				
apex-abaumannii	apex	regressor	strain_saureus33591	battleamp	1388.0	2	2.04	0.5494505494505495	0.7659574468085106	0.8571428571428571	0.14285714285714285	0.6923076923076923	0.8571428571428571	0.8223443223443224	0.8735584571755047	0.5531914893617021	0.7002120686331212	0.6714340935446463	100.0	47.0	26.0	21.0	21.0	0.0				
apex-abaumannii	apex	regressor	strain_saureus33591	minustrain	1388.0	2	2.04	0.5494505494505495	0.7659574468085106	0.8571428571428571	0.14285714285714285	0.6923076923076923	0.8571428571428571	0.8223443223443224	0.8735584571755047	0.5531914893617021	0.7002120686331212	0.6714340935446463	100.0	47.0	26.0	21.0	21.0	0.0				
apex-paeruginosa	apex	regressor	strain_saureus33591	battleamp	1388.0	2	2.04	0.0	0.0	0.0	0.0	0.0	1.0	0.5092307692307692	0.5279143366114114	0.5098039215686274	0.5060728744939271	0.5168148434480093	100.0	51.0	26.0	25.0	0.0	0.0				
apex-paeruginosa	apex	regressor	strain_saureus33591	minustrain	1388.0	2	2.04	0.0	0.0	0.0	0.0	0.0	1.0	0.5092307692307692	0.5279143366114114	0.5098039215686274	0.5060728744939271	0.5168148434480093	100.0	51.0	26.0	25.0	0.0	0.0				
mbc-attention	mbc-attention	regressor	strain_saureus33591	battleamp	3929.0	17	17.35	0.12350606688841981	0.7037037037037037	0.5588235294117647	0.8823529411764706	0.95	0.11764705882352941	0.6955882352941176	0.7433191769725718	0.5405405405405406	0.5781733746130031	0.585427135678392	100.0	74.0	40.0	34.0	68.0	0.0				
mbc-attention	mbc-attention	regressor	strain_saureus33591	minustrain	3929.0	17	17.35	0.10469586980761725	0.6588235294117647	0.509090909090909	0.8709677419354839	0.9333333333333333	0.12903225806451613	0.6645161290322581	0.5996624933820246	0.4918032786885246	0.48670062252405205	0.49748743718592964	100.0	61.0	30.0	31.0	55.0	0.0				
sensexamp-classifier	sensexamp	classifier	strain_saureus33591	battleamp	20587.0	42	42.86	0.0	0.6466165413533834	0.4777777777777778	1.0	1.0	0.0	0.546016823354775	0.5451789626077126	0.4777777777777778	0.5408734602463606	0.49748743718592964	100.0	90.0	43.0	47.0	90.0	0.0				
sensexamp-classifier	sensexamp	classifier	strain_saureus33591	minustrain	20587.0	42	42.86	0.0	0.7435897435897436	0.5918367346938775	1.0	1.0	0.0	0.503448275862069	0.6738660858292251	0.5918367346938775	0.5553539019963702	0.5494714954080748	100.0	49.0	29.0	20.0	49.0	0.0				
sensexamp-ecoli	sensexamp	regressor	strain_saureus33591	battleamp	20587.0	42	42.86	0.11522174759643795	0.6875	0.5689655172413793	0.78125	0.868421052631579	0.21875	0.6611842105263157	0.710580402499565	0.5428571428571428	0.5550554016620498	0.5371594816186194	100.0	70.0	38.0	32.0	58.0	0.0				
sensexamp-ecoli	sensexamp	regressor	strain_saureus33591	minustrain	20587.0	42	42.86	-0.1270876095620721	0.711864406779661	0.6176470588235294	0.9285714285714286	0.84	0.07142857142857142	0.5771428571428571	0.7368218676324748	0.6410256410256411	0.5398496240601504	0.5376884422110553	100.0	39.0	25.0	14.0	34.0	0.0				
sensexamp-saureus	sensexamp	regressor	strain_saureus33591	battleamp	20587.0	42	42.86	0.575662996450425	0.7792207792207793	0.7317073170731707	0.2558139534883721	0.8333333333333334	0.7441860465116279	0.8042635658914729	0.8303424767358452	0.45569620253164556	0.7048823609411125	0.637074260189838	100.0	79.0	36.0	43.0	41.0	0.0				
sensexamp-saureus	sensexamp	regressor	strain_saureus33591	minustrain	20587.0	42	42.86	0.20775007961358383	0.7142857142857143	0.6451612903225806	0.6111111111111112	0.8	0.3888888888888889	0.6755555555555556	0.8014125703978963	0.5813953488372093	0.6608187134502924	0.6582914572864321	100.0	43.0	25.0	18.0	31.0	0.0				
ampredictor	ampredictor	regressor	strain_saureus33591	battleamp	2952.0	30	30.61	0.29404800725609676	0.7706422018348624	0.6268656716417911	0.8620689655172413	1.0	0.13793103448275862	0.6535303776683087	0.735118189788878	0.5915492957746479	0.5687494598565379	0.5453457765015554	100.0	71.0	42.0	29.0	67.0	0.0				
ampredictor	ampredictor	regressor	strain_saureus33591	minustrain	2952.0	30	30.61	0.0	0.7906976744186046	0.6538461538461539	1.0	1.0	0.0	0.5751633986928104	0.7460283044854915	0.6538461538461539	0.5545235638114895	0.5418267809636418	100.0	52.0	34.0	18.0	52.0	0.0				
deep-amp-lstm-gramneg	deep-amp	regressor	strain_saureus33591	battleamp	12593.0	50	51.02	0.28312884579257913	0.7291666666666666	0.6140350877192983	0.6666666666666666	0.8974358974358975	0.3333333333333333	0.6721056721056722	0.6713452617039369	0.5416666666666666	0.5190774138142559	0.49748743718592964	100.0	72.0	39.0	33.0	57.0	0.0				
deep-amp-lstm-gramneg	deep-amp	regressor	strain_saureus33591	minustrain	12593.0	50	51.02	0.11032637688688311	0.7407407407407407	0.6451612903225806	0.7857142857142857	0.8695652173913043	0.21428571428571427	0.6273291925465838	0.7467904020073909	0.6216216216216216	0.5488721804511278	0.5630325540747214	100.0	37.0	23.0	14.0	31.0	0.0				
deep-amp-lstm-grampos	deep-amp	regressor	strain_saureus33591	battleamp	12593.0	50	51.02	0.023087854826980506	0.6728971962616822	0.5373134328358209	0.8857142857142857	0.9	0.11428571428571428	0.6000000000000001	0.6832835361458524	0.5333333333333333	0.5789473684210527	0.5728643216080402	100.0	75.0	40.0	35.0	67.0	0.0				
deep-amp-lstm-grampos	deep-amp	regressor	strain_saureus33591	minustrain	12593.0	50	51.02	0.0	0.7457627118644068	0.5945945945945946	1.0	1.0	0.0	0.5969696969696969	0.7419315562847093	0.5945945945945946	0.6092503987240829	0.6116948378254911	100.0	37.0	22.0	15.0	37.0	0.0				
deep-amp-cnn-gramneg	deep-amp	regressor	strain_saureus33591	battleamp	12593.0	50	51.02	0.3329974202753066	0.7818181818181819	0.6515151515151515	0.7666666666666667	0.9772727272727273	0.23333333333333334	0.8015151515151515	0.8522073780021984	0.5945945945945946	0.6172248803827751	0.5774326176336226	100.0	74.0	44.0	30.0	66.0	0.0				
deep-amp-cnn-gramneg	deep-amp	regressor	strain_saureus33591	minustrain	12593.0	50	51.02	0.1754757045775456	0.78125	0.6578947368421053	0.8666666666666667	0.9615384615384616	0.13333333333333333	0.7282051282051282	0.8228534864310268	0.6341463414634146	0.581646423751687	0.5941244684963278	100.0	41.0	26.0	15.0	38.0	0.0				
deep-amp-cnn-grampos	deep-amp	regressor	strain_saureus33591	battleamp	12593.0	50	51.02	-0.047590002756559474	0.65	0.5	0.9512195121951219	0.9285714285714286	0.04878048780487805	0.41114982578397213	0.4572370245209658	0.5060240963855421	0.4990525093220857	0.49748743718592964	100.0	83.0	42.0	41.0	78.0	0.0				
deep-amp-cnn-grampos	deep-amp	regressor	strain_saureus33591	minustrain	12593.0	50	51.02	-0.12887354890896585	0.7142857142857143	0.5681818181818182	1.0	0.9615384615384616	0.0	0.3805668016194332	0.5268201352938119	0.5777777777777777	0.4939271255060729	0.5168148434480093	100.0	45.0	26.0	19.0	44.0	0.0				
example-model	example-model	classifier	species_ecoli	battleamp		0	0.0	-0.010782473992538642	0.5839981764303624	0.711271515824542	0.5073170731707317	0.4953596287703016	0.4926829268292683	0.4919940391979326	0.7177953164216514	0.76	0.5033293720408202	0.5001705990954907	100.0	3611.0	2586.0	1025.0	1801.0	0.0				
example-model	example-model	classifier	species_ecoli	minustrain		0	0.0	-0.010782473992538642	0.5839981764303624	0.711271515824542	0.5073170731707317	0.4953596287703016	0.4926829268292683	0.4919940391979326	0.7177953164216514	0.76	0.5033293720408202	0.5001705990954907	100.0	3611.0	2586.0	1025.0	1801.0	0.0				
example-model	example-model	classifier	species_ecoli	holdout		0	0.0	0.025800209229253173	0.5885558583106267	0.7012987012987013	0.4791666666666667	0.5070422535211268	0.5208333333333334	0.5334751564945227	0.7306157773266727	0.74	0.5235153611728852	0.49748743718592964	100.0	309.0	213.0	96.0	154.0	0.0				
ampeppy	ampeppy	classifier	species_ecoli	battleamp	6536.0	249	6.9	0.22121291047476266	0.8360348063470397	0.7480916030534351	0.8048780487804879	0.9474091260634184	0.1951219512195122	0.6352690849414295	0.7789861069071395	0.78	0.504277500950611	0.505142357705567	100.0	3611.0	2586.0	1025.0	3275.0	0.0				
ampeppy	ampeppy	classifier	species_ecoli	minustrain	6536.0	249	6.9	0.23102768381948335	0.835205302890812	0.7480211081794196	0.7933541017653167	0.9453939141308879	0.2066458982346833	0.6446381908003378	0.7785280392284143	0.68	0.5052098493973152	0.5015495408188265	100.0	3362.0	2399.0	963.0	3032.0	0.0				
ampeppy	ampeppy	classifier	species_ecoli	holdout	6536.0	249	6.9	0.20660337608900528	0.8230616302186878	0.7137931034482758	0.8645833333333334	0.971830985915493	0.13541666666666666	0.5701535602503912	0.7359240934110112	0.72	0.5123857178156659	0.5069242928256305	100.0	309.0	213.0	96.0	290.0	0.0				
amplify	amplify	classifier	species_ecoli	battleamp	6676.0	292	8.09	0.24061224645012164	0.8430252100840336	0.7455410225921522	0.8351219512195122	0.9698375870069605	0.1648780487804878	0.654573783788882	0.7907497102656967	0.78	0.5128317582479769	0.5015509848868965	100.0	3611.0	2586.0	1025.0	3364.0	0.0				
amplify	amplify	classifier	species_ecoli	minustrain	6676.0	292	8.09	0.25289889892600154	0.8455761128411797	0.7510575984380085	0.819935691318328	0.9673093042749371	0.18006430868167203	0.6717669794055894	0.8025394747311665	0.81	0.5171178090770464	0.5007475720249429	100.0	3319.0	2386.0	933.0	3073.0	0.0				
amplify	amplify	classifier	species_ecoli	holdout	6676.0	292	8.09	0.19082128601215748	0.8235294117647058	0.7070707070707071	0.90625	0.9859154929577465	0.09375	0.570813771517997	0.7351014757113689	0.74	0.5098478296680669	0.5045650789157052	100.0	309.0	213.0	96.0	297.0	0.0				
ampscanner	ampscanner	classifier	species_ecoli	battleamp	2132.0	120	3.32	0.22358970208645143	0.8388285135384048	0.7419354838709677	0.8372093023255814	0.9648305084745763	0.16279069767441862	0.6735706991077508	0.8044616640084691	0.82	0.5222917595896521	0.5021283589557959	100.0	3306.0	2360.0	946.0	3069.0	0.0				
ampscanner	ampscanner	classifier	species_ecoli	minustrain	2132.0	120	3.32	0.22640675048943418	0.8379310344827586	0.7411047102677059	0.8331515812431843	0.9638607315998237	0.1668484187568157	0.6774219206958518	0.8051510276620971	0.75	0.5227213916672697	0.5021693791039101	100.0	3186.0	2269.0	917.0	2951.0	0.0				
ampscanner	ampscanner	classifier	species_ecoli	holdout	2132.0	120	3.32	0.11829887926541885	0.8252032520325203	0.725	0.8953488372093024	0.9575471698113207	0.10465116279069768	0.6101908731899955	0.7682814753145879	0.76	0.5104071499503475	0.5009936474826965	100.0	298.0	212.0	86.0	280.0	0.0				
ampredmfa	ampredmfa	classifier	species_ecoli	battleamp	11320.0	448	12.41	0.08084689052822758	0.8357628765792031	0.7190635451505016	0.9834146341463414	0.9976798143851509	0.016585365853658537	0.5604253673627224	0.7497410647265121	0.88	0.5083485058965646	0.5007970935278127	100.0	3611.0	2586.0	1025.0	3588.0	0.0				
ampredmfa	ampredmfa	classifier	species_ecoli	minustrain	11320.0	448	12.41	0.08742184159893572	0.8278688524590164	0.7074180197389367	0.9818376068376068	0.9977548271216884	0.018162393162393164	0.5588911724407908	0.7346703776990564	0.89	0.5049937371493395	0.5004767889740576	100.0	3163.0	2227.0	936.0	3141.0	0.0				
ampredmfa	ampredmfa	classifier	species_ecoli	holdout	11320.0	448	12.41	0.0	0.8160919540229885	0.6893203883495146	1.0	1.0	0.0	0.5043280516431925	0.6934346793648904	0.66	0.5001010849787721	0.5000096513296315	100.0	309.0	213.0	96.0	309.0	0.0				
hydramp-amp-classifier	hydramp-amp-classifier	classifier	species_ecoli	battleamp	11131.0	388	10.74	0.24106605776522827	0.8365482233502538	0.7458363504706734	0.7986348122866894	0.9523809523809523	0.20136518771331058	0.6986357064225781	0.8260893765613685	0.88	0.5443950787314332	0.5026236644182149	100.0	3042.0	2163.0	879.0	2762.0	0.0				
hydramp-amp-classifier	hydramp-amp-classifier	classifier	species_ecoli	minustrain	11131.0	388	10.74	0.256354037209613	0.8356807511737089	0.7478991596638656	0.7751937984496124	0.9468085106382979	0.2248062015503876	0.7196619522788499	0.8426677814973602	0.93	0.5575032335911525	0.51101631040831	100.0	2654.0	1880.0	774.0	2380.0	0.0				
hydramp-amp-classifier	hydramp-amp-classifier	classifier	species_ecoli	holdout	11131.0	388	10.74	0.2379342777692053	0.8210023866348448	0.7049180327868853	0.8674698795180723	0.9828571428571429	0.13253012048192772	0.6461617900172116	0.7557987644291263	0.76	0.5191194854606396	0.49748743718592964	100.0	258.0	175.0	83.0	244.0	0.0				
hydramp-mic-classifier	hydramp-mic-classifier	classifier	species_ecoli	battleamp	3444.0	982	27.19	0.6181190005949234	0.888631090487239	0.8919422449930136	0.26393629124004553	0.8853444290337494	0.7360637087599545	0.8688578781524207	0.924246455910811	0.94	0.6505354309927375	0.5146920085234541	100.0	3042.0	2163.0	879.0	2147.0	0.0				
hydramp-mic-classifier	hydramp-mic-classifier	classifier	species_ecoli	minustrain	3444.0	982	27.19	0.463011220851979	0.8581794195250659	0.8610191925876902	0.38961038961038963	0.8553583168967784	0.6103896103896104	0.7904208123988344	0.8881535102295345	0.92	0.5750102028297517	0.5019062333657286	100.0	2060.0	1521.0	539.0	1511.0	0.0				
hydramp-mic-classifier	hydramp-mic-classifier	classifier	species_ecoli	holdout	3444.0	982	27.19	0.3274971149837942	0.8226221079691517	0.7476635514018691	0.6506024096385542	0.9142857142857143	0.3493975903614458	0.7025129087779691	0.7932863319470168	0.82	0.5217320409457379	0.49748743718592964	100.0	258.0	175.0	83.0	214.0	0.0				
apex-min	apex	regressor	species_ecoli	battleamp	1388.0	26	0.72	0.36587435347510733	0.7941463414634147	0.8580463808854533	0.33949579831932775	0.7391041162227603	0.6605042016806723	0.7410503184324577	0.8764307118905194	0.95	0.578779772390669	0.5142099084757827	100.0	2247.0	1652.0	595.0	1423.0	0.0				
apex-min	apex	regressor	species_ecoli	minustrain	1388.0	26	0.72	0.3660330032825062	0.7927631578947368	0.8576512455516014	0.3372681281618887	0.7370030581039755	0.6627318718381113	0.7409254761204882	0.8751388683594741	0.94	0.5770620759550842	0.5133689394728023	100.0	2228.0	1635.0	593.0	1405.0	0.0				
apex-min	apex	regressor	species_ecoli	holdout	1388.0	26	0.72	0.20339428594797762	0.821656050955414	0.75	0.7543859649122807	0.9084507042253521	0.24561403508771928	0.6051396095873487	0.7974017376496735	0.75	0.558932542624166	0.5470309292943591	100.0	199.0	142.0	57.0	172.0	0.0				
apex-ecoli	apex	regressor	species_ecoli	battleamp	1388.0	26	0.72	0.26487816610647485	0.3624511082138201	0.9391891891891891	0.02586206896551724	0.2245557350565428	0.9741379310344828	0.6581423040499137	0.7901102142692754	0.94	0.594532191433405	0.5226746511791311	100.0	1934.0	1238.0	696.0	296.0	0.0				
apex-ecoli	apex	regressor	species_ecoli	minustrain	1388.0	26	0.72	0.26203152708348143	0.3579920739762219	0.9377162629757786	0.02601156069364162	0.22122448979591836	0.9739884393063584	0.6578636310015336	0.7879967603476573	0.94	0.5923458522441529	0.5214505937733969	100.0	1917.0	1225.0	692.0	289.0	0.0				
apex-ecoli	apex	regressor	species_ecoli	holdout	1388.0	26	0.72	0.22793872067229365	0.5605095541401274	0.8148148148148148	0.19607843137254902	0.42718446601941745	0.803921568627451	0.6839901008947268	0.8210128635355209	0.77	0.5829951806987486	0.5657901156266771	100.0	154.0	103.0	51.0	54.0	0.0				
apex-saureus	apex	regressor	species_ecoli	battleamp	1388.0	26	0.72	-0.018499245217639588	0.03621314019658562	0.625	0.024277456647398842	0.018646776771443795	0.9757225433526011	0.541823288299802	0.700607139098411	0.69	0.5011896042254249	0.4982271522182963	100.0	2742.0	1877.0	865.0	56.0	0.0				
apex-saureus	apex	regressor	species_ecoli	minustrain	1388.0	26	0.72	-0.028352872909880922	0.03143006809848088	0.5882352941176471	0.02441860465116279	0.016146393972012917	0.9755813953488373	0.5421327008285979	0.6983320945459733	0.67	0.5003115970766528	0.49795916775657395	100.0	2718.0	1858.0	860.0	51.0	0.0				
apex-saureus	apex	regressor	species_ecoli	holdout	1388.0	26	0.72	0.14303992900166154	0.1566265060240964	0.9285714285714286	0.012987012987012988	0.08552631578947369	0.987012987012987	0.4663362952836637	0.677216176919843	0.62	0.5324585386912257	0.5404654853213435	100.0	229.0	152.0	77.0	14.0	0.0				
apex-kpneumoniae	apex	regressor	species_ecoli	battleamp	1388.0	26	0.72	0.03735092745896132	0.01432225063938619	0.9333333333333333	0.001215066828675577	0.007216494845360825	0.9987849331713244	0.5568475905350052	0.7359071778509183	0.7	0.5043855803279164	0.5031444882087279	100.0	2763.0	1940.0	823.0	15.0	0.0				
apex-kpneumoniae	apex	regressor	species_ecoli	minustrain	1388.0	26	0.72	0.031177687287669155	0.011363636363636364	0.9166666666666666	0.001221001221001221	0.005717255717255718	0.9987789987789988	0.5573591342822112	0.7343242446651181	0.7	0.5035054852868618	0.5024511549443903	100.0	2743.0	1924.0	819.0	12.0	0.0				
apex-kpneumoniae	apex	regressor	species_ecoli	holdout	1388.0	26	0.72	0.10973895136228032	0.0718562874251497	1.0	0.0	0.037267080745341616	1.0	0.4997481954003693	0.6938799495440879	0.65	0.5120291916630589	0.5162146134398702	100.0	235.0	161.0	74.0	6.0	0.0				
apex-abaumannii	apex	regressor	species_ecoli	battleamp	1388.0	26	0.72	0.3279491840709682	0.5606694560669456	0.8963210702341137	0.09104258443465492	0.4079147640791476	0.908957415565345	0.6918210528433206	0.8163566480728881	0.9	0.5909014821096485	0.5149994581404239	100.0	1995.0	1314.0	681.0	598.0	0.0				
apex-abaumannii	apex	regressor	species_ecoli	minustrain	1388.0	26	0.72	0.32590674569852646	0.5582627118644068	0.8947368421052632	0.0915805022156573	0.40569668976135487	0.9084194977843427	0.6913680902136969	0.814086646097441	0.9	0.588474189146867	0.5136126744410539	100.0	1976.0	1299.0	677.0	589.0	0.0				
apex-abaumannii	apex	regressor	species_ecoli	holdout	1388.0	26	0.72	0.19687155208289261	0.6631578947368421	0.7682926829268293	0.37254901960784315	0.5833333333333334	0.6274509803921569	0.6748366013071896	0.8153788265236916	0.79	0.5724878645415281	0.5254048017867113	100.0	159.0	108.0	51.0	82.0	0.0				
apex-paeruginosa	apex	regressor	species_ecoli	battleamp	1388.0	26	0.72	0.10765391831216856	0.06	1.0	0.0	0.030927835051546393	1.0	0.5962666992008785	0.7249529937783485	0.87	0.5406939847024993	0.5197852251558531	100.0	2300.0	1455.0	845.0	45.0	0.0				
apex-paeruginosa	apex	regressor	species_ecoli	minustrain	1388.0	26	0.72	0.10454880776175007	0.05660377358490566	1.0	0.0	0.02912621359223301	1.0	0.5964722335374472	0.7234592690878406	0.86	0.5397409168882286	0.5189168659408235	100.0	2283.0	1442.0	841.0	42.0	0.0				
apex-paeruginosa	apex	regressor	species_ecoli	holdout	1388.0	26	0.72	0.022149494397047106	0.07920792079207921	0.6666666666666666	0.03333333333333333	0.042105263157894736	0.9666666666666667	0.558421052631579	0.66337371453282	0.65	0.5161588180978762	0.5080666490346469	100.0	155.0	95.0	60.0	6.0	0.0				
mbc-attention	mbc-attention	regressor	species_ecoli	battleamp	3929.0	1268	35.11	0.7045322506940385	0.9351519502273271	0.9033749422098937	0.32965299684542587	0.9692460317460317	0.6703470031545742	0.8908252904211106	0.9553220160439292	1.0	0.6853719142756998	0.5743301719654303	100.0	2650.0	2016.0	634.0	2163.0	0.0				
mbc-attention	mbc-attention	regressor	species_ecoli	minustrain	3929.0	1268	35.11	0.4440440872337672	0.9047798268724125	0.8579586009992862	0.6067073170731707	0.9570063694267515	0.3932926829268293	0.7770093793692714	0.9183283216602792	0.97	0.585506896805475	0.5271916519056367	100.0	1584.0	1256.0	328.0	1401.0	0.0				
mbc-attention	mbc-attention	regressor	species_ecoli	holdout	3929.0	1268	35.11	0.2773500981126146	0.868632707774799	0.7788461538461539	0.8363636363636363	0.9818181818181818	0.16363636363636364	0.6365840220385676	0.8474631365970249	0.84	0.5650282731622445	0.5401248667580326	100.0	220.0	165.0	55.0	208.0	0.0				
sensexamp-classifier	sensexamp	classifier	species_ecoli	battleamp	20587.0	881	24.4	0.18577305657927873	0.8375196232339089	0.7265917602996255	0.9156214367160775	0.9884205650764243	0.08437856328392246	0.7068097640119084	0.8459181381064851	0.94	0.5712955877620542	0.5129287184548393	100.0	3036.0	2159.0	877.0	2937.0	0.0				
sensexamp-classifier	sensexamp	classifier	species_ecoli	minustrain	20587.0	881	24.4	0.1953667680259061	0.8499480789200415	0.7454462659380692	0.9104234527687296	0.9885265700483091	0.08957654723127036	0.7060870352011833	0.8565090621450869	0.94	0.5718274998736987	0.5135752089690454	100.0	2270.0	1656.0	614.0	2196.0	0.0				
sensexamp-classifier	sensexamp	classifier	species_ecoli	holdout	20587.0	881	24.4	0.08375121482972703	0.8084112149532711	0.6837944664031621	0.963855421686747	0.9885714285714285	0.03614457831325301	0.6899827882960413	0.7916858016054107	0.81	0.5250656762387897	0.5032304379038047	100.0	258.0	175.0	83.0	253.0	0.0				
sensexamp-ecoli	sensexamp	regressor	species_ecoli	battleamp	20587.0	881	24.4	0.5104315696257571	0.8835234810294508	0.8753943217665615	0.39173553719008264	0.8918050348152116	0.6082644628099173	0.8290818788262426	0.9322534433245486	1.0	0.6580008587604634	0.5554581060872806	100.0	2472.0	1867.0	605.0	1902.0	0.0				
sensexamp-ecoli	sensexamp	regressor	species_ecoli	minustrain	20587.0	881	24.4	0.4403562880280991	0.8712522045855379	0.8691062631949331	0.43559718969555034	0.8734087694483734	0.5644028103044496	0.8062151983013625	0.9270157983313229	0.99	0.6369953682871589	0.5489897772836104	100.0	1841.0	1414.0	427.0	1421.0	0.0				
sensexamp-ecoli	sensexamp	regressor	species_ecoli	holdout	20587.0	881	24.4	0.3496208017334778	0.795774647887324	0.795774647887324	0.4461538461538462	0.795774647887324	0.5538461538461539	0.7166847237269772	0.8143365876114083	0.83	0.5483834179164053	0.5010262580508175	100.0	207.0	142.0	65.0	142.0	0.0				
sensexamp-saureus	sensexamp	regressor	species_ecoli	battleamp	20587.0	881	24.4	0.3962634821077223	0.7620915032679738	0.8747186796699175	0.23959827833572453	0.6751592356687898	0.7604017216642754	0.7419796480740106	0.8658890476043324	0.94	0.5723844623467594	0.5168654050843374	100.0	2424.0	1727.0	697.0	1333.0	0.0				
sensexamp-saureus	sensexamp	regressor	species_ecoli	minustrain	20587.0	881	24.4	0.3290244147439561	0.7334494773519163	0.8707342295760083	0.2615062761506276	0.6335590669676449	0.7384937238493724	0.7091782603083453	0.8586417832176982	0.92	0.5496346389363759	0.514224091989806	100.0	1807.0	1329.0	478.0	967.0	0.0				
sensexamp-saureus	sensexamp	regressor	species_ecoli	holdout	20587.0	881	24.4	0.33838296559401065	0.7407407407407407	0.8264462809917356	0.3088235294117647	0.6711409395973155	0.6911764705882353	0.703513620213186	0.8392895578246115	0.85	0.5830822615164045	0.5379582476139084	100.0	217.0	149.0	68.0	121.0	0.0				
ampredictor	ampredictor	regressor	species_ecoli	battleamp	2952.0	884	24.48	0.6328089837252485	0.934337491174394	0.8913336326897171	0.46449136276391556	0.9817012858555886	0.5355086372360844	0.8215132581906136	0.9308368163293789	0.97	0.5905769938095836	0.5216671055641391	100.0	2543.0	2022.0	521.0	2227.0	0.0				
ampredictor	ampredictor	regressor	species_ecoli	minustrain	2952.0	884	24.48	0.4204842898471669	0.9132911392405063	0.8584176085663295	0.6858789625360231	0.9756592292089249	0.31412103746397696	0.7282103142359995	0.9036369902095518	0.96	0.5505692875852204	0.512838552531408	100.0	1826.0	1479.0	347.0	1681.0	0.0				
ampredictor	ampredictor	regressor	species_ecoli	holdout	2952.0	884	24.48	0.1464424819146065	0.8557692307692307	0.7510548523206751	0.9516129032258065	0.994413407821229	0.04838709677419355	0.6547125608217697	0.8437483420811217	0.84	0.5471920023522493	0.5367900957300469	100.0	241.0	179.0	62.0	237.0	0.0				
deep-amp-lstm-gramneg	deep-amp	regressor	species_ecoli	battleamp	12593.0	1229	34.03	0.25850605296425233	0.805671780567178	0.778176919622811	0.5930372148859544	0.8351807228915663	0.4069627851140456	0.6540927696379758	0.7901934938132085	0.78	0.5206102732786203	0.4978746841716647	100.0	2908.0	2075.0	833.0	2227.0	0.0				
deep-amp-lstm-gramneg	deep-amp	regressor	species_ecoli	minustrain	12593.0	1229	34.03	0.22429436266949498	0.8018400566171267	0.7895470383275262	0.5968379446640316	0.8145219266714594	0.4031620553359684	0.6324906300525968	0.7801880567277613	0.71	0.5010825484103356	0.49748743718592964	100.0	1897.0	1391.0	506.0	1435.0	0.0				
deep-amp-lstm-gramneg	deep-amp	regressor	species_ecoli	holdout	12593.0	1229	34.03	0.06496812113986411	0.7563025210084033	0.6818181818181818	0.7974683544303798	0.8490566037735849	0.20253164556962025	0.5084786243133509	0.6585354490216587	0.63	0.4925395648184229	0.49748743718592964	100.0	238.0	159.0	79.0	198.0	0.0				
deep-amp-lstm-grampos	deep-amp	regressor	species_ecoli	battleamp	12593.0	1229	34.03	0.504452419678676	0.8600987538208323	0.8607058823529412	0.35449101796407184	0.8594924812030075	0.6455089820359281	0.7949141191301607	0.8817096319021044	0.95	0.5664266046458725	0.5138802947247154	100.0	2963.0	2128.0	835.0	2125.0	0.0				
deep-amp-lstm-grampos	deep-amp	regressor	species_ecoli	minustrain	12593.0	1229	34.03	0.3962086771819261	0.8462064251537936	0.8456284153005464	0.45109780439121755	0.8467852257181943	0.5489021956087824	0.7455171735871623	0.8673746037188116	0.88	0.5419895323472143	0.5081680125303017	100.0	1963.0	1462.0	501.0	1464.0	0.0				
deep-amp-lstm-grampos	deep-amp	regressor	species_ecoli	holdout	12593.0	1229	34.03	0.1416596861545778	0.7917737789203085	0.719626168224299	0.7692307692307693	0.88	0.23076923076923078	0.5745787545787546	0.7464692953091063	0.72	0.5362251783304415	0.49748743718592964	100.0	253.0	175.0	78.0	214.0	0.0				
deep-amp-cnn-gramneg	deep-amp	regressor	species_ecoli	battleamp	12593.0	1229	34.03	0.41859607056276377	0.8787536689997743	0.8238780694326842	0.6028985507246377	0.9414610546686019	0.39710144927536234	0.7588194050048028	0.8816298272500369	0.93	0.5700331791174156	0.5060773955246317	100.0	2757.0	2067.0	690.0	2362.0	0.0				
deep-amp-cnn-gramneg	deep-amp	regressor	species_ecoli	minustrain	12593.0	1229	34.03	0.40156579212225907	0.8845242126650864	0.8323773103887827	0.6232227488151659	0.9436416184971098	0.3767772511848341	0.7275343807358301	0.86873399371864	0.9	0.5426060871709175	0.5002716786408552	100.0	1806.0	1384.0	422.0	1569.0	0.0				
deep-amp-cnn-gramneg	deep-amp	regressor	species_ecoli	holdout	12593.0	1229	34.03	-0.049395364902211	0.7850467289719626	0.7336244541484717	0.8840579710144928	0.8442211055276382	0.11594202898550725	0.5321535212293351	0.7512510231691587	0.78	0.4879814787131692	0.49748743718592964	100.0	268.0	199.0	69.0	229.0	0.0				
deep-amp-cnn-grampos	deep-amp	regressor	species_ecoli	battleamp	12593.0	1229	34.03	0.30909869814631485	0.8775205377147125	0.7974211062097047	0.7928286852589641	0.9755085097550851	0.20717131474103587	0.6579135237106093	0.8163993065239185	0.75	0.5003612736574186	0.4986739248351847	100.0	3162.0	2409.0	753.0	2947.0	0.0				
deep-amp-cnn-grampos	deep-amp	regressor	species_ecoli	minustrain	12593.0	1229	34.03	0.29259563545020456	0.8753478018920423	0.7992886178861789	0.7852882703777336	0.9674046740467405	0.2147117296222664	0.6139754339889323	0.7852704248725311	0.62	0.4863903907428736	0.4978597697502795	100.0	2129.0	1626.0	503.0	1968.0	0.0				
deep-amp-cnn-grampos	deep-amp	regressor	species_ecoli	holdout	12593.0	1229	34.03	0.1592055176478907	0.8240343347639485	0.7191011235955056	0.8823529411764706	0.964824120603015	0.11764705882352941	0.5723322494827077	0.7308359491748568	0.71	0.4993543569239386	0.5000126259437893	100.0	284.0	199.0	85.0	267.0	0.0				
example-model	example-model	classifier	species_saureus	battleamp		0	0.0	-0.011082608365813451	0.5572873940388297	0.6396735718769617	0.5052816901408451	0.4937015503875969	0.49471830985915494	0.49373119165574847	0.6456291822981097	0.66	0.5022749140189977	0.5002860032502287	100.0	3200.0	2064.0	1136.0	1593.0	0.0				
example-model	example-model	classifier	species_saureus	minustrain		0	0.0	-0.011082608365813451	0.5572873940388297	0.6396735718769617	0.5052816901408451	0.4937015503875969	0.49471830985915494	0.49373119165574847	0.6456291822981097	0.66	0.5022749140189977	0.5002860032502287	100.0	3200.0	2064.0	1136.0	1593.0	0.0				
example-model	example-model	classifier	species_saureus	holdout		0	0.0	0.03464420126072566	0.6017699115044248	0.723404255319149	0.47706422018348627	0.5151515151515151	0.5229357798165137	0.5331178760077843	0.7466346035885756	0.74	0.5321027757049003	0.4984304340719444	100.0	373.0	264.0	109.0	188.0	0.0				
ampeppy	ampeppy	classifier	species_saureus	battleamp	6536.0	276	8.62	0.24013765094372683	0.7978382706164932	0.6797407912687585	0.8265845070422535	0.9656007751937985	0.17341549295774647	0.6458335465798667	0.7286547571941493	0.78	0.5130540100045397	0.5034984090394103	100.0	3200.0	2064.0	1136.0	2932.0	0.0				
ampeppy	ampeppy	classifier	species_saureus	minustrain	6536.0	276	8.62	0.25097797627458307	0.7927449679274496	0.6724202626641651	0.8174157303370787	0.9655172413793104	0.18258426966292135	0.6518241274376856	0.7210828415826486	0.67	0.5094407215005744	0.5057316318126861	100.0	2924.0	1856.0	1068.0	2665.0	0.0				
ampeppy	ampeppy	classifier	species_saureus	holdout	6536.0	276	8.62	0.25340799780153134	0.8305084745762712	0.7515337423312883	0.7431192660550459	0.928030303030303	0.25688073394495414	0.606043230469836	0.7689729401874308	0.75	0.5169585765916042	0.5107243194007289	100.0	373.0	264.0	109.0	326.0	0.0				
amplify	amplify	classifier	species_saureus	battleamp	6676.0	321	10.03	0.19596869559247143	0.7931306750888275	0.6692205196535643	0.8748898678414097	0.9733527131782945	0.12511013215859032	0.6331470050882764	0.709376081043599	0.58	0.5035877763638684	0.49899730394317354	100.0	3199.0	2064.0	1135.0	3002.0	0.0				
amplify	amplify	classifier	species_saureus	minustrain	6676.0	321	10.03	0.20052314791332992	0.7878653675819309	0.6633109619686801	0.8649425287356322	0.970010905125409	0.13505747126436782	0.6454408428283133	0.7138050545549688	0.61	0.5084477337944316	0.4989909205419502	100.0	2878.0	1834.0	1044.0	2682.0	0.0				
amplify	amplify	classifier	species_saureus	holdout	6676.0	321	10.03	0.12164228207243954	0.819078947368421	0.7238372093023255	0.8715596330275229	0.9431818181818182	0.12844036697247707	0.6711148179038087	0.8126997385776036	0.85	0.5312431412141697	0.5054226686672171	100.0	373.0	264.0	109.0	344.0	0.0				
ampscanner	ampscanner	classifier	species_saureus	battleamp	2132.0	148	4.62	0.20246064566012617	0.7830592475782834	0.6563444108761329	0.8641975308641975	0.9704075935231714	0.13580246913580246	0.669437193353069	0.7407859727047393	0.71	0.5267520583735203	0.5025542166286275	100.0	2844.0	1791.0	1053.0	2648.0	0.0				
ampscanner	ampscanner	classifier	species_saureus	minustrain	2132.0	148	4.62	0.20108561921276857	0.7780966044954567	0.6502797761790567	0.8612204724409449	0.968452380952381	0.13877952755905512	0.6704768349268841	0.7369149083783496	0.79	0.5276044589084652	0.5026356016043259	100.0	2696.0	1680.0	1016.0	2502.0	0.0				
ampscanner	ampscanner	classifier	species_saureus	holdout	2132.0	148	4.62	0.16514867915618225	0.8417508417508418	0.7507507507507507	0.8645833333333334	0.9578544061302682	0.13541666666666666	0.7101891762452107	0.8454591298935962	0.85	0.5409303658420097	0.5039079243768753	100.0	357.0	261.0	96.0	333.0	0.0				
ampredmfa	ampredmfa	classifier	species_saureus	battleamp	11320.0	445	13.91	0.07523666752758365	0.7858913250714966	0.6479094624331971	0.986784140969163	0.998546511627907	0.013215859030837005	0.5740465884642967	0.6798042377974244	0.78	0.5006386858245794	0.500060980053603	100.0	3199.0	2064.0	1135.0	3181.0	0.0				
ampredmfa	ampredmfa	classifier	species_saureus	minustrain	11320.0	445	13.91	0.08302585228023758	0.7728494623655914	0.6302521008403361	0.98539435248296	0.9988419224088014	0.014605647517039922	0.5614739610143948	0.652960255991657	0.73	0.49822513527066603	0.4998305405534807	100.0	2754.0	1727.0	1027.0	2737.0	0.0				
ampredmfa	ampredmfa	classifier	species_saureus	holdout	11320.0	445	13.91	-0.033314999845834074	0.8270440251572327	0.706989247311828	1.0	0.9962121212121212	0.0	0.527227550736725	0.7360940456868332	0.77	0.5130706738437002	0.5012479537840718	100.0	373.0	264.0	109.0	372.0	0.0				
hydramp-amp-classifier	hydramp-amp-classifier	classifier	species_saureus	battleamp	11131.0	417	13.03	0.22369563499864648	0.8079869979103784	0.6962785114045619	0.8331503841931943	0.9623893805309734	0.1668496158068057	0.745008159855454	0.8394382457994629	0.93	0.5783765524048311	0.5209120520274259	100.0	2719.0	1808.0	911.0	2499.0	0.0				
hydramp-amp-classifier	hydramp-amp-classifier	classifier	species_saureus	minustrain	11131.0	417	13.03	0.2271002856852183	0.792368125701459	0.6765692381408721	0.8181818181818182	0.955991875423155	0.18181818181818182	0.7538224492726862	0.8310670195836853	0.93	0.5824659667263808	0.519477495256866	100.0	2302.0	1477.0	825.0	2087.0	0.0				
hydramp-amp-classifier	hydramp-amp-classifier	classifier	species_saureus	holdout	11131.0	417	13.03	0.15374145087307325	0.7975460122699386	0.7014388489208633	0.8217821782178217	0.9241706161137441	0.1782178217821782	0.6816432828116935	0.7979734312993261	0.82	0.5459720579191868	0.4986901331301055	100.0	312.0	211.0	101.0	278.0	0.0				
hydramp-mic-classifier	hydramp-mic-classifier	classifier	species_saureus	battleamp	3444.0	899	28.09	0.40494285798179463	0.8102425876010781	0.7902208201892744	0.43798024149286496	0.8313053097345132	0.562019758507135	0.7529722152064734	0.8250785424518436	0.81	0.5583037265896252	0.5024592084110361	100.0	2719.0	1808.0	911.0	1902.0	0.0				
hydramp-mic-classifier	hydramp-mic-classifier	classifier	species_saureus	minustrain	3444.0	899	28.09	0.3637116071825596	0.7958115183246073	0.7623456790123457	0.48657187993680884	0.8323504633529908	0.5134281200631912	0.7296555230372213	0.7981620687856928	0.78	0.5450905218943981	0.5010728428633463	100.0	1820.0	1187.0	633.0	1296.0	0.0				
hydramp-mic-classifier	hydramp-mic-classifier	classifier	species_saureus	holdout	3444.0	899	28.09	0.281812287245229	0.7816091954022989	0.7589285714285714	0.5346534653465347	0.8056872037914692	0.46534653465346537	0.6571723523063207	0.7598187182411957	0.77	0.5131745651492063	0.4975110171475839	100.0	312.0	211.0	101.0	224.0	0.0				
apex-min	apex	regressor	species_saureus	battleamp	1388.0	29	0.91	0.3492998950747414	0.7949275362318841	0.792057761732852	0.45	0.7978181818181819	0.55	0.7329931818181817	0.8400362466954006	0.9	0.5749401913875598	0.5105413430790315	100.0	2015.0	1375.0	640.0	1385.0	0.0				
apex-min	apex	regressor	species_saureus	minustrain	1388.0	29	0.91	0.34869048392693974	0.7939882697947214	0.7916666666666666	0.44881889763779526	0.7963235294117647	0.5511811023622047	0.7327779064381658	0.8396836448523897	0.9	0.5753272713975769	0.5098087705782269	100.0	1995.0	1360.0	635.0	1368.0	0.0				
apex-min	apex	regressor	species_saureus	holdout	1388.0	29	0.91	-0.028481261166177475	0.7606382978723404	0.7688172043010753	0.7818181818181819	0.7526315789473684	0.21818181818181817	0.4457416267942584	0.7567067458850915	0.77	0.4981113069755729	0.5027770431102883	100.0	245.0	190.0	55.0	186.0	0.0				
apex-ecoli	apex	regressor	species_saureus	battleamp	1388.0	29	0.91	0.34064709259289655	0.46355446355446356	0.909967845659164	0.039886039886039885	0.310989010989011	0.9601139601139601	0.6674352712814251	0.7567489668494065	0.95	0.6194414372552024	0.53910940381756	100.0	1612.0	910.0	702.0	311.0	0.0				
apex-ecoli	apex	regressor	species_saureus	minustrain	1388.0	29	0.91	0.33811870269762356	0.4583333333333333	0.9105960264900662	0.03890489913544669	0.3062360801781737	0.9610951008645533	0.6657557941759786	0.7544293312481443	0.94	0.6178710159286845	0.5370877609680851	100.0	1592.0	898.0	694.0	302.0	0.0				
apex-ecoli	apex	regressor	species_saureus	holdout	1388.0	29	0.91	0.27559155856060435	0.5463917525773195	0.8833333333333333	0.11864406779661017	0.39552238805970147	0.8813559322033898	0.541866936503921	0.7918348448448348	0.77	0.5795331993023287	0.549988749718743	100.0	193.0	134.0	59.0	60.0	0.0				
apex-saureus	apex	regressor	species_saureus	battleamp	1388.0	29	0.91	0.14736942613087278	0.1168091168091168	0.9425287356321839	0.005170630816959669	0.06226271829916477	0.9948293691830403	0.6084273822788309	0.6808284945300196	0.89	0.5365248459524786	0.5228044561820313	100.0	2284.0	1317.0	967.0	87.0	0.0				
apex-saureus	apex	regressor	species_saureus	minustrain	1388.0	29	0.91	0.1410493813160868	0.10974729241877257	0.9382716049382716	0.00522466039707419	0.05828220858895705	0.9947753396029259	0.6070230013269997	0.6781834945499147	0.87	0.5347951923002305	0.5210682332562093	100.0	2261.0	1304.0	957.0	81.0	0.0				
apex-saureus	apex	regressor	species_saureus	holdout	1388.0	29	0.91	0.1805787796286538	0.1782178217821782	1.0	0.0	0.09782608695652174	1.0	0.4715819800942902	0.7321521868737191	0.71	0.5495712828430427	0.5521083679265895	100.0	267.0	184.0	83.0	18.0	0.0				
apex-kpneumoniae	apex	regressor	species_saureus	battleamp	1388.0	29	0.91	0.059060014553774236	0.022487702037947997	0.9411764705882353	0.001088139281828074	0.011379800853485065	0.998911860718172	0.5704202570361439	0.6526965090102714	0.65	0.5068811347344861	0.5043131491509341	100.0	2325.0	1406.0	919.0	17.0	0.0				
apex-kpneumoniae	apex	regressor	species_saureus	minustrain	1388.0	29	0.91	0.051679238136398215	0.018439716312056736	0.9285714285714286	0.001098901098901099	0.009312320916905445	0.9989010989010989	0.5700494348058819	0.650884471525702	0.64	0.5055359359385901	0.5032864501986617	100.0	2306.0	1396.0	910.0	14.0	0.0				
apex-kpneumoniae	apex	regressor	species_saureus	holdout	1388.0	29	0.91	0.10001931453741905	0.06217616580310881	1.0	0.0	0.03208556149732621	1.0	0.4390243902439024	0.6952913001721279	0.7	0.5066347229754312	0.5136108349232795	100.0	269.0	187.0	82.0	6.0	0.0				
apex-abaumannii	apex	regressor	species_saureus	battleamp	1388.0	29	0.91	0.3797551044514727	0.6227692307692307	0.8590831918505942	0.12063953488372094	0.48841698841698844	0.8793604651162791	0.7148693544042382	0.7910738439474813	0.86	0.5899145451624032	0.5135589729197302	100.0	1724.0	1036.0	688.0	589.0	0.0				
apex-abaumannii	apex	regressor	species_saureus	minustrain	1388.0	29	0.91	0.3780866148029143	0.6208619612742037	0.8583765112262521	0.12058823529411765	0.4863013698630137	0.8794117647058823	0.7138022332220559	0.7888757669799273	0.86	0.5888744827419071	0.5116309069232429	100.0	1702.0	1022.0	680.0	579.0	0.0				
apex-abaumannii	apex	regressor	species_saureus	holdout	1388.0	29	0.91	0.20947610313480627	0.6448979591836734	0.8315789473684211	0.2909090909090909	0.5266666666666666	0.7090909090909091	0.5607272727272727	0.813418894135255	0.83	0.562360446570973	0.5209380234505863	100.0	205.0	150.0	55.0	95.0	0.0				
apex-paeruginosa	apex	regressor	species_saureus	battleamp	1388.0	29	0.91	0.09679250412507621	0.058419243986254296	0.918918918918919	0.003575685339690107	0.030168589174800354	0.9964243146603099	0.5881901913483432	0.6516223220512327	0.73	0.5231979815543196	0.5104956979603125	100.0	1966.0	1127.0	839.0	37.0	0.0				
apex-paeruginosa	apex	regressor	species_saureus	minustrain	1388.0	29	0.91	0.0912578932142317	0.05391304347826087	0.9117647058823529	0.0036101083032490976	0.027777777777777776	0.9963898916967509	0.5868873706593515	0.6486958592379766	0.71	0.5218740373441788	0.5093215127823947	100.0	1947.0	1116.0	831.0	34.0	0.0				
apex-paeruginosa	apex	regressor	species_saureus	holdout	1388.0	29	0.91	-0.017346251464074165	0.04411764705882353	0.6	0.02857142857142857	0.022900763358778626	0.9714285714285714	0.40218102508178843	0.6241863485659707	0.6	0.5035298169086839	0.5051593847098086	100.0	201.0	131.0	70.0	5.0	0.0				
mbc-attention	mbc-attention	regressor	species_saureus	battleamp	3929.0	927	28.97	0.4193922234134532	0.839851024208566	0.7674418604651163	0.5790960451977402	0.9273474982864977	0.4209039548022599	0.7113290582900602	0.8065476625934349	0.88	0.5439006142113803	0.5162205236285866	100.0	2167.0	1459.0	708.0	1763.0	0.0				
mbc-attention	mbc-attention	regressor	species_saureus	minustrain	3929.0	927	28.97	0.3071625111894788	0.8383795309168444	0.7608359133126935	0.7038724373576309	0.9335232668566001	0.296127562642369	0.6473142145123922	0.7809758168276649	0.83	0.5172464125027767	0.501493258051295	100.0	1492.0	1053.0	439.0	1292.0	0.0				
mbc-attention	mbc-attention	regressor	species_saureus	holdout	3929.0	927	28.97	0.058001890333235696	0.8040201005025126	0.7547169811320755	0.8125	0.8602150537634409	0.1875	0.46866599462365593	0.7130396593601451	0.7	0.48288058856819466	0.5028907980764036	100.0	250.0	186.0	64.0	212.0	0.0				
sensexamp-classifier	sensexamp	classifier	species_saureus	battleamp	20587.0	834	26.06	0.15145189432634093	0.803178206583428	0.6785577291906406	0.9239250275633958	0.9838709677419355	0.07607497243660419	0.6798506977616928	0.7865292232588407	0.88	0.5374968363656996	0.5085842981644015	100.0	2705.0	1798.0	907.0	2607.0	0.0				
sensexamp-classifier	sensexamp	classifier	species_saureus	minustrain	20587.0	834	26.06	0.15699778608832318	0.7975077881619937	0.6701570680628273	0.9224011713030746	0.9846153846153847	0.07759882869692533	0.690511318842212	0.7920532355153049	0.9	0.5471556185203408	0.5114102130202766	100.0	1983.0	1300.0	683.0	1910.0	0.0				
sensexamp-classifier	sensexamp	classifier	species_saureus	holdout	20587.0	834	26.06	-0.027402203839861482	0.7874015748031497	0.6734006734006734	0.9603960396039604	0.9478672985781991	0.039603960396039604	0.707756557646286	0.8433532975991848	0.87	0.603170095009002	0.5522636881087905	100.0	312.0	211.0	101.0	297.0	0.0				
sensexamp-ecoli	sensexamp	regressor	species_saureus	battleamp	20587.0	834	26.06	0.4007688395978536	0.8404549646480172	0.7892609699769053	0.5447761194029851	0.8987508218277449	0.4552238805970149	0.7266448820983838	0.8333376164335449	0.92	0.5485099159037161	0.5162305093130287	100.0	2191.0	1521.0	670.0	1732.0	0.0				
sensexamp-ecoli	sensexamp	regressor	species_saureus	minustrain	20587.0	834	26.06	0.3950659215531831	0.8333333333333334	0.7811260904044409	0.5422396856581533	0.8930190389845875	0.4577603143418468	0.7204641030801867	0.8182024919042836	0.83	0.5368821910858167	0.5139843442552835	100.0	1612.0	1103.0	509.0	1261.0	0.0				
sensexamp-ecoli	sensexamp	regressor	species_saureus	holdout	20587.0	834	26.06	0.3603584345932926	0.7787610619469026	0.7904191616766467	0.40229885057471265	0.7674418604651163	0.5977011494252874	0.7224004276931302	0.822045442328823	0.83	0.5789192307151197	0.5004090218534533	100.0	259.0	172.0	87.0	167.0	0.0				
sensexamp-saureus	sensexamp	regressor	species_saureus	battleamp	20587.0	834	26.06	0.6016819056436374	0.8601108033240997	0.8896848137535817	0.21300138312586445	0.8324396782841823	0.7869986168741355	0.8178362052662609	0.8862809177235543	0.98	0.5943900945783301	0.531331414841777	100.0	2215.0	1492.0	723.0	1396.0	0.0				
sensexamp-saureus	sensexamp	regressor	species_saureus	minustrain	20587.0	834	26.06	0.5300126676032847	0.8311562651185292	0.8615847542627884	0.2574626865671642	0.802803738317757	0.7425373134328358	0.7825917143255685	0.855399034415867	0.92	0.5592187855606375	0.5249577501119771	100.0	1606.0	1070.0	536.0	997.0	0.0				
sensexamp-saureus	sensexamp	regressor	species_saureus	holdout	20587.0	834	26.06	0.43596029922147195	0.7721518987341772	0.8652482269503546	0.23170731707317074	0.6971428571428572	0.7682926829268293	0.7328919860627178	0.8305058999965056	0.86	0.5400696864111498	0.5089734386216799	100.0	257.0	175.0	82.0	141.0	0.0				
ampredictor	ampredictor	regressor	species_saureus	battleamp	2952.0	820	25.62	0.3512564807441574	0.8510762070971495	0.7663698271346254	0.7101910828025477	0.9568345323741008	0.2898089171974522	0.6363396833199334	0.767743172511345	0.74	0.5086381143462397	0.5001082989483039	100.0	2157.0	1529.0	628.0	1909.0	0.0				
ampredictor	ampredictor	regressor	species_saureus	minustrain	2952.0	820	25.62	0.23494521195917437	0.8323471400394478	0.735191637630662	0.8172043010752689	0.9590909090909091	0.1827956989247312	0.5771417399804496	0.7302956215623879	0.72	0.5008180274733756	0.49954071432430974	100.0	1565.0	1100.0	465.0	1435.0	0.0				
ampredictor	ampredictor	regressor	species_saureus	holdout	2952.0	820	25.62	0.13015779263075888	0.8675213675213675	0.7748091603053435	0.9365079365079365	0.9854368932038835	0.06349206349206349	0.5310525504700262	0.79426015396226	0.81	0.5139142354267546	0.5096843440503488	100.0	269.0	206.0	63.0	262.0	0.0				
deep-amp-lstm-gramneg	deep-amp	regressor	species_saureus	battleamp	12593.0	1188	37.12	0.40495117963128935	0.8278481012658228	0.7611731843575419	0.558215451577802	0.9073251942286349	0.44178454842219805	0.7169871705842499	0.8009118812040276	0.89	0.5406655746076511	0.5070634804031061	100.0	2721.0	1802.0	919.0	2148.0	0.0				
deep-amp-lstm-gramneg	deep-amp	regressor	species_saureus	minustrain	12593.0	1188	37.12	0.30408308871316064	0.7830508474576271	0.7162790697674418	0.5960912052117264	0.8635514018691589	0.40390879478827363	0.6872629303783981	0.7578485536584652	0.8	0.5282993474126425	0.5028706808418787	100.0	1684.0	1070.0	614.0	1290.0	0.0				
deep-amp-lstm-gramneg	deep-amp	regressor	species_saureus	holdout	12593.0	1188	37.12	0.24080524840121403	0.8105906313645621	0.77734375	0.6263736263736264	0.8468085106382979	0.37362637362637363	0.6461538461538461	0.8160626367584218	0.79	0.5408242373527927	0.5338394098150326	100.0	326.0	235.0	91.0	256.0	0.0				
deep-amp-lstm-grampos	deep-amp	regressor	species_saureus	battleamp	12593.0	1188	37.12	0.26740881581247544	0.761168384879725	0.7383333333333333	0.5268456375838926	0.7854609929078015	0.47315436241610737	0.6757342091484602	0.7721210384828165	0.78	0.5363418462541395	0.5028014236221487	100.0	2586.0	1692.0	894.0	1800.0	0.0				
deep-amp-lstm-grampos	deep-amp	regressor	species_saureus	minustrain	12593.0	1188	37.12	0.2635503063076862	0.757847533632287	0.7142857142857143	0.560530679933665	0.8070678127984718	0.439469320066335	0.6754733179058544	0.7512884147696302	0.74	0.5300837924021208	0.5028823507916574	100.0	1650.0	1047.0	603.0	1183.0	0.0				
deep-amp-lstm-grampos	deep-amp	regressor	species_saureus	holdout	12593.0	1188	37.12	0.1405641211192311	0.7368421052631579	0.7549019607843137	0.5747126436781609	0.719626168224299	0.42528735632183906	0.560264260393168	0.7435183290755536	0.72	0.5156639584782129	0.49748743718592964	100.0	301.0	214.0	87.0	204.0	0.0				
deep-amp-cnn-gramneg	deep-amp	regressor	species_saureus	battleamp	12593.0	1188	37.12	0.46017220635552936	0.8780014552510308	0.8037300177619894	0.6242937853107344	0.9673971138428648	0.3757062146892655	0.807201502565171	0.8980029834202562	0.96	0.6039539917290895	0.5125491423029627	100.0	2579.0	1871.0	708.0	2252.0	0.0				
deep-amp-cnn-gramneg	deep-amp	regressor	species_saureus	minustrain	12593.0	1188	37.12	0.37059855787935114	0.8445678033306899	0.7590876692801141	0.6800804828973843	0.9517426273458445	0.3199195171026157	0.7710319108574593	0.8634329812186463	0.93	0.5902757687179471	0.5093097101838084	100.0	1616.0	1119.0	497.0	1403.0	0.0				
deep-amp-cnn-gramneg	deep-amp	regressor	species_saureus	holdout	12593.0	1188	37.12	0.03504803875328043	0.8098859315589354	0.7607142857142857	0.8375	0.8658536585365854	0.1625	0.5832317073170733	0.7895623134823653	0.78	0.512997432605905	0.49748743718592964	100.0	326.0	246.0	80.0	280.0	0.0				
deep-amp-cnn-grampos	deep-amp	regressor	species_saureus	battleamp	12593.0	1188	37.12	0.16970082294765806	0.8045313194135939	0.6928079571537873	0.866235167206041	0.9592161016949152	0.133764832793959	0.5917010632073575	0.7129309726595667	0.66	0.4998427827288588	0.5001846533602318	100.0	2815.0	1888.0	927.0	2614.0	0.0				
deep-amp-cnn-grampos	deep-amp	regressor	species_saureus	minustrain	12593.0	1188	37.12	0.16280219555154565	0.783226723525231	0.6682838083687083	0.8493788819875776	0.9459227467811159	0.15062111801242237	0.5660451043638206	0.6621185360407725	0.53	0.48985684962546316	0.4988913056204167	100.0	1809.0	1165.0	644.0	1649.0	0.0				
deep-amp-cnn-grampos	deep-amp	regressor	species_saureus	holdout	12593.0	1188	37.12	-0.027606410187615026	0.777988614800759	0.7068965517241379	0.8854166666666666	0.8649789029535865	0.11458333333333333	0.5021976090014065	0.7121233995425459	0.72	0.49751091864682806	0.4996077433581409	100.0	333.0	237.0	96.0	290.0	0.0				
example-model	example-model	classifier	species_kpneumoniae	battleamp		0	0.0	-0.00383900478474082	0.544243577545195	0.5970772442588727	0.5039164490861618	0.5	0.4960835509138381	0.492073526995198	0.5878981791296123	0.52	0.4942971004534836	0.499395863724032	100.0	955.0	572.0	383.0	479.0	0.0				
example-model	example-model	classifier	species_kpneumoniae	minustrain		0	0.0	-0.00383900478474082	0.544243577545195	0.5970772442588727	0.5039164490861618	0.5	0.4960835509138381	0.492073526995198	0.5878981791296123	0.52	0.4942971004534836	0.499395863724032	100.0	955.0	572.0	383.0	479.0	0.0				
example-model	example-model	classifier	species_kpneumoniae	holdout		0	0.0	-0.10714285714285714	0.5824175824175825	0.7571428571428571	0.6071428571428571	0.4732142857142857	0.39285714285714285	0.44610969387755106	0.7955869825840756	0.78	0.506578947368421	0.5199210337401292	100.0	140.0	112.0	28.0	70.0	0.0				
ampeppy	ampeppy	classifier	species_kpneumoniae	battleamp	6536.0	74	7.75	0.12719468188019692	0.7454798331015299	0.6189376443418014	0.8616187989556136	0.9370629370629371	0.13838120104438642	0.6330885172268983	0.6908926367149648	0.7	0.5117892276748949	0.5097477014240991	100.0	955.0	572.0	383.0	866.0	0.0				
ampeppy	ampeppy	classifier	species_kpneumoniae	minustrain	6536.0	74	7.75	0.13855542569235377	0.7486792452830189	0.6238993710691824	0.8518518518518519	0.9358490566037736	0.14814814814814814	0.6599903241412675	0.729665765914352	0.83	0.5509442449859531	0.5038596735761807	100.0	881.0	530.0	351.0	795.0	0.0				
ampeppy	ampeppy	classifier	species_kpneumoniae	holdout	6536.0	74	7.75	0.04932636236669901	0.8835341365461847	0.8029197080291971	0.9642857142857143	0.9821428571428571	0.03571428571428571	0.482780612244898	0.7983037514184623	0.79	0.49268259935553166	0.5064608758076095	100.0	140.0	112.0	28.0	137.0	0.0				
amplify	amplify	classifier	species_kpneumoniae	battleamp	6676.0	74	7.75	0.15625611359420544	0.7557666214382632	0.6175166297117517	0.9007832898172323	0.9737762237762237	0.09921671018276762	0.6768838211396958	0.7348054213832986	0.74	0.5306387305150532	0.5199068614448386	100.0	955.0	572.0	383.0	902.0	0.0				
amplify	amplify	classifier	species_kpneumoniae	minustrain	6676.0	74	7.75	0.16396627784696455	0.7575534266764923	0.6207729468599034	0.8920454545454546	0.9716446124763705	0.10795454545454546	0.6925427478948274	0.7520250757570879	0.8	0.5419072955201201	0.5216620566313264	100.0	881.0	529.0	352.0	828.0	0.0				
amplify	amplify	classifier	species_kpneumoniae	holdout	6676.0	74	7.75	0.17264226828344653	0.891566265060241	0.8102189781021898	0.9285714285714286	0.9910714285714286	0.07142857142857142	0.5932716836734694	0.8466105121732723	0.81	0.5024167561761547	0.5109475951184493	100.0	140.0	112.0	28.0	137.0	0.0				
ampscanner	ampscanner	classifier	species_kpneumoniae	battleamp	2132.0	31	3.25	0.18260582826038368	0.7753623188405797	0.6430288461538461	0.8892215568862275	0.9762773722627737	0.11077844311377245	0.6643865553564405	0.7374448399731248	0.76	0.5327618773210399	0.5031280184376872	100.0	882.0	548.0	334.0	832.0	0.0				
ampscanner	ampscanner	classifier	species_kpneumoniae	minustrain	2132.0	31	3.25	0.1855756263012039	0.7750188111361926	0.6429463171036205	0.8854489164086687	0.9753787878787878	0.11455108359133127	0.6651802467398442	0.7362800136694917	0.77	0.5315296137107021	0.5030103651281574	100.0	851.0	528.0	323.0	801.0	0.0				
ampscanner	ampscanner	classifier	species_kpneumoniae	holdout	2132.0	31	3.25	0.10942844490912643	0.905982905982906	0.8548387096774194	0.9	0.9636363636363636	0.1	0.6070454545454546	0.8834225696202096	0.86	0.5127591706539075	0.5012182122734886	100.0	130.0	110.0	20.0	124.0	0.0				
ampredmfa	ampredmfa	classifier	species_kpneumoniae	battleamp	11320.0	117	12.25	0.07185125584691616	0.7506596306068601	0.6027542372881356	0.97911227154047	0.9947552447552448	0.020887728459530026	0.5330707151855977	0.6318592034548618	0.62	0.5113145106454652	0.5010802799108736	100.0	955.0	572.0	383.0	944.0	0.0				
ampredmfa	ampredmfa	classifier	species_kpneumoniae	minustrain	11320.0	117	12.25	0.07426617529535072	0.7433762301286904	0.5937122128174124	0.9767441860465116	0.9939271255060729	0.023255813953488372	0.5278928537802468	0.6152982155120723	0.66	0.5080022470604187	0.5007640336389345	100.0	838.0	494.0	344.0	827.0	0.0				
ampredmfa	ampredmfa	classifier	species_kpneumoniae	holdout	11320.0	117	12.25	0.0	0.8888888888888888	0.8	1.0	1.0	0.0	0.4823022959183674	0.7839939029862086	0.81	0.4907894736842105	0.4991206030150754	100.0	140.0	112.0	28.0	140.0	0.0				
hydramp-amp-classifier	hydramp-amp-classifier	classifier	species_kpneumoniae	battleamp	11131.0	118	12.36	0.16808106191417732	0.7404902789518174	0.6008230452674898	0.8765060240963856	0.9647577092511013	0.12349397590361445	0.6061547953930259	0.6583180437657584	0.73	0.5227551755829253	0.5060726380162582	100.0	786.0	454.0	332.0	729.0	0.0				
hydramp-amp-classifier	hydramp-amp-classifier	classifier	species_kpneumoniae	minustrain	11131.0	118	12.36	0.18680825526437378	0.746	0.6104746317512275	0.8530465949820788	0.9588688946015425	0.14695340501792115	0.6362790354829496	0.6917840312386578	0.74	0.5338320751432164	0.5082349164625127	100.0	668.0	389.0	279.0	611.0	0.0				
hydramp-amp-classifier	hydramp-amp-classifier	classifier	species_kpneumoniae	holdout	11131.0	118	12.36	0.26247814573453004	0.8995215311004785	0.8245614035087719	0.8695652173913043	0.9894736842105263	0.13043478260869565	0.7123569794050343	0.9105348058209792	0.84	0.590027700831025	0.5833377413382703	100.0	118.0	95.0	23.0	114.0	0.0				
hydramp-mic-classifier	hydramp-mic-classifier	classifier	species_kpneumoniae	battleamp	3444.0	183	19.16	0.4754106488954022	0.8027613412228797	0.7267857142857143	0.4608433734939759	0.8964757709251101	0.5391566265060241	0.7942253595881323	0.8172451699064223	0.86	0.5892147304730166	0.5189511060423928	100.0	786.0	454.0	332.0	560.0	0.0				
hydramp-mic-classifier	hydramp-mic-classifier	classifier	species_kpneumoniae	minustrain	3444.0	183	19.16	0.4230982077328317	0.7893401015228426	0.7149425287356321	0.496	0.8810198300283286	0.504	0.7606798866855525	0.7907187133238653	0.85	0.5689876248695392	0.5100146625478668	100.0	603.0	353.0	250.0	435.0	0.0				
hydramp-mic-classifier	hydramp-mic-classifier	classifier	species_kpneumoniae	holdout	3444.0	183	19.16	0.4647941072843817	0.916256157635468	0.8611111111111112	0.6521739130434783	0.9789473684210527	0.34782608695652173	0.808695652173913	0.9378145128169044	0.9	0.6251957123931109	0.5768315260513092	100.0	118.0	95.0	23.0	108.0	0.0				
apex-min	apex	regressor	species_kpneumoniae	battleamp	1388.0	7	0.73	0.2133858635749769	0.7291666666666666	0.7106598984771574	0.5402843601895735	0.7486631016042781	0.4597156398104265	0.6438528017842208	0.7397626314093353	0.81	0.5266065790474107	0.4996779777947955	100.0	585.0	374.0	211.0	394.0	0.0				
apex-min	apex	regressor	species_kpneumoniae	minustrain	1388.0	7	0.73	0.21457861080139584	0.7282321899736148	0.711340206185567	0.5358851674641149	0.745945945945946	0.46411483253588515	0.6448338290443554	0.7377019136497588	0.82	0.5275749181566356	0.4983127196827276	100.0	579.0	370.0	209.0	388.0	0.0				
apex-min	apex	regressor	species_kpneumoniae	holdout	1388.0	7	0.73	0.27181540542670773	0.9112426035502958	0.8555555555555555	0.8125	0.9746835443037974	0.1875	0.41693037974683544	0.8260095917020173	0.8315789473684211	0.5411392405063291	0.5547357038356339	100.0	95.0	79.0	16.0	90.0	0.0				
apex-ecoli	apex	regressor	species_kpneumoniae	battleamp	1388.0	7	0.73	0.20612076817334932	0.3684210526315789	0.7974683544303798	0.08205128205128205	0.23954372623574144	0.9179487179487179	0.5764843521497514	0.6749468468748622	0.71	0.5576833279454853	0.514389731635657	100.0	458.0	263.0	195.0	79.0	0.0				
apex-ecoli	apex	regressor	species_kpneumoniae	minustrain	1388.0	7	0.73	0.21087600693778236	0.3592814371257485	0.8108108108108109	0.07291666666666667	0.23076923076923078	0.9270833333333334	0.5778445512820513	0.6757385779233003	0.7	0.557924257759784	0.513472812781858	100.0	452.0	260.0	192.0	74.0	0.0				
apex-ecoli	apex	regressor	species_kpneumoniae	holdout	1388.0	7	0.73	0.3495476477802783	0.7027027027027027	0.8666666666666667	0.21052631578947367	0.5909090909090909	0.7894736842105263	0.7440191387559809	0.8680097857047462	0.6984126984126984	0.5933014354066986	0.6116948378254911	100.0	63.0	44.0	19.0	30.0	0.0				
apex-saureus	apex	regressor	species_kpneumoniae	battleamp	1388.0	7	0.73	-0.01012642128186943	0.0735632183908046	0.5517241379310345	0.043478260869565216	0.03940886699507389	0.9565217391304348	0.46843336573471506	0.5406807542048058	0.46	0.4915468812730708	0.49748743718592964	100.0	705.0	406.0	299.0	29.0	0.0				
apex-saureus	apex	regressor	species_kpneumoniae	minustrain	1388.0	7	0.73	-0.02317957837146847	0.06511627906976744	0.5185185185185185	0.04377104377104377	0.034739454094292806	0.9562289562289562	0.4658579174708207	0.5370075029732153	0.45	0.48967274943505845	0.49748743718592964	100.0	700.0	403.0	297.0	27.0	0.0				
apex-saureus	apex	regressor	species_kpneumoniae	holdout	1388.0	7	0.73	0.12529400275814703	0.10810810810810811	1.0	0.0	0.05714285714285714	1.0	0.388	0.7048756001415921	0.7368421052631579	0.5082706766917293	0.5262024407753051	100.0	95.0	70.0	25.0	4.0	0.0				
apex-kpneumoniae	apex	regressor	species_kpneumoniae	battleamp	1388.0	7	0.73	0.04181208204358661	0.03111111111111111	0.7777777777777778	0.006578947368421052	0.015873015873015872	0.993421052631579	0.4832691848669292	0.5818818059838571	0.56	0.49743563168573063	0.5017155235540395	100.0	745.0	441.0	304.0	9.0	0.0				
apex-kpneumoniae	apex	regressor	species_kpneumoniae	minustrain	1388.0	7	0.73	0.03363061334991379	0.026905829596412557	0.75	0.006622516556291391	0.0136986301369863	0.9933774834437086	0.4826574737669721	0.5797844187333773	0.56	0.49606962157275614	0.5013319948802041	100.0	740.0	438.0	302.0	8.0	0.0				
apex-kpneumoniae	apex	regressor	species_kpneumoniae	holdout	1388.0	7	0.73	0.0	0.0	0.0	0.0	0.0	1.0	0.5485232067510548	0.842231717660538	0.8144329896907216	0.513657561625583	0.5102092742191973	100.0	97.0	79.0	18.0	0.0	0.0				
apex-abaumannii	apex	regressor	species_kpneumoniae	battleamp	1388.0	7	0.73	0.3538854959740995	0.6242299794661191	0.8444444444444444	0.14583333333333334	0.495114006514658	0.8541666666666666	0.6520935124864278	0.7588873298505499	0.82	0.5529387393565347	0.5186300667288669	100.0	499.0	307.0	192.0	180.0	0.0				
apex-abaumannii	apex	regressor	species_kpneumoniae	minustrain	1388.0	7	0.73	0.35824063815523316	0.6221294363256785	0.8514285714285714	0.13756613756613756	0.4901315789473684	0.8624338624338624	0.6539786967418546	0.7601092192289637	0.81	0.5526462354717202	0.5154780446369973	100.0	493.0	304.0	189.0	175.0	0.0				
apex-abaumannii	apex	regressor	species_kpneumoniae	holdout	1388.0	7	0.73	0.3429971702850177	0.8172043010752689	0.9047619047619048	0.3333333333333333	0.7450980392156863	0.6666666666666666	0.7401960784313726	0.8830343878897845	0.8095238095238095	0.49432404540763675	0.5073406246920878	100.0	63.0	51.0	12.0	42.0	0.0				
apex-paeruginosa	apex	regressor	species_kpneumoniae	battleamp	1388.0	7	0.73	0.1374163335668816	0.07692307692307693	1.0	0.0	0.04	1.0	0.524411359250069	0.5885328820538982	0.6	0.5248095424665883	0.5208853753188329	100.0	604.0	325.0	279.0	13.0	0.0				
apex-paeruginosa	apex	regressor	species_kpneumoniae	minustrain	1388.0	7	0.73	0.1322941326632444	0.07164179104477612	1.0	0.0	0.03715170278637771	1.0	0.5229403940941758	0.5861361896659107	0.59	0.523373936512213	0.5194422785092657	100.0	600.0	323.0	277.0	12.0	0.0				
apex-paeruginosa	apex	regressor	species_kpneumoniae	holdout	1388.0	7	0.73	-0.022422426466543747	0.17777777777777778	0.6666666666666666	0.11764705882352941	0.10256410256410256	0.8823529411764706	0.693815987933635	0.8087280386104259	0.6964285714285714	0.5117885210764468	0.5232573122020359	100.0	56.0	39.0	17.0	6.0	0.0				
mbc-attention	mbc-attention	regressor	species_kpneumoniae	battleamp	3929.0	311	32.57	0.5212206005569566	0.8666053357865685	0.7772277227722773	0.5818965517241379	0.9792099792099792	0.41810344827586204	0.8057656462828875	0.888362217212128	0.98	0.6339390486395932	0.5641336656758594	100.0	713.0	481.0	232.0	606.0	0.0				
mbc-attention	mbc-attention	regressor	species_kpneumoniae	minustrain	3929.0	311	32.57	0.4039850040473602	0.8388888888888889	0.7330097087378641	0.7142857142857143	0.9805194805194806	0.2857142857142857	0.7199569910608872	0.816244146351345	0.79	0.5599905904075418	0.5176591339222678	100.0	462.0	308.0	154.0	412.0	0.0				
mbc-attention	mbc-attention	regressor	species_kpneumoniae	holdout	3929.0	311	32.57	0.35344438297082176	0.9270833333333334	0.8811881188118812	0.75	0.978021978021978	0.25	0.661401098901099	0.9074411959425382	0.88	0.532967032967033	0.5416643657849688	100.0	107.0	91.0	16.0	101.0	0.0				
sensexamp-classifier	sensexamp	classifier	species_kpneumoniae	battleamp	20587.0	195	20.42	0.10750806145484645	0.7366694011484823	0.5869281045751634	0.9546827794561934	0.9889867841409692	0.045317220543806644	0.6418908127819848	0.7067164647804336	0.77	0.5413185598517235	0.509735767087564	100.0	785.0	454.0	331.0	765.0	0.0				
sensexamp-classifier	sensexamp	classifier	species_kpneumoniae	minustrain	20587.0	195	20.42	0.1330635079685462	0.7334710743801653	0.5819672131147541	0.9479553903345725	0.9916201117318436	0.05204460966542751	0.6464092126850948	0.6946037924343219	0.74	0.5357696019867325	0.5099586737659138	100.0	627.0	358.0	269.0	610.0	0.0				
sensexamp-classifier	sensexamp	classifier	species_kpneumoniae	holdout	20587.0	195	20.42	0.1923451335911846	0.8952380952380953	0.8173913043478261	0.9130434782608695	0.9894736842105263	0.08695652173913043	0.783066361556064	0.9380223143940234	0.85	0.6733710706973383	0.6455964030679714	100.0	118.0	95.0	23.0	115.0	0.0				
sensexamp-ecoli	sensexamp	regressor	species_kpneumoniae	battleamp	20587.0	195	20.42	0.2945276829922532	0.778642936596218	0.7056451612903226	0.6134453781512605	0.8684863523573201	0.3865546218487395	0.7286736034364117	0.8105454046288282	0.88	0.5818842098678312	0.5110779202013361	100.0	641.0	403.0	238.0	496.0	0.0				
sensexamp-ecoli	sensexamp	regressor	species_kpneumoniae	minustrain	20587.0	195	20.42	0.2544845330646709	0.760806916426513	0.6892950391644909	0.6263157894736842	0.8488745980707395	0.3736842105263158	0.7139955999323067	0.7945244357495084	0.86	0.5737100408832201	0.5110941405283312	100.0	501.0	311.0	190.0	383.0	0.0				
sensexamp-ecoli	sensexamp	regressor	species_kpneumoniae	holdout	20587.0	195	20.42	0.33669790915645276	0.863013698630137	0.863013698630137	0.5263157894736842	0.863013698630137	0.47368421052631576	0.7534246575342466	0.9177928614476225	0.7934782608695652	0.6144651462831556	0.5732085082948991	100.0	92.0	73.0	19.0	73.0	0.0				
sensexamp-saureus	sensexamp	regressor	species_kpneumoniae	battleamp	20587.0	195	20.42	0.368942449488815	0.7541827541827542	0.7417721518987341	0.4015748031496063	0.7670157068062827	0.5984251968503937	0.7109494166632313	0.7845193431900421	0.85	0.5768014875792772	0.5265108160251312	100.0	636.0	382.0	254.0	395.0	0.0				
sensexamp-saureus	sensexamp	regressor	species_kpneumoniae	minustrain	20587.0	195	20.42	0.3101112563807769	0.7218543046357616	0.7194719471947195	0.4146341463414634	0.7242524916943521	0.5853658536585366	0.6762174864273559	0.7493865699552172	0.79	0.5525398863011186	0.5200864544747886	100.0	506.0	301.0	205.0	303.0	0.0				
sensexamp-saureus	sensexamp	regressor	species_kpneumoniae	holdout	20587.0	195	20.42	0.45157554226047136	0.8591549295774648	0.9242424242424242	0.2777777777777778	0.8026315789473685	0.7222222222222222	0.7711988304093567	0.9322945299356509	0.8085106382978723	0.646814404432133	0.662787622322137	100.0	94.0	76.0	18.0	66.0	0.0				
ampredictor	ampredictor	regressor	species_kpneumoniae	battleamp	2952.0	177	18.53	0.38231729482411775	0.8610301263362488	0.7664359861591695	0.7458563535911602	0.9822616407982262	0.2541436464088398	0.7432593010008453	0.8695930842989139	0.93	0.585470947891958	0.5368975317227561	100.0	632.0	451.0	181.0	578.0	0.0				
ampredictor	ampredictor	regressor	species_kpneumoniae	minustrain	2952.0	177	18.53	0.2695093373282036	0.8479041916167664	0.7484143763213531	0.8321678321678322	0.9779005524861878	0.16783216783216784	0.6957848781053201	0.8468383264038732	0.87	0.5654229457660688	0.5299780593653272	100.0	505.0	362.0	143.0	473.0	0.0				
ampredictor	ampredictor	regressor	species_kpneumoniae	holdout	2952.0	177	18.53	0.38118124993124375	0.9315068493150684	0.8717948717948718	0.8333333333333334	1.0	0.16666666666666666	0.579520697167756	0.8878821008548348	0.87	0.5430569888774224	0.5221204059513253	100.0	120.0	102.0	18.0	117.0	0.0				
deep-amp-lstm-gramneg	deep-amp	regressor	species_kpneumoniae	battleamp	12593.0	253	26.49	0.20466477099175062	0.7363636363636363	0.6377952755905512	0.7055214723926381	0.8709677419354839	0.294478527607362	0.5762715218681971	0.6381451835974374	0.62	0.514313192440829	0.5022543285727403	100.0	791.0	465.0	326.0	635.0	0.0				
deep-amp-lstm-gramneg	deep-amp	regressor	species_kpneumoniae	minustrain	12593.0	253	26.49	0.17228054566617282	0.7270501835985312	0.6265822784810127	0.7283950617283951	0.8658892128279884	0.2716049382716049	0.5679732210344455	0.6320340361625552	0.63	0.5137945645166078	0.5017137783121899	100.0	586.0	343.0	243.0	474.0	0.0				
deep-amp-lstm-gramneg	deep-amp	regressor	species_kpneumoniae	holdout	12593.0	253	26.49	0.020384266921492377	0.8512820512820513	0.7830188679245284	0.92	0.9325842696629213	0.08	0.39370786516853934	0.7376143425575581	0.78	0.4973388527498522	0.5087798543278189	100.0	114.0	89.0	25.0	106.0	0.0				
deep-amp-lstm-grampos	deep-amp	regressor	species_kpneumoniae	battleamp	12593.0	253	26.49	0.31589849685714083	0.7561697926949654	0.6913357400722022	0.5445859872611465	0.8344226579520697	0.4554140127388535	0.6633640009436187	0.7038812345171965	0.67	0.5161251448841913	0.5077799387847192	100.0	773.0	459.0	314.0	554.0	0.0				
deep-amp-lstm-grampos	deep-amp	regressor	species_kpneumoniae	minustrain	12593.0	253	26.49	0.28605083884964694	0.7431551499348109	0.6737588652482269	0.5679012345679012	0.8284883720930233	0.43209876543209874	0.63461814527706	0.6746853426321171	0.67	0.5131238950088399	0.5067691794218484	100.0	587.0	344.0	243.0	423.0	0.0				
deep-amp-lstm-grampos	deep-amp	regressor	species_kpneumoniae	holdout	12593.0	253	26.49	0.04266600929914307	0.8512820512820513	0.8058252427184466	0.8695652173913043	0.9021739130434783	0.13043478260869565	0.5378071833648392	0.839584156845685	0.8	0.5383543925977514	0.5247979025562596	100.0	115.0	92.0	23.0	103.0	0.0				
deep-amp-cnn-gramneg	deep-amp	regressor	species_kpneumoniae	battleamp	12593.0	253	26.49	0.240334514324035	0.7814113597246127	0.6627737226277373	0.7993079584775087	0.9517819706498952	0.20069204152249134	0.6167076523543195	0.6791323017735102	0.65	0.5012918032060849	0.49748743718592964	100.0	766.0	477.0	289.0	685.0	0.0				
deep-amp-cnn-gramneg	deep-amp	regressor	species_kpneumoniae	minustrain	12593.0	253	26.49	0.20835831517683523	0.7764705882352941	0.6573705179282868	0.819047619047619	0.9482758620689655	0.18095238095238095	0.6045019157088123	0.6667431771097756	0.64	0.49514591075389625	0.49748743718592964	100.0	558.0	348.0	210.0	502.0	0.0				
deep-amp-cnn-gramneg	deep-amp	regressor	species_kpneumoniae	holdout	12593.0	253	26.49	-0.04826990761706643	0.8733624454148472	0.8333333333333334	0.9523809523809523	0.9174311926605505	0.047619047619047616	0.5945827872433378	0.8503403460881056	0.86	0.4755236715642317	0.49748743718592964	100.0	130.0	109.0	21.0	120.0	0.0				
deep-amp-cnn-grampos	deep-amp	regressor	species_kpneumoniae	battleamp	12593.0	253	26.49	0.13934215697283245	0.7807083647324793	0.6523929471032746	0.9078947368421053	0.9718574108818011	0.09210526315789473	0.5662029722523946	0.6437676685852914	0.54	0.4840720221606648	0.49749984245310686	100.0	837.0	533.0	304.0	794.0	0.0				
deep-amp-cnn-grampos	deep-amp	regressor	species_kpneumoniae	minustrain	12593.0	253	26.49	0.11757433999379496	0.7649484536082474	0.6331058020477816	0.9110169491525424	0.9661458333333334	0.08898305084745763	0.5146208509887005	0.5936131131300617	0.49	0.48061858831400533	0.49748743718592964	100.0	620.0	384.0	236.0	586.0	0.0				
deep-amp-cnn-grampos	deep-amp	regressor	species_kpneumoniae	holdout	12593.0	253	26.49	0.05447047794019222	0.8869565217391304	0.8095238095238095	0.96	0.9807692307692307	0.04	0.4865384615384616	0.7674844510539897	0.84	0.4807692307692308	0.49748743718592964	100.0	129.0	104.0	25.0	126.0	0.0				
example-model	example-model	classifier	species_abaumannii	battleamp		0	0.0	0.00954057054974596	0.6192619261926192	0.7510917030567685	0.5158371040723982	0.5267993874425727	0.4841628959276018	0.5008245965366945	0.7440039202217782	0.74	0.4978495207967185	0.4982569816925362	100.0	874.0	653.0	221.0	458.0	0.0				
example-model	example-model	classifier	species_abaumannii	minustrain		0	0.0	0.00954057054974596	0.6192619261926192	0.7510917030567685	0.5158371040723982	0.5267993874425727	0.4841628959276018	0.5008245965366945	0.7440039202217782	0.74	0.4978495207967185	0.4982569816925362	100.0	874.0	653.0	221.0	458.0	0.0				
example-model	example-model	classifier	species_abaumannii	holdout		0	0.0	-0.01259335433296559	0.5849802371541502	0.8222222222222222	0.47058823529411764	0.4539877300613497	0.5294117647058824	0.48105377120173226	0.8201751146788252	0.83	0.490778552299189	0.5005703363442982	100.0	197.0	163.0	34.0	90.0	0.0				
ampeppy	ampeppy	classifier	species_abaumannii	battleamp	6536.0	67	7.67	0.2088224603631788	0.8571428571428571	0.7711138310893513	0.8461538461538461	0.9647779479326187	0.15384615384615385	0.6788993368580793	0.83003716598738	0.82	0.5159388565862141	0.5031012991826428	100.0	874.0	653.0	221.0	817.0	0.0				
ampeppy	ampeppy	classifier	species_abaumannii	minustrain	6536.0	67	7.67	0.20920198351025868	0.8594554819720382	0.776595744680851	0.84	0.9621087314662273	0.16	0.7106342668863261	0.8726930771431733	0.95	0.572140813318304	0.5320506983020539	100.0	807.0	607.0	200.0	752.0	0.0				
ampeppy	ampeppy	classifier	species_abaumannii	holdout	6536.0	67	7.67	0.04214544796937194	0.8920454545454546	0.8306878306878307	0.9411764705882353	0.9631901840490797	0.058823529411764705	0.47076867556838686	0.8222384773337933	0.82	0.49600182339645577	0.5005703363442982	100.0	197.0	163.0	34.0	189.0	0.0				
amplify	amplify	classifier	species_abaumannii	battleamp	6676.0	70	8.01	0.13915752707961182	0.8536912751677852	0.7598566308243727	0.9095022624434389	0.9739663093415007	0.09049773755656108	0.685374844955063	0.8516937438974804	0.92	0.5543057542687733	0.507119644705828	100.0	874.0	653.0	221.0	837.0	0.0				
amplify	amplify	classifier	species_abaumannii	minustrain	6676.0	70	8.01	0.1456284891493824	0.8538011695906432	0.7614080834419817	0.9014778325123153	0.9717138103161398	0.09852216748768473	0.6888396186979009	0.8575215405250832	0.9	0.559967679828408	0.5172414616874278	100.0	804.0	601.0	203.0	767.0	0.0				
amplify	amplify	classifier	species_abaumannii	holdout	6676.0	70	8.01	0.2199730546987594	0.9101123595505618	0.8393782383419689	0.9117647058823529	0.9938650306748467	0.08823529411764706	0.5576506676290148	0.8592183104384584	0.82	0.5272464814146518	0.5005703363442982	100.0	197.0	163.0	34.0	193.0	0.0				
ampscanner	ampscanner	classifier	species_abaumannii	battleamp	2132.0	33	3.78	0.1914760364448715	0.8700147710487445	0.7791005291005291	0.9027027027027027	0.9849498327759197	0.0972972972972973	0.6787354243875983	0.844992438915263	0.73	0.5253916563985214	0.5024243290028739	100.0	783.0	598.0	185.0	756.0	0.0				
ampscanner	ampscanner	classifier	species_abaumannii	minustrain	2132.0	33	3.78	0.19699058210436488	0.8712413261372398	0.7814661134163209	0.8977272727272727	0.9843205574912892	0.10227272727272728	0.680145312005068	0.8459853193119042	0.82	0.5243393035434114	0.5023238531021348	100.0	750.0	574.0	176.0	723.0	0.0				
ampscanner	ampscanner	classifier	species_abaumannii	holdout	2132.0	33	3.78	0.13462124336754563	0.927536231884058	0.8791208791208791	0.9166666666666666	0.9815950920245399	0.08333333333333333	0.6762525562372189	0.9188571447343241	0.93	0.5195350339037779	0.501865153990813	100.0	187.0	163.0	24.0	182.0	0.0				
ampredmfa	ampredmfa	classifier	species_abaumannii	battleamp	11320.0	122	13.96	-0.028273583221482924	0.8505595786701777	0.745958429561201	0.995475113122172	0.9892802450229708	0.004524886877828055	0.5259990437451927	0.7627898997286936	0.75	0.5047357747043408	0.5004521593938818	100.0	874.0	653.0	221.0	866.0	0.0				
ampredmfa	ampredmfa	classifier	species_abaumannii	minustrain	11320.0	122	13.96	-0.030727847991437438	0.8490421455938697	0.7446236559139785	0.9947643979057592	0.9875222816399287	0.005235602094240838	0.5006392847476925	0.7469394107750104	0.77	0.5000509294626941	0.500004862612016	100.0	752.0	561.0	191.0	744.0	0.0				
ampredmfa	ampredmfa	classifier	species_abaumannii	holdout	11320.0	122	13.96	0.0	0.9055555555555556	0.8274111675126904	1.0	1.0	0.0	0.4781667268134248	0.8126615432414313	0.82	0.49184073917687093	0.4992209750972892	100.0	197.0	163.0	34.0	197.0	0.0				
hydramp-amp-classifier	hydramp-amp-classifier	classifier	species_abaumannii	battleamp	11131.0	72	8.24	0.15692212835416625	0.8508196721311475	0.763235294117647	0.875	0.9611111111111111	0.125	0.6645984299516908	0.8325502464276846	0.89	0.5408297313331638	0.5019914386748557	100.0	724.0	540.0	184.0	680.0	0.0				
hydramp-amp-classifier	hydramp-amp-classifier	classifier	species_abaumannii	minustrain	11131.0	72	8.24	0.1869496673797821	0.8605072463768116	0.7786885245901639	0.8544303797468354	0.9615384615384616	0.14556962025316456	0.6808025418951468	0.8539587538696777	0.92	0.553906032955088	0.5048140821980038	100.0	652.0	494.0	158.0	610.0	0.0				
hydramp-amp-classifier	hydramp-amp-classifier	classifier	species_abaumannii	holdout	11131.0	72	8.24	0.16576247670585156	0.8859934853420195	0.84472049689441	0.8064516129032258	0.9315068493150684	0.1935483870967742	0.657092355280601	0.8860944601768825	0.87	0.538688745726446	0.49748743718592964	100.0	177.0	146.0	31.0	161.0	0.0				
hydramp-mic-classifier	hydramp-mic-classifier	classifier	species_abaumannii	battleamp	3444.0	125	14.3	0.34223553144090646	0.8447653429602888	0.823943661971831	0.5434782608695652	0.8666666666666667	0.45652173913043476	0.7155444847020935	0.8623189551455144	0.91	0.5520806848037969	0.5102727809741138	100.0	724.0	540.0	184.0	568.0	0.0				
hydramp-mic-classifier	hydramp-mic-classifier	classifier	species_abaumannii	minustrain	3444.0	125	14.3	0.3318554676391764	0.8431372549019608	0.823404255319149	0.5496688741721855	0.8638392857142857	0.4503311258278146	0.7026963103122044	0.8491116165630896	0.87	0.534790385525071	0.5034895385156625	100.0	599.0	448.0	151.0	470.0	0.0				
hydramp-mic-classifier	hydramp-mic-classifier	classifier	species_abaumannii	holdout	3444.0	125	14.3	0.3082006898427745	0.8933333333333333	0.8701298701298701	0.6451612903225806	0.9178082191780822	0.3548387096774194	0.7472381794078656	0.9116996759543696	0.92	0.567062818336163	0.49748743718592964	100.0	177.0	146.0	31.0	154.0	0.0				
apex-min	apex	regressor	species_abaumannii	battleamp	1388.0	5	0.57	0.20638424277543418	0.8059701492537313	0.8140703517587939	0.5873015873015873	0.7980295566502463	0.4126984126984127	0.6812299632496677	0.87731023455231	0.94	0.5936886551353754	0.5304146033160564	100.0	532.0	406.0	126.0	398.0	0.0				
apex-min	apex	regressor	species_abaumannii	minustrain	1388.0	5	0.57	0.20492706468800778	0.8045112781954887	0.8126582278481013	0.5873015873015873	0.7965260545905707	0.4126984126984127	0.6790736145574856	0.8752619469386559	0.94	0.5918041588669772	0.5291554863608681	100.0	529.0	403.0	126.0	395.0	0.0				
apex-min	apex	regressor	species_abaumannii	holdout	1388.0	5	0.57	0.35045651291117486	0.9230769230769231	0.875	0.75	0.9767441860465116	0.25	0.5016149870801033	0.860691501109824	0.83	0.54984360125119	0.5676054692064976	100.0	153.0	129.0	24.0	144.0	0.0				
apex-ecoli	apex	regressor	species_abaumannii	battleamp	1388.0	5	0.57	0.1966391447840318	0.44155844155844154	0.8854166666666666	0.10377358490566038	0.29411764705882354	0.8962264150943396	0.6315205327413984	0.8319064463949442	0.88	0.5888297488514653	0.5043113983444677	100.0	395.0	289.0	106.0	96.0	0.0				
apex-ecoli	apex	regressor	species_abaumannii	minustrain	1388.0	5	0.57	0.18966375914101474	0.4356955380577428	0.8829787234042553	0.10576923076923077	0.289198606271777	0.8942307692307693	0.6330742428303404	0.8331647679824179	0.87	0.5858313701702662	0.5032115818976954	100.0	391.0	287.0	104.0	94.0	0.0				
apex-ecoli	apex	regressor	species_abaumannii	holdout	1388.0	5	0.57	0.366025358135324	0.8059701492537313	0.9	0.3	0.7297297297297297	0.7	0.7756756756756757	0.9196518646881263	0.7872340425531915	0.615931721194879	0.6333016433518945	100.0	94.0	74.0	20.0	60.0	0.0				
apex-saureus	apex	regressor	species_abaumannii	battleamp	1388.0	5	0.57	0.025648175867610416	0.03611738148984198	0.8	0.011299435028248588	0.018475750577367205	0.9887005649717514	0.43607207630380607	0.6678027178519129	0.57	0.49754116767238094	0.5015263685502577	100.0	610.0	433.0	177.0	10.0	0.0				
apex-saureus	apex	regressor	species_abaumannii	minustrain	1388.0	5	0.57	0.02522996955050754	0.03619909502262444	0.8	0.011428571428571429	0.018518518518518517	0.9885714285714285	0.4387301587301588	0.6706275486315523	0.57	0.4974241158451685	0.5014756321288985	100.0	607.0	432.0	175.0	10.0	0.0				
apex-saureus	apex	regressor	species_abaumannii	holdout	1388.0	5	0.57	0.16410830588822686	0.3076923076923077	0.9473684210526315	0.038461538461538464	0.1836734693877551	0.9615384615384616	0.5478806907378336	0.8359683282044155	0.8	0.5501115425927456	0.5128704748230951	100.0	124.0	98.0	26.0	19.0	0.0				
apex-kpneumoniae	apex	regressor	species_abaumannii	battleamp	1388.0	5	0.57	-0.009888754487285805	0.008032128514056224	0.6666666666666666	0.0055248618784530384	0.00404040404040404	0.994475138121547	0.46545008091969414	0.6916185432871085	0.62	0.48271901921218585	0.498850354232236	100.0	676.0	495.0	181.0	3.0	0.0				
apex-kpneumoniae	apex	regressor	species_abaumannii	minustrain	1388.0	5	0.57	-0.010144020241213797	0.008064516129032258	0.6666666666666666	0.00558659217877095	0.004056795131845842	0.994413407821229	0.4675966321801308	0.6938363960545999	0.63	0.4826542485714439	0.4988370068867346	100.0	672.0	493.0	179.0	3.0	0.0				
apex-kpneumoniae	apex	regressor	species_abaumannii	holdout	1388.0	5	0.57	0.0059259844544564825	0.09615384615384616	0.8333333333333334	0.047619047619047616	0.05102040816326531	0.9523809523809523	0.531584062196307	0.842366043126783	0.84	0.5099994885172114	0.5179981540354835	100.0	119.0	98.0	21.0	6.0	0.0				
apex-abaumannii	apex	regressor	species_abaumannii	battleamp	1388.0	5	0.57	0.34829644777367663	0.6600397614314115	0.9273743016759777	0.11818181818181818	0.5123456790123457	0.8818181818181818	0.6866161616161616	0.8704728183547474	0.92	0.5816350640912045	0.5230078563411896	100.0	434.0	324.0	110.0	179.0	0.0				
apex-abaumannii	apex	regressor	species_abaumannii	minustrain	1388.0	5	0.57	0.34184352696794473	0.6559356136820925	0.9261363636363636	0.12037037037037036	0.5077881619937694	0.8796296296296297	0.6850409599630783	0.8692697616436162	0.91	0.5763725686663873	0.5207374126893843	100.0	429.0	321.0	108.0	176.0	0.0				
apex-abaumannii	apex	regressor	species_abaumannii	holdout	1388.0	5	0.57	0.4503651470813195	0.8933333333333333	0.9054054054054054	0.4117647058823529	0.881578947368421	0.5882352941176471	0.7507739938080495	0.9097797892294853	0.8172043010752689	0.5392700016294606	0.5437714890240677	100.0	93.0	76.0	17.0	74.0	0.0				
apex-paeruginosa	apex	regressor	species_abaumannii	battleamp	1388.0	5	0.57	0.11044204887501097	0.082687338501292	1.0	0.0	0.0431266846361186	1.0	0.5504235656526761	0.7653171859598082	0.75	0.5232353119996758	0.5203201219807161	100.0	511.0	371.0	140.0	16.0	0.0				
apex-paeruginosa	apex	regressor	species_abaumannii	minustrain	1388.0	5	0.57	0.1103940344675617	0.08311688311688312	1.0	0.0	0.04336043360433604	1.0	0.5540238011075763	0.7683181282932436	0.75	0.5232336762726895	0.5204015837405479	100.0	507.0	369.0	138.0	16.0	0.0				
apex-paeruginosa	apex	regressor	species_abaumannii	holdout	1388.0	5	0.57	0.03334980644199064	0.24	0.75	0.11764705882352941	0.14285714285714285	0.8823529411764706	0.7703081232492998	0.8647056937021034	0.711864406779661	0.5341294412501842	0.5453457765015554	100.0	59.0	42.0	17.0	8.0	0.0				
mbc-attention	mbc-attention	regressor	species_abaumannii	battleamp	3929.0	231	26.43	0.4047248283380702	0.8974820143884892	0.8316666666666667	0.7013888888888888	0.974609375	0.2986111111111111	0.6737196180555556	0.8710090469964243	0.92	0.5632309941520468	0.5332565605806812	100.0	656.0	512.0	144.0	600.0	0.0				
mbc-attention	mbc-attention	regressor	species_abaumannii	minustrain	3929.0	231	26.43	0.2863741252072826	0.8823529411764706	0.8071748878923767	0.8037383177570093	0.972972972972973	0.19626168224299065	0.5888860823440264	0.8190781737649251	0.81	0.523098602783797	0.5009145246312391	100.0	477.0	370.0	107.0	446.0	0.0				
mbc-attention	mbc-attention	regressor	species_abaumannii	holdout	3929.0	231	26.43	0.4610476100221277	0.945054945054945	0.9148936170212766	0.631578947368421	0.9772727272727273	0.3684210526315789	0.6798245614035088	0.9186583261751995	0.91	0.506631411063544	0.5127150906045378	100.0	151.0	132.0	19.0	141.0	0.0				
sensexamp-classifier	sensexamp	classifier	species_abaumannii	battleamp	20587.0	173	19.79	0.14785611250797445	0.8578274760383386	0.7542134831460674	0.9510869565217391	0.9944444444444445	0.04891304347826087	0.6406451288244766	0.8257761014199294	0.83	0.5303786337825239	0.51585625389427	100.0	724.0	540.0	184.0	712.0	0.0				
sensexamp-classifier	sensexamp	classifier	species_abaumannii	minustrain	20587.0	173	19.79	0.15015083529036904	0.8574257425742574	0.7543554006968641	0.9463087248322147	0.9931192660550459	0.053691275167785234	0.6247306200357121	0.8179684518723112	0.84	0.5277307431808386	0.5147447724429672	100.0	585.0	436.0	149.0	574.0	0.0				
sensexamp-classifier	sensexamp	classifier	species_abaumannii	holdout	20587.0	173	19.79	0.2802971170209094	0.9119496855345912	0.8430232558139535	0.8709677419354839	0.9931506849315068	0.12903225806451613	0.759169244365886	0.9347404733055412	0.92	0.6168337325859944	0.5869759757692572	100.0	177.0	146.0	31.0	172.0	0.0				
sensexamp-ecoli	sensexamp	regressor	species_abaumannii	battleamp	20587.0	173	19.79	0.26986864753950307	0.8518896833503575	0.8128654970760234	0.6620689655172414	0.8948497854077253	0.33793103448275863	0.6853189285185733	0.8516260673695155	0.89	0.5386071364588769	0.5012430808772291	100.0	611.0	466.0	145.0	513.0	0.0				
sensexamp-ecoli	sensexamp	regressor	species_abaumannii	minustrain	20587.0	173	19.79	0.24696979492782306	0.8425096030729834	0.8083538083538083	0.6610169491525424	0.8796791443850267	0.3389830508474576	0.6744992295839752	0.8500708659741416	0.87	0.5390383872306526	0.5108097361638246	100.0	492.0	374.0	118.0	407.0	0.0				
sensexamp-ecoli	sensexamp	regressor	species_abaumannii	holdout	20587.0	173	19.79	0.4985875706214689	0.9152542372881356	0.9152542372881356	0.4166666666666667	0.9152542372881356	0.5833333333333334	0.8139124293785311	0.9505981652953504	0.92	0.6309099018733274	0.6295034494506431	100.0	142.0	118.0	24.0	118.0	0.0				
sensexamp-saureus	sensexamp	regressor	species_abaumannii	battleamp	20587.0	173	19.79	0.30184985598436187	0.7834549878345499	0.8518518518518519	0.3888888888888889	0.7252252252252253	0.6111111111111112	0.6719532032032031	0.8501047499738431	0.85	0.5344357515410147	0.5274168641002812	100.0	588.0	444.0	144.0	378.0	0.0				
sensexamp-saureus	sensexamp	regressor	species_abaumannii	minustrain	20587.0	173	19.79	0.2725029013093312	0.7786032689450223	0.8451612903225807	0.41739130434782606	0.721763085399449	0.5826086956521739	0.6511917594921548	0.8390565253732013	0.82	0.523107084995997	0.5221044737401224	100.0	478.0	363.0	115.0	310.0	0.0				
sensexamp-saureus	sensexamp	regressor	species_abaumannii	holdout	20587.0	173	19.79	0.36921520026946153	0.8416289592760181	0.93	0.30434782608695654	0.768595041322314	0.6956521739130435	0.7732662594322672	0.9372560790744777	0.93	0.6005824838776783	0.5307114082810748	100.0	144.0	121.0	23.0	100.0	0.0				
ampredictor	ampredictor	regressor	species_abaumannii	battleamp	2952.0	136	15.56	0.18144916646424766	0.8987012987012987	0.8304	0.8907563025210085	0.9792452830188679	0.1092436974789916	0.6164420485175202	0.8651852720319084	0.88	0.5206829504393614	0.5034790250602943	100.0	649.0	530.0	119.0	625.0	0.0				
ampredictor	ampredictor	regressor	species_abaumannii	minustrain	2952.0	136	15.56	0.13076955247218505	0.8945752302968271	0.8229755178907722	0.9215686274509803	0.9798206278026906	0.0784313725490196	0.596698320583839	0.8574131538106153	0.89	0.5207717262028719	0.5009117512295497	100.0	548.0	446.0	102.0	531.0	0.0				
ampredictor	ampredictor	regressor	species_abaumannii	holdout	2952.0	136	15.56	0.18201726783429165	0.9225589225589226	0.8782051282051282	0.8636363636363636	0.9716312056737588	0.13636363636363635	0.6096067053513862	0.90439024477067	0.89	0.5306932708948386	0.5081791938415482	100.0	163.0	141.0	22.0	156.0	0.0				
deep-amp-lstm-gramneg	deep-amp	regressor	species_abaumannii	battleamp	12593.0	185	21.17	0.14721433232765194	0.8067675868210151	0.766497461928934	0.7225130890052356	0.8515037593984962	0.2774869109947644	0.5776975160414124	0.7805879064551722	0.78	0.5202441899734179	0.5045494765090263	100.0	723.0	532.0	191.0	591.0	0.0				
deep-amp-lstm-gramneg	deep-amp	regressor	species_abaumannii	minustrain	12593.0	185	21.17	0.13295036389999407	0.8058690744920993	0.7547568710359408	0.7532467532467533	0.864406779661017	0.24675324675324675	0.5606899154114651	0.7554950320508431	0.74	0.5128752985258657	0.49791408537925624	100.0	567.0	413.0	154.0	473.0	0.0				
deep-amp-lstm-gramneg	deep-amp	regressor	species_abaumannii	holdout	12593.0	185	21.17	0.02468000610784523	0.8701754385964913	0.8322147651006712	0.8928571428571429	0.9117647058823529	0.10714285714285714	0.3792016806722689	0.7771815017689014	0.8	0.491375497567448	0.5048773278155483	100.0	164.0	136.0	28.0	149.0	0.0				
deep-amp-lstm-grampos	deep-amp	regressor	species_abaumannii	battleamp	12593.0	185	21.17	0.14631980219676172	0.8097826086956522	0.7828371278458844	0.7045454545454546	0.8386491557223265	0.29545454545454547	0.6192542213883676	0.8155426846742078	0.8	0.5163469393251164	0.5096152774789863	100.0	709.0	533.0	176.0	571.0	0.0				
deep-amp-lstm-grampos	deep-amp	regressor	species_abaumannii	minustrain	12593.0	185	21.17	0.13995962868386247	0.8071348940914158	0.7784946236559139	0.7103448275862069	0.8379629629629629	0.2896551724137931	0.6108716475095786	0.8027422466292509	0.81	0.5077972709551657	0.5056300018611576	100.0	577.0	432.0	145.0	465.0	0.0				
deep-amp-lstm-grampos	deep-amp	regressor	species_abaumannii	holdout	12593.0	185	21.17	0.17985417739353973	0.8705035971223022	0.8581560283687943	0.7142857142857143	0.8832116788321168	0.2857142857142857	0.6306047966631909	0.8985753402010899	0.86	0.587014982712255	0.5928547848732715	100.0	165.0	137.0	28.0	141.0	0.0				
deep-amp-cnn-gramneg	deep-amp	regressor	species_abaumannii	battleamp	12593.0	185	21.17	0.26458370733959347	0.8744734625105307	0.8034055727554179	0.7888198757763976	0.9593345656192237	0.2111801242236025	0.6035636789474289	0.8086996930607484	0.8	0.5053353064409799	0.498191292855363	100.0	702.0	541.0	161.0	646.0	0.0				
deep-amp-cnn-gramneg	deep-amp	regressor	species_abaumannii	minustrain	12593.0	185	21.17	0.2564019093652043	0.8695652173913043	0.80078125	0.7786259541984732	0.951276102088167	0.22137404580152673	0.6023804041727918	0.8027611506743093	0.79	0.5031782534567409	0.4980392477966959	100.0	562.0	431.0	131.0	512.0	0.0				
deep-amp-cnn-gramneg	deep-amp	regressor	species_abaumannii	holdout	12593.0	185	21.17	-0.009150522248280038	0.9046153846153846	0.8596491228070176	0.96	0.9545454545454546	0.04	0.5841558441558442	0.8707458675255537	0.91	0.4784688995215311	0.49748743718592964	100.0	179.0	154.0	25.0	171.0	0.0				
deep-amp-cnn-grampos	deep-amp	regressor	species_abaumannii	battleamp	12593.0	185	21.17	0.13823318926807607	0.8571428571428571	0.7657068062827225	0.9086294416243654	0.9733777038269551	0.09137055837563451	0.4659915369477267	0.7035408459101868	0.53	0.48126352774763587	0.49873526182225775	100.0	798.0	601.0	197.0	764.0	0.0				
deep-amp-cnn-grampos	deep-amp	regressor	species_abaumannii	minustrain	12593.0	185	21.17	0.13200046028618787	0.84736355226642	0.7532894736842105	0.9036144578313253	0.9682875264270613	0.0963855421686747	0.44231895871010474	0.6714650174187087	0.5	0.4780680527830695	0.49748743718592964	100.0	639.0	473.0	166.0	608.0	0.0				
deep-amp-cnn-grampos	deep-amp	regressor	species_abaumannii	holdout	12593.0	185	21.17	0.13779393067845655	0.9024390243902439	0.8409090909090909	0.9032258064516129	0.9736842105263158	0.0967741935483871	0.5299235993208828	0.8090889612144823	0.86	0.48217317487266553	0.49748743718592964	100.0	183.0	152.0	31.0	176.0	0.0				
example-model	example-model	classifier	species_paeruginosa	battleamp		0	0.0	0.0021167852945785564	0.5528520143597926	0.6149068322981367	0.5	0.5021739130434782	0.5	0.4949070827489481	0.615541480212956	0.63	0.500702668311733	0.5013323479750988	100.0	2248.0	1380.0	868.0	1127.0	0.0				
example-model	example-model	classifier	species_paeruginosa	minustrain		0	0.0	0.0021167852945785564	0.5528520143597926	0.6149068322981367	0.5	0.5021739130434782	0.5	0.4949070827489481	0.615541480212956	0.63	0.500702668311733	0.5013323479750988	100.0	2248.0	1380.0	868.0	1127.0	0.0				
example-model	example-model	classifier	species_paeruginosa	holdout		0	0.0	0.004207599497193657	0.596100278551532	0.7278911564625851	0.5	0.5047169811320755	0.5	0.5216096698113207	0.7367437131207686	0.75	0.5016137040714995	0.49748743718592964	100.0	292.0	212.0	80.0	147.0	0.0				
ampeppy	ampeppy	classifier	species_paeruginosa	battleamp	6536.0	140	6.23	0.18576978570105684	0.7676179382644147	0.6416747809152873	0.847926267281106	0.9550724637681159	0.15207373271889402	0.6488546049555868	0.7135156561398165	0.68	0.5162256974835405	0.5062087301531366	100.0	2248.0	1380.0	868.0	2054.0	0.0				
ampeppy	ampeppy	classifier	species_paeruginosa	minustrain	6536.0	140	6.23	0.1929949467921771	0.763988746483276	0.6367899947889526	0.8417874396135265	0.9546875	0.15821256038647344	0.6510591221316425	0.708778589428118	0.69	0.5197691210589881	0.5017878872017091	100.0	2108.0	1280.0	828.0	1919.0	0.0				
ampeppy	ampeppy	classifier	species_paeruginosa	holdout	6536.0	140	6.23	-0.0312331849582056	0.8259109311740891	0.723404255319149	0.975	0.9622641509433962	0.025	0.4659198113207547	0.7157992150128981	0.71	0.5002172293942403	0.5045984640182042	100.0	292.0	212.0	80.0	282.0	0.0				
amplify	amplify	classifier	species_paeruginosa	battleamp	6676.0	154	6.85	0.2089362890826583	0.7728323699421965	0.6427884615384616	0.8559907834101382	0.9688405797101449	0.14400921658986174	0.670782408335003	0.7136002492919216	0.64	0.5114197661053054	0.4998950875394806	100.0	2248.0	1380.0	868.0	2080.0	0.0				
amplify	amplify	classifier	species_paeruginosa	minustrain	6676.0	154	6.85	0.21365674635132287	0.7714374805113814	0.6419304618578101	0.8476658476658476	0.96640625	0.15233415233415235	0.6793429437960687	0.7204206150456817	0.71	0.515822004720031	0.500094230751423	100.0	2094.0	1280.0	814.0	1927.0	0.0				
amplify	amplify	classifier	species_paeruginosa	holdout	6676.0	154	6.85	0.22617782337431025	0.8508064516129032	0.7429577464788732	0.9125	0.9952830188679245	0.0875	0.5179245283018867	0.7352433108924427	0.74	0.49354518371400197	0.5022281217407794	100.0	292.0	212.0	80.0	284.0	0.0				
ampscanner	ampscanner	classifier	species_paeruginosa	battleamp	2132.0	67	2.98	0.18792758703600126	0.7590082644628099	0.6256130790190736	0.8630653266331658	0.9647058823529412	0.13693467336683418	0.7190643342764242	0.7647349730685247	0.83	0.554657231313578	0.5052185296229045	100.0	1986.0	1190.0	796.0	1835.0	0.0				
ampscanner	ampscanner	classifier	species_paeruginosa	minustrain	2132.0	67	2.98	0.19014520231095286	0.7574614065180103	0.6237288135593221	0.8604651162790697	0.9641921397379912	0.13953488372093023	0.7208749421707683	0.7636673088686516	0.83	0.5544323820081929	0.5051970615987722	100.0	1919.0	1145.0	774.0	1770.0	0.0				
ampscanner	ampscanner	classifier	species_paeruginosa	holdout	2132.0	67	2.98	0.16364332147963515	0.8523908523908524	0.7481751824817519	0.9324324324324325	0.9903381642512077	0.06756756756756757	0.6160073116594855	0.7900823657810212	0.79	0.509867198654384	0.5009420943438859	100.0	281.0	207.0	74.0	274.0	0.0				
ampredmfa	ampredmfa	classifier	species_paeruginosa	battleamp	11320.0	281	12.5	0.08252670350010215	0.7628808864265928	0.6174887892376681	0.9827188940092166	0.9978260869565218	0.01728110599078341	0.5677056201162091	0.6649258066430994	0.72	0.5109993710439332	0.5010501912051997	100.0	2248.0	1380.0	868.0	2230.0	0.0				
ampredmfa	ampredmfa	classifier	species_paeruginosa	minustrain	11320.0	281	12.5	0.07956513650966092	0.7480769230769231	0.5984615384615385	0.9824341279799247	0.9974358974358974	0.01756587202007528	0.5667857027957404	0.6441046465145985	0.73	0.5082087935889106	0.5007837541617552	100.0	1967.0	1170.0	797.0	1950.0	0.0				
ampredmfa	ampredmfa	classifier	species_paeruginosa	holdout	11320.0	281	12.5	0.0	0.8412698412698413	0.726027397260274	1.0	1.0	0.0	0.6139150943396228	0.7842102375927283	0.8	0.5134061569016882	0.5012799848298094	100.0	292.0	212.0	80.0	292.0	0.0				
hydramp-amp-classifier	hydramp-amp-classifier	classifier	species_paeruginosa	battleamp	11131.0	297	13.21	0.14762335341585628	0.7591892820336654	0.6278409090909091	0.8827493261455526	0.9600347523892268	0.11725067385444744	0.6602526573634552	0.7409958393440441	0.87	0.55487656899408	0.5113662457540512	100.0	1893.0	1151.0	742.0	1760.0	0.0				
hydramp-amp-classifier	hydramp-amp-classifier	classifier	species_paeruginosa	minustrain	11131.0	297	13.21	0.1585402969217079	0.760655737704918	0.632583503749148	0.8651685393258427	0.9537512846865365	0.1348314606741573	0.6885342448352715	0.7605572005466246	0.88	0.5598025110005287	0.5093783661145714	100.0	1596.0	973.0	623.0	1467.0	0.0				
hydramp-amp-classifier	hydramp-amp-classifier	classifier	species_paeruginosa	holdout	11131.0	297	13.21	0.018344065972694286	0.827433628318584	0.7391304347826086	0.9295774647887324	0.9396984924623115	0.07042253521126761	0.5565149692122584	0.7710134029290988	0.75	0.5268788965832374	0.4979356581904497	100.0	270.0	199.0	71.0	253.0	0.0				
hydramp-mic-classifier	hydramp-mic-classifier	classifier	species_paeruginosa	battleamp	3444.0	536	23.84	0.5003809930240576	0.8208045509955303	0.7709923664122137	0.40431266846361186	0.8774978279756733	0.5956873315363881	0.7953876975605415	0.8169806530937069	0.83	0.5786230900267569	0.5011889133198927	100.0	1893.0	1151.0	742.0	1310.0	0.0				
hydramp-mic-classifier	hydramp-mic-classifier	classifier	species_paeruginosa	minustrain	3444.0	536	23.84	0.4550630090926445	0.8027366020524516	0.7521367521367521	0.43042671614100186	0.8606356968215159	0.5695732838589982	0.7663494381971503	0.7836394929260254	0.81	0.557656803552717	0.4991913448148518	100.0	1357.0	818.0	539.0	936.0	0.0				
hydramp-mic-classifier	hydramp-mic-classifier	classifier	species_paeruginosa	holdout	3444.0	536	23.84	0.24822002172336532	0.8391608391608392	0.782608695652174	0.704225352112676	0.9045226130653267	0.29577464788732394	0.5870196050675915	0.7765702658865447	0.76	0.5036710610129967	0.5176889472488069	100.0	270.0	199.0	71.0	230.0	0.0				
apex-min	apex	regressor	species_paeruginosa	battleamp	1388.0	21	0.93	0.4210602412297998	0.8270521424883841	0.782991202346041	0.4879120879120879	0.8763676148796499	0.512087912087912	0.7483203885829706	0.8286957733036863	0.85	0.5609141520692829	0.5059579040754062	100.0	1369.0	914.0	455.0	1023.0	0.0				
apex-min	apex	regressor	species_paeruginosa	minustrain	1388.0	21	0.93	0.4216765705569805	0.8265412748171369	0.7823936696340257	0.48672566371681414	0.875968992248062	0.5132743362831859	0.7491498348670605	0.8285122003328087	0.85	0.5621488378282608	0.505972713851995	100.0	1355.0	903.0	452.0	1011.0	0.0				
apex-min	apex	regressor	species_paeruginosa	holdout	1388.0	21	0.93	-0.028048148343725467	0.7818181818181819	0.7456647398843931	0.8461538461538461	0.821656050955414	0.15384615384615385	0.5402988731014209	0.8024849436442586	0.77	0.5429227159029372	0.5262938898313222	100.0	209.0	157.0	52.0	173.0	0.0				
apex-ecoli	apex	regressor	species_paeruginosa	battleamp	1388.0	21	0.93	0.3677640294353875	0.4732394366197183	0.8983957219251337	0.037549407114624504	0.32122370936902483	0.9624505928853755	0.6887975271880833	0.7321235259650547	0.9	0.6271212194135305	0.5300074462199829	100.0	1029.0	523.0	506.0	187.0	0.0				
apex-ecoli	apex	regressor	species_paeruginosa	minustrain	1388.0	21	0.93	0.3691682752086346	0.4721030042918455	0.9016393442622951	0.036	0.31976744186046513	0.964	0.6896899224806202	0.7324892534993638	0.9	0.6275397796817626	0.52962486852869	100.0	1016.0	516.0	500.0	183.0	0.0				
apex-ecoli	apex	regressor	species_paeruginosa	holdout	1388.0	21	0.93	0.25553852661483867	0.6233766233766234	0.8421052631578947	0.21951219512195122	0.4948453608247423	0.7804878048780488	0.5783253708825747	0.7706451997246271	0.69	0.5312520678109657	0.5026679790706108	100.0	138.0	97.0	41.0	57.0	0.0				
apex-saureus	apex	regressor	species_paeruginosa	battleamp	1388.0	21	0.93	0.010561864445977906	0.04607329842931937	0.5945945945945946	0.020804438280166437	0.023965141612200435	0.9791955617198336	0.5846742148855227	0.6237569851458554	0.68	0.5183155871784926	0.49832637786972567	100.0	1639.0	918.0	721.0	37.0	0.0				
apex-saureus	apex	regressor	species_paeruginosa	minustrain	1388.0	21	0.93	-0.000186883385098308	0.040339702760084924	0.5588235294117647	0.02097902097902098	0.02092511013215859	0.9790209790209791	0.5849403900064694	0.6225753894975874	0.67	0.5175100809230185	0.49831951414755304	100.0	1623.0	908.0	715.0	34.0	0.0				
apex-saureus	apex	regressor	species_paeruginosa	holdout	1388.0	21	0.93	0.006152586155554281	0.12578616352201258	0.7142857142857143	0.06557377049180328	0.06896551724137931	0.9344262295081968	0.4878462408140193	0.6952839354194382	0.71	0.49903305465472614	0.49748743718592964	100.0	206.0	145.0	61.0	14.0	0.0				
apex-kpneumoniae	apex	regressor	species_paeruginosa	battleamp	1388.0	21	0.93	0.03894305536371607	0.018218623481781375	0.8181818181818182	0.002844950213371266	0.009211873080859774	0.9971550497866287	0.5346715567585039	0.6112941766551682	0.64	0.5076249891856489	0.5020631094660672	100.0	1680.0	977.0	703.0	11.0	0.0				
apex-kpneumoniae	apex	regressor	species_paeruginosa	minustrain	1388.0	21	0.93	0.03448730623748675	0.016359918200409	0.8	0.0028653295128939827	0.008264462809917356	0.997134670487106	0.5348782826967249	0.6104829322013101	0.64	0.5071218830661394	0.5017103443286194	100.0	1666.0	968.0	698.0	10.0	0.0				
apex-kpneumoniae	apex	regressor	species_paeruginosa	holdout	1388.0	21	0.93	-0.012500925395721476	0.05405405405405406	0.6666666666666666	0.03278688524590164	0.028169014084507043	0.9672131147540983	0.47760332486723617	0.6948361449540857	0.67	0.5125715466222703	0.49748743718592964	100.0	203.0	142.0	61.0	6.0	0.0				
apex-abaumannii	apex	regressor	species_paeruginosa	battleamp	1388.0	21	0.93	0.4296328919626696	0.6451612903225806	0.835509138381201	0.11864406779661017	0.5254515599343186	0.8813559322033898	0.7189953583875268	0.7633685707488707	0.88	0.6051756770327013	0.5211415589166413	100.0	1140.0	609.0	531.0	383.0	0.0				
apex-abaumannii	apex	regressor	species_paeruginosa	minustrain	1388.0	21	0.93	0.43153603726190637	0.6462167689161554	0.8359788359788359	0.1180952380952381	0.5266666666666666	0.8819047619047619	0.7197174603174602	0.7620807579485374	0.88	0.6035171261487051	0.5202999122597113	100.0	1125.0	600.0	525.0	378.0	0.0				
apex-abaumannii	apex	regressor	species_paeruginosa	holdout	1388.0	21	0.93	0.04935946811331436	0.6424870466321243	0.7126436781609196	0.5319148936170213	0.5849056603773585	0.46808510638297873	0.518667201926937	0.7276974968057812	0.71	0.5146738785945192	0.5022281217407794	100.0	153.0	106.0	47.0	87.0	0.0				
apex-paeruginosa	apex	regressor	species_paeruginosa	battleamp	1388.0	21	0.93	0.15721408123707672	0.0877742946708464	1.0	0.0	0.04590163934426229	1.0	0.5989183707960115	0.5999542279248754	0.73	0.5475328510561515	0.5268187675381665	100.0	1289.0	610.0	679.0	28.0	0.0				
apex-paeruginosa	apex	regressor	species_paeruginosa	minustrain	1388.0	21	0.93	0.15849056938624728	0.08888888888888889	1.0	0.0	0.046511627906976744	1.0	0.60024695130968	0.6004788851915929	0.73	0.5481353995713181	0.5271565691465896	100.0	1276.0	602.0	674.0	28.0	0.0				
apex-paeruginosa	apex	regressor	species_paeruginosa	holdout	1388.0	21	0.93	0.06666666666666667	0.13636363636363635	0.75	0.041666666666666664	0.075	0.9583333333333334	0.47578125000000004	0.6499747264283828	0.6	0.5213815789473685	0.5226130653266332	100.0	128.0	80.0	48.0	8.0	0.0				
mbc-attention	mbc-attention	regressor	species_paeruginosa	battleamp	3929.0	669	29.76	0.5322056976855688	0.8739635157545605	0.7901049475262368	0.5668016194331984	0.9777365491651205	0.4331983805668016	0.7854851915002291	0.8735826498190604	0.97	0.6075985747533037	0.5386051210285162	100.0	1572.0	1078.0	494.0	1334.0	0.0				
mbc-attention	mbc-attention	regressor	species_paeruginosa	minustrain	3929.0	669	29.76	0.4300465065315036	0.8481166464155528	0.7489270386266095	0.6802325581395349	0.9775910364145658	0.31976744186046513	0.7063220637092045	0.8112062145069512	0.92	0.5621020746119746	0.514656861926727	100.0	1058.0	714.0	344.0	932.0	0.0				
mbc-attention	mbc-attention	regressor	species_paeruginosa	holdout	3929.0	669	29.76	0.34956546494717144	0.9020618556701031	0.8293838862559242	0.8	0.9887005649717514	0.2	0.7015693659761457	0.8931869415979571	0.89	0.5595863481679717	0.5343951395395055	100.0	222.0	177.0	45.0	211.0	0.0				
sensexamp-classifier	sensexamp	classifier	species_paeruginosa	battleamp	20587.0	543	24.15	0.09973891885728611	0.7584589614740368	0.6168937329700273	0.95	0.9843478260869565	0.05	0.7043772032902468	0.776871165064714	0.88	0.5680808955408498	0.5134721787551152	100.0	1890.0	1150.0	740.0	1835.0	0.0				
sensexamp-classifier	sensexamp	classifier	species_paeruginosa	minustrain	20587.0	543	24.15	0.1050265530276025	0.7561083962683252	0.6135544340302812	0.9486725663716814	0.9849537037037037	0.05132743362831858	0.7158175598164537	0.7818037683062447	0.86	0.5714250288947541	0.5158519572625501	100.0	1429.0	864.0	565.0	1387.0	0.0				
sensexamp-classifier	sensexamp	classifier	species_paeruginosa	holdout	20587.0	543	24.15	0.13566231307267132	0.8516129032258064	0.7443609022556391	0.9577464788732394	0.9949748743718593	0.04225352112676056	0.6009271710666007	0.7892282306228463	0.8	0.5055335983103062	0.5151637584909472	100.0	270.0	199.0	71.0	266.0	0.0				
sensexamp-ecoli	sensexamp	regressor	species_paeruginosa	battleamp	20587.0	543	24.15	0.43066620165040104	0.8287142208087233	0.7689713322091062	0.5150375939849624	0.8985221674876848	0.4849624060150376	0.7421015593170116	0.8265881493709186	0.91	0.5691711778798825	0.5225134897049044	100.0	1547.0	1015.0	532.0	1186.0	0.0				
sensexamp-ecoli	sensexamp	regressor	species_paeruginosa	minustrain	20587.0	543	24.15	0.4174879570932678	0.8178438661710037	0.7665505226480837	0.49385749385749383	0.8764940239043825	0.5061425061425061	0.7334103389880282	0.8152601551024488	0.89	0.564935224402618	0.5167076970516479	100.0	1160.0	753.0	407.0	861.0	0.0				
sensexamp-ecoli	sensexamp	regressor	species_paeruginosa	holdout	20587.0	543	24.15	0.21251660350824897	0.8012618296529969	0.7987421383647799	0.5925925925925926	0.8037974683544303	0.4074074074074074	0.6610407876230661	0.834967479451677	0.84	0.5622671305549387	0.49748743718592964	100.0	212.0	158.0	54.0	159.0	0.0				
sensexamp-saureus	sensexamp	regressor	species_paeruginosa	battleamp	20587.0	543	24.15	0.4730288112780628	0.7874015748031497	0.8158508158508159	0.27964601769911507	0.7608695652173914	0.720353982300885	0.7551539053482108	0.8114187066550348	0.87	0.5618253984325955	0.5129214754031798	100.0	1485.0	920.0	565.0	858.0	0.0				
sensexamp-saureus	sensexamp	regressor	species_paeruginosa	minustrain	20587.0	543	24.15	0.44758949359488165	0.7691131498470948	0.8099838969404187	0.27505827505827507	0.7321688500727802	0.7249417249417249	0.7368206756853044	0.792895816573316	0.84	0.5493270487524682	0.508860010055946	100.0	1116.0	687.0	429.0	621.0	0.0				
sensexamp-saureus	sensexamp	regressor	species_paeruginosa	holdout	20587.0	543	24.15	0.13225837984760971	0.6714801444043321	0.7815126050420168	0.4406779661016949	0.5886075949367089	0.559322033898305	0.5902166916970608	0.7950895544579368	0.79	0.5317810725053355	0.5261115705107817	100.0	217.0	158.0	59.0	119.0	0.0				
ampredictor	ampredictor	regressor	species_paeruginosa	battleamp	2952.0	509	22.64	0.4752525387930219	0.8749503771337832	0.7950937950937951	0.6214442013129103	0.9726390114739629	0.3785557986870897	0.7550219108078512	0.8642823658239294	0.91	0.5746352425568257	0.5202973756808128	100.0	1590.0	1133.0	457.0	1386.0	0.0				
ampredictor	ampredictor	regressor	species_paeruginosa	minustrain	2952.0	509	22.64	0.41022507619039	0.8559542381695268	0.7648698884758365	0.6875	0.9716646989374262	0.3125	0.7124441763769827	0.8313489050613831	0.91	0.5587704889244312	0.5203353660659955	100.0	1215.0	847.0	368.0	1076.0	0.0				
ampredictor	ampredictor	regressor	species_paeruginosa	holdout	2952.0	509	22.64	0.055513187947561486	0.8547945205479452	0.7572815533980582	0.9615384615384616	0.9811320754716981	0.038461538461538464	0.6168359941944848	0.8130361029285366	0.82	0.5043668678226771	0.5038083499257293	100.0	211.0	159.0	52.0	206.0	0.0				
deep-amp-lstm-gramneg	deep-amp	regressor	species_paeruginosa	battleamp	12593.0	687	30.56	0.3471611375357341	0.7944785276073619	0.7134986225895317	0.6020260492040521	0.8961937716262975	0.3979739507959479	0.6680191187737545	0.7338147608495609	0.82	0.523826780357069	0.5062569166595726	100.0	1847.0	1156.0	691.0	1452.0	0.0				
deep-amp-lstm-gramneg	deep-amp	regressor	species_paeruginosa	minustrain	12593.0	687	30.56	0.36631045322578454	0.7941507311586051	0.710261569416499	0.588957055214724	0.9005102040816326	0.4110429447852761	0.6679995617879053	0.7064056024769572	0.69	0.5087315681842643	0.49977470718225325	100.0	1273.0	784.0	489.0	994.0	0.0				
deep-amp-lstm-gramneg	deep-amp	regressor	species_paeruginosa	holdout	12593.0	687	30.56	0.04460719968121822	0.8112244897959183	0.7227272727272728	0.8970588235294118	0.9244186046511628	0.10294117647058823	0.4431429548563611	0.7035782965887841	0.65	0.509233926128591	0.5237816991936426	100.0	240.0	172.0	68.0	220.0	0.0				
deep-amp-lstm-grampos	deep-amp	regressor	species_paeruginosa	battleamp	12593.0	687	30.56	0.28779049059543677	0.7708495713172252	0.7064285714285714	0.5913669064748202	0.8481989708404802	0.40863309352517985	0.6779187284820514	0.7603588705664809	0.89	0.5407393503812099	0.5186422381785651	100.0	1861.0	1166.0	695.0	1400.0	0.0				
deep-amp-lstm-grampos	deep-amp	regressor	species_paeruginosa	minustrain	12593.0	687	30.56	0.2542465308171633	0.7474518686296716	0.6707317073170732	0.6206896551724138	0.8439897698209718	0.3793103448275862	0.6478010994502749	0.7110034992421297	0.77	0.5287701866301111	0.5094481530542246	100.0	1304.0	782.0	522.0	984.0	0.0				
deep-amp-lstm-grampos	deep-amp	regressor	species_paeruginosa	holdout	12593.0	687	30.56	0.017269616359733803	0.7750677506775068	0.7079207920792079	0.8428571428571429	0.8562874251497006	0.15714285714285714	0.5213857998289135	0.7340544493813953	0.71	0.5245599027508892	0.49748743718592964	100.0	237.0	167.0	70.0	202.0	0.0				
deep-amp-cnn-gramneg	deep-amp	regressor	species_paeruginosa	battleamp	12593.0	687	30.56	0.3523043387382434	0.8314768235716853	0.7304292929292929	0.727427597955707	0.9649708090075062	0.272572402044293	0.7309214237304511	0.8130658787114968	0.86	0.5516908760229149	0.4993752159227254	100.0	1786.0	1199.0	587.0	1584.0	0.0				
deep-amp-cnn-gramneg	deep-amp	regressor	species_paeruginosa	minustrain	12593.0	687	30.56	0.34233552347732954	0.8196037539103233	0.7113122171945702	0.740139211136891	0.966789667896679	0.25986078886310904	0.7187210155164196	0.7897750233624103	0.82	0.5460865586797278	0.4986935143751279	100.0	1244.0	813.0	431.0	1105.0	0.0				
deep-amp-cnn-gramneg	deep-amp	regressor	species_paeruginosa	holdout	12593.0	687	30.56	-0.022713243557301307	0.8602620087336245	0.76953125	0.9833333333333333	0.9752475247524752	0.016666666666666666	0.5863861386138615	0.8009427396007462	0.82	0.49365989230502	0.49748743718592964	100.0	262.0	202.0	60.0	256.0	0.0				
deep-amp-cnn-grampos	deep-amp	regressor	species_paeruginosa	battleamp	12593.0	687	30.56	0.15453948217885355	0.7903075489282386	0.6659685863874345	0.8985915492957747	0.9717341482047365	0.10140845070422536	0.6220036798330087	0.7182639626832786	0.73	0.5155905882805983	0.49955828270350344	100.0	2019.0	1309.0	710.0	1910.0	0.0				
deep-amp-cnn-grampos	deep-amp	regressor	species_paeruginosa	minustrain	12593.0	687	30.56	0.14719426997634158	0.7720555306762203	0.6428038777032066	0.8936567164179104	0.9663677130044843	0.10634328358208955	0.5948731677933203	0.6697010508029848	0.67	0.5039810095146171	0.4985847179811782	100.0	1428.0	892.0	536.0	1341.0	0.0				
deep-amp-cnn-grampos	deep-amp	regressor	species_paeruginosa	holdout	12593.0	687	30.56	0.09952560610681284	0.8366890380313199	0.7333333333333333	0.9315068493150684	0.9739583333333334	0.0684931506849315	0.5856877853881278	0.7799389544200872	0.79	0.5081936433549628	0.5158082077051926	100.0	265.0	192.0	73.0	255.0	0.0				
example-model	example-model	classifier	gram_plus	battleamp		0	0.0	-0.011082608365813451	0.5572873940388297	0.6396735718769617	0.5052816901408451	0.4937015503875969	0.49471830985915494	0.49373119165574847	0.6456291822981097	0.66	0.5022749140189977	0.5002860032502287	100.0	3200.0	2064.0	1136.0	1593.0	0.0				
example-model	example-model	classifier	gram_plus	minustrain		0	0.0	-0.011082608365813451	0.5572873940388297	0.6396735718769617	0.5052816901408451	0.4937015503875969	0.49471830985915494	0.49373119165574847	0.6456291822981097	0.66	0.5022749140189977	0.5002860032502287	100.0	3200.0	2064.0	1136.0	1593.0	0.0				
example-model	example-model	classifier	gram_plus	holdout		0	0.0	0.03464420126072566	0.6017699115044248	0.723404255319149	0.47706422018348627	0.5151515151515151	0.5229357798165137	0.5331178760077843	0.7466346035885756	0.74	0.5321027757049003	0.4984304340719444	100.0	373.0	264.0	109.0	188.0	0.0				
ampeppy	ampeppy	classifier	gram_plus	battleamp	6536.0	276	8.62	0.24013765094372683	0.7978382706164932	0.6797407912687585	0.8265845070422535	0.9656007751937985	0.17341549295774647	0.6458335465798667	0.7286547571941493	0.78	0.5130540100045397	0.5034984090394103	100.0	3200.0	2064.0	1136.0	2932.0	0.0				
ampeppy	ampeppy	classifier	gram_plus	minustrain	6536.0	276	8.62	0.25097797627458307	0.7927449679274496	0.6724202626641651	0.8174157303370787	0.9655172413793104	0.18258426966292135	0.6518241274376856	0.7210828415826486	0.67	0.5094407215005744	0.5057316318126861	100.0	2924.0	1856.0	1068.0	2665.0	0.0				
ampeppy	ampeppy	classifier	gram_plus	holdout	6536.0	276	8.62	0.25340799780153134	0.8305084745762712	0.7515337423312883	0.7431192660550459	0.928030303030303	0.25688073394495414	0.606043230469836	0.7689729401874308	0.75	0.5169585765916042	0.5107243194007289	100.0	373.0	264.0	109.0	326.0	0.0				
amplify	amplify	classifier	gram_plus	battleamp	6676.0	321	10.03	0.19596869559247143	0.7931306750888275	0.6692205196535643	0.8748898678414097	0.9733527131782945	0.12511013215859032	0.6331470050882764	0.709376081043599	0.58	0.5035877763638684	0.49899730394317354	100.0	3199.0	2064.0	1135.0	3002.0	0.0				
amplify	amplify	classifier	gram_plus	minustrain	6676.0	321	10.03	0.20052314791332992	0.7878653675819309	0.6633109619686801	0.8649425287356322	0.970010905125409	0.13505747126436782	0.6454408428283133	0.7138050545549688	0.61	0.5084477337944316	0.4989909205419502	100.0	2878.0	1834.0	1044.0	2682.0	0.0				
amplify	amplify	classifier	gram_plus	holdout	6676.0	321	10.03	0.12164228207243954	0.819078947368421	0.7238372093023255	0.8715596330275229	0.9431818181818182	0.12844036697247707	0.6711148179038087	0.8126997385776036	0.85	0.5312431412141697	0.5054226686672171	100.0	373.0	264.0	109.0	344.0	0.0				
ampscanner	ampscanner	classifier	gram_plus	battleamp	2132.0	148	4.62	0.20246064566012617	0.7830592475782834	0.6563444108761329	0.8641975308641975	0.9704075935231714	0.13580246913580246	0.669437193353069	0.7407859727047393	0.71	0.5267520583735203	0.5025542166286275	100.0	2844.0	1791.0	1053.0	2648.0	0.0				
ampscanner	ampscanner	classifier	gram_plus	minustrain	2132.0	148	4.62	0.20108561921276857	0.7780966044954567	0.6502797761790567	0.8612204724409449	0.968452380952381	0.13877952755905512	0.6704768349268841	0.7369149083783496	0.79	0.5276044589084652	0.5026356016043259	100.0	2696.0	1680.0	1016.0	2502.0	0.0				
ampscanner	ampscanner	classifier	gram_plus	holdout	2132.0	148	4.62	0.16514867915618225	0.8417508417508418	0.7507507507507507	0.8645833333333334	0.9578544061302682	0.13541666666666666	0.7101891762452107	0.8454591298935962	0.85	0.5409303658420097	0.5039079243768753	100.0	357.0	261.0	96.0	333.0	0.0				
ampredmfa	ampredmfa	classifier	gram_plus	battleamp	11320.0	445	13.91	0.07523666752758365	0.7858913250714966	0.6479094624331971	0.986784140969163	0.998546511627907	0.013215859030837005	0.5740465884642967	0.6798042377974244	0.78	0.5006386858245794	0.500060980053603	100.0	3199.0	2064.0	1135.0	3181.0	0.0				
ampredmfa	ampredmfa	classifier	gram_plus	minustrain	11320.0	445	13.91	0.08302585228023758	0.7728494623655914	0.6302521008403361	0.98539435248296	0.9988419224088014	0.014605647517039922	0.5614739610143948	0.652960255991657	0.73	0.49822513527066603	0.4998305405534807	100.0	2754.0	1727.0	1027.0	2737.0	0.0				
ampredmfa	ampredmfa	classifier	gram_plus	holdout	11320.0	445	13.91	-0.033314999845834074	0.8270440251572327	0.706989247311828	1.0	0.9962121212121212	0.0	0.527227550736725	0.7360940456868332	0.77	0.5130706738437002	0.5012479537840718	100.0	373.0	264.0	109.0	372.0	0.0				
hydramp-amp-classifier	hydramp-amp-classifier	classifier	gram_plus	battleamp	11131.0	417	13.03	0.22369563499864648	0.8079869979103784	0.6962785114045619	0.8331503841931943	0.9623893805309734	0.1668496158068057	0.745008159855454	0.8394382457994629	0.93	0.5783765524048311	0.5209120520274259	100.0	2719.0	1808.0	911.0	2499.0	0.0				
hydramp-amp-classifier	hydramp-amp-classifier	classifier	gram_plus	minustrain	11131.0	417	13.03	0.2271002856852183	0.792368125701459	0.6765692381408721	0.8181818181818182	0.955991875423155	0.18181818181818182	0.7538224492726862	0.8310670195836853	0.93	0.5824659667263808	0.519477495256866	100.0	2302.0	1477.0	825.0	2087.0	0.0				
hydramp-amp-classifier	hydramp-amp-classifier	classifier	gram_plus	holdout	11131.0	417	13.03	0.15374145087307325	0.7975460122699386	0.7014388489208633	0.8217821782178217	0.9241706161137441	0.1782178217821782	0.6816432828116935	0.7979734312993261	0.82	0.5459720579191868	0.4986901331301055	100.0	312.0	211.0	101.0	278.0	0.0				
hydramp-mic-classifier	hydramp-mic-classifier	classifier	gram_plus	battleamp	3444.0	899	28.09	0.40494285798179463	0.8102425876010781	0.7902208201892744	0.43798024149286496	0.8313053097345132	0.562019758507135	0.7529722152064734	0.8250785424518436	0.81	0.5583037265896252	0.5024592084110361	100.0	2719.0	1808.0	911.0	1902.0	0.0				
hydramp-mic-classifier	hydramp-mic-classifier	classifier	gram_plus	minustrain	3444.0	899	28.09	0.3637116071825596	0.7958115183246073	0.7623456790123457	0.48657187993680884	0.8323504633529908	0.5134281200631912	0.7296555230372213	0.7981620687856928	0.78	0.5450905218943981	0.5010728428633463	100.0	1820.0	1187.0	633.0	1296.0	0.0				
hydramp-mic-classifier	hydramp-mic-classifier	classifier	gram_plus	holdout	3444.0	899	28.09	0.281812287245229	0.7816091954022989	0.7589285714285714	0.5346534653465347	0.8056872037914692	0.46534653465346537	0.6571723523063207	0.7598187182411957	0.77	0.5131745651492063	0.4975110171475839	100.0	312.0	211.0	101.0	224.0	0.0				
apex-min	apex	regressor	gram_plus	battleamp	1388.0	29	0.91	0.3492998950747414	0.7949275362318841	0.792057761732852	0.45	0.7978181818181819	0.55	0.7329931818181817	0.8400362466954006	0.9	0.5749401913875598	0.5105413430790315	100.0	2015.0	1375.0	640.0	1385.0	0.0				
apex-min	apex	regressor	gram_plus	minustrain	1388.0	29	0.91	0.34869048392693974	0.7939882697947214	0.7916666666666666	0.44881889763779526	0.7963235294117647	0.5511811023622047	0.7327779064381658	0.8396836448523897	0.9	0.5753272713975769	0.5098087705782269	100.0	1995.0	1360.0	635.0	1368.0	0.0				
apex-min	apex	regressor	gram_plus	holdout	1388.0	29	0.91	-0.028481261166177475	0.7606382978723404	0.7688172043010753	0.7818181818181819	0.7526315789473684	0.21818181818181817	0.4457416267942584	0.7567067458850915	0.77	0.4981113069755729	0.5027770431102883	100.0	245.0	190.0	55.0	186.0	0.0				
apex-ecoli	apex	regressor	gram_plus	battleamp	1388.0	29	0.91	0.34064709259289655	0.46355446355446356	0.909967845659164	0.039886039886039885	0.310989010989011	0.9601139601139601	0.6674352712814251	0.7567489668494065	0.95	0.6194414372552024	0.53910940381756	100.0	1612.0	910.0	702.0	311.0	0.0				
apex-ecoli	apex	regressor	gram_plus	minustrain	1388.0	29	0.91	0.33811870269762356	0.4583333333333333	0.9105960264900662	0.03890489913544669	0.3062360801781737	0.9610951008645533	0.6657557941759786	0.7544293312481443	0.94	0.6178710159286845	0.5370877609680851	100.0	1592.0	898.0	694.0	302.0	0.0				
apex-ecoli	apex	regressor	gram_plus	holdout	1388.0	29	0.91	0.27559155856060435	0.5463917525773195	0.8833333333333333	0.11864406779661017	0.39552238805970147	0.8813559322033898	0.541866936503921	0.7918348448448348	0.77	0.5795331993023287	0.549988749718743	100.0	193.0	134.0	59.0	60.0	0.0				
apex-saureus	apex	regressor	gram_plus	battleamp	1388.0	29	0.91	0.14736942613087278	0.1168091168091168	0.9425287356321839	0.005170630816959669	0.06226271829916477	0.9948293691830403	0.6084273822788309	0.6808284945300196	0.89	0.5365248459524786	0.5228044561820313	100.0	2284.0	1317.0	967.0	87.0	0.0				
apex-saureus	apex	regressor	gram_plus	minustrain	1388.0	29	0.91	0.1410493813160868	0.10974729241877257	0.9382716049382716	0.00522466039707419	0.05828220858895705	0.9947753396029259	0.6070230013269997	0.6781834945499147	0.87	0.5347951923002305	0.5210682332562093	100.0	2261.0	1304.0	957.0	81.0	0.0				
apex-saureus	apex	regressor	gram_plus	holdout	1388.0	29	0.91	0.1805787796286538	0.1782178217821782	1.0	0.0	0.09782608695652174	1.0	0.4715819800942902	0.7321521868737191	0.71	0.5495712828430427	0.5521083679265895	100.0	267.0	184.0	83.0	18.0	0.0				
apex-kpneumoniae	apex	regressor	gram_plus	battleamp	1388.0	29	0.91	0.059060014553774236	0.022487702037947997	0.9411764705882353	0.001088139281828074	0.011379800853485065	0.998911860718172	0.5704202570361439	0.6526965090102714	0.65	0.5068811347344861	0.5043131491509341	100.0	2325.0	1406.0	919.0	17.0	0.0				
apex-kpneumoniae	apex	regressor	gram_plus	minustrain	1388.0	29	0.91	0.051679238136398215	0.018439716312056736	0.9285714285714286	0.001098901098901099	0.009312320916905445	0.9989010989010989	0.5700494348058819	0.650884471525702	0.64	0.5055359359385901	0.5032864501986617	100.0	2306.0	1396.0	910.0	14.0	0.0				
apex-kpneumoniae	apex	regressor	gram_plus	holdout	1388.0	29	0.91	0.10001931453741905	0.06217616580310881	1.0	0.0	0.03208556149732621	1.0	0.4390243902439024	0.6952913001721279	0.7	0.5066347229754312	0.5136108349232795	100.0	269.0	187.0	82.0	6.0	0.0				
apex-abaumannii	apex	regressor	gram_plus	battleamp	1388.0	29	0.91	0.3797551044514727	0.6227692307692307	0.8590831918505942	0.12063953488372094	0.48841698841698844	0.8793604651162791	0.7148693544042382	0.7910738439474813	0.86	0.5899145451624032	0.5135589729197302	100.0	1724.0	1036.0	688.0	589.0	0.0				
apex-abaumannii	apex	regressor	gram_plus	minustrain	1388.0	29	0.91	0.3780866148029143	0.6208619612742037	0.8583765112262521	0.12058823529411765	0.4863013698630137	0.8794117647058823	0.7138022332220559	0.7888757669799273	0.86	0.5888744827419071	0.5116309069232429	100.0	1702.0	1022.0	680.0	579.0	0.0				
apex-abaumannii	apex	regressor	gram_plus	holdout	1388.0	29	0.91	0.20947610313480627	0.6448979591836734	0.8315789473684211	0.2909090909090909	0.5266666666666666	0.7090909090909091	0.5607272727272727	0.813418894135255	0.83	0.562360446570973	0.5209380234505863	100.0	205.0	150.0	55.0	95.0	0.0				
apex-paeruginosa	apex	regressor	gram_plus	battleamp	1388.0	29	0.91	0.09679250412507621	0.058419243986254296	0.918918918918919	0.003575685339690107	0.030168589174800354	0.9964243146603099	0.5881901913483432	0.6516223220512327	0.73	0.5231979815543196	0.5104956979603125	100.0	1966.0	1127.0	839.0	37.0	0.0				
apex-paeruginosa	apex	regressor	gram_plus	minustrain	1388.0	29	0.91	0.0912578932142317	0.05391304347826087	0.9117647058823529	0.0036101083032490976	0.027777777777777776	0.9963898916967509	0.5868873706593515	0.6486958592379766	0.71	0.5218740373441788	0.5093215127823947	100.0	1947.0	1116.0	831.0	34.0	0.0				
apex-paeruginosa	apex	regressor	gram_plus	holdout	1388.0	29	0.91	-0.017346251464074165	0.04411764705882353	0.6	0.02857142857142857	0.022900763358778626	0.9714285714285714	0.40218102508178843	0.6241863485659707	0.6	0.5035298169086839	0.5051593847098086	100.0	201.0	131.0	70.0	5.0	0.0				
mbc-attention	mbc-attention	regressor	gram_plus	battleamp	3929.0	927	28.97	0.4193922234134532	0.839851024208566	0.7674418604651163	0.5790960451977402	0.9273474982864977	0.4209039548022599	0.7113290582900602	0.8065476625934349	0.88	0.5439006142113803	0.5162205236285866	100.0	2167.0	1459.0	708.0	1763.0	0.0				
mbc-attention	mbc-attention	regressor	gram_plus	minustrain	3929.0	927	28.97	0.3071625111894788	0.8383795309168444	0.7608359133126935	0.7038724373576309	0.9335232668566001	0.296127562642369	0.6473142145123922	0.7809758168276649	0.83	0.5172464125027767	0.501493258051295	100.0	1492.0	1053.0	439.0	1292.0	0.0				
mbc-attention	mbc-attention	regressor	gram_plus	holdout	3929.0	927	28.97	0.058001890333235696	0.8040201005025126	0.7547169811320755	0.8125	0.8602150537634409	0.1875	0.46866599462365593	0.7130396593601451	0.7	0.48288058856819466	0.5028907980764036	100.0	250.0	186.0	64.0	212.0	0.0				
sensexamp-classifier	sensexamp	classifier	gram_plus	battleamp	20587.0	834	26.06	0.15145189432634093	0.803178206583428	0.6785577291906406	0.9239250275633958	0.9838709677419355	0.07607497243660419	0.6798506977616928	0.7865292232588407	0.88	0.5374968363656996	0.5085842981644015	100.0	2705.0	1798.0	907.0	2607.0	0.0				
sensexamp-classifier	sensexamp	classifier	gram_plus	minustrain	20587.0	834	26.06	0.15699778608832318	0.7975077881619937	0.6701570680628273	0.9224011713030746	0.9846153846153847	0.07759882869692533	0.690511318842212	0.7920532355153049	0.9	0.5471556185203408	0.5114102130202766	100.0	1983.0	1300.0	683.0	1910.0	0.0				
sensexamp-classifier	sensexamp	classifier	gram_plus	holdout	20587.0	834	26.06	-0.027402203839861482	0.7874015748031497	0.6734006734006734	0.9603960396039604	0.9478672985781991	0.039603960396039604	0.707756557646286	0.8433532975991848	0.87	0.603170095009002	0.5522636881087905	100.0	312.0	211.0	101.0	297.0	0.0				
sensexamp-ecoli	sensexamp	regressor	gram_plus	battleamp	20587.0	834	26.06	0.4007688395978536	0.8404549646480172	0.7892609699769053	0.5447761194029851	0.8987508218277449	0.4552238805970149	0.7266448820983838	0.8333376164335449	0.92	0.5485099159037161	0.5162305093130287	100.0	2191.0	1521.0	670.0	1732.0	0.0				
sensexamp-ecoli	sensexamp	regressor	gram_plus	minustrain	20587.0	834	26.06	0.3950659215531831	0.8333333333333334	0.7811260904044409	0.5422396856581533	0.8930190389845875	0.4577603143418468	0.7204641030801867	0.8182024919042836	0.83	0.5368821910858167	0.5139843442552835	100.0	1612.0	1103.0	509.0	1261.0	0.0				
sensexamp-ecoli	sensexamp	regressor	gram_plus	holdout	20587.0	834	26.06	0.3603584345932926	0.7787610619469026	0.7904191616766467	0.40229885057471265	0.7674418604651163	0.5977011494252874	0.7224004276931302	0.822045442328823	0.83	0.5789192307151197	0.5004090218534533	100.0	259.0	172.0	87.0	167.0	0.0				
sensexamp-saureus	sensexamp	regressor	gram_plus	battleamp	20587.0	834	26.06	0.6016819056436374	0.8601108033240997	0.8896848137535817	0.21300138312586445	0.8324396782841823	0.7869986168741355	0.8178362052662609	0.8862809177235543	0.98	0.5943900945783301	0.531331414841777	100.0	2215.0	1492.0	723.0	1396.0	0.0				
sensexamp-saureus	sensexamp	regressor	gram_plus	minustrain	20587.0	834	26.06	0.5300126676032847	0.8311562651185292	0.8615847542627884	0.2574626865671642	0.802803738317757	0.7425373134328358	0.7825917143255685	0.855399034415867	0.92	0.5592187855606375	0.5249577501119771	100.0	1606.0	1070.0	536.0	997.0	0.0				
sensexamp-saureus	sensexamp	regressor	gram_plus	holdout	20587.0	834	26.06	0.43596029922147195	0.7721518987341772	0.8652482269503546	0.23170731707317074	0.6971428571428572	0.7682926829268293	0.7328919860627178	0.8305058999965056	0.86	0.5400696864111498	0.5089734386216799	100.0	257.0	175.0	82.0	141.0	0.0				
ampredictor	ampredictor	regressor	gram_plus	battleamp	2952.0	820	25.62	0.3512564807441574	0.8510762070971495	0.7663698271346254	0.7101910828025477	0.9568345323741008	0.2898089171974522	0.6363396833199334	0.767743172511345	0.74	0.5086381143462397	0.5001082989483039	100.0	2157.0	1529.0	628.0	1909.0	0.0				
ampredictor	ampredictor	regressor	gram_plus	minustrain	2952.0	820	25.62	0.23494521195917437	0.8323471400394478	0.735191637630662	0.8172043010752689	0.9590909090909091	0.1827956989247312	0.5771417399804496	0.7302956215623879	0.72	0.5008180274733756	0.49954071432430974	100.0	1565.0	1100.0	465.0	1435.0	0.0				
ampredictor	ampredictor	regressor	gram_plus	holdout	2952.0	820	25.62	0.13015779263075888	0.8675213675213675	0.7748091603053435	0.9365079365079365	0.9854368932038835	0.06349206349206349	0.5310525504700262	0.79426015396226	0.81	0.5139142354267546	0.5096843440503488	100.0	269.0	206.0	63.0	262.0	0.0				
deep-amp-lstm-gramneg	deep-amp	regressor	gram_plus	battleamp	12593.0	1188	37.12	0.40495117963128935	0.8278481012658228	0.7611731843575419	0.558215451577802	0.9073251942286349	0.44178454842219805	0.7169871705842499	0.8009118812040276	0.89	0.5406655746076511	0.5070634804031061	100.0	2721.0	1802.0	919.0	2148.0	0.0				
deep-amp-lstm-gramneg	deep-amp	regressor	gram_plus	minustrain	12593.0	1188	37.12	0.30408308871316064	0.7830508474576271	0.7162790697674418	0.5960912052117264	0.8635514018691589	0.40390879478827363	0.6872629303783981	0.7578485536584652	0.8	0.5282993474126425	0.5028706808418787	100.0	1684.0	1070.0	614.0	1290.0	0.0				
deep-amp-lstm-gramneg	deep-amp	regressor	gram_plus	holdout	12593.0	1188	37.12	0.24080524840121403	0.8105906313645621	0.77734375	0.6263736263736264	0.8468085106382979	0.37362637362637363	0.6461538461538461	0.8160626367584218	0.79	0.5408242373527927	0.5338394098150326	100.0	326.0	235.0	91.0	256.0	0.0				
deep-amp-lstm-grampos	deep-amp	regressor	gram_plus	battleamp	12593.0	1188	37.12	0.26740881581247544	0.761168384879725	0.7383333333333333	0.5268456375838926	0.7854609929078015	0.47315436241610737	0.6757342091484602	0.7721210384828165	0.78	0.5363418462541395	0.5028014236221487	100.0	2586.0	1692.0	894.0	1800.0	0.0				
deep-amp-lstm-grampos	deep-amp	regressor	gram_plus	minustrain	12593.0	1188	37.12	0.2635503063076862	0.757847533632287	0.7142857142857143	0.560530679933665	0.8070678127984718	0.439469320066335	0.6754733179058544	0.7512884147696302	0.74	0.5300837924021208	0.5028823507916574	100.0	1650.0	1047.0	603.0	1183.0	0.0				
deep-amp-lstm-grampos	deep-amp	regressor	gram_plus	holdout	12593.0	1188	37.12	0.1405641211192311	0.7368421052631579	0.7549019607843137	0.5747126436781609	0.719626168224299	0.42528735632183906	0.560264260393168	0.7435183290755536	0.72	0.5156639584782129	0.49748743718592964	100.0	301.0	214.0	87.0	204.0	0.0				
deep-amp-cnn-gramneg	deep-amp	regressor	gram_plus	battleamp	12593.0	1188	37.12	0.46017220635552936	0.8780014552510308	0.8037300177619894	0.6242937853107344	0.9673971138428648	0.3757062146892655	0.807201502565171	0.8980029834202562	0.96	0.6039539917290895	0.5125491423029627	100.0	2579.0	1871.0	708.0	2252.0	0.0				
deep-amp-cnn-gramneg	deep-amp	regressor	gram_plus	minustrain	12593.0	1188	37.12	0.37059855787935114	0.8445678033306899	0.7590876692801141	0.6800804828973843	0.9517426273458445	0.3199195171026157	0.7710319108574593	0.8634329812186463	0.93	0.5902757687179471	0.5093097101838084	100.0	1616.0	1119.0	497.0	1403.0	0.0				
deep-amp-cnn-gramneg	deep-amp	regressor	gram_plus	holdout	12593.0	1188	37.12	0.03504803875328043	0.8098859315589354	0.7607142857142857	0.8375	0.8658536585365854	0.1625	0.5832317073170733	0.7895623134823653	0.78	0.512997432605905	0.49748743718592964	100.0	326.0	246.0	80.0	280.0	0.0				
deep-amp-cnn-grampos	deep-amp	regressor	gram_plus	battleamp	12593.0	1188	37.12	0.16970082294765806	0.8045313194135939	0.6928079571537873	0.866235167206041	0.9592161016949152	0.133764832793959	0.5917010632073575	0.7129309726595667	0.66	0.4998427827288588	0.5001846533602318	100.0	2815.0	1888.0	927.0	2614.0	0.0				
deep-amp-cnn-grampos	deep-amp	regressor	gram_plus	minustrain	12593.0	1188	37.12	0.16280219555154565	0.783226723525231	0.6682838083687083	0.8493788819875776	0.9459227467811159	0.15062111801242237	0.5660451043638206	0.6621185360407725	0.53	0.48985684962546316	0.4988913056204167	100.0	1809.0	1165.0	644.0	1649.0	0.0				
deep-amp-cnn-grampos	deep-amp	regressor	gram_plus	holdout	12593.0	1188	37.12	-0.027606410187615026	0.777988614800759	0.7068965517241379	0.8854166666666666	0.8649789029535865	0.11458333333333333	0.5021976090014065	0.7121233995425459	0.72	0.49751091864682806	0.4996077433581409	100.0	333.0	237.0	96.0	290.0	0.0				
example-model	example-model	classifier	gram_minus	battleamp		0	0.0	-0.006691678297362553	0.594758064516129	0.7291151754819575	0.5097674418604651	0.5022131426625809	0.49023255813953487	0.4946610605664695	0.734432848047155	0.75	0.5023898440068864	0.5001653077766596	100.0	4012.0	2937.0	1075.0	2023.0	0.0				
example-model	example-model	classifier	gram_minus	minustrain		0	0.0	-0.006691678297362553	0.594758064516129	0.7291151754819575	0.5097674418604651	0.5022131426625809	0.49023255813953487	0.4946610605664695	0.734432848047155	0.75	0.5023898440068864	0.5001653077766596	100.0	4012.0	2937.0	1075.0	2023.0	0.0				
example-model	example-model	classifier	gram_minus	holdout		0	0.0	0.0007268883590211206	0.6064030131826742	0.7815533980582524	0.4945054945054945	0.49538461538461537	0.5054945054945055	0.5242096365173288	0.8120312015952001	0.86	0.5319660096988033	0.49748743718592964	100.0	416.0	325.0	91.0	206.0	0.0				
ampeppy	ampeppy	classifier	gram_minus	battleamp	6536.0	280	6.98	0.20901933706528397	0.8439253753981496	0.7609409190371991	0.8130232558139535	0.9472250595846101	0.1869767441860465	0.6369758731817786	0.7959063595863323	0.77	0.5060065954610259	0.5041482921174034	100.0	4012.0	2937.0	1075.0	3656.0	0.0				
ampeppy	ampeppy	classifier	gram_minus	minustrain	6536.0	280	6.98	0.2142282713845885	0.8408792650918635	0.7576115873485072	0.8047105004906772	0.9447106524143015	0.19528949950932287	0.6410722986442263	0.7914971329029807	0.68	0.5084092486609542	0.5012853460250404	100.0	3732.0	2713.0	1019.0	3383.0	0.0				
ampeppy	ampeppy	classifier	gram_minus	holdout	6536.0	280	6.98	0.18276230972405144	0.8723702664796634	0.8015463917525774	0.8461538461538461	0.9569230769230769	0.15384615384615385	0.5370752324598478	0.7896200824195763	0.73	0.49733505361035724	0.5036722071897951	100.0	416.0	325.0	91.0	388.0	0.0				
amplify	amplify	classifier	gram_minus	battleamp	6676.0	326	8.13	0.2318411015572293	0.8511530398322851	0.7596899224806202	0.8362790697674418	0.9676540687776642	0.16372093023255813	0.6765796454220807	0.8176269278728219	0.84	0.5168345537811796	0.5031714463075606	100.0	4012.0	2937.0	1075.0	3741.0	0.0				
amplify	amplify	classifier	gram_minus	minustrain	6676.0	326	8.13	0.24101015701727083	0.8513005071159824	0.7617096018735363	0.8230535894843276	0.9647756766777902	0.1769464105156724	0.6906003112472271	0.8258067514987024	0.85	0.5226377118228109	0.5020379775694	100.0	3686.0	2697.0	989.0	3416.0	0.0				
amplify	amplify	classifier	gram_minus	holdout	6676.0	326	8.13	0.22369532388658403	0.8830811554332875	0.7985074626865671	0.8901098901098901	0.9876923076923076	0.10989010989010989	0.5512087912087912	0.796229625783228	0.79	0.49701472616452375	0.5021260146888288	100.0	416.0	325.0	91.0	402.0	0.0				
ampscanner	ampscanner	classifier	gram_minus	battleamp	2132.0	133	3.32	0.2206452820484461	0.8460521968946151	0.7539005004415661	0.8368368368368369	0.9638690252164095	0.16316316316316315	0.6855526960908971	0.8210859981116703	0.85	0.5249552954820075	0.5023826664028047	100.0	3656.0	2657.0	999.0	3397.0	0.0				
ampscanner	ampscanner	classifier	gram_minus	minustrain	2132.0	133	3.32	0.2217063801256325	0.8438252493980049	0.7510716472749541	0.8338461538461538	0.9627158555729984	0.16615384615384615	0.6878078331924486	0.8195502799413259	0.87	0.5249866530230902	0.502385660338888	100.0	3523.0	2548.0	975.0	3266.0	0.0				
ampscanner	ampscanner	classifier	gram_minus	holdout	2132.0	133	3.32	0.13766756169683572	0.8787446504992867	0.806282722513089	0.891566265060241	0.9655172413793104	0.10843373493975904	0.6124749782830381	0.8370169519281659	0.79	0.5087411318264313	0.5008345804256392	100.0	402.0	319.0	83.0	382.0	0.0				
ampredmfa	ampredmfa	classifier	gram_minus	battleamp	11320.0	489	12.19	0.035302935999434557	0.8444316047956089	0.7333166081284496	0.9888372093023255	0.9952332311882873	0.011162790697674419	0.5573223745159988	0.7649496780551083	0.84	0.5083597656039998	0.5007981685752563	100.0	4012.0	2937.0	1075.0	3986.0	0.0				
ampredmfa	ampredmfa	classifier	gram_minus	minustrain	11320.0	489	12.19	0.037425508366079094	0.8356823080749461	0.7204116638078902	0.9878787878787879	0.9948677457560205	0.012121212121212121	0.5576160340076645	0.7505668101505867	0.84	0.5054409720995195	0.5005194897984466	100.0	3523.0	2533.0	990.0	3498.0	0.0				
ampredmfa	ampredmfa	classifier	gram_minus	holdout	11320.0	489	12.19	0.0	0.8771929824561403	0.78125	1.0	1.0	0.0	0.5784108199492815	0.8155155616419264	0.79	0.5066666666666667	0.5006365159128978	100.0	416.0	325.0	91.0	416.0	0.0				
hydramp-amp-classifier	hydramp-amp-classifier	classifier	gram_minus	battleamp	11131.0	477	11.89	0.22137392177237092	0.8421052631578947	0.7554980595084088	0.8111587982832618	0.9511400651465798	0.1888412017167382	0.6792192808013309	0.8276778870197754	0.89	0.5442768648705125	0.504514706313157	100.0	3388.0	2456.0	932.0	3092.0	0.0				
hydramp-amp-classifier	hydramp-amp-classifier	classifier	gram_minus	minustrain	11131.0	477	11.89	0.2440132146739222	0.8442380751371887	0.7621951219512195	0.7829360100376411	0.9460737937559129	0.21706398996235884	0.7098423131207496	0.8505430274000323	0.93	0.560362903611243	0.5117479428995734	100.0	2911.0	2114.0	797.0	2624.0	0.0				
hydramp-amp-classifier	hydramp-amp-classifier	classifier	gram_minus	holdout	11131.0	477	11.89	0.13321988599489018	0.8667736757624398	0.8011869436201781	0.8589743589743589	0.9440559440559441	0.14102564102564102	0.6074950690335306	0.8255867815920481	0.82	0.5197427403905137	0.498172681589767	100.0	364.0	286.0	78.0	337.0	0.0				
hydramp-mic-classifier	hydramp-mic-classifier	classifier	gram_minus	battleamp	3444.0	1025	25.55	0.6218833927190878	0.8908224570126373	0.906790383804302	0.2371244635193133	0.8754071661237784	0.7628755364806867	0.8729137104891586	0.9330186968024381	0.95	0.6668395612796513	0.5180607466179931	100.0	3388.0	2456.0	932.0	2371.0	0.0				
hydramp-mic-classifier	hydramp-mic-classifier	classifier	gram_minus	minustrain	3444.0	1025	25.55	0.5115306013230063	0.8687102371312898	0.88042203985932	0.33387888707037644	0.8573059360730594	0.6661211129296236	0.8165995934503658	0.9046965957855055	0.93	0.5987431614032728	0.5036088152500878	100.0	2363.0	1752.0	611.0	1706.0	0.0				
hydramp-mic-classifier	hydramp-mic-classifier	classifier	gram_minus	holdout	3444.0	1025	25.55	0.32161210088294784	0.8668941979522184	0.8466666666666667	0.5897435897435898	0.8881118881118881	0.41025641025641024	0.6500358615743231	0.8303845486547902	0.84	0.49524834140218754	0.49748743718592964	100.0	364.0	286.0	78.0	300.0	0.0				
apex-min	apex	regressor	gram_minus	battleamp	1388.0	32	0.8	0.3639136528071668	0.8067520372526193	0.8738965952080706	0.34305317324185247	0.7491891891891892	0.6569468267581475	0.7514125446200918	0.8950062878190101	0.95	0.585207722844267	0.5144220476542464	100.0	2433.0	1850.0	583.0	1586.0	0.0				
apex-min	apex	regressor	gram_minus	minustrain	1388.0	32	0.8	0.36379635677797745	0.8050722500737245	0.8733205374280231	0.3407917383820998	0.7467177242888403	0.6592082616179001	0.7510743191584719	0.8935903686766178	0.95	0.5832455370584855	0.5132162089082941	100.0	2409.0	1828.0	581.0	1563.0	0.0				
apex-min	apex	regressor	gram_minus	holdout	1388.0	32	0.8	0.10554105481214165	0.8362068965517241	0.8326180257510729	0.7358490566037735	0.8398268398268398	0.2641509433962264	0.6054071714449073	0.8733033988862946	0.86	0.5516234840961752	0.5431703974417542	100.0	284.0	231.0	53.0	233.0	0.0				
apex-ecoli	apex	regressor	gram_minus	battleamp	1388.0	32	0.8	0.26625204609414915	0.3622508792497069	0.9478527607361963	0.022818791946308724	0.22391304347826088	0.9771812080536912	0.6438702460850111	0.793066756846624	0.96	0.5995218568744592	0.5345734606306506	100.0	2125.0	1380.0	745.0	326.0	0.0				
apex-ecoli	apex	regressor	gram_minus	minustrain	1388.0	32	0.8	0.26351235433760084	0.35769459298871065	0.9465408805031447	0.022941970310391364	0.2205128205128205	0.9770580296896086	0.6431423726970286	0.7908283642265923	0.96	0.5973994989550072	0.5332229555979886	100.0	2106.0	1365.0	741.0	318.0	0.0				
apex-ecoli	apex	regressor	gram_minus	holdout	1388.0	32	0.8	0.27512208215212264	0.5892857142857143	0.9166666666666666	0.125	0.4342105263157895	0.875	0.665844298245614	0.8694776407277095	0.88	0.564721837488458	0.5470774927267918	100.0	200.0	152.0	48.0	72.0	0.0				
apex-saureus	apex	regressor	gram_minus	battleamp	1388.0	32	0.8	-0.0103810394765872	0.03832116788321168	0.6666666666666666	0.022950819672131147	0.01972757162987318	0.9770491803278688	0.5336038623536026	0.7191096270382833	0.71	0.50652702257457	0.498300007069358	100.0	3044.0	2129.0	915.0	63.0	0.0				
apex-saureus	apex	regressor	gram_minus	minustrain	1388.0	32	0.8	-0.020196233061104588	0.033271719038817	0.631578947368421	0.023076923076923078	0.0170859041290935	0.9769230769230769	0.5335923687133939	0.7168104557279238	0.7	0.5057017520984748	0.49806140178982083	100.0	3017.0	2107.0	910.0	57.0	0.0				
apex-saureus	apex	regressor	gram_minus	holdout	1388.0	32	0.8	0.14308786786808475	0.15139442231075698	1.0	0.0	0.08189655172413793	1.0	0.5258620689655172	0.7988577589800823	0.75	0.5335625367449708	0.540807485704384	100.0	303.0	232.0	71.0	19.0	0.0				
apex-kpneumoniae	apex	regressor	gram_minus	battleamp	1388.0	32	0.8	0.035926751710553595	0.013568521031207599	0.9375	0.001128668171557562	0.00683371298405467	0.9988713318284425	0.5367395630331607	0.7401520352819704	0.75	0.508066303605649	0.5031229616926708	100.0	3081.0	2195.0	886.0	16.0	0.0				
apex-kpneumoniae	apex	regressor	gram_minus	minustrain	1388.0	32	0.8	0.03048884094584797	0.010958904109589041	0.9230769230769231	0.0011337868480725624	0.005512172714745062	0.9988662131519275	0.5371483151521212	0.7386842328112604	0.74	0.5072803517203447	0.5025185454990494	100.0	3059.0	2177.0	882.0	13.0	0.0				
apex-kpneumoniae	apex	regressor	gram_minus	holdout	1388.0	32	0.8	0.07996742731158815	0.05106382978723404	1.0	0.0	0.026200873362445413	1.0	0.518740902474527	0.7818628234461781	0.75	0.5248857223116015	0.5106537052072591	100.0	301.0	229.0	72.0	6.0	0.0				
apex-abaumannii	apex	regressor	gram_minus	battleamp	1388.0	32	0.8	0.3384207182461468	0.561936402467964	0.9107692307692308	0.07891156462585033	0.40631434454358273	0.9210884353741496	0.6852856722647879	0.8211178533142481	0.93	0.603735291754241	0.5157363911616595	100.0	2192.0	1457.0	735.0	650.0	0.0				
apex-abaumannii	apex	regressor	gram_minus	minustrain	1388.0	32	0.8	0.33667503930631193	0.5594607607125662	0.9092331768388107	0.07934336525307797	0.4040333796940195	0.920656634746922	0.6843760048250629	0.818442362115068	0.9	0.6012999350803525	0.5143907035295391	100.0	2169.0	1438.0	731.0	639.0	0.0				
apex-abaumannii	apex	regressor	gram_minus	holdout	1388.0	32	0.8	0.15257790421867143	0.6618181818181819	0.8198198198198198	0.37735849056603776	0.5548780487804879	0.6226415094339622	0.6199953980671882	0.8415553336197781	0.82	0.5623925206481459	0.5189361441353108	100.0	217.0	164.0	53.0	111.0	0.0				
apex-paeruginosa	apex	regressor	gram_minus	battleamp	1388.0	32	0.8	0.10626994331709581	0.06024808033077377	1.0	0.0	0.031059683313032885	1.0	0.5835487324615531	0.730738134741836	0.93	0.5429719585844089	0.5208465692602104	100.0	2551.0	1642.0	909.0	51.0	0.0				
apex-paeruginosa	apex	regressor	gram_minus	minustrain	1388.0	32	0.8	0.10367530843538743	0.057313432835820896	1.0	0.0	0.02950215119852489	1.0	0.5836386665625307	0.7293101400230321	0.93	0.5422244534786899	0.5201057667559973	100.0	2532.0	1627.0	905.0	48.0	0.0				
apex-paeruginosa	apex	regressor	gram_minus	holdout	1388.0	32	0.8	0.0222717701593687	0.08108108108108109	0.75	0.03333333333333333	0.04285714285714286	0.9666666666666667	0.5380952380952381	0.7345293919715388	0.71	0.5137844611528822	0.5118449389806173	100.0	200.0	140.0	60.0	8.0	0.0				
mbc-attention	mbc-attention	regressor	gram_minus	battleamp	3929.0	1322	32.95	0.6939928564197149	0.9365663563541892	0.9103535353535354	0.3271889400921659	0.9643334819438253	0.6728110599078341	0.8842817353596408	0.9550652699867158	1.0	0.6732057806201321	0.5610530688882192	100.0	2894.0	2243.0	651.0	2376.0	0.0				
mbc-attention	mbc-attention	regressor	gram_minus	minustrain	3929.0	1322	32.95	0.4667796079728912	0.912672357189757	0.8731155778894473	0.5754985754985755	0.9559834938101788	0.42450142450142453	0.781837704808819	0.9228320222246023	0.96	0.5769747438465312	0.5181972714062323	100.0	1805.0	1454.0	351.0	1592.0	0.0				
mbc-attention	mbc-attention	regressor	gram_minus	holdout	3929.0	1322	32.95	0.33415225037207036	0.921146953405018	0.8682432432432432	0.78	0.9809160305343512	0.22	0.6564122137404581	0.8999270469747037	0.91	0.5423865006026517	0.5070773715907784	100.0	312.0	262.0	50.0	296.0	0.0				
sensexamp-classifier	sensexamp	classifier	gram_minus	battleamp	20587.0	957	23.85	0.17031337730599685	0.8450261780104712	0.7385600976205003	0.921505376344086	0.9873572593800979	0.07849462365591398	0.7217494167587575	0.8618450618016784	0.96	0.5727198198622379	0.5193761171977518	100.0	3382.0	2452.0	930.0	3278.0	0.0				
sensexamp-classifier	sensexamp	classifier	gram_minus	minustrain	20587.0	957	23.85	0.17535082319632816	0.8526243410497364	0.7503025413473174	0.9183976261127597	0.9872611464968153	0.08160237388724036	0.7261394564251828	0.8700941211680948	0.97	0.5741720391814744	0.5199238694749523	100.0	2558.0	1884.0	674.0	2479.0	0.0				
sensexamp-classifier	sensexamp	classifier	gram_minus	holdout	20587.0	957	23.85	0.07339758434175737	0.8792569659442725	0.7888888888888889	0.9743589743589743	0.993006993006993	0.02564102564102564	0.6678994082840237	0.8552909837532148	0.88	0.5057001028660948	0.5133007695821766	100.0	364.0	286.0	78.0	360.0	0.0				
sensexamp-ecoli	sensexamp	regressor	gram_minus	battleamp	20587.0	957	23.85	0.5138225589699984	0.886184681460272	0.8868194842406877	0.37089201877934275	0.8855507868383404	0.6291079812206573	0.8250559895162849	0.9307804156255997	0.98	0.637722033944107	0.5324162535220343	100.0	2736.0	2097.0	639.0	2094.0	0.0				
sensexamp-ecoli	sensexamp	regressor	gram_minus	minustrain	20587.0	957	23.85	0.45669029904151404	0.8741721854304636	0.8805590851334181	0.4034334763948498	0.867877269881027	0.5965665236051502	0.8033826837337175	0.9236023285777117	0.98	0.6146646093116483	0.5244496418469838	100.0	2063.0	1597.0	466.0	1574.0	0.0				
sensexamp-ecoli	sensexamp	regressor	gram_minus	holdout	20587.0	957	23.85	0.276152627448664	0.8047619047619048	0.8492462311557789	0.46153846153846156	0.7647058823529411	0.5384615384615384	0.694744169857292	0.8663370837048969	0.86	0.5544726766446223	0.4997612496873508	100.0	286.0	221.0	65.0	199.0	0.0				
sensexamp-saureus	sensexamp	regressor	gram_minus	battleamp	20587.0	957	23.85	0.4017016220737829	0.7668782458165032	0.8865910607071381	0.22818791946308725	0.6756481952211489	0.7718120805369127	0.7468955893040539	0.8755907214209588	0.95	0.5738372657862143	0.5196020157700709	100.0	2712.0	1967.0	745.0	1499.0	0.0				
sensexamp-saureus	sensexamp	regressor	gram_minus	minustrain	20587.0	957	23.85	0.3424112364547247	0.7389804522805673	0.8811700182815356	0.24621212121212122	0.6363036303630363	0.7537878787878788	0.716889188918892	0.8670182222524951	0.93	0.5525276211831709	0.517434155475849	100.0	2043.0	1515.0	528.0	1094.0	0.0				
sensexamp-saureus	sensexamp	regressor	gram_minus	holdout	20587.0	957	23.85	0.20892761128550516	0.6886075949367089	0.8662420382165605	0.3181818181818182	0.5714285714285714	0.6818181818181818	0.626750700280112	0.8458262301629946	0.85	0.5154999798962647	0.5207128077361598	100.0	304.0	238.0	66.0	157.0	0.0				
ampredictor	ampredictor	regressor	gram_minus	battleamp	2952.0	936	23.33	0.6468812659965004	0.9370777027027027	0.9012997562956946	0.42408376963350786	0.9758135444151276	0.5759162303664922	0.8233678843163711	0.9321214555808007	0.97	0.5887327070387015	0.5206600569127192	100.0	2847.0	2274.0	573.0	2462.0	0.0				
ampredictor	ampredictor	regressor	gram_minus	minustrain	2952.0	936	23.33	0.49949517851176456	0.9202453987730062	0.8734780307040763	0.5901234567901235	0.9723040659988215	0.40987654320987654	0.7493077835250297	0.9080650558549117	0.96	0.5563780137175913	0.5134705077070607	100.0	2102.0	1697.0	405.0	1889.0	0.0				
ampredictor	ampredictor	regressor	gram_minus	holdout	2952.0	936	23.33	0.09596037919040853	0.8938547486033519	0.8191126279863481	0.9464285714285714	0.9836065573770492	0.05357142857142857	0.6317330210772834	0.8809245989905883	0.9	0.5407833107358561	0.5283796029326963	100.0	300.0	244.0	56.0	293.0	0.0				
deep-amp-lstm-gramneg	deep-amp	regressor	gram_minus	battleamp	12593.0	1326	33.05	0.28430416289512705	0.8187863674147964	0.8024439918533605	0.5626450116009281	0.8358082308018667	0.43735498839907194	0.6680057527215669	0.8149653541874777	0.81	0.5239327071047893	0.49924547209428005	100.0	3219.0	2357.0	862.0	2455.0	0.0				
deep-amp-lstm-gramneg	deep-amp	regressor	gram_minus	minustrain	12593.0	1326	33.05	0.2718450876481562	0.815979867882982	0.8131661442006269	0.5488029465930019	0.8188131313131313	0.45119705340699817	0.6561726844876017	0.8050206706128687	0.75	0.5059370481004677	0.4980886210167978	100.0	2127.0	1584.0	543.0	1595.0	0.0				
deep-amp-lstm-gramneg	deep-amp	regressor	gram_minus	holdout	12593.0	1326	33.05	0.13257694740146156	0.8367729831144465	0.7964285714285714	0.7702702702702703	0.8814229249011858	0.22972972972972974	0.5076914859523555	0.7727322705793511	0.72	0.5054509470985443	0.49748743718592964	100.0	327.0	253.0	74.0	280.0	0.0				
deep-amp-lstm-grampos	deep-amp	regressor	gram_minus	battleamp	12593.0	1326	33.05	0.4450187444885157	0.8493837476498851	0.8506276150627615	0.40202702702702703	0.8481435127242386	0.597972972972973	0.7532642154043907	0.8650578066816441	0.95	0.5459636897947945	0.5156790994553021	100.0	3285.0	2397.0	888.0	2390.0	0.0				
deep-amp-lstm-grampos	deep-amp	regressor	gram_minus	minustrain	12593.0	1326	33.05	0.33975696417161755	0.8352835283528353	0.8275862068965517	0.5096660808435852	0.8431253785584494	0.4903339191564148	0.6921788892922114	0.8372413539681596	0.91	0.5257527875151948	0.5064312738022332	100.0	2220.0	1651.0	569.0	1682.0	0.0				
deep-amp-lstm-grampos	deep-amp	regressor	gram_minus	holdout	12593.0	1326	33.05	0.13855965659063665	0.8221797323135756	0.7962962962962963	0.7236842105263158	0.849802371541502	0.27631578947368424	0.568753900561681	0.8057872501483445	0.77	0.5333012164277972	0.49748743718592964	100.0	329.0	253.0	76.0	270.0	0.0				
deep-amp-cnn-gramneg	deep-amp	regressor	gram_minus	battleamp	12593.0	1326	33.05	0.3981964930391336	0.8825735149003355	0.8306092124814265	0.6221009549795361	0.9414736842105264	0.37789904502046384	0.7496603719393983	0.8896423766533216	0.96	0.5734867145605091	0.5142577250436862	100.0	3108.0	2375.0	733.0	2692.0	0.0				
deep-amp-cnn-gramneg	deep-amp	regressor	gram_minus	minustrain	12593.0	1326	33.05	0.36216660632457265	0.8807017543859649	0.8270181219110379	0.6589958158995816	0.9418386491557224	0.3410041841004184	0.7200263763178347	0.8761364590441589	0.94	0.5557479976405646	0.5073743486180198	100.0	2077.0	1599.0	478.0	1821.0	0.0				
deep-amp-cnn-gramneg	deep-amp	regressor	gram_minus	holdout	12593.0	1326	33.05	0.03866030552238342	0.8607594936708861	0.8318042813455657	0.859375	0.8918032786885246	0.140625	0.6183401639344261	0.8705311005687053	0.91	0.5270168248490078	0.49748743718592964	100.0	369.0	305.0	64.0	327.0	0.0				
deep-amp-cnn-grampos	deep-amp	regressor	gram_minus	battleamp	12593.0	1326	33.05	0.2907721464023104	0.8795220710255559	0.8023009385407206	0.8012269938650307	0.9731913330885054	0.19877300613496932	0.640625978654903	0.820296191555044	0.77	0.5063174045321956	0.49920154270402367	100.0	3538.0	2723.0	815.0	3303.0	0.0				
deep-amp-cnn-grampos	deep-amp	regressor	gram_minus	minustrain	12593.0	1326	33.05	0.2666245869839024	0.8725849841036928	0.7960731816153503	0.8017543859649123	0.9653679653679653	0.19824561403508772	0.5989917976760082	0.7850334861502692	0.71	0.492016524565001	0.49792155888426715	100.0	2418.0	1848.0	570.0	2241.0	0.0				
deep-amp-cnn-grampos	deep-amp	regressor	gram_minus	holdout	12593.0	1326	33.05	0.20932369379414684	0.8844984802431611	0.8105849582172702	0.8607594936708861	0.9732441471571907	0.13924050632911392	0.6092883451166335	0.8439894246359028	0.85	0.5257119556861758	0.5092519453454564	100.0	378.0	299.0	79.0	359.0	0.0				
example-model	example-model	classifier	high_similarity	battleamp		0	0.0	-0.022369884702601223	0.62531328320802	0.8429054054054054	0.5284090909090909	0.49701195219123506	0.4715909090909091	0.48752999366171673	0.8506226927276956	0.83	0.5010031643759889	0.4995008545079618	100.0	1180.0	1004.0	176.0	592.0	0.0				
example-model	example-model	classifier	high_similarity	minustrain		0	0.0	-0.022369884702601223	0.62531328320802	0.8429054054054054	0.5284090909090909	0.49701195219123506	0.4715909090909091	0.48752999366171673	0.8506226927276956	0.83	0.5010031643759889	0.4995008545079618	100.0	1180.0	1004.0	176.0	592.0	0.0				
ampeppy	ampeppy	classifier	high_similarity	battleamp	6536.0	60	5.08	0.08443409656306711	0.902738432483475	0.8581687612208259	0.8977272727272727	0.952191235059761	0.10227272727272728	0.5998421088373778	0.8791987274823259	0.84	0.5006725490382966	0.5058898713050949	100.0	1180.0	1004.0	176.0	1114.0	0.0				
ampeppy	ampeppy	classifier	high_similarity	minustrain	6536.0	60	5.08	0.09662692265589051	0.9023904382470119	0.8547169811320755	0.8953488372093024	0.9556962025316456	0.10465116279069768	0.602657982533608	0.8744651746778861	0.86	0.5011852563407341	0.5059686618747747	100.0	1120.0	948.0	172.0	1060.0	0.0				
amplify	amplify	classifier	high_similarity	battleamp	6676.0	55	4.66	0.12257738139397863	0.9187442289935365	0.8562822719449226	0.9488636363636364	0.9910358565737052	0.05113636363636364	0.5895056139080044	0.8651497888961774	0.85	0.5011342191044434	0.4979278864441731	100.0	1180.0	1004.0	176.0	1162.0	0.0				
amplify	amplify	classifier	high_similarity	minustrain	6676.0	55	4.66	0.12421554715326186	0.9175557710960233	0.8545618789521229	0.9470588235294117	0.9905759162303664	0.052941176470588235	0.5891284262396057	0.8602291666031574	0.82	0.4971876874199666	0.4979346996763924	100.0	1125.0	955.0	170.0	1107.0	0.0				
ampscanner	ampscanner	classifier	high_similarity	battleamp	2132.0	20	1.69	0.09171521507996477	0.9124767225325885	0.8566433566433567	0.9318181818181818	0.9760956175298805	0.06818181818181818	0.6248273949655923	0.8856706289525135	0.72	0.5093206122876913	0.50088990770586	100.0	1180.0	1004.0	176.0	1144.0	0.0				
ampscanner	ampscanner	classifier	high_similarity	minustrain	2132.0	20	1.69	0.0905962111299665	0.9108159392789373	0.8540925266903915	0.9318181818181818	0.975609756097561	0.06818181818181818	0.6246477734663711	0.8834676172830515	0.74	0.5091035515618314	0.5008691833149487	100.0	1160.0	984.0	176.0	1124.0	0.0				
ampredmfa	ampredmfa	classifier	high_similarity	battleamp	11320.0	94	7.97	-0.017251697329495348	0.918423464711274	0.8505942275042445	1.0	0.99800796812749	0.0	0.47051283502354224	0.8415050769094948	0.68	0.4939418527263942	0.4994215839286507	100.0	1180.0	1004.0	176.0	1178.0	0.0				
ampredmfa	ampredmfa	classifier	high_similarity	minustrain	11320.0	94	7.97	-0.01863337319844275	0.9129129129129129	0.8413284132841329	1.0	0.9978118161925602	0.0	0.4605045544755991	0.8274149910554973	0.7	0.49230880931755705	0.49926566521122406	100.0	1086.0	914.0	172.0	1084.0	0.0				
hydramp-amp-classifier	hydramp-amp-classifier	classifier	high_similarity	battleamp	11131.0	99	8.39	0.03241807365475258	0.9	0.8374233128834356	0.9578313253012049	0.9726840855106889	0.04216867469879518	0.6149014108691297	0.888472146250517	0.94	0.5399119920110496	0.5239171992521345	100.0	1008.0	842.0	166.0	978.0	0.0				
hydramp-amp-classifier	hydramp-amp-classifier	classifier	high_similarity	minustrain	11131.0	99	8.39	0.04258279425427922	0.904675166970249	0.8465909090909091	0.9507042253521126	0.9713168187744459	0.04929577464788732	0.6519868887379033	0.9065833578870864	0.94	0.5477407089900965	0.5221606314622121	100.0	909.0	767.0	142.0	880.0	0.0				
hydramp-mic-classifier	hydramp-mic-classifier	classifier	high_similarity	battleamp	3444.0	277	23.47	0.5934043190923466	0.929171668667467	0.9393203883495146	0.30120481927710846	0.9192399049881235	0.6987951807228916	0.8725138082019288	0.963913848568952	0.99	0.6545727854536034	0.5401340618325006	100.0	1008.0	842.0	166.0	824.0	0.0				
hydramp-mic-classifier	hydramp-mic-classifier	classifier	high_similarity	minustrain	3444.0	277	23.47	0.5076641029086933	0.9278846153846154	0.9323671497584541	0.40384615384615385	0.9234449760765551	0.5961538461538461	0.82960679671206	0.9562268044643478	0.99	0.6058604368853676	0.5052245647326313	100.0	731.0	627.0	104.0	621.0	0.0				
apex-min	apex	regressor	high_similarity	battleamp	1388.0	8	0.68	0.008695372978067275	0.7565543071161048	0.8725701943844493	0.6555555555555556	0.6677685950413224	0.34444444444444444	0.5952249770431589	0.9101124650543859	0.95	0.537576724179595	0.5107770256239877	100.0	695.0	605.0	90.0	463.0	0.0				
apex-min	apex	regressor	high_similarity	minustrain	1388.0	8	0.68	0.007534229958500829	0.7549668874172185	0.87117903930131	0.6555555555555556	0.666110183639399	0.34444444444444444	0.5932851048043035	0.9085062137991581	0.95	0.5365570297474348	0.510071224234696	100.0	689.0	599.0	90.0	458.0	0.0				
apex-ecoli	apex	regressor	high_similarity	battleamp	1388.0	8	0.68	0.1276994424223922	0.2857142857142857	0.946236559139785	0.04716981132075472	0.1682600382409178	0.9528301886792453	0.520743894079873	0.8590811084168137	0.94	0.543995093618096	0.5063524266594345	100.0	629.0	523.0	106.0	93.0	0.0				
apex-ecoli	apex	regressor	high_similarity	minustrain	1388.0	8	0.68	0.1255017627064328	0.2824302134646962	0.945054945054945	0.047619047619047616	0.16602316602316602	0.9523809523809523	0.5217319360176502	0.8588547093704304	0.94	0.5428726255793925	0.5064031316723349	100.0	623.0	518.0	105.0	91.0	0.0				
apex-saureus	apex	regressor	high_similarity	battleamp	1388.0	8	0.68	0.04127008503576392	0.06705202312138728	0.9354838709677419	0.014184397163120567	0.03477218225419664	0.9858156028368794	0.4303961086449989	0.8450840260096826	0.89	0.5117053054085288	0.5023718008379569	100.0	975.0	834.0	141.0	31.0	0.0				
apex-saureus	apex	regressor	high_similarity	minustrain	1388.0	8	0.68	0.03956014675189718	0.06519208381839348	0.9333333333333333	0.014285714285714285	0.033775633293124246	0.9857142857142858	0.43225056005514395	0.8455814435808677	0.89	0.5111421497047807	0.5021635837294347	100.0	969.0	829.0	140.0	30.0	0.0				
apex-kpneumoniae	apex	regressor	high_similarity	battleamp	1388.0	8	0.68	0.026593845274763935	0.009720534629404616	1.0	0.0	0.004884004884004884	1.0	0.4312434747217356	0.834603349446376	0.8	0.490597545517454	0.5042366901663384	100.0	957.0	819.0	138.0	4.0	0.0				
apex-kpneumoniae	apex	regressor	high_similarity	minustrain	1388.0	8	0.68	0.02307833854125768	0.0073439412484700125	1.0	0.0	0.0036855036855036856	1.0	0.432889757707276	0.8347245841757645	0.8	0.4899478111156943	0.5036608101934735	100.0	951.0	814.0	137.0	3.0	0.0				
apex-abaumannii	apex	regressor	high_similarity	battleamp	1388.0	8	0.68	0.21389925465431295	0.5672436750998668	0.9424778761061947	0.12745098039215685	0.4057142857142857	0.8725490196078431	0.5958356676003735	0.8888181113886043	0.93	0.5467688829917933	0.5100056773128012	100.0	627.0	525.0	102.0	226.0	0.0				
apex-abaumannii	apex	regressor	high_similarity	minustrain	1388.0	8	0.68	0.21169497338644763	0.5648648648648649	0.9414414414414415	0.12871287128712872	0.4034749034749035	0.8712871287128713	0.5951106693680952	0.8877830018998127	0.93	0.5447476062379658	0.5101371761902137	100.0	619.0	518.0	101.0	222.0	0.0				
apex-paeruginosa	apex	regressor	high_similarity	battleamp	1388.0	8	0.68	0.07261179333637356	0.0547945205479452	1.0	0.0	0.028169014084507043	1.0	0.44036245444696154	0.8186189158799269	0.9	0.5303378772615244	0.5216350089306421	100.0	782.0	639.0	143.0	18.0	0.0				
apex-paeruginosa	apex	regressor	high_similarity	minustrain	1388.0	8	0.68	0.07271852660238277	0.05504587155963303	1.0	0.0	0.02830188679245283	1.0	0.44277615377801405	0.819782359526433	0.9	0.5304115324186096	0.5217138932326617	100.0	778.0	636.0	142.0	18.0	0.0				
mbc-attention	mbc-attention	regressor	high_similarity	battleamp	3929.0	387	32.8	0.574561259324057	0.9509803921568627	0.9451887941534713	0.40540540540540543	0.9568434032059187	0.5945945945945946	0.8689639084213684	0.9751123277435189	0.99	0.6673933976808921	0.558701517942854	100.0	922.0	811.0	111.0	821.0	0.0				
mbc-attention	mbc-attention	regressor	high_similarity	minustrain	3929.0	387	32.8	0.3674813451912472	0.9347014925373134	0.9192660550458716	0.6285714285714286	0.9506641366223909	0.37142857142857144	0.7827595554350772	0.9550344832077645	0.97	0.5816866644790344	0.5184651912312989	100.0	597.0	527.0	70.0	545.0	0.0				
sensexamp-classifier	sensexamp	classifier	high_similarity	battleamp	20587.0	204	17.29	0.030598688084325237	0.9070146818923328	0.8365095285857572	0.9819277108433735	0.9904988123515439	0.018072289156626505	0.5988788884755174	0.8741025596822372	0.88	0.5178915436718746	0.5102680862746034	100.0	1008.0	842.0	166.0	997.0	0.0				
sensexamp-classifier	sensexamp	classifier	high_similarity	minustrain	20587.0	204	17.29	0.040344824888628596	0.9114754098360656	0.8414043583535109	0.9849624060150376	0.994277539341917	0.015037593984962405	0.6404261727279572	0.8921670063171971	0.91	0.5288084679736387	0.5106667098007922	100.0	832.0	699.0	133.0	826.0	0.0				
sensexamp-ecoli	sensexamp	regressor	high_similarity	battleamp	20587.0	204	17.29	0.3853375629514499	0.920812894183602	0.9188811188811189	0.5420560747663551	0.922752808988764	0.45794392523364486	0.7650556547306522	0.9530729425409608	1.0	0.6270801439174961	0.5826752686038614	100.0	819.0	712.0	107.0	715.0	0.0				
sensexamp-ecoli	sensexamp	regressor	high_similarity	minustrain	20587.0	204	17.29	0.3591411185009691	0.9145299145299145	0.9176672384219554	0.5454545454545454	0.9114139693356048	0.45454545454545453	0.7523037014093232	0.9498335961048513	0.99	0.6139033117872892	0.5779579327643327	100.0	675.0	587.0	88.0	583.0	0.0				
sensexamp-saureus	sensexamp	regressor	high_similarity	battleamp	20587.0	204	17.29	0.2777442859979351	0.7568523430592397	0.9344978165938864	0.25210084033613445	0.6359583952451708	0.7478991596638656	0.6976163422278272	0.9232687344603838	0.95	0.5523158039316454	0.5191974958388531	100.0	792.0	673.0	119.0	458.0	0.0				
sensexamp-saureus	sensexamp	regressor	high_similarity	minustrain	20587.0	204	17.29	0.18110763238872507	0.7147470398277718	0.9196675900277008	0.32222222222222224	0.5845070422535211	0.6777777777777778	0.6466353677621283	0.9136591443899766	0.94	0.531237130384647	0.5160662467265907	100.0	658.0	568.0	90.0	361.0	0.0				
ampredictor	ampredictor	regressor	high_similarity	battleamp	2952.0	250	21.19	0.719963411608934	0.9705093833780161	0.9589403973509933	0.3263157894736842	0.9823609226594301	0.6736842105263158	0.8696993501392558	0.974387364036264	0.99	0.6267717068147052	0.5643072895004193	100.0	832.0	737.0	95.0	755.0	0.0				
ampredictor	ampredictor	regressor	high_similarity	minustrain	2952.0	250	21.19	0.5682948546030508	0.9656903765690377	0.9490131578947368	0.5166666666666667	0.9829642248722317	0.48333333333333334	0.7948608745031231	0.9673878213166065	0.97	0.5811291431303984	0.5582683434206809	100.0	647.0	587.0	60.0	608.0	0.0				
deep-amp-lstm-gramneg	deep-amp	regressor	high_similarity	battleamp	12593.0	364	30.85	0.0747027900021296	0.8267558528428094	0.8595271210013908	0.7112676056338029	0.7963917525773195	0.2887323943661972	0.5544867140990272	0.8671951781888008	0.88	0.5111690217266703	0.5058784557315399	100.0	918.0	776.0	142.0	719.0	0.0				
deep-amp-lstm-gramneg	deep-amp	regressor	high_similarity	minustrain	12593.0	364	30.85	0.013099286843400105	0.8085106382978723	0.8807947019867549	0.7297297297297297	0.7471910112359551	0.2702702702702703	0.5224719101123595	0.8862425855550989	0.86	0.5044778663938924	0.5050157152805225	100.0	608.0	534.0	74.0	453.0	0.0				
deep-amp-lstm-grampos	deep-amp	regressor	high_similarity	battleamp	12593.0	364	30.85	0.27236618370625504	0.8667941363926067	0.8959156785243741	0.5337837837837838	0.8395061728395061	0.46621621621621623	0.6716383049716383	0.9033957695274818	0.91	0.5263948158685001	0.5172727166026998	100.0	958.0	810.0	148.0	759.0	0.0				
deep-amp-lstm-grampos	deep-amp	regressor	high_similarity	minustrain	12593.0	364	30.85	0.12446414483418083	0.8731665228645384	0.8955752212389381	0.7108433734939759	0.8518518518518519	0.2891566265060241	0.5969940367530728	0.9092433289975734	0.94	0.5300927260343874	0.516944994331929	100.0	677.0	594.0	83.0	565.0	0.0				
deep-amp-cnn-gramneg	deep-amp	regressor	high_similarity	battleamp	12593.0	364	30.85	0.3586430710325426	0.927461139896373	0.9167733674775929	0.6074766355140186	0.9384010484927916	0.3925233644859813	0.7297191362183217	0.941380626454956	0.98	0.5574463037470209	0.5113488339284645	100.0	870.0	763.0	107.0	781.0	0.0				
deep-amp-cnn-gramneg	deep-amp	regressor	high_similarity	minustrain	12593.0	364	30.85	0.16173487632397063	0.9194756554307116	0.8976234003656307	0.8115942028985508	0.9424184261036468	0.18840579710144928	0.613285487774347	0.9184379978115103	0.95	0.5372391589839992	0.506168076466787	100.0	590.0	521.0	69.0	547.0	0.0				
deep-amp-cnn-grampos	deep-amp	regressor	high_similarity	battleamp	12593.0	364	30.85	0.0834745115744847	0.9273461150353178	0.8845043310875842	0.9302325581395349	0.9745493107104984	0.06976744186046512	0.5663847032808043	0.8975301813670731	0.88	0.5042471897764584	0.5108757099430088	100.0	1072.0	943.0	129.0	1039.0	0.0				
deep-amp-cnn-grampos	deep-amp	regressor	high_similarity	minustrain	12593.0	364	30.85	0.008441459858692438	0.9295373665480428	0.8945205479452055	0.9625	0.9674074074074074	0.0375	0.5047037037037038	0.8905167584156755	0.86	0.4916179337231969	0.5056765308021589	100.0	755.0	675.0	80.0	730.0	0.0				
example-model	example-model	classifier	synthetic_random	battleamp		0	0.0	-0.0037372934562617346	0.33631098458820063	0.25295333727111635	0.5059	0.501610541727672	0.4941	0.49488913616398245	0.2531113969790552	0.28	0.500380673499268	0.500208951051009	100.0	13415.0	3415.0	10000.0	6772.0	0.0				
example-model	example-model	classifier	synthetic_random	minustrain		0	0.0	-0.0037372934562617346	0.33631098458820063	0.25295333727111635	0.5059	0.501610541727672	0.4941	0.49488913616398245	0.2531113969790552	0.28	0.500380673499268	0.500208951051009	100.0	13415.0	3415.0	10000.0	6772.0	0.0				
ampeppy	ampeppy	classifier	synthetic_random	battleamp	6536.0	307	2.29	0.5584380830496086	0.6648903463824554	0.5114299227494876	0.3099	0.949926793557833	0.6901	0.9288891800878476	0.8437484993007666	1.0	0.7992833474608924	0.6503020225578846	100.0	13415.0	3415.0	10000.0	6343.0	0.0				
ampeppy	ampeppy	classifier	synthetic_random	minustrain	6536.0	307	2.29	0.5443176231800317	0.6437233693870862	0.48734491315136474	0.3099	0.9478764478764479	0.6901	0.9248490508365509	0.8163465709658533	0.99	0.7844999322630901	0.6222837158766807	100.0	13108.0	3108.0	10000.0	6045.0	0.0				
amplify	amplify	classifier	synthetic_random	battleamp	6676.0	343	2.56	0.6591588452933145	0.738785099004363	0.5977552498189718	0.2222	0.9669106881405564	0.7778	0.970107935578331	0.9417376934619397	1.0	0.9163349002080604	0.7978825312506898	100.0	13415.0	3415.0	10000.0	5524.0	0.0				
amplify	amplify	classifier	synthetic_random	minustrain	6676.0	343	2.56	0.642340726642294	0.7170725796679995	0.5711252653927813	0.2222	0.9632161458333334	0.7778	0.9674956217447916	0.9320852929784214	1.0	0.910529142680921	0.78738500444933	100.0	13072.0	3072.0	10000.0	5181.0	0.0				
ampscanner	ampscanner	classifier	synthetic_random	battleamp	2132.0	156	1.16	0.6330707144269329	0.719853390348198	0.5743809709495028	0.2460272737518314	0.9640052356020943	0.7539727262481686	0.9527160792226315	0.8690525320595313	0.89	0.8398152171310433	0.617784991530947	100.0	11929.0	3056.0	8873.0	5129.0	0.0				
ampscanner	ampscanner	classifier	synthetic_random	minustrain	2132.0	156	1.16	0.6248938255971481	0.7089154178308357	0.5611178126256534	0.2460272737518314	0.9624137931034483	0.7539727262481686	0.9515404151299758	0.8609711405586228	0.58	0.8371424924775359	0.615495868012967	100.0	11773.0	2900.0	8873.0	4974.0	0.0				
ampredmfa	ampredmfa	classifier	synthetic_random	battleamp	11320.0	498	3.71	0.047093661002102466	0.4085310904175428	0.25699168556311414	0.983	0.9956076134699854	0.017	0.7374294436310395	0.4883170893057721	0.76	0.589773322817258	0.5102673179815915	100.0	13415.0	3415.0	10000.0	13230.0	0.0				
ampredmfa	ampredmfa	classifier	synthetic_random	minustrain	11320.0	498	3.71	0.044378677700238844	0.37109449875407324	0.22805088738809487	0.983	0.9955433664724032	0.017	0.7488779739458348	0.4569491202586036	0.81	0.5891742325792445	0.509894062121346	100.0	12917.0	2917.0	10000.0	12734.0	0.0				
hydramp-amp-classifier	hydramp-amp-classifier	classifier	synthetic_random	battleamp	11131.0	455	3.39	0.5358360676848446	0.6480473372781065	0.4912091855041263	0.3372577000832441	0.9520166898470097	0.6627422999167558	0.9518173661870659	0.9174011028441855	0.99	0.8996520132443733	0.7563738035152026	100.0	11285.0	2876.0	8409.0	5574.0	0.0				
hydramp-amp-classifier	hydramp-amp-classifier	classifier	synthetic_random	minustrain	11131.0	455	3.39	0.5078618606796697	0.6068636544322247	0.44674209910261414	0.3372577000832441	0.9458901280462618	0.6627422999167558	0.9478945794245255	0.9034087816110418	0.99	0.8972885839181162	0.7503752648288882	100.0	10830.0	2421.0	8409.0	5126.0	0.0				
hydramp-mic-classifier	hydramp-mic-classifier	classifier	synthetic_random	battleamp	3444.0	856	6.38	0.8295753494871551	0.870460704607046	0.9059796916133885	0.029730051135687954	0.8376216968011126	0.9702699488643121	0.9746770464653823	0.9313773159979525	0.95	0.909392505958785	0.7127290719649706	100.0	11285.0	2876.0	8409.0	2659.0	0.0				
hydramp-mic-classifier	hydramp-mic-classifier	classifier	synthetic_random	minustrain	3444.0	856	6.38	0.8205030763566039	0.8544032298763563	0.8713329902213073	0.029730051135687954	0.8381188118811881	0.9702699488643121	0.9741169586098817	0.9049440168933474	0.93	0.9080498319655651	0.6976846226117098	100.0	10429.0	2020.0	8409.0	1943.0	0.0				
apex-min	apex	regressor	synthetic_random	battleamp	1388.0	31	0.23	0.8070169046858664	0.834741288278775	0.968156766687079	0.006970509383378016	0.7336426914153132	0.9930294906166219	0.9128239084864055	0.8681368019582103	1.0	0.8698293041374734	0.8232186541835657	100.0	9615.0	2155.0	7460.0	1633.0	0.0				
apex-min	apex	regressor	synthetic_random	minustrain	1388.0	31	0.23	0.8057805683378826	0.8332442544094067	0.9677219118559901	0.006970509383378016	0.7315814171750352	0.9930294906166219	0.9125186352868356	0.8665859494663021	1.0	0.8688734642586868	0.8218541968393441	100.0	9591.0	2131.0	7460.0	1611.0	0.0				
apex-ecoli	apex	regressor	synthetic_random	battleamp	1388.0	31	0.23	0.434385701448062	0.3548551093035079	0.9914772727272727	0.0003140046054008792	0.21609907120743035	0.9996859953945991	0.7546787334305052	0.4957851612608174	1.0	0.6495931004467833	0.6136707858609483	100.0	11169.0	1615.0	9554.0	352.0	0.0				
apex-ecoli	apex	regressor	synthetic_random	minustrain	1388.0	31	0.23	0.4312790244794316	0.35051546391752575	0.9912536443148688	0.0003140046054008792	0.2128991859737007	0.9996859953945991	0.7534769570692589	0.49047276603246326	1.0	0.6475570556223237	0.6120115491134226	100.0	11151.0	1597.0	9554.0	343.0	0.0				
apex-saureus	apex	regressor	synthetic_random	battleamp	1388.0	31	0.23	0.1668833612797696	0.07016160819865984	0.967391304347826	0.0003097893432465923	0.03640081799591002	0.9996902106567535	0.6840688876894319	0.37427496628977636	0.94	0.5565469081283042	0.5225208500103512	100.0	12129.0	2445.0	9684.0	92.0	0.0				
apex-saureus	apex	regressor	synthetic_random	minustrain	1388.0	31	0.23	0.16180148718506657	0.06621459912245713	0.9651162790697675	0.0003097893432465923	0.034283353985956215	0.9996902106567535	0.6829535758724132	0.3694569821414835	0.89	0.5555575220871808	0.5215279151625014	100.0	12105.0	2421.0	9684.0	86.0	0.0				
apex-kpneumoniae	apex	regressor	synthetic_random	battleamp	1388.0	31	0.23	0.06456192417557594	0.013460015835312747	0.85	0.00031240237425804435	0.006783719074221868	0.999687597625742	0.6730918585148844	0.32688450635903926	0.48	0.5337382863489497	0.5065630639977639	100.0	12109.0	2506.0	9603.0	20.0	0.0				
apex-kpneumoniae	apex	regressor	synthetic_random	minustrain	1388.0	31	0.23	0.05736947856725256	0.011186576108669596	0.8235294117647058	0.00031240237425804435	0.0056315366049879325	0.999687597625742	0.6724478698958467	0.32302093226524886	0.46	0.533052434430919	0.5060338767849624	100.0	12089.0	2486.0	9603.0	17.0	0.0				
apex-abaumannii	apex	regressor	synthetic_random	battleamp	1388.0	31	0.23	0.5957841626667317	0.5673640167364017	0.9926793557833089	0.0005265374894692502	0.39718804920913886	0.9994734625105307	0.8144606504067449	0.6457560616312372	1.0	0.7307406148755216	0.701959193338831	100.0	11203.0	1707.0	9496.0	683.0	0.0				
apex-abaumannii	apex	regressor	synthetic_random	minustrain	1388.0	31	0.23	0.5945701170588796	0.565365025466893	0.992548435171386	0.0005265374894692502	0.39525222551928785	0.9994734625105307	0.8136068536744504	0.6423269051701279	1.0	0.7294981777839237	0.7008052921506329	100.0	11181.0	1685.0	9496.0	671.0	0.0				
apex-paeruginosa	apex	regressor	synthetic_random	battleamp	1388.0	31	0.23	0.14072797603400458	0.05019685039370079	0.9444444444444444	0.00031188273209273315	0.02578361981799798	0.9996881172679073	0.7171035460131095	0.35457921016964905	0.73	0.5635550734376698	0.5199732739889023	100.0	11597.0	1978.0	9619.0	54.0	0.0				
apex-paeruginosa	apex	regressor	synthetic_random	minustrain	1388.0	31	0.23	0.13687284196701704	0.04771371769383698	0.9411764705882353	0.00031188273209273315	0.02447730749617542	0.9996881172679073	0.7165934389903461	0.3510833704172753	0.71	0.5629593695487156	0.5194021091258604	100.0	11580.0	1961.0	9619.0	51.0	0.0				
mbc-attention	mbc-attention	regressor	synthetic_random	battleamp	3929.0	1040	7.75	0.6687309481283116	0.7739578143165587	0.658750353406842	0.2211027660743726	0.9380032206119162	0.7788972339256274	0.9075692787015135	0.802321570655589	0.97	0.715197345734619	0.5601937983960076	100.0	7943.0	2484.0	5459.0	3537.0	0.0				
mbc-attention	mbc-attention	regressor	synthetic_random	minustrain	3929.0	1040	7.75	0.6193406140995515	0.7015230734257786	0.5610909090909091	0.2211027660743726	0.9357186173438448	0.7788972339256274	0.8994703446198137	0.685140053311761	0.81	0.6821901087227118	0.530856026297934	100.0	7108.0	1649.0	5459.0	2750.0	0.0				
sensexamp-classifier	sensexamp	classifier	synthetic_random	battleamp	20587.0	798	5.95	0.43441715063754566	0.5704182663164276	0.4014505119453925	0.5026271793647002	0.984996510816469	0.49737282063529975	0.9761621347836514	0.9634731719210452	1.0	0.9526318324573656	0.8980561236866749	100.0	11240.0	2866.0	8374.0	7032.0	0.0				
sensexamp-classifier	sensexamp	classifier	synthetic_random	minustrain	20587.0	798	5.95	0.3992739393243585	0.5032212721096404	0.3378952336007551	0.5026271793647002	0.9853211009174312	0.49737282063529975	0.9765419066880231	0.9577180279628114	1.0	0.9531400622999358	0.8955956029041419	100.0	10554.0	2180.0	8374.0	6357.0	0.0				
sensexamp-ecoli	sensexamp	regressor	synthetic_random	battleamp	20587.0	798	5.95	0.9102481783960745	0.9275170742454285	0.9822678488100793	0.004603828446813666	0.8785475792988314	0.9953961715531864	0.9777632982521147	0.9645002995711951	1.0	0.9600157119359467	0.8982675876688335	100.0	10650.0	2396.0	8254.0	2143.0	0.0				
sensexamp-ecoli	sensexamp	regressor	synthetic_random	minustrain	20587.0	798	5.95	0.9035649252944933	0.917956204379562	0.9763975155279503	0.004603828446813666	0.8661157024793389	0.9953961715531864	0.9760140337667489	0.9544303197872626	1.0	0.9560444224142151	0.8917841377468634	100.0	10069.0	1815.0	8254.0	1610.0	0.0				
sensexamp-saureus	sensexamp	regressor	synthetic_random	battleamp	20587.0	798	5.95	0.8032701698782295	0.8237974683544304	0.9963257807715861	0.0007197696737044146	0.7022011221406992	0.9992802303262955	0.9373453494450183	0.9242233671712653	1.0	0.9332405439086697	0.8697020558412167	100.0	10653.0	2317.0	8336.0	1633.0	0.0				
sensexamp-saureus	sensexamp	regressor	synthetic_random	minustrain	20587.0	798	5.95	0.7844524860435581	0.7962021024075958	0.9949152542372881	0.0007197696737044146	0.6636517806670436	0.9992802303262955	0.9296520421548767	0.9043960771234143	1.0	0.9243941679818628	0.852129936144441	100.0	10105.0	1769.0	8336.0	1180.0	0.0				
ampredictor	ampredictor	regressor	synthetic_random	battleamp	2952.0	773	5.76	0.3288534694746919	0.5756929637526652	0.4107505070993915	0.6613545816733067	0.9619952494061758	0.3386454183266932	0.692306143972164	0.4435102875165411	0.38	0.5174577844174492	0.5001838118895903	100.0	7797.0	2526.0	5271.0	5916.0	0.0				
ampredictor	ampredictor	regressor	synthetic_random	minustrain	2952.0	773	5.76	0.3050133008303431	0.5079584775086505	0.3448599887239241	0.6613545816733067	0.9637605042016807	0.3386454183266932	0.6857649434275703	0.36239638774789695	0.26	0.5109902841404962	0.4990579166259789	100.0	7175.0	1904.0	5271.0	5321.0	0.0				
deep-amp-lstm-gramneg	deep-amp	regressor	synthetic_random	battleamp	12593.0	1153	8.59	0.7687861375208369	0.8226256983240223	0.8029993183367417	0.06129374337221633	0.8432355046528275	0.9387062566277836	0.9459835536079054	0.8344361053280309	0.88	0.8321677276780401	0.5710226186783789	100.0	12224.0	2794.0	9430.0	2934.0	0.0				
deep-amp-lstm-gramneg	deep-amp	regressor	synthetic_random	minustrain	12593.0	1153	8.59	0.7183503133735606	0.7651144841780293	0.7200968523002421	0.06130024392830629	0.8161361141602634	0.9386997560716938	0.9360132035378163	0.7509103691060613	0.77	0.8203548324261303	0.5590224208519762	100.0	11251.0	1822.0	9429.0	2065.0	0.0				
deep-amp-lstm-grampos	deep-amp	regressor	synthetic_random	battleamp	12593.0	1153	8.59	0.7762048219127595	0.8249861393457771	0.8467374810318664	0.04232139115860046	0.8043243243243243	0.9576786088413995	0.9399157800163457	0.8370848759809915	0.85	0.8537766719049593	0.5713619048142071	100.0	12321.0	2775.0	9546.0	2636.0	0.0				
deep-amp-lstm-grampos	deep-amp	regressor	synthetic_random	minustrain	12593.0	1153	8.59	0.7679685356800544	0.8065108952480966	0.7917525773195876	0.042325825039287585	0.8218298555377207	0.9576741749607124	0.9432833294234932	0.7906138809245301	0.76	0.8615249903972532	0.5729503548467232	100.0	11414.0	1869.0	9545.0	1940.0	0.0				
deep-amp-cnn-gramneg	deep-amp	regressor	synthetic_random	battleamp	12593.0	1153	8.59	0.8865351038947522	0.9133667646550233	0.8859443139885944	0.037101702313400264	0.9425410421127766	0.9628982976865997	0.9778729478943613	0.9396410481070766	0.97	0.9349303652430618	0.7121497672182344	100.0	11966.0	2802.0	9164.0	2981.0	0.0				
deep-amp-cnn-gramneg	deep-amp	regressor	synthetic_random	minustrain	12593.0	1153	8.59	0.8615951700519467	0.8842105263157894	0.8351115421920465	0.037101702313400264	0.939443535188216	0.9628982976865997	0.9751827819335271	0.9123245282411689	0.97	0.9318263371697058	0.7114026247499738	100.0	10997.0	1833.0	9164.0	2062.0	0.0				
deep-amp-cnn-grampos	deep-amp	regressor	synthetic_random	battleamp	12593.0	1153	8.59	0.7789407911067537	0.8323891115102943	0.7310679611650486	0.12142465753424657	0.9663137632338787	0.8785753424657534	0.9479676366017554	0.811345760616633	0.74	0.7873564949197126	0.5348539428279964	100.0	12242.0	3117.0	9125.0	4120.0	0.0				
deep-amp-cnn-grampos	deep-amp	regressor	synthetic_random	minustrain	12593.0	1153	8.59	0.727101694915345	0.7695568400770713	0.6433634020618557	0.12132836475230162	0.9573346116970278	0.8786716352476984	0.9462285468812982	0.7396793710308114	0.69	0.7911767840138848	0.5267424064324839	100.0	11210.0	2086.0	9124.0	3104.0	0.0				
example-model	example-model	classifier	synthetic_realistic	battleamp		0	0.0	0.00053192595690895	0.337936476622608	0.25479696564033916	0.501	0.501610541727672	0.499	0.497048345534407	0.25412006925543834	0.23	0.5004243661863297	0.4996461075509318	100.0	13415.0	3415.0	10000.0	6723.0	0.0				
example-model	example-model	classifier	synthetic_realistic	minustrain		0	0.0	0.00053192595690895	0.337936476622608	0.25479696564033916	0.501	0.501610541727672	0.499	0.497048345534407	0.25412006925543834	0.23	0.5004243661863297	0.4996461075509318	100.0	13415.0	3415.0	10000.0	6723.0	0.0				
ampeppy	ampeppy	classifier	synthetic_realistic	battleamp	6536.0	307	2.29	0.22735770425633137	0.4621082621082621	0.3053176470588235	0.7381	0.949926793557833	0.2619	0.7529891947291362	0.5644001558173848	1.0	0.6185576019110735	0.5641281075950764	100.0	13415.0	3415.0	10000.0	10625.0	0.0				
ampeppy	ampeppy	classifier	synthetic_realistic	minustrain	6536.0	307	2.29	0.21822758640381532	0.4385560104205434	0.2852716180885059	0.7381	0.9478764478764479	0.2619	0.7356637709137709	0.48963853168510557	0.98	0.5886407742328795	0.5358193800404856	100.0	13108.0	3108.0	10000.0	10327.0	0.0				
amplify	amplify	classifier	synthetic_realistic	battleamp	6676.0	343	2.56	0.20660237961338362	0.45140123034859875	0.2944271065537227	0.7913	0.9669106881405564	0.2087	0.8175839677891654	0.6712857347370526	1.0	0.6782941357786854	0.5821928088465755	100.0	13415.0	3415.0	10000.0	11215.0	0.0				
amplify	amplify	classifier	synthetic_realistic	minustrain	6676.0	343	2.56	0.19483241313752475	0.42441193344807804	0.2721670345842531	0.7913	0.9632161458333334	0.2087	0.8069205729166666	0.6314339284753272	1.0	0.6662764699835526	0.570631477701005	100.0	13072.0	3072.0	10000.0	10872.0	0.0				
ampscanner	ampscanner	classifier	synthetic_realistic	battleamp	2132.0	156	1.16	0.20657340781808975	0.45364952263627967	0.29661699556987514	0.7873323565874	0.9640052356020943	0.21266764341260003	0.7543295465743184	0.46301765766324793	0.52	0.5604320847931347	0.5057698975430631	100.0	11929.0	3056.0	8873.0	9932.0	0.0				
ampscanner	ampscanner	classifier	synthetic_realistic	minustrain	2132.0	156	1.16	0.2010440687253664	0.4403249980279246	0.285465889332106	0.7873323565874	0.9624137931034483	0.21266764341260003	0.750778514439388	0.4460197530051081	0.49	0.5586986555057595	0.5056043942442685	100.0	11773.0	2900.0	8873.0	9777.0	0.0				
ampredmfa	ampredmfa	classifier	synthetic_realistic	battleamp	11320.0	498	3.71	-0.01715007832053405	0.40495474035254886	0.2541676011063766	0.9977	0.9956076134699854	0.0023	0.5615370717423134	0.2923772459843502	0.18	0.5095316687364156	0.5009100588240799	100.0	13415.0	3415.0	10000.0	13377.0	0.0				
ampredmfa	ampredmfa	classifier	synthetic_realistic	minustrain	11320.0	498	3.71	-0.017104820722035407	0.3676414736042537	0.22544833475661827	0.9977	0.9955433664724032	0.0023	0.5699533938978403	0.2630473732895919	0.18	0.5084846891858421	0.5008100959524171	100.0	12917.0	2917.0	10000.0	12881.0	0.0				
hydramp-amp-classifier	hydramp-amp-classifier	classifier	synthetic_realistic	battleamp	11131.0	455	3.39	0.3121193964656123	0.5030314164982547	0.3418227215980025	0.6269473183493876	0.9520166898470097	0.37305268165061245	0.83007243464392	0.6165490867126259	0.9	0.6323325217928174	0.5319257265249585	100.0	11285.0	2876.0	8409.0	8010.0	0.0				
hydramp-amp-classifier	hydramp-amp-classifier	classifier	synthetic_realistic	minustrain	11131.0	455	3.39	0.28948297440414117	0.45877992587398575	0.3028299391695319	0.6269473183493876	0.9458901280462618	0.37305268165061245	0.8244082025174242	0.5683187180543269	0.87	0.6263615550996521	0.5299917699262452	100.0	10830.0	2421.0	8409.0	7562.0	0.0				
hydramp-mic-classifier	hydramp-mic-classifier	classifier	synthetic_realistic	battleamp	3444.0	856	6.38	0.4192428342561593	0.581392542536503	0.44520421363888374	0.35699845403734093	0.8376216968011126	0.643001545962659	0.80443493799527	0.5151571594103586	0.48	0.5777537093706675	0.5042005471872003	100.0	11285.0	2876.0	8409.0	5411.0	0.0				
hydramp-mic-classifier	hydramp-mic-classifier	classifier	synthetic_realistic	minustrain	3444.0	856	6.38	0.38216855665896216	0.5042442293373045	0.36059637912673054	0.35699845403734093	0.8381188118811881	0.643001545962659	0.7973702445164247	0.4082700113546579	0.3	0.5657993423880008	0.5015208077135553	100.0	10429.0	2020.0	8409.0	4695.0	0.0				
apex-min	apex	regressor	synthetic_realistic	battleamp	1388.0	31	0.23	0.1333147755069266	0.5243781094527363	0.408	0.6011530398322851	0.7336426914153132	0.39884696016771487	0.6444384858964818	0.5772125098778468	0.96	0.5921127513438413	0.5352946103855138	100.0	5971.0	2155.0	3816.0	3875.0	0.0				
apex-min	apex	regressor	synthetic_realistic	minustrain	1388.0	31	0.23	0.13094235756561404	0.5210561497326203	0.4046197767973008	0.6011530398322851	0.7315814171750352	0.39884696016771487	0.6421982032234549	0.571577883518054	0.95	0.5904963550159055	0.5341500658542113	100.0	5947.0	2131.0	3816.0	3853.0	0.0				
apex-ecoli	apex	regressor	synthetic_realistic	battleamp	1388.0	31	0.23	0.2917027804795942	0.3243494423791822	0.6499068901303539	0.03276974028237755	0.21609907120743035	0.9672302597176224	0.5188465940764717	0.35379081836353393	0.82	0.5793757373508253	0.5281876419974165	100.0	7352.0	1615.0	5737.0	537.0	0.0				
apex-ecoli	apex	regressor	synthetic_realistic	minustrain	1388.0	31	0.23	0.2876183973073648	0.32	0.6439393939393939	0.03276974028237755	0.2128991859737007	0.9672302597176224	0.5161395631450768	0.34766962266493917	0.8	0.5777598073955339	0.527144818679738	100.0	7334.0	1597.0	5737.0	528.0	0.0				
apex-saureus	apex	regressor	synthetic_realistic	battleamp	1388.0	31	0.23	0.1640697591795075	0.07013396375098503	0.956989247311828	0.00044647840160732226	0.03640081799591002	0.9995535215983927	0.5032002868783514	0.27401557572255364	0.92	0.5267069446313081	0.518709097797149	100.0	11404.0	2445.0	8959.0	93.0	0.0				
apex-saureus	apex	regressor	synthetic_realistic	minustrain	1388.0	31	0.23	0.15898389296571713	0.06618819776714513	0.9540229885057471	0.00044647840160732226	0.034283353985956215	0.9995535215983927	0.5015152556699737	0.2695576743348965	0.88	0.5258268388908157	0.5176810397852623	100.0	11380.0	2421.0	8959.0	87.0	0.0				
apex-kpneumoniae	apex	regressor	synthetic_realistic	battleamp	1388.0	31	0.23	0.06096181114575819	0.013454689354966362	0.8095238095238095	0.00045834765669760516	0.006783719074221868	0.9995416523433024	0.4783253319111021	0.2273242486801902	0.36	0.5035574527173514	0.5033652168973781	100.0	11233.0	2506.0	8727.0	21.0	0.0				
apex-kpneumoniae	apex	regressor	synthetic_realistic	minustrain	1388.0	31	0.23	0.053677600005101384	0.011182108626198083	0.7777777777777778	0.00045834765669760516	0.0056315366049879325	0.9995416523433024	0.47724237510740797	0.22392277432014135	0.33	0.50304067247405	0.5028107254165125	100.0	11213.0	2486.0	8727.0	18.0	0.0				
apex-abaumannii	apex	regressor	synthetic_realistic	battleamp	1388.0	31	0.23	0.236894025589412	0.41748768472906406	0.4399740428293316	0.1684888715345568	0.39718804920913886	0.8315111284654432	0.5635982896070502	0.3977708803783564	0.84	0.5650042999166166	0.5263529939308625	100.0	6829.0	1707.0	5122.0	1541.0	0.0				
apex-abaumannii	apex	regressor	synthetic_realistic	minustrain	1388.0	31	0.23	0.23450611716196004	0.4144368388301182	0.4355788096795291	0.1684888715345568	0.39525222551928785	0.8315111284654432	0.5616087929302467	0.3907235523140171	0.82	0.5631002721476651	0.5252012416795194	100.0	6807.0	1685.0	5122.0	1529.0	0.0				
apex-paeruginosa	apex	regressor	synthetic_realistic	battleamp	1388.0	31	0.23	0.13093720441891288	0.05012285012285012	0.8947368421052632	0.0008172160174339417	0.02578361981799798	0.9991827839825661	0.4537985809031463	0.23198781897047	0.61	0.5133325169822789	0.5124860562524811	100.0	9320.0	1978.0	7342.0	57.0	0.0				
apex-paeruginosa	apex	regressor	synthetic_realistic	minustrain	1388.0	31	0.23	0.1270334628167504	0.04764267990074442	0.8888888888888888	0.0008172160174339417	0.02447730749617542	0.9991827839825661	0.45274225773601295	0.22888899443417543	0.58	0.5128717865149874	0.511854300794143	100.0	9303.0	1961.0	7342.0	54.0	0.0				
mbc-attention	mbc-attention	regressor	synthetic_realistic	battleamp	3929.0	1040	7.75	0.1857775926937131	0.5188154085949677	0.35857186826715914	0.7914925939992404	0.9380032206119162	0.2085074060007596	0.6502146972679841	0.4753300296248439	0.97	0.5441282158520068	0.5248432336799419	100.0	7750.0	2484.0	5266.0	6498.0	0.0				
mbc-attention	mbc-attention	regressor	synthetic_realistic	minustrain	3929.0	1040	7.75	0.1620783701530437	0.41929347826086955	0.27018035370337945	0.7914925939992404	0.9357186173438448	0.2085074060007596	0.6134615991415576	0.3038673123297022	0.38	0.512433449672774	0.5039790574305596	100.0	6915.0	1649.0	5266.0	5711.0	0.0				
sensexamp-classifier	sensexamp	classifier	synthetic_realistic	battleamp	20587.0	798	5.95	0.19102979620199276	0.44327549658475307	0.28598926147300174	0.8416527346548842	0.984996510816469	0.15834726534511584	0.8814829063340472	0.7662600207167252	0.99	0.7465127879697033	0.5910606989206814	100.0	11240.0	2866.0	8374.0	9871.0	0.0				
sensexamp-classifier	sensexamp	classifier	synthetic_realistic	minustrain	20587.0	798	5.95	0.17370267716017268	0.37763713080168776	0.23357981731187472	0.8416527346548842	0.9853211009174312	0.15834726534511584	0.8801289158448057	0.7193135573772879	0.97	0.7401087521480401	0.590199431586912	100.0	10554.0	2180.0	8374.0	9196.0	0.0				
sensexamp-ecoli	sensexamp	regressor	synthetic_realistic	battleamp	20587.0	798	5.95	0.5326836226645866	0.6576069978131833	0.5254618072890664	0.27542741234424806	0.8785475792988314	0.7245725876557519	0.8377233571455178	0.601909610322921	0.73	0.6122784773159861	0.5176479329913692	100.0	9298.0	2396.0	6902.0	4006.0	0.0				
sensexamp-ecoli	sensexamp	regressor	synthetic_realistic	minustrain	20587.0	798	5.95	0.4898920823627819	0.594553706505295	0.4526346098473942	0.27542741234424806	0.8661157024793389	0.7245725876557519	0.8303308898366984	0.5243579537693493	0.69	0.6062887845063181	0.5168002142020306	100.0	8717.0	1815.0	6902.0	3473.0	0.0				
sensexamp-saureus	sensexamp	regressor	synthetic_realistic	battleamp	20587.0	798	5.95	0.6234412771463903	0.7114123305640577	0.7208684093929996	0.08441645450891062	0.7022011221406992	0.9155835454910893	0.8526205326221358	0.7122965358506755	0.94	0.7308530228201124	0.5602944639281928	100.0	9780.0	2317.0	7463.0	2257.0	0.0				
sensexamp-saureus	sensexamp	regressor	synthetic_realistic	minustrain	20587.0	798	5.95	0.5749385954681902	0.6571508536244053	0.6507760532150776	0.08441645450891062	0.6636517806670436	0.9155835454910893	0.836991642280928	0.639991666222131	0.92	0.716622134829785	0.5553610952458384	100.0	9232.0	1769.0	7463.0	1804.0	0.0				
ampredictor	ampredictor	regressor	synthetic_realistic	battleamp	2952.0	773	5.76	0.24013595699588247	0.5612657350733341	0.396217185716615	0.7777777777777778	0.9619952494061758	0.2222222222222222	0.7132190270545703	0.5773115343381295	0.93	0.5785963303523982	0.5256135154536952	100.0	7287.0	2526.0	4761.0	6133.0	0.0				
ampredictor	ampredictor	regressor	synthetic_realistic	minustrain	2952.0	773	5.76	0.22413864339129416	0.4931470034936845	0.33134705669916936	0.7777777777777778	0.9637605042016807	0.2222222222222222	0.706214401324487	0.4944003275401862	0.85	0.5674158546780235	0.5219191779456128	100.0	6665.0	1904.0	4761.0	5538.0	0.0				
deep-amp-lstm-gramneg	deep-amp	regressor	synthetic_realistic	battleamp	12593.0	1152	8.59	0.24891398675013732	0.49527012823207905	0.35059523809523807	0.5750428251416524	0.8432355046528275	0.4249571748583476	0.6993803335706194	0.4497887479583735	0.65	0.5574973487578689	0.5102949076786815	100.0	10383.0	2794.0	7589.0	6720.0	0.0				
deep-amp-lstm-gramneg	deep-amp	regressor	synthetic_realistic	minustrain	12593.0	1152	8.59	0.19643168243059106	0.38759285807376515	0.25414459066826184	0.5750428251416524	0.8161361141602634	0.4249571748583476	0.6790356340760697	0.32293343146071113	0.4	0.5437696254223601	0.5052249592203558	100.0	9411.0	1822.0	7589.0	5851.0	0.0				
deep-amp-lstm-grampos	deep-amp	regressor	synthetic_realistic	battleamp	12593.0	1152	8.59	0.21843344956912653	0.4763632483192829	0.3383869011522135	0.5649190938511327	0.8043243243243243	0.4350809061488673	0.675902387824718	0.4097042439989544	0.59	0.5446676518112389	0.5068323922302553	100.0	10500.0	2775.0	7725.0	6596.0	0.0				
deep-amp-lstm-grampos	deep-amp	regressor	synthetic_realistic	minustrain	12593.0	1152	8.59	0.20910371085845295	0.3954176856738319	0.26033898305084746	0.5649190938511327	0.8218298555377207	0.4350809061488673	0.6890575407647515	0.32400905050629114	0.35	0.5460062103916203	0.503401642711698	100.0	9594.0	1869.0	7725.0	5900.0	0.0				
deep-amp-cnn-gramneg	deep-amp	regressor	synthetic_realistic	battleamp	12593.0	1152	8.59	0.2704759338724728	0.521112865035517	0.3601036269430052	0.6896399706098457	0.9425410421127766	0.3103600293901543	0.7504396723029263	0.5702244269798691	0.92	0.5993234214019426	0.5305982581595875	100.0	9607.0	2802.0	6805.0	7334.0	0.0				
deep-amp-cnn-gramneg	deep-amp	regressor	synthetic_realistic	minustrain	12593.0	1152	8.59	0.23362852484351457	0.41755577109602326	0.26843335931410756	0.6896399706098457	0.939443535188216	0.3103600293901543	0.7453026460358365	0.4803272686642148	0.88	0.6023453557478091	0.5341214938034372	100.0	8638.0	1833.0	6805.0	6415.0	0.0				
deep-amp-cnn-grampos	deep-amp	regressor	synthetic_realistic	battleamp	12593.0	1152	8.59	0.14895750664477125	0.44931752069814274	0.2927113702623907	0.8609960960605703	0.9663137632338787	0.1390039039394298	0.6245023294177042	0.3428869387532568	0.3	0.5090040776667809	0.5004676676625374	100.0	11570.0	3117.0	8453.0	10290.0	0.0				
deep-amp-cnn-grampos	deep-amp	regressor	synthetic_realistic	minustrain	12593.0	1152	8.59	0.11814954158506183	0.3515535604260188	0.2153099730458221	0.8609960960605703	0.9573346116970278	0.1390039039394298	0.6272204584165628	0.25327620741113277	0.16	0.4999431119121841	0.49896217671065957	100.0	10539.0	2086.0	8453.0	9275.0	0.0				
example-model	example-model	classifier	synthetic_shuffled	battleamp		0	0.0	0.0031343860027762786	0.14420405758060442	0.08420586934080519	0.4959403700252895	0.501610541727672	0.5040596299747105	0.49827195379643563	0.0832848704565954	0.06	0.500497964274526	0.49983601780849374	100.0	40980.0	3415.0	37565.0	20343.0	0.0				
example-model	example-model	classifier	synthetic_shuffled	minustrain		0	0.0	0.0031343860027762786	0.14420405758060442	0.08420586934080519	0.4959403700252895	0.501610541727672	0.5040596299747105	0.49827195379643563	0.0832848704565954	0.06	0.500497964274526	0.49983601780849374	100.0	40980.0	3415.0	37565.0	20343.0	0.0				
ampeppy	ampeppy	classifier	synthetic_shuffled	battleamp	6536.0	614	1.5	0.061368286313484885	0.16349982359760093	0.08944770728210219	0.8790895780646879	0.949926793557833	0.12091042193531212	0.6496784119824319	0.19249527658093296	0.51	0.5770870908087998	0.5227964375276158	100.0	40980.0	3415.0	37565.0	36267.0	0.0				
ampeppy	ampeppy	classifier	synthetic_shuffled	minustrain	6536.0	614	1.5	0.05782551009025376	0.15193790453596018	0.08258809677328922	0.8783348542594879	0.9478764478764479	0.1216651457405121	0.6285480015417211	0.14912378280380512	0.48	0.5543553104062893	0.5162856159219693	100.0	40366.0	3108.0	37258.0	35671.0	0.0				
amplify	amplify	classifier	synthetic_shuffled	battleamp	6676.0	686	1.67	0.07917515236420145	0.16688989411437669	0.09132647416749641	0.8745907094369759	0.9669106881405564	0.12540929056302408	0.7060210442456112	0.2008320906921161	0.49	0.5733917878502773	0.5192500801999681	100.0	40980.0	3415.0	37565.0	36156.0	0.0				
amplify	amplify	classifier	synthetic_shuffled	minustrain	6676.0	686	1.67	0.07339408191464067	0.15354678013595557	0.08342261065689315	0.8734350652839719	0.9632161458333334	0.12656493471602814	0.6955100014706245	0.17564308220783703	0.48	0.5659011835886648	0.5173490910220521	100.0	40294.0	3072.0	37222.0	35470.0	0.0				
ampscanner	ampscanner	classifier	synthetic_shuffled	battleamp	2132.0	312	0.76	0.10878844131654039	0.17634382856458758	0.09704835946765054	0.8153855306996668	0.9640052356020943	0.18461446930033318	0.7151907501741255	0.15816563343963708	0.23	0.5395700167731992	0.5037780418024662	100.0	36672.0	3056.0	33616.0	30356.0	0.0				
ampscanner	ampscanner	classifier	synthetic_shuffled	minustrain	2132.0	312	0.76	0.10574611191336847	0.1694287622169611	0.0928909006190508	0.814554692169755	0.9624137931034483	0.18544530783024507	0.7128440288970876	0.15081280082562626	0.22	0.5389945076983562	0.503723093699843	100.0	36360.0	2900.0	33460.0	30046.0	0.0				
ampredmfa	ampredmfa	classifier	synthetic_shuffled	battleamp	11320.0	996	2.43	-0.004476136424547425	0.1536688436419516	0.08325986874326574	0.9965659523492613	0.9956076134699854	0.0034340476507387194	0.5355962909775325	0.09212786335121405	0.11	0.5050922435027396	0.5004861941032767	100.0	40980.0	3415.0	37565.0	40836.0	0.0				
ampredmfa	ampredmfa	classifier	synthetic_shuffled	minustrain	11320.0	996	2.43	-0.004536538003044659	0.13582470007717312	0.07288424856942075	0.9965737718185987	0.9955433664724032	0.0034262281814012464	0.5432719378086207	0.08154686480452321	0.1	0.5043387093032548	0.500414248626944	100.0	39984.0	2917.0	37067.0	39844.0	0.0				
hydramp-amp-classifier	hydramp-amp-classifier	classifier	synthetic_shuffled	battleamp	11131.0	929	2.27	0.06823772013115227	0.1650640542577242	0.09036601868048451	0.8711910481729676	0.9520166898470097	0.1288089518270325	0.6134315609529891	0.10960075737920959	0.1	0.5108743514178533	0.5010642371602603	100.0	34512.0	2876.0	31636.0	30299.0	0.0				
hydramp-amp-classifier	hydramp-amp-classifier	classifier	synthetic_shuffled	minustrain	11131.0	929	2.27	0.05976773055601669	0.14400251532777866	0.0779335692894092	0.8694563891919646	0.9458901280462618	0.13054361080803542	0.6084029015629533	0.09333363381436935	0.08	0.5093711133518809	0.500753829825306	100.0	33583.0	2421.0	31162.0	29384.0	0.0				
hydramp-mic-classifier	hydramp-mic-classifier	classifier	synthetic_shuffled	battleamp	3444.0	1745	4.26	0.13558894508770789	0.19869679973606072	0.11271757439640652	0.5994120622076116	0.8376216968011126	0.40058793779238844	0.6726209707484528	0.1415592392377777	0.22	0.5318710080292676	0.5049195308220952	100.0	34512.0	2876.0	31636.0	21372.0	0.0				
hydramp-mic-classifier	hydramp-mic-classifier	classifier	synthetic_shuffled	minustrain	3444.0	1745	4.26	0.12072235072072486	0.1542667091894847	0.08495157810226303	0.593098513676131	0.8381188118811881	0.406901486323869	0.66507044718522	0.09951297679567095	0.12	0.524390039077856	0.5026160007750233	100.0	32767.0	2020.0	30747.0	19929.0	0.0				
apex-min	apex	regressor	synthetic_shuffled	battleamp	1388.0	62	0.15	0.03230185626407946	0.16635976219287632	0.09381675765487776	0.6805865050360995	0.7336426914153132	0.31941349496390053	0.5588131275477526	0.10754434636621585	0.16	0.5140329263880811	0.5026923210517271	100.0	24593.0	2155.0	22438.0	16852.0	0.0				
apex-min	apex	regressor	synthetic_shuffled	minustrain	1388.0	62	0.15	0.03105856925424654	0.16463382438354718	0.09275345073774394	0.6803337199964308	0.7315814171750352	0.3196662800035692	0.5568295411164764	0.10523005085148049	0.15	0.5130613729445386	0.502214550252861	100.0	24545.0	2131.0	22414.0	16808.0	0.0				
apex-ecoli	apex	regressor	synthetic_shuffled	battleamp	1388.0	62	0.15	0.05529758634330323	0.1530701754385965	0.11850594227504245	0.14423824869429935	0.21609907120743035	0.8557617513057006	0.5493938783015795	0.10408680719317623	0.24	0.5181430638202282	0.5047489714648904	100.0	19613.0	1615.0	17998.0	2945.0	0.0				
apex-ecoli	apex	regressor	synthetic_shuffled	minustrain	1388.0	62	0.15	0.052976772413742594	0.15030946065428824	0.11615989067304407	0.1438820912124583	0.2128991859737007	0.8561179087875417	0.5475085202162285	0.10158480918103223	0.22	0.5171674012478098	0.5043270119377757	100.0	19577.0	1597.0	17980.0	2927.0	0.0				
apex-saureus	apex	regressor	synthetic_shuffled	battleamp	1388.0	62	0.15	0.08348110455756866	0.06524926686217009	0.31448763250883394	0.006923873086120132	0.03640081799591002	0.9930761269138799	0.5203576874617144	0.10058281484429116	0.42	0.514212723304303	0.5111802143206247	100.0	30464.0	2445.0	28019.0	283.0	0.0				
apex-saureus	apex	regressor	synthetic_shuffled	minustrain	1388.0	62	0.15	0.07940512590557655	0.061664190193164936	0.3062730627306273	0.006715484908019289	0.034283353985956215	0.9932845150919807	0.5189656956946124	0.0985162576242584	0.41	0.5134402038085261	0.5105796535766846	100.0	30416.0	2421.0	27995.0	271.0	0.0				
apex-kpneumoniae	apex	regressor	synthetic_shuffled	battleamp	1388.0	62	0.15	0.028557917853025992	0.013198757763975156	0.24285714285714285	0.001815628104552773	0.006783719074221868	0.9981843718954472	0.5058381756963377	0.08276605059342104	0.21	0.5002459291550582	0.5023655579267501	100.0	31697.0	2506.0	29191.0	70.0	0.0				
apex-kpneumoniae	apex	regressor	synthetic_shuffled	minustrain	1388.0	62	0.15	0.023461210714500934	0.010980392156862745	0.21875	0.0017140310582427754	0.0056315366049879325	0.9982859689417573	0.5049181108217192	0.08131339262922774	0.18	0.49980232214869513	0.5018795772428101	100.0	31657.0	2486.0	29171.0	64.0	0.0				
apex-abaumannii	apex	regressor	synthetic_shuffled	battleamp	1388.0	62	0.15	0.06906209107076675	0.1773708306082407	0.11417985853822836	0.2840479533426936	0.39718804920913886	0.7159520466573064	0.5712034928190642	0.11352074253873268	0.19	0.5221192860683421	0.5042346593057716	100.0	20225.0	1707.0	18518.0	5938.0	0.0				
apex-abaumannii	apex	regressor	synthetic_shuffled	minustrain	1388.0	62	0.15	0.06777444079743279	0.17528622187129886	0.11261413594859655	0.2837370242214533	0.39525222551928785	0.7162629757785467	0.569618244509359	0.11020645270674716	0.17	0.5206664723013164	0.5034633304829776	100.0	20181.0	1685.0	18496.0	5914.0	0.0				
apex-paeruginosa	apex	regressor	synthetic_shuffled	battleamp	1388.0	62	0.15	0.024779079105891128	0.04318374259102455	0.1328125	0.014493384401114206	0.02578361981799798	0.9855066155988857	0.5093103151906345	0.08480888795155915	0.19	0.5067117350005611	0.5031071620838278	100.0	24954.0	1978.0	22976.0	384.0	0.0				
apex-paeruginosa	apex	regressor	synthetic_shuffled	minustrain	1388.0	62	0.15	0.02225879704286336	0.041043180846515606	0.12698412698412698	0.0143734483209199	0.02447730749617542	0.9856265516790801	0.5085030297784452	0.08330429583093688	0.17	0.5062712838945614	0.5026912225049089	100.0	24920.0	1961.0	22959.0	378.0	0.0				
mbc-attention	mbc-attention	regressor	synthetic_shuffled	battleamp	3929.0	2089	5.1	0.060087233451291744	0.1891233766233766	0.10516338689294097	0.8721625901812423	0.9380032206119162	0.12783740981875769	0.6061132175006793	0.15966198241290816	0.44	0.5367425063848437	0.5128803723395161	100.0	25216.0	2484.0	22732.0	22156.0	0.0				
mbc-attention	mbc-attention	regressor	synthetic_shuffled	minustrain	3929.0	2089	5.1	0.05096981916848889	0.1388588912886969	0.07499392466585662	0.8694778199095436	0.9357186173438448	0.13052218009045638	0.5722143736351454	0.08692865567082139	0.12	0.5119788837590173	0.5018783951727365	100.0	23538.0	1649.0	21889.0	20575.0	0.0				
sensexamp-classifier	sensexamp	classifier	synthetic_shuffled	battleamp	20587.0	1622	3.96	0.08143297963946906	0.16588805641251653	0.09057075940838653	0.8991308761022648	0.984996510816469	0.1008691238977352	0.7024514297816589	0.1724889485528338	0.32	0.5555315831812642	0.5095046501877588	100.0	34392.0	2866.0	31526.0	31169.0	0.0				
sensexamp-classifier	sensexamp	classifier	synthetic_shuffled	minustrain	20587.0	1622	3.96	0.0739427049602571	0.13435076307230423	0.07209021345147	0.8972544947101967	0.9853211009174312	0.10274550528980333	0.7026675888417214	0.14348978928174644	0.31	0.5578012474466744	0.5109485313532343	100.0	32994.0	2180.0	30814.0	29796.0	0.0				
sensexamp-ecoli	sensexamp	regressor	synthetic_shuffled	battleamp	20587.0	1622	3.96	0.1470061911450703	0.20490606444076706	0.11597796143250688	0.6280335055581651	0.8785475792988314	0.371966494441835	0.6693985124861043	0.15522945099913565	0.34	0.5417866102130312	0.509054312254059	100.0	27944.0	2396.0	25548.0	18150.0	0.0				
sensexamp-ecoli	sensexamp	regressor	synthetic_shuffled	minustrain	20587.0	1622	3.96	0.12827113166563148	0.1665871880464155	0.09215617305663032	0.6209053365943626	0.8661157024793389	0.3790946634056373	0.6646387402644898	0.12336415592169117	0.29	0.5389079021038004	0.5095198315879068	100.0	26756.0	1815.0	24941.0	17058.0	0.0				
sensexamp-saureus	sensexamp	regressor	synthetic_shuffled	battleamp	20587.0	1622	3.96	0.16534217429810324	0.22811076060287416	0.1361734181452963	0.4063705803606583	0.7022011221406992	0.5936294196393417	0.6943812468386329	0.1774297604605668	0.37	0.558812202121214	0.5113280937960615	100.0	27715.0	2317.0	25398.0	11948.0	0.0				
sensexamp-saureus	sensexamp	regressor	synthetic_shuffled	minustrain	20587.0	1622	3.96	0.13511371576316236	0.18360963403190492	0.10654324348851983	0.3965440850686752	0.6636517806670436	0.6034559149313248	0.6809785331224693	0.14073706720570803	0.3	0.5569821100787495	0.5111461815749362	100.0	26596.0	1769.0	24827.0	11019.0	0.0				
ampredictor	ampredictor	regressor	synthetic_shuffled	battleamp	2952.0	1571	3.83	0.07153127198154655	0.1979794687958286	0.11034420125329217	0.8908289001045787	0.9619952494061758	0.10917109989542127	0.6166179737819839	0.1557228166184046	0.27	0.5329281723500725	0.5049529904232669	100.0	24519.0	2526.0	21993.0	22022.0	0.0				
ampredictor	ampredictor	regressor	synthetic_shuffled	minustrain	2952.0	1571	3.83	0.06692899143322152	0.16153880012324487	0.08815757866922892	0.8889513371739028	0.9637605042016807	0.11104866282609714	0.61132131649906	0.1198188106413928	0.16	0.5271607419063408	0.5041014256414605	100.0	23255.0	1904.0	21351.0	20815.0	0.0				
deep-amp-lstm-gramneg	deep-amp	regressor	synthetic_shuffled	battleamp	12593.0	2376	5.8	0.11139796711999303	0.19083103839300178	0.1075897342223034	0.6566090988508837	0.8432355046528275	0.3433909011491163	0.6248489147282832	0.12093400342957841	0.22	0.5180602466490598	0.5032200487772207	100.0	32556.0	2794.0	29762.0	21898.0	0.0				
deep-amp-lstm-gramneg	deep-amp	regressor	synthetic_shuffled	minustrain	12593.0	2376	5.8	0.08398614788528468	0.13569994524548276	0.07400218970837066	0.6479211644264921	0.8161361141602634	0.3520788355735079	0.6112625696150209	0.07986698061916561	0.13	0.5101249645876823	0.5016210590806847	100.0	30540.0	1822.0	28718.0	20094.0	0.0				
deep-amp-lstm-grampos	deep-amp	regressor	synthetic_shuffled	battleamp	12593.0	2376	5.8	0.07632803007893679	0.17551309271054494	0.09850390573282139	0.6769511184755592	0.8043243243243243	0.3230488815244408	0.5820443090978302	0.10682902717301512	0.21	0.5122841116091018	0.5039357051572229	100.0	32950.0	2775.0	30175.0	22659.0	0.0				
deep-amp-lstm-grampos	deep-amp	regressor	synthetic_shuffled	minustrain	12593.0	2376	5.8	0.07501016766050134	0.13288346742797819	0.072285754623747	0.6751721067232935	0.8218298555377207	0.3248278932767065	0.5963452950458695	0.07753919337193899	0.11	0.5117803537013429	0.5016126594565111	100.0	31066.0	1869.0	29197.0	21249.0	0.0				
deep-amp-cnn-gramneg	deep-amp	regressor	synthetic_shuffled	battleamp	12593.0	2376	5.8	0.10807263252695821	0.18498283953211458	0.1025551413482448	0.790687331075302	0.9425410421127766	0.20931266892469808	0.597377354127657	0.10601860494540853	0.09	0.5035022901856446	0.5000890212392001	100.0	32031.0	2802.0	29229.0	25752.0	0.0				
deep-amp-cnn-gramneg	deep-amp	regressor	synthetic_shuffled	minustrain	12593.0	2376	5.8	0.09157078675623687	0.1340808222377949	0.07219217708464344	0.7848150643639845	0.939443535188216	0.21518493563601546	0.5986553809650751	0.07635946142351227	0.09	0.506971917434004	0.5012198558873279	100.0	30032.0	1833.0	28199.0	23853.0	0.0				
deep-amp-cnn-grampos	deep-amp	regressor	synthetic_shuffled	battleamp	12593.0	2376	5.8	0.08418441876550564	0.17522324674946915	0.09634700275094364	0.8684291423301568	0.9663137632338787	0.13157085766984322	0.5885164218986526	0.11025854324999468	0.15	0.5107621773490423	0.5017332407208858	100.0	35647.0	3117.0	32530.0	31262.0	0.0				
deep-amp-cnn-grampos	deep-amp	regressor	synthetic_shuffled	minustrain	12593.0	2376	5.8	0.0668450752857757	0.12782436151827434	0.06848422496570644	0.8643204887517103	0.9573346116970278	0.1356795112482897	0.5937300449525222	0.07696355636693658	0.09	0.502620132772799	0.5004983247589536	100.0	33513.0	2086.0	31427.0	29160.0	0.0				
example-model	example-model	classifier	length_01_10	battleamp		0	0.0	0.042235476459941496	0.6213836477987421	0.7507598784194529	0.4823529411764706	0.5300429184549357	0.5176470588235295	0.5186127240595809	0.7515306302267848	0.73	0.5100585976428068	0.501673984667087	100.0	636.0	466.0	170.0	329.0	0.0				
example-model	example-model	classifier	length_01_10	minustrain		0	0.0	0.042235476459941496	0.6213836477987421	0.7507598784194529	0.4823529411764706	0.5300429184549357	0.5176470588235295	0.5186127240595809	0.7515306302267848	0.73	0.5100585976428068	0.501673984667087	100.0	636.0	466.0	170.0	329.0	0.0				
ampeppy	ampeppy	classifier	length_01_10	battleamp	6536.0	12	1.89	0.28081845803604677	0.8447082096933729	0.7834862385321101	0.6941176470588235	0.9163090128755365	0.3058823529411765	0.725675334511487	0.8713172511073642	0.94	0.5917763988360196	0.5344051740652264	100.0	636.0	466.0	170.0	545.0	0.0				
ampeppy	ampeppy	classifier	length_01_10	minustrain	6536.0	12	1.89	0.27949544023868583	0.8421052631578947	0.7804878048780488	0.6923076923076923	0.9142857142857143	0.3076923076923077	0.7214968463489173	0.8652868142864023	0.93	0.585990465467264	0.5280779997261814	100.0	624.0	455.0	169.0	533.0	0.0				
amplify	amplify	classifier	length_01_10	battleamp	6676.0	9	1.42	0.23675076710182905	0.8382642998027613	0.7755474452554745	0.727810650887574	0.9120171673819742	0.27218934911242604	0.7944802803667115	0.9128474143034759	0.97	0.6880425789567247	0.5076316455426433	100.0	635.0	466.0	169.0	548.0	0.0				
amplify	amplify	classifier	length_01_10	minustrain	6676.0	9	1.42	0.2333179914789713	0.838	0.7759259259259259	0.7289156626506024	0.9108695652173913	0.2710843373493976	0.7985529072812991	0.9151111137633894	0.97	0.6942254142427835	0.5076599603570497	100.0	626.0	460.0	166.0	540.0	0.0				
ampscanner	ampscanner	classifier	length_01_10	battleamp	2132.0	0	0.0	-0.026759760899128005	0.662020905923345	0.5277777777777778	0.9042553191489362	0.8878504672897196	0.09574468085106383	0.7717240007953867	0.8313169658122056	0.76	0.6828918587979194	0.5955478326210492	100.0	201.0	107.0	94.0	180.0	0.0				
ampscanner	ampscanner	classifier	length_01_10	minustrain	2132.0	0	0.0	-0.026759760899128005	0.662020905923345	0.5277777777777778	0.9042553191489362	0.8878504672897196	0.09574468085106383	0.7717240007953867	0.8313169658122056	0.76	0.6828918587979194	0.5955478326210492	100.0	201.0	107.0	94.0	180.0	0.0				
ampredmfa	ampredmfa	classifier	length_01_10	battleamp	11320.0	0	0.0	0.0	0.846503178928247	0.7338582677165354	1.0	1.0	0.0	0.5943634609035732	0.7728472745320937	0.73	0.49974587756946015	0.49997573705437054	100.0	635.0	466.0	169.0	635.0	0.0				
ampredmfa	ampredmfa	classifier	length_01_10	minustrain	11320.0	0	0.0	0.0	0.846503178928247	0.7338582677165354	1.0	1.0	0.0	0.5943634609035732	0.7728472745320937	0.73	0.49974587756946015	0.49997573705437054	100.0	635.0	466.0	169.0	635.0	0.0				
hydramp-amp-classifier	hydramp-amp-classifier	classifier	length_01_10	battleamp	11131.0	103	16.19	0.2775823587464789	0.8504854368932039	0.776595744680851	0.7411764705882353	0.9399141630901288	0.25882352941176473	0.7431582933602625	0.8847933907685718	0.97	0.6154446644255173	0.5232632488369644	100.0	636.0	466.0	170.0	564.0	0.0				
hydramp-amp-classifier	hydramp-amp-classifier	classifier	length_01_10	minustrain	11131.0	103	16.19	0.31305225876864323	0.8564760793465578	0.7926565874730022	0.6906474820143885	0.9314720812182741	0.30935251798561153	0.7855695139320015	0.911204650343312	0.99	0.6464575601074043	0.5964521600075754	100.0	533.0	394.0	139.0	463.0	0.0				
hydramp-mic-classifier	hydramp-mic-classifier	classifier	length_01_10	battleamp	3444.0	195	30.66	0.6885115019108647	0.8940092165898618	0.9651741293532339	0.08235294117647059	0.8326180257510729	0.9176470588235294	0.9171295127493058	0.9583475244547033	0.99	0.7961705576741652	0.541446185738082	100.0	636.0	466.0	170.0	402.0	0.0				
hydramp-mic-classifier	hydramp-mic-classifier	classifier	length_01_10	minustrain	3444.0	195	30.66	0.6977111308639825	0.8911917098445595	0.9520295202952029	0.09774436090225563	0.8376623376623377	0.9022556390977443	0.9172444097256128	0.945529130403494	0.98	0.7448337179243392	0.5185379097420507	100.0	441.0	308.0	133.0	271.0	0.0				
apex-min	apex	regressor	length_01_10	battleamp	1388.0	14	2.2	0.3025929609227551	0.9559543230016313	0.915625	0.9	1.0	0.1	0.8108077360637087	0.975118523165907	0.99	0.6688821028680917	0.6535578918483201	100.0	323.0	293.0	30.0	320.0	0.0				
apex-min	apex	regressor	length_01_10	minustrain	1388.0	14	2.2	0.3140260735771159	0.9585406301824212	0.9203821656050956	0.8928571428571429	1.0	0.10714285714285714	0.837740978744439	0.9802579641426263	0.99	0.6861097380128522	0.6522404409591208	100.0	317.0	289.0	28.0	314.0	0.0				
apex-ecoli	apex	regressor	length_01_10	battleamp	1388.0	14	2.2	0.5616981917084165	0.6931818181818182	0.9838709677419355	0.011494252873563218	0.5350877192982456	0.9885057471264368	0.8796128251663642	0.9146429159144962	0.85	0.7848144256588234	0.5944635457991713	100.0	201.0	114.0	87.0	62.0	0.0				
apex-ecoli	apex	regressor	length_01_10	minustrain	1388.0	14	2.2	0.5792565880115766	0.7100591715976331	0.9836065573770492	0.011904761904761904	0.5555555555555556	0.9880952380952381	0.8840388007054674	0.9163404886463207	0.82	0.7906804047154925	0.5951982132886655	100.0	192.0	108.0	84.0	61.0	0.0				
apex-saureus	apex	regressor	length_01_10	battleamp	1388.0	14	2.2	-0.013022348041938385	0.009950248756218905	0.5	0.007042253521126761	0.005025125628140704	0.9929577464788732	0.6837709675136244	0.7054804020771028	0.73	0.5259097563428707	0.49972809763304454	100.0	341.0	199.0	142.0	2.0	0.0				
apex-saureus	apex	regressor	length_01_10	minustrain	1388.0	14	2.2	-0.01276529244324877	0.010362694300518135	0.5	0.007246376811594203	0.005235602094240838	0.9927536231884058	0.6949313301464451	0.7094662924926536	0.73	0.5264795268389504	0.49966083547718104	100.0	329.0	191.0	138.0	2.0	0.0				
apex-kpneumoniae	apex	regressor	length_01_10	battleamp	1388.0	14	2.2	-0.026911328340252363	0.008333333333333333	0.5	0.00847457627118644	0.004201680672268907	0.9915254237288136	0.543939609742202	0.6779256042454238	0.71	0.4839916341201958	0.49813159230134435	100.0	356.0	238.0	118.0	2.0	0.0				
apex-kpneumoniae	apex	regressor	length_01_10	minustrain	1388.0	14	2.2	-0.027268949255656958	0.008547008547008548	0.5	0.008695652173913044	0.004310344827586207	0.991304347826087	0.5454647676161919	0.6774515703861028	0.7	0.48394223940661246	0.49805248129703994	100.0	347.0	232.0	115.0	2.0	0.0				
apex-abaumannii	apex	regressor	length_01_10	battleamp	1388.0	14	2.2	0.33874700876830716	0.4046242774566474	0.9722222222222222	0.009900990099009901	0.25547445255474455	0.9900990099009901	0.6460938064609381	0.7705607377506923	0.73	0.6339714647607673	0.546079025611544	100.0	238.0	137.0	101.0	36.0	0.0				
apex-abaumannii	apex	regressor	length_01_10	minustrain	1388.0	14	2.2	0.34930413356436113	0.41916167664670656	0.9722222222222222	0.01020408163265306	0.26717557251908397	0.9897959183673469	0.6511917744196916	0.771067120734653	0.72	0.6361131837226655	0.5473550960911427	100.0	229.0	131.0	98.0	36.0	0.0				
apex-paeruginosa	apex	regressor	length_01_10	battleamp	1388.0	14	2.2	0.06934012899897916	0.053691275167785234	0.8	0.008620689655172414	0.027777777777777776	0.9913793103448276	0.7148587164750957	0.7146389513589253	0.73	0.5315335753176044	0.5043464448680183	100.0	260.0	144.0	116.0	5.0	0.0				
apex-paeruginosa	apex	regressor	length_01_10	minustrain	1388.0	14	2.2	0.07169656143411586	0.055944055944055944	0.8	0.008849557522123894	0.028985507246376812	0.9911504424778761	0.718737976144671	0.7143842148940749	0.73	0.533018772402341	0.5040612837175489	100.0	251.0	138.0	113.0	5.0	0.0				
mbc-attention	mbc-attention	regressor	length_01_10	battleamp	3929.0	126	19.81	0.6513693466583255	0.9263803680981595	0.9069069069069069	0.3333333333333333	0.9467084639498433	0.6666666666666666	0.8602824687363062	0.9464619710187656	0.97	0.647437432695907	0.5667995148154565	100.0	412.0	319.0	93.0	333.0	0.0				
mbc-attention	mbc-attention	regressor	length_01_10	minustrain	3929.0	126	19.81	0.5873116500736818	0.9166666666666666	0.8816793893129771	0.43661971830985913	0.9545454545454546	0.5633802816901409	0.8167850075660577	0.9241500421434002	0.91	0.5989070569567908	0.5452468956352008	100.0	313.0	242.0	71.0	262.0	0.0				
sensexamp-classifier	sensexamp	classifier	length_01_10	battleamp	20587.0	91	14.31	0.11864004722189055	0.8416030534351145	0.7449324324324325	0.9096385542168675	0.9671052631578947	0.09036144578313253	0.8096398752906362	0.925080282846176	0.99	0.7000119591941172	0.5640854876793606	100.0	622.0	456.0	166.0	592.0	0.0				
sensexamp-classifier	sensexamp	classifier	length_01_10	minustrain	20587.0	91	14.31	0.11800303900319449	0.8398656215005599	0.7425742574257426	0.9090909090909091	0.9664948453608248	0.09090909090909091	0.8140274673779829	0.9240103470873351	0.98	0.6897066579649326	0.5542650894150661	100.0	531.0	388.0	143.0	505.0	0.0				
sensexamp-ecoli	sensexamp	regressor	length_01_10	battleamp	20587.0	91	14.31	0.5869211645980836	0.9045643153526971	0.8983516483516484	0.3333333333333333	0.9108635097493036	0.6666666666666666	0.8615272654269869	0.9527501363963061	0.99	0.7202333545978172	0.6298463887103464	100.0	470.0	359.0	111.0	364.0	0.0				
sensexamp-ecoli	sensexamp	regressor	length_01_10	minustrain	20587.0	91	14.31	0.5556881100226608	0.8962108731466227	0.8976897689768977	0.33695652173913043	0.8947368421052632	0.6630434782608695	0.8481121281464531	0.9489949091720261	0.99	0.7117758641454897	0.616503570483999	100.0	396.0	304.0	92.0	303.0	0.0				
sensexamp-saureus	sensexamp	regressor	length_01_10	battleamp	20587.0	91	14.31	0.6316632467613519	0.8585858585858586	0.9586466165413534	0.08527131782945736	0.7774390243902439	0.9147286821705426	0.8820429192664019	0.9499043063114558	0.97	0.7687603865022739	0.5764889868134395	100.0	457.0	328.0	129.0	266.0	0.0				
sensexamp-saureus	sensexamp	regressor	length_01_10	minustrain	20587.0	91	14.31	0.6120966557096799	0.8514851485148515	0.9513274336283186	0.1	0.7706093189964157	0.9	0.8704789833822092	0.9443184489069012	0.97	0.7477319888185763	0.5687135580149034	100.0	389.0	279.0	110.0	226.0	0.0				
ampredictor	ampredictor	regressor	length_01_10	battleamp	2952.0	172	27.04	0.752221076777972	0.9509116409537167	0.9338842975206612	0.25806451612903225	0.9685714285714285	0.7419354838709677	0.9038709677419354	0.9659824209078438	0.99	0.6871048589214973	0.5764536970567121	100.0	443.0	350.0	93.0	363.0	0.0				
ampredictor	ampredictor	regressor	length_01_10	minustrain	2952.0	172	27.04	0.7309912212165797	0.9381663113006397	0.9016393442622951	0.32	0.9777777777777777	0.68	0.8873481481481482	0.9460057314196924	0.94	0.6357115009746588	0.5555555555555556	100.0	300.0	225.0	75.0	244.0	0.0				
deep-amp-lstm-gramneg	deep-amp	regressor	length_01_10	battleamp	12593.0	211	33.18	0.48125733416479005	0.8989247311827957	0.8410462776659959	0.5939849624060151	0.9653579676674365	0.40601503759398494	0.7469134730590912	0.880592180482565	0.93	0.5554980803168734	0.5050178395493765	100.0	566.0	433.0	133.0	497.0	0.0				
deep-amp-lstm-gramneg	deep-amp	regressor	length_01_10	minustrain	12593.0	211	33.18	0.5966398063404437	0.9090909090909091	0.843558282208589	0.5204081632653061	0.985663082437276	0.47959183673469385	0.7750347450808279	0.8708063156082575	0.87	0.5534150275843218	0.5010896777795789	100.0	377.0	279.0	98.0	326.0	0.0				
deep-amp-lstm-grampos	deep-amp	regressor	length_01_10	battleamp	12593.0	211	33.18	0.21486822120752141	0.82	0.7867803837953091	0.6622516556291391	0.8561484918793504	0.33774834437086093	0.6360074368863415	0.809874663723881	0.85	0.528021356382613	0.49983472470602736	100.0	582.0	431.0	151.0	469.0	0.0				
deep-amp-lstm-grampos	deep-amp	regressor	length_01_10	minustrain	12593.0	211	33.18	0.21238588926634688	0.813953488372093	0.7446808510638298	0.7304347826086957	0.8974358974358975	0.26956521739130435	0.6007326007326007	0.7573143125406099	0.76	0.5173552610623549	0.49980832655073426	100.0	388.0	273.0	115.0	329.0	0.0				
deep-amp-cnn-gramneg	deep-amp	regressor	length_01_10	battleamp	12593.0	211	33.18	0.40800167653346286	0.9009584664536742	0.8326771653543307	0.7203389830508474	0.9814385150812065	0.2796610169491525	0.8714263242754337	0.9449644257390922	0.98	0.6875924917882815	0.500530692314852	100.0	549.0	431.0	118.0	508.0	0.0				
deep-amp-cnn-gramneg	deep-amp	regressor	length_01_10	minustrain	12593.0	211	33.18	0.4144962438686368	0.8931419457735247	0.8115942028985508	0.7558139534883721	0.9929078014184397	0.2441860465116279	0.86578426521524	0.9341352877068355	0.96	0.6645745982968306	0.5010513560711358	100.0	368.0	282.0	86.0	345.0	0.0				
deep-amp-cnn-grampos	deep-amp	regressor	length_01_10	battleamp	12593.0	211	33.18	0.1346743695107396	0.8520930232558139	0.7495908346972177	0.9386503067484663	0.9870689655172413	0.06134969325153374	0.544491749524011	0.7517411752149866	0.75	0.4952637702782448	0.4987431870586272	100.0	627.0	464.0	163.0	611.0	0.0				
deep-amp-cnn-grampos	deep-amp	regressor	length_01_10	minustrain	12593.0	211	33.18	0.10267971683963349	0.8309859154929577	0.7160194174757282	0.9590163934426229	0.9899328859060402	0.040983606557377046	0.5081142039828364	0.704348368015508	0.7	0.49218546421064213	0.4991737209537621	100.0	420.0	298.0	122.0	412.0	0.0				
example-model	example-model	classifier	length_11_20	battleamp		0	0.0	-0.013314468365418745	0.611810261374637	0.7707317073170732	0.5231910946196661	0.507223113964687	0.47680890538033394	0.4932350001141562	0.7756720217861839	0.79	0.5015482672828284	0.5001267241855646	100.0	2408.0	1869.0	539.0	1230.0	0.0				
example-model	example-model	classifier	length_11_20	minustrain		0	0.0	-0.013314468365418745	0.611810261374637	0.7707317073170732	0.5231910946196661	0.507223113964687	0.47680890538033394	0.4932350001141562	0.7756720217861839	0.79	0.5015482672828284	0.5001267241855646	100.0	2408.0	1869.0	539.0	1230.0	0.0				
ampeppy	ampeppy	classifier	length_11_20	battleamp	6536.0	117	4.86	0.21049367667714297	0.8696078431372549	0.8023518769787427	0.8107606679035251	0.9491706795077581	0.18923933209647495	0.6637854616529233	0.8530862215055209	0.87	0.531745605074996	0.503833498272559	100.0	2408.0	1869.0	539.0	2211.0	0.0				
ampeppy	ampeppy	classifier	length_11_20	minustrain	6536.0	117	4.86	0.2187647203660045	0.867563372995344	0.7985714285714286	0.8057142857142857	0.9496036240090601	0.19428571428571428	0.6645386399180284	0.8504611721198291	0.87	0.534213506586398	0.50473664769948	100.0	2291.0	1766.0	525.0	2100.0	0.0				
amplify	amplify	classifier	length_11_20	battleamp	6676.0	121	5.02	0.25526789596760463	0.8806366047745358	0.8015803336259877	0.8385899814471243	0.9769930444087748	0.1614100185528757	0.6811501194670193	0.8498491994228041	0.89	0.5170306788839477	0.501891372623732	100.0	2408.0	1869.0	539.0	2278.0	0.0				
amplify	amplify	classifier	length_11_20	minustrain	6676.0	121	5.02	0.25538444007684674	0.8764044943820225	0.7955493741307371	0.8352272727272727	0.9755542922114838	0.16477272727272727	0.6808453709924717	0.8436635065656357	0.88	0.5154391677161791	0.5018916398797613	100.0	2287.0	1759.0	528.0	2157.0	0.0				
ampscanner	ampscanner	classifier	length_11_20	battleamp	2132.0	54	2.24	0.23676561757016096	0.8763662861306777	0.802491103202847	0.8237476808905381	0.9652220438737292	0.17625231910946196	0.6902051934154663	0.8596321454201338	0.82	0.529064842488852	0.5027750352125034	100.0	2408.0	1869.0	539.0	2248.0	0.0				
ampscanner	ampscanner	classifier	length_11_20	minustrain	2132.0	54	2.24	0.23372389561745233	0.8739412057797707	0.7990888382687927	0.8242990654205608	0.9642660802638813	0.17570093457943925	0.6893810402141467	0.8568752643714025	0.83	0.528595933394695	0.5027302649974834	100.0	2354.0	1819.0	535.0	2195.0	0.0				
ampredmfa	ampredmfa	classifier	length_11_20	battleamp	11320.0	289	12.0	0.0	0.8739770867430442	0.7761627906976745	1.0	1.0	0.0	0.5744839888384946	0.8095272808454668	0.9	0.5085444813416428	0.5008158047512121	100.0	2408.0	1869.0	539.0	2408.0	0.0				
ampredmfa	ampredmfa	classifier	length_11_20	minustrain	11320.0	289	12.0	0.0	0.860446356547459	0.7550731477111845	1.0	1.0	0.0	0.5653215317919075	0.7845703098487045	0.92	0.5051086249277039	0.5004877581589265	100.0	2119.0	1600.0	519.0	2119.0	0.0				
hydramp-amp-classifier	hydramp-amp-classifier	classifier	length_11_20	battleamp	11131.0	296	12.29	0.2759654679735419	0.8780368098159509	0.8109700815956482	0.7736549165120594	0.9571963616907437	0.22634508348794063	0.7298402507070244	0.8856619828744177	0.95	0.5502463137059258	0.5123806005092741	100.0	2408.0	1869.0	539.0	2206.0	0.0				
hydramp-amp-classifier	hydramp-amp-classifier	classifier	length_11_20	minustrain	11131.0	296	12.29	0.28716809572733604	0.872912538918766	0.8056426332288401	0.7545638945233266	0.9524397776405188	0.24543610547667344	0.7435780983177707	0.8864514130364941	0.94	0.5534036439940382	0.5121442388037419	100.0	2112.0	1619.0	493.0	1914.0	0.0				
hydramp-mic-classifier	hydramp-mic-classifier	classifier	length_11_20	battleamp	3444.0	687	28.53	0.5382866007851156	0.8738357324301439	0.9247311827956989	0.23376623376623376	0.8282504012841091	0.7662337662337663	0.8493549178025216	0.943439411430995	0.98	0.6557203602907751	0.5347996026693342	100.0	2408.0	1869.0	539.0	1674.0	0.0				
hydramp-mic-classifier	hydramp-mic-classifier	classifier	length_11_20	minustrain	3444.0	687	28.53	0.4537344108938817	0.8687713959680486	0.9049128367670365	0.3389830508474576	0.8354059985369422	0.6610169491525424	0.8004279650684619	0.9287926797061588	0.97	0.6039379007448196	0.5216827403438362	100.0	1721.0	1367.0	354.0	1262.0	0.0				
apex-min	apex	regressor	length_11_20	battleamp	1388.0	20	0.83	0.4198885670974615	0.8872668288726683	0.8952536824877251	0.44755244755244755	0.8794212218649518	0.5524475524475524	0.7842539293503925	0.9279222828200404	0.96	0.584289462441434	0.5171001500882416	100.0	1530.0	1244.0	286.0	1222.0	0.0				
apex-min	apex	regressor	length_11_20	minustrain	1388.0	20	0.83	0.4182226283499307	0.8855967078189301	0.893687707641196	0.44755244755244755	0.8776508972267537	0.5524475524475524	0.782287044114124	0.9259275207987238	0.95	0.5826621219426233	0.5154820177158623	100.0	1512.0	1226.0	286.0	1204.0	0.0				
apex-ecoli	apex	regressor	length_11_20	battleamp	1388.0	20	0.83	0.3690919850216	0.5366795366795367	0.9619377162629758	0.029490616621983913	0.37215528781793844	0.9705093833780161	0.7599549224601714	0.8709350312139121	0.97	0.6586845949245456	0.5537982918601896	100.0	1120.0	747.0	373.0	289.0	0.0				
apex-ecoli	apex	regressor	length_11_20	minustrain	1388.0	20	0.83	0.36558082138222114	0.5304518664047151	0.9608540925266904	0.02956989247311828	0.36635006784260515	0.9704301075268817	0.7589362571307685	0.8686101750330472	0.97	0.6559224252253166	0.5519462766627816	100.0	1109.0	737.0	372.0	281.0	0.0				
apex-saureus	apex	regressor	length_11_20	battleamp	1388.0	20	0.83	0.12225328499576647	0.13262999246420498	0.9565217391304348	0.008771929824561403	0.07125506072874493	0.9912280701754386	0.617321897862064	0.8218671786852585	0.94	0.5538839107143525	0.5177678291307378	100.0	1691.0	1235.0	456.0	92.0	0.0				
apex-saureus	apex	regressor	length_11_20	minustrain	1388.0	20	0.83	0.11764732592284027	0.12547819433817903	0.9534883720930233	0.008791208791208791	0.06715806715806716	0.9912087912087912	0.616902016902017	0.8195946587196137	0.93	0.552192710087447	0.5164010239387123	100.0	1676.0	1221.0	455.0	86.0	0.0				
apex-kpneumoniae	apex	regressor	length_11_20	battleamp	1388.0	20	0.83	0.058145747428106846	0.025157232704402517	1.0	0.0	0.012738853503184714	1.0	0.5961598612374887	0.8016504004364584	0.84	0.5198273849432499	0.5115727351498164	100.0	1704.0	1256.0	448.0	16.0	0.0				
apex-kpneumoniae	apex	regressor	length_11_20	minustrain	1388.0	20	0.83	0.05276175941744791	0.020684168655529037	1.0	0.0	0.01045016077170418	1.0	0.5962759950221915	0.799856532374397	0.84	0.5187468552691208	0.5104933299976363	100.0	1691.0	1244.0	447.0	13.0	0.0				
apex-abaumannii	apex	regressor	length_11_20	battleamp	1388.0	20	0.83	0.4608637367602986	0.7365661861074705	0.9429530201342282	0.09340659340659341	0.6043010752688172	0.9065934065934066	0.7968450903934775	0.9044952909788824	0.95	0.657726823261628	0.5196352790776523	100.0	1294.0	930.0	364.0	596.0	0.0				
apex-abaumannii	apex	regressor	length_11_20	minustrain	1388.0	20	0.83	0.4586860099377535	0.7333333333333333	0.9417808219178082	0.09366391184573003	0.6004366812227074	0.90633608815427	0.795331240150613	0.9020000946909381	0.95	0.6544507358113426	0.5176630200698538	100.0	1279.0	916.0	363.0	584.0	0.0				
apex-paeruginosa	apex	regressor	length_11_20	battleamp	1388.0	20	0.83	0.11978605601886567	0.08498583569405099	1.0	0.0	0.04437869822485207	1.0	0.6251719980744737	0.7908768439389542	0.92	0.5538879468278477	0.5300133950688601	100.0	1477.0	1014.0	463.0	45.0	0.0				
apex-paeruginosa	apex	regressor	length_11_20	minustrain	1388.0	20	0.83	0.11640058686343638	0.08022922636103152	1.0	0.0	0.041791044776119404	1.0	0.625590661411557	0.789428577940845	0.91	0.5529484044802191	0.5287934146405608	100.0	1467.0	1005.0	462.0	42.0	0.0				
mbc-attention	mbc-attention	regressor	length_11_20	battleamp	3929.0	630	26.16	0.613903747609459	0.9276315789473685	0.920899854862119	0.3353846153846154	0.9344624447717231	0.6646153846153846	0.8681250708054831	0.9580650947678586	1.0	0.6641464883461627	0.5669408558596768	100.0	1683.0	1358.0	325.0	1378.0	0.0				
mbc-attention	mbc-attention	regressor	length_11_20	minustrain	3929.0	630	26.16	0.36926324389884907	0.9170731707317074	0.9021113243761996	0.5964912280701754	0.9325396825396826	0.40350877192982454	0.7678513413162537	0.94288873634166	0.98	0.5806035556728077	0.5296116477682201	100.0	1179.0	1008.0	171.0	1042.0	0.0				
sensexamp-classifier	sensexamp	classifier	length_11_20	battleamp	20587.0	652	27.08	0.20239348441599375	0.8791834797056729	0.7901023890784983	0.9128014842300557	0.990904226859283	0.08719851576994433	0.7374142711221363	0.8934869772672478	0.97	0.5676356052416589	0.5185742977672125	100.0	2408.0	1869.0	539.0	2344.0	0.0				
sensexamp-classifier	sensexamp	classifier	length_11_20	minustrain	20587.0	652	27.08	0.2108389460850479	0.8874556594646889	0.8018648018648019	0.9164420485175202	0.9935018050541516	0.08355795148247978	0.7344585324082633	0.8999570461299828	0.97	0.5735288770253404	0.5219355801847307	100.0	1756.0	1385.0	371.0	1716.0	0.0				
sensexamp-ecoli	sensexamp	regressor	length_11_20	battleamp	20587.0	652	27.08	0.5310583901867217	0.9024072869225764	0.916116248348745	0.33509234828496043	0.889102564102564	0.6649076517150396	0.8397554292673026	0.9473036329926666	0.99	0.6458798457479196	0.5360581066485257	100.0	1939.0	1560.0	379.0	1514.0	0.0				
sensexamp-ecoli	sensexamp	regressor	length_11_20	minustrain	20587.0	652	27.08	0.48904199678498544	0.897039328325232	0.9144144144144144	0.36259541984732824	0.8803122289679098	0.6374045801526718	0.8218586760061706	0.9449703937984071	0.98	0.6313318932879692	0.5325900904055509	100.0	1415.0	1153.0	262.0	1110.0	0.0				
sensexamp-saureus	sensexamp	regressor	length_11_20	battleamp	20587.0	652	27.08	0.47415896268878815	0.8169327887114742	0.9401709401709402	0.16203703703703703	0.7222586999343401	0.8379629629629629	0.8119923518396928	0.9284063180428558	0.99	0.6083957614178439	0.5321076577654938	100.0	1955.0	1523.0	432.0	1170.0	0.0				
sensexamp-saureus	sensexamp	regressor	length_11_20	minustrain	20587.0	652	27.08	0.38080894295765083	0.7786337955829481	0.9300613496932515	0.2	0.6696113074204947	0.8	0.7662854131795921	0.9149541131511679	0.93	0.5576023935606171	0.5254697017416137	100.0	1417.0	1132.0	285.0	815.0	0.0				
ampredictor	ampredictor	regressor	length_11_20	battleamp	2952.0	535	22.22	0.6181065954767833	0.9387001477104875	0.9196816208393632	0.39361702127659576	0.9585218702865762	0.6063829787234043	0.8016671480376112	0.9339456003682223	0.97	0.5802783168569349	0.5193171122882256	100.0	1608.0	1326.0	282.0	1382.0	0.0				
ampredictor	ampredictor	regressor	length_11_20	minustrain	2952.0	535	22.22	0.47424768253980276	0.9315196998123827	0.900271985494107	0.582010582010582	0.9650145772594753	0.41798941798941797	0.7109074922486002	0.913913109534626	0.94	0.5433243512625642	0.5086652352573796	100.0	1218.0	1029.0	189.0	1103.0	0.0				
deep-amp-lstm-gramneg	deep-amp	regressor	length_11_20	battleamp	12593.0	753	31.27	0.2825473770892157	0.848893166506256	0.8416030534351145	0.5804195804195804	0.8563106796116505	0.4195804195804196	0.6771358091746441	0.8597478479047215	0.91	0.5304628375655458	0.5007808863495061	100.0	1974.0	1545.0	429.0	1572.0	0.0				
deep-amp-lstm-gramneg	deep-amp	regressor	length_11_20	minustrain	12593.0	753	31.27	0.23362169596654847	0.8344627299128751	0.8475909537856441	0.5783582089552238	0.8217349857006673	0.4216417910447761	0.6551015181480586	0.8552858989629039	0.87	0.5175257623877002	0.49748743718592964	100.0	1317.0	1049.0	268.0	1017.0	0.0				
deep-amp-lstm-grampos	deep-amp	regressor	length_11_20	battleamp	12593.0	753	31.27	0.3676655007162138	0.837617962902701	0.8725423728813559	0.4078091106290672	0.8053817271589487	0.5921908893709328	0.73686060938429	0.888006535982208	0.93	0.5464018343513934	0.5150591898622556	100.0	2059.0	1598.0	461.0	1475.0	0.0				
deep-amp-lstm-grampos	deep-amp	regressor	length_11_20	minustrain	12593.0	753	31.27	0.3170636595729843	0.8475637013857845	0.8681318681318682	0.49146757679180886	0.8279475982532751	0.5085324232081911	0.7018227342504136	0.8815238334837547	0.89	0.5325385165075229	0.5143040118247766	100.0	1438.0	1145.0	293.0	1092.0	0.0				
deep-amp-cnn-gramneg	deep-amp	regressor	length_11_20	battleamp	12593.0	753	31.27	0.4564510217691342	0.9183424741011579	0.8782051282051282	0.6023054755043228	0.9623243933588761	0.3976945244956772	0.7889628672695354	0.9317418239475752	0.96	0.5919508267505359	0.5162331027536015	100.0	1913.0	1566.0	347.0	1716.0	0.0				
deep-amp-cnn-gramneg	deep-amp	regressor	length_11_20	minustrain	12593.0	753	31.27	0.375007743294258	0.9075555555555556	0.866723259762309	0.6596638655462185	0.9524253731343284	0.3403361344537815	0.7359643484259375	0.9119377397479003	0.93	0.5614145108161096	0.5119205711235217	100.0	1310.0	1072.0	238.0	1178.0	0.0				
deep-amp-cnn-grampos	deep-amp	regressor	length_11_20	battleamp	12593.0	753	31.27	0.26221526875421114	0.9034120734908136	0.8346265761396702	0.8525	0.9845537757437071	0.1475	0.6570895308924485	0.8726777682635857	0.9	0.5178549921715043	0.5038838356542438	100.0	2148.0	1748.0	400.0	2062.0	0.0				
deep-amp-cnn-grampos	deep-amp	regressor	length_11_20	minustrain	12593.0	753	31.27	0.2908443926502794	0.9057591623036649	0.8392238392238393	0.8285714285714286	0.983753046303818	0.17142857142857143	0.6278606243472205	0.8514392676901519	0.82	0.4995052619363193	0.4991786132706004	100.0	1511.0	1231.0	280.0	1443.0	0.0				
example-model	example-model	classifier	length_21_30	battleamp		0	0.0	-0.0016508408031255019	0.6107883817427386	0.8232662192393736	0.4876543209876543	0.48548812664907653	0.5123456790123457	0.4922147301215023	0.8268765565008208	0.82	0.49870216928032973	0.5005893665860165	100.0	920.0	758.0	162.0	447.0	0.0				
example-model	example-model	classifier	length_21_30	minustrain		0	0.0	-0.0016508408031255019	0.6107883817427386	0.8232662192393736	0.4876543209876543	0.48548812664907653	0.5123456790123457	0.4922147301215023	0.8268765565008208	0.82	0.49870216928032973	0.5005893665860165	100.0	920.0	758.0	162.0	447.0	0.0				
ampeppy	ampeppy	classifier	length_21_30	battleamp	6536.0	119	12.93	0.2328601933975745	0.9028290282902829	0.8456221198156681	0.8271604938271605	0.9683377308707124	0.1728395061728395	0.6391413401087983	0.87864014228904	0.9	0.5247916527368456	0.5096973351725564	100.0	920.0	758.0	162.0	868.0	0.0				
ampeppy	ampeppy	classifier	length_21_30	minustrain	6536.0	119	12.93	0.22907398775354762	0.8934953538241601	0.8322237017310253	0.8235294117647058	0.9645061728395061	0.17647058823529413	0.6224229403695635	0.8568983209336576	0.89	0.5199114950290274	0.5073304876679046	100.0	801.0	648.0	153.0	751.0	0.0				
amplify	amplify	classifier	length_21_30	battleamp	6676.0	154	16.74	0.2182369663846297	0.9040928527794746	0.8418657565415245	0.8580246913580247	0.9762532981530343	0.1419753086419753	0.6189248835466954	0.8511334242733977	0.83	0.49515327946564347	0.49748743718592964	100.0	920.0	758.0	162.0	879.0	0.0				
amplify	amplify	classifier	length_21_30	minustrain	6676.0	154	16.74	0.22984621966520605	0.8984432913269088	0.8358620689655173	0.8380281690140845	0.9711538461538461	0.1619718309859155	0.6453593355001807	0.855954185923138	0.84	0.49837130067856533	0.49748743718592964	100.0	766.0	624.0	142.0	725.0	0.0				
ampscanner	ampscanner	classifier	length_21_30	battleamp	2132.0	68	7.39	0.23617878732623673	0.9011124845488258	0.8476744186046512	0.808641975308642	0.9617414248021108	0.19135802469135801	0.7243232678588878	0.9045529872736235	0.81	0.5357160361714468	0.503410073805314	100.0	920.0	758.0	162.0	860.0	0.0				
ampscanner	ampscanner	classifier	length_21_30	minustrain	2132.0	68	7.39	0.2386004094118934	0.8957632817753867	0.8398486759142497	0.8037974683544303	0.9596541786743515	0.1962025316455696	0.7292890234560245	0.9013034991219038	0.82	0.5379024154406189	0.5036188235847827	100.0	852.0	694.0	158.0	793.0	0.0				
ampredmfa	ampredmfa	classifier	length_21_30	battleamp	11320.0	157	17.07	0.03969335526551067	0.9033412887828163	0.8246187363834423	0.9938271604938271	0.9986807387862797	0.006172839506172839	0.6668865435356199	0.890096191338451	0.92	0.5411171459382356	0.5045577491680036	100.0	920.0	758.0	162.0	918.0	0.0				
ampredmfa	ampredmfa	classifier	length_21_30	minustrain	11320.0	157	17.07	0.04134644884682854	0.8972503617945007	0.8147174770039421	0.9929577464788732	0.998389694041868	0.007042253521126761	0.6661280079834887	0.8837247604400718	0.91	0.5453042690416591	0.5049563437153561	100.0	763.0	621.0	142.0	761.0	0.0				
hydramp-amp-classifier	hydramp-amp-classifier	classifier	length_21_30	battleamp	11131.0	152	16.52	0.10117686641667134	0.8933566433566433	0.8474295190713101	0.8761904761904762	0.944547134935305	0.12380952380952381	0.6352961887157821	0.9005457892848756	0.95	0.561345600600392	0.5250922334584639	100.0	646.0	541.0	105.0	603.0	0.0				
hydramp-amp-classifier	hydramp-amp-classifier	classifier	length_21_30	minustrain	11131.0	152	16.52	0.11813277608052093	0.8839907192575406	0.8392070484581498	0.8488372093023255	0.9338235294117647	0.1511627906976744	0.6365424076607387	0.8942128324891527	0.93	0.5601195190438476	0.5367277564292049	100.0	494.0	408.0	86.0	454.0	0.0				
hydramp-mic-classifier	hydramp-mic-classifier	classifier	length_21_30	battleamp	3444.0	229	24.89	0.442708777443354	0.8966824644549763	0.9202334630350194	0.3904761904761905	0.8743068391866913	0.6095238095238096	0.8216530235014523	0.9462541790198289	0.97	0.6165552513446277	0.5029278953521237	100.0	646.0	541.0	105.0	514.0	0.0				
hydramp-mic-classifier	hydramp-mic-classifier	classifier	length_21_30	minustrain	3444.0	229	24.89	0.3235224796127866	0.8694362017804155	0.8905775075987842	0.5	0.8492753623188406	0.5	0.7501409017713365	0.9143791781522772	0.94	0.5647724383422323	0.5004005534920982	100.0	417.0	345.0	72.0	329.0	0.0				
apex-min	apex	regressor	length_21_30	battleamp	1388.0	0	0.0	0.2895348781190783	0.5679862306368331	0.9322033898305084	0.0916030534351145	0.4084158415841584	0.9083969465648855	0.7655317058423399	0.8863931550421114	0.92	0.5734698017813031	0.502396344203065	100.0	535.0	404.0	131.0	177.0	0.0				
apex-min	apex	regressor	length_21_30	minustrain	1388.0	0	0.0	0.2895348781190783	0.5679862306368331	0.9322033898305084	0.0916030534351145	0.4084158415841584	0.9083969465648855	0.7655317058423399	0.8863931550421114	0.92	0.5734698017813031	0.502396344203065	100.0	535.0	404.0	131.0	177.0	0.0				
apex-ecoli	apex	regressor	length_21_30	battleamp	1388.0	0	0.0	0.03907905840262205	0.03592814371257485	0.9	0.006802721088435374	0.018329938900203666	0.9931972789115646	0.746304224337393	0.8784118152374707	0.89	0.5289139345308281	0.5025211263516552	100.0	638.0	491.0	147.0	10.0	0.0				
apex-ecoli	apex	regressor	length_21_30	minustrain	1388.0	0	0.0	0.03907905840262205	0.03592814371257485	0.9	0.006802721088435374	0.018329938900203666	0.9931972789115646	0.746304224337393	0.8784118152374707	0.89	0.5289139345308281	0.5025211263516552	100.0	638.0	491.0	147.0	10.0	0.0				
apex-saureus	apex	regressor	length_21_30	battleamp	1388.0	0	0.0	0.0	0.0	0.0	0.0	0.0	1.0	0.7598181103487707	0.9197270679772057	0.94	0.5697729529656044	0.5143087866433368	100.0	863.0	704.0	159.0	0.0	0.0				
apex-saureus	apex	regressor	length_21_30	minustrain	1388.0	0	0.0	0.0	0.0	0.0	0.0	0.0	1.0	0.7598181103487707	0.9197270679772057	0.94	0.5697729529656044	0.5143087866433368	100.0	863.0	704.0	159.0	0.0	0.0				
apex-kpneumoniae	apex	regressor	length_21_30	battleamp	1388.0	0	0.0	0.0	0.0	0.0	0.0	0.0	1.0	0.7420102769770649	0.9165523464585962	0.94	0.563751464134707	0.5300927677436112	100.0	865.0	707.0	158.0	0.0	0.0				
apex-kpneumoniae	apex	regressor	length_21_30	minustrain	1388.0	0	0.0	0.0	0.0	0.0	0.0	0.0	1.0	0.7420102769770649	0.9165523464585962	0.94	0.563751464134707	0.5300927677436112	100.0	865.0	707.0	158.0	0.0	0.0				
apex-abaumannii	apex	regressor	length_21_30	battleamp	1388.0	0	0.0	0.17929676627441607	0.3048780487804878	0.9375	0.036231884057971016	0.1820388349514563	0.9637681159420289	0.7709300689461094	0.8858778226124413	0.93	0.5926736427391823	0.5014823661009423	100.0	550.0	412.0	138.0	80.0	0.0				
apex-abaumannii	apex	regressor	length_21_30	minustrain	1388.0	0	0.0	0.17929676627441607	0.3048780487804878	0.9375	0.036231884057971016	0.1820388349514563	0.9637681159420289	0.7709300689461094	0.8858778226124413	0.93	0.5926736427391823	0.5014823661009423	100.0	550.0	412.0	138.0	80.0	0.0				
apex-paeruginosa	apex	regressor	length_21_30	battleamp	1388.0	0	0.0	0.026595775186954516	0.006896551724137931	1.0	0.0	0.0034602076124567475	1.0	0.7769218180117834	0.9191955749966817	0.95	0.5879498146844714	0.5178595681108243	100.0	726.0	578.0	148.0	2.0	0.0				
apex-paeruginosa	apex	regressor	length_21_30	minustrain	1388.0	0	0.0	0.026595775186954516	0.006896551724137931	1.0	0.0	0.0034602076124567475	1.0	0.7769218180117834	0.9191955749966817	0.95	0.5879498146844714	0.5178595681108243	100.0	726.0	578.0	148.0	2.0	0.0				
mbc-attention	mbc-attention	regressor	length_21_30	battleamp	3929.0	384	41.74	0.6457148156767144	0.944	0.9398230088495575	0.3148148148148148	0.9482142857142857	0.6851851851851852	0.8714781746031747	0.9656515215382931	0.98	0.6577032859927597	0.558274175108346	100.0	668.0	560.0	108.0	565.0	0.0				
mbc-attention	mbc-attention	regressor	length_21_30	minustrain	3929.0	384	41.74	0.4391605345479209	0.9228346456692913	0.8987730061349694	0.5689655172413793	0.948220064724919	0.43103448275862066	0.7428858386340811	0.9215497648404691	0.93	0.541991906448411	0.5137499796718219	100.0	367.0	309.0	58.0	326.0	0.0				
sensexamp-classifier	sensexamp	classifier	length_21_30	battleamp	20587.0	233	25.33	0.17174427028563866	0.9098712446351931	0.8493589743589743	0.8952380952380953	0.9796672828096118	0.10476190476190476	0.6839274711733122	0.9127136165964183	0.96	0.5716185102312158	0.5012482091825203	100.0	646.0	541.0	105.0	624.0	0.0				
sensexamp-classifier	sensexamp	classifier	length_21_30	minustrain	20587.0	233	25.33	0.17776462963007655	0.9126436781609195	0.857451403887689	0.88	0.9754299754299754	0.12	0.6926945126945127	0.9178312849699398	0.96	0.5739471528945213	0.501191460990456	100.0	482.0	407.0	75.0	463.0	0.0				
sensexamp-ecoli	sensexamp	regressor	length_21_30	battleamp	20587.0	233	25.33	0.40288632858901363	0.8717948717948718	0.930952380952381	0.3333333333333333	0.8197064989517819	0.6666666666666666	0.7900190366032915	0.9527662401415664	0.98	0.6474613846116775	0.5775523318900583	100.0	564.0	477.0	87.0	420.0	0.0				
sensexamp-ecoli	sensexamp	regressor	length_21_30	minustrain	20587.0	233	25.33	0.33536715165992137	0.8532934131736527	0.9193548387096774	0.38461538461538464	0.7960893854748603	0.6153846153846154	0.771809196390202	0.9470143641561513	0.97	0.6253364395087417	0.5662670896381348	100.0	423.0	358.0	65.0	310.0	0.0				
sensexamp-saureus	sensexamp	regressor	length_21_30	battleamp	20587.0	233	25.33	0.3645123011416058	0.7292225201072386	0.9714285714285714	0.08888888888888889	0.5836909871244635	0.9111111111111111	0.7649976156413925	0.9469589448741167	0.98	0.6756017368170067	0.558953566113831	100.0	556.0	466.0	90.0	280.0	0.0				
sensexamp-saureus	sensexamp	regressor	length_21_30	minustrain	20587.0	233	25.33	0.31620193712548306	0.708994708994709	0.9617224880382775	0.12307692307692308	0.5614525139664804	0.8769230769230769	0.7440051568543188	0.9432456220351173	0.97	0.6420735982629544	0.5578450913786811	100.0	423.0	358.0	65.0	209.0	0.0				
ampredictor	ampredictor	regressor	length_21_30	battleamp	2952.0	234	25.43	0.4978953276713623	0.9431438127090301	0.9170731707317074	0.5666666666666667	0.9707401032702238	0.43333333333333335	0.7768789443488239	0.9454446226076514	0.93	0.5523950438344858	0.545922382999334	100.0	671.0	581.0	90.0	615.0	0.0				
ampredictor	ampredictor	regressor	length_21_30	minustrain	2952.0	234	25.43	0.32711234949427964	0.9246813441483198	0.888641425389755	0.7246376811594203	0.9637681159420289	0.2753623188405797	0.7085696282293636	0.921864835086175	0.9	0.5312793641318166	0.5351151894739398	100.0	483.0	414.0	69.0	449.0	0.0				
deep-amp-lstm-gramneg	deep-amp	regressor	length_21_30	battleamp	12593.0	364	39.57	0.35718953657289754	0.8360957642725598	0.9153225806451613	0.336	0.7694915254237288	0.664	0.776528813559322	0.9296917227935	0.97	0.592506690454951	0.5051528830593646	100.0	715.0	590.0	125.0	496.0	0.0				
deep-amp-lstm-gramneg	deep-amp	regressor	length_21_30	minustrain	12593.0	364	39.57	0.22086775289874264	0.7760252365930599	0.8754448398576512	0.4268292682926829	0.6968838526912181	0.573170731707317	0.7023768396324189	0.8907123330607636	0.92	0.5322687981613676	0.5031816305322647	100.0	435.0	353.0	82.0	281.0	0.0				
deep-amp-lstm-grampos	deep-amp	regressor	length_21_30	battleamp	12593.0	364	39.57	0.3695464696957178	0.8314606741573034	0.9044444444444445	0.3359375	0.7693761814744802	0.6640625	0.765344399810964	0.9234838324647265	0.95	0.5921581185951647	0.5366423326462179	100.0	657.0	529.0	128.0	450.0	0.0				
deep-amp-lstm-grampos	deep-amp	regressor	length_21_30	minustrain	12593.0	364	39.57	0.26182899573580837	0.8177339901477833	0.8645833333333334	0.48148148148148145	0.7757009345794392	0.5185185185185185	0.7118956963193723	0.8963522897875035	0.92	0.5575271396444266	0.5256657117362513	100.0	402.0	321.0	81.0	288.0	0.0				
deep-amp-cnn-gramneg	deep-amp	regressor	length_21_30	battleamp	12593.0	364	39.57	0.5367066794622035	0.9355648535564853	0.9379194630872483	0.3894736842105263	0.9332220367278798	0.6105263157894737	0.8042878481679994	0.9429756609707131	0.94	0.5498961796900652	0.5025209520054362	100.0	694.0	599.0	95.0	596.0	0.0				
deep-amp-cnn-gramneg	deep-amp	regressor	length_21_30	minustrain	12593.0	364	39.57	0.4656043466455603	0.9209431345353676	0.9146005509641874	0.47692307692307695	0.9273743016759777	0.5230769230769231	0.749376880103137	0.9184863100952874	0.93	0.5260443760884808	0.5002947699390808	100.0	423.0	358.0	65.0	363.0	0.0				
deep-amp-cnn-grampos	deep-amp	regressor	length_21_30	battleamp	12593.0	364	39.57	0.41631770140487867	0.9273827534039334	0.9054652880354506	0.5925925925925926	0.9503875968992248	0.4074074074074074	0.7336778639104221	0.9294718500623093	0.95	0.5623857231364372	0.5069519287508458	100.0	753.0	645.0	108.0	677.0	0.0				
deep-amp-cnn-grampos	deep-amp	regressor	length_21_30	minustrain	12593.0	364	39.57	0.3004803784033877	0.8971499380421314	0.8722891566265061	0.6625	0.923469387755102	0.3375	0.6808673469387756	0.8954159071915286	0.92	0.5374597207303974	0.501333196595221	100.0	472.0	392.0	80.0	415.0	0.0				
example-model	example-model	classifier	length_31_50	battleamp		0	0.0	0.01232968835413702	0.6070686070686071	0.8390804597701149	0.45901639344262296	0.4755700325732899	0.5409836065573771	0.5169541303999573	0.8471091956998837	0.85	0.516150337396329	0.49748743718592964	100.0	368.0	307.0	61.0	174.0	0.0				
example-model	example-model	classifier	length_31_50	minustrain		0	0.0	0.01232968835413702	0.6070686070686071	0.8390804597701149	0.45901639344262296	0.4755700325732899	0.5409836065573771	0.5169541303999573	0.8471091956998837	0.85	0.516150337396329	0.49748743718592964	100.0	368.0	307.0	61.0	174.0	0.0				
ampeppy	ampeppy	classifier	length_31_50	battleamp	6536.0	86	23.37	0.24716761154759997	0.9079754601226994	0.8579710144927536	0.8032786885245902	0.9641693811074918	0.19672131147540983	0.7591979494847013	0.9175969564750528	0.94	0.5287131161593309	0.5014813481086213	100.0	368.0	307.0	61.0	345.0	0.0				
ampeppy	ampeppy	classifier	length_31_50	minustrain	6536.0	86	23.37	0.2560556824750743	0.8961303462321792	0.8396946564885496	0.7924528301886793	0.9606986899563319	0.20754716981132076	0.7754387410397957	0.9259025471356241	0.96	0.6131446685429071	0.5084593272037041	100.0	282.0	229.0	53.0	262.0	0.0				
amplify	amplify	classifier	length_31_50	battleamp	6676.0	101	27.45	0.38493470898515136	0.9195046439628483	0.8761061946902655	0.6885245901639344	0.9674267100977199	0.3114754098360656	0.7892080952635233	0.9275170582966182	0.92	0.5296967789260089	0.514854402304683	100.0	368.0	307.0	61.0	339.0	0.0				
amplify	amplify	classifier	length_31_50	minustrain	6676.0	101	27.45	0.43215114086512085	0.9146608315098468	0.8781512605042017	0.6041666666666666	0.954337899543379	0.3958333333333333	0.8381849315068494	0.9409990743388862	0.95	0.5896419130016823	0.5020765930107157	100.0	267.0	219.0	48.0	238.0	0.0				
ampscanner	ampscanner	classifier	length_31_50	battleamp	2132.0	45	12.23	0.5611063573081209	0.9397217928902627	0.8941176470588236	0.5901639344262295	0.990228013029316	0.4098360655737705	0.7666203876755487	0.9152066223941739	0.92	0.5259729127378707	0.5024798258392942	100.0	368.0	307.0	61.0	340.0	0.0				
ampscanner	ampscanner	classifier	length_31_50	minustrain	2132.0	45	12.23	0.5789482028309327	0.9376114081996435	0.8915254237288136	0.5614035087719298	0.9887218045112782	0.43859649122807015	0.7683682891439123	0.9084536046778136	0.94	0.5220864661654135	0.5021087580760948	100.0	323.0	266.0	57.0	295.0	0.0				
ampredmfa	ampredmfa	classifier	length_31_50	battleamp	11320.0	96	26.09	0.16680249597597394	0.906060606060606	0.8470254957507082	0.8852459016393442	0.9739413680781759	0.11475409836065574	0.67835211192396	0.8894927242343682	0.89	0.5288536394117135	0.49748743718592964	100.0	368.0	307.0	61.0	353.0	0.0				
ampredmfa	ampredmfa	classifier	length_31_50	minustrain	11320.0	96	26.09	0.18011581536329338	0.8958333333333334	0.8365758754863813	0.8571428571428571	0.9641255605381166	0.14285714285714285	0.6989109545163358	0.881621432895294	0.9	0.5176120955816832	0.49748743718592964	100.0	272.0	223.0	49.0	257.0	0.0				
hydramp-amp-classifier	hydramp-amp-classifier	classifier	length_31_50	battleamp	11131.0	0	0.0																					
hydramp-amp-classifier	hydramp-amp-classifier	classifier	length_31_50	minustrain	11131.0	0	0.0																					
hydramp-mic-classifier	hydramp-mic-classifier	classifier	length_31_50	battleamp	3444.0	0	0.0																					
hydramp-mic-classifier	hydramp-mic-classifier	classifier	length_31_50	minustrain	3444.0	0	0.0																					
apex-min	apex	regressor	length_31_50	battleamp	1388.0	2	0.54	0.1546453485585907	0.23770491803278687	0.9666666666666667	0.017241379310344827	0.13551401869158877	0.9827586206896551	0.7553980019336126	0.9163553281184866	0.96	0.6405007039028444	0.5115765744610905	100.0	272.0	214.0	58.0	30.0	0.0				
apex-min	apex	regressor	length_31_50	minustrain	1388.0	2	0.54	0.1562317002946845	0.2396694214876033	0.9666666666666667	0.017241379310344827	0.13679245283018868	0.9827586206896551	0.7572381262199087	0.9163733393826758	0.96	0.6420744444063966	0.5117094908504788	100.0	270.0	212.0	58.0	30.0	0.0				
apex-ecoli	apex	regressor	length_31_50	battleamp	1388.0	2	0.54	0.02625192370282337	0.007575757575757576	1.0	0.0	0.0038022813688212928	1.0	0.7618329618460732	0.9416489957115193	0.97	0.6868465907130485	0.6465215812904828	100.0	321.0	263.0	58.0	1.0	0.0				
apex-ecoli	apex	regressor	length_31_50	minustrain	1388.0	2	0.54	0.02643505285727147	0.007633587786259542	1.0	0.0	0.0038314176245210726	1.0	0.7629805786761791	0.941685631591736	0.97	0.6884800189137131	0.6476636053832381	100.0	319.0	261.0	58.0	1.0	0.0				
apex-saureus	apex	regressor	length_31_50	battleamp	1388.0	2	0.54	0.0	0.0	0.0	0.0	0.0	1.0	0.7403214609921503	0.9358632190761759	0.97	0.6435206133558921	0.5187664707904343	100.0	368.0	307.0	61.0	0.0	0.0				
apex-saureus	apex	regressor	length_31_50	minustrain	1388.0	2	0.54	0.0	0.0	0.0	0.0	0.0	1.0	0.7415210964794409	0.9358623433869933	0.97	0.644634294685922	0.5189060054370211	100.0	366.0	305.0	61.0	0.0	0.0				
apex-kpneumoniae	apex	regressor	length_31_50	battleamp	1388.0	2	0.54	0.0	0.0	0.0	0.0	0.0	1.0	0.6739048642837947	0.9140012109759285	0.96	0.5930918400543148	0.5123156767443776	100.0	366.0	305.0	61.0	0.0	0.0				
apex-kpneumoniae	apex	regressor	length_31_50	minustrain	1388.0	2	0.54	0.0	0.0	0.0	0.0	0.0	1.0	0.67472812855056	0.9138492034565565	0.96	0.5938800092261167	0.5124135529130802	100.0	364.0	303.0	61.0	0.0	0.0				
apex-abaumannii	apex	regressor	length_31_50	battleamp	1388.0	2	0.54	0.024538560381250973	0.05106382978723404	0.8571428571428571	0.01694915254237288	0.02631578947368421	0.9830508474576272	0.7271781147784716	0.9025418389977853	0.93	0.586717686276351	0.49969143965441243	100.0	287.0	228.0	59.0	7.0	0.0				
apex-abaumannii	apex	regressor	length_31_50	minustrain	1388.0	2	0.54	0.025128023311342625	0.05150214592274678	0.8571428571428571	0.01694915254237288	0.02654867256637168	0.9830508474576272	0.7278386080695964	0.902201087786723	0.93	0.5877179825219265	0.49971094410103617	100.0	285.0	226.0	59.0	7.0	0.0				
apex-paeruginosa	apex	regressor	length_31_50	battleamp	1388.0	2	0.54	0.0	0.0	0.0	0.0	0.0	1.0	0.7296143250688706	0.9182762693390101	0.96	0.6103378280411773	0.5556293866024337	100.0	302.0	242.0	60.0	0.0	0.0				
apex-paeruginosa	apex	regressor	length_31_50	minustrain	1388.0	2	0.54	0.0	0.0	0.0	0.0	0.0	1.0	0.7310416666666666	0.9182569476291619	0.96	0.6114766081871346	0.5561139028475712	100.0	300.0	240.0	60.0	0.0	0.0				
mbc-attention	mbc-attention	regressor	length_31_50	battleamp	3929.0	243	66.03	0.68668036626502	0.9421841541755889	0.9649122807017544	0.17391304347826086	0.9205020920502092	0.8260869565217391	0.8989448790249227	0.9757307988870904	0.98	0.7107513189012189	0.6152309665482223	100.0	285.0	239.0	46.0	228.0	0.0				
mbc-attention	mbc-attention	regressor	length_31_50	minustrain	3929.0	243	66.03	0.2289172356446622	0.8982035928143712	0.9259259259259259	0.6	0.872093023255814	0.4	0.741860465116279	0.9641353858458568	0.8958333333333334	0.6878824969400245	0.7019983639125862	100.0	96.0	86.0	10.0	81.0	0.0				
sensexamp-classifier	sensexamp	classifier	length_31_50	battleamp	20587.0	71	19.29																					
sensexamp-classifier	sensexamp	classifier	length_31_50	minustrain	20587.0	71	19.29																					
sensexamp-ecoli	sensexamp	regressor	length_31_50	battleamp	20587.0	71	19.29																					
sensexamp-ecoli	sensexamp	regressor	length_31_50	minustrain	20587.0	71	19.29																					
sensexamp-saureus	sensexamp	regressor	length_31_50	battleamp	20587.0	71	19.29																					
sensexamp-saureus	sensexamp	regressor	length_31_50	minustrain	20587.0	71	19.29																					
ampredictor	ampredictor	regressor	length_31_50	battleamp	2952.0	51	13.86	0.4683130615586834	0.9371428571428572	0.917910447761194	0.55	0.9571984435797666	0.45	0.7946498054474709	0.9539949323070085	0.97	0.5924636493958633	0.5600570948125844	100.0	297.0	257.0	40.0	268.0	0.0				
ampredictor	ampredictor	regressor	length_31_50	minustrain	2952.0	51	13.86	0.24514516892273003	0.9301310043668122	0.9102564102564102	0.75	0.9508928571428571	0.25	0.7273596938775511	0.952674691297397	0.97	0.5894871106337272	0.5603015075376885	100.0	252.0	224.0	28.0	234.0	0.0				
deep-amp-lstm-gramneg	deep-amp	regressor	length_31_50	battleamp	12593.0	145	39.4	0.4835363753252443	0.8193384223918575	0.9640718562874252	0.1111111111111111	0.7123893805309734	0.8888888888888888	0.8448869223205507	0.9505504720356964	0.96	0.6475702530662941	0.5375105616578467	100.0	280.0	226.0	54.0	167.0	0.0				
deep-amp-lstm-gramneg	deep-amp	regressor	length_31_50	minustrain	12593.0	145	39.4	0.47644032621325516	0.8353413654618473	0.9629629629629629	0.13333333333333333	0.7375886524822695	0.8666666666666667	0.8451536643026004	0.9556494519841621	0.97	0.657832524573846	0.5402544638084037	100.0	171.0	141.0	30.0	108.0	0.0				
deep-amp-lstm-grampos	deep-amp	regressor	length_31_50	battleamp	12593.0	145	39.4	0.5282647804436963	0.8644501278772379	0.9712643678160919	0.11363636363636363	0.7788018433179723	0.8863636363636364	0.8610180142438207	0.9699864821904924	0.99	0.7687032831345225	0.6873769770511544	100.0	261.0	217.0	44.0	174.0	0.0				
deep-amp-lstm-grampos	deep-amp	regressor	length_31_50	minustrain	12593.0	145	39.4	0.45836824939076026	0.8281938325991189	0.9690721649484536	0.12	0.7230769230769231	0.88	0.872	0.9736125100075188	0.95	0.774089068825911	0.7294163123308852	100.0	155.0	130.0	25.0	97.0	0.0				
deep-amp-cnn-gramneg	deep-amp	regressor	length_31_50	battleamp	12593.0	145	39.4	0.5062234441855534	0.8328767123287671	0.9559748427672956	0.12962962962962962	0.7378640776699029	0.8703703703703703	0.8382775979863359	0.9448207471267634	0.97	0.66984613637654	0.5267600136605357	100.0	260.0	206.0	54.0	159.0	0.0				
deep-amp-cnn-gramneg	deep-amp	regressor	length_31_50	minustrain	12593.0	145	39.4	0.5125803428707866	0.8356807511737089	0.967391304347826	0.10344827586206896	0.7355371900826446	0.896551724137931	0.8498147620404674	0.9644233866166196	0.96	0.7850639708418953	0.7092902529174799	100.0	150.0	121.0	29.0	92.0	0.0				
deep-amp-cnn-grampos	deep-amp	regressor	length_31_50	battleamp	12593.0	145	39.4	0.5431236301174653	0.8979591836734694	0.9565217391304348	0.2	0.8461538461538461	0.8	0.8415384615384615	0.966120520430089	0.99	0.7279352226720648	0.5960572091225358	100.0	310.0	260.0	50.0	230.0	0.0				
deep-amp-cnn-grampos	deep-amp	regressor	length_31_50	minustrain	12593.0	145	39.4	0.4787043575704958	0.862876254180602	0.9626865671641791	0.16666666666666666	0.7818181818181819	0.8333333333333334	0.8484848484848485	0.9718332580648401	0.98	0.7873471557682084	0.7898583828232069	100.0	195.0	165.0	30.0	134.0	0.0				
example-model	example-model	classifier	homology_40	battleamp		0	0.0	-0.14334624910000826	0.4913294797687861	0.5821917808219178	0.5754716981132075	0.425	0.42452830188679247	0.4242452830188679	0.6024567453055474	0.59	0.4926017874875869	0.49748743718592964	100.0	306.0	200.0	106.0	146.0	0.0				
example-model	example-model	classifier	homology_40	minustrain		0	0.0	-0.14334624910000826	0.4913294797687861	0.5821917808219178	0.5754716981132075	0.425	0.42452830188679247	0.4242452830188679	0.6024567453055474	0.59	0.4926017874875869	0.49748743718592964	100.0	306.0	200.0	106.0	146.0	0.0				
ampeppy	ampeppy	classifier	homology_40	battleamp	6536.0	47	15.36	0.1911518760271293	0.7723214285714286	0.6975806451612904	0.7075471698113207	0.865	0.29245283018867924	0.7008490566037737	0.8387436230864594	0.85	0.6368421052631579	0.6189437754811795	100.0	306.0	200.0	106.0	248.0	0.0				
ampeppy	ampeppy	classifier	homology_40	minustrain	6536.0	47	15.36	0.15068108210590703	0.7257617728531855	0.6359223300970874	0.7211538461538461	0.8451612903225807	0.27884615384615385	0.6310794044665011	0.7322687953595295	0.72	0.5532845762047799	0.5432497474967891	100.0	259.0	155.0	104.0	206.0	0.0				
amplify	amplify	classifier	homology_40	battleamp	6676.0	61	19.93	0.3271589770803017	0.8027210884353742	0.7344398340248963	0.6037735849056604	0.885	0.39622641509433965	0.7411792452830187	0.843219083177877	0.88	0.6010923535253228	0.5558452640561297	100.0	306.0	200.0	106.0	241.0	0.0				
amplify	amplify	classifier	homology_40	minustrain	6676.0	61	19.93	0.2855560811613589	0.7469135802469136	0.6722222222222223	0.5841584158415841	0.8402777777777778	0.4158415841584158	0.6983635863586359	0.7641847748925952	0.74	0.5645518499218343	0.5359429158996302	100.0	245.0	144.0	101.0	180.0	0.0				
ampscanner	ampscanner	classifier	homology_40	battleamp	2132.0	31	10.13	0.3951182567143372	0.8200455580865603	0.7531380753138075	0.5566037735849056	0.9	0.44339622641509435	0.763561320754717	0.8284826681469831	0.86	0.5574019364448858	0.5054773869346734	100.0	306.0	200.0	106.0	239.0	0.0				
ampscanner	ampscanner	classifier	homology_40	minustrain	2132.0	31	10.13	0.37717252968163567	0.7936507936507936	0.7177033492822966	0.5566037735849056	0.8875739644970414	0.44339622641509435	0.7512001786312381	0.7946277471755749	0.84	0.5513035967164758	0.504894293954982	100.0	275.0	169.0	106.0	209.0	0.0				
ampredmfa	ampredmfa	classifier	homology_40	battleamp	11320.0	71	23.2	0.036666884460127905	0.7727272727272727	0.6584507042253521	0.9150943396226415	0.935	0.08490566037735849	0.5396462264150943	0.6994635137348764	0.67	0.5250471698113207	0.519070351758794	100.0	306.0	200.0	106.0	284.0	0.0				
ampredmfa	ampredmfa	classifier	homology_40	minustrain	11320.0	71	23.2	0.033839217059219384	0.7338935574229691	0.6093023255813953	0.9032258064516129	0.9225352112676056	0.0967741935483871	0.5478948962592761	0.6613524725053002	0.63	0.5305164319248826	0.5182249274541723	100.0	235.0	142.0	93.0	215.0	0.0				
hydramp-amp-classifier	hydramp-amp-classifier	classifier	homology_40	battleamp	11131.0	22	7.19	0.2844827982448814	0.7346938775510204	0.6923076923076923	0.5106382978723404	0.782608695652174	0.48936170212765956	0.705827937095282	0.7674887265071896	0.63	0.5598617264715906	0.5339013910130362	100.0	116.0	69.0	47.0	78.0	0.0				
hydramp-amp-classifier	hydramp-amp-classifier	classifier	homology_40	minustrain	11131.0	22	7.19	0.29182266301984167	0.6972477064220184	0.6440677966101694	0.4772727272727273	0.76	0.5227272727272727	0.7086363636363636	0.7262090501999452	0.5319148936170213	0.5741626794258373	0.5175879396984925	100.0	94.0	50.0	44.0	59.0	0.0				
hydramp-mic-classifier	hydramp-mic-classifier	classifier	homology_40	battleamp	3444.0	37	12.09	0.4925008235606911	0.7288135593220338	0.8775510204081632	0.1276595744680851	0.6231884057971014	0.8723404255319149	0.8048103607770583	0.8902476222169237	0.64	0.7627278186214843	0.7451023232102543	100.0	116.0	69.0	47.0	49.0	0.0				
hydramp-mic-classifier	hydramp-mic-classifier	classifier	homology_40	minustrain	3444.0	37	12.09	0.3255571544522513	0.6133333333333333	0.7931034482758621	0.18181818181818182	0.5	0.8181818181818182	0.7042160737812913	0.8150389142853166	0.5822784810126582	0.6619513209902226	0.6613502294079091	100.0	79.0	46.0	33.0	29.0	0.0				
apex-min	apex	regressor	homology_40	battleamp	1388.0	2	0.65	0.2635283833195675	0.30434782608695654	0.9545454545454546	0.012345679012345678	0.1810344827586207	0.9876543209876543	0.7307364836100467	0.8087276875997845	0.76	0.6195469516703637	0.5321434760006931	100.0	197.0	116.0	81.0	22.0	0.0				
apex-min	apex	regressor	homology_40	minustrain	1388.0	2	0.65	0.26769952443692047	0.3088235294117647	0.9545454545454546	0.012345679012345678	0.18421052631578946	0.9876543209876543	0.7376001732726879	0.8107572886379978	0.76	0.6221059471290311	0.5327514766816539	100.0	195.0	114.0	81.0	22.0	0.0				
apex-ecoli	apex	regressor	homology_40	battleamp	1388.0	2	0.65	0.050035193372362737	0.012903225806451613	1.0	0.0	0.006493506493506494	1.0	0.6571293290043291	0.7434780993880781	0.75	0.552574618364092	0.5072766429550349	100.0	250.0	154.0	96.0	1.0	0.0				
apex-ecoli	apex	regressor	homology_40	minustrain	1388.0	2	0.65	0.050566785412132775	0.013071895424836602	1.0	0.0	0.006578947368421052	1.0	0.6624177631578947	0.7442566609804766	0.75	0.5536126500461681	0.5074054482941021	100.0	248.0	152.0	96.0	1.0	0.0				
apex-saureus	apex	regressor	homology_40	battleamp	1388.0	2	0.65	0.0	0.0	0.0	0.0	0.0	1.0	0.6026203208556149	0.739072182278089	0.73	0.5412327610470026	0.5001746701421547	100.0	287.0	187.0	100.0	0.0	0.0				
apex-saureus	apex	regressor	homology_40	minustrain	1388.0	2	0.65	0.0	0.0	0.0	0.0	0.0	1.0	0.6067027027027028	0.7393977912381922	0.73	0.5419630156472262	0.500203721309249	100.0	285.0	185.0	100.0	0.0	0.0				
apex-kpneumoniae	apex	regressor	homology_40	battleamp	1388.0	2	0.65	0.0	0.0	0.0	0.0	0.0	1.0	0.583031914893617	0.7295986855785259	0.71	0.5251959686450168	0.5188709504971667	100.0	288.0	188.0	100.0	0.0	0.0				
apex-kpneumoniae	apex	regressor	homology_40	minustrain	1388.0	2	0.65	0.0	0.0	0.0	0.0	0.0	1.0	0.586774193548387	0.7297769193311141	0.71	0.5257498585172609	0.5191008807478251	100.0	286.0	186.0	100.0	0.0	0.0				
apex-abaumannii	apex	regressor	homology_40	battleamp	1388.0	2	0.65	0.13932155628620457	0.08823529411764706	1.0	0.0	0.046153846153846156	1.0	0.6905982905982905	0.7588455793993532	0.74	0.5483580746738641	0.5438732122149208	100.0	220.0	130.0	90.0	6.0	0.0				
apex-abaumannii	apex	regressor	homology_40	minustrain	1388.0	2	0.65	0.14106652384936474	0.08955223880597014	1.0	0.0	0.046875	1.0	0.6959201388888889	0.7598168557827168	0.74	0.5495248538011696	0.5445979899497487	100.0	218.0	128.0	90.0	6.0	0.0				
apex-paeruginosa	apex	regressor	homology_40	battleamp	1388.0	2	0.65	0.0	0.0	0.0	0.0	0.0	1.0	0.6870414201183432	0.782819287904396	0.74	0.5833073808782311	0.5093812256549017	100.0	269.0	169.0	100.0	0.0	0.0				
apex-paeruginosa	apex	regressor	homology_40	minustrain	1388.0	2	0.65	0.0	0.0	0.0	0.0	0.0	1.0	0.6925149700598803	0.7839466542837226	0.74	0.584620233217775	0.5095236662353685	100.0	267.0	167.0	100.0	0.0	0.0				
mbc-attention	mbc-attention	regressor	homology_40	battleamp	3929.0	158	51.63	0.6833566079008696	0.89419795221843	0.891156462585034	0.21621621621621623	0.8972602739726028	0.7837837837837838	0.8980007404664939	0.9446705312194326	0.93	0.7388881311015414	0.624836511323742	100.0	220.0	146.0	74.0	147.0	0.0				
mbc-attention	mbc-attention	regressor	homology_40	minustrain	3929.0	158	51.63	0.40486211360523255	0.8368794326241135	0.8194444444444444	0.4642857142857143	0.855072463768116	0.5357142857142857	0.7795031055900622	0.9018783019598473	0.711340206185567	0.6611092949765719	0.6358604617289345	100.0	97.0	69.0	28.0	72.0	0.0				
sensexamp-classifier	sensexamp	classifier	homology_40	battleamp	20587.0	95	31.05	0.16212463390259352	0.7283950617283951	0.6344086021505376	0.723404255319149	0.855072463768116	0.2765957446808511	0.7086031452358927	0.759837618556199	0.63	0.5411980459938004	0.5120530187167722	100.0	116.0	69.0	47.0	93.0	0.0				
sensexamp-classifier	sensexamp	classifier	homology_40	minustrain	20587.0	95	31.05	0.1948030826688703	0.7524752475247525	0.6909090909090909	0.6538461538461539	0.8260869565217391	0.34615384615384615	0.7182274247491638	0.8283046820049036	0.6388888888888888	0.6013025875726105	0.5958051125191173	100.0	72.0	46.0	26.0	55.0	0.0				
sensexamp-ecoli	sensexamp	regressor	homology_40	battleamp	20587.0	95	31.05	0.4328915945355969	0.5681818181818182	0.9615384615384616	0.023255813953488372	0.4032258064516129	0.9767441860465116	0.705926481620405	0.7975349365152844	0.59	0.6442531685552968	0.5136975198573512	100.0	105.0	62.0	43.0	26.0	0.0				
sensexamp-ecoli	sensexamp	regressor	homology_40	minustrain	20587.0	95	31.05	0.3094535393286015	0.4642857142857143	0.9285714285714286	0.043478260869565216	0.30952380952380953	0.9565217391304348	0.684265010351967	0.792760181715892	0.6461538461538462	0.5761141985398278	0.5094520220148361	100.0	65.0	42.0	23.0	14.0	0.0				
sensexamp-saureus	sensexamp	regressor	homology_40	battleamp	20587.0	95	31.05	0.321898153229607	0.358974358974359	1.0	0.0	0.21875	1.0	0.659375	0.7938432622083763	0.57	0.6527777777777778	0.6309673366834171	100.0	109.0	64.0	45.0	14.0	0.0				
sensexamp-saureus	sensexamp	regressor	homology_40	minustrain	20587.0	95	31.05	0.2862991671569341	0.3333333333333333	1.0	0.0	0.2	1.0	0.6444444444444445	0.821410005398291	0.6428571428571429	0.672514619883041	0.6873255164712451	100.0	70.0	45.0	25.0	9.0	0.0				
ampredictor	ampredictor	regressor	homology_40	battleamp	2952.0	58	18.95	0.4187798208227631	0.8471337579617835	0.8012048192771084	0.5238095238095238	0.8986486486486487	0.47619047619047616	0.73991848991849	0.8449395295480955	0.86	0.5435661225134909	0.5314409887274208	100.0	211.0	148.0	63.0	166.0	0.0				
ampredictor	ampredictor	regressor	homology_40	minustrain	2952.0	58	18.95	0.2350703960656001	0.816	0.7611940298507462	0.6808510638297872	0.8793103448275862	0.3191489361702128	0.6658107116654438	0.8166035096321707	0.81	0.532957485423022	0.5321434760006931	100.0	163.0	116.0	47.0	134.0	0.0				
deep-amp-lstm-gramneg	deep-amp	regressor	homology_40	battleamp	12593.0	103	33.66	0.41626319521521593	0.6693877551020408	0.8913043478260869	0.11494252873563218	0.5359477124183006	0.8850574712643678	0.7638043723236421	0.8518659689209518	0.85	0.6191515525347062	0.5369001872105627	100.0	240.0	153.0	87.0	92.0	0.0				
deep-amp-lstm-gramneg	deep-amp	regressor	homology_40	minustrain	12593.0	103	33.66	0.3317527393029007	0.5734265734265734	0.8541666666666666	0.11666666666666667	0.43157894736842106	0.8833333333333333	0.7368421052631579	0.8080215630571244	0.74	0.5789473684210527	0.5239354668077228	100.0	155.0	95.0	60.0	48.0	0.0				
deep-amp-lstm-grampos	deep-amp	regressor	homology_40	battleamp	12593.0	103	33.66	0.43462859227352907	0.7102803738317757	0.8351648351648352	0.17857142857142858	0.6178861788617886	0.8214285714285714	0.7726480836236934	0.8453857566073535	0.79	0.6622654196466777	0.5587694570413041	100.0	207.0	123.0	84.0	91.0	0.0				
deep-amp-lstm-grampos	deep-amp	regressor	homology_40	minustrain	12593.0	103	33.66	0.30637041985465335	0.6178861788617886	0.7169811320754716	0.24193548387096775	0.5428571428571428	0.7580645161290323	0.7361751152073733	0.7572547721587084	0.62	0.597623089983022	0.533381191672649	100.0	132.0	70.0	62.0	53.0	0.0				
deep-amp-cnn-gramneg	deep-amp	regressor	homology_40	battleamp	12593.0	103	33.66	0.5382802504095074	0.7883817427385892	0.9047619047619048	0.13513513513513514	0.6985294117647058	0.8648648648648649	0.8100158982511924	0.8738785445568344	0.9	0.6417663793824785	0.5159621637599764	100.0	210.0	136.0	74.0	105.0	0.0				
deep-amp-cnn-gramneg	deep-amp	regressor	homology_40	minustrain	12593.0	103	33.66	0.4922160591931071	0.7313432835820896	0.875	0.1320754716981132	0.6282051282051282	0.8679245283018868	0.7733430091920658	0.836781281368816	0.67	0.642757110483029	0.5168148434480093	100.0	131.0	78.0	53.0	56.0	0.0				
deep-amp-cnn-grampos	deep-amp	regressor	homology_40	battleamp	12593.0	103	33.66	0.49889948345499535	0.8300653594771242	0.8523489932885906	0.2972972972972973	0.8089171974522293	0.7027027027027027	0.7657944568772594	0.8565145852634275	0.87	0.5729856574643701	0.5230931728707231	100.0	231.0	157.0	74.0	149.0	0.0				
deep-amp-cnn-grampos	deep-amp	regressor	homology_40	minustrain	12593.0	103	33.66	0.4426213029186921	0.7666666666666667	0.8023255813953488	0.2833333333333333	0.7340425531914894	0.7166666666666667	0.7439716312056738	0.8018454799990673	0.75	0.5632698768197089	0.5242168288249759	100.0	154.0	94.0	60.0	86.0	0.0				
example-model	example-model	classifier	homology_60	battleamp		0	0.0	-0.02331723642417297	0.577922077922078	0.7235772357723578	0.5074626865671642	0.4810810810810811	0.4925373134328358	0.4876739612747075	0.7362182125021435	0.76	0.5042467251226088	0.5002724392434135	100.0	1008.0	740.0	268.0	492.0	0.0				
example-model	example-model	classifier	homology_60	minustrain		0	0.0	-0.02331723642417297	0.577922077922078	0.7235772357723578	0.5074626865671642	0.4810810810810811	0.4925373134328358	0.4876739612747075	0.7362182125021435	0.76	0.5042467251226088	0.5002724392434135	100.0	1008.0	740.0	268.0	492.0	0.0				
ampeppy	ampeppy	classifier	homology_60	battleamp	6536.0	133	13.19	0.24334832565026204	0.8439803439803439	0.7736486486486487	0.75	0.9283783783783783	0.25	0.7205854175070593	0.8765229983604098	0.97	0.6151302520116346	0.5304179226102275	100.0	1008.0	740.0	268.0	888.0	0.0				
ampeppy	ampeppy	classifier	homology_60	minustrain	6536.0	133	13.19	0.23123756830370382	0.8226744186046512	0.7437582128777924	0.75	0.9203252032520325	0.25	0.6848311444652907	0.8369562800397552	0.92	0.5762153977815082	0.54274185184836	100.0	875.0	615.0	260.0	761.0	0.0				
amplify	amplify	classifier	homology_60	battleamp	6676.0	175	17.36	0.3360956635391883	0.8594327990135635	0.7902494331065759	0.6902985074626866	0.9418918918918919	0.30970149253731344	0.7697080475998386	0.8926805097240886	0.95	0.6038380289165836	0.519759953458296	100.0	1008.0	740.0	268.0	882.0	0.0				
amplify	amplify	classifier	homology_60	minustrain	6676.0	175	17.36	0.3273688116704174	0.8354037267080745	0.7609618104667609	0.6706349206349206	0.9259896729776248	0.32936507936507936	0.7568641914597165	0.8681104603330116	0.93	0.5961073078565605	0.5201261065868095	100.0	833.0	581.0	252.0	707.0	0.0				
ampscanner	ampscanner	classifier	homology_60	battleamp	2132.0	83	8.23	0.3845326225297271	0.8663766314481044	0.8020713463751439	0.6417910447761194	0.9418918918918919	0.3582089552238806	0.7793238200887456	0.8841144645935597	0.95	0.5726561007197299	0.506950971071574	100.0	1008.0	740.0	268.0	869.0	0.0				
ampscanner	ampscanner	classifier	homology_60	minustrain	2132.0	83	8.23	0.3775379357300858	0.8533886583679114	0.783989834815756	0.6390977443609023	0.936267071320182	0.3609022556390977	0.7738599153422251	0.8702091361219458	0.94	0.5704511658508943	0.5067367184938348	100.0	925.0	659.0	266.0	787.0	0.0				
ampredmfa	ampredmfa	classifier	homology_60	battleamp	11320.0	234	23.21	0.05330505584870574	0.8422273781902552	0.7378048780487805	0.9626865671641791	0.981081081081081	0.03731343283582089	0.5755193626462283	0.7878174429739104	0.85	0.5323186344238976	0.503705464258228	100.0	1008.0	740.0	268.0	984.0	0.0				
ampredmfa	ampredmfa	classifier	homology_60	minustrain	11320.0	234	23.21	0.05288607234737785	0.8108949416342413	0.6928191489361702	0.9585062240663901	0.9774859287054409	0.04149377593360996	0.5814928417397803	0.7491899918462364	0.8	0.5275297112080531	0.5026944447063334	100.0	774.0	533.0	241.0	752.0	0.0				
hydramp-amp-classifier	hydramp-amp-classifier	classifier	homology_60	battleamp	11131.0	149	14.78	0.40298900846453295	0.8602941176470589	0.8068965517241379	0.5803108808290155	0.9212598425196851	0.41968911917098445	0.7850454897800987	0.8889989799084681	0.9	0.5834523275264167	0.5257191725425708	100.0	701.0	508.0	193.0	580.0	0.0				
hydramp-amp-classifier	hydramp-amp-classifier	classifier	homology_60	minustrain	11131.0	149	14.78	0.40695178727624126	0.8327137546468402	0.7706422018348624	0.5524861878453039	0.9056603773584906	0.44751381215469616	0.7887671069678784	0.8673375684960447	0.9	0.5896130402102411	0.5257999502957745	100.0	552.0	371.0	181.0	436.0	0.0				
hydramp-mic-classifier	hydramp-mic-classifier	classifier	homology_60	battleamp	3444.0	245	24.31	0.5189585079696369	0.8275862068965517	0.9142857142857143	0.18652849740932642	0.7559055118110236	0.8134715025906736	0.8558657337521929	0.9337850747340601	0.97	0.6733582559065855	0.5670285661918995	100.0	701.0	508.0	193.0	420.0	0.0				
hydramp-mic-classifier	hydramp-mic-classifier	classifier	homology_60	minustrain	3444.0	245	24.31	0.41452853707783377	0.7913188647746243	0.8681318681318682	0.27692307692307694	0.7269938650306749	0.7230769230769231	0.7887328928739972	0.8946858515274428	0.93	0.6082437097935968	0.5504895881009578	100.0	456.0	326.0	130.0	273.0	0.0				
apex-min	apex	regressor	homology_60	battleamp	1388.0	5	0.5	0.42055948144499383	0.7150684931506849	0.9190140845070423	0.125	0.5852017937219731	0.875	0.7543502632092025	0.8785624635254579	0.93	0.6173333264922884	0.5180131501727785	100.0	630.0	446.0	184.0	284.0	0.0				
apex-min	apex	regressor	homology_60	minustrain	1388.0	5	0.5	0.4214885375065567	0.7146814404432132	0.9181494661921709	0.125	0.5850340136054422	0.875	0.7554840776890466	0.8776560143159398	0.93	0.616484274869368	0.5182458680070965	100.0	625.0	441.0	184.0	281.0	0.0				
apex-ecoli	apex	regressor	homology_60	battleamp	1388.0	5	0.5	0.18284786266484668	0.19480519480519481	0.9574468085106383	0.00881057268722467	0.10843373493975904	0.9911894273127754	0.6341701608194894	0.7819835937418103	0.88	0.5760030616321069	0.5413082609587399	100.0	642.0	415.0	227.0	47.0	0.0				
apex-ecoli	apex	regressor	homology_60	minustrain	1388.0	5	0.5	0.17915193123776843	0.18859649122807018	0.9555555555555556	0.00881057268722467	0.10462287104622871	0.9911894273127754	0.6348864379347674	0.7799431953467044	0.87	0.5745505440181695	0.5403666563737151	100.0	638.0	411.0	227.0	45.0	0.0				
apex-saureus	apex	regressor	homology_60	battleamp	1388.0	5	0.5	0.03461728855798309	0.033112582781456956	0.8333333333333334	0.007936507936507936	0.016891891891891893	0.9920634920634921	0.6111580330330331	0.7963915825580214	0.9	0.5589692135744767	0.505409932545611	100.0	844.0	592.0	252.0	12.0	0.0				
apex-saureus	apex	regressor	homology_60	minustrain	1388.0	5	0.5	0.03502712916618225	0.03333333333333333	0.8333333333333334	0.007936507936507936	0.017006802721088437	0.9920634920634921	0.612825288845697	0.7963052771930857	0.9	0.5595493836632397	0.5054638270718673	100.0	840.0	588.0	252.0	12.0	0.0				
apex-kpneumoniae	apex	regressor	homology_60	battleamp	1388.0	5	0.5	0.021690115021730568	0.0032520325203252032	1.0	0.0	0.0016286644951140066	1.0	0.5946783878183745	0.8028180054509648	0.9	0.5707190152690309	0.5198478427484018	100.0	863.0	614.0	249.0	1.0	0.0				
apex-kpneumoniae	apex	regressor	homology_60	minustrain	1388.0	5	0.5	0.021811780175911344	0.0032733224222585926	1.0	0.0	0.001639344262295082	1.0	0.5955889130291658	0.802306391792569	0.9	0.5711508674906702	0.5199944683586475	100.0	859.0	610.0	249.0	1.0	0.0				
apex-abaumannii	apex	regressor	homology_60	battleamp	1388.0	5	0.5	0.3027687536898163	0.45454545454545453	0.9328358208955224	0.04090909090909091	0.3004807692307692	0.9590909090909091	0.6973229895104895	0.8243320412582644	0.93	0.6222856091277144	0.5148381768984784	100.0	636.0	416.0	220.0	134.0	0.0				
apex-abaumannii	apex	regressor	homology_60	minustrain	1388.0	5	0.5	0.30069708706626	0.45018450184501846	0.9312977099236641	0.04090909090909091	0.29683698296836986	0.9590909090909091	0.6977438619774387	0.8222450256569991	0.93	0.6207755619972293	0.5142712011728627	100.0	631.0	411.0	220.0	131.0	0.0				
apex-paeruginosa	apex	regressor	homology_60	battleamp	1388.0	5	0.5	0.06785312521281654	0.0275049115913556	1.0	0.0	0.013944223107569721	1.0	0.6494677029586572	0.7999146106208412	0.87	0.5756490861403394	0.5127981360660004	100.0	746.0	502.0	244.0	7.0	0.0				
apex-paeruginosa	apex	regressor	homology_60	minustrain	1388.0	5	0.5	0.06819534851398573	0.02766798418972332	1.0	0.0	0.014028056112224449	1.0	0.6515736390814415	0.800131631332234	0.87	0.5762621014245921	0.5128901843558605	100.0	743.0	499.0	244.0	7.0	0.0				
mbc-attention	mbc-attention	regressor	homology_60	battleamp	3929.0	415	41.17	0.6761555314004973	0.9149797570850202	0.9281314168377823	0.20833333333333334	0.9021956087824351	0.7916666666666666	0.896516490827868	0.9601004894468921	0.99	0.734128234758553	0.6099927448286008	100.0	669.0	501.0	168.0	487.0	0.0				
mbc-attention	mbc-attention	regressor	homology_60	minustrain	3929.0	415	41.17	0.3987086826443785	0.8941176470588236	0.9016949152542373	0.47540983606557374	0.8866666666666667	0.5245901639344263	0.7953551912568306	0.9494808885274524	0.97	0.6595628415300546	0.6063651591289783	100.0	361.0	300.0	61.0	295.0	0.0				
sensexamp-classifier	sensexamp	classifier	homology_60	battleamp	20587.0	393	38.99	0.3129928909024591	0.857389801210026	0.7642526964560863	0.7927461139896373	0.9763779527559056	0.20725388601036268	0.8291991350822081	0.9284352493763464	0.98	0.6961997728195075	0.5837372985444541	100.0	701.0	508.0	193.0	649.0	0.0				
sensexamp-classifier	sensexamp	classifier	homology_60	minustrain	20587.0	393	38.99	0.33111685458039697	0.8662613981762918	0.7851239669421488	0.75	0.9661016949152542	0.25	0.8156779661016949	0.9282461002541472	0.98	0.6926507925615866	0.6014623312127784	100.0	399.0	295.0	104.0	363.0	0.0				
sensexamp-ecoli	sensexamp	regressor	homology_60	battleamp	20587.0	393	38.99	0.5533638514081899	0.8322496749024707	0.9221902017291066	0.1569767441860465	0.7582938388625592	0.8430232558139535	0.8458062382894302	0.9273094992058118	0.97	0.6800222754616068	0.5458389711148047	100.0	594.0	422.0	172.0	347.0	0.0				
sensexamp-ecoli	sensexamp	regressor	homology_60	minustrain	20587.0	393	38.99	0.45882141259352166	0.7899543378995434	0.9105263157894737	0.18478260869565216	0.6975806451612904	0.8152173913043478	0.809125175315568	0.9152249698621423	0.94	0.6391267439285451	0.5461176852001945	100.0	340.0	248.0	92.0	190.0	0.0				
sensexamp-saureus	sensexamp	regressor	homology_60	battleamp	20587.0	393	38.99	0.49005603641756224	0.7369942196531792	0.9550561797752809	0.0670391061452514	0.6	0.9329608938547486	0.802615839631942	0.9162841385671598	0.97	0.7210854938858813	0.5675650681934153	100.0	604.0	425.0	179.0	267.0	0.0				
sensexamp-saureus	sensexamp	regressor	homology_60	minustrain	20587.0	393	38.99	0.42844823200014776	0.6768447837150128	0.9637681159420289	0.052083333333333336	0.5215686274509804	0.9479166666666666	0.7604166666666667	0.9033232288762023	0.96	0.6777175782593738	0.5526652872204159	100.0	351.0	255.0	96.0	138.0	0.0				
ampredictor	ampredictor	regressor	homology_60	battleamp	2952.0	236	23.41	0.46076281349904336	0.9018567639257294	0.8673469387755102	0.5416666666666666	0.9392265193370166	0.4583333333333333	0.7489257213014119	0.8983722354731422	0.94	0.551724230773373	0.5151992826831107	100.0	687.0	543.0	144.0	588.0	0.0				
ampredictor	ampredictor	regressor	homology_60	minustrain	2952.0	236	23.41	0.2880844231996229	0.8792497069167644	0.8296460176991151	0.7129629629629629	0.9351620947630923	0.28703703703703703	0.6662279486469014	0.8670898530785109	0.88	0.5359068216398575	0.5129893487015756	100.0	509.0	401.0	108.0	452.0	0.0				
deep-amp-lstm-gramneg	deep-amp	regressor	homology_60	battleamp	12593.0	379	37.6	0.4286060619293277	0.811214953271028	0.8732394366197183	0.2930232558139535	0.7574171029668412	0.7069767441860465	0.7771013433986769	0.8877944797116565	0.91	0.5893972115238785	0.5167199282258934	100.0	788.0	573.0	215.0	497.0	0.0				
deep-amp-lstm-gramneg	deep-amp	regressor	homology_60	minustrain	12593.0	379	37.6	0.3517389090670311	0.7655502392344498	0.8333333333333334	0.3310344827586207	0.7079646017699115	0.6689655172413793	0.7306479503611025	0.8403430314650641	0.88	0.5513119080888061	0.5062792346433622	100.0	484.0	339.0	145.0	288.0	0.0				
deep-amp-lstm-grampos	deep-amp	regressor	homology_60	battleamp	12593.0	379	37.6	0.4545651110842913	0.8101761252446184	0.8734177215189873	0.26785714285714285	0.7554744525547445	0.7321428571428571	0.7806878910323253	0.8875559938679836	0.93	0.6080158196586356	0.5235235090991978	100.0	772.0	548.0	224.0	474.0	0.0				
deep-amp-lstm-grampos	deep-amp	regressor	homology_60	minustrain	12593.0	379	37.6	0.3755053848159513	0.7766990291262136	0.8191126279863481	0.3464052287581699	0.7384615384615385	0.6535947712418301	0.7459426847662141	0.8421980927277555	0.9	0.571855732846445	0.5115850746947407	100.0	478.0	325.0	153.0	293.0	0.0				
deep-amp-cnn-gramneg	deep-amp	regressor	homology_60	battleamp	12593.0	379	37.6	0.5437035990407065	0.8917748917748918	0.8956521739130435	0.3389830508474576	0.8879310344827587	0.6610169491525424	0.8299435028248587	0.93250729088865	0.96	0.623852881766075	0.5667652503703008	100.0	757.0	580.0	177.0	575.0	0.0				
deep-amp-cnn-gramneg	deep-amp	regressor	homology_60	minustrain	12593.0	379	37.6	0.5033747851183449	0.8691860465116279	0.8666666666666667	0.3709677419354839	0.8717201166180758	0.6290322580645161	0.8077212451800997	0.9131100434004403	0.92	0.6141109851653491	0.5659195063061002	100.0	467.0	343.0	124.0	345.0	0.0				
deep-amp-cnn-grampos	deep-amp	regressor	homology_60	battleamp	12593.0	379	37.6	0.39677337595877615	0.8770864946889226	0.8376811594202899	0.5773195876288659	0.9203821656050956	0.422680412371134	0.7172417755597873	0.8737143197505759	0.91	0.5492585130170623	0.520106936943566	100.0	822.0	628.0	194.0	690.0	0.0				
deep-amp-cnn-grampos	deep-amp	regressor	homology_60	minustrain	12593.0	379	37.6	0.35379713649647226	0.8419721871049305	0.8004807692307693	0.5724137931034483	0.888	0.42758620689655175	0.7003034482758621	0.8381385092716729	0.85	0.5456987295825771	0.513614047247733	100.0	520.0	375.0	145.0	416.0	0.0				
example-model	example-model	classifier	homology_80	battleamp		0	0.0	-0.042791694683842495	0.5771561771561772	0.7377830750893921	0.5238095238095238	0.47396630934150075	0.47619047619047616	0.4686665937431634	0.7442819806144161	0.72	0.4985741536076025	0.5005674474611811	100.0	1726.0	1306.0	420.0	839.0	0.0				
example-model	example-model	classifier	homology_80	minustrain		0	0.0	-0.042791694683842495	0.5771561771561772	0.7377830750893921	0.5238095238095238	0.47396630934150075	0.47619047619047616	0.4686665937431634	0.7442819806144161	0.72	0.4985741536076025	0.5005674474611811	100.0	1726.0	1306.0	420.0	839.0	0.0				
ampeppy	ampeppy	classifier	homology_80	battleamp	6536.0	213	12.34	0.26199125443165594	0.8646956521739131	0.7922243467176545	0.7761904761904762	0.9517611026033691	0.22380952380952382	0.6866440603806606	0.8636203580577854	0.97	0.5648769703738673	0.518155203934791	100.0	1726.0	1306.0	420.0	1569.0	0.0				
ampeppy	ampeppy	classifier	homology_80	minustrain	6536.0	213	12.34	0.2582909312698227	0.8503236245954693	0.7716593245227606	0.771712158808933	0.9468468468468468	0.228287841191067	0.6623376478215188	0.8297277966720367	0.89	0.5413947315475329	0.5145198192693735	100.0	1513.0	1110.0	403.0	1362.0	0.0				
amplify	amplify	classifier	homology_80	battleamp	6676.0	268	15.53	0.3025293975937788	0.8718836565096952	0.7958280657395702	0.7690476190476191	0.9640122511485452	0.23095238095238096	0.7338556479253263	0.8671404767682218	0.9	0.538394224458543	0.5009705422027368	100.0	1726.0	1306.0	420.0	1582.0	0.0				
amplify	amplify	classifier	homology_80	minustrain	6676.0	268	15.53	0.30220798907010116	0.8563025210084033	0.7754946727549468	0.7525510204081632	0.9559099437148217	0.24744897959183673	0.7372544702684076	0.856012008132854	0.88	0.5503634454670582	0.5005018006523794	100.0	1458.0	1066.0	392.0	1314.0	0.0				
ampscanner	ampscanner	classifier	homology_80	battleamp	2132.0	134	7.76	0.33250706564137195	0.8743893928820656	0.8032051282051282	0.7309523809523809	0.9594180704441041	0.26904761904761904	0.727440202727339	0.8650350844716338	0.8	0.5398255327327626	0.5038024377986055	100.0	1726.0	1306.0	420.0	1560.0	0.0				
ampscanner	ampscanner	classifier	homology_80	minustrain	2132.0	134	7.76	0.3285495021774607	0.8640552995391705	0.7883672039243167	0.727710843373494	0.9558198810535259	0.27228915662650605	0.723635749454914	0.8518588660832265	0.82	0.5376359990231117	0.5035933868414026	100.0	1592.0	1177.0	415.0	1427.0	0.0				
ampredmfa	ampredmfa	classifier	homology_80	battleamp	11320.0	397	23.0	0.05556286517358293	0.8593282341203857	0.7595532039976485	0.9738095238095238	0.9892802450229708	0.02619047619047619	0.5791338510902063	0.8062201580117103	0.92	0.5281962350149664	0.5028649611260612	100.0	1726.0	1306.0	420.0	1701.0	0.0				
ampredmfa	ampredmfa	classifier	homology_80	minustrain	11320.0	397	23.0	0.05675214634841476	0.8315602836879432	0.7182235834609495	0.9709762532981531	0.9873684210526316	0.029023746701846966	0.5832356617136509	0.7689002328980412	0.89	0.5221472971782544	0.5021536904121333	100.0	1329.0	950.0	379.0	1306.0	0.0				
hydramp-amp-classifier	hydramp-amp-classifier	classifier	homology_80	battleamp	11131.0	255	14.77	0.37587469559172937	0.8741226017781937	0.8121739130434783	0.6585365853658537	0.9463019250253293	0.34146341463414637	0.7584049966639483	0.8851997079627243	0.96	0.5553088741573706	0.5183107819225616	100.0	1315.0	987.0	328.0	1150.0	0.0				
hydramp-amp-classifier	hydramp-amp-classifier	classifier	homology_80	minustrain	11131.0	255	14.77	0.38902112937841654	0.8571428571428571	0.79	0.627906976744186	0.9367588932806324	0.37209302325581395	0.7678730100368119	0.871966519534314	0.93	0.5594305646458273	0.5173673003926395	100.0	1060.0	759.0	301.0	900.0	0.0				
hydramp-mic-classifier	hydramp-mic-classifier	classifier	homology_80	battleamp	3444.0	448	25.96	0.5203274356612817	0.8517316017316018	0.9140534262485482	0.22560975609756098	0.7973657548125633	0.774390243902439	0.8516831615884548	0.9378937978284178	0.99	0.6587391545807956	0.561802389266122	100.0	1315.0	987.0	328.0	861.0	0.0				
hydramp-mic-classifier	hydramp-mic-classifier	classifier	homology_80	minustrain	3444.0	448	25.96	0.4030129745579786	0.8267526188557615	0.8754266211604096	0.3443396226415094	0.783206106870229	0.6556603773584906	0.7812076911997695	0.9071129340820772	0.95	0.5979327910731748	0.5423057965906155	100.0	867.0	655.0	212.0	586.0	0.0				
apex-min	apex	regressor	homology_80	battleamp	1388.0	11	0.64	0.42737517308631695	0.7777777777777778	0.9184	0.18214285714285713	0.6745005875440658	0.8178571428571428	0.7574450226624139	0.8956938975938782	0.93	0.5803477554049636	0.5114906410514888	100.0	1131.0	851.0	280.0	625.0	0.0				
apex-min	apex	regressor	homology_80	minustrain	1388.0	11	0.64	0.42690472770087806	0.7760989010989011	0.9172077922077922	0.18214285714285713	0.6726190476190477	0.8178571428571428	0.7568579931972789	0.8938838955267867	0.93	0.5789249910490513	0.5109048644583462	100.0	1120.0	840.0	280.0	616.0	0.0				
apex-ecoli	apex	regressor	homology_80	battleamp	1388.0	11	0.64	0.24649051459048762	0.3220338983050847	0.9637681159420289	0.014705882352941176	0.1933139534883721	0.9852941176470589	0.639765731874145	0.8096793572953834	0.97	0.5975682194542444	0.5465099093277606	100.0	1028.0	688.0	340.0	138.0	0.0				
apex-ecoli	apex	regressor	homology_80	minustrain	1388.0	11	0.64	0.24386247765014726	0.3165644171779141	0.9626865671641791	0.014705882352941176	0.1894273127753304	0.9852941176470589	0.6397080418070311	0.807574044170567	0.97	0.5959547742120266	0.5456682219076726	100.0	1021.0	681.0	340.0	134.0	0.0				
apex-saureus	apex	regressor	homology_80	battleamp	1388.0	11	0.64	0.0875944020864826	0.07262021589793916	0.9487179487179487	0.005235602094240838	0.03775510204081633	0.9947643979057592	0.6124532535527301	0.815147245371549	0.94	0.5576534829969464	0.5173350457813161	100.0	1362.0	980.0	382.0	39.0	0.0				
apex-saureus	apex	regressor	homology_80	minustrain	1388.0	11	0.64	0.08329512890185632	0.06752730883813307	0.9444444444444444	0.005235602094240838	0.035015447991761074	0.9947643979057592	0.6120774718134809	0.813150167820182	0.94	0.5566325619884902	0.5165083536640829	100.0	1353.0	971.0	382.0	36.0	0.0				
apex-kpneumoniae	apex	regressor	homology_80	battleamp	1388.0	11	0.64	0.03710532324571031	0.009940357852882704	1.0	0.0	0.004995004995004995	1.0	0.5789882940278719	0.8009416281475114	0.9	0.5496837560439838	0.5119212339880324	100.0	1380.0	1001.0	379.0	5.0	0.0				
apex-kpneumoniae	apex	regressor	homology_80	minustrain	1388.0	11	0.64	0.037330891913736876	0.01001001001001001	1.0	0.0	0.005030181086519115	1.0	0.5794051910407033	0.8000245600979092	0.9	0.5497872668590351	0.5120228804443852	100.0	1373.0	994.0	379.0	5.0	0.0				
apex-abaumannii	apex	regressor	homology_80	battleamp	1388.0	11	0.64	0.33097096417428823	0.5493230174081238	0.9281045751633987	0.06646525679758308	0.3901098901098901	0.9335347432024169	0.7006905481225723	0.844103518877802	0.93	0.6099613139285583	0.5121685917052478	100.0	1059.0	728.0	331.0	306.0	0.0				
apex-abaumannii	apex	regressor	homology_80	minustrain	1388.0	11	0.64	0.3292951014131764	0.5456329735034348	0.9266666666666666	0.06646525679758308	0.3866481223922114	0.9335347432024169	0.7001668144325999	0.84124159647213	0.93	0.6077616148114763	0.5109545517400819	100.0	1050.0	719.0	331.0	300.0	0.0				
apex-paeruginosa	apex	regressor	homology_80	battleamp	1388.0	11	0.64	0.08488304021728169	0.043795620437956206	1.0	0.0	0.022388059701492536	1.0	0.6223340402544916	0.7899739196501447	0.89	0.552928527954274	0.5163786601367447	100.0	1177.0	804.0	373.0	18.0	0.0				
apex-paeruginosa	apex	regressor	homology_80	minustrain	1388.0	11	0.64	0.08315648110019482	0.041820418204182044	1.0	0.0	0.02135678391959799	1.0	0.6229168631360557	0.7884676694800854	0.89	0.5528102626863682	0.5159372244844739	100.0	1169.0	796.0	373.0	17.0	0.0				
mbc-attention	mbc-attention	regressor	homology_80	battleamp	3929.0	639	37.02	0.6512069641319609	0.919891008174387	0.9224043715846995	0.26199261992619927	0.9173913043478261	0.7380073800738007	0.8765121129472164	0.9545999596454761	1.0	0.6800244032188606	0.6007673535332688	100.0	1191.0	920.0	271.0	915.0	0.0				
mbc-attention	mbc-attention	regressor	homology_80	minustrain	3929.0	639	37.02	0.35806439050221883	0.9053156146179402	0.8978583196046128	0.5688073394495413	0.9128978224455612	0.43119266055045874	0.7481290243265256	0.9371732027674762	0.98	0.5851541628955982	0.5706406882660656	100.0	706.0	597.0	109.0	607.0	0.0				
sensexamp-classifier	sensexamp	classifier	homology_80	battleamp	20587.0	607	35.17	0.25319897090772103	0.8669642857142857	0.7749401436552275	0.8597560975609756	0.983789260385005	0.1402439024390244	0.7875877258012702	0.9116395634773364	0.99	0.6166141872584939	0.5536564131354378	100.0	1315.0	987.0	328.0	1253.0	0.0				
sensexamp-classifier	sensexamp	classifier	homology_80	minustrain	20587.0	607	35.17	0.2801416823476084	0.8802267895109851	0.7971758664955071	0.8359788359788359	0.9825949367088608	0.164021164021164	0.7864258924385507	0.9177128681333976	0.98	0.6073957749507384	0.552118976773897	100.0	821.0	632.0	189.0	779.0	0.0				
sensexamp-ecoli	sensexamp	regressor	homology_80	battleamp	20587.0	607	35.17	0.5557592496498195	0.8791072535647861	0.9195849546044098	0.24124513618677043	0.8420427553444181	0.7587548638132295	0.8517472758024714	0.9426200054056517	0.98	0.6729284740359082	0.5354045010861679	100.0	1099.0	842.0	257.0	771.0	0.0				
sensexamp-ecoli	sensexamp	regressor	homology_80	minustrain	20587.0	607	35.17	0.5080261673765969	0.8696498054474708	0.9216494845360824	0.25675675675675674	0.8232044198895028	0.7432432432432432	0.8358468966203774	0.9412815750361104	0.98	0.6568246059377202	0.5245252192974229	100.0	691.0	543.0	148.0	485.0	0.0				
sensexamp-saureus	sensexamp	regressor	homology_80	battleamp	20587.0	607	35.17	0.5283742594762914	0.813324080499653	0.9497568881685575	0.10954063604240283	0.7111650485436893	0.8904593639575972	0.8240205495900375	0.9292847658436255	0.98	0.6739461135256062	0.5415859357854834	100.0	1107.0	824.0	283.0	617.0	0.0				
sensexamp-saureus	sensexamp	regressor	homology_80	minustrain	20587.0	607	35.17	0.46876916935871465	0.7844444444444445	0.9489247311827957	0.11728395061728394	0.6685606060606061	0.8827160493827161	0.7915848297792741	0.9186519745776175	0.94	0.6127207750014768	0.5283069857330047	100.0	690.0	528.0	162.0	372.0	0.0				
ampredictor	ampredictor	regressor	homology_80	battleamp	2952.0	397	23.0	0.5362575189343657	0.9210526315789473	0.8906691800188501	0.48739495798319327	0.9535822401614531	0.5126050420168067	0.7654308948604669	0.9123705276712746	0.94	0.5595922792081408	0.515354417961476	100.0	1229.0	991.0	238.0	1061.0	0.0				
ampredictor	ampredictor	regressor	homology_80	minustrain	2952.0	397	23.0	0.35337310027113406	0.9037603569152326	0.8604368932038835	0.6804733727810651	0.9516778523489933	0.31952662721893493	0.6725388189507961	0.8854804224484266	0.92	0.5367518116207082	0.5106065253394569	100.0	914.0	745.0	169.0	824.0	0.0				
deep-amp-lstm-gramneg	deep-amp	regressor	homology_80	battleamp	12593.0	643	37.25	0.4221165492832883	0.8428927680798005	0.8765560165975104	0.3606060606060606	0.8117195004803074	0.6393939393939394	0.768858614968125	0.8981054278623745	0.97	0.5791067048461255	0.5142949047920592	100.0	1371.0	1041.0	330.0	964.0	0.0				
deep-amp-lstm-gramneg	deep-amp	regressor	homology_80	minustrain	12593.0	643	37.25	0.34856050100951197	0.8118323746918652	0.853195164075993	0.39906103286384975	0.774294670846395	0.6009389671361502	0.7355585971418899	0.875659791841498	0.91	0.5566978287256399	0.5086031064856713	100.0	851.0	638.0	213.0	579.0	0.0				
deep-amp-lstm-grampos	deep-amp	regressor	homology_80	battleamp	12593.0	643	37.25	0.4369310627668128	0.82259767687434	0.8852272727272728	0.28939828080229224	0.7682445759368837	0.7106017191977078	0.78109052067615	0.8994794018558188	0.93	0.5953662746581787	0.5228753364262295	100.0	1363.0	1014.0	349.0	880.0	0.0				
deep-amp-lstm-grampos	deep-amp	regressor	homology_80	minustrain	12593.0	643	37.25	0.3526035833834821	0.805	0.8458844133099825	0.39111111111111113	0.7678855325914149	0.6088888888888889	0.7404062886415828	0.8713524509549335	0.9	0.5632722505787522	0.5172825796532565	100.0	854.0	629.0	225.0	571.0	0.0				
deep-amp-cnn-gramneg	deep-amp	regressor	homology_80	battleamp	12593.0	643	37.25	0.4941760912191422	0.902014652014652	0.8881875563570785	0.4460431654676259	0.9162790697674419	0.5539568345323741	0.804273046678936	0.9268443688207173	0.96	0.597365339062899	0.511443784086906	100.0	1353.0	1075.0	278.0	1109.0	0.0				
deep-amp-cnn-gramneg	deep-amp	regressor	homology_80	minustrain	12593.0	643	37.25	0.4580273652809296	0.8887240356083086	0.8719068413391557	0.4731182795698925	0.9062027231467473	0.5268817204301075	0.7743562214305467	0.9064022163000157	0.95	0.5765706296388573	0.507844560103071	100.0	847.0	661.0	186.0	687.0	0.0				
deep-amp-cnn-grampos	deep-amp	regressor	homology_80	battleamp	12593.0	643	37.25	0.37404887474989607	0.8941666666666667	0.8475513428120063	0.652027027027027	0.9462081128747796	0.34797297297297297	0.7166660708327375	0.8892600594899697	0.93	0.5538050581910231	0.5097274829268129	100.0	1430.0	1134.0	296.0	1266.0	0.0				
deep-amp-cnn-grampos	deep-amp	regressor	homology_80	minustrain	12593.0	643	37.25	0.34348587996024416	0.8725817211474316	0.8236775818639799	0.6481481481481481	0.9276595744680851	0.35185185185185186	0.6956330443919095	0.8590590861710921	0.92	0.5423181673648265	0.5033481037971576	100.0	921.0	705.0	216.0	794.0	0.0				
example-model	example-model	classifier	slay	battleamp		0	0.0	-2.058208610753334e-05	0.0344193656210967	0.017822332343456794	0.5007174900387306	0.5006397134083931	0.4992825099612695	0.49946206695739026	0.017764621392944435	0.02	0.4997755557396897	0.5003003758561826	100.0	438484.0	7816.0	430668.0	219556.0	0.0				
example-model	example-model	classifier	slay	minustrain		0	0.0	-2.058208610753334e-05	0.0344193656210967	0.017822332343456794	0.5007174900387306	0.5006397134083931	0.4992825099612695	0.49946206695739026	0.017764621392944435	0.02	0.4997755557396897	0.5003003758561826	100.0	438484.0	7816.0	430668.0	219556.0	0.0				
ampeppy	ampeppy	classifier	slay	battleamp	6536.0	0	0.0	0.006220530735281237	0.036055992541002585	0.01895506970807482	0.3462295782365999	0.3686028659160696	0.6537704217634002	0.5207105686007253	0.019080775480418033	0.03	0.5046957193774162	0.5004030845662425	100.0	438484.0	7816.0	430668.0	151991.0	0.0				
ampeppy	ampeppy	classifier	slay	minustrain	6536.0	0	0.0	0.006220530735281237	0.036055992541002585	0.01895506970807482	0.3462295782365999	0.3686028659160696	0.6537704217634002	0.5207105686007253	0.019080775480418033	0.03	0.5046957193774162	0.5004030845662425	100.0	438484.0	7816.0	430668.0	151991.0	0.0				
amplify	amplify	classifier	slay	battleamp	6676.0	2	0.0	0.009488508749910524	0.03728197538265545	0.02011015107877318	0.2251518001230655	0.2551609180664188	0.7748481998769345	0.5234859120853731	0.01971336886583245	0.05	0.5065652885004845	0.5017461488779082	100.0	438464.0	7799.0	430665.0	98955.0	0.0				
amplify	amplify	classifier	slay	minustrain	6676.0	2	0.0	0.009488952217496294	0.03728232461851189	0.02011035430604119	0.22515052372736918	0.2551609180664188	0.7748494762726308	0.523487022422118	0.01971363004793346	0.05	0.5065663710600609	0.5017461345435243	100.0	438462.0	7799.0	430663.0	98954.0	0.0				
ampscanner	ampscanner	classifier	slay	battleamp	2132.0	0	0.0	0.017720991991740497	0.0414022603970298	0.022097933810122157	0.2686628373274916	0.3274992999159899	0.7313371626725085	0.5413012211392302	0.022083173842946946	0.01	0.5157373704296961	0.5026137167534889	100.0	392413.0	7142.0	385271.0	105847.0	0.0				
ampscanner	ampscanner	classifier	slay	minustrain	2132.0	0	0.0	0.017720991991740497	0.0414022603970298	0.022097933810122157	0.2686628373274916	0.3274992999159899	0.7313371626725085	0.5413012211392302	0.022083173842946946	0.01	0.5157373704296961	0.5026137167534889	100.0	392413.0	7142.0	385271.0	105847.0	0.0				
ampredmfa	ampredmfa	classifier	slay	battleamp	11320.0	18	0.0	0.0	0.03495248317696067	0.017787093125091226	1.0	1.0	0.0	0.516699797754159	0.018635561245880915	0.01	0.5019120598819327	0.5000579061395273	100.0	438464.0	7799.0	430665.0	438464.0	0.0				
ampredmfa	ampredmfa	classifier	slay	minustrain	11320.0	18	0.0	0.0	0.03487462659139855	0.017746769271472427	1.0	1.0	0.0	0.51655771358567	0.018585012997003478	0.02	0.5019105318440452	0.5000437242311727	100.0	438446.0	7781.0	430665.0	438446.0	0.0				
hydramp-amp-classifier	hydramp-amp-classifier	classifier	slay	battleamp	11131.0	16	0.0	0.009720098596362123	0.03733055694451104	0.019721082379846138	0.3145160541298634	0.34864380757420677	0.6854839458701366	0.5255761776753866	0.02002212947158304	0.04	0.5078687727533617	0.5022421676884224	100.0	438484.0	7816.0	430668.0	138177.0	0.0				
hydramp-amp-classifier	hydramp-amp-classifier	classifier	slay	minustrain	11131.0	16	0.0	0.009722972053529557	0.037332858395440593	0.01972236697353946	0.31450684079024366	0.34864380757420677	0.6854931592097564	0.5255828017434915	0.02002293801396072	0.04	0.5078676285588877	0.5022420314251962	100.0	438468.0	7816.0	430652.0	138168.0	0.0				
hydramp-mic-classifier	hydramp-mic-classifier	classifier	slay	battleamp	3444.0	17	0.0	0.023744916366256478	0.042585462606463655	0.03913789405961827	0.020807211123185378	0.04669907881269191	0.9791927888768146	0.5384605356807395	0.02273814106772644	0.1	0.5197110267939886	0.5040634233468225	100.0	438484.0	7816.0	430668.0	9326.0	0.0				
hydramp-mic-classifier	hydramp-mic-classifier	classifier	slay	minustrain	3444.0	17	0.0	0.02352672743516387	0.04236694677871149	0.03894014160051491	0.020803291745326285	0.04645508062452009	0.9791967082546738	0.5383564863950799	0.022672986773167828	0.1	0.5195931220829443	0.5039456365202956	100.0	438467.0	7814.0	430653.0	9322.0	0.0				
apex-min	apex	regressor	slay	battleamp	1388.0	1	0.0	0.020624705426764908	0.030719807248268245	0.04799247176913425	0.008369920134139347	0.022589694374723166	0.9916300798658606	0.46012069019567675	0.02233146738523035	0.29	0.5071575322687772	0.5062162983120428	100.0	369381.0	6773.0	362608.0	3188.0	0.0				
apex-min	apex	regressor	slay	minustrain	1388.0	1	0.0	0.020631879611429985	0.03072289156626506	0.048007530593034205	0.00836718541009964	0.022589694374723166	0.9916328145899004	0.4601219114799267	0.022331897043318248	0.29	0.5071588435396861	0.506217250501517	100.0	369380.0	6773.0	362607.0	3187.0	0.0				
apex-ecoli	apex	regressor	slay	battleamp	1388.0	1	0.0	0.04468096193385707	0.01626449806692441	0.2687224669603524	0.00042244882897693583	0.008386032444322244	0.9995775511710231	0.47420446599311805	0.02220907659543753	0.4	0.5002239298660216	0.5032693155670797	100.0	400221.0	7274.0	392947.0	227.0	0.0				
apex-ecoli	apex	regressor	slay	minustrain	1388.0	1	0.0	0.04468096193385707	0.01626449806692441	0.2687224669603524	0.00042244882897693583	0.008386032444322244	0.9995775511710231	0.47420446599311805	0.02220907659543753	0.4	0.5002239298660216	0.5032693155670797	100.0	400221.0	7274.0	392947.0	227.0	0.0				
apex-saureus	apex	regressor	slay	battleamp	1388.0	1	0.0	0.04711039936757028	0.014947284131856399	0.32	0.00030155669139093655	0.007652364033889041	0.999698443308609	0.47222590160047695	0.021750233102513908	0.44	0.4985909538448744	0.5029351037363585	100.0	401937.0	7318.0	394619.0	175.0	0.0				
apex-saureus	apex	regressor	slay	minustrain	1388.0	1	0.0	0.04711039936757028	0.014947284131856399	0.32	0.00030155669139093655	0.007652364033889041	0.999698443308609	0.47222590160047695	0.021750233102513908	0.44	0.4985909538448744	0.5029351037363585	100.0	401937.0	7318.0	394619.0	175.0	0.0				
apex-kpneumoniae	apex	regressor	slay	battleamp	1388.0	1	0.0	0.04699105646552609	0.015222326078248097	0.3131868131868132	0.0003176934943996991	0.007800739017380594	0.9996823065056003	0.4716286902631531	0.021746047533595506	0.4	0.49856486753231677	0.5028946181138416	100.0	400768.0	7307.0	393461.0	182.0	0.0				
apex-kpneumoniae	apex	regressor	slay	minustrain	1388.0	1	0.0	0.04699105646552609	0.015222326078248097	0.3131868131868132	0.0003176934943996991	0.007800739017380594	0.9996823065056003	0.4716286902631531	0.021746047533595506	0.4	0.49856486753231677	0.5028946181138416	100.0	400768.0	7307.0	393461.0	182.0	0.0				
apex-abaumannii	apex	regressor	slay	battleamp	1388.0	1	0.0	0.04578285078495843	0.017181208053691274	0.26666666666666666	0.00044956333606647407	0.008876560332871012	0.9995504366639335	0.4827607694529309	0.021270582646056132	0.32	0.501987682363545	0.504136062941782	100.0	398701.0	7210.0	391491.0	240.0	0.0				
apex-abaumannii	apex	regressor	slay	minustrain	1388.0	1	0.0	0.04578285078495843	0.017181208053691274	0.26666666666666666	0.00044956333606647407	0.008876560332871012	0.9995504366639335	0.4827607694529309	0.021270582646056132	0.32	0.501987682363545	0.504136062941782	100.0	398701.0	7210.0	391491.0	240.0	0.0				
apex-paeruginosa	apex	regressor	slay	battleamp	1388.0	1	0.0	0.04614197111151308	0.0154419595314164	0.29896907216494845	0.00034525039538786087	0.007925662749385078	0.9996547496046121	0.4711529100939737	0.0220373457842702	0.45	0.4994904186673421	0.5034883289782383	100.0	401235.0	7318.0	393917.0	194.0	0.0				
apex-paeruginosa	apex	regressor	slay	minustrain	1388.0	1	0.0	0.04614197111151308	0.0154419595314164	0.29896907216494845	0.00034525039538786087	0.007925662749385078	0.9996547496046121	0.4711529100939737	0.0220373457842702	0.45	0.4994904186673421	0.5034883289782383	100.0	401235.0	7318.0	393917.0	194.0	0.0				
mbc-attention	mbc-attention	regressor	slay	battleamp	3929.0	2	0.0	0.0062394836656563205	0.03482237599198936	0.018403551174509897	0.3008565051298315	0.32289356984478934	0.6991434948701686	0.5263276997543709	0.018469133505780257	0.04	0.5036569313615925	0.5005639980624091	100.0	210145.0	3608.0	206537.0	63303.0	0.0				
mbc-attention	mbc-attention	regressor	slay	minustrain	3929.0	2	0.0	0.006185524857453469	0.03479352553468143	0.018388044611544658	0.3008565051298315	0.32270584973662325	0.6991434948701686	0.5262122872922643	0.01845506777453923	0.04	0.5036030512839449	0.5005648510041548	100.0	210144.0	3607.0	206537.0	63302.0	0.0				
sensexamp-classifier	sensexamp	classifier	slay	battleamp	20587.0	17	0.0	0.0030319711851470557	0.03504086617371323	0.018282628889921042	0.40898459514174934	0.4202589083144268	0.5910154048582507	0.5113059062119113	0.019539428476806214	0.1	0.5069237748321317	0.5030322839864564	100.0	420934.0	7493.0	413441.0	172240.0	0.0				
sensexamp-classifier	sensexamp	classifier	slay	minustrain	20587.0	17	0.0	0.0028749629169949028	0.03492370872424961	0.0182199281189579	0.40898558436532506	0.4196870402567875	0.5910144156346749	0.5109723666638579	0.019467292027335954	0.1	0.50681877989601	0.5029891718889278	100.0	420917.0	7477.0	413440.0	172229.0	0.0				
sensexamp-ecoli	sensexamp	regressor	slay	battleamp	20587.0	17	0.0	0.011890592956339107	0.02269791474441779	0.03434794750069813	0.00855853737615737	0.01694915254237288	0.9914414626238426	0.5228698050795633	0.020009878220071282	0.08	0.5079530633271612	0.5027903277024885	100.0	411298.0	7257.0	404041.0	3581.0	0.0				
sensexamp-ecoli	sensexamp	regressor	slay	minustrain	20587.0	17	0.0	0.011930696839100106	0.022731472925522085	0.03434794750069813	0.008558558558558558	0.016986604060212677	0.9914414414414414	0.5231341735312182	0.019977931804269766	0.08	0.5079196477665721	0.5028020353168396	100.0	411281.0	7241.0	404040.0	3581.0	0.0				
sensexamp-saureus	sensexamp	regressor	slay	battleamp	20587.0	17	0.0	0.01437051363701721	0.008409785932721712	0.07692307692307693	0.0009631497916823746	0.004448038819247877	0.9990368502083177	0.4823197836220218	0.018122303711484926	0.11	0.5027186619024913	0.5022666082001165	100.0	418570.0	7419.0	411151.0	429.0	0.0				
sensexamp-saureus	sensexamp	regressor	slay	minustrain	20587.0	17	0.0	0.014394874850906002	0.008426966292134831	0.07692307692307693	0.0009631521342575702	0.004457652303120356	0.9990368478657424	0.48242771873562473	0.018092843758677174	0.11	0.5027185892286338	0.5022769308437308	100.0	418553.0	7403.0	411150.0	429.0	0.0				
ampredictor	ampredictor	regressor	slay	battleamp	2952.0	14	0.0	-0.002271253941583718	0.034523852843782975	0.017618629785930165	0.8586140574405752	0.8526173893507077	0.14138594255942477	0.4947792666651112	0.01777147836579173	0.03	0.4999156636121933	0.49992528551264126	100.0	250897.0	4451.0	246446.0	215397.0	0.0				
ampredictor	ampredictor	regressor	slay	minustrain	2952.0	14	0.0	-0.0022845080297609986	0.034516325657984515	0.017614723197206902	0.8586164359103378	0.8525842696629213	0.1413835640896622	0.49480908232253384	0.017770629489941507	0.03	0.4999235108719965	0.49992571692242793	100.0	250886.0	4450.0	246436.0	215388.0	0.0				
deep-amp-lstm-gramneg	deep-amp	regressor	slay	battleamp	12593.0	26	0.01	0.00238485622195563	0.028887222457696194	0.019032479807527068	0.055757152485421534	0.059905341446923596	0.9442428475145784	0.4797521783144342	0.017388672016457093	0.0	0.5021207225901473	0.5001827738997175	100.0	416903.0	7395.0	409508.0	23276.0	0.0				
deep-amp-lstm-gramneg	deep-amp	regressor	slay	minustrain	12593.0	26	0.01	0.002264400512609742	0.028776508972267537	0.01896121764554132	0.055721074713177006	0.05965909090909091	0.944278925286823	0.4795879511024305	0.01736451881951062	0.0	0.502034712099329	0.5001353571376778	100.0	416878.0	7392.0	409486.0	23258.0	0.0				
deep-amp-lstm-grampos	deep-amp	regressor	slay	battleamp	12593.0	26	0.01	0.00871385396002562	0.0328977709454266	0.023093940538498895	0.04363975568485853	0.05716575397355416	0.9563602443151414	0.48267279160827753	0.017812819833164906	0.03	0.5075046509862279	0.5002533223630103	100.0	422361.0	7487.0	414874.0	18533.0	0.0				
deep-amp-lstm-grampos	deep-amp	regressor	slay	minustrain	12593.0	26	0.01	0.008641349191353611	0.032827215068229866	0.023042469375640817	0.04363965944481405	0.05705505077498664	0.9563603405551859	0.4825112738266539	0.017795017524183922	0.03	0.5074477314626005	0.5002556492835866	100.0	422336.0	7484.0	414852.0	18531.0	0.0				
deep-amp-cnn-gramneg	deep-amp	regressor	slay	battleamp	12593.0	26	0.01	0.01553096075233429	0.03824521934758155	0.02819431967383042	0.03711033880369757	0.059431900946831755	0.9628896611963024	0.4995192480623327	0.01918062357748238	0.02	0.5099698349101471	0.5022415423461777	100.0	385816.0	6865.0	378951.0	14471.0	0.0				
deep-amp-cnn-gramneg	deep-amp	regressor	slay	minustrain	12593.0	26	0.01	0.01526558085276102	0.03799249530956848	0.02801217319131277	0.03708532025112354	0.05902069367531332	0.9629146797488765	0.49932794060082697	0.019152269508215976	0.02	0.5098297981852311	0.5022504923897899	100.0	385799.0	6862.0	378937.0	14458.0	0.0				
deep-amp-cnn-grampos	deep-amp	regressor	slay	battleamp	12593.0	26	0.01	-0.00031104154468964947	0.031919757276845706	0.017694221730716064	0.16369751512731517	0.16282685512367492	0.8363024848726849	0.49132202530504354	0.022006171635190717	0.36	0.5010391843783963	0.5044839117216873	100.0	397759.0	7075.0	390684.0	65106.0	0.0				
deep-amp-cnn-grampos	deep-amp	regressor	slay	minustrain	12593.0	26	0.01	-0.0004642624574782755	0.031821709723916174	0.01763955685991303	0.16365297878984902	0.1623532739357941	0.8363470212101509	0.4910866440524559	0.021823742145232364	0.36	0.5008858312958103	0.50438849333412	100.0	397733.0	7071.0	390662.0	65081.0	0.0				
apex-min	apex	regressor	regression_ecoli25922	battleamp	1388.0	27	1.07													2525.0				0.0	-0.3405358817708031	5.262005049748847	2.2939060682052452	0.23456623449093042
apex-min	apex	regressor	regression_ecoli25922	minustrain	1388.0	27	1.07													2498.0				0.0	-0.3377351885582158	5.254974046864249	2.292373016518963	0.23430103144242584
apex-ecoli	apex	regressor	regression_ecoli25922	battleamp	1388.0	27	1.07													2525.0				0.0	-0.909317600703742	7.494643741431155	2.737634698317355	0.24751890845224472
apex-ecoli	apex	regressor	regression_ecoli25922	minustrain	1388.0	27	1.07													2498.0				0.0	-0.9077110481348563	7.4939884460014685	2.737515012927138	0.24827931941290435
apex-saureus	apex	regressor	regression_ecoli25922	battleamp	1388.0	27	1.07													2525.0				0.0	-1.7557917046361324	10.817308259362658	3.2889676586069765	0.07577365891883181
apex-saureus	apex	regressor	regression_ecoli25922	minustrain	1388.0	27	1.07													2498.0				0.0	-1.7557254682620909	10.825211102959575	3.2901688562989553	0.07542665081881901
apex-kpneumoniae	apex	regressor	regression_ecoli25922	battleamp	1388.0	27	1.07													2525.0				0.0	-1.831684557877593	11.115210450886908	3.333948177594683	0.03578543307905707
apex-kpneumoniae	apex	regressor	regression_ecoli25922	minustrain	1388.0	27	1.07													2498.0				0.0	-1.830772939099723	11.120017216237947	3.3346689815089516	0.035303602044614545
apex-abaumannii	apex	regressor	regression_ecoli25922	battleamp	1388.0	27	1.07													2525.0				0.0	-0.730391708327712	6.792305995745611	2.6062052865700376	0.2593944242583492
apex-abaumannii	apex	regressor	regression_ecoli25922	minustrain	1388.0	27	1.07													2498.0				0.0	-0.7278595200833669	6.7874845577258816	2.6052801303748283	0.25980767818173384
apex-paeruginosa	apex	regressor	regression_ecoli25922	battleamp	1388.0	27	1.07													2525.0				0.0	-1.346662211924734	9.21135239803597	3.0350209880717416	0.2318977567608567
apex-paeruginosa	apex	regressor	regression_ecoli25922	minustrain	1388.0	27	1.07													2498.0				0.0	-1.3427733717000643	9.20302715460245	3.033649148237556	0.23310558117490857
mbc-attention	mbc-attention	regressor	regression_ecoli25922	battleamp	3929.0	725	28.6													2527.0				0.0	0.23253380698263237	3.0168054375474638	1.7368953444429125	0.5319452933013339
mbc-attention	mbc-attention	regressor	regression_ecoli25922	minustrain	3929.0	725	28.6													1802.0				0.0	-0.048288606030136405	3.8291505046167735	1.9568215311102781	0.36203399053610763
sensexamp-ecoli	sensexamp	regressor	regression_ecoli25922	battleamp	20587.0	602	23.75													2111.0				0.0	-0.1413358106749114	4.468317516486426	2.113839520040825	0.48290415561782496
sensexamp-ecoli	sensexamp	regressor	regression_ecoli25922	minustrain	20587.0	602	23.75													1591.0				0.0	-0.2345311110500763	4.814961263664381	2.1943019991934523	0.4353133453388827
sensexamp-saureus	sensexamp	regressor	regression_ecoli25922	battleamp	20587.0	602	23.75													2111.0				0.0	-0.6376821364197691	6.411508083912803	2.5320955913852865	0.3843999728881727
sensexamp-saureus	sensexamp	regressor	regression_ecoli25922	minustrain	20587.0	602	23.75													1591.0				0.0	-0.7538936665913625	6.840597202966034	2.61545353676299	0.34171520122853494
ampredictor	ampredictor	regressor	regression_ecoli25922	battleamp	2952.0	570	22.49													2531.0				0.0	0.22539904561832746	3.0467770925732114	1.7455019600599742	0.5172357484866066
ampredictor	ampredictor	regressor	regression_ecoli25922	minustrain	2952.0	570	22.49													1961.0				0.0	0.08377505410003683	3.6389609450217733	1.9076060770037857	0.41219867204027955
deep-amp-lstm-gramneg	deep-amp	regressor	regression_ecoli25922	battleamp	12593.0	833	32.86													2521.0				0.0	-1.1480715759625828	8.428768069258616	2.9032340706974726	0.193901211089959
deep-amp-lstm-gramneg	deep-amp	regressor	regression_ecoli25922	minustrain	12593.0	833	32.86													1688.0				0.0	-1.1204551576595971	8.5586874602571	2.925523450642141	0.18580385988019535
deep-amp-lstm-grampos	deep-amp	regressor	regression_ecoli25922	battleamp	12593.0	833	32.86													2521.0				0.0	-0.4714859279805661	5.773929389931103	2.402900203905918	0.3070521846194473
deep-amp-lstm-grampos	deep-amp	regressor	regression_ecoli25922	minustrain	12593.0	833	32.86													1688.0				0.0	-0.5731697155367383	6.349706509276707	2.5198623988775077	0.2339481853575526
deep-amp-cnn-gramneg	deep-amp	regressor	regression_ecoli25922	battleamp	12593.0	833	32.86													2521.0				0.0	-0.12330458835845515	4.407708733897592	2.0994543895730606	0.32456155111641594
deep-amp-cnn-gramneg	deep-amp	regressor	regression_ecoli25922	minustrain	12593.0	833	32.86													1688.0				0.0	-0.12685632872001928	4.548274032247008	2.1326682893143527	0.308893300387359
deep-amp-cnn-grampos	deep-amp	regressor	regression_ecoli25922	battleamp	12593.0	833	32.86													2521.0				0.0	-0.48367369899435797	5.821752700991142	2.412830847985648	0.2091818319087623
deep-amp-cnn-grampos	deep-amp	regressor	regression_ecoli25922	minustrain	12593.0	833	32.86													1688.0				0.0	-0.5583098948705463	6.289728555799126	2.5079331242676957	0.11788344672337808
apex-min	apex	regressor	regression_saureus25923	battleamp	1388.0	24	1.53													1565.0				0.0	-0.06318455774844667	5.082201619203641	2.254373886293851	0.3446113789660167
apex-min	apex	regressor	regression_saureus25923	minustrain	1388.0	24	1.53													1541.0				0.0	-0.06499771421490985	5.063116708083533	2.2501370420673346	0.344318224009619
apex-ecoli	apex	regressor	regression_saureus25923	battleamp	1388.0	24	1.53													1565.0				0.0	-0.439517163330037	6.881134987363424	2.6231917557364013	0.3340315130505822
apex-ecoli	apex	regressor	regression_saureus25923	minustrain	1388.0	24	1.53													1541.0				0.0	-0.460318979973771	6.9425176485821884	2.6348657743008825	0.3305896548616826
apex-saureus	apex	regressor	regression_saureus25923	battleamp	1388.0	24	1.53													1565.0				0.0	-0.9965040589099678	9.543626350656243	3.0892760237078596	0.3010779330448529
apex-saureus	apex	regressor	regression_saureus25923	minustrain	1388.0	24	1.53													1541.0				0.0	-1.0283971790705149	9.643224122365586	3.105354105793023	0.2941232607547035
apex-kpneumoniae	apex	regressor	regression_saureus25923	battleamp	1388.0	24	1.53													1565.0				0.0	-1.1742812195293992	10.393431181786296	3.2238844864210465	0.17516015073669286
apex-kpneumoniae	apex	regressor	regression_saureus25923	minustrain	1388.0	24	1.53													1541.0				0.0	-1.2071337578297001	10.492957550130203	3.2392834933253685	0.1674383772144087
apex-abaumannii	apex	regressor	regression_saureus25923	battleamp	1388.0	24	1.53													1565.0				0.0	-0.3731944348113736	6.564101151787997	2.562050185259453	0.30652368000160113
apex-abaumannii	apex	regressor	regression_saureus25923	minustrain	1388.0	24	1.53													1541.0				0.0	-0.39060615539731636	6.611095184318085	2.571205006279757	0.3028053043326236
apex-paeruginosa	apex	regressor	regression_saureus25923	battleamp	1388.0	24	1.53													1565.0				0.0	-0.8469331380471465	8.828652105916822	2.9713047817275196	0.28805827020457125
apex-paeruginosa	apex	regressor	regression_saureus25923	minustrain	1388.0	24	1.53													1541.0				0.0	-0.869163366022436	8.886208995877825	2.9809745043991613	0.28577592921907374
mbc-attention	mbc-attention	regressor	regression_saureus25923	battleamp	3929.0	458	29.17													1563.0				0.0	0.005819527340005792	4.767911090527176	2.1835546914440167	0.3633816091128799
mbc-attention	mbc-attention	regressor	regression_saureus25923	minustrain	3929.0	458	29.17													1105.0				0.0	-0.11886372624563335	4.870262293042888	2.2068670764327623	0.24576385283263016
sensexamp-ecoli	sensexamp	regressor	regression_saureus25923	battleamp	20587.0	430	27.39													1342.0				0.0	-0.2446626952447022	5.6712159400452835	2.3814314896812134	0.36724738252004435
sensexamp-ecoli	sensexamp	regressor	regression_saureus25923	minustrain	20587.0	430	27.39													973.0				0.0	-0.2574363973504108	5.799638767408961	2.40824391775604	0.3505628119912903
sensexamp-saureus	sensexamp	regressor	regression_saureus25923	battleamp	20587.0	430	27.39													1342.0				0.0	-0.19139641694498732	5.428511978791876	2.3299167321584426	0.47840057226294785
sensexamp-saureus	sensexamp	regressor	regression_saureus25923	minustrain	20587.0	430	27.39													973.0				0.0	-0.3469587298726422	6.212540120780653	2.4924967644473788	0.4010871738985094
ampredictor	ampredictor	regressor	regression_saureus25923	battleamp	2952.0	424	27.01													1568.0				0.0	-0.02402061718927495	4.910885991811207	2.2160518928516106	0.32237458764598464
ampredictor	ampredictor	regressor	regression_saureus25923	minustrain	2952.0	424	27.01													1144.0				0.0	-0.12025412315067441	5.348055051167219	2.31258622567186	0.25876113822595603
deep-amp-lstm-gramneg	deep-amp	regressor	regression_saureus25923	battleamp	12593.0	611	38.92													1563.0				0.0	-0.5946363846602469	7.613702023787001	2.759293754529771	0.3914346790159605
deep-amp-lstm-gramneg	deep-amp	regressor	regression_saureus25923	minustrain	12593.0	611	38.92													952.0				0.0	-1.002676322724228	9.42968387249201	3.070779033485153	0.249067797607467
deep-amp-lstm-grampos	deep-amp	regressor	regression_saureus25923	battleamp	12593.0	611	38.92													1563.0				0.0	-0.393925623550919	6.655394573415168	2.579805142528243	0.2911243414592917
deep-amp-lstm-grampos	deep-amp	regressor	regression_saureus25923	minustrain	12593.0	611	38.92													952.0				0.0	-0.4514304706626793	6.834120095170275	2.6142150055361313	0.25383872299957283
deep-amp-cnn-gramneg	deep-amp	regressor	regression_saureus25923	battleamp	12593.0	611	38.92													1563.0				0.0	0.12220349807887776	4.191100283074212	2.0472176931323673	0.5323448861309763
deep-amp-cnn-gramneg	deep-amp	regressor	regression_saureus25923	minustrain	12593.0	611	38.92													952.0				0.0	-0.036812505577027865	4.881874345694763	2.2094964009236953	0.4549752927464191
deep-amp-cnn-grampos	deep-amp	regressor	regression_saureus25923	battleamp	12593.0	611	38.92													1563.0				0.0	-0.5048526005799556	7.1850231192221745	2.6804893432398074	0.1735319995407419
deep-amp-cnn-grampos	deep-amp	regressor	regression_saureus25923	minustrain	12593.0	611	38.92													952.0				0.0	-0.6482634603225059	7.760916326347987	2.785842121576165	0.08193217313088995
example-model	example-model	classifier	deepamp_classification	battleamp		0	0.0	0.012316411146668444	0.39620675281367235	0.3240709171496761	0.4964317015149618	0.5096514745308312	0.5035682984850381	0.4997043117317652	0.3196400637524338	0.42	0.5000999136649122	0.5015156496754382	100.0	11717.0	3730.0	7987.0	5866.0	0.0				
example-model	example-model	classifier	deepamp_classification	minustrain		0	0.0	0.012316411146668444	0.39620675281367235	0.3240709171496761	0.4964317015149618	0.5096514745308312	0.5035682984850381	0.4997043117317652	0.3196400637524338	0.42	0.5000999136649122	0.5015156496754382	100.0	11717.0	3730.0	7987.0	5866.0	0.0				
ampeppy	ampeppy	classifier	deepamp_classification	battleamp	6536.0	3394	28.94	0.702499300375471	0.7986798679867987	0.6938896578999407	0.19381494929260049	0.9407506702412869	0.8061850507073995	0.9420534407285834	0.8731608964875002	1.0	0.7839294050729996	0.6160666033079752	100.0	11717.0	3730.0	7987.0	5057.0	0.0				
ampeppy	ampeppy	classifier	deepamp_classification	minustrain	6536.0	3394	28.94	0.6227698470149475	0.7442648190916089	0.6214965286706094	0.25747769809340565	0.9274750575594781	0.7425223019065944	0.9072668178317526	0.7882171217003859	0.96	0.699165846550069	0.5560510252906843	100.0	8323.0	2606.0	5717.0	3889.0	0.0				
amplify	amplify	classifier	deepamp_classification	battleamp	6676.0	4365	37.22	0.8240261677790869	0.8803639493421862	0.8130819895525778	0.10305534685699975	0.9597855227882037	0.8969446531430002	0.9613593225141316	0.883433115730457	0.99	0.819146254640414	0.5535001446126043	100.0	11716.0	3730.0	7986.0	4403.0	0.0				
amplify	amplify	classifier	deepamp_classification	minustrain	6676.0	4365	37.22	0.7842477404138528	0.8616095221176052	0.7937806873977087	0.13188193426836928	0.9421134421134422	0.8681180657316308	0.9485064571415837	0.8609153587979113	0.88	0.7759409199643656	0.5270405834320235	100.0	7351.0	2574.0	4777.0	3055.0	0.0				
ampscanner	ampscanner	classifier	deepamp_classification	battleamp	2132.0	559	4.77	0.4971566305994265	0.6657464011043187	0.5091238123963203	0.4435209156560839	0.9615494161207633	0.556479084343916	0.8370449534949994	0.6241183618099971	0.97	0.5797062813934156	0.5076162539515333	100.0	10850.0	3511.0	7339.0	6631.0	0.0				
ampscanner	ampscanner	classifier	deepamp_classification	minustrain	2132.0	559	4.77	0.4733243521022279	0.6274596506743312	0.46692991115498517	0.44244162228594835	0.956199460916442	0.5575583777140516	0.8321615645864138	0.5778747008981979	0.22	0.576240018519341	0.5072839613295788	100.0	10291.0	2968.0	7323.0	6078.0	0.0				
ampredmfa	ampredmfa	classifier	deepamp_classification	battleamp	11320.0	1851	15.78	0.34293737485071024	0.5724930145917417	0.40288398514310686	0.6844477836213373	0.9887399463806971	0.31555221637866265	0.806271380411699	0.6126697349911756	0.76	0.601452040894751	0.5131698845022586	100.0	11716.0	3730.0	7986.0	9154.0	0.0				
ampredmfa	ampredmfa	classifier	deepamp_classification	minustrain	11320.0	1851	15.78	0.2894064948451319	0.4852625414796018	0.32172900220007766	0.7134494963245304	0.9868995633187773	0.28655050367546964	0.8124874693143435	0.5485995249886977	0.34	0.6048013712148882	0.5127735500269001	100.0	9865.0	2519.0	7346.0	7727.0	0.0				
hydramp-amp-classifier	hydramp-amp-classifier	classifier	deepamp_classification	battleamp	11131.0	1501	12.8	0.618966357589021	0.8097951640227937	0.698273572377158	0.3733158067696352	0.9637096774193549	0.6266841932303647	0.925452615637254	0.9035740469016731	0.9	0.7715510466155299	0.5558559224505345	100.0	5771.0	2728.0	3043.0	3765.0	0.0				
hydramp-amp-classifier	hydramp-amp-classifier	classifier	deepamp_classification	minustrain	11131.0	1501	12.8	0.5643957818757233	0.7112429226206525	0.5700086430423509	0.345846367744178	0.9455197132616487	0.654153632255822	0.9193747718588783	0.8415066870637684	0.92	0.7792217508425854	0.5562974408872725	100.0	4272.0	1395.0	2877.0	2314.0	0.0				
hydramp-mic-classifier	hydramp-mic-classifier	classifier	deepamp_classification	battleamp	3444.0	2683	22.88	0.8336906950764562	0.9060027021810462	0.9567876070118223	0.03483404534998357	0.8603372434017595	0.9651659546500164	0.9722279776767602	0.9687553981133867	1.0	0.9084488793314247	0.7004267349179607	100.0	5771.0	2728.0	3043.0	2453.0	0.0				
hydramp-mic-classifier	hydramp-mic-classifier	classifier	deepamp_classification	minustrain	3444.0	2683	22.88	0.6820799430529627	0.7142857142857143	0.6987577639751553	0.03486700215672178	0.7305194805194806	0.9651329978432782	0.9386034526221442	0.7234373969241604	0.82	0.8434276004369461	0.6145262711739958	100.0	3090.0	308.0	2782.0	322.0	0.0				
apex-min	apex	regressor	deepamp_classification	battleamp	1388.0	61	0.52	0.6228616386949442	0.6716610694910876	0.9200283085633404	0.018278874150760273	0.5288852725793328	0.9817211258492398	0.866317314316295	0.779044790327401	0.97	0.754348561979622	0.6321857584838063	100.0	8640.0	2458.0	6182.0	1413.0	0.0				
apex-min	apex	regressor	deepamp_classification	minustrain	1388.0	61	0.52	0.6217049990144716	0.6691118679591302	0.9213564213564214	0.01766612641815235	0.5252982311805842	0.9823338735818476	0.8662303565440185	0.7781367304121045	0.98	0.7539975015626199	0.6357330261094483	100.0	8601.0	2431.0	6170.0	1386.0	0.0				
apex-ecoli	apex	regressor	deepamp_classification	battleamp	1388.0	61	0.52	0.3484646062422878	0.27301092043681746	0.9695290858725761	0.0014645187058980162	0.15887426236949614	0.998535481294102	0.7564126404892132	0.518763213096112	0.99	0.6022720681637371	0.5761770054760513	100.0	9714.0	2203.0	7511.0	361.0	0.0				
apex-ecoli	apex	regressor	deepamp_classification	minustrain	1388.0	61	0.52	0.344494439069876	0.26693069306930695	0.9711815561959655	0.0013351134846461949	0.15472910927456382	0.9986648865153538	0.7560550890627356	0.514122840081616	0.99	0.6005470926098748	0.5743292678264905	100.0	9668.0	2178.0	7490.0	347.0	0.0				
apex-saureus	apex	regressor	deepamp_classification	battleamp	1388.0	61	0.52	0.16011771002470868	0.07910750507099391	0.9069767441860465	0.0015729453401494297	0.041357370095440084	0.9984270546598506	0.759017619925383	0.48606879076547505	0.91	0.5435763340159131	0.5202046993273736	100.0	10458.0	2829.0	7629.0	129.0	0.0				
apex-saureus	apex	regressor	deepamp_classification	minustrain	1388.0	61	0.52	0.14940206400009545	0.07069320521619767	0.8956521739130435	0.001577079773951899	0.03679885673454805	0.9984229202260481	0.7591354815669059	0.4803864068934684	0.88	0.5419627259103722	0.5180233903675966	100.0	10408.0	2799.0	7609.0	115.0	0.0				
apex-kpneumoniae	apex	regressor	deepamp_classification	battleamp	1388.0	61	0.52	0.07618866924477595	0.018994020400984874	0.9	0.00039645830580150654	0.009598293636686812	0.9996035416941985	0.7595985637676571	0.45832633659112465	0.59	0.5281486472697762	0.5074080251043135	100.0	10380.0	2813.0	7567.0	30.0	0.0				
apex-kpneumoniae	apex	regressor	deepamp_classification	minustrain	1388.0	61	0.52	0.06178311203006791	0.01351832088224831	0.8636363636363636	0.00039756162205141797	0.006812477590534241	0.9996024383779486	0.760186002010663	0.4543541865923479	0.52	0.52726676333573	0.5059497685387909	100.0	10335.0	2789.0	7546.0	22.0	0.0				
apex-abaumannii	apex	regressor	deepamp_classification	battleamp	1388.0	61	0.52	0.46547305527596217	0.4348717948717949	0.9607250755287009	0.003497444175410277	0.28104286345558993	0.9965025558245897	0.7776537819154117	0.6034074806067103	0.98	0.6566383315754478	0.6243915929712062	100.0	9697.0	2263.0	7434.0	662.0	0.0				
apex-abaumannii	apex	regressor	deepamp_classification	minustrain	1388.0	61	0.52	0.4620236724380048	0.4300104202848211	0.9596899224806201	0.003507351949278295	0.27708146821844226	0.9964926480507217	0.7769875105083487	0.5994486731658215	0.98	0.655072137776708	0.6224160474384638	100.0	9647.0	2234.0	7413.0	645.0	0.0				
apex-paeruginosa	apex	regressor	deepamp_classification	battleamp	1388.0	61	0.52	0.09798382744922297	0.03173374613003096	0.8723404255319149	0.0007908264136022143	0.016160819865983445	0.9992091735863978	0.7324257376747427	0.42348113526975406	0.67	0.5354631867088859	0.5108238926302165	100.0	10124.0	2537.0	7587.0	47.0	0.0				
apex-paeruginosa	apex	regressor	deepamp_classification	minustrain	1388.0	61	0.52	0.09598396809018726	0.0297339593114241	0.8837209302325582	0.0006608511763150939	0.015121368881814564	0.9993391488236849	0.7328869524257631	0.42189862712644577	0.66	0.5355589364842173	0.5105410474332158	100.0	10079.0	2513.0	7566.0	43.0	0.0				
mbc-attention	mbc-attention	regressor	deepamp_classification	battleamp	3929.0	1998	17.04	0.5998178556703235	0.7469082041456192	0.6436505553887721	0.2593968531468531	0.8896265560165975	0.7406031468531469	0.8744419740011027	0.7771138989146481	0.97	0.6855734487176941	0.5491268255504373	100.0	6986.0	2410.0	4576.0	3331.0	0.0				
mbc-attention	mbc-attention	regressor	deepamp_classification	minustrain	3929.0	1998	17.04	0.49027546617213275	0.5877980799008982	0.44470477975632616	0.2680389052250622	0.8666666666666667	0.7319610947749378	0.8434685431404081	0.5380649719735578	0.72	0.6221118309681987	0.5228875479163118	100.0	5516.0	1095.0	4421.0	2134.0	0.0				
sensexamp-classifier	sensexamp	classifier	deepamp_classification	battleamp	20587.0	3515	29.97	0.508625932308908	0.7627361190612478	0.6238295880149812	0.541077441077441	0.9812223858615611	0.4589225589225589	0.9336535457669477	0.9161255862102561	0.98	0.7927730917421639	0.5589016835066671	100.0	5686.0	2716.0	2970.0	4272.0	0.0				
sensexamp-classifier	sensexamp	classifier	deepamp_classification	minustrain	20587.0	3515	29.97	0.4374180201334531	0.6637977407208177	0.5032626427406199	0.5675675675675675	0.9747235387045814	0.43243243243243246	0.9284940276115304	0.8866384956657096	0.96	0.8096686927851291	0.5904735948721196	100.0	3412.0	1266.0	2146.0	2452.0	0.0				
sensexamp-ecoli	sensexamp	regressor	deepamp_classification	battleamp	20587.0	3515	29.97	0.8244392116093242	0.8964423294810786	0.957405614714424	0.03140613847251963	0.8427780144865786	0.9685938615274804	0.9443218323268394	0.9500002885602638	1.0	0.8941099332654052	0.7134369885127815	100.0	5149.0	2347.0	2802.0	2066.0	0.0				
sensexamp-ecoli	sensexamp	regressor	deepamp_classification	minustrain	20587.0	3515	29.97	0.7768794841943507	0.8405650857719476	0.939120631341601	0.026587887740029542	0.7607305936073059	0.9734121122599705	0.9172385108444677	0.9066526908593786	0.99	0.8683326014665025	0.7157687924547047	100.0	3126.0	1095.0	2031.0	887.0	0.0				
sensexamp-saureus	sensexamp	regressor	deepamp_classification	battleamp	20587.0	3515	29.97	0.7483914760133445	0.8300849575212393	0.9724824355971897	0.016173434273916036	0.7240627724498693	0.983826565726084	0.8942240477717689	0.9112942925719739	0.99	0.860332922272566	0.6527871511095247	100.0	5200.0	2294.0	2906.0	1708.0	0.0				
sensexamp-saureus	sensexamp	regressor	deepamp_classification	minustrain	20587.0	3515	29.97	0.6813312904876944	0.7454038997214485	0.9462517680339463	0.018043684710351376	0.6148897058823529	0.9819563152896487	0.84774593598123	0.834992572865333	0.98	0.8106315363152308	0.6181030143735828	100.0	3194.0	1088.0	2106.0	707.0	0.0				
ampredictor	ampredictor	regressor	deepamp_classification	battleamp	2952.0	2312	19.72	0.3982318804117537	0.6338658146964856	0.4776579352850539	0.5565360147752925	0.941891378655526	0.4434639852247076	0.7509124469462048	0.579790048087351	0.73	0.5781800093494351	0.5085432462920364	100.0	7506.0	2633.0	4873.0	5192.0	0.0				
ampredictor	ampredictor	regressor	deepamp_classification	minustrain	2952.0	2312	19.72	0.25282497108149354	0.3884297520661157	0.247917823431427	0.5752813760883415	0.8965863453815262	0.42471862391165854	0.7022978300971991	0.3065930115400795	0.42	0.554794829528798	0.5062211001362633	100.0	5705.0	996.0	4709.0	3602.0	0.0				
deep-amp-lstm-gramneg	deep-amp	regressor	deepamp_classification	battleamp	12593.0	11608	98.99	0.8635229063565917	0.8998810130885603	0.9239092495636998	0.027608915906788246	0.8770709078860173	0.9723910840932117	0.9706675935605548	0.9119503453909603	0.9	0.9065727570622057	0.5892425751951373	100.0	10914.0	3018.0	7896.0	2865.0	0.0				
deep-amp-lstm-gramneg	deep-amp	regressor	deepamp_classification	minustrain	12593.0	11608	98.99																					
deep-amp-lstm-grampos	deep-amp	regressor	deepamp_classification	battleamp	12593.0	11608	98.99	0.8175564627102123	0.8548195160650536	0.9497576024680476	0.014408493427704751	0.7771366750811396	0.9855915065722952	0.9663276751077577	0.9136074264646523	0.92	0.9145933911974917	0.6406225025796879	100.0	10685.0	2773.0	7912.0	2269.0	0.0				
deep-amp-lstm-grampos	deep-amp	regressor	deepamp_classification	minustrain	12593.0	11608	98.99																					
deep-amp-cnn-gramneg	deep-amp	regressor	deepamp_classification	battleamp	12593.0	11608	98.99	0.9174562028477147	0.9398117014122394	0.9614723082215342	0.01439773749839311	0.91910555738244	0.9856022625016069	0.9859934961786976	0.9693884073299821	0.99	0.960728922638568	0.7925642504748627	100.0	10820.0	3041.0	7779.0	2907.0	0.0				
deep-amp-cnn-gramneg	deep-amp	regressor	deepamp_classification	minustrain	12593.0	11608	98.99																					
deep-amp-cnn-grampos	deep-amp	regressor	deepamp_classification	battleamp	12593.0	11608	98.99	0.885836791589137	0.9188449848024316	0.8777584204413472	0.05425956953215621	0.9639668367346939	0.9457404304678438	0.9666987284023032	0.8569783202906275	0.66	0.8528763425211898	0.5158766626742716	100.0	10895.0	3136.0	7759.0	3444.0	0.0				
deep-amp-cnn-grampos	deep-amp	regressor	deepamp_classification	minustrain	12593.0	11608	98.99																					
example-model	example-model	classifier	deepamp_species_gramneg	battleamp		0	0.0	0.009090718026515622	0.36040018613308517	0.2799060354174196	0.4957084214454534	0.5058785107772698	0.5042915785545465	0.49968970667083534	0.27652090919551964	0.34	0.5001558736372805	0.500862839329146	100.0	11101.0	3062.0	8039.0	5534.0	0.0				
example-model	example-model	classifier	deepamp_species_gramneg	minustrain		0	0.0	0.009090718026515622	0.36040018613308517	0.2799060354174196	0.4957084214454534	0.5058785107772698	0.5042915785545465	0.49968970667083534	0.27652090919551964	0.34	0.5001558736372805	0.500862839329146	100.0	11101.0	3062.0	8039.0	5534.0	0.0				
ampeppy	ampeppy	classifier	deepamp_species_gramneg	battleamp	6536.0	3183	28.65	0.6753812506237907	0.7637377223254579	0.6433363148479427	0.19840776215947256	0.9395819725669498	0.8015922378405275	0.9383180899060904	0.8351819314620416	1.0	0.7695151448319268	0.5874676115228057	100.0	11101.0	3062.0	8039.0	4472.0	0.0				
ampeppy	ampeppy	classifier	deepamp_species_gramneg	minustrain	6536.0	3183	28.65	0.5999951448044167	0.7097114707952147	0.5746438746438747	0.2599233983286908	0.9277828886844526	0.7400766016713092	0.9054385456893702	0.7478607560538078	0.9	0.6927164769442062	0.547567416461808	100.0	7918.0	2174.0	5744.0	3510.0	0.0				
amplify	amplify	classifier	deepamp_species_gramneg	battleamp	6676.0	4136	37.22	0.7994282009214703	0.853860695070525	0.7695937090432503	0.10934195795496952	0.9588504245591117	0.8906580420450305	0.9577098386060313	0.8478490449766054	0.97	0.8016412871161096	0.5468664168001734	100.0	11101.0	3062.0	8039.0	3815.0	0.0				
amplify	amplify	classifier	deepamp_species_gramneg	minustrain	6676.0	4136	37.22	0.7666715005751801	0.8402877697841726	0.7581602373887241	0.1359466221851543	0.9423697556477639	0.8640533778148457	0.9463146155682985	0.8323461685345751	0.87	0.7657636793370127	0.5263094952512385	100.0	6965.0	2169.0	4796.0	2696.0	0.0				
ampscanner	ampscanner	classifier	deepamp_species_gramneg	battleamp	2132.0	442	3.98	0.468256177935568	0.6177520071364853	0.45536741739273384	0.447823736144904	0.9601386481802426	0.552176263855096	0.8346420621433588	0.5740260720218912	0.26	0.5802958043642787	0.5076711743012314	100.0	10283.0	2885.0	7398.0	6083.0	0.0				
ampscanner	ampscanner	classifier	deepamp_species_gramneg	minustrain	2132.0	442	3.98	0.4469780971326099	0.5821226298941148	0.4186293607225075	0.44569644311702417	0.9551515151515152	0.5543035568829758	0.8312122583423154	0.532950507895423	0.49	0.5779761965312141	0.5074505924529628	100.0	9841.0	2475.0	7366.0	5647.0	0.0				
ampredmfa	ampredmfa	classifier	deepamp_species_gramneg	battleamp	11320.0	1624	14.62	0.3214774777300217	0.5217915590008613	0.3543518951801591	0.6865281751461625	0.9892227302416721	0.31347182485383757	0.7988907196294615	0.5568570464448708	0.64	0.5989224390592987	0.5133337853915315	100.0	11101.0	3062.0	8039.0	8548.0	0.0				
ampredmfa	ampredmfa	classifier	deepamp_species_gramneg	minustrain	11320.0	1624	14.62	0.27120642490540803	0.4392928972160474	0.2825051055139551	0.7145762711864406	0.9871550903901046	0.2854237288135593	0.8080006128142689	0.5010862842206343	0.77	0.6047127257548239	0.5131931874119551	100.0	9477.0	2102.0	7375.0	7345.0	0.0				
hydramp-amp-classifier	hydramp-amp-classifier	classifier	deepamp_species_gramneg	battleamp	11131.0	1224	11.02	0.585315933334641	0.7663003663003664	0.6372220530003045	0.3846899224806202	0.9609554432705558	0.6153100775193798	0.9141588743725512	0.8538760843239422	0.84	0.732535056577609	0.5288447712754245	100.0	5273.0	2177.0	3096.0	3283.0	0.0				
hydramp-amp-classifier	hydramp-amp-classifier	classifier	deepamp_species_gramneg	minustrain	11131.0	1224	11.02	0.5380539985220871	0.6717650657693485	0.5218631178707225	0.3485793485793486	0.9424892703862661	0.6514206514206514	0.9152769474657886	0.80366692421689	0.89	0.7661474092465734	0.5491981633590968	100.0	4051.0	1165.0	2886.0	2104.0	0.0				
hydramp-mic-classifier	hydramp-mic-classifier	classifier	deepamp_species_gramneg	battleamp	3444.0	2455	22.1	0.9409225258646733	0.9654859218891917	0.954647507858105	0.032622739018087855	0.9765732659623335	0.9673772609819121	0.9886695711211526	0.9821664752834299	1.0	0.9606212245387016	0.7414638387862393	100.0	5273.0	2177.0	3096.0	2227.0	0.0				
hydramp-mic-classifier	hydramp-mic-classifier	classifier	deepamp_species_gramneg	minustrain	3444.0	2455	22.1	0.5432006824398187	0.5217391304347826	0.38571428571428573	0.03123864874682165	0.8059701492537313	0.9687613512531783	0.9338089790784545	0.5339837892074467	0.49	0.879717020837655	0.6466439085604819	100.0	2820.0	67.0	2753.0	140.0	0.0				
apex-min	apex	regressor	deepamp_species_gramneg	battleamp	1388.0	50	0.45	0.6227981150776221	0.6649952992792229	0.8968723584108199	0.019623612674923598	0.5283864541832669	0.9803763873250764	0.8652649335102888	0.7456075054835231	0.98	0.7516977711092088	0.61427432561557	100.0	8225.0	2008.0	6217.0	1183.0	0.0				
apex-min	apex	regressor	deepamp_species_gramneg	minustrain	1388.0	50	0.45	0.6234498495811716	0.6643445218492717	0.8996569468267581	0.018858800773694392	0.5266064257028112	0.9811411992263056	0.865867564390379	0.746820340640827	0.98	0.7526290645632515	0.6203204909032174	100.0	8196.0	1992.0	6204.0	1166.0	0.0				
apex-ecoli	apex	regressor	deepamp_species_gramneg	battleamp	1388.0	50	0.45	0.3616247764675249	0.28343500703894886	0.9617834394904459	0.001589825119236884	0.16620803522289487	0.9984101748807631	0.7558890027325393	0.481400422353513	0.97	0.6041748532245064	0.578359522939817	100.0	9365.0	1817.0	7548.0	314.0	0.0				
apex-ecoli	apex	regressor	deepamp_species_gramneg	minustrain	1388.0	50	0.45	0.36169326676540015	0.2805515929624346	0.9703947368421053	0.0011960132890365448	0.16397998888271262	0.9988039867109635	0.756295542558712	0.4795563360142374	0.98	0.6035389480721207	0.5786115818585521	100.0	9324.0	1799.0	7525.0	304.0	0.0				
apex-saureus	apex	regressor	deepamp_species_gramneg	battleamp	1388.0	50	0.45	0.12370440406643268	0.05518945634266886	0.8072289156626506	0.0020868657884439805	0.02857142857142857	0.997913134211556	0.7530382891482701	0.4199185324735398	0.75	0.5371698598184909	0.5133946432657165	100.0	10012.0	2345.0	7667.0	83.0	0.0				
apex-saureus	apex	regressor	deepamp_species_gramneg	minustrain	1388.0	50	0.45	0.11402416622029576	0.04920767306088407	0.7866666666666666	0.0020923237871060545	0.025398191993112353	0.9979076762128939	0.7536228506436705	0.4156627634409247	0.69	0.5362600664557651	0.511938762332395	100.0	9970.0	2323.0	7647.0	75.0	0.0				
apex-kpneumoniae	apex	regressor	deepamp_species_gramneg	battleamp	1388.0	50	0.45	0.07282846987344395	0.016170212765957447	0.9047619047619048	0.0002628811777076761	0.008158007728638901	0.9997371188222923	0.7566760418966453	0.404733998529064	0.48	0.5260481854527351	0.5063555101338033	100.0	9937.0	2329.0	7608.0	21.0	0.0				
apex-kpneumoniae	apex	regressor	deepamp_species_gramneg	minustrain	1388.0	50	0.45	0.06360339465038697	0.012881064834693002	0.8823529411764706	0.0002635740643120717	0.006487889273356401	0.9997364259356879	0.7575649290538877	0.402362158801009	0.45	0.5255501838586302	0.5054283213973313	100.0	9900.0	2312.0	7588.0	17.0	0.0				
apex-abaumannii	apex	regressor	deepamp_species_gramneg	battleamp	1388.0	50	0.45	0.46666170172757465	0.4305901911886949	0.9452554744525548	0.004018754186202277	0.27879440258342303	0.9959812458137978	0.7757607983290519	0.5664500678994866	0.97	0.6563676019031347	0.6199389996253175	100.0	9323.0	1858.0	7465.0	548.0	0.0				
apex-abaumannii	apex	regressor	deepamp_species_gramneg	minustrain	1388.0	50	0.45	0.4659977301946897	0.4289318755256518	0.9461966604823747	0.003896278382372699	0.27732463295269166	0.9961037216176273	0.7759359751110433	0.5649202914902285	0.97	0.6560774683450092	0.6195785134204435	100.0	9282.0	1839.0	7443.0	539.0	0.0				
apex-paeruginosa	apex	regressor	deepamp_species_gramneg	battleamp	1388.0	50	0.45	0.1053234045594642	0.0327395281656235	0.8947368421052632	0.0005234231876472127	0.016674840608141245	0.9994765768123528	0.7286073875573915	0.37451568031963933	0.62	0.5400682030911421	0.5125109846472556	100.0	9681.0	2039.0	7642.0	38.0	0.0				
apex-paeruginosa	apex	regressor	deepamp_species_gramneg	minustrain	1388.0	50	0.45	0.10637788596888308	0.032101167315175094	0.9166666666666666	0.0003936491274111009	0.016336633663366337	0.9996063508725889	0.7293595341688742	0.37413249962718076	0.62	0.5405000814033848	0.5126188090380251	100.0	9641.0	2020.0	7621.0	36.0	0.0				
mbc-attention	mbc-attention	regressor	deepamp_species_gramneg	battleamp	3929.0	1850	16.65	0.6287092391349983	0.7450375794950858	0.6179667519181585	0.25865800865800864	0.9378942261038331	0.7413419913419913	0.8986842851471672	0.7833629360012411	0.96	0.7071905426306713	0.5563598863943381	100.0	6681.0	2061.0	4620.0	3128.0	0.0				
mbc-attention	mbc-attention	regressor	deepamp_species_gramneg	minustrain	3929.0	1850	16.65	0.47933016082610064	0.5420560747663551	0.3874614594039055	0.2686499887311246	0.9019138755980861	0.7313500112688753	0.8609674194706756	0.5059127251739005	0.69	0.636731868362509	0.5272101086214892	100.0	5273.0	836.0	4437.0	1946.0	0.0				
sensexamp-classifier	sensexamp	classifier	deepamp_species_gramneg	battleamp	20587.0	3207	28.86	0.47774970575818687	0.7134463656202786	0.5608339931380312	0.5497191939213742	0.9801660516605166	0.4502808060786257	0.9273617699011479	0.891512634775601	0.98	0.7745933167171639	0.5678672408128925	100.0	5195.0	2168.0	3027.0	3789.0	0.0				
sensexamp-classifier	sensexamp	classifier	deepamp_species_gramneg	minustrain	20587.0	3207	28.86	0.40745975303857435	0.6085617493070526	0.44265232974910396	0.572744014732965	0.9733990147783251	0.427255985267035	0.9210484536737156	0.8487343318814585	0.95	0.7880044939936046	0.5797027576806639	100.0	3187.0	1015.0	2172.0	2232.0	0.0				
sensexamp-ecoli	sensexamp	regressor	deepamp_species_gramneg	battleamp	20587.0	3207	28.86	0.8314513443362608	0.8950898846257043	0.9439728353140917	0.035044247787610616	0.8510204081632653	0.9649557522123894	0.943375293480224	0.9424478532807721	1.0	0.8951498531410702	0.7164642972855972	100.0	4785.0	1960.0	2825.0	1767.0	0.0				
sensexamp-ecoli	sensexamp	regressor	deepamp_species_gramneg	minustrain	20587.0	3207	28.86	0.7756143668807974	0.8341404358353511	0.9125827814569536	0.03225806451612903	0.7681159420289855	0.967741935483871	0.91502030772718	0.8892864817222812	0.98	0.8630948376279446	0.6972995281508394	100.0	2943.0	897.0	2046.0	755.0	0.0				
sensexamp-saureus	sensexamp	regressor	deepamp_species_gramneg	battleamp	20587.0	3207	28.86	0.7271564385326105	0.8068006182380216	0.9375	0.029511533242876527	0.7080846446011937	0.9704884667571235	0.8819930707042896	0.8770764198494597	0.97	0.8291083970108103	0.6149606546852371	100.0	4791.0	1843.0	2948.0	1392.0	0.0				
sensexamp-saureus	sensexamp	regressor	deepamp_species_gramneg	minustrain	20587.0	3207	28.86	0.6617655511437844	0.7219178082191781	0.9086206896551724	0.024941176470588234	0.5988636363636364	0.9750588235294118	0.8383048128342246	0.7947670125160903	0.95	0.7917830002814523	0.6027127616693091	100.0	3005.0	880.0	2125.0	580.0	0.0				
ampredictor	ampredictor	regressor	deepamp_species_gramneg	battleamp	2952.0	2130	19.17	0.4164550961596813	0.6189824945295405	0.4556070062411919	0.5517241379310345	0.9650319829424308	0.4482758620689655	0.7713178068615734	0.5754332243297724	0.73	0.5882118510759474	0.5099758713544018	100.0	7246.0	2345.0	4901.0	4967.0	0.0				
ampredictor	ampredictor	regressor	deepamp_species_gramneg	minustrain	2952.0	2130	19.17	0.23931612720301973	0.3366052190567393	0.20664315108759554	0.5740110591237771	0.9070967741935484	0.4259889408762229	0.7182245029568748	0.2817919635624183	0.42	0.5682345915006366	0.5086945270941086	100.0	5477.0	775.0	4702.0	3402.0	0.0				
deep-amp-lstm-gramneg	deep-amp	regressor	deepamp_species_gramneg	battleamp	12593.0	11013	99.12	0.8322990114574431	0.8710078805474907	0.8864499788940481	0.033857772183763374	0.8560945780676722	0.9661422278162366	0.9649651587029356	0.8809040214942776	0.92	0.8891095897227116	0.5848257199262636	100.0	10398.0	2453.0	7945.0	2369.0	0.0				
deep-amp-lstm-gramneg	deep-amp	regressor	deepamp_species_gramneg	minustrain	12593.0	11013	99.12																					
deep-amp-lstm-grampos	deep-amp	regressor	deepamp_species_gramneg	battleamp	12593.0	11013	99.12	0.8687891096210618	0.8954203691045797	0.9419942473633749	0.015197186636523486	0.8532349109856708	0.9848028133634765	0.9796868931157259	0.9252662661170156	0.92	0.9381098198939191	0.6549298557342593	100.0	10265.0	2303.0	7962.0	2086.0	0.0				
deep-amp-lstm-grampos	deep-amp	regressor	deepamp_species_gramneg	minustrain	12593.0	11013	99.12																					
deep-amp-cnn-gramneg	deep-amp	regressor	deepamp_species_gramneg	battleamp	12593.0	11013	99.12	0.8934047416990233	0.9184849732400164	0.9295833333333333	0.021583652618135378	0.9076484947111473	0.9784163473818647	0.9822900592014814	0.9499642905010562	0.98	0.9453437908779849	0.729484097347657	100.0	10288.0	2458.0	7830.0	2400.0	0.0				
deep-amp-cnn-gramneg	deep-amp	regressor	deepamp_species_gramneg	minustrain	12593.0	11013	99.12																					
deep-amp-cnn-grampos	deep-amp	regressor	deepamp_species_gramneg	battleamp	12593.0	11013	99.12	0.8821370377539098	0.9115479115479116	0.8554018445322793	0.056441244535870405	0.9755822689706988	0.9435587554641296	0.9707437842658182	0.850554516650236	0.68	0.8622993535434924	0.521219337446631	100.0	10440.0	2662.0	7778.0	3036.0	0.0				
deep-amp-cnn-grampos	deep-amp	regressor	deepamp_species_gramneg	minustrain	12593.0	11013	99.12																					
example-model	example-model	classifier	deepamp_species_grampos	battleamp		0	0.0	0.01540188039243052	0.34929920780012186	0.2645864106351551	0.4962003239068145	0.5138042309071352	0.5037996760931855	0.5008794940596462	0.26142133349079044	0.36	0.5009745620448106	0.5019094295273948	100.0	10816.0	2789.0	8027.0	5416.0	0.0				
example-model	example-model	classifier	deepamp_species_grampos	minustrain		0	0.0	0.01540188039243052	0.34929920780012186	0.2645864106351551	0.4962003239068145	0.5138042309071352	0.5037996760931855	0.5008794940596462	0.26142133349079044	0.36	0.5009745620448106	0.5019094295273948	100.0	10816.0	2789.0	8027.0	5416.0	0.0				
ampeppy	ampeppy	classifier	deepamp_species_grampos	battleamp	6536.0	3191	29.48	0.6720236833188549	0.7528105877330298	0.6241151486550259	0.19845521365391802	0.9483685908927931	0.801544786346082	0.9433549677690074	0.8353857354172922	0.98	0.7815245167269473	0.5963081378007685	100.0	10816.0	2789.0	8027.0	4238.0	0.0				
ampeppy	ampeppy	classifier	deepamp_species_grampos	minustrain	6536.0	3191	29.48	0.5900067944076527	0.6867002714230321	0.5417558886509636	0.2611576011157601	0.9375330862890419	0.7388423988842399	0.9115496436463619	0.7364644824795107	0.94	0.700087689959453	0.5517060707272149	100.0	7625.0	1889.0	5736.0	3269.0	0.0				
amplify	amplify	classifier	deepamp_species_grampos	battleamp	6676.0	4147	38.31	0.7963122839255851	0.8466855168080427	0.7534246575342466	0.10989284824320956	0.9662961634994621	0.8901071517567904	0.9589536989724236	0.8357467822784896	0.95	0.803644068159659	0.5446741331437426	100.0	10815.0	2789.0	8026.0	3577.0	0.0				
amplify	amplify	classifier	deepamp_species_grampos	minustrain	6676.0	4147	38.31	0.7570972911633255	0.8246182322998612	0.728238659583163	0.13874400166910078	0.9504	0.8612559983308993	0.9459360456220878	0.8021487190786679	0.75	0.7581058341660536	0.5195944392663645	100.0	6668.0	1875.0	4793.0	2447.0	0.0				
ampscanner	ampscanner	classifier	deepamp_species_grampos	battleamp	2132.0	454	4.19	0.46170208536348456	0.5974857685009488	0.43244635193133046	0.4479674796747967	0.9662447257383966	0.5520325203252032	0.8432443452742928	0.5631313664427179	0.32	0.5859112002488702	0.5082069484097966	100.0	9987.0	2607.0	7380.0	5825.0	0.0				
ampscanner	ampscanner	classifier	deepamp_species_grampos	minustrain	2132.0	454	4.19	0.435888557728043	0.5547174804816726	0.38995348837209304	0.44606176030472044	0.9605866177818515	0.5539382396952796	0.8390509356614968	0.5152977010671939	0.62	0.5838496929995822	0.5080103880453113	100.0	9533.0	2182.0	7351.0	5375.0	0.0				
ampredmfa	ampredmfa	classifier	deepamp_species_grampos	battleamp	11320.0	1617	14.94	0.31117472522435846	0.49873326094824466	0.33353503570131915	0.6861450286568652	0.9881678020795984	0.31385497134313484	0.8135302379135861	0.5544799389544898	0.74	0.606754271804437	0.5134416646501249	100.0	10815.0	2789.0	8026.0	8263.0	0.0				
ampredmfa	ampredmfa	classifier	deepamp_species_grampos	minustrain	11320.0	1617	14.94	0.25745568088724075	0.40584269662921346	0.2554816805771679	0.7144020632550563	0.9863462588749318	0.28559793674494366	0.8180824238932278	0.47774934328425583	0.66	0.6069644850570377	0.512595777876304	100.0	9198.0	1831.0	7367.0	7069.0	0.0				
hydramp-amp-classifier	hydramp-amp-classifier	classifier	deepamp_species_grampos	battleamp	11131.0	1270	11.73	0.5944613035604775	0.7658203865100417	0.6325508607198748	0.3821614583333333	0.9702352376380221	0.6178385416666666	0.9267306987868059	0.8778935865555556	0.9	0.7663131199676159	0.5556001962826616	100.0	5155.0	2083.0	3072.0	3195.0	0.0				
hydramp-amp-classifier	hydramp-amp-classifier	classifier	deepamp_species_grampos	minustrain	11131.0	1270	11.73	0.526192486529015	0.6430976430976431	0.485510930350788	0.3509015256588072	0.9521435692921236	0.6490984743411928	0.9227943769247043	0.8039046756737771	0.89	0.7827890152449433	0.5628250425300462	100.0	3887.0	1003.0	2884.0	1967.0	0.0				
hydramp-mic-classifier	hydramp-mic-classifier	classifier	deepamp_species_grampos	battleamp	3444.0	2088	19.29	0.7954473688307895	0.8716130665991391	0.9222936763129689	0.047200520833333336	0.8262121939510322	0.9527994791666666	0.9614425808129301	0.9417912073400828	0.99	0.8678726918675409	0.6451742266199778	100.0	5155.0	2083.0	3072.0	1866.0	0.0				
hydramp-mic-classifier	hydramp-mic-classifier	classifier	deepamp_species_grampos	minustrain	3444.0	2088	19.29	0.6770675990815688	0.7080536912751678	0.6872964169381107	0.034532374100719423	0.7301038062283737	0.9654676258992806	0.942560553633218	0.7138038475395903	0.8	0.8439958650453523	0.6133364039585045	100.0	3069.0	289.0	2780.0	307.0	0.0				
apex-min	apex	regressor	deepamp_species_grampos	battleamp	1388.0	48	0.44	0.6565724089286539	0.6990861618798956	0.8947368421052632	0.020289855072463767	0.5736475629351901	0.9797101449275363	0.8735858934783041	0.7574139060296001	0.95	0.7703826180107589	0.6283297535488955	100.0	8077.0	1867.0	6210.0	1197.0	0.0				
apex-min	apex	regressor	deepamp_species_grampos	minustrain	1388.0	48	0.44	0.6554247003562823	0.6968595041322314	0.8962585034013606	0.0196837689577283	0.5700378583017848	0.9803162310422717	0.8730369939115725	0.7560899725808505	0.96	0.7698667493259843	0.6315123082967921	100.0	8047.0	1849.0	6198.0	1176.0	0.0				
apex-ecoli	apex	regressor	deepamp_species_grampos	battleamp	1388.0	48	0.44	0.3872378595114281	0.31704781704781704	0.9442724458204335	0.002390438247011952	0.1905059337913804	0.9976095617529881	0.7634479778159898	0.4823608408255424	0.98	0.617486746746099	0.5861504322583093	100.0	9131.0	1601.0	7530.0	323.0	0.0				
apex-ecoli	apex	regressor	deepamp_species_grampos	minustrain	1388.0	48	0.44	0.38274496008803394	0.3105263157894737	0.9455128205128205	0.002264251465103889	0.1857682619647355	0.9977357485348961	0.7628334981728977	0.4781156285874062	0.98	0.615775873802135	0.5841576014010137	100.0	9096.0	1588.0	7508.0	312.0	0.0				
apex-saureus	apex	regressor	deepamp_species_grampos	battleamp	1388.0	48	0.44	0.19165261316241444	0.10298850574712644	0.896	0.0016966849386583138	0.054634146341463415	0.9983033150613417	0.7649406319435159	0.42989629413542774	0.9	0.5509562722054291	0.5258478793749739	100.0	9712.0	2050.0	7662.0	125.0	0.0				
apex-saureus	apex	regressor	deepamp_species_grampos	minustrain	1388.0	48	0.44	0.18006447553541122	0.09319664492078285	0.8849557522123894	0.0017013479911006412	0.04918839153959666	0.9982986520088993	0.7645048944734869	0.4235285799523659	0.88	0.5489858276859552	0.5232103341527244	100.0	9674.0	2033.0	7641.0	113.0	0.0				
apex-kpneumoniae	apex	regressor	deepamp_species_grampos	battleamp	1388.0	48	0.44	0.0890272528860532	0.024880382775119617	0.8666666666666667	0.0005267316302343956	0.01262135922330097	0.9994732683697656	0.7610687793889401	0.39017801644464345	0.48	0.5315999951014228	0.5078452033982144	100.0	9654.0	2060.0	7594.0	30.0	0.0				
apex-kpneumoniae	apex	regressor	deepamp_species_grampos	minustrain	1388.0	48	0.44	0.07335717078824333	0.018357487922705314	0.8260869565217391	0.0005282620179609086	0.009281875915974597	0.9994717379820391	0.7613352461218419	0.3862212794482456	0.44	0.5307905801780601	0.5061937432246292	100.0	9619.0	2047.0	7572.0	23.0	0.0				
apex-abaumannii	apex	regressor	deepamp_species_grampos	battleamp	1388.0	48	0.44	0.5081489655770361	0.4815481548154815	0.9402460456942003	0.004564371056517654	0.323653962492438	0.9954356289434824	0.7885013128596904	0.5815230623381453	0.97	0.6771708478822827	0.6363631099773208	100.0	9102.0	1653.0	7449.0	569.0	0.0				
apex-abaumannii	apex	regressor	deepamp_species_grampos	minustrain	1388.0	48	0.44	0.503693543808604	0.4757990867579909	0.9387387387387387	0.004577891477043221	0.3186544342507645	0.9954221085229568	0.7874113337195594	0.5770045480075828	0.97	0.6751760593712489	0.6339132305825146	100.0	9062.0	1635.0	7427.0	555.0	0.0				
apex-paeruginosa	apex	regressor	deepamp_species_grampos	battleamp	1388.0	48	0.44	0.11089178100220995	0.03995793901156677	0.8260869565217391	0.001051110235185915	0.020474137931034482	0.9989488897648141	0.7358456906745682	0.36058133481153176	0.62	0.5385891274354317	0.5127726809510471	100.0	9467.0	1856.0	7611.0	46.0	0.0				
apex-paeruginosa	apex	regressor	deepamp_species_grampos	minustrain	1388.0	48	0.44	0.10760115089343796	0.03713527851458886	0.8333333333333334	0.0009223876663592041	0.018990775908844276	0.9990776123336408	0.7359524633956666	0.35908621218809655	0.6	0.5386740471929278	0.5122666636694775	100.0	9432.0	1843.0	7589.0	42.0	0.0				
mbc-attention	mbc-attention	regressor	deepamp_species_grampos	battleamp	3929.0	1490	13.76	0.5576912612068106	0.6919127086007703	0.5715800636267232	0.2644555967706742	0.8764227642276423	0.7355444032293258	0.8660008384940932	0.7212494748861445	0.92	0.681004193621986	0.5446464972677537	100.0	6428.0	1845.0	4583.0	2829.0	0.0				
mbc-attention	mbc-attention	regressor	deepamp_species_grampos	minustrain	3929.0	1490	13.76	0.45535900271254104	0.5353003161222339	0.3885772565017848	0.2704104645917907	0.8600451467268623	0.7295895354082093	0.836412097775144	0.4726228988249269	0.63	0.6156957623136242	0.520028412834569	100.0	5320.0	886.0	4434.0	1961.0	0.0				
sensexamp-classifier	sensexamp	classifier	deepamp_species_grampos	battleamp	20587.0	3141	29.01	0.4818780208956645	0.7094418362023995	0.554800108784335	0.5458486162054018	0.9836065573770492	0.4541513837945982	0.9346848338710139	0.8901976059574177	0.96	0.7824551035020775	0.5541425251683059	100.0	5073.0	2074.0	2999.0	3677.0	0.0				
sensexamp-classifier	sensexamp	classifier	deepamp_species_grampos	minustrain	20587.0	3141	29.01	0.4038235669360351	0.5900783289817232	0.4224299065420561	0.5719574271170754	0.9783549783549783	0.4280425728829246	0.9351265347331982	0.857616435617874	0.94	0.8097100055257828	0.5776269018347062	100.0	3085.0	924.0	2161.0	2140.0	0.0				
sensexamp-ecoli	sensexamp	regressor	deepamp_species_grampos	battleamp	20587.0	3141	29.01	0.8251975986828123	0.8895348837209303	0.9222423146473779	0.04563141139016626	0.8590679393599102	0.9543685886098338	0.9419248138041629	0.9245789754378759	1.0	0.867139233240305	0.6281580079035931	100.0	4608.0	1781.0	2827.0	1659.0	0.0				
sensexamp-ecoli	sensexamp	regressor	deepamp_species_grampos	minustrain	20587.0	3141	29.01	0.7821165411970848	0.8361429534726905	0.8998548621190131	0.03379040156709109	0.7808564231738035	0.9662095984329089	0.9201688964984691	0.876224063313729	0.94	0.8592555148717708	0.6453704636837766	100.0	2836.0	794.0	2042.0	689.0	0.0				
sensexamp-saureus	sensexamp	regressor	deepamp_species_grampos	battleamp	20587.0	3141	29.01	0.8281944129617808	0.8831874434047691	0.9663143989431968	0.017394270122783082	0.8132295719844358	0.982605729877217	0.9149874456553473	0.9187269923134977	0.99	0.8904328146689442	0.687134944515482	100.0	4731.0	1799.0	2932.0	1514.0	0.0				
sensexamp-saureus	sensexamp	regressor	deepamp_species_grampos	minustrain	20587.0	3141	29.01	0.7483192045640655	0.7977126518942101	0.9284525790349417	0.020302171860245515	0.6992481203007519	0.9796978281397545	0.8678554270473161	0.8333099422214706	0.96	0.837939114970967	0.6363981639247187	100.0	2916.0	798.0	2118.0	601.0	0.0				
ampredictor	ampredictor	regressor	deepamp_species_grampos	battleamp	2952.0	1780	16.44	0.35993312869591426	0.5640791476407915	0.40387968613775066	0.5614863477725313	0.9349142280524723	0.4385136522274687	0.7468313155496574	0.5038963244416645	0.65	0.5762082952125102	0.506853305190709	100.0	6853.0	1982.0	4871.0	4588.0	0.0				
ampredictor	ampredictor	regressor	deepamp_species_grampos	minustrain	2952.0	1780	16.44	0.2284927406317349	0.3311766115504433	0.20323529411764707	0.5752813760883415	0.8939197930142303	0.42471862391165854	0.6932671658713037	0.24255333145010394	0.3	0.5470039125905533	0.5053309280347938	100.0	5482.0	773.0	4709.0	3400.0	0.0				
deep-amp-lstm-gramneg	deep-amp	regressor	deepamp_species_grampos	battleamp	12593.0	10750	99.3	0.9098826181428024	0.930684874818953	0.9086868686868687	0.02849218356026223	0.953774385072095	0.9715078164397378	0.9795681122450071	0.9092598060034095	0.91	0.9202611285701239	0.5970091080013781	100.0	10290.0	2358.0	7932.0	2475.0	0.0				
deep-amp-lstm-gramneg	deep-amp	regressor	deepamp_species_grampos	minustrain	12593.0	10750	99.3																					
deep-amp-lstm-grampos	deep-amp	regressor	deepamp_species_grampos	battleamp	12593.0	10750	99.3	0.8069236330742005	0.8402246043899949	0.9221288515406163	0.017508502330268294	0.7716830754805438	0.9824914976697317	0.9627806657739005	0.8800426996901182	0.89	0.9010670454052155	0.6145239400616642	100.0	10072.0	2133.0	7939.0	1785.0	0.0				
deep-amp-lstm-grampos	deep-amp	regressor	deepamp_species_grampos	minustrain	12593.0	10750	99.3																					
deep-amp-cnn-gramneg	deep-amp	regressor	deepamp_species_grampos	battleamp	12593.0	10750	99.3	0.9494221361508348	0.9615695792880259	0.9527054108216433	0.015134025907400282	0.9706002449979584	0.9848659740925997	0.9914556032455448	0.9764489160864697	0.99	0.9736295705610193	0.8276624701433954	100.0	10246.0	2449.0	7797.0	2495.0	0.0				
deep-amp-cnn-gramneg	deep-amp	regressor	deepamp_species_grampos	minustrain	12593.0	10750	99.3																					
deep-amp-cnn-grampos	deep-amp	regressor	deepamp_species_grampos	battleamp	12593.0	10750	99.3	0.8617966826814668	0.8932837282161739	0.8324817518248175	0.0589216944801027	0.9636670891423743	0.9410783055198974	0.9639934638289749	0.8078593242318238	0.58	0.8419608033540706	0.5126547132539305	100.0	10157.0	2367.0	7790.0	2740.0	0.0				
deep-amp-cnn-grampos	deep-amp	regressor	deepamp_species_grampos	minustrain	12593.0	10750	99.3																					
apex-min	apex	regressor	deepamp_regression_gramneg	battleamp	1388.0	51	1.1													4508.0				0.0	-0.44590387063322146	6.607858985004494	2.570575613555161	0.239416573620173
apex-min	apex	regressor	deepamp_regression_gramneg	minustrain	1388.0	51	1.1													4457.0				0.0	-0.44074553712235387	6.568961502880991	2.562998537432472	0.24520695254022215
apex-ecoli	apex	regressor	deepamp_regression_gramneg	battleamp	1388.0	51	1.1													4508.0				0.0	-0.9555802288966766	8.937107541425199	2.989499546985281	0.2391438705385273
apex-ecoli	apex	regressor	deepamp_regression_gramneg	minustrain	1388.0	51	1.1													4457.0				0.0	-0.9650070863539715	8.959289180884255	2.993207173064413	0.24376216052130384
apex-saureus	apex	regressor	deepamp_regression_gramneg	battleamp	1388.0	51	1.1													4508.0				0.0	-1.5639404867450541	11.717346862717385	3.4230610369547	0.09975475390625411
apex-saureus	apex	regressor	deepamp_regression_gramneg	minustrain	1388.0	51	1.1													4457.0				0.0	-1.5801391071381046	11.763933345731807	3.429859085404502	0.10447592416446629
apex-kpneumoniae	apex	regressor	deepamp_regression_gramneg	battleamp	1388.0	51	1.1													4508.0				0.0	-1.54484682716028	11.630087804486486	3.410291454478119	0.09612121781817445
apex-kpneumoniae	apex	regressor	deepamp_regression_gramneg	minustrain	1388.0	51	1.1													4457.0				0.0	-1.5627652151296383	11.684718505346613	3.4182917525200525	0.10077240933959511
apex-abaumannii	apex	regressor	deepamp_regression_gramneg	battleamp	1388.0	51	1.1													4508.0				0.0	-0.762826801864591	8.056213942221696	2.838347044006722	0.2572063667246828
apex-abaumannii	apex	regressor	deepamp_regression_gramneg	minustrain	1388.0	51	1.1													4457.0				0.0	-0.7695093938847584	8.06793343301407	2.840410785962846	0.26077216533205305
apex-paeruginosa	apex	regressor	deepamp_regression_gramneg	battleamp	1388.0	51	1.1													4508.0				0.0	-1.2950211311598583	10.48837084561395	3.238575434602991	0.22953602153800334
apex-paeruginosa	apex	regressor	deepamp_regression_gramneg	minustrain	1388.0	51	1.1													4457.0				0.0	-1.3066810217328397	10.517123559135761	3.2430114953752107	0.2353195029889903
mbc-attention	mbc-attention	regressor	deepamp_regression_gramneg	battleamp	3929.0	2470	53.47													4523.0				0.0	0.4623302529363048	2.45566060372782	1.567054754540447	0.6866170772366456
mbc-attention	mbc-attention	regressor	deepamp_regression_gramneg	minustrain	3929.0	2470	53.47													2053.0				0.0	0.009788357184511765	4.081114331896333	2.0201768070880166	0.3685426100929375
sensexamp-ecoli	sensexamp	regressor	deepamp_regression_gramneg	battleamp	20587.0	2192	47.46													3469.0				0.0	-0.23842079551826179	5.455034608740614	2.3356015517935873	0.5105221537981497
sensexamp-ecoli	sensexamp	regressor	deepamp_regression_gramneg	minustrain	20587.0	2192	47.46													1617.0				0.0	-0.5242044077075443	7.395075996904601	2.7193889013718873	0.3734540965482265
sensexamp-saureus	sensexamp	regressor	deepamp_regression_gramneg	battleamp	20587.0	2192	47.46													3469.0				0.0	-0.6779286222137875	7.390992414127055	2.7186379704048598	0.3811464618907603
sensexamp-saureus	sensexamp	regressor	deepamp_regression_gramneg	minustrain	20587.0	2192	47.46													1617.0				0.0	-1.0366304817406018	9.881245004885201	3.1434447672712817	0.24943299025044402
ampredictor	ampredictor	regressor	deepamp_regression_gramneg	battleamp	2952.0	2930	63.43													4560.0				0.0	0.5128551279880234	2.235991337737795	1.4953231549527328	0.7226081204813868
ampredictor	ampredictor	regressor	deepamp_regression_gramneg	minustrain	2952.0	2930	63.43													1630.0				0.0	-0.07186677140832809	4.8301249973818035	2.197754535288644	0.3348904753766964
deep-amp-lstm-gramneg	deep-amp	regressor	deepamp_regression_gramneg	battleamp	12593.0	4500	97.42													4500.0				0.0	-0.8189174820585912	8.303233756016057	2.8815332300731944	0.32694752767281254
deep-amp-lstm-gramneg	deep-amp	regressor	deepamp_regression_gramneg	minustrain	12593.0	4500	97.42																					
deep-amp-lstm-grampos	deep-amp	regressor	deepamp_regression_gramneg	battleamp	12593.0	4500	97.42													4500.0				0.0	0.19925599686021012	3.655341543736705	1.9118947522645449	0.6356504308543971
deep-amp-lstm-grampos	deep-amp	regressor	deepamp_regression_gramneg	minustrain	12593.0	4500	97.42																					
deep-amp-cnn-gramneg	deep-amp	regressor	deepamp_regression_gramneg	battleamp	12593.0	4500	97.42													4500.0				0.0	0.011422771406934595	4.512787356132703	2.1243322141634775	0.42993244523572444
deep-amp-cnn-gramneg	deep-amp	regressor	deepamp_regression_gramneg	minustrain	12593.0	4500	97.42																					
deep-amp-cnn-grampos	deep-amp	regressor	deepamp_regression_gramneg	battleamp	12593.0	4500	97.42													4500.0				0.0	-0.03520517391719635	4.725640733709137	2.1738538896874227	0.5005740035493704
deep-amp-cnn-grampos	deep-amp	regressor	deepamp_regression_gramneg	minustrain	12593.0	4500	97.42																					
apex-min	apex	regressor	deepamp_regression_grampos	battleamp	1388.0	44	1.05													4094.0				0.0	-0.4418947502806523	6.4788874780962455	2.5453658829520456	0.22575694169941193
apex-min	apex	regressor	deepamp_regression_grampos	minustrain	1388.0	44	1.05													4050.0				0.0	-0.450883618241233	6.471672512913096	2.543948213488847	0.2242322176019539
apex-ecoli	apex	regressor	deepamp_regression_grampos	battleamp	1388.0	44	1.05													4094.0				0.0	-0.949848829486464	8.761285220770516	2.959946827355268	0.22159289145695443
apex-ecoli	apex	regressor	deepamp_regression_grampos	minustrain	1388.0	44	1.05													4050.0				0.0	-0.9727739149182599	8.799566387581692	2.966406308579742	0.2195913606560295
apex-saureus	apex	regressor	deepamp_regression_grampos	battleamp	1388.0	44	1.05													4094.0				0.0	-1.4587196921142627	11.04780236025352	3.323823455036913	0.1641948887880838
apex-saureus	apex	regressor	deepamp_regression_grampos	minustrain	1388.0	44	1.05													4050.0				0.0	-1.4932605088273032	11.12119904011941	3.3348461793791047	0.1616841490418021
apex-kpneumoniae	apex	regressor	deepamp_regression_grampos	battleamp	1388.0	44	1.05													4094.0				0.0	-1.5559467463918715	11.484674152989278	3.3889045653410306	0.10254212525297052
apex-kpneumoniae	apex	regressor	deepamp_regression_grampos	minustrain	1388.0	44	1.05													4050.0				0.0	-1.5886657607662609	11.54675456972788	3.3980515843241523	0.10159962414267344
apex-abaumannii	apex	regressor	deepamp_regression_grampos	battleamp	1388.0	44	1.05													4094.0				0.0	-0.7428862467513886	7.831337119180059	2.7984526294329264	0.24676542965365855
apex-abaumannii	apex	regressor	deepamp_regression_grampos	minustrain	1388.0	44	1.05													4050.0				0.0	-0.7641935328268252	7.869192711469504	2.8052081404896687	0.24346553814050573
apex-paeruginosa	apex	regressor	deepamp_regression_grampos	battleamp	1388.0	44	1.05													4094.0				0.0	-1.37035037635414	10.650731177897976	3.2635457983454095	0.15194568915494994
apex-paeruginosa	apex	regressor	deepamp_regression_grampos	minustrain	1388.0	44	1.05													4050.0				0.0	-1.3958992477761307	10.686918723596692	3.269085303811556	0.15208466391283607
mbc-attention	mbc-attention	regressor	deepamp_regression_grampos	battleamp	3929.0	1952	46.75													4079.0				0.0	-0.010327463274429904	4.5541672295665325	2.134049490889687	0.39086999127831323
mbc-attention	mbc-attention	regressor	deepamp_regression_grampos	minustrain	3929.0	1952	46.75													2127.0				0.0	-0.24479690362281503	5.165878392617076	2.2728568790438777	0.20687627660512312
sensexamp-ecoli	sensexamp	regressor	deepamp_regression_grampos	battleamp	20587.0	2057	49.27													3196.0				0.0	-0.44756949634722143	6.306869559752016	2.5113481558222897	0.36780646981568865
sensexamp-ecoli	sensexamp	regressor	deepamp_regression_grampos	minustrain	20587.0	2057	49.27													1433.0				0.0	-0.6031069165782437	7.593369836512079	2.7556069815037265	0.3232747265837656
sensexamp-saureus	sensexamp	regressor	deepamp_regression_grampos	battleamp	20587.0	2057	49.27													3196.0				0.0	-0.09260906036772254	4.7603537107758624	2.1818234829554526	0.594857998142093
sensexamp-saureus	sensexamp	regressor	deepamp_regression_grampos	minustrain	20587.0	2057	49.27													1433.0				0.0	-0.5441049003288698	7.3138974408482404	2.7044218311587858	0.41603604024484064
ampredictor	ampredictor	regressor	deepamp_regression_grampos	battleamp	2952.0	2399	57.46													4130.0				0.0	0.04021711470741385	4.32234952506843	2.079026100141225	0.4098095435026673
ampredictor	ampredictor	regressor	deepamp_regression_grampos	minustrain	2952.0	2399	57.46													1731.0				0.0	-0.31499699414592675	5.719477850549227	2.3915429853024235	0.15429249300370604
deep-amp-lstm-gramneg	deep-amp	regressor	deepamp_regression_grampos	battleamp	12593.0	4089	97.94													4089.0				0.0	-0.18286816296072383	5.312654783891954	2.3049196914191943	0.6208679854128121
deep-amp-lstm-gramneg	deep-amp	regressor	deepamp_regression_grampos	minustrain	12593.0	4089	97.94																					
deep-amp-lstm-grampos	deep-amp	regressor	deepamp_regression_grampos	battleamp	12593.0	4089	97.94													4089.0				0.0	-0.408259860470936	6.324963946926648	2.514948100245142	0.3520747558078449
deep-amp-lstm-grampos	deep-amp	regressor	deepamp_regression_grampos	minustrain	12593.0	4089	97.94																					
deep-amp-cnn-gramneg	deep-amp	regressor	deepamp_regression_grampos	battleamp	12593.0	4089	97.94													4089.0				0.0	0.3760850813145099	2.8022096471000277	1.6739801812148278	0.6695655445892961
deep-amp-cnn-gramneg	deep-amp	regressor	deepamp_regression_grampos	minustrain	12593.0	4089	97.94																					
deep-amp-cnn-grampos	deep-amp	regressor	deepamp_regression_grampos	battleamp	12593.0	4089	97.94													4089.0				0.0	-0.3820715858712376	6.207343685691683	2.4914541307621305	0.2554242420215459
deep-amp-cnn-grampos	deep-amp	regressor	deepamp_regression_grampos	minustrain	12593.0	4089	97.94																					
