Id,Sequence,lfcMLE,class
slay_0,TLDPPYFLDPVSPNPMCHRP,-11.19877864,1
slay_1,LQSPDLQHFQYLLLLSGSRGL,-11.0792694,1
slay_2,QRRH,-10.84300332,1
slay_3,AGAAFNSCAR,-10.83031397,1
slay_4,SSHLPHHGCNRRFVDGPAPPQ,-10.80324903,1
slay_5,NATMLCLSDNFCNENFTHQA,-10.79995921,1
slay_6,TRDTNDLISSRTAAPSMV,-10.67557882,1
slay_7,GDS,-10.60408267,1
slay_8,IHPLSFR,-10.57007278,1
slay_9,WYVFSLAVAPVNNTNRDGSP,-10.46208242,1
slay_10,PSNAVMPINARYKSGYSPAS,-10.36399512,1
slay_11,NNLYHTHGNCYKDTNINFEN,-10.27394418,1
slay_12,HLLPVISI,-10.15691001,1
slay_13,LTASRAPGSLPTVWLPIVLLN,-10.14144426,1
slay_14,IG,-10.05618293,1
slay_15,APMGYSSVASSMSTSSYFID,-10.04114246,1
slay_16,RPRLSGIMTYYVSTWISYIC,-10.02993893,1
slay_17,LSGERRHTVGVQTMHSDHME,-9.88336416,1
slay_18,QSKPDATQPYVHYCKRRLLR,-9.86106404,1
slay_19,PCATALIPSPRQDSRTL,-9.719448048,1
slay_20,GCLNFSVPVDRPVSPAKTAW,-9.619279758,1
slay_21,RVVILMLS,-9.558456356,1
slay_22,FRCPPFKFSCLALAFTDYNN,-9.50409925,1
slay_23,PVRCVTPTSPCAPNPHYHDQ,-9.450229169,1
slay_24,YAFFINNDCFYYCSLGPCASN,-9.396000238,1
slay_25,PLAPIVQTYS,-9.351877013,1
slay_26,SWHWLSSNHIATVSVETYSH,-9.320876153,1
slay_27,TLSVFFCIHPPPCSVSTSPY,-9.161242165,1
slay_28,YLLARLALQTFFSHGFYTFP,-9.158323083,1
slay_29,LTLLICPDDTFYKAK,-9.153919243,1
slay_30,NLFPSHSATFRH,-9.145825583,1
slay_31,TSDYILVQFYFS,-9.103869296,1
slay_32,PCISQSNDVCPSRESLPLCI,-9.092474232,1
slay_33,GHAHPCTNFIYDINLNPPPPP,-8.993326815,1
slay_34,YASHCPCRTICYHVSP,-8.968485196,1
slay_35,SKCSITTRRQYAHPRSAV,-8.945786077,1
slay_36,TREATPCARIRSDSFGTT,-8.93682625,1
slay_37,TPMDRSLCHNHTL,-8.915743293,1
slay_38,SVRSSAPLMRVIGNCPSNHH,-8.862865397,1
slay_39,LLYEVDPAT,-8.835649009,1
slay_40,SGSSPRNTQTP,-8.805127118,1
slay_41,ANPAYKFKTCILCL,-8.804192575,1
slay_42,HTSNEDKTVYPVHSECIFDY,-8.804192575,1
slay_43,LYAEVGRLLIDLGAT,-8.765310579,1
slay_44,RLDLASPFDIGIEGLSPANL,-8.762448377,1
slay_45,FYVPLRSSQPQPPISCRHTP,-8.749343935,1
slay_46,LLVSSPSMRPIAVTPSGPAPN,-8.744990113,1
slay_47,THHMTGGVSWRGAPSLPYVN,-8.737184102,1
slay_49,AYRRLPLHARSPTVRVNLET,-8.731085535,1
slay_50,SPDFLRCSHTSRFVAYLLLS,-8.723435498,1
slay_51,EYPCILTQTAVNNSNSDTVY,-8.716436564,1
slay_52,RPSIAPRFSPIGSDNMLISF,-8.714494881,1
slay_53,CTGYHKLNARDTVNSDISSS,-8.684267394,1
slay_54,IRVSNQSGLYGCPITLDWRL,-8.666880961,1
slay_55,DYRCGTRRFTIWAHLLGI,-8.653477123,1
slay_56,TGADGAHSCLITHYTENYGN,-8.64083325,1
slay_57,IVLGAIHHYSSPSALSRVLQ,-8.6356714,1
slay_58,ANLLIWLGLYLSHQNRRVDD,-8.619810787,1
slay_59,LDPSYIFLDSSPMLRAESIN,-8.589694272,1
slay_60,GNHLACLGVRLIRGFNLHHL,-8.552343891,1
slay_61,HGVHHLNDHLSFLTLNLSLH,-8.519830499,1
slay_62,IRSCLRTVRLLVTTHYYHRE,-8.496771264,1
slay_63,YDLDRGCAYNLLVYAERYYQ,-8.476876312,1
slay_64,RNLHLTASPVRVPRHRPINS,-8.420635213,1
slay_65,RSSFHRIIYFIENHHIKNAI,-8.419408021,1
slay_66,QLTMNNPRMPSSA,-8.41084216,1
slay_67,RCPHISASYVVLPGVIHSTT,-8.399717354,1
slay_68,RRVRHRILSDIRVAHYRRWP,-8.381063072,1
slay_69,TRTSSQTVAGNPRYNNSERS,-8.379795318,1
slay_70,ALAYFHRVCA,-8.364599533,1
slay_71,SHNPHIRGPIQRSRKRPRRT,-8.345477834,1
slay_72,RSPCAPYAPPPLTFFRTVSA,-8.32865132,1
slay_73,CTPAPPGIPCCSAYTFYYNR,-8.324766302,1
slay_74,STVQYHWNNSPFDSHARRTI,-8.160551725,1
slay_75,LTFHCHHNNDCNFNYLSSTL,-8.126588755,1
slay_76,PKHSYSNVLA,-8.120522393,1
slay_77,SSNYRQSECYDTSSFTYVLI,-8.09320775,1
slay_78,IGDVMATVATLINASSLYFP,-8.090127124,1
slay_79,NVILRNSGLHASICSPPPPPP,-8.038576906,1
slay_80,VASVFNCRNCLSYSNPNDTP,-6.794966094,1
slay_81,TASHSSSQYPKT,-6.774307452,1
slay_82,LWNWDCFCFLRYHFGKRTTN,-6.704279893,1
slay_83,PLLHIFNSTAMYIY,-6.628951447,1
slay_84,PYGASTANIDFLDVFIYNTT,-6.558097717,1
slay_85,SS,-6.535662664,1
slay_86,TK,-6.471460267,1
slay_87,STLCIQSRPSNTSCIHLAKN,-6.429925021,1
slay_88,TIRLHVSIRIYLWRRRMVSA,-6.219377517,1
slay_89,TQLYHTWH,-6.152295379,1
slay_90,LPLKASQH,-5.974072408,1
slay_91,CALIIIFFYVRVCVRVSLTC,-5.958374211,1
slay_92,YGRSHATPNSDVSSMSPITA,-5.943544592,1
slay_93,VVSNGCVNTVTILLNLTYGN,-5.856883062,1
slay_94,RLAHFPNHAVCDPHIINKPL,-5.776632689,1
slay_95,FRLCTINSYPNSSTNTAMIM,-5.771251611,1
slay_96,RLGHDSNPWHIFRYNNNIPI,-5.759235422,1
slay_97,RYHTHYC,-5.732501208,1
slay_98,LQLSPRYVSRSYDCPTPLTT,-5.690357281,1
slay_99,RRCPPSSFAGHDPHRPIY,-5.652137169,1
slay_100,CYVPHISTYSHEAFLVLADR,-5.627055881,1
slay_101,SSWAGHTRCGRCHPRYCYVT,-5.624605563,1
slay_102,FKYQVRSFCNHHNTDSQTKY,-5.617006132,1
slay_103,LYCNHHTTLRCPKITVQNTR,-5.550046813,1
slay_104,GHCSQIRFTACPIHALCNGT,-5.493796742,1
slay_105,SMLAYVDKNDHINPPHSPRS,-5.491142605,1
slay_106,LYMFNSTMSNVAYEFI,-5.474993046,1
slay_107,VNRMYKADPINHTSFHSILAN,-5.459369358,1
slay_108,WIYHATNHIPVTNYIKSLDL,-5.448027615,1
slay_109,YVTASNLYFVNCFTMFVMAK,-5.441811023,1
slay_110,RRDCNIESHYLRTPRS,-5.421096126,1
slay_111,GSLTSIDRCELDHVGYIHYK,-5.394614893,1
slay_112,YYVHPMHLLSPNISALSTNF,-5.381941424,1
slay_113,FVTQYSPFLGYFAPTRCSVP,-5.357005178,1
slay_114,IVFSGHDLQTDYLNNRIHLV,-5.342522801,1
slay_115,PSFPSIYIRLSRIRHRHRRG,-5.324735601,1
slay_116,ADSQHAPP,-5.286945341,1
slay_117,YPYDRLSNVFDSLHYYCIQT,-5.204500343,1
slay_119,PQLFTNHTPDSSYGIILAL,-5.111832155,1
slay_120,ERAPSYHTRSSSDSSNSGET,-5.095689198,1
slay_121,TLVHNDSLSAQEPPPLSQ,-5.093148902,1
slay_122,SHNCIHYP,-5.024636166,1
slay_123,CPVQQSTYDKCSQPYRDTQH,-4.993211104,1
slay_124,WQTMVTTCQMEDTSHCHNLH,-4.936646962,1
slay_125,RPYPPNFRRTPTQLPHLLVS,-4.902127998,1
slay_127,KRELT,-4.755224102,1
slay_128,FDNTRMFCTIDIYNTDLHMH,-4.737284823,1
slay_129,LPLPSCSSHGGDADNTSQRN,-4.664375999,1
slay_130,DDPIVFVSRTNVLPHY,-4.636636285,1
slay_131,TPNVYHNGDGRVPLHCSLSL,-4.627957776,1
slay_132,RVRTFQHLNYHFRHPIYLNN,-4.626449419,1
slay_133,RFRGHHNVNSWFVIFSHHHD,-4.609976169,1
slay_134,TCRTNRPCFYDLDLNVCRCS,-4.608317865,1
slay_135,PT,-4.603978668,1
slay_136,CDAFDGVSHTPSYRLEFPQG,-4.601870135,1
slay_137,LPYDNSIILTPFWNNRQ,-4.597603475,1
slay_138,RTEVLPYRNTQSGIPNYEFS,-4.592672579,1
slay_139,ADMLLHRSNSNEHDHCAILL,-4.586768996,1
slay_140,DNCDSHCYYLPIRYCPWRPV,-4.568042712,1
slay_141,IPRTSLDYISDDGLCILVD,-4.561902078,1
slay_142,VPLAVASEPGPTLNGPPRAT,-4.52566424,1
slay_143,TFAITDMFSETNSITRFN,-4.492628054,1
slay_144,LLPPGDLYQNRHIFPECNHN,-4.488733212,1
slay_145,WLHNRISSGLYICRDHKSYC,-4.488440123,1
slay_146,PHGHSFHVYISLLFY,-4.481090353,1
slay_147,KP,-4.477174505,1
slay_148,CRTTSNHPLEIRRYCMYHGR,-4.468239328,1
slay_149,LQHLLMKIYTLVAHTAACTF,-4.46270752,1
slay_150,THKFHHRGRGYHSPNACLAG,-4.452361314,1
slay_151,NDLYIGLYELMVNPARDHPN,-4.447394876,1
slay_152,ANLLLTLFMLTLRVGLAILSN,-4.402404215,1
slay_153,NPFLGSGSIGLFHRSMCCIL,-4.384882871,1
slay_154,RLHFGRGARVHVHYGMGAVH,-4.383744193,1
slay_155,RLASNHNPHHLHTSHQE,-4.380215988,1
slay_156,LVDGSWYSRPYVHSAGPPRV,-4.37592386,1
slay_157,PTNRKRSNYSRLYFFDICSY,-4.374251971,1
slay_158,LAGACPLHNSPNNGF,-4.373629176,1
slay_159,SPISNTA,-4.371379293,1
slay_160,SPIHAHCCTTNYHDIIVDFV,-4.365867703,1
slay_161,RWALEPHSIWFHLKKMHLT,-4.364333798,1
slay_162,TVPRSERCRYCQLTDYLFSC,-4.358196515,1
slay_163,PLG,-4.341174829,1
slay_164,WSGVTHPNLLAILGIVCCLL,-4.332153643,1
slay_165,PH,-4.319382278,1
slay_166,LA,-4.318280443,1
slay_167,AIEVHAAWMLVPC,-4.285055938,1
slay_168,PNPHGIPSSKSNTAGNTLAI,-4.281593678,1
slay_170,QLDNHHLLHLNLRYGCRAYL,-4.244720407,1
slay_171,HWYYVHFRDHSSLYTLLPDL,-4.235635403,1
slay_172,RAAFNRLTRFCAYVYSWQ,-4.22258595,1
slay_173,SRFHPVVNAARPNAHEGYSA,-4.211365308,1
slay_174,PC,-4.210993358,1
slay_175,LLTTPYSQLSNAVYLPCS,-4.185233921,1
slay_176,TPLRRHYSIRWLYVRIRRRN,-4.173954229,1
slay_177,ATRRTATNLLGERTDAHTYR,-4.168597584,1
slay_178,AFTDDAVRIPGRRCTTFNCS,-4.163704364,1
slay_179,TFPPVHLSSDAILGDLHHAG,-4.162412628,1
slay_180,PYPPYPRLPLFNLALDRHHA,-4.160608711,1
slay_181,AMQIPNSLCAISS,-4.146151721,1
slay_182,PLPDGALYIHPSFSYVFYAT,-4.131147837,1
slay_183,NVSLDNHGMLPGMLKSFYC,-4.125964318,1
slay_184,AGGYRHYMYGPHDWRFHRFY,-4.125168113,1
slay_185,MYNSASDETTSSHSNTGNYN,-4.119743013,1
slay_186,CPFTVSDTSASYRSTRSFYS,-4.113189416,1
slay_187,LATSTLDYHSHLYSGPNSYG,-4.093042422,1
slay_188,THDLAHNNNYFRVGSYLRLY,-4.083749981,1
slay_189,MALWNPLLCKANHDLYLDAN,-4.06164986,1
slay_190,KGVPVHIMPGAFFPSLVAGR,-4.060670442,1
slay_191,IVPNMSAHGSSWLYA,-4.059082921,1
slay_192,RLVSAEQHHNNSSYLAFMNE,-4.056520647,1
slay_194,LVCLCDCFQPDRTGSSVSED,-4.03484414,1
slay_195,TSNSPKALGNTASMSPMCHI,-4.021737674,1
slay_196,NCAFERPNHPSPYYDFEYTI,-4.016987174,1
slay_197,RNFLPGFSVDYYPNNHIPNI,-3.991258169,1
slay_198,EPNHHSAVTGNRNNSATDND,-3.984249422,1
slay_199,PDSPIVVVAQHKRPCDTLPF,-3.959413419,1
slay_200,GHSPSLHCTMVIVIDGDNVT,-3.94930198,1
slay_201,PTRTEQWSTSNDSERTCLIL,-3.935983344,1
slay_202,CGHCHTCTIPYCGNLIVAIHY,-3.921113125,1
slay_203,PADTFFLLP,-3.919048498,1
slay_204,TVTSETLYFRLTCYTSRP,-3.909633957,1
slay_205,PRSTDVARRPGLSTV,-3.900525094,1
slay_206,HSAHYYNYFSSCSHYNLYLY,-3.895584601,1
slay_207,TSPATYRHTNWRGAPPLPNT,-3.883733944,1
slay_208,SHLDNCTSVYNAANYTLMIG,-3.881977587,1
slay_209,ISSLR,-3.880028859,1
slay_210,LMYNATYDH,-3.872680474,1
slay_211,INYALLNFSHHYASFVMVYF,-3.86814667,1
slay_212,TLHAGLYSVIIMFYGRWVSN,-3.867503627,1
slay_213,PAEWSTVVGNFTYHFNYNLL,-3.866259581,1
slay_214,TLYIITYWDPDYKNIVSLTI,-3.866193186,1
slay_215,HPITIPNLLLAYRMPVLMLF,-3.852123265,1
slay_216,GDCTHKYADLPNAISNLFLR,-3.84875577,1
slay_217,GHVAMDPNINAVFHTTADTS,-3.846292679,1
slay_218,IKTPKLDPN,-3.845518334,1
slay_219,HNFPCVYLARRRSSTRRGRVT,-3.838064627,1
slay_220,PSHGLDSSRRTHCNYIRTCE,-3.835757135,1
slay_221,SVRGRCCSGEYARSRAVGTP,-3.83126454,1
slay_222,PLQSPALATVMRIDHPTPTV,-3.824148604,1
slay_224,NICDTYILRDNRPFLT,-3.807549309,1
slay_225,WPPPNYQRHDALKEEETSNL,-3.803080391,1
slay_226,PNDPDSPCVYRMPNARGCSI,-3.797211219,1
slay_227,VLLQY,-3.795058512,1
slay_228,PPGPANHAHHICIWPSEPAH,-3.76169666,1
slay_229,HVIASGCAVLLNYFRVMLPS,-3.755028905,1
slay_230,DHHRFIAPDISLARYFILYT,-3.753300526,1
slay_231,PSSSQVPGDHFHFSNYVTFLY,-3.75328965,1
slay_232,LFNLMSILNPDFSYYTNASN,-3.748139249,1
slay_233,AAHFAINWLIN,-3.734901056,1
slay_234,STYF,-3.733164298,1
slay_235,GPGSSRLEQAIHRFCVMAQL,-3.730387649,1
slay_236,SNSCLSSPCNIHYSVIPDRN,-3.721585944,1
slay_237,MQARPHWFSHDL,-3.696662792,1
slay_238,NAPIISVCYCSTQILCLGDI,-3.691615462,1
slay_239,NRPNM,-3.684156709,1
slay_240,PMHYLGSTTLKKNHLYHDSIN,-3.683398541,1
slay_241,ASDSPFQECDHLFYISNYIL,-3.681530142,1
slay_242,RPFSKHSYNTDNTDYYHSNC,-3.675384779,1
slay_243,LNMLLYSTFRFTCSGNDHYH,-3.673017527,1
slay_244,LLVSYCNGDIKHCHPNNSFS,-3.656339863,1
slay_245,PLCYTLHSHNYNAAYYSSLS,-3.65580597,1
slay_246,PKTPASYCTIIVMVDNTVSL,-3.653006613,1
slay_247,LFHSEFSDTQRSIHNISDYL,-3.647811506,1
slay_248,LSVDKRPVLHPEHIYGHNHY,-3.634915318,1
slay_249,WTSRFALLTKHFAIFVTILTN,-3.633003808,1
slay_250,HHRNLQLYTFLSLLWTHYAA,-3.632598555,1
slay_251,PYARSLGTGGNYIVNIIPRY,-3.631446527,1
slay_252,SSNRHLGGSCQSPESDNYSIY,-3.627535705,1
slay_253,SDD,-3.623394821,1
slay_254,PPCCVTPPSILSFAVATCAT,-3.611742038,1
slay_255,ILVVSL,-3.596246375,1
slay_256,PNLHSGNRPLYNLFAYAAHG,-3.591459538,1
slay_257,HYFYLDVLAILPLHFKSIPC,-3.586537834,1
slay_258,S,-3.581473131,1
slay_259,RDIITIRHCAYRHTPNTRIC,-3.578565228,1
slay_260,RHIAYHCNMLFSDFLDRFLE,-3.576072024,1
slay_261,YSGTYTGFSNYCIVDCTI,-3.573776222,1
slay_262,PPYNLHTDN,-3.573105489,1
slay_263,AWNYNYGKPPLGINLQYLRT,-3.572050853,1
slay_264,RPFHTTPNFSRCLYPRDSFL,-3.570789044,1
slay_265,PFGKHRSGLFPRHNSKTAQL,-3.568802958,1
slay_266,PGGCPSLRMHDLDDTMHVLQ,-3.565244577,1
slay_267,RGSKDCAYPASSNLDSIILN,-3.555676142,1
slay_268,PILCDLGVAYAIPPFCDD,-3.55347674,1
slay_269,RRARGVYTWYSNLPSAQRVP,-3.54274379,1
slay_270,RTLTFMVRIGAKMLFFEIRY,-3.537380224,1
slay_271,RMGSSYTSGIDLWLVLHHNN,-3.535221824,1
slay_272,PYWLGTLDRVNYLGPTGYAF,-3.529592581,1
slay_273,PMFVGSITTASRTALLP,-3.526901631,1
slay_274,PGPYSKSLLSIRCADPN,-3.523341734,1
slay_276,YRNTTTIR,-3.521464036,1
slay_277,SQTYCIWLRVRIRIAIIIRLN,-3.516739574,1
slay_278,TNFHMLNYYASPGCSYKEPL,-3.514190338,1
slay_279,RSNNVFTLPQNLHSANKLCP,-3.51075624,1
slay_280,VGTSSLNGDKVPNLPRRVIR,-3.506059174,1
slay_281,VSVILRPNGLNLSVRLSYAC,-3.504140289,1
slay_282,PPGGYHCDLYFLILRH,-3.496900277,1
slay_283,RLALTFIHRLYHPNHLNFHS,-3.489376982,1
slay_284,IRYGPPCSHNLREHLPKTLE,-3.477643332,1
slay_285,GNLNFPIEWKARRMVEVKSQ,-3.477118247,1
slay_286,DIHAITRVPDTQLIHFVCIS,-3.471237217,1
slay_287,QSTSNLHMSYTVNGTNVLGR,-3.469069046,1
slay_288,NSVDPIDSDIDMTYNALHSDY,-3.464612877,1
slay_289,PPVRKRITVSYHILFNKNND,-3.454002501,1
slay_290,PSDLVPTLSPNNRGPPEYSP,-3.452723504,1
slay_291,TCMHNNWLPLATLSDRRHLF,-3.451725875,1
slay_292,TGRGRHPHGTRTVRIATPNN,-3.449725847,1
slay_293,STPGLCTTASPPFVP,-3.448524874,1
slay_294,CPPLLGYSARDRLSIYGSIV,-3.446993205,1
slay_295,SSYNAHMM,-3.446520758,1
slay_296,ANSLCFIRGPPSFISKLHNI,-3.446283126,1
slay_297,KCCSPDTCPTVPEIHMPLSS,-3.444089917,1
slay_298,HYHRFATGATRSSYHTHAFI,-3.443744778,1
slay_299,TSVDPNICICILFGHLSGYY,-3.443461708,1
slay_300,CPTSALPSSGLLTVPTYASS,-3.439824727,1
slay_301,TYTQ,-3.422737748,1
slay_302,DTLFHPKLHPHSAPTCTM,-3.420775894,1
slay_303,YPIRHSLPYAPYMFRTVACP,-3.420544554,1
slay_305,ATCEFWRECT,-3.416499192,1
slay_306,MLCPHYSGHSRYTVRTFCKN,-3.414613174,1
slay_307,LIILCYTTRSSIDTKYVPS,-3.412188575,1
slay_308,GVVCYLATDSPGTYPGSLSL,-3.407918751,1
slay_309,ELWPYFPSSYDLLCMPVDTY,-3.402009098,1
slay_310,AGRNFPNCLCGLDAMTSSDI,-3.398673572,1
slay_311,IPPQCPGILLPAYAFSVDSI,-3.390517651,1
slay_312,RVHAVPPPGSHFPFLTRAGCN,-3.386591026,1
slay_314,HAGMDSADFIEYSASNKAHL,-3.374849819,1
slay_315,SSFNWCPHRVFFCLSTKEVP,-3.371083305,1
slay_316,DICDNNIETNFQWTTDV,-3.36764975,1
slay_317,QSTTLHTTCGYMSNENDEKG,-3.36272015,1
slay_318,FHILIARFRRARRFTIAVVIN,-3.355040279,1
slay_319,SYYRIHQRIIVSSINAFTNY,-3.341643741,1
slay_320,PSPDLRAPSNHYNVYGTSH,-3.338922301,1
slay_321,ANCTHAIYNNFCHHDHAYRT,-3.336263765,1
slay_322,TTSIRRRYQVSLIRRHRGKR,-3.325825657,1
slay_323,FLYHNFAMGWFIPGRPMYRA,-3.307801879,1
slay_324,LMRTVGADSLSALFPDMGKP,-3.299488283,1
slay_325,EDPAPYTYIPHRYSSSISTH,-3.299027103,1
slay_326,GI,-3.296862389,1
slay_327,HSLSLSIRDSHINYECNNDS,-3.296624879,1
slay_328,QNLITNFVGGNERHILPIAF,-3.296283083,1
slay_329,HANFSAPLTFLLTIRRRARG,-3.294466029,1
slay_330,TITPAIPLPRIRSPPSCTFVT,-3.292938432,1
slay_331,PNRQHLNFHYFCLMLHPPMP,-3.292835509,1
slay_332,T,-3.291737964,1
slay_333,QGNHTLNPSFSANNSFCAIT,-3.290176354,1
slay_334,LHSTSIHAMSSHSRTINGKH,-3.282401502,1
slay_335,IFDHDTHCSCNFHFIANGSW,-3.281347536,1
slay_336,RKCVISVARRNRRANIKILCN,-3.271397872,1
slay_337,EPTILPDSDNSWIYTLDFTK,-3.266355855,1
slay_338,HNSFDSLLFYRKMDECVVGA,-3.261691002,1
slay_339,LSMQ,-3.253991867,1
slay_340,IEAPSTVPPYPFTQSCYESW,-3.250426967,1
slay_341,ISANYRSVFDSQHRVNDLLA,-3.24643259,1
slay_342,LAMPFIKYPLNSRDGVCTHP,-3.245834497,1
slay_343,ILLRNTGFITRVFQTCVEPV,-3.24559129,1
slay_344,FTMYVVLLHIRQNL,-3.244140384,1
slay_345,SLDYNHRIDLSVLPYCLGPT,-3.243013183,1
slay_346,PRPRWPPPTTHTIVTPQDTL,-3.240285302,1
slay_347,RLHATTYMHMHRDLMNFAFL,-3.238727401,1
slay_348,APYRRCSKNRLVLAS,-3.230080004,1
slay_349,PRRAYFNFNGGSYDTVTISF,-3.218322751,1
slay_350,LGEAYECSTFNFGST,-3.208995117,1
slay_351,VITPDRSGHFTFDHYYYWAS,-3.20555497,1
slay_352,IGHLYHSYVSSCSRSGVGMS,-3.203569634,1
slay_353,NAWYTVHYTHNFVIS,-3.202079935,1
slay_354,DFLALSHYTCCSSNHIPPCH,-3.20171403,1
slay_355,YSTMFHDHPGMGGFDRPPQL,-3.201144087,1
slay_356,MQPHRRNYNTYSLFTDPSDT,-3.19831879,1
slay_357,HTVLPLYRTVTSKCSHTMGV,-3.19415068,1
slay_358,PYNVYHSFKHYHIYDDNWVP,-3.193850084,1
slay_359,CLHCLCYSGSDCDNIYSFIS,-3.192364754,1
slay_360,LHAIFLHCCKIHAQCVTLYT,-3.190409947,1
slay_361,PALHYVNFERYMPSDNRRL,-3.183401474,1
slay_362,NLSLPDYNICMHREHPTILL,-3.181005733,1
slay_363,MRFNPTHIYSVPLMTLAPLIN,-3.179457618,1
slay_365,DISHRVRSSDLFLHRPCISY,-3.172340315,1
slay_366,SLHYGPWHDIFNTPMSHYLW,-3.169113979,1
slay_367,PCLYDSNCYCFNYCHRPNGE,-3.165937777,1
slay_368,IATPCNLLDDVFDYTLATDS,-3.16468514,1
slay_369,HMENGGVCTLLPACGRTHED,-3.161393701,1
slay_370,TSYLRYTPHTTLTIFIFVCPN,-3.155162798,1
slay_371,SSAYAHDFDWLNYFVC,-3.155134618,1
slay_372,CAASYIQDPASYACFNLKSA,-3.154200955,1
slay_373,NSLA,-3.15220436,1
slay_374,NYTRTHIQILAVPVITF,-3.152000252,1
slay_375,LPETEALPYRCNIWITLNKE,-3.147865069,1
slay_376,LNTSSRINCFYIDPPDHLFS,-3.147174002,1
slay_377,RTNLLVMFSFLACMSIPMRI,-3.144438501,1
slay_378,EHAS,-3.143744326,1
slay_379,YFPWKGIDY,-3.134937798,1
slay_380,CNQSPFIYIACWGNGVIVHL,-3.133799801,1
slay_381,WIPPPQASDTTDGVASSKYD,-3.133292216,1
slay_382,HLDLHLNKSLHITLWYV,-3.132696868,1
slay_383,VHTLQTYKDAALDTLYRVLFN,-3.131877216,1
slay_384,AQAPDSRYDNTFIGHIDVMK,-3.126791038,1
slay_385,RKSYSLHICANDYNDKNLGPN,-3.124208007,1
slay_386,NKCRPISKADVL,-3.124017761,1
slay_387,AHPRPVSAP,-3.120200827,1
slay_388,SSDYSDPLSWARSTCDNRNP,-3.1169359,1
slay_389,AFTNMLITAFCNPIYAMTVDL,-3.114145566,1
slay_390,VCDYHYNIHCLRRR,-3.106088892,1
slay_391,IIDSGTQPGAFYLVMFRIVQ,-3.101735611,1
slay_392,GTSSPRKPIHNYRKENITND,-3.101354658,1
slay_393,VPFLPGIWVLPRPVRIASFAN,-3.100763009,1
slay_394,SGEDR,-3.099859808,1
slay_395,MPRVHPTVDRNALYLIPVIN,-3.090745381,1
slay_396,APRIDDIR,-3.089527034,1
slay_397,AQSDWNTSVGSFHYSCAILY,-3.086250265,1
slay_398,LPFRWGGSVRYPMRRCTTLV,-3.080487564,1
slay_399,RAHSSHRYNHVVYSISSYIY,-3.07222735,1
slay_400,AHRSGNFFPIYPSSLPMAFY,-3.07133121,1
slay_401,IVGDLLNKGFNSGDSFT,-3.066295457,1
slay_402,PVNEDIQ,-3.065397012,1
slay_403,RENRPSHWFVTQLCYLLCRH,-3.064732938,1
slay_404,PATTNGSR,-3.064687912,1
slay_405,STLLKSYHIFAYSMLPFWYH,-3.064252131,1
slay_406,GSKGSCTLYFNLIGFWTPTD,-3.062607262,1
slay_407,RCHLHCYTTLNDPPHHRVS,-3.061103749,1
slay_408,LPEISHTRR,-3.059377049,1
slay_409,HTIVLLTLVTLRRRLYSFLK,-3.057961384,1
slay_410,AHLSNSIDPFHAGSVHFTPD,-3.056371638,1
slay_411,LKWYCHFNSTQNLRAQTNIG,-3.055331987,1
slay_412,CGGLLAWTGPLSECIQFWLL,-3.052366812,1
slay_413,PP,-3.052261773,1
slay_414,LRGLLSFSSYQMVMDGDTITN,-3.051647312,1
slay_415,TTLFNVSLHMVNTSGSTGTN,-3.050077104,1
slay_416,AGNWLMAGLSLAPARPSPNG,-3.048431307,1
slay_417,LSLHCDIGFNANNTLSTDYI,-3.046162645,1
slay_418,FLVAVRINFNLNIRFYIDLS,-3.042169764,1
slay_419,FIPHHNHSLAYETIVSGRDP,-3.038346193,1
slay_420,HHRSRKMYNWNHNEANRHYQ,-3.036292141,1
slay_421,IICLELANDDLCCKCHSSDD,-3.035458699,1
slay_422,LAESALLRGNNSCNLTFIRN,-3.035321095,1
slay_423,YSHVCKTNTSHCYTFHYNGF,-3.033373628,1
slay_424,SQP,-3.022430872,1
slay_425,KHRF,-3.017728958,1
slay_426,LCALTQASTLSNNHTTHLAT,-3.011908633,1
slay_427,WFAPCKSAAIHAF,-3.010097078,1
slay_428,PRTLLTTALRILYTKGLLGD,-3.008441967,1
slay_429,VFSSAYRADAKGTSSFNSTQ,-3.00843429,1
slay_430,PNISTGPSFILPLLLGCIAFN,-3.008154997,1
slay_431,YSTSSCSCDYQSSSYR,-3.006494118,1
slay_432,HAALGCQHYPNMRTELDHTK,-3.005033409,1
slay_433,ASSVSSFVLYSARSFNNSSH,-3.004289966,1
slay_434,VALDTTFSHRSPP,-3.001723322,1
slay_435,LVYTDLYGFFSDLRPRNQDD,-3.001427692,1
slay_436,KNVNHSVIVNPNFDPNTVTR,-2.996795391,1
slay_437,STTLYLPGLNRIRTNDFMIT,-2.994535414,1
slay_438,STLINVFDR,-2.993298073,1
slay_439,LVTDAMWHGLHVSRCHSHYY,-2.987837672,1
slay_440,GPIHDVLRMIRSSGTTHFYS,-2.985542208,1
slay_441,LPTNSIRRDGLSADHHRYIRN,-2.984752577,1
slay_442,LMRSVFLNMCIPSDYMDPSVP,-2.980108225,1
slay_443,NKNPIRLSFYPHNYYLYSSV,-2.97711975,1
slay_444,TSLCFVIILNLKSDMAG,-2.975418632,1
slay_445,HNNPPAPNGPHSTFIADNAS,-2.969812411,1
slay_446,WTYFHSNPHEYQLNLLIANM,-2.965724738,1
slay_447,LIFTLQNRLQPVAMHKPCYS,-2.96235281,1
slay_448,PDHNNHT,-2.960496135,1
slay_449,YHNHSHD,-2.957992025,1
slay_450,ALTQHRLGLRNIPQNLYIMV,-2.955226946,1
slay_451,ASFTHPPIMAPPIYASSEVE,-2.954724832,1
slay_452,HTLQQLRCPHCSLSNNSMVY,-2.950948377,1
slay_453,TISRGNSPPSANTALLMNYI,-2.948205858,1
slay_454,TPTGRVCPTVNYGMT,-2.946165734,1
slay_455,TSPMQSLRLLTSISLKNRVM,-2.944862692,1
slay_456,IAVGPVGRIRFPRLTFRFTL,-2.944432666,1
slay_457,SGRQTGNHNCYMSLQLLTIC,-2.939321956,1
slay_458,QSAAGMPSVD,-2.937029352,1
slay_459,PRIFCILLPRPCSGHVFYAS,-2.92688971,1
slay_460,VSFFTVPLWHCLPSDLLALN,-2.918657107,1
slay_461,ALRTMY,-2.911479756,1
slay_462,RTLPFCAPGIVLTLI,-2.911230839,1
slay_463,CVVDPLY,-2.902558458,1
slay_464,RPIIPYSAHSYLCVTTYNPT,-2.90162133,1
slay_465,LRVPIVPISS,-2.901309459,1
slay_466,YRHTAN,-2.898822009,1
slay_467,RAN,-2.892370073,1
slay_468,MLDYFLGHSYLSLVDEDPNR,-2.887579609,1
slay_469,APLFFGLCIVCTTDGRRKSF,-2.885409303,1
slay_470,TCVDITATICAVTWIVIDFA,-2.883932547,1
slay_471,NLL,-2.883633199,1
slay_472,YYNPLPHDCGRDNNTDICSR,-2.879347162,1
slay_473,DWTYTYVSRPIASLADLHAI,-2.879109984,1
slay_474,MAGSVAYTSSFSNPCTVNHY,-2.87643907,1
slay_475,LIFIVLSHSTPHARGPPGRA,-2.876420482,1
slay_477,LLFAFPVPGNVPEVLAENTP,-2.866893694,1
slay_478,DIVSLSRRIPFERTFDPK,-2.865981251,1
slay_479,NFHDETIKLLSPNLYALAIS,-2.863905793,1
slay_480,PAVGNYSYVFINSLTAGFLV,-2.862237139,1
slay_481,SRITANNSHIITRETKLCYW,-2.861856657,1
slay_482,HGHASDYIDPHGAQC,-2.85611649,1
slay_483,CNSYPVYDHHSHTAYDQFQ,-2.855227838,1
slay_484,YGGYSIRFSHYYIYMSSPHL,-2.853587964,1
slay_485,CID,-2.851793486,1
slay_486,PSAAVGLIPFLMARANYYLT,-2.851230945,1
slay_487,TLETRFYLFYTLDTMMSKHN,-2.850561988,1
slay_488,CRNCVYHHYNISPNASPASD,-2.849320227,1
slay_489,DHPSTCHHGVGPCLFLNYNI,-2.84593539,1
slay_490,IDHCIVGVRNSLARVLANGF,-2.841748372,1
slay_491,HSTAAAY,-2.841019303,1
slay_492,SYNGPSDSPHTHSRHCSFQR,-2.839855188,1
slay_493,YIGVPGLASRYVLSVLLHGV,-2.839497601,1
slay_494,VEHPISLRFFFGVRSVCVIN,-2.839484892,1
slay_495,WLPPHRDPRL,-2.839095384,1
slay_496,EILLLIRIGILILWIMISLGN,-2.835697027,1
slay_497,YFTHPHIYAVSPTVTQFFIA,-2.834886741,1
slay_499,FTQAREAPCTPDMSSDH,-2.834069194,1
slay_500,CPTVLDYHSRDSTTTFSLEP,-2.832194325,1
slay_501,TFIPYMSPLAHISTPANLIT,-2.831913624,1
slay_502,FTPTCCVTRLHTSAQLRVRH,-2.831141411,1
slay_503,RPNWNIRSCIQCEFQIQ,-2.830630924,1
slay_504,R,-2.830365204,1
slay_505,DATPHAALFFTVKDHTAGDN,-2.829756233,1
slay_506,TAPRVAAPHTLHCNRWWLTP,-2.828570161,1
slay_507,DLYHSYHDCHHNTA,-2.828295378,1
slay_508,TPRDVDADLGPVATPRTIFM,-2.825903989,1
slay_509,LSSNDRPAKYKDSDCGHSYL,-2.825628906,1
slay_510,TNGHDRKKDTFSCPFISNRH,-2.824625127,1
slay_511,NSPFFQNNRYIHAAFDSDLT,-2.823917671,1
slay_512,SSFRETYYYIPALYFVWGTR,-2.822786729,1
slay_513,LYVSIILLVGRITFCMTILSN,-2.819455865,1
slay_514,FHQKVSGILNRDSINHFDSA,-2.818423723,1
slay_515,VLSNARSGTFATHGYLLVRY,-2.817815697,1
slay_516,AMSHLLHRQYPHIRSNDPDA,-2.814121248,1
slay_517,YGYCCESPGFQPFGRANGSE,-2.81227248,1
slay_518,DFVNRLRRFLCNRMHPNAAH,-2.810805015,1
slay_519,YLHRPLFSCDLMYVV,-2.798213165,1
slay_520,YMHCSHPCPDLYR,-2.798100727,1
slay_521,TLFTSNQCPYYHHSSTCYRS,-2.796632058,1
slay_522,CPNISTNCRDTDIKKELSTRN,-2.795984763,1
slay_523,TQNYLSDT,-2.795178622,1
slay_524,ARHVFRTNIVLLDIDYSNMS,-2.791735655,1
slay_525,VVHLVGFTNNRHRDDL,-2.791154626,1
slay_526,RDFSWGTPRYWNHMYYNNIL,-2.790885998,1
slay_527,GNRVPATVCPIAISIPLMVD,-2.787836993,1
slay_528,CPSPKCAIVYQTIGPALPRA,-2.785106083,1
slay_529,KR,-2.784768736,1
slay_530,ITNIVTMQGAHSGFHRDTRT,-2.783258248,1
slay_531,GTTSNCDIYANIYTTDLYCG,-2.779797375,1
slay_532,N,-2.777296417,1
slay_533,YQSPSHGYGFPLMNPCYILA,-2.774634437,1
slay_534,STILSTTI,-2.77019934,1
slay_535,DFLRCLTDLNKDITTLQSLD,-2.769175653,1
slay_536,TIDFGVRNINQSNLVYDTER,-2.764936441,1
slay_537,CSYLGFGKFFYL,-2.762749525,1
slay_538,ASIHSSGKRPTFTAHRMLVE,-2.75977112,1
slay_539,RQPDWAVLGSVQCPSPNRPF,-2.756958004,1
slay_540,IPTPF,-2.754486472,1
slay_541,LEPDFPWCGYNCGNRRRHHS,-2.753161506,1
slay_542,TAPITLIRGPPSGHGYSACH,-2.75206022,1
slay_543,SPIIKLYNEDVAHYDDLNI,-2.751279737,1
slay_544,PPLFSGSGCNNHADYRSTSS,-2.748937708,1
slay_545,TDSMDFRSFDDAVGDIVYSA,-2.748403983,1
slay_546,PATATGRCIGPVPYSTSDNL,-2.746639767,1
slay_547,DIPNLRVYYYDRHFTLIYMK,-2.744698144,1
slay_548,RNNNNSHAIHCSNTRDLGAC,-2.744366128,1
slay_549,GLVIRTGGTLTFSSIIPTTK,-2.743709978,1
slay_551,HPSTWTMFTIDKSTLSFWTT,-2.741148588,1
slay_552,TRSTLLCCRSILML,-2.739922441,1
slay_553,H,-2.738508912,1
slay_554,HCSTRLITLATPPTSQFFNS,-2.734210168,1
slay_555,LRVSEESGSSCRIAGILRGMS,-2.732396917,1
slay_556,FSLYIRTYTNYKTNIILYII,-2.732118217,1
slay_557,VPMGCSPAPWYNHFGKRSYM,-2.731097096,1
slay_558,RPCFTSVFNSPFFFHNTQQF,-2.730740288,1
slay_559,CPSARCYFCRSVNITDCNTH,-2.730070636,1
slay_560,HPHPITFDFRRPHTLVPPPS,-2.728613985,1
slay_561,TPVYTYNLISTWPARETVYL,-2.727123188,1
slay_562,QVTHGLPMAII,-2.726569961,1
slay_563,PLVLDITWEYALARHNNNLL,-2.720405397,1
slay_564,LRRGDSHFSLVNFYNNTAYY,-2.715455942,1
slay_565,ILCRHVFPRPCDTTYSSDRD,-2.715370657,1
slay_566,RIC,-2.712107154,1
slay_567,CRHLPGVELVKISL,-2.711806017,1
slay_568,HRLGTLRSALLLFCIYVLVR,-2.71074793,1
slay_569,PG,-2.710602636,1
slay_570,FNPSLNWTNFVRPVTMVSQT,-2.7099367,1
slay_571,RPMRLKAYQPHHPPHYRWIE,-2.708001795,1
slay_572,YHDCAPPQLSLGDLYTLIAS,-2.705523704,1
slay_573,NPSLRIYYDNSSCRYKPWLN,-2.703356228,1
slay_574,VFFWSLVLVRRLSKRQP,-2.702039545,1
slay_575,GASHLRAYPYIRNVTSFTLY,-2.698738911,1
slay_576,STLLTRNLYDYRWQCCAWSI,-2.697492118,1
slay_577,TGLSNDHGDYYSQSKCGEVGY,-2.697287424,1
slay_578,NDKSNSYPSFDLFCDSVALP,-2.694367933,1
slay_579,DCLYLYALPASLHCYLIRHA,-2.693944673,1
slay_580,YRFNLGFLYVNDQLCTRTDR,-2.693841836,1
slay_581,ILRYHRCTDHKQRRHGRRPI,-2.693458868,1
slay_582,TLNATVNSCSVNCL,-2.692875635,1
slay_583,AAGRSITYSWAVLRLCPHWF,-2.692262343,1
slay_584,LTSLFLKDSPYNSSNAPELT,-2.690457081,1
slay_585,YTT,-2.689360394,1
slay_586,PPGVLAHVHLGLASSART,-2.689011458,1
slay_587,SSKQFQ,-2.688823287,1
slay_588,TLG,-2.685966684,1
slay_589,SHRVLAPTAQLKFTLCYPGA,-2.68427732,1
slay_590,NTPGRPKPTHYMCSLLPAIA,-2.680581777,1
slay_591,NRMVVTINKTTTHHV,-2.680165722,1
slay_592,LSAAPRVRVATDYNGSLPNP,-2.68008861,1
slay_593,GRYSHQMRPTSYSANSLI,-2.679481697,1
slay_594,TVSKDDALSLDPSSILKEMP,-2.678566229,1
slay_595,PIHDYVRLSFISSCCTCAFN,-2.67641833,1
slay_596,LRPTSYSG,-2.676025888,1
slay_597,TRLNRPTYTHTSRDTDFDFL,-2.674296448,1
slay_598,QCHPLWLWHARDPPSPCRKQ,-2.666349984,1
slay_599,TD,-2.665814061,1
slay_600,SARGPPPTMNNKHWTLQSTP,-2.661723973,1
slay_601,ARSPVTKAIHSRANYNVFPN,-2.65916708,1
slay_602,APYTH,-2.655996756,1
slay_603,PTDSTVHVGDIGLFYENTSF,-2.654453301,1
slay_604,RTHFTSGFGRHCNIVCTFHF,-2.653366553,1
slay_605,TTYCLRSPNAPSPNIH,-2.653017646,1
slay_606,LSRNFIIRKGLNVRPQILLC,-2.651700646,1
slay_607,PPTEQPSIPTARASPTPQDS,-2.65055928,1
slay_608,LHNADHRAADHRTISRHK,-2.646866402,1
slay_609,FKTCFYRDPTIACSHHCDTD,-2.646045118,1
slay_610,VLLNRYFKEIGILSRFGTSL,-2.642452884,1
slay_611,ATLCSNTIGVHD,-2.642348177,1
slay_612,DTTLPSSNGVESPNRNIAIS,-2.640866205,1
slay_613,ESDHSPSHLVLHSTHYLTHF,-2.639901287,1
slay_614,RSCHAQHCYWYYTLLRASIP,-2.638366848,1
slay_615,WGGHSMLCLLLAPRGAFAAV,-2.6353586,1
slay_616,LIHHSHVLTDSCFFHRNGIE,-2.634974476,1
slay_617,CLHTPYPQNLCLNRVCNNLS,-2.632023436,1
slay_618,VHIPLHSP,-2.62803976,1
slay_619,CEFLDALGHCHSLSGFPGNV,-2.627509449,1
slay_620,YDHFPNFNDNYCWPPITCYL,-2.627411197,1
slay_621,SASFT,-2.627007561,1
slay_622,LPSSMPHILFHCWVGLNRSN,-2.624602176,1
slay_623,ARWSFLFLLSTAHCPLPNRN,-2.623667551,1
slay_624,LPPY,-2.622520879,1
slay_625,LYVRAAYPNLSWSVPVLRVP,-2.616994708,1
slay_626,PCTRSTLSPPNFVVELVSNW,-2.616970524,1
slay_627,PDGFLRRSIPVNPSQTHFAH,-2.616525432,1
slay_628,PKRRRHFSNQLLRAVGKFDD,-2.616085164,1
slay_629,DNNNHLK,-2.615560322,1
slay_630,LAVVASSCYTIHSHTNPPVT,-2.611922701,1
slay_632,LHFSRLRRL,-2.604903625,1
slay_633,VTSEPCASAPRGPHPLADSS,-2.603380834,1
slay_634,TARNPGPLLSHALCFLANTV,-2.603151011,1
slay_635,QLRRENTETILSSIRILPLAN,-2.602351461,1
slay_636,VNFNPCPHSNISRPT,-2.601934851,1
slay_637,SLSVPHLRHMLLATTTLALR,-2.601021528,1
slay_638,FYGVLIYLRYLFFSFAIFVF,-2.597934239,1
slay_639,TGPLRHFVNYYNIAHDQTTT,-2.596832468,1
slay_640,RRTRTPRGDAKNSAYSLGAP,-2.59538922,1
slay_641,DLRQDLSGLRIFTISTADLCN,-2.59424606,1
slay_642,LHHMADNNQVGDTLAEMLVS,-2.593717483,1
slay_643,HNHCHTLYNTPTILRPCACT,-2.593010199,1
slay_644,TFLSPLAGPLCNSSYFLASV,-2.592697706,1
slay_645,PCNPDHDYRPFGNFRIAFTT,-2.592436432,1
slay_646,SSIRTSVMDLVNYSTNFRNA,-2.592358078,1
slay_647,LFPAQPAGCHFISPLLPVPAN,-2.591826659,1
slay_648,AVARWLRDLNAVDIADFSRS,-2.590947057,1
slay_649,CLHTTLYTWILGSTFCGFLC,-2.590775262,1
slay_650,HLHRRCRQSFFYPRLAPNRM,-2.5877468,1
slay_651,PTYLALATQHPNDNLGHDRR,-2.587538371,1
slay_652,SVLFRVTTHTHHNKT,-2.586582266,1
slay_653,LDSTHHYNKYMYASPL,-2.585770478,1
slay_654,TPLNYSVRNPHFTIDVPYTS,-2.585293209,1
slay_655,IIFCAMRPTSHIEPVTTSGN,-2.581868279,1
slay_656,ASPPVMSSKTPSCVSNITNY,-2.581217468,1
slay_657,RIVNMSRPPYRIKFSVHSCD,-2.580701172,1
slay_658,INLVCI,-2.578505257,1
slay_659,PSRSMHHYPSRAVLMPLLRVN,-2.578333211,1
slay_660,HRKFTSNHLNYCITNKARLLN,-2.576501439,1
slay_661,RTSIHLFT,-2.575974785,1
slay_662,SAPYTLVPLSYLNCNLPTDL,-2.57512522,1
slay_663,TPVYPLSDL,-2.57081415,1
slay_664,LILCVLGCPCFVL,-2.570245237,1
slay_665,PNVCDALPPSRACTLSAPSR,-2.570026642,1
slay_666,PPSVLIDGYFRPSDCSSERTN,-2.569636109,1
slay_668,LSYHLNYPVNCSDHLHGLPC,-2.567451192,1
slay_669,PNGTLIFCPLHSPRFLA,-2.563404386,1
slay_670,LAAP,-2.562774053,1
slay_671,NLSLNSQGMARHRTDRATLS,-2.562514768,1
slay_672,PRSYNLGTVPPRSDPYNILN,-2.560265952,1
slay_673,LRLRSLCLFCTVFSNNDSHA,-2.558756841,1
slay_674,NFHSRSPTNLAKTNKNPVME,-2.556728817,1
slay_675,SATNIRSHYLNFMVSILCMT,-2.556163778,1
slay_676,PAQVASFILRVFRHIREHMH,-2.552887603,1
slay_677,SLTFKFNRLYFTLRAWGTFG,-2.552643136,1
slay_678,PVQPNHCTRHASD,-2.548420235,1
slay_679,TRVPSFLRLFILRFRSRRILN,-2.547948504,1
slay_680,IFHLSNYSSIVPRWTRCYCV,-2.546854848,1
slay_681,DSRPRTQVRTNARGPPRCCR,-2.546690267,1
slay_682,VCDPINTYPMPLFDMYFFFL,-2.545495078,1
slay_683,LHQRTRHHSP,-2.544983039,1
slay_684,LFYTNYRAHEDYHNYFNTQQ,-2.542235618,1
slay_685,NRRLALYPVCVCGVAS,-2.541148728,1
slay_686,RSFDDMLMPITLAFFSAVCP,-2.540604515,1
slay_687,YKH,-2.537477107,1
slay_689,LLRNNDLSRELINTNNQDLH,-2.537162941,1
slay_690,PPTWFESALFFIFTILFRLVN,-2.534716466,1
slay_691,EWVSNPTLRMLTSLDCPRTL,-2.53435443,1
slay_692,HNTSCRPPMDPITLDCRHKT,-2.533985416,1
slay_693,YLVHLRVAMYLKHHASHQVR,-2.530584539,1
slay_694,PSRNTRSTMARTQTIRYTSR,-2.530540161,1
slay_695,HRTPCRFFGVYVGVYISVTC,-2.529286109,1
slay_696,RVTCMVSTNIHSAYNPAFII,-2.528122093,1
slay_697,IARTYLNHSRSPPPAVP,-2.527351726,1
slay_698,WGAYRITSSRCIGKANMYID,-2.525319975,1
slay_699,PNFRQSSIPENTLHCVVVLY,-2.524239701,1
slay_700,DHDNFLEQVYYPRNRYASNS,-2.523779213,1
slay_701,LARDGNYFGVRNTNLFSAHT,-2.523507282,1
slay_702,FGTSWSISYKRNFNVYRYKS,-2.519736355,1
slay_703,LTYNTPIYYHVHIKSGRYDM,-2.519465524,1
slay_704,EPCRSAAAWPNI,-2.519398335,1
slay_705,PRSAPTPAVYTSPALASAST,-2.519379672,1
slay_706,NLCFSSLDSFITAAL,-2.517727613,1
slay_707,PNRVHDPCSMYTVYRKFHHS,-2.516156244,1
slay_708,NIFSSCTILSRCGCNLIVEN,-2.515849717,1
slay_709,CNFALPKLSTILHRLRSSLFN,-2.515618629,1
slay_710,AHRAMGSLQGFFYTFYFLIP,-2.514937859,1
slay_711,ISRRSTHNSDDYYRAPNISL,-2.513403311,1
slay_712,PLKVPNASNNLVRFTSPA,-2.51314076,1
slay_713,KPTGATHPLYSCRHTPHVNA,-2.513071272,1
slay_714,YPSWQANAN,-2.512389405,1
slay_715,RDRSLDLFCLSVHPQWDGHT,-2.511821201,1
slay_716,SKYRVTPLAFFALYHHVTFS,-2.511573413,1
slay_717,ASISNSVAINYPHAHFPLLAN,-2.510163015,1
slay_718,RLSLGLYNANSYTIWDVKYM,-2.507745913,1
slay_719,YKTARLTDATAFLSPCSYHT,-2.506203846,1
slay_720,RQHPQHACDPD,-2.505283372,1
slay_721,TLIFFACQIFVLPGSAHFRVS,-2.503575656,1
slay_722,YSPNSQEGTCATNTHHILIL,-2.50152483,1
slay_723,LLHTLSEHPFFDINVCDSAS,-2.501084075,1
slay_724,LPTTVYLSVCPSTGGILVPH,-2.500840549,1
slay_725,MIHFWVLPGRLLFIG,-2.499979104,1
slay_726,HLTSYDR,-2.499712342,1
slay_727,SDRRVMLSFSFSDRPGVDLQA,-2.499496116,1
slay_728,PCHHKIRRKCTLVHRPPNAL,-2.498456714,1
slay_729,HRSLHMYRNFCFNFDCE,-2.496856335,1
slay_730,ILFPARILRLLKNFYYLKHN,-2.496674963,1
slay_731,TATAHKKRNNPLLTVAMGVV,-2.495464887,1
slay_732,LLLHRLLYGNHCMLTHDTSC,-2.495311926,1
slay_733,AVPACPCLTVPDRDVPSNTV,-2.494038104,1
slay_734,PHASRLHGAYDQRFSCYNPSN,-2.493453825,1
slay_735,PLAQNTDILCINYFVISTPM,-2.48935295,1
slay_736,IGERPAKTLTAGHDGGYTLAN,-2.489155335,1
slay_737,SVVSAPRDRYRAPSNPRSYG,-2.48806454,1
slay_738,ECSATYAVPGDQYPNYFILL,-2.487170924,1
slay_739,FPYRICYNRLSFNSHLHDAT,-2.486530282,1
slay_740,PLNPDSNPEHASLCHSEVFY,-2.486248337,1
slay_741,SRIECTPLSNVGLDPGCALN,-2.485746381,1
slay_742,CVLEINVNHYWHHREALFNI,-2.485379992,1
slay_743,IPRSMCPADSNVQDKGHSGP,-2.485192961,1
slay_744,ANTMAKIHCNKVLGAIPHVL,-2.482612906,1
slay_745,HPFHIYCRSDSSNRRLACGN,-2.479270443,1
slay_746,PYQSKLYHNLHRSNLCVHGD,-2.479145872,1
slay_747,SSPARGDLDFCRTFNNIQIT,-2.478475646,1
slay_748,GSACTSQFPHFTLINGHGTN,-2.477723578,1
slay_749,PSAPLTPYHNNNSNY,-2.477279149,1
slay_750,TMHYYKSHTLYHSNTGPTHY,-2.477163682,1
slay_751,DRNIPIRFVCGHNHGPLIFN,-2.476690586,1
slay_752,LRWAPSYSRRDFRLKFGDIR,-2.476452442,1
slay_753,LPRYVNTIPDISCTIPRRSVN,-2.475962014,1
slay_754,HETPYHHRALAPVPASLLFPE,-2.472282815,1
slay_755,HRNTLRLHVGLKACVTLFNN,-2.472160882,1
slay_756,TRSYKSRHMGGYISISIITFN,-2.469381757,1
slay_758,FTHPSYRRSHCVRLASLGMN,-2.469073305,1
slay_759,TLHGIFTFFVAGSLGVLS,-2.46905967,1
slay_760,LRLTAHIHLGTYPIVDVTSY,-2.466981689,1
slay_761,PVFALRSAVKSAAST,-2.465785972,1
slay_762,HRIEFFGHSCTNLCDYYHGS,-2.465561703,1
slay_763,FVDHIACPHSSPFYSIIFRI,-2.46456579,1
slay_764,PGVSTVFCVNAHSSYFRFCR,-2.463783523,1
slay_765,PWSVGALRAYWGHGGPRPDE,-2.462981915,1
slay_766,LHFILDASRVCHHRKGN,-2.461805485,1
slay_767,SSTNHHKCTRLKSNNVIMAG,-2.4602601,1
slay_768,RYLGQSNNSCCAASGLPINT,-2.459054222,1
slay_769,WRIVLCPKLHDLLYNNMHCN,-2.458166107,1
slay_770,SCAAPSCTSYPRDKITPYSW,-2.456246712,1
slay_771,VYSLGSNPDNYN,-2.45616933,1
slay_772,YTPALCPGLSSNRVNRSSAQ,-2.456092038,1
slay_773,GAEGLSVLTVNIFTKYCRHG,-2.455440793,1
slay_774,PSNPNHLVNSSDVVHCYYPR,-2.454855835,1
slay_775,AGWTLHTVMRAHTPTDCAYN,-2.451272534,1
slay_777,AACCRSQNVSLNLLFTFNRY,-2.450374202,1
slay_778,PLTDWWTSL,-2.450080581,1
slay_779,GFGAAPWDPVSSY,-2.448018581,1
slay_780,ILWLRFRGTIIIWKFRFRLVN,-2.44193824,1
slay_781,SHAIHMAHSHFYCVSHENTS,-2.441871129,1
slay_782,GPWSRHIYYSLIFYSIIVAA,-2.441299034,1
slay_783,QNQAC,-2.440247328,1
slay_784,MYLS,-2.439362614,1
slay_785,VSMQRPNGKFNITV,-2.439351458,1
slay_786,RAHCMPYYLFSTLTPEVILL,-2.439300596,1
slay_787,GYHTHSRAPHELDYRIISAI,-2.438000272,1
slay_788,LFFAPK,-2.437167813,1
slay_789,SF,-2.435818055,1
slay_790,LSGLCFAIIGCWNTY,-2.435398597,1
slay_791,TVSSTSSGSYVDGSNFVYLF,-2.435388942,1
slay_792,TPYHCVHRPTRWQRCCRDPP,-2.435006436,1
slay_793,PQHPCPLPPIYYMPAMLTPL,-2.432979916,1
slay_794,VAEHPHLRHDGHCGVFYLTA,-2.431053164,1
slay_795,IYPPIGYPVYL,-2.430461422,1
slay_796,HATGTRIHAFSPIPVRTHIP,-2.426444521,1
slay_797,PSIQICYPLLCNTYLSNTRN,-2.426392976,1
slay_798,RTNFDLTHWSQGHWIAYPLA,-2.425720444,1
slay_799,GRDHILDLDFNGGSSARNDI,-2.425107503,1
slay_800,SVRNGTIAPCVSRPSAWRPTN,-2.422914469,1
slay_801,FPTGVYSPVYCPISNCTFDY,-2.418546694,1
slay_802,LLLMFFSLLLLLVAVADVLTE,-2.416462428,1
slay_803,GSRRCLPCHDTLPNPTEPSS,-2.414979692,1
slay_804,LSCDPVYALAIKHPVILDYT,-2.411946269,1
slay_805,SYNMTSICIFVERCPSAIRVN,-2.408358177,1
slay_806,SSQYDSCRNLFNWLSMPVNI,-2.40791749,1
slay_807,ASSHYNRGSYLAFPS,-2.407799825,1
slay_808,PAEGHHLHGNTSVSKMPRTL,-2.406350434,1
slay_809,GPLLAGYTFGNTSGSFRYGL,-2.40503609,1
slay_810,KQGYCGWPAVTYFPLSFSFH,-2.404899492,1
slay_811,SYRATAIQVAGINVNNA,-2.404831226,1
slay_812,SCTGWSLPSYGHPAFISPNS,-2.404592962,1
slay_813,IEHPFCLSMPAYNVNKVYEC,-2.404138698,1
slay_814,ADYCRPFT,-2.402954414,1
slay_815,KLYHNTYIIHCRSTLVPCNL,-2.402147432,1
slay_816,PFLHFSFPRRFITVEHRSSC,-2.401506271,1
slay_817,HGILHPPLYSVNNSQVGWMCN,-2.399935582,1
slay_818,HYHYRTAHDSKSNLLDLLTG,-2.399733904,1
slay_819,THPNLPLRAPLLPEAAQTNA,-2.399461145,1
slay_820,LSLYLIVSPSETC,-2.398398936,1
slay_821,NRLDLRSIYKPHNFDIYFIY,-2.397601141,1
slay_822,TGTLPCNCQAIAGINLVVSI,-2.396955393,1
slay_823,RRHRLFSLYHTAPSLCSYDP,-2.396477551,1
slay_824,SQGTTYNLLMLSHVNSHS,-2.392169652,1
slay_825,TCPIILVYNLSTCNMTGSHR,-2.389444204,1
slay_826,LEDSGAVFSGSCHIPPMSLV,-2.387782668,1
slay_827,QFYT,-2.386489134,1
slay_828,GCTPVTFHNVPYLITNNGFH,-2.38608942,1
slay_829,CLQPYDIS,-2.383495976,1
slay_830,PHLHPRPPRRSVPHCLLMWF,-2.382150273,1
slay_831,PCPALLIISPLSLQPSLLIF,-2.381690942,1
slay_832,RMLSCTPRLPSRRPYPGPGPN,-2.38141073,1
slay_833,GIDFYNHVYIFVEPSPSPLCN,-2.380262426,1
slay_834,CYNSFLRKRRKFKVYLTCLS,-2.379601779,1
slay_835,TSPHRHLNYPPLPVLNT,-2.378440027,1
slay_836,ASDNHRRLGVTITFSVYFNF,-2.378215071,1
slay_837,TSYGSIPYVLALGSRNPNA,-2.377910851,1
slay_838,AMAHCGKPIVPHHRLCY,-2.377892791,1
slay_839,SGCRRESFSRLRDRFYSNRV,-2.377761604,1
slay_840,GNDRRYTNVTTDIRSNFIML,-2.377513261,1
slay_841,LAAPK,-2.376552366,1
slay_842,APWRPRGRAWRSIFTYRRKA,-2.376431317,1
slay_843,KSSFLDGRWYYSNLHNRGLA,-2.375694373,1
slay_844,LSPMSLLHTGVMRCNVNADF,-2.375347852,1
slay_845,AFTPSVKNPSPANGAPNDCI,-2.375066325,1
slay_846,IPEILLSLYRRYLNVYKWVH,-2.374402612,1
slay_847,PVVHLNLLRYLWSIYSNAVL,-2.373105649,1
slay_848,SLGIYDGRIGGTNLNREKAY,-2.372622566,1
slay_849,VTIVQPIPLSPPDSATCMHQ,-2.372231383,1
slay_850,GSTWYYNSTIRANYIIDNTR,-2.371547754,1
slay_851,RDKFYLRGNPNGMNMTVTIC,-2.370808955,1
slay_852,TGDPYCHSLPITPTHNMCDL,-2.369926788,1
slay_853,VCYCSNRSEWPSHIYVHETH,-2.369577596,1
slay_854,CHRAPPISYIHYSFHLYS,-2.368222554,1
slay_855,LNFSCARTNSLAPLILRT,-2.367375828,1
slay_856,DYFHYLTFLFSLAIIFTTSLN,-2.366628336,1
slay_857,PPTLMCPSITLAFTRRRSC,-2.364247678,1
slay_858,TLIHIVIYGPMVLLGLCTSKS,-2.364181486,1
slay_859,TVVLPLSVAIVYSAYSAPHL,-2.36319533,1
slay_860,QRRVLVAGNSSCAIQTLRCA,-2.362571395,1
slay_861,APVAHNPRSGRNPAKTPTNT,-2.362319434,1
slay_862,HLGITVDNCTAYAIDVLPNT,-2.361291227,1
slay_863,TLTA,-2.360731096,1
slay_864,DPNVSTFSHCRHRLAFFSDSH,-2.359976693,1
slay_865,SSTKRPDSDDHDVSLQDNTH,-2.359825534,1
slay_866,AGVTIILLPGAATFVIRRRRN,-2.359580514,1
slay_867,PRWGPAWNIFRLFYKSRHPS,-2.359222283,1
slay_868,HLHMATYINNHYSTYFFTFF,-2.358405301,1
slay_869,NYSGR,-2.357447979,1
slay_870,PPTHLSTRMCVSSATHADSR,-2.355404873,1
slay_871,NFYKPEFLQDYLTSYYYVLA,-2.354758934,1
slay_872,YADTSGPALDHSNCSVCGCM,-2.354248549,1
slay_873,VPPDTIVRDDSVALLTTLRH,-2.353127896,1
slay_874,PRKLILILKSYRQKKTRKNS,-2.352852186,1
slay_875,PPDNRDTSWPAQERGPADHY,-2.35145872,1
slay_876,FQSAESSPSVAIHIVDDLIH,-2.349716987,1
slay_877,YAHAPYEDDVPPQHGVVTE,-2.349161804,1
slay_878,VDREFLLDYKSYAKKYSLIV,-2.348290304,1
slay_879,WKNQHGYPSHCSNMEFGNHDN,-2.348092747,1
slay_880,PICPHMHRDWIMFNNTSWIS,-2.347779055,1
slay_881,RGHHDSYSVRCYLSPDPDHP,-2.346562586,1
slay_882,FYQVPLQNHRLDMHRPHNNN,-2.345941272,1
slay_883,WHS,-2.345761928,1
slay_884,YRVQPDDNVLQVRVTVAIIFN,-2.344772675,1
slay_885,RWFAAHDFGHDCNKPIPTDT,-2.344354887,1
slay_886,RRSYPLLLYHFNFKCS,-2.344302398,1
slay_887,LRRQPAAYMLYRTHMFLI,-2.343573133,1
slay_888,DRGTRHTSPDSYAFTSAINT,-2.343130783,1
slay_889,LNPCTSAVIPFDYIYIQFYE,-2.342006633,1
slay_890,CCMSLVLVSSKCLCFIV,-2.341170429,1
slay_891,SSYFLERPRD,-2.340382449,1
slay_892,YVSPQGIPLRSWRFFNIVPV,-2.339294585,1
slay_893,RAANLPVGPHLIKRSAPYLH,-2.337582603,1
slay_894,FNSEHQVSRGSVVVIFVLDN,-2.335878403,1
slay_895,PPCPVLLAFPLALARVSPIN,-2.33547304,1
slay_896,SSCRVLSSD,-2.334038722,1
slay_897,ITWALFLWYGMPNFDIDRSE,-2.333391203,1
slay_898,IDIPDYDYQSLC,-2.332300597,1
slay_899,YSHMRRSHHDHVRPSDFLSS,-2.33207582,1
slay_900,HYPAHSYSVQIMWRNIANLP,-2.332031385,1
slay_901,VPNSTATLNAYW,-2.331393698,1
slay_902,EDYTFLLVFVHCFVRFKSKST,-2.33015872,1
slay_903,RNGFNREYCSSHVCIFNSVNN,-2.327924803,1
slay_904,YLDVSSNIYDREYLLLCTCS,-2.327382619,1
slay_905,SHV,-2.326959032,1
slay_906,NLEMSALPLPLYLVRLLAVN,-2.3267808,1
slay_907,PPSRPSLHNSSWFPLMYECL,-2.326737641,1
slay_908,TTFNLYARHQARLNTHENAP,-2.326398904,1
slay_909,IRRCAFAFNVLAQNQNKMTT,-2.325659891,1
slay_910,HYPNSPLPRFLNIILHRCLIN,-2.325418358,1
slay_911,HITRCAPDWAYVLLHPH,-2.324835716,1
slay_912,ELTPALSRYVALIETYNSAP,-2.324319587,1
slay_913,HAANSACRHPMQIPVPDIIY,-2.324133012,1
slay_914,RSGAHLLLTHRRGRACGLSV,-2.322944036,1
slay_915,YQFINMCSVPFHPPC,-2.322724569,1
slay_916,LHSPHSAPHFARPASRNIDT,-2.322374535,1
slay_917,CQKMAISWLQIVAILLVSTF,-2.322179906,1
slay_918,WNQKRLRHRHTPSCSDENYL,-2.319329245,1
slay_919,GGEPAPLSDCACPSCAVCDR,-2.319121405,1
slay_920,NFLLFDRNCHYPLTFGPVLG,-2.318844396,1
slay_921,NTYTFMLYGLGHTLLAPRAGN,-2.318731737,1
slay_922,PPLDTVTHAICEIKYFRQSL,-2.318097975,1
slay_924,GPPVLSFVAINVDAPITTTTN,-2.317459698,1
slay_925,VTTFTNYYNRAVTLIHLT,-2.316070593,1
slay_926,YLRYRTDPNYFHSYNSFCSD,-2.316026497,1
slay_927,SSEKCYATFLAARYHIFN,-2.315456501,1
slay_928,VATFVLCLYRTNIQSFLHWD,-2.3151113,1
slay_929,RCYYPGHIIFKGYVMYNNST,-2.313869606,1
slay_930,APSRCAFHGT,-2.312682633,1
slay_931,LHFLVNTYCTQHVVDLRNMH,-2.312188281,1
slay_932,VYGILLLLRRRPWCRPLLTCN,-2.312183967,1
slay_933,IAIPTSYTNVTPRAHSMASL,-2.311690871,1
slay_934,PMSSTVRLRTTNDDINSCTN,-2.311303357,1
slay_935,INTKHGGYRLVCNNLSVHSG,-2.311249302,1
slay_936,LRCAIFWPIILIPP,-2.310894094,1
slay_937,NTNAMPVSWCSHGCSCGMD,-2.310441745,1
slay_938,AQADHSNVV,-2.308430742,1
slay_939,DVWSRWCYPLTFANADLLPI,-2.308117363,1
slay_940,SFILHSIAVSPGISAPDFRY,-2.307208057,1
slay_941,YAGPMHIYHNYHCRYSTCSL,-2.306909997,1
slay_942,SHRSHENIPMGIVDSDIIDI,-2.305407756,1
slay_943,PTPAIYHLRYNRPGEMQPSA,-2.304795186,1
slay_944,I,-2.304670759,1
slay_945,RTSWGPCTNNRSAND,-2.30432821,1
slay_946,NHHAPCISVL,-2.303311542,1
slay_947,LHDNVTDPLFCSRTPSTKAA,-2.303245747,1
slay_948,SMVPRRHYDPGSKSLTSFWS,-2.303232265,1
slay_949,TMTTHRLSLCHRNCHRRHLSR,-2.302641225,1
slay_950,ACQSASLYQIHRDEALTLKN,-2.302402344,1
slay_951,MHPRHKQYWFHLLLLHIANT,-2.302054321,1
slay_952,TLHRYHYRQINMVSILSSHV,-2.300480083,1
slay_953,PQAEISYSLCILRAR,-2.299286564,1
slay_954,VCTYAHPYRRYWIPYVYMRL,-2.295928826,1
slay_955,RRSAVRVRHPPGISTYYRLP,-2.295382908,1
slay_956,PQINFIPLPLLLVSRVFPWVN,-2.294962591,1
slay_957,AVGLPSYMFHPVMPNLRNHN,-2.294278298,1
slay_958,HDQRAVVTSLSFLLLVLSSV,-2.292793287,1
slay_959,FRPLQAEAYNY,-2.291378148,1
slay_960,PFRSNTNKYTMCSGESFSNS,-2.290157392,1
slay_961,VWHPPLRAEPFTPSPDNHSA,-2.288741092,1
slay_962,CPWYIDSSSAGHYFRLTSLM,-2.288602897,1
slay_963,RSTFHIGDGNNNHRDKSHYL,-2.287407481,1
slay_964,PLFIVMLWVRRLKNAYAPML,-2.286938488,1
slay_965,LTSAKGTHCEFYPAPYQGIV,-2.286732544,1
slay_966,NAKVWNRNI,-2.286463589,1
slay_967,DAPLLSTPFVSNAHSRCTNS,-2.286416299,1
slay_968,TLSRLWRHLRITFTLHIDRL,-2.285895755,1
slay_969,HTSAAAPSHTSHTIANADES,-2.284489426,1
slay_970,TSAQESKTFLDARRLFYCNI,-2.283441283,1
slay_971,IRHGLSSATNLRATPSVPISN,-2.280865838,1
slay_972,PLLRPWDIQNHILGEYCNPC,-2.280675236,1
slay_973,IYSKFTYSVNNIPGRSAFAA,-2.280243225,1
slay_974,STQNNWSLCLSSHTYNSFFT,-2.279585608,1
slay_975,CTSYPFLMPLQFLPLGQAWV,-2.278378287,1
slay_976,TYRNLDTDE,-2.277988956,1
slay_977,RARSTPHNPRNIFRRKFDCL,-2.277804041,1
slay_978,PDSKVYHDCSALYNNTYIML,-2.277585554,1
slay_979,YTDVIILVARPRRSIRSTPRN,-2.277501095,1
slay_980,VHLDSLYPVYEYHKYINLNF,-2.276540415,1
slay_981,STSGMYNSLYSLTCRTYTYN,-2.274874844,1
slay_982,RPDCNKYTKHLYSFQTKAIG,-2.274417094,1
slay_983,KNLSFTCNPSQYRIVMLKHLT,-2.272549639,1
slay_984,SRNSFDTTSHPIPS,-2.272292113,1
slay_985,HSHPLWDNF,-2.271163238,1
slay_986,DIKPRCYLGHLYGYLNHDFG,-2.270203313,1
slay_987,VS,-2.269199565,1
slay_988,AGSSYLPHTCCRCCPHVEYV,-2.269195624,1
slay_989,TFSRAPHPYSTSAAVLSLLS,-2.268312513,1
slay_990,LSNSTLASTLPRYTASRDKI,-2.268044479,1
slay_991,YLLSLDNDTHHIVYHSGEAR,-2.267639979,1
slay_992,PCPTDSWRWPLILTNVQSVV,-2.265535531,1
slay_993,YNRDDYFRNYHYRCLYPTLS,-2.26533939,1
slay_994,PDIIRAFNTIPDRIFGYASQ,-2.262246645,1
slay_995,SCSHIPSRDFWTHSHTIQRA,-2.262092432,1
slay_996,NRFGYLDPVSSEFDIFGRRP,-2.262090156,1
slay_997,PLLQVCVPYIPWKGLYFYRC,-2.2616949,1
slay_998,LLISFLPAAMTYPRSPRSAS,-2.260045292,1
slay_999,FHHLPVALWFPKPVLSLGTC,-2.258882897,1
slay_1000,APNLKLAFPRHLMFTINNTC,-2.258811281,1
slay_1001,PNKTIWITTTASRVRLGSLTN,-2.25813865,1
slay_1002,PMDTDSPLTSSNRAYHLVQ,-2.258078581,1
slay_1003,EDDSKLILSVPWFHLYRRRRN,-2.257943572,1
slay_1004,LQALVSSSLPRTRYLHAYCV,-2.25793122,1
slay_1005,LSHSFTDNLFN,-2.25753313,1
slay_1006,NPGQRSNSDQSY,-2.257455408,1
slay_1007,FPNTANFVLCYKTLCLKYSD,-2.256463286,1
slay_1008,TIVSVP,-2.256462086,1
slay_1009,WPLNMHHPNLIISYTSSYRL,-2.256293866,1
slay_1010,SLCHFLTNPPPESSRYT,-2.255189536,1
slay_1011,PSDFAATCWRYIKKARHVFL,-2.25455317,1
slay_1012,LHYLDGFYNDNTTYLMLQAP,-2.254426408,1
slay_1013,TLGRLQLPVPFIGDLAHNNM,-2.253677556,1
slay_1014,PCPFLPPIHSCSKGLQRYNH,-2.253518672,1
slay_1015,PLRDHWSNLHHMSVPNWGLC,-2.251489707,1
slay_1016,AMHVLLHRASFYTSAFWHA,-2.250732403,1
slay_1017,PICHYPYPALQPLHRPYRAAL,-2.250584737,1
slay_1018,LQTWLFKAESCIIHLSHCET,-2.250358759,1
slay_1019,SLPYLHLSLNLNSGYTGNAP,-2.24925691,1
slay_1020,LLYFLLLYNNRTPECRRGPSN,-2.248755946,1
slay_1022,GNPAYSSIHTVGLRKHKNTD,-2.247847835,1
slay_1023,TCRPFSAAYLFDDRHNIRPT,-2.247331861,1
slay_1024,PPHCRSRSGYCFRIRAY,-2.246928493,1
slay_1025,HYCAVTTPHVRCLATT,-2.245802719,1
slay_1026,PDDI,-2.245342972,1
slay_1027,PSHDQRTILMLNLMYALQCV,-2.244783561,1
slay_1028,SRPIYTWIYSPIPLYNAFKT,-2.244289718,1
slay_1029,ILYRKNFGCVAHIVGVVRAV,-2.243101968,1
slay_1030,RTC,-2.242744406,1
slay_1031,NCNLESCSYDRTGLDGPD,-2.242008919,1
slay_1032,CHTSNTSPGVKLASNPPNTD,-2.24197104,1
slay_1033,PDFSKTTLCGPTASETADPL,-2.241827478,1
slay_1034,ACYAHTNGIHPEHNATHMCD,-2.241139369,1
slay_1035,RRTNSRAFTTLLRRVALKTM,-2.240191971,1
slay_1036,SRPRLATSCSHLLTSALPSTN,-2.238064838,1
slay_1037,IILIFLRNRPRGC,-2.237959625,1
slay_1038,SNRFYTMPHHTPTELEPRSP,-2.236865971,1
slay_1039,RPIFLSTAYRTDYYPITYSV,-2.236161865,1
slay_1040,HFYTDIYKALRIGHNATKLH,-2.235808115,1
slay_1041,PTVGVWSLLPYRCTNIYTRA,-2.235475012,1
slay_1042,GHQLSNPPFSPNLRTHTYGL,-2.235447772,1
slay_1043,RLSCDYRRAACLEHNFSLFQY,-2.234226484,1
slay_1044,RDYKLTFTYFSSHGHSR,-2.233710062,1
slay_1045,SSYLITDSDIDSVPDSFIST,-2.232675468,1
slay_1046,TQHSLHEPGTDLASSTTFL,-2.231423247,1
slay_1047,LRHPRDLVGSDTVTLHHFIS,-2.229681369,1
slay_1048,TARI,-2.229535874,1
slay_1049,YAYSPHVYAHTFQRDYYRNL,-2.229478304,1
slay_1050,ATKPLSNTMHTN,-2.229472839,1
slay_1051,LHNSTIGENFR,-2.229397147,1
slay_1052,IARALRSYVGLFAVAQ,-2.228769447,1
slay_1053,PPCAFIPMLARHQQSTRTLE,-2.228723284,1
slay_1054,PYNCKNTWSLRSHIRQALHN,-2.227837142,1
slay_1055,RITRRSRGYLPDRDGTVSNR,-2.225661079,1
slay_1056,YSPSDPPHYSVLPFYEIAAA,-2.225293166,1
slay_1057,LPTACDYVGHHNDKTMTRLY,-2.22513342,1
slay_1058,LVTW,-2.224854151,1
slay_1059,M,-2.224849159,1
slay_1060,GASHFFPLSFDINVYLC,-2.224458827,1
slay_1061,PHRPFWFSLGHSVLSQALAF,-2.223637069,1
slay_1062,LGPSLRCMPLWQYYSI,-2.222626172,1
slay_1063,RHVVLMLHTSDAYTSAPHFS,-2.22196177,1
slay_1064,DPIYISS,-2.220569352,1
slay_1065,LSGIYMWCFVCINSSASPAP,-2.220335102,1
slay_1066,VHLVNYGLVSRWPPDPTGRP,-2.219791632,1
slay_1067,RRYLRFSGYYLHSTHNKCHY,-2.2180439,1
slay_1068,RPPVNSHTSST,-2.217805411,1
slay_1069,YTMNIDSRVENLPIP,-2.217509924,1
slay_1070,APTNYPVVYYNSTTIEKVSG,-2.216928551,1
slay_1071,PTTLRIRVSPFLARCRRARRN,-2.216121649,1
slay_1072,RVTIYPGAATPVDKRHLTPA,-2.215408401,1
slay_1073,RRTSGLAVCNQLHFAICIYN,-2.215297444,1
slay_1074,PLYGNTVSYPVASLQRYANL,-2.214873138,1
slay_1075,FLDPEPKCIHNRNHNPTPSD,-2.214838394,1
slay_1076,LLIHLCRCPNLCSLVSGNNT,-2.214400879,1
slay_1077,DALAHAHYSPLNNSHCCYCY,-2.214119354,1
slay_1078,PLSSKRNNTHYSHTRAYKIR,-2.212672101,1
slay_1079,TYIAHCSVGRLYMYYSINRS,-2.210089728,1
slay_1080,YFLSCPLMQANPGTVAT,-2.207930104,1
slay_1081,PHCDSTIYIRHYPRDNMALT,-2.207893984,1
slay_1082,QHTHSRKADTCITPMPCSAD,-2.207559638,1
slay_1083,TTRHSHVKTCFYTGVPLHPL,-2.207545901,1
slay_1084,TVLLPCGPFHVLY,-2.207283512,1
slay_1085,CYSSLLLRFWLFVKALSAQF,-2.206216961,1
slay_1086,RPSFPGLHLPVVVSRLSCSIN,-2.205672668,1
slay_1087,PPCLSYSATRRRYCCLPQIT,-2.205338606,1
slay_1088,NDFDATHLRSDRKNITYWLL,-2.200000372,1
slay_1089,IGPLSCTPLLFIAWNSESVS,-2.199584732,1
slay_1091,NCRSVLVYYGTPGTRSYHCY,-2.196835387,1
slay_1092,AYCVASAALAHLYVWTMTIP,-2.196606902,1
slay_1093,IDSPAYVTLCVPRRRKQAYN,-2.196354465,1
slay_1094,TVQINSADPYCI,-2.195708998,1
slay_1095,LLS,-2.195655462,1
slay_1096,TSATTCVYYRPRRHYCSMAS,-2.195597884,1
slay_1097,HNFGQDLAYFHQAYFNGGGG,-2.19502684,1
slay_1098,HGLRLPAGGTDVCDRHAPRT,-2.194740743,1
slay_1099,HGFSLHFTLLDSSIYVSILN,-2.193875722,1
slay_1100,PPFDVKDVPGLLVP,-2.193638704,1
slay_1101,SHKTDQSTDDGVRDTRYSNS,-2.193191936,1
slay_1102,PGQLSIYLRMYRIKRTRCRV,-2.192985933,1
slay_1103,PEFSLSNNSPCSTINALERL,-2.191939433,1
slay_1104,QFATFARASLIPNLPRVGPL,-2.191616561,1
slay_1105,HRTNYMSKYHD,-2.191551538,1
slay_1106,HVHQ,-2.190835102,1
slay_1107,NCTRRVNATITLAGLRMLIR,-2.18948789,1
slay_1108,LNNI,-2.188701485,1
slay_1109,DPCQGVAVSPPFPRIAIGRAN,-2.188528411,1
slay_1110,NFIRPADGHPSCVARFHDAI,-2.188083292,1
slay_1111,LSVAPDRFVIQTLSLHTHQG,-2.18743995,1
slay_1112,FNLILLRRLAAWRRKSYTPH,-2.186865022,1
slay_1113,PDPVNANTNRIMCLVYYNSM,-2.186282416,1
slay_1114,LAHPPPVPHNRWHSFTTYLL,-2.186060319,1
slay_1115,RFLVHAFHPLNPPLTLVHNE,-2.185859664,1
slay_1116,GSTCHSRHDNHILDHSFNSR,-2.185691952,1
slay_1117,CLDYVDTETCSPCFNRTVTSN,-2.185532162,1
slay_1118,HNLTYTFLSSCPWVYSVSYH,-2.184945362,1
slay_1119,SPYKRLMLILIFIILISVRIN,-2.183885874,1
slay_1120,YTGRFNGHNCKCGALCLDYI,-2.183539009,1
slay_1121,AKRGTPLICFGLFTRMDRRL,-2.183388863,1
slay_1122,IGDNGYFFPSKHIRSNFPD,-2.182946955,1
slay_1123,TGQTHANAHRHNPYFSTLDV,-2.18278129,1
slay_1124,YSHAFMASFGHCAKSYYLVP,-2.18259293,1
slay_1125,QATSYARTTNFLPILLICGH,-2.182247763,1
slay_1126,PLTISSNYRNVVGESGSTSI,-2.181296366,1
slay_1128,RGNSPQFLNSWPNRSASDIL,-2.180486239,1
slay_1129,NGQGTATPATYSNSGYNARC,-2.180013639,1
slay_1130,PTLLNNPQTGQSTNTSHEWQ,-2.179606923,1
slay_1131,MLYPIWQPINILMA,-2.179288429,1
slay_1132,SALANLAQPLTTLSMIRTRAN,-2.179254538,1
slay_1133,SNATAINSLAYYLFDISVAA,-2.179237907,1
slay_1134,MHPWSNAHTLATDSSSADSH,-2.178923366,1
slay_1135,SDDAQRCYPHNRTPFTYTYI,-2.17876579,1
slay_1136,IYCIVFPRLYDNCSIVGMSCN,-2.177836283,1
slay_1137,CYRIPLC,-2.177793905,1
slay_1138,LGREMFFSRYNGNHSRHTSS,-2.177669408,1
slay_1139,ICSRNMHMYRRIFNDYMFCD,-2.17717705,1
slay_1140,RSDHLPVRPIPSHILVTEDY,-2.177137094,1
slay_1141,KHRLYTITLLDIPTSYNTLY,-2.177060717,1
slay_1142,CYPLSRSVCYFVTTYFLFSF,-2.176084245,1
slay_1143,YGYDHSLPHRYYRALPVTLL,-2.175849262,1
slay_1144,GWPDSNLTMRNQSRIYCGT,-2.175572653,1
slay_1145,QTNYTVTSFSLVLTTMVMWH,-2.174570615,1
slay_1146,AGPENAAAPANFVDISLYAC,-2.173763181,1
slay_1147,TRIRIFGVCAFPATS,-2.172651555,1
slay_1148,RDFAYTPGNPFNPGLNSPRR,-2.172328435,1
slay_1149,HNLCSIDNFYTIPSV,-2.172198499,1
slay_1150,HCDTTIKACSRYALR,-2.171339892,1
slay_1151,NNILFTRFFPNDHGPRVGYH,-2.170690796,1
slay_1152,AATVSNCLGLYYLSHNDTSFN,-2.170483718,1
slay_1153,SFSGLCEDTETILKRRTT,-2.169722906,1
slay_1154,NRACSTPTSFCSVPQVPNTY,-2.16962477,1
slay_1155,CPREPRHDTVLLHHFTCRAH,-2.169568088,1
slay_1156,PPLASCLAMRGFTITVPQLT,-2.169112195,1
slay_1157,AIFLVLFLFGHKSLFLIYRR,-2.168961821,1
slay_1158,FSKEMMKSVHSMAQNALIVS,-2.168376233,1
slay_1159,GLPYDLPDVPNVH,-2.167308894,1
slay_1160,RDTRCLPTHLLNSSHDPCTA,-2.166209804,1
slay_1161,SRASYSNSHGTRHSHCTSSY,-2.165092275,1
slay_1162,DPLRPNNPTSRFAVYSAIGT,-2.164300367,1
slay_1163,QYYVLHRRRLSY,-2.163378886,1
slay_1164,AN,-2.162476236,1
slay_1165,CDRVSTCAAVGLLYFCKRFA,-2.162356217,1
slay_1166,YRVRGPEKRTHVVLVSC,-2.162004764,1
slay_1167,PCTYFDSLTRWFMLDAYPNL,-2.161664355,1
slay_1168,RY,-2.16122519,1
slay_1169,PRSSDNQCQILHCNSLYNNY,-2.161133139,1
slay_1170,FPYNPRCYWPSYHPVDNYSV,-2.159685844,1
slay_1171,TPPSPSNTPKYVQVTMAYHL,-2.158830347,1
slay_1172,WPSNLVRRFFQPTMLHHSAV,-2.15876229,1
slay_1173,AHEQVVNSNCPNNDLPCP,-2.158678784,1
slay_1174,ASSSHPILAFNTTLDRINDL,-2.157643647,1
slay_1175,LPPVPLLFLRHFRVCYSHLP,-2.156220222,1
slay_1176,C,-2.156127586,1
slay_1177,PGSLNAAGGLLSVTTYPYDY,-2.155498125,1
slay_1178,PLGTPPRFHLRISTLIRSTG,-2.154464655,1
slay_1179,PSPWGGSSLAL,-2.153088754,1
slay_1180,LPHTE,-2.152931033,1
slay_1181,ERHPFHVHVFRFWAMNSRLR,-2.152639879,1
slay_1182,CLVLSTCCPNEHRSY,-2.152381978,1
slay_1183,FARAVVSEHAHYHCYQNIAP,-2.152171709,1
slay_1184,PWNTNLH,-2.1515683,1
slay_1185,HPDYLLAGNRTKSPKDNAQR,-2.151511232,1
slay_1186,IRDNIPTACSHCTNGTDQVT,-2.151249503,1
slay_1187,PNGFNTPSFTIRSVYRLVFA,-2.151049218,1
slay_1188,LLHVPTPLLMQKLLFRHLYH,-2.150606307,1
slay_1189,DLLDAGSHH,-2.15034319,1
slay_1190,AQSFAFLFLRKMALEPRQLI,-2.149995192,1
slay_1191,ATIYKWPLDHYTHANSSNYR,-2.148760158,1
slay_1192,CGFGLPSFRCTDHFRYVIYD,-2.148566354,1
slay_1193,RTPPDSPFAILIFWRRSRCVN,-2.148526604,1
slay_1194,YSDIVKFNMLKDPQSDSVAS,-2.147917322,1
slay_1195,NTLDYNYPLIHLRDYVKTLC,-2.147795833,1
slay_1196,NLLSQVYAPRPLGLLSRLKS,-2.147331668,1
slay_1197,MYSNSLRTCAYSDTHSASVD,-2.146925729,1
slay_1198,PAPYRTYAHLSGRCLNQYTR,-2.146761577,1
slay_1199,CDYTLPTTAPTRPPSAPTWR,-2.146103659,1
slay_1200,ASSTRHGSEPHGSIHSPYCY,-2.145913181,1
slay_1201,GEGELIRVSKHCHLDAIMSG,-2.145711009,1
slay_1202,HRRCASVSLAPRNALPTDHL,-2.14564821,1
slay_1203,SIKFRSTRYLVRGVSTLFDF,-2.144366002,1
slay_1204,TLIYITWTSSPRLMNIITAN,-2.144141221,1
slay_1205,GFAHYLL,-2.143439433,1
slay_1206,LGPAFVGRHPRCPQFFDWSR,-2.143133637,1
slay_1207,PPTACFAEPLSNYSFPYVLL,-2.142795818,1
slay_1208,PRTVFVI,-2.142323065,1
slay_1210,GAYAFHHWLFSYLVYMRRMN,-2.141880522,1
slay_1211,HFVPVYSNLFFLTFPRVIDT,-2.140218668,1
slay_1213,PSAELCMPNAFPGLPNGSSP,-2.139410854,1
slay_1214,STLVLIRTCHSAISTYYCPS,-2.138470579,1
slay_1215,THECTLTLVQHDI,-2.13809693,1
slay_1216,WLVPSRRLSAYCVLIFSRSD,-2.137470111,1
slay_1217,TCAVASRIRSSYKYCTNTTH,-2.137439926,1
slay_1218,RSYTEETYLSYFVYTNRCDRY,-2.136986742,1
slay_1219,FTSQALSADISDDTCWAHAQ,-2.136619586,1
slay_1220,TPCNFSHQSCHGLSTGLLTD,-2.136474442,1
slay_1221,ASPHFCPGSRHSAIPPYMLL,-2.136356471,1
slay_1222,SGWFS,-2.135991853,1
slay_1223,TSSPLSLCSSSQALATPSAN,-2.135712751,1
slay_1224,CI,-2.135413127,1
slay_1225,WPPCGSHCLF,-2.135313579,1
slay_1226,RVHKLLPLHSGLSSDSM,-2.135175285,1
slay_1227,LAAPNQTTEGRDIPNWAHPT,-2.135059319,1
slay_1228,AALGSWNSTTYSPLVTPMNR,-2.134277131,1
slay_1229,LCSPLYDTF,-2.132773806,1
slay_1230,DNSFGDRCGHYSYHVCISSA,-2.132175187,1
slay_1231,CLYSHIGVPPSLPTDFYYSR,-2.13181942,1
slay_1232,LIFYFLRVWPDLPYYCTDSD,-2.131209379,1
slay_1233,HGIPYYRTVSISDTLAT,-2.131023886,1
slay_1234,PQNYL,-2.130715692,1
slay_1235,TGLIRWYQSCRHLPFRRLY,-2.130029917,1
slay_1236,HLFILNKTHVDCRAH,-2.128709019,1
slay_1237,RVIRRSGGTI,-2.128445076,1
slay_1238,PELGPPPTIGPRF,-2.128263835,1
slay_1239,FSTFHMRMYSPEYEPANYHP,-2.127970285,1
slay_1241,YNGVLNGCTRRNIKP,-2.127620078,1
slay_1242,LYLVAGAILRIYHCRLDGSY,-2.12721616,1
slay_1243,FPNPMDLSSPWYVLHGQKVP,-2.126870678,1
slay_1245,RLLLLLLLRSLYDPKARKPR,-2.126821263,1
slay_1246,NCGYRTPAPGTSRPA,-2.126346352,1
slay_1247,SSTRSARAQDPMALSHTHTG,-2.12614914,1
slay_1249,LPSSDCYITPDSATFLIINI,-2.125392429,1
slay_1250,DYNAFSEETKVYCIYLIHNT,-2.124301095,1
slay_1251,HYDWWNVPCHSRYSPSYVLL,-2.123874027,1
slay_1252,IDLWSFHINGNLASTAASISN,-2.123368008,1
slay_1253,NADCTRHSIRNDQC,-2.122925863,1
slay_1254,AQHVIPCQIPYYLPITYVLR,-2.122643574,1
slay_1255,STYYTLPNVPICPYSHWHPY,-2.122631812,1
slay_1256,LPAGYETRRVYLANSAGGTS,-2.122170262,1
slay_1257,NPRLDLTRSSSQFSVSPGRR,-2.121655624,1
slay_1258,HKGAYRVSSLIITTMKMSQR,-2.121139857,1
slay_1259,SLALPIFTFTTHIAPHVTHL,-2.120087994,1
slay_1260,LQYVPLTRSRHTLDSENTAW,-2.118239726,1
slay_1261,PRRNPVRYVMSKIQVIFLRN,-2.118196194,1
slay_1262,RAGCIPLPPVLVYPNIHPST,-2.118150415,1
slay_1263,SFHAFATDVDAHSSLPGENT,-2.117442716,1
slay_1264,YA,-2.116930394,1
slay_1265,NLRVKYSLPCTLVANALHHS,-2.116787631,1
slay_1266,QRPLREARIKPNHHRGFHNL,-2.116636139,1
slay_1267,GEHPSVVTIPNNCYCYRCTD,-2.116628636,1
slay_1268,PPGQHNKAPDLEYTNPFRNL,-2.11614004,1
slay_1269,ALSSTSSLWHSPNISPKGDH,-2.116069412,1
slay_1270,APLWPHQGLSRFSILFITITN,-2.11604938,1
slay_1271,DRCPSYHMFNPTVTYICRLG,-2.115927672,1
slay_1272,PCQNPTSCHHSRSLSRQA,-2.115736658,1
slay_1273,GNYIWPILSDHIAN,-2.115554464,1
slay_1274,PLKGLLVGHRASNDNSNNGR,-2.115077561,1
slay_1275,VYVCTASDCFMSYT,-2.115032838,1
slay_1276,CWSSP,-2.114644031,1
slay_1277,RKDIVCYYVSSHTYNALDNF,-2.113769665,1
slay_1278,LYTPNRPPTSLRSRTQTVHV,-2.113536499,1
slay_1279,LLTTPNSHPHYRQ,-2.113512665,1
slay_1280,TRLPPSLVSSLAISGTYAYG,-2.113429562,1
slay_1281,RHESHTHYTSSQVVYVRWLI,-2.11325139,1
slay_1282,RYNLLRLGPSRDKSIGIDPS,-2.112866455,1
slay_1283,GGFHNRICKNY,-2.112521241,1
slay_1284,CPYLYDLAYTTSLTLHLTPT,-2.111035367,1
slay_1285,PSNLSPTANSLSSNCPITNS,-2.110872774,1
slay_1286,TNPSDCISLVSTESRVFLLH,-2.110012023,1
slay_1287,RCRFFCVTRVIYNAAGIKAL,-2.109629072,1
slay_1288,YLPNELASSSNSNYTGFYCA,-2.109181989,1
slay_1289,VTFLRSGRPYMCMSS,-2.109090387,1
slay_1290,GSYGLPNGLIPHSSIRIDYL,-2.108686828,1
slay_1291,PPATWVPPNTYPTPLVYIPH,-2.108334895,1
slay_1292,INRNVDKMHNLNLVPFLTCF,-2.108183944,1
slay_1293,DL,-2.107028061,1
slay_1294,IHRHHHGSNSWTYLCAKSNL,-2.10672661,1
slay_1295,QPTQLMYTHDTDNRSCLGLT,-2.106382498,1
slay_1297,DPLHVRDCRILSHNMSNMTY,-2.106092439,1
slay_1298,HFNCPLPTSRDPFESKESFR,-2.106063283,1
slay_1299,LYTPFGYLLWSYSLASRDRK,-2.10554033,1
slay_1300,TSLLRHAPHSHRDPRHANTK,-2.105381941,1
slay_1301,NSVLWILSPICIRGPSRRTVA,-2.105071997,1
slay_1302,RFRATMRSILIMLIGGLT,-2.103615583,1
slay_1303,CFQFRSHYHLSRTNMYHYYN,-2.103205245,1
slay_1304,CRQLLLEHYNTILDSIVFDH,-2.103164554,1
slay_1305,PIYTNCLYSTDSLTNNSRWF,-2.102868815,1
slay_1306,PLDPSYGLIGAPRTVNEWAH,-2.102031173,1
slay_1307,VLTTHYDSATNY,-2.101739718,1
slay_1308,RATYQGSSYQLIMY,-2.101552355,1
slay_1309,RTTPSLAYRSHRVHSYMGDN,-2.1004134,1
slay_1310,PGMPSPSFAGQRNMPCSRSG,-2.100263064,1
slay_1311,PNNFSANTIKHFSRFDGYCS,-2.099019712,1
slay_1312,VRYNMSTNPSHSSHRVKCII,-2.098857302,1
slay_1313,YYDFGTRVTPYIVHTCYYTG,-2.098271106,1
slay_1314,RELPWHSPRILFFLHLLSKA,-2.098159984,1
slay_1315,TNVSRDYRAHIVSWRLCAQP,-2.097476067,1
slay_1316,ISFLCFGLRFTAFLCLRRLRN,-2.096588894,1
slay_1317,KIFNRNTNLYCYNYHHVVPP,-2.096170789,1
slay_1318,HHPFDLVWLLLMGNWHNMEN,-2.095658425,1
slay_1319,YIYRLWRNGIIIITPMAGIT,-2.095258534,1
slay_1320,TTQSVARGTTSQSYFNNATH,-2.09524341,1
slay_1321,SPALDGIMFQYQAEPGSRAA,-2.095160372,1
slay_1322,PPIRPYPTFHTKACTTRSLRN,-2.094404616,1
slay_1323,PRSTCTPLQTKANLLTPCQL,-2.09411311,1
slay_1324,FAVLPHPNLNFVSSSVYEAV,-2.093726906,1
slay_1325,RTACVHIRYELVTRRRGRRA,-2.093596265,1
slay_1326,RLSCHFVAHIFRPNIFNEHT,-2.09311861,1
slay_1327,CAYHWNNAASDTYNVHLYTS,-2.092690835,1
slay_1328,HSGPCRYGIH,-2.092652624,1
slay_1329,ILSRNSPDAPHTQNLAASPY,-2.091638267,1
slay_1330,FYMCINSLRTATRAP,-2.091411494,1
slay_1331,GSSPVATISNYHIHYRPGAL,-2.091059449,1
slay_1332,DPRNYISGEHIGSSNN,-2.090913269,1
slay_1333,PKRRRTFRPTLVTIRIRRSLN,-2.09005715,1
slay_1334,NYANYVSAVQRGSSHTHINS,-2.089852222,1
slay_1335,CLRPLSSHSGTHLPHNNSPS,-2.089146464,1
slay_1336,HTRLPTDGFCTLFKVTLLICN,-2.089113987,1
slay_1337,PAFSPCFRSPRENRAHLLPF,-2.087685271,1
slay_1338,CRTMQAHNWL,-2.087456925,1
slay_1339,CQVCNAL,-2.087232779,1
slay_1340,IHRDQQHESFLDARPEPGLTE,-2.086994167,1
slay_1341,TCPKNPHSRTGVTTSKTKGL,-2.086820861,1
slay_1342,PADLHDPFPIALRIRRPRRQ,-2.08602271,1
slay_1343,TFYNEAYHQIIGCNIGNTVL,-2.08547708,1
slay_1344,CDVPPPFNTPLSYGWYNMGH,-2.084448646,1
slay_1345,HLSHTPRSFHNVHTAHRRVC,-2.084392384,1
slay_1346,HFCPNLPNKRDAHSSSTSTW,-2.084239109,1
slay_1347,LGRMGMCVLSTTSFKKDTCV,-2.084101441,1
slay_1348,SLLSNAHTSIYQNCRQAFSD,-2.083995102,1
slay_1349,RTPHSYYWSPWDHEVLLAYS,-2.081930573,1
slay_1350,EVYRKCNNQIELLFI,-2.081474758,1
slay_1351,WKATTTPARHLDDSMSDPYL,-2.081095476,1
slay_1352,LSYVGSSSAMSPASLPLFLN,-2.080518449,1
slay_1353,AEIRSASLSTRNFSAQVEST,-2.079652905,1
slay_1354,DVLIHTSDLMAVRIMLNNLY,-2.079578572,1
slay_1355,PCYDFLATNISSIDYNYYIL,-2.07951834,1
slay_1356,RCISSLI,-2.077861903,1
slay_1357,IDPLSGDPTSGIFSSADHQI,-2.077752449,1
slay_1358,TYRAPGCSVYCHTYTLGYNV,-2.077668453,1
slay_1359,FSHNDCFNRDFPLTRYNQAY,-2.076434843,1
slay_1360,KLKSLHVLPTSCFPSMDTDL,-2.076354335,1
slay_1361,LFLKGGRHRFRCTFSYEALK,-2.076072258,1
slay_1362,LHLLDPAMYNVISIPTNVDT,-2.075065382,1
slay_1363,VYNKEPNRCCTGPPIINTIS,-2.074917529,1
slay_1364,AVYCCGSLLSHITTHLIDYH,-2.074197024,1
slay_1365,SGSAHSDDLPRAYLYHGSCL,-2.073988973,1
slay_1366,NTDCVRFCYLMIHSPRWFSI,-2.073660363,1
slay_1367,GVTHVSAKRRSNPARNITT,-2.073538976,1
slay_1368,ITLTLAGRPTAHST,-2.073234958,1
slay_1369,GHGHHNGATKVRCLDLTWQVT,-2.073181278,1
slay_1370,PCLVYCTDLPAVNLPYISVF,-2.073016206,1
slay_1371,SEGNAQPA,-2.072693825,1
slay_1372,YAMTGGAWLYTFPEGMVLRY,-2.072461419,1
slay_1373,CTRCHNAGNYPHTYNSSIQDD,-2.072323723,1
slay_1374,YLCIDNNTPYMHSIN,-2.072163445,1
slay_1375,LSNNRRLHHIAGPRENLVNGN,-2.07199463,1
slay_1376,TYHYRAPVRSRPLYAGLDLH,-2.071780904,1
slay_1377,PCSMPTRNIPRRINLTALRL,-2.071517045,1
slay_1378,SALYYYTLCARRNIRSITLY,-2.07126721,1
slay_1379,HRYLLALSRMYNRMSAVSNA,-2.07101136,1
slay_1380,TILAPRYNRVIPTFVAWTPL,-2.070996001,1
slay_1381,VVAVAGRNVATVHNAEHNMY,-2.06958182,1
slay_1382,VGHPPSTLRRWHPFCCSVIV,-2.069378795,1
slay_1383,TGRGLSSVRFHDSPSVVNYA,-2.069048181,1
slay_1384,YSMPRHSNTCFIS,-2.068973404,1
slay_1385,LFHFYCGDLCINSPWWLPGS,-2.068510517,1
slay_1386,HLICVTIRSRPRRRAGTVSN,-2.067267633,1
slay_1387,AIVSHPTPQADPTNPTREYN,-2.06709127,1
slay_1388,HYLTFSNIPIAFLDTWE,-2.067039859,1
slay_1389,SVYLDYTRRTRLTFLTTGNQ,-2.066542832,1
slay_1390,PFKDYRCHYQALHADNPGSA,-2.065928123,1
slay_1391,AQLRAKYIPTSDGFQCSKYA,-2.065031989,1
slay_1392,NKTRPLSNHNLVAVLRLMS,-2.06471222,1
slay_1393,DIQRKSYRSCISIYYLTRTI,-2.064370605,1
slay_1394,YTVSVSTCATAFTVDTSKQD,-2.063173154,1
slay_1395,SPCTLVGIAHSLHDDNPVHH,-2.063001372,1
slay_1396,RAPDTLASEPYVPTTGYSHS,-2.062376251,1
slay_1397,HYRNLLTVDNHGTYSIKNFC,-2.061499387,1
slay_1398,HADNLTSQPLFHNTNDRHYS,-2.061137336,1
slay_1399,IHLFFICIISTALTRRRPRSN,-2.060861312,1
slay_1400,YSLIGIILAAYFRCHHSLSS,-2.060690739,1
slay_1401,HMPHTTWHVH,-2.059876714,1
slay_1402,RLPWLWYIVYLKMPLLARIAN,-2.059097046,1
slay_1403,IPSLSFTIILS,-2.058833983,1
slay_1404,NDQHYTALCHYCCVDPGCYT,-2.05860932,1
slay_1405,PPYTAAPPFVFRVNSALNSH,-2.058318886,1
slay_1406,RRCTHDMYLLTSYEPLLRNT,-2.058128616,1
slay_1407,CRPSNKYAPCRPSLRHILYF,-2.057501523,1
slay_1408,DSSAPYLYFLIIFTARSRWS,-2.056807912,1
slay_1409,PVHTRTALPGPCTIRPQVRP,-2.056523498,1
slay_1410,ATYLWTHNYHLIVYPTTRPR,-2.054783452,1
slay_1411,DQLPLDTWLPLLGCHPLIRI,-2.054711435,1
slay_1412,PYHKMSLNAVMSVSELYLTP,-2.054159109,1
slay_1413,CHVPYLHKGTYVPAFTLDEP,-2.052359432,1
slay_1414,LTPTPTATRHRTFASNNVYK,-2.051750353,1
slay_1415,TLNNT,-2.051684228,1
slay_1416,NSWKGTRG,-2.051457887,1
slay_1417,PMGVAPIYGPPLDAANFSLH,-2.0513354,1
slay_1418,SRSQYYFPVDFMALRLLLSLN,-2.05132644,1
slay_1419,APIYNHNCVMLCINMAPRHP,-2.051147517,1
slay_1420,LPHNIWHRTGLLTHNWTARS,-2.051001656,1
slay_1421,PHVRDKPSRARIFTSTWHVI,-2.050893488,1
slay_1422,LKLATCLYNMHCQ,-2.04998903,1
slay_1423,NVREPVHNHDNWIRGPPLFLT,-2.04973294,1
slay_1424,VHNSVLSPLNYDLFTSRKYA,-2.04921556,1
slay_1425,NAYWTNMILCIIAFWLHTNL,-2.048563001,1
slay_1426,IR,-2.047751625,1
slay_1427,WAYNNPDD,-2.04770957,1
slay_1428,TFFFLILFIHVNRNTVHPID,-2.047389831,1
slay_1429,LYHARLYRLYLVASVDSVHS,-2.046867627,1
slay_1430,RPSAFCLRNSNSIEFDRPTM,-2.046618695,1
slay_1431,PDIYHRINR,-2.046329241,1
slay_1432,RASSHNSFNH,-2.046105468,1
slay_1433,GKLYQYVPDIICLITRLITW,-2.045786175,1
slay_1434,GMLDYRPSTYTNLGTTHTGGL,-2.045322706,1
slay_1435,APGRPRPAEPSNNAYSAPM,-2.045186798,1
slay_1436,LVVNFRYYKEESNLVPPDFD,-2.044684148,1
slay_1437,LPLNPVDSDAVFTSLREPLY,-2.044199414,1
slay_1438,STFVVS,-2.042916037,1
slay_1439,DSMPLFLSCSPSYPSKTPNR,-2.042492242,1
slay_1440,HTKNSVHIKSCLPVSYRHRP,-2.041143507,1
slay_1441,LHDVIGFNRIFILPPILNYN,-2.041060531,1
slay_1442,HAPMQRLHCRASPFLFVLVV,-2.040618205,1
slay_1443,SPDSLKPTRHFFLSTFKTVR,-2.040257652,1
slay_1444,PPAGMNASVQYTRYRV,-2.040082902,1
slay_1445,LRILYTIRINIDLSDYNVSA,-2.04003691,1
slay_1446,PTRSLGRLLRFTMCRRRRSIN,-2.039225795,1
slay_1447,FPNYKGRTRSASPYHPYSIY,-2.03912828,1
slay_1448,SHTLALHTARLYIDCVHCNR,-2.039069746,1
slay_1449,PFLLSQSSMDQCFRESTDRT,-2.038872298,1
slay_1450,GTEAFRAYITRYASCILTYL,-2.038769399,1
slay_1451,FISTRVTNVQAIRGHPMFRA,-2.038586664,1
slay_1452,SCLALLLCYLKKLTLRAVHR,-2.038496137,1
slay_1453,RSARHNCLSWDLPNSTSLLRN,-2.038133855,1
slay_1454,VHHMPNVTRHSITGFHLNDTN,-2.037979832,1
slay_1455,SGLALSYMTVCYVNSHYYSY,-2.037841637,1
slay_1456,HISNGYRIWFLFCYHFYCRT,-2.037628649,1
slay_1457,CDFRMPTYKYNYDII,-2.036941639,1
slay_1459,DPTNNTYSTRIQGSGDSPVY,-2.036317811,1
slay_1460,IPSRRQATMAPSYTSF,-2.036165479,1
slay_1461,LYRASTQRTSGDCGFLFLCL,-2.036147726,1
slay_1462,FSANGDATM,-2.035572208,1
slay_1463,PSNLLYHRVHLSPDMHCWGT,-2.035563966,1
slay_1464,HGIDTHIIYPSAFNYTHTEH,-2.035468432,1
slay_1465,LSPGLATILRFLSLALALRLL,-2.0347418,1
slay_1466,TLVSSSNF,-2.034736979,1
slay_1467,YPRSAVSTFCFNQGRYSFDV,-2.034247696,1
slay_1468,QATLANTFDLERYDRNKLPD,-2.033752295,1
slay_1470,L,-2.033104196,1
slay_1471,NTSPPDKRASSHLRRQTACY,-2.033080238,1
slay_1472,ISSNCVHH,-2.03242521,1
slay_1473,VRTNLPIDSLPSARSYENST,-2.031272143,1
slay_1474,LPLRKSHHAA,-2.029236231,1
slay_1475,RFTHICGNIGYHNFNIITSS,-2.029027228,1
slay_1476,DTGYVPRSLRTYRTATPVSA,-2.029015275,1
slay_1477,PQALTDIDSGRSIMHDNSFL,-2.028977162,1
slay_1478,SLM,-2.028209225,1
slay_1479,VPWCTTAPCPPSGEP,-2.028062209,1
slay_1480,IGVLHAHASN,-2.028025851,1
slay_1481,YNSYVVPCSIRKLFACHCFY,-2.02802276,1
slay_1482,RSCAGAMRRSIGRWMRLRRR,-2.027946147,1
slay_1483,YRTAVRVYTVSKTYFKTDDQ,-2.027673309,1
slay_1485,AALHYANHISHFVHLDG,-2.027205122,1
slay_1486,SFDYIALPHFIVRNMRL,-2.027076224,1
slay_1487,EMNSTRTQWHRSSQPTNPCS,-2.02665486,1
slay_1488,PALYKIFKRLLHPSTTCPSA,-2.026487297,1
slay_1489,DLFGSAPWGNMYPYDYLSLRR,-2.0264266,1
slay_1490,LPKSLMQTLPSRTTHDIFIR,-2.025797291,1
slay_1491,EPQASHPTF,-2.025626086,1
slay_1492,PSLIASPGEHTSPSAVWEFG,-2.025525408,1
slay_1493,CYELWINSQVANPSVSIRSS,-2.025376913,1
slay_1494,SRHNYRKRLFSDLSNGAMNP,-2.025123471,1
slay_1495,DIMFTKRSQCPCHTWTYARS,-2.024874323,1
slay_1496,TMKINASSD,-2.023351424,1
slay_1497,TVLCMED,-2.023236055,1
slay_1498,ERSHHQTTVVYTMYLLGANT,-2.023198019,1
slay_1499,VWGEQSIFFITCGSHTNCMG,-2.022888788,1
slay_1500,HFMTAACDVMAYKACVNSML,-2.02145777,1
slay_1501,YLVRGASHNPNPHLFMRTLN,-2.019687202,1
slay_1502,PIYVFASAVAAMCWFVTTYS,-2.019307432,1
slay_1503,FNTNRLPSVSRTNKFPTVVT,-2.019071779,1
slay_1504,NADSTVILTVIFSYGDKCGC,-2.01890115,1
slay_1505,LITLHLIIGPFCCLSLRRRM,-2.018878049,1
slay_1506,RLPNPNNPNRDPQPPARLCP,-2.018467968,1
slay_1507,IQERKASCPQNHHFRFTDPL,-2.018385803,1
slay_1508,VLLMPSSTTTVSDAPTTGYM,-2.017483039,1
slay_1509,LDLYIRVNIIPEYTGPKYTS,-2.017214248,1
slay_1510,SYISPFNHPVFHRVATHYRS,-2.017186368,1
slay_1511,MRLGLILRMAALLALLALRLT,-2.017039666,1
slay_1512,RPTAVDAARRQEIYDYFNFH,-2.016924296,1
slay_1513,DTLHLGGHRGNHYIHVFFRF,-2.016173743,1
slay_1514,VPSLAVTGTNN,-2.016005183,1
slay_1515,GTGPTAANDAMCRPRHTMNA,-2.015900705,1
slay_1516,GCDSHNRYNL,-2.01569814,1
slay_1517,LIDLSLDLLTLIWAGRTSRRN,-2.01307457,1
slay_1518,WYNPTAAP,-2.01300764,1
slay_1519,SHTFCGQVINLHANSHTCVR,-2.012639335,1
slay_1520,TLGYIHYTHVEDYVRPFCNY,-2.012295714,1
slay_1521,MAQDPRSNHRYDNKPIHYNV,-2.012037062,1
slay_1522,RDHDISSIRPSITNVNDDMQ,-2.011332659,1
slay_1523,LVFYALIPTLSKNCSPLLSL,-2.011145963,1
slay_1524,YRLTPFNQGLNKIIYCRFRP,-2.010029896,1
slay_1525,SSHRDIPRPHRLLCLFPYIS,-2.00979539,1
slay_1526,ALHDAILSDCICTNPGM,-2.009632217,1
slay_1527,TRCNWSILEME,-2.009614663,1
slay_1528,TPEDAGGPHCAK,-2.009515744,1
slay_1529,PPSS,-2.008944681,1
slay_1530,LPTLDFPTSKGYMSDRP,-2.008815304,1
slay_1531,LSLHHYSSLPVNSHWTRRAS,-2.008765465,1
slay_1532,TAPFDWSNVNTPCNTNFVYL,-2.008467619,1
slay_1533,LQTRLFVRREQGSIEFIYP,-2.007757158,1
slay_1534,MPLHHSTSGRLTHFLPLASK,-2.007089804,1
slay_1535,YHPKHTYRTIDTLDLPYHVT,-2.006984848,1
slay_1536,ATCTPLSYRL,-2.006942173,1
slay_1537,PRHSVSLALASMPNIPAAYW,-2.006513046,1
slay_1538,SEHFGLPPPRHILVPILDDT,-2.006365523,1
slay_1539,YLNNRLFCRWHGDCHI,-2.006254591,1
slay_1540,NHFICFRLLLVYKLSRSGRR,-2.00624791,1
slay_1541,ACYYFFLFFFRSTYNRHSTD,-2.006149642,1
slay_1542,PPKCDHTRLWALYNDPILIL,-2.005371126,1
slay_1543,FYPIHHTWYTQLRTCYDSAP,-2.005262294,1
slay_1544,FRMNSFDHYASIIPTTRGTI,-2.004856446,1
slay_1545,PRALWHASDLHSG,-2.004473741,1
slay_1546,SPPIRFSCYLPDSTCSDTTS,-2.004380023,1
slay_1547,SCIFPKSPIQSYASTDLSIS,-2.003859446,1
slay_1548,RLPRCHTMYLRHSLSHMQIR,-2.003503789,1
slay_1549,NCA,-2.003017411,1
slay_1550,RQHGYCHFLRYSRHRRMHRH,-2.002643714,1
slay_1551,DHHWLTALVNPHGMVSPNRL,-2.002215029,1
slay_1552,RAGAIPHIARALALFWISSS,-2.0018048,1
slay_1553,SYIVKSYLHNRSSATCKTYR,-2.001737687,1
slay_1555,ALVYSNRPAIHDGEPLITNT,-2.001282818,1
slay_1556,LSSLVANAITHCFLLAREIR,-2.0009498,1
slay_1557,FPRYMFTATGRLDDGRAMSY,-2.00021605,1
slay_1558,LVATCSPYHTPTRLEQHNTS,-2.000030808,1
slay_1559,ADDTRPRRTITRLLVYAFHT,-1.999841941,1
slay_1560,FSSHGHQLEAKFIFRPKPNS,-1.998876275,1
slay_1561,GHYYLCFYLAVTLTIRRIDLT,-1.997529485,1
slay_1562,PLPNLVGTAASNHIFEKSKST,-1.997376038,1
slay_1563,HSSIWNRCHIFMHTLDHYPT,-1.996621329,1
slay_1564,INSRRDTGDSRLVFVAYSSP,-1.996578759,1
slay_1565,LYGM,-1.995868936,1
slay_1566,ILNWIKGYLHHVLARRNLSS,-1.995785104,1
slay_1567,NGLDPCYNNCINYLNHIR,-1.995530876,1
slay_1568,RPCDFLLSNKSVVFQNKNRF,-1.995161681,1
slay_1569,RRHPSVLYPCTFQIVYYGLC,-1.995010521,1
slay_1570,DCRSCNYRPTGSWRECGVIP,-1.994646266,1
slay_1571,PMYTSPFSAYDRQHNTNCCR,-1.994504853,1
slay_1572,LVLGCCLCCRIRFRATINSN,-1.993964612,1
slay_1573,DNVDNN,-1.993731786,1
slay_1574,KGYLGRFRPRDTLNDRKTAR,-1.993629419,1
slay_1575,SFPSSFLPYVLLDRVERNCS,-1.993473527,1
slay_1576,PNNYSDSFMAHSHLLDEILN,-1.991872273,1
slay_1577,LSQAADRASSCTNGVPLPSQ,-1.99168434,1
slay_1578,LVDVEFTWLNVSESIILETT,-1.991616117,1
slay_1579,LVIQIGLVSWSPRRRSRILRN,-1.991014842,1
slay_1580,PRTKFTLNVDHASDHGESPL,-1.989882233,1
slay_1581,TLVNRHVGKADSGSRPHMYA,-1.988920065,1
slay_1582,RARVPLWDHLSNSPAHNDYT,-1.987752678,1
slay_1583,KCSTMSSSRG,-1.987664643,1
slay_1584,VTTTHQR,-1.98711297,1
slay_1585,GANYRRENCSQFSSLQAVNR,-1.986909257,1
slay_1586,PYSLAPSFPLVQCYDNSRPL,-1.986636804,1
slay_1587,SYPTGLAFFAVVAIITRTGRN,-1.985700473,1
slay_1588,LHHPQKAHSAPAR,-1.985437098,1
slay_1589,EPFPFALSQPPLLHGQVKAR,-1.985397118,1
slay_1590,KRNKVN,-1.985272501,1
slay_1592,GKRLSRTLLAMSLVAV,-1.984567017,1
slay_1593,PILSPDRSRCRLLPVQAYGL,-1.984546173,1
slay_1594,SYIVYFLPVRRTPARTLGLLN,-1.98443546,1
slay_1595,YSVY,-1.983361887,1
slay_1596,HRTRMLFFISARRNSVFIHN,-1.982913147,1
slay_1597,HILQASTWLDAVNIGIFTRW,-1.982347472,1
slay_1598,PILVDHFLHMHKTDTCHKSR,-1.982304904,1
slay_1599,CIDARKCDCVNDRNVCTVFC,-1.98122903,1
slay_1600,TAHPALASLLY,-1.980554962,1
slay_1601,MVCLTYTSKPIVSKPLPN,-1.980536428,1
slay_1602,SVAQDFFHDFTTAPFCFSII,-1.979561296,1
slay_1603,FAHYTPTMPPVVNHEVHIAY,-1.979081609,1
slay_1604,FQQFYTSGCNTPYYQLIKDY,-1.978999028,1
slay_1605,NHLHKHPFINGRPGAQGTPP,-1.978996593,1
slay_1606,GAMACQCPPYTTSPCLMSNA,-1.978601157,1
slay_1607,ANKRGNPCQRPNATG,-1.978551285,1
slay_1608,ARREYPEPTNTCSPAVLLPM,-1.978426688,1
slay_1609,SSSHTCSTANLILQPSAITT,-1.978291546,1
slay_1610,RLVRILVSKRPVAIKPYFRL,-1.977363615,1
slay_1611,CHPSSPTFPFIIPVGSDAYT,-1.977280877,1
slay_1612,NRLFCGDPKDCLWRESSSYE,-1.977168055,1
slay_1613,IGVHICDLAFSRMAMRELFC,-1.976932611,1
slay_1614,RWAEPITPQSSFLTAAHPLS,-1.974439924,1
slay_1615,LAFLHVGIGCHVTDPCYSDF,-1.973230685,1
slay_1616,RQCNHGNNCGEFLVHCTSFA,-1.971995856,1
slay_1617,SYIYPH,-1.971216061,1
slay_1618,YLLPFTVLGPRRRVTPFIRK,-1.97118405,1
slay_1619,VGTLTRAKAYRVYCCPNRRSN,-1.970939103,1
slay_1620,RLCTHPCDRFGDASGRSAVN,-1.970690368,1
slay_1622,STACFDDAGDKFIFRMTLLVN,-1.96965534,1
slay_1623,HWSPLLLNSFDLDHHYLFYI,-1.969628681,1
slay_1624,SSCAVCAWQYRTCSDCSVTL,-1.969604322,1
slay_1625,DRPTVFPCYLTQVLTSYVVA,-1.969573002,1
slay_1626,TDHGPNHQPF,-1.969296851,1
slay_1627,GARLVLFYPSTTKDQNAPFI,-1.968173313,1
slay_1628,RPDYALYHKPSDRANWVHYW,-1.967590029,1
slay_1629,HILEFQASHMYVWSNAGSSY,-1.967327657,1
slay_1630,PSTSSGYGFDCRSLFSFNWT,-1.96720511,1
slay_1631,TAVPSPRVTVDKIPTTHVIR,-1.967084408,1
slay_1632,TLVPHYSQDTMRCTLFSHLI,-1.966935186,1
slay_1633,WSYASLTAIPFAVL,-1.966114259,1
slay_1634,WPVHVNSPTCYEVPLNRQLS,-1.966084088,1
slay_1635,LPAGTIAFQYENSSYIVILY,-1.965964172,1
slay_1636,TAPRQNRSVSLR,-1.965527617,1
slay_1637,FNSLPYRQLATFCIVVPRSV,-1.965067005,1
slay_1638,PSFF,-1.964914084,1
slay_1639,SIYHDTPRYGTASYALLGLS,-1.964759789,1
slay_1640,FYEGRQSMPSCYYPIVSLLT,-1.963810701,1
slay_1641,PPTSLPYLCSPLNPVYLQPL,-1.963611914,1
slay_1642,SYTFRARTAGRDCSRCGPPL,-1.963356147,1
slay_1643,AASKRKPPHSCGVAGSCACY,-1.962964121,1
slay_1644,SALLTHARAYANRVAAATEIN,-1.96256002,1
slay_1645,SYSTMFLSLLFALETANMKC,-1.961706792,1
slay_1646,TRHIPSIKQCAVFHSRLPGY,-1.961487785,1
slay_1647,CSSAGDFFTNPHNINPKSII,-1.961002517,1
slay_1648,PRTCS,-1.960659086,1
slay_1649,TFLIILLLLSPTSWSLLPPIN,-1.960524385,1
slay_1650,RPSAPIFCLSIHKDVKKQLC,-1.960520638,1
slay_1651,SDIHAPKRILQTSNTL,-1.959947136,1
slay_1652,VKPRPLHDRP,-1.959640818,1
slay_1653,NGCTSHNYFSRVQDPLQPIR,-1.959606114,1
slay_1654,HSTRGACVLTYSPYGTHINP,-1.958795731,1
slay_1655,PGFWSFTPSDYDCHWTHFYL,-1.958659746,1
slay_1656,TVTAPWNPPITNKLLTFPTG,-1.95817984,1
slay_1657,PLQASHLSRSPFTCLHP,-1.957977028,1
slay_1658,HPKYLSRTTHGSISHQYPTA,-1.957869244,1
slay_1659,GLKNAANESRDPMEYTLSCH,-1.957678575,1
slay_1660,RYLSSFWRSLARFWKRYNNC,-1.95724273,1
slay_1661,RPIRLNPRCYDRPNCSRHWS,-1.957079544,1
slay_1662,RWTSHAHRRYIPINP,-1.956899342,1
slay_1663,HVSRYRALL,-1.956790746,1
slay_1664,STPLALLRTCSTGNHQSFRQ,-1.956074266,1
slay_1665,YVPMPVSLRTRRRGRPI,-1.955385347,1
slay_1666,P,-1.955348072,1
slay_1667,PPGSLDQVNPLSHCMCYIFS,-1.954818769,1
slay_1668,WLLHKSVPLRAVVTVSHNMF,-1.954724249,1
slay_1669,PRICPLTINTHLAF,-1.954504376,1
slay_1670,PAATSGFKPMSHLLPEICTL,-1.954247096,1
slay_1671,PPDWG,-1.953170093,1
slay_1672,YPIWYMHPGGPQAYSDIKYM,-1.952463526,1
slay_1673,QGACLCPCMTHGYMYDLILL,-1.951791667,1
slay_1674,PFHSYHNTIYAS,-1.951614859,1
slay_1675,NECADVPRRRKPLCCVFDIA,-1.951501358,1
slay_1676,APRNCICYSRMCTSDFFTTI,-1.951426145,1
slay_1678,VRVYLCTKANFPMYVSIHPP,-1.950898574,1
slay_1679,LDTAVPYRIGDAVHAT,-1.950845563,1
slay_1680,APALLHPVQSDRTASHMNAW,-1.950503723,1
slay_1681,PHPP,-1.950474827,1
slay_1684,RLAMEQPLWPCMILMHNDVC,-1.949564826,1
slay_1685,LNTSFYLIGISISIGTSRSY,-1.94954958,1
slay_1686,TWMNSFPLTYS,-1.949210915,1
slay_1687,QPDAEVPSPMPLCSNWRYLV,-1.94917903,1
slay_1688,PSVSNWLCRYNTTVADKGL,-1.949038245,1
slay_1689,GTPMSCQIPCCGFGFRFEYL,-1.948418862,1
slay_1690,ARFALHTCSHALAFASSS,-1.948280279,1
slay_1691,VGGDSYHLQRRAHLCEPLQRL,-1.948213406,1
slay_1693,PWVYRCVRPLNYPIASSTTCN,-1.947165402,1
slay_1694,EMIKFHDPFQASWAWTRKDE,-1.945718721,1
slay_1695,YYTLGTSITNGVSISTRSNY,-1.94479603,1
slay_1696,ILLASIITPTTWIIGENSNF,-1.944656538,1
slay_1697,HSIHIRVVSPWICIHLALSL,-1.94417468,1
slay_1698,IGNY,-1.943258694,1
slay_1699,LELTGFEFFSDVTLD,-1.942021263,1
slay_1700,HIWLPIPSDDVS,-1.940275194,1
slay_1701,GRPVVACRVSIDPTSNRCHT,-1.94002619,1
slay_1702,KTCSSQSTQVPCTKFKSYGA,-1.939785757,1
slay_1703,PLCVTDLHKPYFGTSVNTIL,-1.939603809,1
slay_1704,LIHHIYNASTFCIYTFSSID,-1.93863094,1
slay_1705,LYGHNRRSRDPWKNTKHGTA,-1.938148526,1
slay_1706,AA,-1.938068896,1
slay_1707,SSWYFIVAHIYLITR,-1.937471308,1
slay_1708,FSVHSYNNYEPHVSTDSIAT,-1.937361612,1
slay_1709,PGPNPTIRAPPPDTPFVRFL,-1.936684744,1
slay_1710,PDYIDVPTGSSSARKHQHML,-1.936218668,1
slay_1711,PFPLNVPFYSNWNVIAYNPQ,-1.935674774,1
slay_1712,PDTLPRVTPPSAHTSESRVS,-1.93548172,1
slay_1713,LLRKPMPVPPKKTDPYYKLT,-1.935379655,1
slay_1714,SIGIRARLVTNYRADLLDY,-1.935304359,1
slay_1715,SVVFRYATSTLHPDMLFP,-1.935247881,1
slay_1716,CDDTDLSRFMLFVRHTKKSL,-1.934972735,1
slay_1718,LSVNTPPSELFRVYRMDASM,-1.934237767,1
slay_1719,HTYTHVLTYTNSSSNPKTNA,-1.933737801,1
slay_1720,CQLTMNVLNLLLRRFVKSAK,-1.933197536,1
slay_1721,ATIYAHYRS,-1.9331723,1
slay_1722,PHTNADIVVRTPHSAPELGL,-1.932760722,1
slay_1723,GNIKPMRPHVHRVDPCAYYH,-1.932489675,1
slay_1724,AGSSQTFAMKQASCSECH,-1.932360554,1
slay_1725,SMGSHDAPNYPRGTAFIILL,-1.931566698,1
slay_1726,HLRYLERQHTSILHSSSPSD,-1.931488563,1
slay_1727,SAYDDAWIMDNQIDLNRCDI,-1.931397264,1
slay_1728,PCLAAVGVRTDVFTNRVCTQ,-1.931084789,1
slay_1729,PPLHLYIILLWPVILRMRLN,-1.930351005,1
slay_1730,CPTPCMRLLCLLVPRQSHLI,-1.929936062,1
slay_1731,AQTHETSCQNSIINRF,-1.928977307,1
slay_1732,DTGRPNRHIN,-1.928965775,1
slay_1733,TWVMIPTLLAHTPCTGAFNI,-1.928852298,1
slay_1734,GSARTAPNNSNNHQSCPVKF,-1.928659037,1
slay_1735,LPVAGLP,-1.928351302,1
slay_1736,SSFYLVTRMSFMSSHLYNKL,-1.927371102,1
slay_1737,VHYCHHRVNYGHRVIR,-1.927290269,1
slay_1738,CHDGEMPPVQ,-1.927234847,1
slay_1739,HQPSNRPF,-1.926816186,1
slay_1740,TVCREPVCYNYIRYHYFHLI,-1.926795301,1
slay_1741,GPPAASRPRLRDAPFDF,-1.92643727,1
slay_1742,SVPYSPNTSTTACWLLPSIG,-1.926384657,1
slay_1743,LIVKQSLSNYSTTFSTTGPSN,-1.926025852,1
slay_1744,WHRYYSWLKRYWTYWKYGHF,-1.925840333,1
slay_1745,RLRSFRRYSCHR,-1.925475484,1
slay_1746,AEIPCLMRYWHPRSLPVFGA,-1.925358125,1
slay_1747,RLSTAPRWSCLFCVMLNHTY,-1.924950066,1
slay_1748,PLSFTYLLAAPPSLYCGMYY,-1.924617892,1
slay_1749,APRTDHRSHNDLANAKMIAP,-1.924552854,1
slay_1750,ICFTMSIRCTPGFLCSTIGP,-1.92282729,1
slay_1751,LFHSST,-1.922729594,1
slay_1752,TGIRLFLRLRAILRRIA,-1.92235932,1
slay_1754,RRTPNGS,-1.92168198,1
slay_1755,PLWPPSIPDIFHSITG,-1.920924391,1
slay_1756,SIGSVDFIAAMPHATPHWSG,-1.92069189,1
slay_1757,INRYIIFAICYPRRKWARAD,-1.920553562,1
slay_1758,YSFAGHNPEYLALG,-1.92052734,1
slay_1759,CNYVLDLVHAHMPNPARIRT,-1.920050655,1
slay_1760,FYLFGFFLVLDLRNKILFSIN,-1.919515432,1
slay_1761,PQLTRPEPHISAKGTAAAAP,-1.918438809,1
slay_1762,IAIPSLTFDRIVTGGMAHNQ,-1.918317728,1
slay_1763,RSAYIPITASYFRIAHMP,-1.917800216,1
slay_1764,SPYFHLYTPYLNRLLTRTPV,-1.915524794,1
slay_1765,YNLFHPNLQTIIMSIN,-1.914990419,1
slay_1766,PPGIGDHTVCSLH,-1.914782323,1
slay_1767,HSDVYCFTSSNHIILGVNYN,-1.91474576,1
slay_1768,ARLIYSPLSCQPPVLWFATN,-1.914624574,1
slay_1770,RRSTVKPHHSQVHNPTYANA,-1.913810167,1
slay_1771,PLYD,-1.913709503,1
slay_1772,TVESTMDHRSAASTTNSRNT,-1.913492625,1
slay_1773,PTL,-1.913469881,1
slay_1774,DDHRYLSNPFIMCWTDCSIT,-1.913261954,1
slay_1775,CHYLMDNPYFIYV,-1.913144827,1
slay_1776,SALIHYYWGGGYFLSGPLVP,-1.912632752,1
slay_1777,GTFYGSSLARQSSCH,-1.91240102,1
slay_1778,AAADRINTDTSVHSSDMTNT,-1.91225196,1
slay_1779,LN,-1.911912619,1
slay_1780,FDLSIHIVIIINNWTLNFHF,-1.91182754,1
slay_1781,CTKQYFSLDTSFWNWPTYLL,-1.91027391,1
slay_1782,YHTDPSGMPPDSVFLIKHYC,-1.90983856,1
slay_1783,RYLAHPHSPVVFPPRRNSRT,-1.909763868,1
slay_1784,PRWLSCKNNTNYYMTKNVAS,-1.909741095,1
slay_1785,DLVFTLVTVGGLTITILPVGN,-1.909700764,1
slay_1786,RVAPFTSDGDGFSNLSFCTRN,-1.908767414,1
slay_1787,PPSTNSAGSFWNGCFIAIGA,-1.908651187,1
slay_1788,CLERIFVYLPPSTTV,-1.907701224,1
slay_1789,ALTTTLSRPHIYRSAAWSDN,-1.906721471,1
slay_1790,AGPVAPNPQPSWSPLNAILI,-1.90626479,1
slay_1791,CSIYNRTVCFNLFLPITNPV,-1.905898625,1
slay_1792,AAAVAAT,-1.90554535,1
slay_1793,IQNVRPTSMPERRPSLDKDN,-1.905410263,1
slay_1794,PLQDSDTPYSAVCSRLTAPR,-1.905039749,1
slay_1795,LRADATSDSRSQRPSRRTDF,-1.904410451,1
slay_1796,HPFPGDWCPDSCNNQVIYSR,-1.904065878,1
slay_1797,PTCFLAATFHFWMNLRPGGG,-1.903755982,1
slay_1798,LLFYISPLYCEICDKDLEWS,-1.903725878,1
slay_1799,LRVYVPLRTDFVNCAHFSMY,-1.903067607,1
slay_1800,VYFRPMRGCPPEGAGQNSFD,-1.902911637,1
slay_1801,PSRSFRSCPEAYYYWAQLYF,-1.902900998,1
slay_1802,IH,-1.902814877,1
slay_1803,HDAVWQPPKPALTSNTIVRD,-1.902724874,1
slay_1804,YQRERIPLSCFTAVCKLTIM,-1.90217034,1
slay_1805,GSHKLLTTNKVLLSLAICPM,-1.901816851,1
slay_1806,DVATTRNNLSIFRYKCQSFP,-1.900845483,1
slay_1807,PLFTLGKRIINHLLRAYKYD,-1.900602788,1
slay_1808,SLWLRLSSSISLIVTALTLTN,-1.900469242,1
slay_1809,GYLSGAPCYYQL,-1.900348192,1
slay_1810,QFRVHQVYLRYFAPLYHSIS,-1.89894866,1
slay_1811,GWISNLPAVMMNPHNLPAWY,-1.898487333,1
slay_1812,GQIKPIIMGCQWSGNHFLTS,-1.898360181,1
slay_1813,LATLSAACTSAP,-1.898238042,1
slay_1814,ACGQ,-1.897753047,1
slay_1815,SLLNAP,-1.897510623,1
slay_1816,IADFVPSLRVHFTPFWQTNA,-1.897275725,1
slay_1817,PGPLHATFRCPTIIIPTTTSN,-1.896350969,1
slay_1818,RNAS,-1.896328162,1
slay_1819,HLTEHGWTWRCVDIINKYNNY,-1.895745183,1
slay_1820,PPPVARHPCFKHVSVDSYRT,-1.895690347,1
slay_1821,TNPNYRHNRSALEFTNIWFH,-1.895280056,1
slay_1822,HKKAGYSSGEWPRAFVFAPA,-1.895181039,1
slay_1823,TTAFICILRRYRRDAYQIYLL,-1.894357397,1
slay_1824,HYPPFGIFDMINCINSEITN,-1.894325924,1
slay_1825,NPGSIPAVYQSRHLTSPKCP,-1.893428737,1
slay_1826,TTVTYLLSPFYYAGSIAGGF,-1.892739184,1
slay_1827,VLPGGPPWLHASTRYASEVS,-1.892714354,1
slay_1828,TGTPAACYTSHYYRPAYNIS,-1.892362502,1
slay_1829,PCLAIHLM,-1.892178059,1
slay_1830,HTSSRDCNIPVHLPYPHISL,-1.892132853,1
slay_1831,DHGTKTGTYFPNCMNLTYML,-1.891707677,1
slay_1832,SWQTIQIFSL,-1.89131373,1
slay_1833,RPAITCFHNRYLPSFTMEPL,-1.891308042,1
slay_1835,LSDVPYHVSAPKDPQCQNGG,-1.891061917,1
slay_1836,PPSHRHDSNFYIALCISIICN,-1.890968583,1
slay_1837,CSTENKNYNNLRDIIPSQLI,-1.890618294,1
slay_1838,RNKGHQTRYTANGGQYREHP,-1.890048506,1
slay_1839,HLSNCSPDQIRP,-1.889771578,1
slay_1840,PAHLNPFVTPYLIEASEPGS,-1.889278922,1
slay_1841,TNRSAYPGTHYERSYLYYVI,-1.888650408,1
slay_1842,PLRGLAGTPLIHLYTIHSSY,-1.888612602,1
slay_1843,PTYALICYSYRQATSPTATK,-1.888365428,1
slay_1844,KHDSYRPRGFLNTTFEIDQS,-1.887882074,1
slay_1845,PSYCVPLLDRL,-1.887603116,1
slay_1846,IAVTFPLVTSTPHGHSRLSD,-1.88756291,1
slay_1847,CGTSVRPIIPHKHCYDVTTP,-1.886837104,1
slay_1848,IGSGNADTYLHGSLNQHLHC,-1.886658959,1
slay_1849,SHTPPLDNSISFDSDTTYYF,-1.886648143,1
slay_1850,PSILSYGSYCHPTWHDFGSP,-1.885993646,1
slay_1851,PTFESNLKETLSNTATRSSV,-1.885446012,1
slay_1852,SGFPYISPPYISNCNFNHDT,-1.885090568,1
slay_1853,NRKPRRFTCYLNAVLHTSPP,-1.88487591,1
slay_1854,HGPGARSFRYHDHNRRCDGR,-1.884675419,1
slay_1855,HRCYHSSPSFYDFFIWRFPW,-1.884063779,1
slay_1856,FHRPQDQSHSYTPTVATCTQ,-1.88363153,1
slay_1857,PHSNSQPDSRHYPHCWYALL,-1.883304702,1
slay_1858,FTYQATHPAPELREASTIGS,-1.883265444,1
slay_1859,SNYVRYK,-1.882930488,1
slay_1860,SQRLAHYKHDNFNVYKHHYS,-1.882781067,1
slay_1861,ARSETCFRPRPGSSSRLGYV,-1.881466179,1
slay_1862,LPGCYTHCHDHHQPLRRPALN,-1.881458313,1
slay_1863,HCMLLLA,-1.881207541,1
slay_1864,TRTRTLIILLRIFSRLIRSSN,-1.880996724,1
slay_1865,WILS,-1.880734159,1
slay_1866,HTILSSIAADDMVIRANTPVN,-1.880261045,1
slay_1867,HVRPLTQNSIDNNLSLSRAH,-1.880244733,1
slay_1868,IN,-1.880148785,1
slay_1869,LMISNRHG,-1.878862378,1
slay_1870,MTCTG,-1.878397614,1
slay_1871,DLYAS,-1.877666619,1
slay_1872,SVRHQHLLLCVRGTCLLKFK,-1.876910549,1
slay_1873,SSTVVILYPLVQIFRRYGRY,-1.876670893,1
slay_1874,MPVTFLGINTCAYPPRRDYK,-1.876033119,1
slay_1875,TVCIPSASSTQFASMRPPWI,-1.875926608,1
slay_1876,DTPTVIISNPHRHTSFGAGY,-1.874703183,1
slay_1877,PRIPIRSRRSNSTTI,-1.874188824,1
slay_1878,LRFKPLHLDFAFHSSLPMVS,-1.873943446,1
slay_1879,YNSTAKLDLCGVTNHTRIRW,-1.873555977,1
slay_1880,YKRIHIAISFHGWSVHFELH,-1.873518814,1
slay_1881,DWPHFRIGLFISPQVYTHLS,-1.872147939,1
slay_1882,PKGLGMSLARSIDYWCGFLI,-1.870818199,1
slay_1883,DAVPTAHSSRKYLPQDSPTT,-1.870421712,1
slay_1884,FWLYLSCICILNHSHN,-1.870258381,1
slay_1885,LHADAIHIYELGYHPLLYVS,-1.870186572,1
slay_1886,GTPKPPFRSNVGSYETALYH,-1.870165822,1
slay_1887,GAPSVNCTNR,-1.869990536,1
slay_1888,HTHFNCSVLARVRTVPTVAIN,-1.869641246,1
slay_1890,FLSHI,-1.869551185,1
slay_1891,RPIPMYFCRHYNLAWTQATF,-1.869059299,1
slay_1892,IRNGSANSVMSTYYPPSLIT,-1.867518508,1
slay_1893,AQVLVTMVSTALAP,-1.867061485,1
slay_1894,SSPVLYTSFTIGLWTYRHCE,-1.865450483,1
slay_1895,NTCISPVTNNYTLAHVFLHN,-1.864851415,1
slay_1896,KHWNTECCCSGNGN,-1.864823156,1
slay_1897,RCRRLIAFYKYWRMRSIWLRN,-1.864813892,1
slay_1898,PGNCRPAGFNRIRDSPSYAF,-1.864754045,1
slay_1899,HPTIP,-1.864615213,1
slay_1900,FPTAPHGGDLYRDLPALSCT,-1.864512728,1
slay_1901,LNHMHNLLHLLTRLARSFRRN,-1.864391304,1
slay_1902,SSTVFAKPGRLIPSFSFFGC,-1.86412409,1
slay_1903,TCS,-1.863509524,1
slay_1904,PMCVKRLLTLLTRRFRLAVSN,-1.863451816,1
slay_1906,PPLFQPSQAVQYKGSPDSGS,-1.862760402,1
slay_1907,APVLNCYMLSIFRNVR,-1.86198786,1
slay_1908,ALFMQYATHRRQLSPGRFVH,-1.86174563,1
slay_1909,AAPLLHPWGTPLYDRVLITY,-1.861577875,1
slay_1910,SINPISDQLEVHPNCHMVHH,-1.86150914,1
slay_1911,RQPSIGLSHDYNPPFHRSSQ,-1.861429893,1
slay_1912,RYTNYSTCNLE,-1.86051356,1
slay_1913,HSTQLNFSSVNTINILNLSN,-1.859956161,1
slay_1914,LNNCKPPVLPTTSVHPFSWR,-1.859245475,1
slay_1915,RYIEGSHRYFMHPVYYLFEP,-1.859130275,1
slay_1916,HYPRIDHNFRDF,-1.858188954,1
slay_1917,YNGLNSPSYTEGCVYLV,-1.858055696,1
slay_1918,CRRVNAYRPIKSSGSQNSLY,-1.857971362,1
slay_1919,NPWLSHFVRMLILRLFRG,-1.857962093,1
slay_1921,SWADIRRGQNTLQKTDD,-1.85634139,1
slay_1922,VCKRRYPPDSSPPRSDQAST,-1.855737916,1
slay_1923,NEPKTTSVLTLFCLVCLLPSN,-1.855434566,1
slay_1924,CLFPCNTHCYYFLRVLPIDT,-1.855415785,1
slay_1925,HDVAHLLRCGSNPGAWAQTS,-1.855019228,1
slay_1926,GRHIIFLSVVMLRFSRRDSV,-1.854875037,1
slay_1927,SANYVVHPAINGGTPPWSLI,-1.854594714,1
slay_1928,NSYAYPYRFYLLSLTSANRA,-1.853952236,1
slay_1929,TSLVAAAVDARRARMHESLP,-1.853876493,1
slay_1930,PVAHVPKLDLNCFLAPNCYS,-1.853324472,1
slay_1931,NPRKLATSKNCHIPQILDF,-1.852812841,1
slay_1932,NLHPDGKTLTHVLSRALHPP,-1.852506237,1
slay_1933,ADENLSARGVFRCLHY,-1.851737245,1
slay_1934,PA,-1.851663869,1
slay_1935,RNTNVHMLEPWLTDSLILLGN,-1.851542243,1
slay_1936,CSSPFSPQVF,-1.850390419,1
slay_1937,HRPTPQPRCNVIHSRQNNDL,-1.849947574,1
slay_1938,SMPTSYPNSYDVA,-1.849536157,1
slay_1939,GPAYLYISYWTLNYNPYIYK,-1.849253693,1
slay_1940,PPPGGTPSNPYEAGVTRPHF,-1.84869108,1
slay_1941,THYRWLLFPQF,-1.848321769,1
slay_1942,LAPHLYATRCVLSVLLIQHN,-1.847828512,1
slay_1943,TNYGRTFIGADIFI,-1.847750746,1
slay_1944,YDAPRTFKVDC,-1.847748276,1
slay_1945,LPCPPSWATSMNCPFVASQA,-1.845078458,1
slay_1946,HQRSDKCVATSDAYLSSKPT,-1.844626528,1
slay_1947,HVFEPFDNLPMNPIWSNQ,-1.844607419,1
slay_1948,LNFSAVRQDGTHRTSSNSNH,-1.844220607,1
slay_1949,THHKNWMSSYPTVQNLIYYT,-1.84414391,1
slay_1950,SALAVVTSRTSCTYTPN,-1.843764979,1
slay_1951,KTITLLLVAYNSNNIS,-1.843616532,1
slay_1952,NILCTGSSRRFMLIIARTTCN,-1.843174099,1
slay_1954,SYPDQVRPHNPHGILSVDNS,-1.842852884,1
slay_1955,TYHIAISSSNALLTAALPRG,-1.842696962,1
slay_1956,NRVAEVKDNDNGLVTATVAFN,-1.841525363,1
slay_1957,GRSHLATFDPHDWHIRLPILN,-1.841200815,1
slay_1958,PHSSFDAADYYTGQSCVKCY,-1.840923398,1
slay_1959,YTPFHSFPIWPCPPSLHLAV,-1.840729406,1
slay_1960,SHGLGDKPSPHNNSNIVCPN,-1.840687529,1
slay_1962,RYYPRNWRHLYNNVRTHLTS,-1.839943493,1
slay_1963,ILSSNQLMCCVPRSSLIHRL,-1.839403984,1
slay_1964,RTIARLLYAFLRRVSACSGM,-1.839218241,1
slay_1965,PRYLTDFLLRPADSQYSDPH,-1.839193217,1
slay_1966,FKTIHMHGVSVTPMG,-1.838380952,1
slay_1967,LLNPFNDRDSMPLSHFYMLL,-1.838257865,1
slay_1968,GAR,-1.838101315,1
slay_1969,CFDRPHNFINGIPFLRIYTT,-1.838083633,1
slay_1970,MNKHPAPGCPGHAHRSLKFW,-1.837399606,1
slay_1971,LVINMLCKTIQLFKLIQLVF,-1.836910376,1
slay_1972,VSTPSPLFGKDPHWWTQALR,-1.836055369,1
slay_1973,VSSFLLSTYGGLRMHTFIPV,-1.835871718,1
slay_1974,FEGRQAAD,-1.835653987,1
slay_1975,YTAPRADILKKRLNNSLDTV,-1.834643111,1
slay_1976,SRLKVPRGHPLAPYDRGMMA,-1.834487939,1
slay_1977,INIPKLILILLISADHHQMP,-1.834025535,1
slay_1978,NTFNTLGCFFSDPMP,-1.834025065,1
slay_1979,LCPSQHPLYFALAGTPITLLN,-1.833700134,1
slay_1980,VHRRPITSYNPWDCYFLHHY,-1.833139067,1
slay_1981,HPVARCLV,-1.832070552,1
slay_1982,GTGFFVGINISNPPRLYVAW,-1.831585721,1
slay_1983,SVHSRLPDVYGSYSPSSGGT,-1.831148251,1
slay_1984,WIPKRPELRGCSYGNPPESF,-1.830912227,1
slay_1985,ILNENNQPWNRCVIYYLAQR,-1.830888595,1
slay_1986,RIQPVHDR,-1.830776387,1
slay_1987,YFPLCFRVNRSASSHRRFRR,-1.830539665,1
slay_1988,ISVVPTYRNKFDCTLCHHKY,-1.830513868,1
slay_1989,SCGHHFGTTNKANPRCYVVC,-1.830333618,1
slay_1990,RHTYPSPISRVGSPRARTWI,-1.829986754,1
slay_1991,WQIPPGCRIARA,-1.829800204,1
slay_1992,YKSSKHRITQPNSTVQTCLR,-1.829160034,1
slay_1993,LPLHGVADNHRDIARAVPI,-1.828661428,1
slay_1994,SIIDSEPTDRYYDRFYYYIF,-1.828113344,1
slay_1995,PNRAVRGFANISTTIPIGR,-1.827957474,1
slay_1996,RTPRPPRVPTIDPYFLMDMY,-1.827830443,1
slay_1997,RLPYKFFSGIIRCAVWIIYP,-1.827700558,1
slay_1998,PLVCSRCAVTVMSCL,-1.827518097,1
slay_1999,QTSHNTWDHFSSSIHVSDNL,-1.827338028,1
slay_2000,TRASHARHWHPHLLYYQGTL,-1.82703512,1
slay_2001,SLLVLMISPTVRRTGFTRSSN,-1.826803226,1
slay_2002,PPTRRSTTRATAGYDAPAHL,-1.825921807,1
slay_2003,NKEPVDHSTEGNQNLDYSSC,-1.825584067,1
slay_2004,Q,-1.825190813,1
slay_2005,GEAPDVADSICSLHWGL,-1.82478956,1
slay_2006,ATRDDSE,-1.824212458,1
slay_2007,RALSLLCTLRRLFLPSI,-1.823849016,1
slay_2008,YASWRSAAYFDIMGVFYSLP,-1.823461805,1
slay_2009,LWGVSCSPRGNPCRCLGLDA,-1.82330791,1
slay_2010,RAHLITLSFVLLASEEQYDR,-1.823268589,1
slay_2011,ARGWMPYGHYMSVAQTANYM,-1.822913672,1
slay_2012,PPFILVVCHYL,-1.822891788,1
slay_2013,LDSFPGHSTYPRHPLHCVLL,-1.822314573,1
slay_2014,STSALHIIAFGSPPRAFSRGN,-1.82180034,1
slay_2015,SSTNHFIYYIGLLHLH,-1.821047978,1
slay_2016,LEDDNPQALLYA,-1.820519441,1
slay_2017,APWNAYHLSDFRTQSHRLST,-1.820313801,1
slay_2018,FTMSSDNSNSKFNRSYFHQR,-1.819911775,1
slay_2019,PL,-1.819703669,1
slay_2020,GFQCYCPLNIHVI,-1.819219784,1
slay_2021,RML,-1.819013704,1
slay_2022,PGATDPWRLVSHRFRHSGRP,-1.818708326,1
slay_2023,PRGPECPIVTSLLVRVTYSS,-1.818691384,1
slay_2024,VLFYLRLGRTIVVTYNLSNT,-1.818673943,1
slay_2025,MTHTPVYSDVLHLPPSLSCVT,-1.8186029,1
slay_2026,STNFPERTVWHHMSSASTNS,-1.817490627,1
slay_2027,LIQTEPQSTSLAYSATFGSY,-1.817471787,1
slay_2028,MSACSSPVNFYRQTCNSYKA,-1.817150405,1
slay_2029,RRNSFLRCLTGRVGSTHVNP,-1.816025813,1
slay_2030,PSHAPPTLPATTV,-1.815581579,1
slay_2031,DGYYFWHIDC,-1.815342034,1
slay_2032,ESTCYLPSCHPSPAVRWGSA,-1.815098082,1
slay_2033,SGIS,-1.815058738,1
slay_2034,YVRTNAPQLAIFSAYPAHVF,-1.814905915,1
slay_2035,PPNTATCLPTPFPYAKLRYT,-1.81487797,1
slay_2036,HANYASCFARGETSSPCNHN,-1.814820888,1
slay_2037,VCKWITTWKQILSPNKHLRP,-1.814546086,1
slay_2038,PPTHYCPNWYRIFRQPLLVL,-1.814441186,1
slay_2039,SSSTMQCYELMFQ,-1.814267592,1
slay_2040,PSPFPNEPSDSPPFCYLLVA,-1.814216537,1
slay_2041,QSVPKRRSNPTIQDLSRNCS,-1.813620133,1
slay_2042,PAHTPNLLTDSFTHTRMNIT,-1.813516468,1
slay_2044,PVTMDSPTPDQRVTAHFALT,-1.812599872,1
slay_2045,CTNLGVRHLTDTMGRRVISFN,-1.812526726,1
slay_2046,YTSGFCLPIHEMA,-1.812433312,1
slay_2047,PSTCSFYQCEGCSNIIGLDG,-1.812344441,1
slay_2048,ADLLPRSHYNSYMHIEEFFI,-1.811590804,1
slay_2050,AIALPSGQHGIPHVIY,-1.811007974,1
slay_2051,YSRVIRITLPDTGFGPCHDF,-1.810751216,1
slay_2052,PHPRDDEDHFHRNNSLPA,-1.810642148,1
slay_2053,LNNRNRSLPGNPTIEYFVVE,-1.810578617,1
slay_2054,HSTWVAGSYYAIDRSFGSSL,-1.809400747,1
slay_2055,LVRDTTFITIRGDNTERALV,-1.809006815,1
slay_2056,TVLPYRPHWADTDNNFVLQN,-1.808954464,1
slay_2057,STSTE,-1.8086682,1
slay_2058,IRHG,-1.808626958,1
slay_2059,NLIKGFARLFVCLFQSRFCR,-1.808035751,1
slay_2060,CNTTFPPYFILPILHRNHHM,-1.807887549,1
slay_2061,VSSMGPTLLTSLSGQLKQTY,-1.807762634,1
slay_2062,WALAIYSLAHNVDESDWRTL,-1.807326281,1
slay_2063,HSYNRGRPKNSTYS,-1.806914283,1
slay_2064,PWSPPWVILRPAILLFASTRN,-1.806658284,1
slay_2065,DLSPCLTAPPVTTLDPLAV,-1.806386443,1
slay_2066,TAASLSSVANSQLLSENAFT,-1.806172304,1
slay_2067,THIDQISPCYLHVSDS,-1.805786242,1
slay_2068,DICQAHNDRQS,-1.805779369,1
slay_2069,DDSTKDPYRLLCFRNYSMNL,-1.805522742,1
slay_2070,TPRTFLTRTLTRMCNYVVDH,-1.805315135,1
slay_2071,SREPHSIHNNTCWQATLMIA,-1.805251975,1
slay_2072,RLVGPDSLGTHSLAQYPTRP,-1.804866756,1
slay_2073,HAILLIYLTLLIPSRTSARE,-1.804319142,1
slay_2074,NQRFRSIHARLTGQNYWMLN,-1.804301026,1
slay_2075,PMVEFHVPLAYRTTDENHRV,-1.804259372,1
slay_2076,ILYWRPNRSTWAFTVTPIMV,-1.804027585,1
slay_2077,ANSHHLYHLDHGFHNPTIRCN,-1.803910459,1
slay_2078,CYTPLYMFAVNLITDFSTIA,-1.80383739,1
slay_2080,LWENPSIHFVSGFSVSITYL,-1.803520281,1
slay_2081,KTWEVLTEFRLYTNILWTWD,-1.803397897,1
slay_2082,HQRPSNMDC,-1.803110578,1
slay_2084,TVAHLFNITNIHTNNLT,-1.802829551,1
slay_2085,LNDKDKTYAVLHIPYNWTPT,-1.802262732,1
slay_2086,MGLSPYNCTFVNPSHDMLQI,-1.801086266,1
slay_2087,CRKPVPTHVFTHFGYSIQIS,-1.800395535,1
slay_2088,WTNTPHFYSA,-1.799630549,1
slay_2089,LDPMPVLDPVLIEAHTAATR,-1.799057751,1
slay_2090,HAA,-1.798199856,1
slay_2091,RINVPRGGFTKAFMFRPPPR,-1.797865396,1
slay_2092,CRCTMPNLHLDALYMSFCPA,-1.797775355,1
slay_2093,TWYQCHLYDPHCFKLAP,-1.797443135,1
slay_2094,LKTTIDLSPVVLCGPNLHKT,-1.797431467,1
slay_2095,VPSLDTVGCIPVTDNNHSLT,-1.797250163,1
slay_2096,YSVHSTHHVLEQSSAFNNNI,-1.797158029,1
slay_2097,SAPFLVRLPSMFT,-1.797007227,1
slay_2098,EG,-1.796181186,1
slay_2099,RNNTFHFPKCLNKSFFHMQY,-1.795871601,1
slay_2100,EPCSPKNNYHDLFYRT,-1.795696592,1
slay_2101,FSCSNPNPSYSSLPFTWWYL,-1.795591616,1
slay_2102,DYTHVFTFHLI,-1.795056042,1
slay_2103,REAFRMVYF,-1.794966954,1
slay_2105,HDQCPSLTR,-1.793792387,1
slay_2106,HYAPPCPRSPFNDYIIVHAI,-1.793782516,1
slay_2107,KGAASSKSTREELAFLHTDI,-1.793651385,1
slay_2108,SPQESRWYRLQTFII,-1.791928918,1
slay_2109,MIAPTTISPPSRASYHNFCG,-1.791754406,1
slay_2110,TLFSIACENHAVACRFRRAS,-1.791718156,1
slay_2111,DPSSFYTRSAIGCTWCFYYC,-1.791686372,1
slay_2112,CPFTTLSLIVCLRLSRWSTCR,-1.791500615,1
slay_2113,LHNPHHHANGNYNYDYSTWK,-1.791470314,1
slay_2114,PLQPNCLFFCLGGSVYYQDHY,-1.791392717,1
slay_2115,IMLHLATFTSQNQGSYGASL,-1.791365313,1
slay_2116,FNFILMPWHLIICLRTRISI,-1.790977564,1
slay_2117,IVMADTPNFTTRYIKYTVKD,-1.789958438,1
slay_2118,PYPLQPTNYNSETEPKDDNA,-1.789795571,1
slay_2119,CLYIRMHHPTHSHCATAYNL,-1.789738074,1
slay_2120,PCSPFAPYRFPMLRWARVSA,-1.789725539,1
slay_2121,PSTGCINNENFSTPMPVYII,-1.789531732,1
slay_2122,SSSAALFQPPYSLPDSELAN,-1.78906783,1
slay_2123,PV,-1.789005879,1
slay_2124,SAGRFIPGTPIMNVMYPCVV,-1.788830047,1
slay_2125,INIILRLILNFFYVFWLANS,-1.788534101,1
slay_2126,DACSYFITYRSITKDTCTCY,-1.788490385,1
slay_2127,TLDFTKPVISVNARSPRTQK,-1.788304854,1
slay_2128,LTDYNSNFIPNSALLLHTHR,-1.788118342,1
slay_2129,PAISRCFAKRYYATHESTVD,-1.78768953,1
slay_2130,K,-1.787689022,1
slay_2131,RCSPAGADPRHHTSIYDDDG,-1.786925471,1
slay_2132,HCHHVINAKNSSMSSSVDYI,-1.786796055,1
slay_2133,NFRACQPTSNDSDLVN,-1.786505352,1
slay_2134,HQAFQHTGSPHTVHPLSHRH,-1.786434721,1
slay_2135,QITYHTAPIRVITNFQVFDG,-1.785828798,1
slay_2136,PRM,-1.785639879,1
slay_2137,VARAHNTLCTSHRLLCFNFY,-1.785497298,1
slay_2138,QHTRSKLFCTLSPNRRIAIY,-1.7853208,1
slay_2139,PHLQSWGSRHPPLVSCDNTS,-1.785000983,1
slay_2140,LSIIICMIYLPFKMSVIQTD,-1.784857196,1
slay_2141,GPTPRCTSHSWTSPPMIFII,-1.784786875,1
slay_2142,ARIT,-1.784642731,1
slay_2143,PAPVLGSLIRTTPPGAPCFH,-1.78444072,1
slay_2144,SLTYQYATPVSNNMSYADLD,-1.784146329,1
slay_2145,PLSRSPTRSAHRYGNRDSNA,-1.783878202,1
slay_2146,SASHSTGYLYYPKSPCTNAN,-1.78382585,1
slay_2147,CAALFPRPHHVPPDPLDPDT,-1.783762895,1
slay_2148,APPFGHPYICSKSG,-1.783674391,1
slay_2149,YYTGPTTHNWHFALESDSRD,-1.783030643,1
slay_2150,PLDYHTARRARCYHSFGHYH,-1.782526536,1
slay_2151,ICFQRLYNQALYHATLRTRH,-1.782487425,1
slay_2152,REEHTHYACSFINNVPNRWY,-1.782317959,1
slay_2153,KTQQNFGI,-1.781971441,1
slay_2154,NSCPLAPIVRATYTWSIVVC,-1.78137742,1
slay_2155,VITTFSNKTSSGHRPTCTAR,-1.781294369,1
slay_2156,VSDNVVLLRPALPGTILLRPN,-1.781116214,1
slay_2157,F,-1.780884044,1
slay_2158,SDSTSCDLVFEYSLI,-1.780125162,1
slay_2159,YQFHLHPPNVRPSIVYTVRY,-1.780066122,1
slay_2160,SPQQANNAIRAYFNALYDCN,-1.779852877,1
slay_2161,RNMMFPDCLGGNPKVSPILFN,-1.779502605,1
slay_2162,FPAPNYV,-1.779223656,1
slay_2163,FSVNTTLAQAEVIGYHDI,-1.778841685,1
slay_2164,TAHHFLIPLVPTKMILFSRH,-1.778695276,1
slay_2165,PLLTRATISLHTHTPQDANR,-1.77862795,1
slay_2166,AFTCYITHYSTPSNQRTMNT,-1.77842545,1
slay_2167,QVSFNPSSTTYTD,-1.778343796,1
slay_2168,DIQIDRTHHNFKITLTLTCCN,-1.77832151,1
slay_2169,PRLDTCT,-1.778199214,1
slay_2170,HYRCHHSHRAPGLGTIIILIN,-1.77814669,1
slay_2171,EDLEMVQRGLRQDRERPLS,-1.778011211,1
slay_2172,HCLPLP,-1.777830342,1
slay_2173,GKHSTVLLFRPHFHSDCIGA,-1.77782503,1
slay_2174,RNTVRPAIKALHVRKNQ,-1.777517901,1
slay_2175,SHNAPTQRNVAIATTRLRVA,-1.777223269,1
slay_2176,DVNSYRPNDHPYFPMQILSF,-1.777193712,1
slay_2177,YFSQYFFKPCGDPSEYAKIV,-1.777124108,1
slay_2178,QSHTRETLMWPRNIPVYYCT,-1.777023982,1
slay_2179,RAVNDISRRQ,-1.776851869,1
slay_2180,RTPLSSTGATALANVAY,-1.776841178,1
slay_2181,HKTTYDPDLVVCLSHSTSPH,-1.776796714,1
slay_2182,LTTVTQSALPTTSVLPILQNY,-1.776367722,1
slay_2184,PIRLIAYDLLGYVMGN,-1.77600488,1
slay_2185,PPSDHTWTAHHYHLSPGHPH,-1.775377854,1
slay_2186,PDTVETAPWAGSPNQCRTTS,-1.775108445,1
slay_2187,FAFLTWPYYVLNLVVHNKDS,-1.774816229,1
slay_2188,KSLQTCQRRHCRIHVWYTNS,-1.774748141,1
slay_2189,LLT,-1.774747831,1
slay_2190,LERVPCFICTTTSLTYYIRM,-1.774662502,1
slay_2191,TTMNRNTFTDYTCRSVPLFI,-1.774541514,1
slay_2192,NCNSFPFYGLLYHNVDASLT,-1.774013272,1
slay_2193,IVVAVVEISNHRDVQSSEKL,-1.77382621,1
slay_2194,IMQHCRTQLCIIMYTTLTSPN,-1.773384093,1
slay_2195,VHVDRLPRTLSCTRSIT,-1.773216596,1
slay_2196,PTPWCFLHRTSRPKRRTPAA,-1.773142578,1
slay_2197,PCFDNRDNILLDYWFHSAII,-1.773004156,1
slay_2198,GLSTLPPSVRSQRLSFTLNH,-1.77284698,1
slay_2199,RHMHSLTSHAGGRKPARAYY,-1.772255688,1
slay_2200,TLPWQLPCLHWA,-1.772016898,1
slay_2201,PQALVVRLRA,-1.771970828,1
slay_2202,VEPVMREVPLICTRVATA,-1.771881027,1
slay_2203,VLVPGRGVRCRICPSSMGAR,-1.770799379,1
slay_2204,WLLTSSHINNTFTAYTTTRC,-1.770770463,1
slay_2205,TNSILSHLSNCRNLFWYDIY,-1.770503472,1
slay_2206,PPGRCGCMPDRVNNRMMPPS,-1.769590531,1
slay_2207,LKPMHPQAGRLLFTKGFTDA,-1.769564855,1
slay_2208,CWHSQHRCFHYGCPPYDFLV,-1.769082326,1
slay_2209,PPPSRSVGPILALCRSSAN,-1.768917043,1
slay_2210,RLSDNTHTLHRCTARIK,-1.768613113,1
slay_2211,DFDAVCSPLSSWACPV,-1.76827357,1
slay_2212,VSSCWTRGSAGRTSTIFSLF,-1.768246595,1
slay_2213,EDINPIGPSCYPVRSSRYIV,-1.767645874,1
slay_2214,TLILLNTALGCLRVYIKYGC,-1.766961653,1
slay_2215,HSPSCLSKSAGRTNNSPEPL,-1.766908941,1
slay_2216,YRSVLIYLL,-1.766691136,1
slay_2217,CIGGPPTRRCYCQFCHYLPLT,-1.766640934,1
slay_2218,LFPPRPRAYMHFPYFA,-1.76650147,1
slay_2219,PHTIRRLARPRAYHLCSVHS,-1.765693778,1
slay_2220,DSSL,-1.765579847,1
slay_2221,WMPRSGLT,-1.764823774,1
slay_2222,MPTHPIPCITI,-1.764590142,1
slay_2223,MHAGDCS,-1.764532763,1
slay_2224,QIFLASNDTTPMIANNVLPC,-1.764519439,1
slay_2225,EKRARRVNA,-1.764284742,1
slay_2226,PDTCRDRRWPSHSLLIASRL,-1.763748125,1
slay_2227,SLTEGPRRRQTSLSVSVQGH,-1.763720677,1
slay_2228,HYSLSLIRTTANNGCPVVHS,-1.763526026,1
slay_2229,WLCRNILWICKDHTARLHSM,-1.763126399,1
slay_2230,LFGPCFSRPQTCHHRTLRVT,-1.76277992,1
slay_2231,SHTLSTHYSSPRLSLVSVGS,-1.76269816,1
slay_2232,LTICLNTHMGPRVNRLNVSS,-1.762622443,1
slay_2233,WPVLDIFPEQGISSPDTPNP,-1.76193503,1
slay_2234,YHVMSPMRITLCPTQSPAPN,-1.7617185,1
slay_2235,SNTKHTSF,-1.761239452,1
slay_2236,QPRGPPAPGNHTIGPTHLPL,-1.761132415,1
slay_2237,APSHATNTTKCTLRPEGWHT,-1.760895946,1
slay_2238,FSGGARPQSSHLLSNLHTCF,-1.760253777,1
slay_2239,PPRMTNLNEYPVSVHPLRIHL,-1.760046343,1
slay_2240,LQSYTALPG,-1.759758959,1
slay_2241,RPCLVIRAALRIRLEFKLRS,-1.759740794,1
slay_2242,TLLSWSSPGGAACNKQTNAN,-1.759409135,1
slay_2243,LNQLNDSASWN,-1.759148396,1
slay_2244,IHSRPLSRFHVYTSYCHYGP,-1.758515186,1
slay_2245,YFWSALLPNAITSSPLSLSI,-1.758348874,1
slay_2246,SVSFRRTIVPARDYREVGTF,-1.75695462,1
slay_2247,PTLPHIININLQAFCTLFKY,-1.756714567,1
slay_2248,CLPVSHITYYPGSTLYVGSP,-1.756064153,1
slay_2249,PVSFNN,-1.755814771,1
slay_2250,LEWFVALYSLTGSFRSRVDH,-1.755739492,1
slay_2251,PCLPTIGIAANSTIIATHAS,-1.755394149,1
slay_2252,ITDPARASSYSTGRPYLFDN,-1.75466118,1
slay_2253,DSIMTSAARGVRWVLCLVCVN,-1.753719848,1
slay_2254,RCYAYEVILFEACCYLHNHV,-1.753411676,1
slay_2255,ALLNCHRSQYAESSSHRQNI,-1.753123682,1
slay_2256,PSP,-1.753051789,1
slay_2257,RTAYPFSDRLKVANFRRAHT,-1.752944192,1
slay_2258,SRFLRAPTDNLTCIPL,-1.752480975,1
slay_2259,SPTLVLLILCLRTRCCRHGT,-1.75225947,1
slay_2260,PTTDSLPAGCNFTPLTSQLI,-1.752020415,1
slay_2261,PPFRPRDSPVHMLGCFSCRY,-1.751619893,1
slay_2262,CRLGRPYYFRFLIAFIGEPV,-1.750955266,1
slay_2263,HAVTVFPGYSHNRNYSKSHY,-1.750490467,1
slay_2264,KLSG,-1.750078417,1
slay_2265,FPRASPIHQLKNRTLCTIFY,-1.748682035,1
slay_2266,RILNSLSSRIYVLVALVKFR,-1.748524577,1
slay_2267,KVYNSTLNYTSPSLTPHPYC,-1.748415907,1
slay_2268,YHYRCHRNSPPMPYSFTPRT,-1.747937738,1
slay_2269,SAGLYVARIHYQGFSMSHCS,-1.747924876,1
slay_2270,LEKTHINSDSYFGPTDNICK,-1.747689339,1
slay_2271,LPYVATKGAFSDT,-1.747628354,1
slay_2272,MHPYISHFVIKLEASYVCSS,-1.747097761,1
slay_2273,TALSFVLQCLPCL,-1.746606846,1
slay_2274,AHKGHGYCHCQMADVHLTSN,-1.746524278,1
slay_2275,HRVNGHAHVLNPLVCGSSRS,-1.746240567,1
slay_2276,DTCFPQPHIHVNYVNTYPLQ,-1.745694826,1
slay_2277,RGSQDLLILFHFSSPTSTDT,-1.745588672,1
slay_2278,PQRSRITVSSSRVYGALNVI,-1.745457675,1
slay_2279,ESRARSTHTVPR,-1.745004686,1
slay_2280,CVAIRPWKQN,-1.744433114,1
slay_2281,SDAHENTVVAVRFSWFNDPA,-1.74433036,1
slay_2282,GCPVYAPYPIYIGTSPMMRT,-1.74424457,1
slay_2283,KLLFFLTHDGCNCVYTPLCVY,-1.743708776,1
slay_2284,LHAGPQFFNNLFDTACLPNN,-1.743656419,1
slay_2285,SLMDVCYYLL,-1.743445724,1
slay_2286,ADLRGYLKEHKRYISIYYCP,-1.742845723,1
slay_2287,WTYYVLALRPGSLTIGYTRT,-1.742744372,1
slay_2288,PIVTGSTHLTKKALSYGTSA,-1.742478941,1
slay_2289,TCTTDAQDNSSSVCATRQNA,-1.742470368,1
slay_2291,QYEYLPNAHTTYTSISQSWI,-1.741980935,1
slay_2292,VVRCFHSIWRPSSCGSYIIL,-1.741928021,1
slay_2293,CSTEVYNRSFEIHFLATLTP,-1.741741439,1
slay_2294,SPATLSHNFIRPLSACLTSY,-1.741734184,1
slay_2295,NCSRPCCITVSMIGDARSTF,-1.741603547,1
slay_2296,PSATRPPL,-1.74155546,1
slay_2297,RAIPRHRSVTTPGKRPCNCN,-1.741405271,1
slay_2298,PNIPKDT,-1.741037816,1
slay_2299,LHRNMLGTFAHPHKMQASID,-1.740780954,1
slay_2300,TAVCFRARFPQVSYALNTLG,-1.740774397,1
slay_2301,TELPQHNLTSTAFALRCFHT,-1.740681087,1
slay_2302,PGADLCNKLAYSTQYPYIPN,-1.739807712,1
slay_2303,HYNFR,-1.739689222,1
slay_2304,ICSPDMKARYNNPAPQTLTF,-1.739516593,1
slay_2305,HICYRETGTLPTITIPYSFI,-1.739219222,1
slay_2306,VLPFRLDPRD,-1.739093899,1
slay_2307,GRLQRVPIVCHAETFVDLAP,-1.738695109,1
slay_2308,PDRTPCTNPYNDFRTLHYIL,-1.738191047,1
slay_2309,VHNVNGQLYQAH,-1.738175613,1
slay_2310,EPTDDGHLQYFSSPSPLVVLT,-1.737746552,1
slay_2311,SFCNTSLLAPALFPP,-1.73749995,1
slay_2312,RFVVATIKLTVESRILNVYWL,-1.737361612,1
slay_2313,MFGQNILPSNLCTDPPDLDA,-1.737273019,1
slay_2314,SDRAATRVPLCHDHLLSYEE,-1.736849471,1
slay_2315,TRHYNPPTRTFMCHPAGAAP,-1.736812633,1
slay_2316,QSRFSGIHDVLHVALDWLFL,-1.736408906,1
slay_2317,RMSPLYHALDLTGWYSI,-1.735761363,1
slay_2318,QLLFSRLLLTRILLSLLRRN,-1.734437101,1
slay_2319,PRRRHIDAFIDST,-1.73418982,1
slay_2320,TYYPATNIRANNPLQSQNMS,-1.734068381,1
slay_2321,GYGQLFCRRDIMCNLKTASA,-1.733154451,1
slay_2322,LQSNRHGHPTHANSFTHPPI,-1.732999327,1
slay_2323,SRHNVSNFVALNCAPHTDTF,-1.732540393,1
slay_2324,NHKTTAGEPCKRCSKFSNCP,-1.732027504,1
slay_2325,FITMPHPDNPGSKEDTHNNA,-1.731864836,1
slay_2326,LYDAIRSEHISPLLFTILFFN,-1.731685166,1
slay_2327,NV,-1.730978088,1
slay_2328,RSEDCDRSTSCNFTCTSYDL,-1.730703726,1
slay_2329,CPVRAHYAGFNLDNNMPYDR,-1.730431308,1
slay_2330,PRHRNLAI,-1.730431208,1
slay_2331,VQSRVLRRIITCLFSRFVPV,-1.729976204,1
slay_2332,WDYNSLSKLTITPWNYMQST,-1.729745529,1
slay_2333,DSRYSQSIQDFRPTRNSHNW,-1.729654758,1
slay_2334,LSSLTLECLPLMTQFDHALSN,-1.729547181,1
slay_2335,RRLSHHLAFPNMRRITLAILN,-1.729474985,1
slay_2336,HPSESSNCHNLPFWPGSFIE,-1.72942767,1
slay_2337,HLTTALNGPYRVTMALDNIP,-1.729173007,1
slay_2338,LHRNRSSRTPRTTYAGDHPP,-1.72912358,1
slay_2339,GYRIRIPGTVNNHDECYLLA,-1.728770701,1
slay_2340,IDVGQYQSIPKCVARMLI,-1.728302337,1
slay_2341,RPAYILEQPRGWVPTEQYLL,-1.72829934,1
slay_2342,GLSVNHILALRLHRAFYLDP,-1.72819445,1
slay_2343,TWHYHCQAPSIWSLTPSYSN,-1.728115056,1
slay_2344,PDLTHSPWLNIPWSLVDACA,-1.727933085,1
slay_2345,LCSTYGPTRHGSPSQIPFHT,-1.727137743,1
slay_2346,RIPAKDHKQYRSTLCTVRRSN,-1.726010501,1
slay_2347,DVRSLVLLN,-1.725661238,1
slay_2348,PNPPNVWRLAHLDDPSTLTL,-1.725633524,1
slay_2349,CLPNGVPTPNCYIVHFTALS,-1.725126797,1
slay_2350,SSPCALYSQISITFLNWVRT,-1.724692338,1
slay_2351,TCHAHCLPRNLPTIPICLYR,-1.7245688,1
slay_2352,IPPTRRSNTSHDS,-1.72431012,1
slay_2353,QNNDV,-1.724241491,1
slay_2354,PTAVVTSPVPNPFNVYSYTI,-1.723847212,1
slay_2355,PPQPQFGIVRSGVGVHQIGI,-1.723743529,1
slay_2356,PRFSKCIRWNIQHLPIT,-1.72371934,1
slay_2357,LNSITVLLRLILNVVLLCFS,-1.72342017,1
slay_2358,YRPTNANVTTHATLALAVPC,-1.723382531,1
slay_2359,TLHLCALHF,-1.722928671,1
slay_2360,HPGAFPPR,-1.722722201,1
slay_2361,PQRPTYNNTCTTRSHYLPGY,-1.72256207,1
slay_2362,RPRRQSVHEQCHATPIATSCN,-1.722439954,1
slay_2363,KPVYIRSSPYCHMGDRRATA,-1.721421017,1
slay_2364,MSGTHGWLMEPLFHVLLACA,-1.721039413,1
slay_2365,KSYSE,-1.720144586,1
slay_2366,LVKMNRSLILTVINRTNRRW,-1.719886512,1
slay_2367,SARNHQPYTPICLGAASLSI,-1.719127501,1
slay_2368,PCSMPPYWWGIAVVPTIEIV,-1.719106863,1
slay_2369,PLYEAGTIHFPLQP,-1.718845854,1
slay_2370,RYVPTMHITSCTDWAGCHYL,-1.718731427,1
slay_2371,KPH,-1.718208855,1
slay_2372,RSGRTQCYNRNYHPFIIEVL,-1.718098655,1
slay_2373,SYHISLASISTSSYGQYPHVT,-1.717800358,1
slay_2374,PLRMLTDKKPSFVIMEKFHT,-1.717756768,1
slay_2375,RLSRPENPPVRDYILLSWGC,-1.717228736,1
slay_2376,TCSSFHLRWRALDTTSRCRL,-1.717208135,1
slay_2377,CRWNYRYPYFYRI,-1.716991931,1
slay_2378,GSQYACFFYQSGKLLVRTI,-1.716907428,1
slay_2379,QVPSWFNPGVYRQILL,-1.716890051,1
slay_2380,TTASPVCHLVPRYTPNTTIS,-1.716316246,1
slay_2381,ITNHSYFPRLGTHSTQTSSC,-1.716238363,1
slay_2382,TLARLTVDVSNLKKNHDGLS,-1.716213343,1
slay_2383,CNSPGTDPEPQYCVPYHKDP,-1.716023265,1
slay_2384,ALLTASLVLRARIRLSMRNN,-1.715883095,1
slay_2385,GRLPNHNGVPPSLATTGQCS,-1.715857859,1
slay_2386,LALAEHSTSMYPLRNRSSPW,-1.715369098,1
slay_2387,AIQRELNSTRYLSIARLSSLN,-1.71535712,1
slay_2388,GYTPESDLPKQYLMQFLFAY,-1.714839542,1
slay_2389,YTPPYSYLLMKTHRCIPSLI,-1.714773091,1
slay_2390,RSRSRGCFLGCTLDASPNAS,-1.714369898,1
slay_2391,LPTPSDYILPRGPPCRIKPS,-1.714359676,1
slay_2392,STHRMCPFRNPYLQLTAYFK,-1.713881606,1
slay_2393,ITFHYHWYF,-1.713677241,1
slay_2394,SPCRRLRLRRSPIAIDFYSV,-1.713404012,1
slay_2395,THVPIDISSPTFTVVLLLLM,-1.713306599,1
slay_2396,SQPFVDAPGSKFQTHDIMRN,-1.713195468,1
slay_2397,LCRATPPQSATDAAVYFNHR,-1.712942776,1
slay_2398,QGYS,-1.712736025,1
slay_2399,SRRIDYESNSEEAQVITT,-1.712637225,1
slay_2400,LLEYGYDKLRLGAGLYSPIH,-1.712515388,1
slay_2401,RYNCNSDCYTTVYHDSFTDS,-1.712331822,1
slay_2402,SVADNPPWIAPICAPFAFSIN,-1.712243843,1
slay_2403,LRKLILWIVATRWPFVRRSFN,-1.712240504,1
slay_2404,LPPALRMQVFIPITSVITNPN,-1.712202892,1
slay_2405,PSQAPNTRVDSASCPGRAKP,-1.71205544,1
slay_2406,LTSTSINRVRLSRASMTFLM,-1.711203207,1
slay_2407,SSRPAAIFQPRTYFNSLALS,-1.711196336,1
slay_2408,DAHQNGVTLILCVPQHNSIA,-1.711183483,1
slay_2409,PTSSYWPVRT,-1.711020061,1
slay_2410,MSSVDCHHNKYPPVIACIPS,-1.710994761,1
slay_2411,LLGYILSILYDLIFLWSTCL,-1.71095606,1
slay_2412,HIKETPPIPSVFLLGDHALI,-1.710550582,1
slay_2413,TIVAPSVPPRRLMILPPHVA,-1.710318008,1
slay_2414,NNSTWDHPSHNIVGVLIFMFT,-1.710287309,1
slay_2415,GYYCYRAALRVPASSAYPFH,-1.709540639,1
slay_2416,NSIALSGHEWTQAGRTGNLA,-1.709387807,1
slay_2417,IHDSGRKSNSESLAPCYYNV,-1.709221143,1
slay_2418,SHSYRSLPCFTT,-1.709029947,1
slay_2419,CRISCVFLPSRPTYLRMPLL,-1.708501096,1
slay_2420,PVCATAARTPNLYHLADPST,-1.708404496,1
slay_2421,AQPYT,-1.707734239,1
slay_2422,LIYGYFLRLYCSPMSSMI,-1.707577097,1
slay_2423,AQVRLARISYTSPLPSLPRGN,-1.707168923,1
slay_2426,PDNEQLTNCTNHSLFAKFTA,-1.706725295,1
slay_2427,LHPPNITPSVDSNY,-1.70667562,1
slay_2428,VAPAGPLPL,-1.706658963,1
slay_2429,PIEYLLVSLNHHYLSHA,-1.706600183,1
slay_2430,SHNITSSVCYHLYWDFSSLR,-1.706372293,1
slay_2431,LRVGFFSIHSTRRKRHR,-1.705965475,1
slay_2432,PPYRSSVSRFTN,-1.705711178,1
slay_2433,GFSTMPVPLCIFPSPWWTSI,-1.705664863,1
slay_2434,HIYTDGPDPHNVYCNSICRH,-1.705360116,1
slay_2435,VGPALPRSLPIGIYVTPLSS,-1.705324587,1
slay_2436,LSCSSDSRNNGLSCTY,-1.70501583,1
slay_2437,PCRKNFSLRCFVSNLGDNML,-1.70489707,1
slay_2438,PLPVRTMSFTVPRSCTSIPS,-1.704708535,1
slay_2439,TSYLRCSYCAGGMYGLRRSD,-1.704377004,1
slay_2440,SSTGSSNRATYAYTSATHKP,-1.70436854,1
slay_2441,RD,-1.704199314,1
slay_2442,CMRVLVLFRWRRSLRDL,-1.704071495,1
slay_2443,QTNLSMDSHYSIAQPLCHSL,-1.703597433,1
slay_2444,CNTIRDKWVQMLYAMPTDYL,-1.703195307,1
slay_2445,NDPRLPSYYRHFLSLGFTTD,-1.702946786,1
slay_2446,SGRNGRTHGHHGTNRLLVRD,-1.702791559,1
slay_2447,ATPRFCNGVGCCWSSWILL,-1.702738192,1
slay_2448,RNVVGPYRCRACNALRINNT,-1.702728073,1
slay_2449,LQLTAFLKLVYRLISTYASP,-1.702382271,1
slay_2450,RPPLPSSVLSFQAPHIYTLS,-1.701838972,1
slay_2451,RVHDFPWGSAGLSYNVSPITN,-1.701287664,1
slay_2452,CRGAATPMYLNRSRRHYAGL,-1.70127459,1
slay_2453,LDLHLSPIFAPLCYSFLGSL,-1.701090711,1
slay_2454,IPFIYF,-1.701034575,1
slay_2455,AQPPADSRPAPNLFL,-1.700923954,1
slay_2456,HGNNTTRTSFKLSRLTTFFV,-1.700904874,1
slay_2457,RILRGRARHFGNAKRPLTSR,-1.700727288,1
slay_2458,IHPHLLHCKNLFTRYNKYTH,-1.700696066,1
slay_2459,YYHTNHAYCDSFKITYEWLP,-1.700677688,1
slay_2460,RSRRLVFRLINLFCPMCFSS,-1.700283599,1
slay_2461,PPNHQWRQMTTYSCRTSRAN,-1.700276456,1
slay_2462,GPAYTIHSVLSTSPTRLWSP,-1.70012649,1
slay_2463,SPKQPVASSCRPRRALPEELT,-1.700088587,1
slay_2464,PGWNNTKRYRKRLPLYRCMN,-1.699777374,1
slay_2465,LYKVYKYLFPISLLKNMTPF,-1.699295875,1
slay_2466,FHALWLVATGYFFNRVKMLS,-1.699099457,1
slay_2467,RRVMYNSDTYSTRGQIKYH,-1.698929997,1
slay_2468,VVDAPRDAPRVLDI,-1.698676206,1
slay_2469,PLIPWRANIPTCPCWFCHYL,-1.698560271,1
slay_2470,FVRDLVTSFRRDVFTRCTKG,-1.697938124,1
slay_2471,SVKGHCKFFLNCQRASYSPY,-1.697890691,1
slay_2472,PPPYSLGSSAVYDSIPIYFL,-1.697832312,1
slay_2473,TACDPYNIHAYHL,-1.697635781,1
slay_2474,RRMQCPYCLLAISANSYTLN,-1.697242176,1
slay_2475,FIFYSV,-1.696995536,1
slay_2476,LFIAFLSILHIQLTFLITRR,-1.696673933,1
slay_2477,AVNRYICRMPCRIRRPST,-1.696579721,1
slay_2478,WPVDSTLAFLSVFFLH,-1.696223556,1
slay_2479,DTTPVCNMCPSPQESYCRSQ,-1.696191273,1
slay_2480,DLRSGERHTRCIEDNFLITT,-1.696046502,1
slay_2481,SEIFNNYTREKHCCPNSLTVY,-1.695913143,1
slay_2482,MLGAVPTMQPAINTFGA,-1.695580022,1
slay_2483,TITPRGFHRISTIGNCCRHA,-1.695123912,1
slay_2484,RLHDDMPKITTAYKGFCHSI,-1.694870711,1
slay_2485,KYHPDLRIVYICFSLYCSTY,-1.694808587,1
slay_2486,ILRRRRTRHHSYVVITLSFD,-1.694663534,1
slay_2487,SYRFKAEACFLDFSEDNSFC,-1.694530315,1
slay_2488,PIHTTYRTRRHRHSRMYRIP,-1.694457266,1
slay_2489,VTQFPESIYALPDLNHFKYI,-1.69439704,1
slay_2490,RHSYGSAYSKPLVYIPPGTT,-1.694109841,1
slay_2491,NYMYSYTFP,-1.693649248,1
slay_2492,APMEGQ,-1.693470246,1
slay_2493,SHFRAYLMLL,-1.693443125,1
slay_2494,GLRTTHEVDHALSSHISGHH,-1.693345697,1
slay_2495,QDAIDHPFHAYRSKINTYLM,-1.69309831,1
slay_2496,SQQATIRVDYLRFLYIQHYL,-1.692915708,1
slay_2497,NIFYDRDNSCPRETTHFDYR,-1.692775702,1
slay_2498,LHVYYPFLL,-1.692728389,1
slay_2499,AHLYPTALYN,-1.692618428,1
slay_2500,DSFMDAWSGNYFLTPVRRSRN,-1.692581748,1
slay_2501,SANRIRIHFLMITNITHQDD,-1.692379828,1
slay_2502,HPHYYEYCSTATSPTNNIGS,-1.691990278,1
slay_2503,PALIQSAQHVLSDTFCLLCC,-1.69182415,1
slay_2504,SL,-1.691759511,1
slay_2505,IPDVLLDSWNRYGRFIL,-1.691637938,1
slay_2506,VPNAYPSQRSYHPPSLSSIT,-1.691520012,1
slay_2507,PDVLD,-1.691059017,1
slay_2508,RRAGAQITLSVLFYPGCALV,-1.690435764,1
slay_2509,LPSRNPYGWSTVAGPLIHII,-1.690381691,1
slay_2510,NACCVFAPAPCADRGALGCN,-1.690255763,1
slay_2511,VNSVTIVLVFSLFFRRGN,-1.690107551,1
slay_2512,ALSASIGDFSRNPLKFVSNN,-1.690067643,1
slay_2513,PLTCPLSCCLWAWAPRRSLV,-1.689950575,1
slay_2514,YAIYSLDFNDGFSHVTPDWS,-1.689830808,1
slay_2515,QALPAPNALTRATVIGVHFI,-1.689517407,1
slay_2516,VRVKAHINRLFLTYKHVYAD,-1.68945491,1
slay_2517,CA,-1.689434493,1
slay_2518,SHWNNFHFTFTCEVGHPKLC,-1.689400599,1
slay_2519,ELPLVHALVFWLRITQSPVV,-1.689123122,1
slay_2520,VYPHPTPGHATNCDAPCRFV,-1.688311325,1
slay_2521,AMTRILTISTSTVSG,-1.688262927,1
slay_2522,SYQPIIRITSIPYTLSL,-1.688238446,1
slay_2523,NQTVGGPSRHHTAELLRIVD,-1.688207642,1
slay_2524,PCTPLNNSSRLYDLAPSSTA,-1.688125405,1
slay_2525,SHASTCFMYWLSKFTTTLIR,-1.687561829,1
slay_2526,HPSSEAVYSSLCLITPATGS,-1.687455342,1
slay_2527,GDHFTHAPATSQHICPMFAD,-1.687034319,1
slay_2528,HPLSPNREPFCPHATWYKLP,-1.68702618,1
slay_2529,PLNLSLHISSDPHICIDHVP,-1.686459495,1
slay_2530,DHGVVVVSFCRYPTCPANRT,-1.686216728,1
slay_2531,RHAHMQTSTSPHH,-1.685991565,1
slay_2532,GLGVIYHMPGRCALLSCGAT,-1.685918844,1
slay_2533,PRITAHDAMHS,-1.685805363,1
slay_2534,HNGGLPVFDRRFGPLPRYYA,-1.685482296,1
slay_2535,LNSRRDTIHVSFYVKYIHPP,-1.685462539,1
slay_2536,PYLTP,-1.685330936,1
slay_2537,ERWLSITLLTLTGPPGTIRAN,-1.685076995,1
slay_2538,YYLSPSLTPVR,-1.684858516,1
slay_2539,LLPPMYGPYSDASVLPAKTP,-1.68482013,1
slay_2540,VLLTHAATFPESDVHVRLPN,-1.684313378,1
slay_2541,SSKHDRCSIRVVCFTDCNNY,-1.684183605,1
slay_2542,GPWAIYKNGGDVPMVTSAPS,-1.684054108,1
slay_2543,RSTHYNMTLS,-1.684024835,1
slay_2544,INVHVFFLSGKKSSRRDYDS,-1.683539813,1
slay_2545,YAPYKYSMVRAYNNLSASKK,-1.683395857,1
slay_2546,RFSRNHRSDFRKTAPSSTQY,-1.682484889,1
slay_2547,HNTPFHFPAGESTYRNYPDA,-1.682416051,1
slay_2548,RTGCINVTRTASTTSSLNVK,-1.682212012,1
slay_2549,TPSLTMTLYPMRKRILSRTP,-1.681964141,1
slay_2550,TGGSVHTMLHDPNYIGCANL,-1.681821664,1
slay_2551,CVFFALLETNPNGDHDPSSI,-1.681685406,1
slay_2552,PGIPIDSCYNCYFDIRPGST,-1.681663381,1
slay_2553,GRGIHRVPCTALSDPGYLVA,-1.681130323,1
slay_2554,DQDYGFLHDASSFYNHNYRP,-1.680779074,1
slay_2555,MVHLNNILEPASNTSHMAVN,-1.680682649,1
slay_2556,YPWSQSKPDS,-1.680565504,1
slay_2557,CDWPISTPQDNNIRCQRILCN,-1.680257749,1
slay_2558,HAMPDATILPSVTDYTTSYS,-1.680189119,1
slay_2559,SILRHCSCNCLDQLIT,-1.680078235,1
slay_2560,SSCSVSTTAYLSYPPNRHIH,-1.679802535,1
slay_2561,VCVPQAPEYRVFPLYNT,-1.679652988,1
slay_2562,LRQTPPHFYFNLCYPHWRPP,-1.679490372,1
slay_2563,SVTFS,-1.679304421,1
slay_2564,FPLFHNIHPTNLPVPREDFE,-1.679098565,1
slay_2565,GLPASSYTNANTRAEHQAYR,-1.678828082,1
slay_2566,PLSCPSHEPFICLRTLRFVR,-1.67866806,1
slay_2567,TSDSSST,-1.678495679,1
slay_2568,VNLT,-1.678279995,1
slay_2569,LPPIRDWRSVIVLPLHIATI,-1.678254472,1
slay_2570,PGYFPWNHRSPRLTESDTAQ,-1.677890423,1
slay_2571,CNCCVHSPTYYPALLWAN,-1.677671906,1
slay_2572,NNQDATYGSVRWLPVDSASL,-1.67713048,1
slay_2573,VDLRVAQSKPLYRSSLMLHR,-1.676952483,1
slay_2574,PHPFLATTCPPPIVPVINHL,-1.676821769,1
slay_2575,SAGLSFRIVSFFHFRVRLRFN,-1.676158495,1
slay_2576,AALKCLLSLPVYPQRAADSF,-1.676093783,1
slay_2577,RMCRKFKTWTHLHLRGRRTR,-1.676052477,1
slay_2578,PSWT,-1.675915899,1
slay_2579,LLCMLCGPTPFHHCPASSLH,-1.675072427,1
slay_2580,FSSHTPAPCMPPPNWRFAWV,-1.674386152,1
slay_2581,GPVSDSSGPFSHCIILAAPV,-1.674383574,1
slay_2582,LSPLPRHNISQTLRPPFLV,-1.67392579,1
slay_2583,PVFIYSLKPMVPKKPNTRVL,-1.673426844,1
slay_2584,RCACNRRRYHPRNPDDYLPM,-1.673183795,1
slay_2585,PLEVLPCFRWPNFLPYILAA,-1.673052579,1
slay_2586,TAAFGPFLACPLGINSYTFT,-1.67303886,1
slay_2587,VNRYARFYHSTVYIRIPCMI,-1.673007067,1
slay_2588,CVPDKSVLTLIGYTHD,-1.672991442,1
slay_2589,TPHYFRNQPLFHQTHITYLA,-1.672938379,1
slay_2590,IVNGLFVQTPTTLPILHTAS,-1.672715047,1
slay_2591,THLRAPPCMGDFIWFVLFSF,-1.672655218,1
slay_2592,TANQPIAFFPRLMLTSRLVPN,-1.672479857,1
slay_2593,ASYRPSCSSVLYDLKPAQGG,-1.67231077,1
slay_2594,THSPLVSFIMPPPLTPLCLV,-1.671952326,1
slay_2595,SMPPSRINYVGLHLDKRMLA,-1.67106971,1
slay_2596,NKNISSLLQHR,-1.671055746,1
slay_2597,GLLSPWSVRFNYHDPDADHL,-1.670785184,1
slay_2598,SMNLNCPMVSCSHRDCLVVI,-1.67005818,1
slay_2599,LIAARLFDCPLRQDSHCTWI,-1.669873903,1
slay_2600,TPSPIRSNDEYGSYTDNCRN,-1.669850036,1
slay_2601,VLVIASSYYF,-1.669692134,1
slay_2602,RDRLQIIPTYGLSTVPLRGI,-1.669322522,1
slay_2603,IQMGIHRLTITNNYFTTFLY,-1.668442317,1
slay_2604,LENAAYTDYLDLPEHPCNST,-1.668319057,1
slay_2605,YFRVPPTHLMLTPLVLYTLA,-1.668208507,1
slay_2606,RSHSARLPALILPAPASLVIN,-1.66808061,1
slay_2607,PTNSVHAYGIF,-1.668018469,1
slay_2608,RFTLNCFLGTRIRRKIGCSR,-1.667020377,1
slay_2609,LTTIVSCTNACGLLRSCFTS,-1.666756295,1
slay_2610,LCGGSGPDCSDQSDNLANTI,-1.666728844,1
slay_2611,CWYIDRPALSRFRPVRTLLA,-1.666485421,1
slay_2612,SSPAAPRGRSPQSSRVG,-1.666281103,1
slay_2613,CTTTALANFTLSRPKFDKIS,-1.666223587,1
slay_2614,CFHYDYCCSCQSHPHWLLFA,-1.666102189,1
slay_2615,LPKTSLRFRANAGPTPHPST,-1.665979528,1
slay_2616,LSYVSPGAGYSPASDTPTRA,-1.665659209,1
slay_2617,SLAIILLSYPDFSMHSILAF,-1.665491796,1
slay_2618,PSSRR,-1.665165987,1
slay_2619,AAVTAIRQLFNCLIMTARCS,-1.66512203,1
slay_2620,SQTRPKHSLVMPFSYTLTMP,-1.664916365,1
slay_2621,CIKCYSVYCLLFNYRHTGVT,-1.664822608,1
slay_2622,LANPCNIYNHAPMYQSLRYA,-1.664764273,1
slay_2623,VVSVRVVREYTLADGFIMSC,-1.664698434,1
slay_2624,HRHLCSQERHTRSARVDRMS,-1.664502473,1
slay_2625,MVHSSDSTWFSFPGELHDSP,-1.664465347,1
slay_2626,SPAPLLCRVRPRSRRTTASSN,-1.664312969,1
slay_2627,PYHRPFSPPNYDQSNGHSGT,-1.664267171,1
slay_2628,PLRRIASKLLHSFICPCW,-1.664232911,1
slay_2629,PRYPYRVSTLLPSDSRLGRS,-1.663946368,1
slay_2630,LPGLTTHCVYDGPTSDTSRA,-1.663582612,1
slay_2631,HCGMPDWSDYSFRYI,-1.663501087,1
slay_2632,HRHMQAVPTPQVPARRTRGF,-1.663167848,1
slay_2633,PQA,-1.663015382,1
slay_2634,PDSGLVPFTHFGTAFYIHHA,-1.662987973,1
slay_2635,TNALY,-1.662787405,1
slay_2636,PTPIANRTDTPYLFTVYYYT,-1.662549474,1
slay_2637,APAIFADYHPVCLFYARNTM,-1.662307969,1
slay_2638,STPAHPRASDFYYTASFYRN,-1.662295591,1
slay_2639,NIDTWPSHFRLHTRFGRATP,-1.662237193,1
slay_2640,AKLILNVGILLRRRTSSLSFN,-1.662062108,1
slay_2641,IDVRPVYLGSCGLPWMSCVIS,-1.661939442,1
slay_2642,CWHPKTKKGRYLVNHMPVVF,-1.661230091,1
slay_2643,RPGSACPSSG,-1.661023072,1
slay_2644,LFTAYSPRVITMVHTSRVIT,-1.660868838,1
slay_2645,WLFRHLRFLSAAPNICINKH,-1.660590091,1
slay_2646,CHRLSRNDASHCFPSARVPGN,-1.660211335,1
slay_2647,RCFTDDTDLLSPSMIVYYSI,-1.659803933,1
slay_2648,GFLSTPPLRERRLFCIPRPS,-1.659049915,1
slay_2649,SIDHSYLFWYI,-1.658697121,1
slay_2650,IVAYYVYTYFPGRSLNNIPP,-1.658213889,1
slay_2651,SRPPSNTIAITFHNNRTFFF,-1.658011012,1
slay_2652,DFLPCHLFHRPHNSNGEYVG,-1.657937371,1
slay_2653,LSQSASPCYC,-1.657789146,1
slay_2654,RMSQLRALL,-1.657761703,1
slay_2656,YARMNITLVGMCQVFYFIIR,-1.65683055,1
slay_2657,IPYQHLFDVINRFLHIRKMN,-1.656741345,1
slay_2658,PTDKTSARSNDSCLHVANRV,-1.656686693,1
slay_2659,TLFDWYMGCYPLAQRDIIYL,-1.656291525,1
slay_2660,QSYSNNFHLIHRTDLPFTCT,-1.656252129,1
slay_2661,PLMYCHPYGYPYRAFIFDTL,-1.655718316,1
slay_2662,HWIGYALTLEALHCLFYSHP,-1.655546174,1
slay_2663,PLPCWLV,-1.655058771,1
slay_2664,GCSPTPLGIFFPSLVVRQIR,-1.654825543,1
slay_2665,RFFLFFIRRRTTFKAWSINS,-1.654799405,1
slay_2666,RLAGHATFHVTLLVYLSTRN,-1.654524704,1
slay_2667,SGACWDKTDTYQLG,-1.654359264,1
slay_2668,SAIANASVVSSIACAIGHIT,-1.654054568,1
slay_2669,FLRPLVRSLLRRLLVMGWRRN,-1.653744145,1
slay_2670,PSVSNFPHRCD,-1.653673258,1
slay_2671,PRNDGSGYITPKIRTLFENQ,-1.65353781,1
slay_2672,PSRHVDRPGNNLGNVNSATD,-1.653367774,1
slay_2673,FLVESDTAAAYNPETCDPNV,-1.652956218,1
slay_2674,PRTMSYNSACTCSELNCLDP,-1.652719072,1
slay_2675,NPHGPIRTNNDRHVTREPTY,-1.652554971,1
slay_2676,SPQGL,-1.652306375,1
slay_2677,RLSFNPPYPGLRAHLPGTFL,-1.65226678,1
slay_2678,TFNSVPAHGQVRNFYHHFIR,-1.650692584,1
slay_2679,HCSPPVTWLWGSSIPHAYLL,-1.650607459,1
slay_2680,CPIMFLQRSPVTMSLNPDSL,-1.650277153,1
slay_2681,TTSLDTGMLHPRNTQTSNSD,-1.650159254,1
slay_2682,PPSTDLTQCHQPLPWRYLRM,-1.649807684,1
slay_2683,LGGSRDMPFIHPSAADTCGH,-1.649757517,1
slay_2684,GRSTGHLPWTIWKLFLCVAH,-1.649720593,1
slay_2685,THPPAH,-1.649537876,1
slay_2686,LLPSPCRSV,-1.648781173,1
slay_2687,YYNRFGGRCSSL,-1.648355394,1
slay_2688,PRASNYALALDDFTPLPLTA,-1.648143316,1
slay_2689,RCHRYAANGQSHGLNESIHP,-1.647916597,1
slay_2690,HTRVNSHYSSCPSLGPRLRSN,-1.647914979,1
slay_2691,HTIDALPYDLFRSSPTCFQY,-1.647911996,1
slay_2692,RPYHCISILSMILVPRPMVT,-1.64783994,1
slay_2693,RYPFDTTHILPNPSADSYKC,-1.647447722,1
slay_2694,CHFHPHHYRVITSVPL,-1.646887189,1
slay_2695,NLYHCPAHPLYITAAGNAIS,-1.646768702,1
slay_2696,TNVRYACYRLFGGIRICYCP,-1.646657696,1
slay_2697,HPDHGLSALFHTGMYAASL,-1.64656352,1
slay_2698,NETWPSPHGCRTVVAPMRIA,-1.646533223,1
slay_2699,PTVRNANSFCLRKIILSRDW,-1.646373786,1
slay_2700,RSMRRRYVHLTRRALHNNAC,-1.646203969,1
slay_2701,VSAGITRLLHLCDYFTTMCF,-1.645160409,1
slay_2702,RAAEYLFALSLDPLLFYSYQ,-1.644935731,1
slay_2703,LPVYCWYTLITPICSCDEYV,-1.644465166,1
slay_2704,PHRACPSGSSPFPLLPFFFLN,-1.64426715,1
slay_2705,HCTSYQHNTPSMISNYYDIM,-1.643566244,1
slay_2706,NYDALRLFDLRNYQFTNNAS,-1.643461669,1
slay_2707,SNSRENHPTVHLCSVSNVLY,-1.643296942,1
slay_2708,INLMVMYTTASSLSHYWDLD,-1.643181633,1
slay_2709,LQVVLPYGCYSSNYFCYNLL,-1.642875359,1
slay_2710,CECANICYYPPYWNII,-1.642818855,1
slay_2711,RATSPVIS,-1.64271739,1
slay_2712,TRIILDGYPSNPLNALANDN,-1.642600099,1
slay_2713,LSGCYAPSTHVLHAWEKISV,-1.642371296,1
slay_2714,ALHFSLLLFRFCRSRTCRHC,-1.642337663,1
slay_2715,PQAMGRRITSRSGTHTWKMC,-1.64212046,1
slay_2716,PLSCTLEVVSNYCTGHFKCP,-1.642097858,1
slay_2717,HAPSSTLTLGNLPQSDHTVA,-1.641609675,1
slay_2718,RLAGTLGHTLTVFYARSIAR,-1.641378982,1
slay_2719,PAWSYSLFWLYFTVYMCFEK,-1.641272556,1
slay_2720,HHHHHFNIPLNTVPYSYCLA,-1.641262975,1
slay_2721,CDLYFYL,-1.641185565,1
slay_2722,STHGDAIYVHSCLWCVIHTR,-1.640964578,1
slay_2723,CLRSSHL,-1.640709527,1
slay_2724,KYRMTPRFPTICHRIHTMYN,-1.639082597,1
slay_2725,DPTAAMYTPCTATVVT,-1.639062295,1
slay_2726,HPVHTTFSNPCDITHTPYTFK,-1.639020456,1
slay_2727,TGRRSNVSKHSANIYVNSKG,-1.63833144,1
slay_2728,QPSDSVVPHAGKWTISSCGD,-1.638200653,1
slay_2729,PLSSNGDCHLFIHYDYV,-1.638042615,1
slay_2730,RQRFGAIYTATSKYDCTCIR,-1.637848758,1
slay_2731,QQLKHYLNLMSLYLHAFLRH,-1.637708063,1
slay_2732,LHHSYTPVFPFNNSLPCVLF,-1.637283426,1
slay_2733,CETPVLQKPFLSDAHTRGPR,-1.636939676,1
slay_2734,LADKLRGLLCKYCYRTQICT,-1.636255687,1
slay_2735,YRNRARRTFDLHLPPLLVTT,-1.636178756,1
slay_2736,RDPT,-1.635931531,1
slay_2737,NDAGIIERPNVMHRITRDPF,-1.635891491,1
slay_2738,RPFPKHDFNAILRL,-1.635649875,1
slay_2739,NTIRSHLSLLYLIPIEHHEA,-1.635316815,1
slay_2740,SYLSQYKSNYIRLLGISTSP,-1.634829329,1
slay_2741,PSADFFNLKNKCYNYIELFV,-1.634425336,1
slay_2742,TQYECFTAIHNRASFDHLLV,-1.634412193,1
slay_2743,SNGDGTLDAGSTCAPFYARA,-1.634203521,1
slay_2744,YRFLPLEVVLLHGW,-1.634185361,1
slay_2745,FATGWAGFRDCLTMNSTHIN,-1.634173451,1
slay_2746,VPHTPNVNYSGVQSVTEINV,-1.634168662,1
slay_2747,YSLMLSCYSTRYIFIGENSP,-1.634005011,1
slay_2748,CSHTWFVDITIFHCSDFSG,-1.63380023,1
slay_2749,A,-1.63359573,1
slay_2750,ISGTLPHGNTWRKCAHIPDY,-1.633466577,1
slay_2751,SPRVHSLEEGKYQGAMIDSD,-1.633129845,1
slay_2752,PSASASNSFIPTKNLTCRGP,-1.633022155,1
slay_2753,SA,-1.632807931,1
slay_2754,LFGTLVLFSYYLDTHAR,-1.63269402,1
slay_2755,RHSNSRSNNHSLGSSSNFVV,-1.632692479,1
slay_2756,LLPKA,-1.632597256,1
slay_2757,YLNNITGPMVAKHTDTFYPA,-1.632228366,1
slay_2758,HFTIY,-1.631861411,1
slay_2759,CAPLCFAIHRYKASFQNLKD,-1.631654701,1
slay_2760,RARPACAHAHTRKTASASIS,-1.631413181,1
slay_2761,DTNMIASIWRNRDNLYKSED,-1.63130575,1
slay_2762,PSRARVIVSVNINLYVYLFF,-1.630668301,1
slay_2763,PYDSKDPCSARNLTFLYHQL,-1.630263257,1
slay_2764,ITGINTDIVRYHKYS,-1.629956416,1
slay_2765,RIPLNSNVTRSDSSICTKCI,-1.629374448,1
slay_2766,TGPETNRPSRN,-1.629192201,1
slay_2767,SLHRHFHIYTSSLPYYFFPT,-1.628969689,1
slay_2768,HSLSCRQYIVEPLYILNNSI,-1.628939637,1
slay_2769,RVEKPTLRSSVYFRTLLNQN,-1.628853118,1
slay_2770,QPRTSRYFCPHITCPYGFYY,-1.628442149,1
slay_2771,ALQFLSSLADYCNNPPSGSA,-1.628117456,1
slay_2772,RTVLRTFHFPSSLQFSLCKS,-1.628004323,1
slay_2773,FG,-1.627743233,1
slay_2774,LNR,-1.627600217,1
slay_2776,RPCCSTARYRDLFA,-1.627295754,1
slay_2777,HPYTPLCTDFWGSSMILVSS,-1.627189252,1
slay_2778,NTAWRHSTNFPSSSCPFVPL,-1.627121417,1
slay_2779,EPVISPSTTDKCCPNLFWYL,-1.626899062,1
slay_2780,EGLNLRFTC,-1.626891958,1
slay_2781,YSPRSHS,-1.626773169,1
slay_2782,DPGWNYHFYSHRLQFHTNHS,-1.626728691,1
slay_2783,TLKCPLCIRRHE,-1.626697057,1
slay_2784,VTIDDSILRRTVPKRGNFNV,-1.626315607,1
slay_2785,QGDLSSRALAIYFMPISRNG,-1.625922154,1
slay_2786,RAYFTWPDGCRLLIT,-1.625794909,1
slay_2787,AAPTWHFSFYYQSSSTFSND,-1.62484397,1
slay_2788,GDPSH,-1.624575704,1
slay_2789,PMTPRMNRKHYYTHLHADSS,-1.624487099,1
slay_2790,MYVPGSWSSPPYFFL,-1.624453936,1
slay_2791,TNNDNGTNNLDGLVSVQCCP,-1.624414935,1
slay_2792,PKTTLAYSLVHRSRKCHLWS,-1.624303285,1
slay_2793,SSSPCNNSTRVARILPLYSL,-1.624219147,1
slay_2794,APSLSLLQRTVFSLSTCTSV,-1.624145389,1
slay_2795,PLRDITRRIWRGLLMKVADF,-1.623766736,1
slay_2796,RPSRSVRVQCPNFSKPNSYG,-1.623761023,1
slay_2797,MLLLIHLGPARTARPEYPKK,-1.623728773,1
slay_2798,CLHPIRGKMLPVPTWLAFTV,-1.623343871,1
slay_2799,ENTSIRAHFTVHCSYLSTDY,-1.623120619,1
slay_2800,DAYGFPAPYAPLGLCTFHQL,-1.622840445,1
slay_2801,CARNVPHHRYPGPGPPRLPL,-1.622689499,1
slay_2803,HVTVVYIAHSHLQSGNPPMD,-1.62241043,1
slay_2804,RPVFAHSRYIGAMSKIALLK,-1.62228336,1
slay_2805,SRALPASSNTTDPTTAMHSW,-1.621777926,1
slay_2806,PHLISQT,-1.621318065,1
slay_2807,DFHCAPKINRFPEGYGTLQT,-1.621247476,1
slay_2808,VR,-1.621116553,1
slay_2809,PLERFCSCRHLDFYHSLAID,-1.620923738,1
slay_2810,FWVPHHGRCCIHHHYLILPR,-1.620766489,1
slay_2811,CFRGHPLNVLGNLLIASHTR,-1.620365729,1
slay_2812,PPCPFVKITSNTCSCDSANI,-1.620073302,1
slay_2814,PLPRICSGPPNN,-1.619780662,1
slay_2815,NTLAIVDIEPFVRGCDPAHA,-1.619658848,1
slay_2816,LTHNSTSSNPNSITI,-1.619055132,1
slay_2817,CPRYPVMDVL,-1.619048774,1
slay_2818,SHTMGPPTLFTCLPHGFRTL,-1.618567041,1
slay_2819,PYLSSGISALCPIGFLYSFV,-1.618488388,1
slay_2820,PPNIRCKSWTLNPRNFRLRP,-1.618252162,1
slay_2821,HPYFPLAMYIL,-1.618164836,1
slay_2822,QPGTSPSLANPTCYHSLKIY,-1.617957391,1
slay_2823,PKFTSHDPCAYSESNLFFKN,-1.617871076,1
slay_2824,RYIGTLNTYPDYHILPSYIL,-1.617641975,1
slay_2825,NVIPPYCFHYDYHHCCNRYH,-1.617529887,1
slay_2826,LWQFMCPCQLLQFPIWYAPM,-1.617507481,1
slay_2827,NPSCPVNCLSWSPLTFYFLI,-1.617163584,1
slay_2828,CPTFNYFHSAAPWMLPVASTS,-1.617162978,1
slay_2829,LLSQSLRGPGNEPIHLLSVC,-1.6167607,1
slay_2830,AASHVYSMDPSWFHTYPLLS,-1.616618847,1
slay_2831,LHLLQILYSTFHSIVDTSIGN,-1.616166109,1
slay_2832,RSVG,-1.616155608,1
slay_2833,LLDKLLHGFCNLRGHNR,-1.616008487,1
slay_2834,SYFRSNVYNTVPTSRRCPLP,-1.615942691,1
slay_2835,GSFTAHNHVNICSNRPLLNF,-1.615576481,1
slay_2836,LNTDGSLLRPV,-1.615266273,1
slay_2837,TN,-1.615123812,1
slay_2838,RSRARDPPTQRRGPGDTLYS,-1.615049971,1
slay_2839,PLSSQRYSDSHLGPNHPRPT,-1.614994901,1
slay_2840,RNCVTRYTIRPNIKYMGPFK,-1.614507442,1
slay_2841,TGYRFYTYNTPLHH,-1.614406454,1
slay_2842,IDAAHYVRFDTYTYDDISSD,-1.614182128,1
slay_2843,CLTYYAQ,-1.614134463,1
slay_2844,SRPTSRFLEGHSRSMTEPAS,-1.613998536,1
slay_2846,KKAPICDRTPLTSPFYTWMV,-1.613497225,1
slay_2847,PPLFTRVTTSVPE,-1.613377748,1
slay_2848,HMPPNNASVDLHNSSSIIEM,-1.613167903,1
slay_2849,SNCRIRTVNIH,-1.613032372,1
slay_2850,RHNRDVIPYSPAPCLPMYNN,-1.612912693,1
slay_2851,AVPPPHTLDDHHFNNSKTFS,-1.612844491,1
slay_2852,VQSLDVQYMAICH,-1.61262629,1
slay_2853,SAHIISSIE,-1.612595565,1
slay_2854,SRQPQYYYGYIFMSPGRISN,-1.612393139,1
slay_2855,QGRILNKGIIPLLPCLAMTGN,-1.612282749,1
slay_2856,FWVMRHRSNEGLGSDQTGSI,-1.612151037,1
slay_2857,TPYYCAPLSTFKVTELDITI,-1.611863901,1
slay_2858,VDRFPWNAKLYCGSAIPHNI,-1.611860898,1
slay_2859,SFFHASLTEHYCTHQLSLAQ,-1.611810109,1
slay_2860,SMYFNARLGRAVFSSHPLDN,-1.611713971,1
slay_2861,FIFSIVYARRNLPKRLPSTS,-1.611707279,1
slay_2862,PCYPNIMLLLLLSLIRSYWL,-1.611696087,1
slay_2863,PSRYTAASAPPPSIRSTHAY,-1.611331632,1
slay_2864,MTSSFTLPSVICNQLPSPPI,-1.611234619,1
slay_2865,HRPDKINNNETYTELSTTRN,-1.611220946,1
slay_2866,NCSYHLTVR,-1.611189225,1
slay_2867,LPFAHACPTDLPAMHLTT,-1.611153585,1
slay_2868,PLYIFARYPDIADTCKIPPM,-1.610879931,1
slay_2869,SDLRNTLFWYMTLCGPYALF,-1.610734447,1
slay_2870,TSRNAVANAVGDLATETSII,-1.610196633,1
slay_2871,RFYQQTPPTVGHLPYCTSIV,-1.610147238,1
slay_2872,RPECYVFHPVKLAVARLPRT,-1.610104383,1
slay_2873,PATTHYPHSVRCLDIHNFPH,-1.609464896,1
slay_2874,KPGSSILGHSSIPSFLIPTT,-1.609286266,1
slay_2875,PSISSGPYGSPHNLARFYFR,-1.609246739,1
slay_2876,CALYTYRFFHNHFNACFMYT,-1.608573506,1
slay_2877,PIKQSCFARPIAVTNTSHNL,-1.608496264,1
slay_2878,HWDPLPSNPPASTPDARHAY,-1.608490814,1
slay_2879,TARNRYHATTITHYGARKNC,-1.608444154,1
slay_2880,NWD,-1.608272791,1
slay_2881,ASLFPLTRIVV,-1.608107931,1
slay_2882,LTRPPNDRY,-1.607763492,1
slay_2883,DPTHDKDDGLLCAPSTIRFL,-1.607727451,1
slay_2884,RLIVTVSN,-1.607382314,1
slay_2885,YVCVARNY,-1.607200444,1
slay_2886,RPGRDSMFDD,-1.607139457,1
slay_2887,VLSS,-1.60692002,1
slay_2888,DC,-1.606709811,1
slay_2889,GVQTPCQLINEYLCCVTIHI,-1.606016179,1
slay_2890,SNFPRAADHTLIT,-1.605857992,1
slay_2891,LAYVGFFICFLFTRRDADCT,-1.605793696,1
slay_2892,TVAT,-1.605739546,1
slay_2893,FTTPPPTSVHDDPSYVYHYA,-1.605721528,1
slay_2894,HTSPCPCKYYSLICFSIISN,-1.605527402,1
slay_2895,PGLPCVLVYYNMIFTLPCAF,-1.605371664,1
slay_2896,CHVFDIYMRRYDTLCFVYYS,-1.605106424,1
slay_2897,AVSRMFNNDTLDCHF,-1.605031966,1
slay_2898,CRARSYWGPFYLLDNVTSQY,-1.604974941,1
slay_2899,AGTRAAGTSDDISYSPIECL,-1.603967926,1
slay_2900,PIKASPMTNYWATSNPLDDI,-1.60392802,1
slay_2901,HSPTLYPRGDTNCRPPAASV,-1.603796636,1
slay_2902,CESTSGFERFFYISSNNPVI,-1.603761313,1
slay_2903,RSIFSVERLISNKPHHLQIF,-1.603316395,1
slay_2904,HCFHLMASNPTTSVAPSRRS,-1.601745644,1
slay_2905,CSAPRDKPYEPHPANSPYTN,-1.601242472,1
slay_2906,IVINCNFVNI,-1.60055196,1
slay_2907,AEGINKYLGTK,-1.600539422,1
slay_2908,PPANMSS,-1.600469086,1
slay_2909,PHNSSFRPRIRESSGFGNLS,-1.600445828,1
slay_2910,VRMCAATWYMPS,-1.600170872,1
slay_2911,LMPTLSLIRCGTVLNRQPPS,-1.599980242,1
slay_2912,DRADFSCDHYSYHFLHYTSI,-1.599758848,1
slay_2913,EAVGVYMNPYSLRPCELYLI,-1.599735874,1
slay_2914,NVHNDMGN,-1.599532477,1
slay_2915,SRHMCANAVDIMPLGSNVHR,-1.599248224,1
slay_2916,SNTSSHGIPMRCMSIMRLASN,-1.599181104,1
slay_2917,EVLPVEPPTRHIGNCKTSQY,-1.59891105,1
slay_2918,CYIGLTWIRISPLCYLSNTH,-1.598742564,1
slay_2919,MHFISLRRTPSCPVPNNFPH,-1.598557945,1
slay_2920,PTSTNEKLTWNRNIPPHRRN,-1.598541887,1
slay_2921,ATNAYNVSHSGNRSLFGDEV,-1.598462799,1
slay_2922,CCHTDILIPYAHSTWYHDHH,-1.598257547,1
slay_2923,IRNRSHCYLSLSDHSDLPCT,-1.598158141,1
slay_2924,FGA,-1.598031633,1
slay_2925,EIDDRRGFNSLNQPNHKSRS,-1.597987881,1
slay_2926,IIKAFLETMYNRNMAHCNPA,-1.597672728,1
slay_2927,RACINASTTYCTKSS,-1.59731165,1
slay_2928,PSACINPNQN,-1.597163387,1
slay_2929,LL,-1.596519682,1
slay_2930,LCPTSTVDRHYDYNVPMWNE,-1.59640507,1
slay_2931,RCSPVFIYFPHFDAVSNVLV,-1.59629955,1
slay_2932,HYMFPTVFARSNISHPHPPN,-1.595823851,1
slay_2933,AHSPQYNTYNYIAYKIKHVA,-1.595640312,1
slay_2934,TKANANLYPPPNITLPMYMR,-1.595613845,1
slay_2935,TVRTPTNCVHRLACPAV,-1.595460932,1
slay_2937,PVIIIIHESGNV,-1.595354983,1
slay_2938,FTHYHI,-1.595174077,1
slay_2939,IWHRILMSLSPAARLLRGRSN,-1.594971031,1
slay_2940,PSWGCWDHFHAWANLPINIT,-1.594792619,1
slay_2941,TLKCQRYQFVQIRKLSNPYI,-1.594528227,1
slay_2942,LTWRPSFRNRFLWNVMDPCR,-1.594420023,1
slay_2943,LVQLPTPLITRGLFHLNL,-1.594320993,1
slay_2944,LKSRRAPCVSIYPRCRYYYF,-1.594287473,1
slay_2945,PALPMMLRNYYTVMMECHMM,-1.59381284,1
slay_2946,FLNNLNKNCPSNRSHNAWPY,-1.593706137,1
slay_2947,IQGLSTLKV,-1.592965462,1
slay_2948,SCGITTNRRAHITDSHARWN,-1.592578119,1
slay_2949,LPLRSCHQL,-1.592465241,1
slay_2950,ENHMDRADLTDVPSFTCGLL,-1.592175344,1
slay_2951,VRCGTMSSNRPKHISIYLSL,-1.591816095,1
slay_2952,GYPG,-1.591814586,1
slay_2953,VAHYTPSPFTYLPASTMYTN,-1.591481494,1
slay_2954,PQRGRAFGLRMPSMLAPSVFN,-1.591121815,1
slay_2955,SRGTPSNAIYFHLLRDQSLN,-1.591105572,1
slay_2956,AHD,-1.591044309,1
slay_2957,TRFWQICTNSNLRTLRWNRP,-1.590935794,1
slay_2958,RPTA,-1.590650115,1
slay_2959,SKRRFVSTTCPRNSHISDST,-1.590374023,1
slay_2960,LQYRRHSHLFKGVGLSPSTY,-1.590322965,1
slay_2961,NAATDDTLTLRWPSPRPSNT,-1.590266159,1
slay_2962,PFYSETPILTHSCNTLYFAM,-1.59013511,1
slay_2963,HHMTYTDVTNAKCTRLMVVT,-1.59010985,1
slay_2964,SWTTPKGLSCRPGRSYPYS,-1.589900443,1
slay_2965,CPTDATLTPISHNS,-1.589574898,1
slay_2966,PIGHIWNGSTIVFHNCRFGS,-1.589371259,1
slay_2967,VHPSHGSSSTAHNYTAPRTT,-1.589278335,1
slay_2969,FMPVLLILFPLTCPCTRHQS,-1.588323039,1
slay_2970,NFYIAEPRKCHGFLLNMRGS,-1.588178942,1
slay_2971,SKSPPNYCCP,-1.588085306,1
slay_2972,QDGYTSSEDQSSIYRHNLKN,-1.588024928,1
slay_2973,QNK,-1.587927132,1
slay_2974,PLRDFLIRRLIGVTSRRHNT,-1.587809054,1
slay_2975,TGLGGLTDYNLLAITYDCLL,-1.587441164,1
slay_2976,FNKWPVCSLHPGRCVNLMTP,-1.58690677,1
slay_2977,SALALCPSVSLSVE,-1.586895323,1
slay_2978,FAARVVVCGPTNNTAVSIRI,-1.586761301,1
slay_2979,IMTMSEYSFNSSVHSNHYYLT,-1.58667359,1
slay_2980,KPAAEPPIVNGGNNYSRQYS,-1.586292916,1
slay_2981,MLWWTHKYYDWLA,-1.586291723,1
slay_2982,NDATIGGETVSPRVHGNNSI,-1.586087476,1
slay_2983,PWCPASQINHFPNNRGATST,-1.585803283,1
slay_2984,INPIDRHTCDNPLYYIISHF,-1.585353068,1
slay_2985,ITIFTRSDFNHRTSYALIPA,-1.585331343,1
slay_2986,QRVCPKAPRIRAPPHTLHTW,-1.584979953,1
slay_2987,YLSGLRRFYYIWRYLGKTIS,-1.584969337,1
slay_2988,SSRTSGTIENTRHPLTIIVR,-1.584771817,1
slay_2989,SSVNLTALFTVNSGNTCSVR,-1.584707628,1
slay_2990,PSRSVNHYDRIDFCIHRAII,-1.584620086,1
slay_2991,TNRLPETCHHYCVHPRYLKN,-1.584491327,1
slay_2992,CSPFHTDLFTLL,-1.584216427,1
slay_2993,LSHPAPQPSSDRSNQLEVPY,-1.583995739,1
slay_2994,CHKTSPKGEHDISYTQTPHH,-1.583914749,1
slay_2995,SSVCRPFSQFMYAHVNSFAV,-1.583569678,1
slay_2996,LS,-1.583432261,1
slay_2997,YTYCTFTSTHTVICYFPTKR,-1.583319835,1
slay_2998,LQSINRGRRCNSTF,-1.583154003,1
slay_2999,RPVGPMLCHTEVTMLIIRTN,-1.58314485,1
slay_3001,SSSRKFRLTSAASAVAPLSN,-1.583055222,1
slay_3002,CNGPLKRTSITGISKATKTL,-1.582587668,1
slay_3003,CGIEHNNLTLSPFSGSYHIM,-1.582369504,1
slay_3004,HLLASLG,-1.582241929,1
slay_3005,PTLEHKNWFNFKSALHTNNR,-1.582091366,1
slay_3006,TAPSYPHINNHKS,-1.581966848,1
slay_3007,LLLQKAPLASSAHTHCNGPAN,-1.581728417,1
slay_3008,LVVYLVSLCSTSSTQFVLYL,-1.581432407,1
slay_3009,CRQTHRKAGRPSYS,-1.58135922,1
slay_3010,APRMHHVTLYPSRDDKFSGT,-1.580836307,1
slay_3011,TVFLKAASYLSVRFMTCYTV,-1.5805887,1
slay_3012,LVEHMMSKFNNLRNYLRAIS,-1.580580245,1
slay_3013,PVFANSNSFQSWRRNPGFHC,-1.580565939,1
slay_3014,TPPNYCAAGFCCPQFPIIGV,-1.580456684,1
slay_3015,RGPPVTSIALNLLRSTIACSN,-1.580351602,1
slay_3016,HTCTTNPPADLH,-1.58027208,1
slay_3017,ILCIYRPRRLPSFRIYLGLR,-1.579942641,1
slay_3018,YLTIYSLPFAMSITNVTLIH,-1.579712036,1
slay_3019,RTSVITNLLVHRYYSTLMPL,-1.579677682,1
slay_3020,RYPPASHPRQAVAYSHSRSM,-1.57961941,1
slay_3021,ITYGHLACPSVNRRFLTAST,-1.579228679,1
slay_3022,FYALHNHKFIATNKVKTNDS,-1.57922694,1
slay_3023,QRTYRASINFGHSYVCYSPF,-1.578916074,1
slay_3024,GEHAY,-1.578635677,1
slay_3025,TSTTFRQPNCTVSLARATLS,-1.578375053,1
slay_3026,HNIAYTKKRAGPLRVLCVGSN,-1.578002315,1
slay_3027,NISHISKNHS,-1.577946375,1
slay_3028,RLRPCDSNSTWWSLNSID,-1.577816304,1
slay_3029,TGPYHPLRIIPCSNLYYGIL,-1.576946809,1
slay_3030,ATPSGVWPATVLDQSMSPNF,-1.576829267,1
slay_3031,YWDHHCDNDSRINRVHMYLL,-1.576727582,1
slay_3032,CTHAHQRAISTYTI,-1.576713626,1
slay_3033,PLPLLYSPPYYSQIIPCSLL,-1.576433313,1
slay_3034,NTTSDSSDMSSTCKSITFAIN,-1.576188157,1
slay_3035,GTNWSTP,-1.57608425,1
slay_3036,TQCPPYLTCYVPSIVPYCWV,-1.576071071,1
slay_3037,LNRPFNPWVPCFMV,-1.576043608,1
slay_3038,HSGRDSMFDD,-1.575980317,1
slay_3039,CCPFFTNSPYDHPCIVYARA,-1.575953137,1
slay_3040,PTKPPTPTHLILTYPC,-1.575300307,1
slay_3041,CAPPDIIHLFNATGSNFPEL,-1.575176762,1
slay_3042,TCSWFDSWTSFSAPPTGFI,-1.574890286,1
slay_3043,NYITAQHAVSERPVRVMLHT,-1.574450906,1
slay_3044,PSIKCYDQPMHNRPLIYYSA,-1.57442495,1
slay_3045,LVPIWRRCSRRSAVNTCISL,-1.574252959,1
slay_3046,VFPMNDTSHHHLRPVPGGWL,-1.57424998,1
slay_3047,QNFRVPCIHCIVSFLDSFYE,-1.574114359,1
slay_3048,CLLS,-1.573632646,1
slay_3049,DPISSIYASQVRLRTVLGSSN,-1.573535579,1
slay_3050,GMCSAYRTYLV,-1.573473758,1
slay_3051,LTATRPYRPP,-1.57336073,1
slay_3052,LYRNSVLLKASL,-1.573326443,1
slay_3053,SFNAYSRVYSDCYYIHGVAG,-1.573251727,1
slay_3054,IRNTFLLRRDRMPGAYDSLP,-1.573229226,1
slay_3055,SLKPTGTTRACFQPVISLA,-1.572949257,1
slay_3056,VAPGAGFPIRDMVHSRTSHI,-1.572875615,1
slay_3057,RSRGVINKTYSRNAHVHFRN,-1.572851784,1
slay_3058,SRPDGARHNFHSRPIL,-1.572806915,1
slay_3059,TVTLGRAIPLPANNP,-1.572757964,1
slay_3060,PCLMCQSYAPGVGCIFLATL,-1.57247989,1
slay_3061,CEWDLPCRRRAHTDRKAGNP,-1.572437647,1
slay_3062,IGGYSPSDATYTIVCFMPNGT,-1.572325883,1
slay_3063,TLKKIKRVVHYLCDWCNHHW,-1.572317401,1
slay_3064,CFLSSLIPSRPSLDIGCAHE,-1.571952024,1
slay_3065,RAHYIYSTANSL,-1.571529616,1
slay_3066,PNTSIVLCHLSRAIYLYRLP,-1.571518445,1
slay_3067,LTSHCQDADCHDMHEPAINI,-1.571201466,1
slay_3068,WPGSFRCYPSMHDLSLNPHP,-1.571141617,1
slay_3069,PISKMAINATWIGHDDRWTY,-1.570824506,1
slay_3070,PPIPVALQCDVHPFVVTPR,-1.570231912,1
slay_3071,CSRFVLAARTYTFEDAT,-1.570110932,1
slay_3072,RSTAQTYRRLADRYMLSFC,-1.569985676,1
slay_3073,TTYGRCLRLSAAPTFPGWGS,-1.569964064,1
slay_3074,PMPLVTT,-1.569212774,1
slay_3075,PKPACIH,-1.569205304,1
slay_3076,TNLPPRTHNHFFCILNMCYP,-1.569111976,1
slay_3077,CIHSNHWVEISARSWSSLTRN,-1.568182301,1
slay_3078,CILNSERSGRNSCHYNCGVC,-1.56801358,1
slay_3079,WGGWRYRVHPYDSTPSRCNL,-1.567979384,1
slay_3080,HVGPTAPTYQYFCPPIYFST,-1.567820252,1
slay_3081,LYCTCPIHTIQCFMTPYLAL,-1.56735239,1
slay_3082,RPYSAPYTYLTL,-1.567286604,1
slay_3083,PAAHFSLR,-1.566963804,1
slay_3084,LSCTLLISNK,-1.566604751,1
slay_3085,SRITQVRCQANRTPNSNKAP,-1.566490157,1
slay_3086,LTTCPYLQNTPNAPEILLISN,-1.566170708,1
slay_3087,VQRRSCSHTLCLSFFIFYSH,-1.566016522,1
slay_3088,HTPRVHHIGSSLDLLPTAHT,-1.56593829,1
slay_3089,TGAHEYKGGLARP,-1.565613306,1
slay_3090,PVMVHPRGTTHD,-1.565544797,1
slay_3091,ARFLYCHRLGHPVPLDSTLN,-1.565430857,1
slay_3092,CYYPEYRRIASRHALYLIPR,-1.565235037,1
slay_3094,QLPPTSLAHTAGGIPYTPPC,-1.565099888,1
slay_3095,YCPAKSDLDYSARPVFHYHM,-1.564748957,1
slay_3096,PIHRLHSFLTFELSHVGLRD,-1.564664121,1
slay_3097,GRDLYPAGSYGAFFWDYHYL,-1.564565202,1
slay_3098,PRHVWRDNLVCIYTSYSTTF,-1.564515751,1
slay_3099,CTPNHHDFQLLRASVVSNLP,-1.564432768,1
slay_3100,IVNWKPKILC,-1.563898016,1
slay_3101,DYNACDHSLSQYRL,-1.563125754,1
slay_3102,SSAEPRNSHNPLNSPRLASL,-1.562741761,1
slay_3103,IHDSTRISHSTGNMQAVPRVT,-1.562616512,1
slay_3104,PWGSTYTMRQPR,-1.5625526,1
slay_3105,FRCNRAISCSDPPKVSSGLI,-1.562320869,1
slay_3106,KLKATHPLPDMFIISHQHVS,-1.562222067,1
slay_3107,TRYMSRNPTFPVMQTTLRKV,-1.56204847,1
slay_3108,TGACQTNNGSLTTDAYIILL,-1.56088089,1
slay_3109,FNSSPGRRPKQRHHVYVSVR,-1.560757868,1
slay_3110,FRTSSLPALTNHNYACNSTA,-1.560635612,1
slay_3111,PCWDYNEHPSNP,-1.560579941,1
slay_3112,IPKCTSDIYREPFTFALTSN,-1.560567129,1
slay_3113,LPRRVSASFSNSRLRANSNY,-1.560095684,1
slay_3114,LRPTDQLPISSWSGSPSLVQ,-1.560074258,1
slay_3115,FLRCYDCYNDHTASDNSHVL,-1.559677016,1
slay_3116,LTYFYTLCTSFRSRITQCVT,-1.559635589,1
slay_3117,TSQLLSLSIV,-1.559579858,1
slay_3118,RAPVLPHTYW,-1.559518477,1
slay_3119,CDYCPTEDDYPVAT,-1.558956503,1
slay_3120,GYGDHTPYCVPTIDLYRFLT,-1.558710616,1
slay_3122,IFRNVSITLCFYSTGSKLNY,-1.558138812,1
slay_3123,DCRHPTNNVPFKYFRPLFLY,-1.558084116,1
slay_3124,LPCCLKCLRLTSATDNMALR,-1.558018697,1
slay_3125,KRTLST,-1.557840456,1
slay_3126,RPGA,-1.557634301,1
slay_3127,SALPCGLCTTTVNLHKHAFR,-1.557532999,1
slay_3128,PCHHLVNKMKKWFVRRRRVR,-1.556438446,1
slay_3129,PPTGCTTNFHKYNSILSKLI,-1.556122636,1
slay_3130,SGINQHIHGTWQLHLAGICV,-1.555858661,1
slay_3131,HFGQHLFARFH,-1.555694464,1
slay_3132,RETSGRTQQSRPC,-1.555627405,1
slay_3133,FDIIHTNHRKLGLTLVPIIL,-1.555130505,1
slay_3134,SINALLLRSIQHWMPISRPS,-1.554879166,1
slay_3135,VSNDHPYRNGLALIYLNTNL,-1.554537753,1
slay_3136,TRAFSHMSRYSLTAVCLLVFN,-1.554530063,1
slay_3137,LGVITSFFAMLLPNYMVLLA,-1.55444143,1
slay_3138,RRVNQSPTYVMHRFGHNMRS,-1.554383513,1
slay_3139,HL,-1.554321164,1
slay_3140,PTYSSNGTSAMVHTNGPYLS,-1.554236751,1
slay_3141,IADILRYVAALRGIHWFPKR,-1.553940527,1
slay_3142,IRFSSPRIRITDSD,-1.553593986,1
slay_3143,LTCIPLLAHIDWLPVEHASS,-1.553445835,1
slay_3144,LTFSRCHASLSELFALPMTH,-1.553344306,1
slay_3145,VPHHHICYEDNPIPMLIRRRN,-1.553341694,1
slay_3146,VRTPLCTPSAAHGGLPVFTA,-1.552500069,1
slay_3147,SYLFAFEEYPSSMQSFSISS,-1.552126574,1
slay_3148,AAAANTPDNCFRETDNKH,-1.552026068,1
slay_3149,CLDPFWKTGNINPCWTCNSL,-1.55183371,1
slay_3150,ALAARSRVTEQTDRTNDIHL,-1.551831085,1
slay_3151,SYSDVY,-1.551805848,1
slay_3152,HCRSSGFNKNPDIYTLSARAN,-1.551781564,1
slay_3153,TPYTCIAPIFLAFNELTQDA,-1.55172903,1
slay_3154,SALSPAHGARALSTNDQAMS,-1.551693843,1
slay_3155,LTVSFDDSLSFVELLTYSKY,-1.551466224,1
slay_3156,SSRASAPQRSTPISTRYTDV,-1.551172164,1
slay_3157,LRQMPLTREFHYVPSVPNNG,-1.550701833,1
slay_3158,LYGPPRLVHYYHRWMCLRPP,-1.550617381,1
slay_3159,PCVAVYYAASAYAPLYHNWS,-1.550597225,1
slay_3160,ILYSGTYSCPYAYFLTPTYH,-1.550046208,1
slay_3161,ENHIEIHLVDRSRSASLLSIN,-1.550031902,1
slay_3162,HLLHLLISRFLNLQHGLDDR,-1.549984296,1
slay_3163,SATLSSHIDLDRKANKNNPH,-1.549634257,1
slay_3164,HHYTTYLSYSI,-1.549416001,1
slay_3165,LSREEYWLSTPLCSHILMYA,-1.549248122,1
slay_3166,RTDHLNSNCQALGASGTFTA,-1.549076324,1
slay_3167,RGATSAHREAAFSVSSYHYP,-1.548949338,1
slay_3168,SIGYIIYHQMPPLMLSLLRW,-1.548926794,1
slay_3169,THTWSTPRCSSASRLFKINM,-1.548767872,1
slay_3170,TTTVSQEQYASRRSLKRTML,-1.548709037,1
slay_3171,RCAPPINFPTSPPYLFYISH,-1.548699193,1
slay_3172,PRTGRPYPAWWLFPDTGCIY,-1.548697213,1
slay_3173,RAGLCNICDCPHQAIDLVAL,-1.548693816,1
slay_3174,YPCQFCYPRTNGTPFCLIPS,-1.548643459,1
slay_3175,TCRSP,-1.548583144,1
slay_3176,SQYRRIPGSNFSFSHLHFAL,-1.548094162,1
slay_3177,TFRRFLMLGCTIFTACRKRL,-1.548007026,1
slay_3178,SFRKNERRVRCTVPAMPCVF,-1.547972946,1
slay_3179,SCYAATVLTYPKPCLQSSAA,-1.547926637,1
slay_3181,NWSGSSIRTAWNLTGLCWHQ,-1.547711055,1
slay_3182,LFNYLAGVDLIRHFVDYTTC,-1.547620808,1
slay_3183,PYASGHSCAWYTPIFIESMI,-1.547360363,1
slay_3184,SSLIAVSSSTSIRLLRDYSQ,-1.547109152,1
slay_3185,DHHCTIFISLADWNCLYTLA,-1.546864812,1
slay_3186,CPTSSFDSHNTKFQSDFAIV,-1.546549114,1
slay_3187,DSADQVRRFTVHYNQDEISD,-1.546029038,1
slay_3188,PSPAFPSSINHVQAHCGYDR,-1.545837482,1
slay_3190,PCFHPTPLWYVSAPPFDHSP,-1.545645607,1
slay_3191,MTHAMKAPCLSFHDSDSSNR,-1.545569597,1
slay_3192,YKHPHANNCKYYIQITNAND,-1.544449967,1
slay_3193,SAYRPVCLVSTSPMYREIVFN,-1.544414512,1
slay_3194,PLYNDRLHSLASTVQLLISA,-1.543825989,1
slay_3195,PSVMNPENGMTVSQLYCCIT,-1.543783061,1
slay_3196,SLLGSPSIIIAVIAAVPDSLT,-1.543703766,1
slay_3197,LIRANILLHDGLPSAVRHPD,-1.543690876,1
slay_3198,CPWSYSLRRLRERIFFHLK,-1.543435576,1
slay_3199,CTYSGDRPLATPTTRATCS,-1.543210571,1
slay_3200,SHKCDWHPNPSYAPVLSTSF,-1.543063083,1
slay_3201,NYGGNILDSSYYTTATTLYT,-1.542815099,1
slay_3202,TYFSRTDDLDRNHLHMCMSW,-1.54263831,1
slay_3203,VLDTLRAALTILLSYRRNSL,-1.54248893,1
slay_3204,RCFHDIPTYVPV,-1.542414468,1
slay_3205,TPKVQGGQDVAPPRPSPLFY,-1.542369442,1
slay_3206,PLHMPIILSVIPNDQFTSAR,-1.542219787,1
slay_3207,VSHSLCALLTTPSPRTPLCG,-1.541957131,1
slay_3208,HPSIYSTSMYSLHCAWPSHT,-1.541313485,1
slay_3209,PPYYPCLIPTFSNPPYFNFR,-1.541258281,1
slay_3210,GPSARPTSNLFCMHRSGHAT,-1.54112426,1
slay_3211,QPQKSRFSTNLDQKYNHRPS,-1.5410894,1
slay_3212,PSPYTNVVKNSTRAGYGPYK,-1.540808542,1
slay_3213,PSKCDQSS,-1.540800649,1
slay_3214,YRFQAATGLLADRFPRHAVD,-1.540660455,1
slay_3215,QVFHPS,-1.539798253,1
slay_3216,TLTICPVRSGTWHIALFGIP,-1.538933839,1
slay_3218,TYNCSTLRSIRMTLI,-1.53859499,1
slay_3219,RFAVPSPCPYYCLSYPYVYL,-1.538494516,1
slay_3220,SINGKRWPGA,-1.538315755,1
slay_3221,RHNEMNSGDSIRCLPTMS,-1.538134049,1
slay_3222,DWKLPTRTLRLFRRICPTRVN,-1.538080605,1
slay_3223,FYPFHGSHFPVPYINNCDPA,-1.537996846,1
slay_3224,PSCDLWDCRFRCLTLWPTVH,-1.537573886,1
slay_3225,ASRETDPSTSNCTDSCAFKS,-1.537498313,1
slay_3226,SSTCYVLHPSMRNTHRDSPG,-1.537205573,1
slay_3227,LLHVRLGLSFLPLRCWAPQV,-1.53691039,1
slay_3228,HDAILAVRKHGNRLQICGAN,-1.536857229,1
slay_3229,YHSLRTSRRPSPTDVSITYS,-1.536852578,1
slay_3230,MATPASQVVVLQGLPTVNPN,-1.536797074,1
slay_3231,AYDPDSQNSNYCMNHTFYKD,-1.536416141,1
slay_3232,LRLRIRRLTVSVIVVSFMLSN,-1.536129434,1
slay_3233,NDFPCASFTLSPLIRVCYLS,-1.53612097,1
slay_3234,PAPLYTRALSAFLM,-1.535853061,1
slay_3235,FSGSHFPFYPLGHPCYVLRY,-1.535841683,1
slay_3236,ATNSSPLSRWLNPFYHHRLM,-1.535816157,1
slay_3237,FHCSCSARSLTFWYHDSLNH,-1.535741889,1
slay_3238,MRCTAQDNIAAKLPKNGLAY,-1.535433071,1
slay_3239,NTPETSPGLRHCNCRTAVNF,-1.535409264,1
slay_3240,HFGLFRTYSYAPAHNSVTAT,-1.535157319,1
slay_3241,RSYTRSRFPHFLNNWIRVAR,-1.53515107,1
slay_3242,PYPCLPGFSNIVSNIPDCKL,-1.535099129,1
slay_3243,TTTSLLSRLPPNYMAYSSAH,-1.534974,1
slay_3244,RIHGHDLRVHRPLRASTRQS,-1.534772614,1
slay_3245,LPQSRCTTMSVLPPLYQTLL,-1.534610586,1
slay_3246,IPYGATQLNKSQHRFNSFYR,-1.534594313,1
slay_3247,IDCLRAFISILFKIIFLYTV,-1.534557961,1
slay_3248,SRAQRRSICSCLMMSPQPLA,-1.534246453,1
slay_3249,WWTLYNYSTTPYAVHGGSFLN,-1.534041356,1
slay_3250,IIHHVTTGHNS,-1.533975628,1
slay_3251,RDELLHLSYSVPSTHHSRRF,-1.533895761,1
slay_3252,HHCRIGTMSTHHTPRYIECS,-1.533829865,1
slay_3253,TLTQGYHSLPVFTISHTTPL,-1.533575853,1
slay_3254,PLNIDATFIITRTTYTTAFY,-1.533331068,1
slay_3255,PSRTMDTLNSDRH,-1.532904754,1
slay_3256,PYSPCDYTTTLSRVNSSFIR,-1.5328971,1
slay_3257,HNACSLAHPIYPLQIRNTCN,-1.532804568,1
slay_3258,RRLLLPKPRFCTPAFCPRLSN,-1.53275623,1
slay_3259,TTLTRQVGRISDGGGILPAE,-1.532710969,1
slay_3260,FKRPYSNSRKSNRTTSTLSM,-1.532442046,1
slay_3261,STVKTLQDRPRPLIPLSPPV,-1.532391558,1
slay_3262,YSRLFGSCRFSNRYYNHRDF,-1.532098422,1
slay_3263,YLIN,-1.531995052,1
slay_3264,QPTFTVYDVHYNHNYGASKR,-1.531782204,1
slay_3265,FPGDAIHIHFRAWRRTKRHH,-1.53178205,1
slay_3266,PRLQHSYTFVACDYDTHANL,-1.531437169,1
slay_3267,PYNALPSIQTAVKEESLCAS,-1.531344674,1
slay_3268,HRVTSSALYDSNVISMEQFP,-1.530835277,1
slay_3269,TDHPFDYNHGVSQANRNNYY,-1.530770285,1
slay_3270,RPCPRSSSPHTDKRCRCMLR,-1.530658582,1
slay_3271,TMALPPYNTLDFP,-1.530575144,1
slay_3272,VPPALQTGNNICLSNYFTRL,-1.530518938,1
slay_3273,STNPTNVVTHDNIYDDVDNG,-1.530384012,1
slay_3274,PLAGYSAFNHLYVNSSRVRK,-1.530315873,1
slay_3275,KKSVSSHCTPLGTDRIDSHT,-1.530274464,1
slay_3276,VPGCRAGSPSSLPSEPSLFM,-1.53015927,1
slay_3277,PIALPAGDRFYMPLSFPSSY,-1.53012308,1
slay_3278,TPPWSNSRTIDNPSVLHEDA,-1.530060279,1
slay_3279,HTLYSPTYHKRVIAHNLIRS,-1.529840735,1
slay_3280,YPTTLYLIFNCSANNRCLLS,-1.529498069,1
slay_3281,HPRTSPHRPCSFDWKYLARL,-1.529465935,1
slay_3282,AQRAVVISVFCTVWFDLSTG,-1.529286695,1
slay_3283,DLDMDGYLFYHMLPLNMC,-1.529146893,1
slay_3284,SAM,-1.529092643,1
slay_3285,SCNTTTFPRYPGYTYYLCNF,-1.528717985,1
slay_3286,HLCFRSPTLGVIAYHNPCVR,-1.52871078,1
slay_3287,IPSLAYCQQ,-1.528466594,1
slay_3288,TCNSPSRYGNAWPSYTIIGIN,-1.527815196,1
slay_3289,SARRRLTQFRTLIVSYHNGT,-1.527729046,1
slay_3290,LFMLIAIFPARGSSRRYQAY,-1.527547388,1
slay_3291,PLSSMTNCPPMYVIDLAING,-1.527127465,1
slay_3292,HWPVRAPCRAPC,-1.527045168,1
slay_3293,SSLVWDFTNTAPNIVTAMPK,-1.527031369,1
slay_3294,LRSVFVMFDKPWYDYFLIAQ,-1.526920806,1
slay_3295,RTYY,-1.526670412,1
slay_3296,ELHHWNPAFVKLRSTWWGPIN,-1.526368183,1
slay_3297,FGDPGHLRCVAITKACNPFI,-1.525532428,1
slay_3298,VHYVNYGFSYVWIIRCDLPS,-1.525356568,1
slay_3299,SCPVLPLPLFGTLLNYVAEQ,-1.525073503,1
slay_3300,NANMNVFRIGTSLYNLTISH,-1.525046307,1
slay_3301,TCI,-1.524971831,1
slay_3302,QHVPTACQPASWPNVWFLFN,-1.524727984,1
slay_3303,CLFL,-1.524692719,1
slay_3304,PFNRAS,-1.524413665,1
slay_3305,DFSVQSNELSITLCFLIFFLN,-1.524114196,1
slay_3306,LYHCYLAR,-1.523653439,1
slay_3307,LTRRRPTFQSPRPANVTKTQ,-1.523169665,1
slay_3308,LRFSPVR,-1.523055669,1
slay_3309,DANTCIGDRYDSDADAISLV,-1.52303985,1
slay_3310,RICLRRVVISTPSTCSICLFN,-1.523010217,1
slay_3311,PVPSLCHIICDMPRLPQKDM,-1.522708484,1
slay_3312,TDFNSHSKLYGCVMRNTNSS,-1.522501347,1
slay_3313,SRNSGHPPAIFDHLILSYPA,-1.522324552,1
slay_3314,FHVRSTQTNMGFANRYDRFQ,-1.52206565,1
slay_3315,CPARPTTTNEEYMRYEYAPY,-1.521989206,1
slay_3316,PDVKILPNPENLRFCRWYYI,-1.521719713,1
slay_3317,SPPVCSQRHINYSLRESPLA,-1.52150115,1
slay_3318,YTTLPNRHQYRISFCSTYYS,-1.52148878,1
slay_3319,PINTYTSVQSRCPDLNLRAG,-1.521271323,1
slay_3320,HNVTRFTMSWNFSGTN,-1.521173885,1
slay_3321,FDCWRVPTTGCYAPLFTIIL,-1.520768121,1
slay_3322,TIGPLRVYSLTRFDYRVILY,-1.520555359,1
slay_3323,VSMRTHPLSSASVLTHSHFT,-1.520467001,1
slay_3324,PIAGLTTYRPILFKPDHNGK,-1.520428799,1
slay_3325,NNPNVRARRLPLPSALVIRSN,-1.520419076,1
slay_3326,YGLVYHKMCVAPKVAIHAD,-1.520230331,1
slay_3327,RNCPTPPNRATSWSLPMLNG,-1.520184694,1
slay_3328,TTSNGFYYDTHYTLLPGYYV,-1.51965598,1
slay_3329,LPHAANPRPHIANYMNINC,-1.519455786,1
slay_3330,HTLPHCPLMMMKIMYLNRNH,-1.519292026,1
slay_3331,SECTMYSKRFPTNIMLPSLI,-1.519256506,1
slay_3332,VFLAITSN,-1.519244155,1
slay_3334,PPFYLFLSLDTTTTPRPPTG,-1.518983245,1
slay_3335,LYFTTNPDQFQNSKKWIPRA,-1.518937485,1
slay_3336,CGPSYRTLPLFVAWCCS,-1.518782423,1
slay_3337,RNLYAVKRNTGPFHLSTHPH,-1.51856831,1
slay_3338,EIVLCTDIRDQSHPFQPGST,-1.51806891,1
slay_3339,KQGGRLFHFLIYLKRRFCAR,-1.517890549,1
slay_3340,WHDSLRCHSPLRVAKHWPRL,-1.517842174,1
slay_3341,IYDCN,-1.517627108,1
slay_3342,IYIRVFCLLIIRIR,-1.517503585,1
slay_3343,FWREDLLRQGTDLSTFYMIA,-1.517118193,1
slay_3344,THVFNLPDNLLYHCNSHFDS,-1.517103961,1
slay_3345,HDLYNVKKRD,-1.517102207,1
slay_3346,ACRPFVPCQPAILWCFATSY,-1.516133228,1
slay_3347,NSVIRPRHN,-1.516046663,1
slay_3348,PSRSPTSPDPFLKAILTNLV,-1.515843862,1
slay_3349,PALLTSPHSDLCHSVYYDLA,-1.5158372,1
slay_3350,LVLNRWSHPHSNPMRSYSRQ,-1.515395145,1
slay_3351,SLAKLHNFCTVLQSVICVRW,-1.515093449,1
slay_3352,SIPCPHLPRCPYPTGPSRGM,-1.515078624,1
slay_3353,RSYTLLYNTSEIQIKSVNIR,-1.515020041,1
slay_3354,DLDLICNRFAIVEMLVTTYA,-1.514908972,1
slay_3355,LKQLWRLIGLKLGYRARMYAN,-1.514686292,1
slay_3356,GRPTSTDRLYTHKLNSTTCI,-1.5145295,1
slay_3357,PFWLYSDHHWS,-1.514464573,1
slay_3358,PNTGTPATFHTDFEVNCAIL,-1.514446816,1
slay_3359,PAPALPHRLRRPCK,-1.514415716,1
slay_3360,WFGTTCWFCAIHLDVENPKT,-1.514230939,1
slay_3361,LHYCLIGLCKPPSPDTCIMK,-1.514157331,1
slay_3362,AQSPLLFALRAVFRAILGGLN,-1.51409692,1
slay_3363,FTRAQAQVTSYWH,-1.513906175,1
slay_3364,DPRHYDTPCIFDRDHSFILT,-1.513318807,1
slay_3365,TNFNDPTVPQHMNHPMAIKI,-1.513155253,1
slay_3366,DRNYNDSTH,-1.513121466,1
slay_3367,QSLVAVALLLLWTTFRACTFN,-1.512504404,1
slay_3368,RQETCISICCGL,-1.512135124,1
slay_3369,FARGQNQNPGNFTVLFMSKH,-1.512046692,1
slay_3370,PNQAALNNGLGGWQFRITVGN,-1.511949151,1
slay_3371,STRPLSIS,-1.511846127,1
slay_3372,STRADSCPPWLSPFCLFVLR,-1.511282564,1
slay_3373,FTNVA,-1.511239578,1
slay_3374,VYCQNPRHVYS,-1.51117387,1
slay_3375,ITSEDHGYSPHFIYYLVDSI,-1.511106709,1
slay_3376,PLSHTLPGHQRRASTNPWVH,-1.510853444,1
slay_3377,MGTNSPAALHNVEVFSILLV,-1.510797895,1
slay_3378,YNGSNLCIAMHNNCHINIYR,-1.510772896,1
slay_3379,APC,-1.510721854,1
slay_3380,TACARRAALYTHHL,-1.510653864,1
slay_3381,VDSWNFIASTYRPLNAGPPN,-1.510553723,1
slay_3382,IVWANLRRFLNLDNTVHRCM,-1.510316023,1
slay_3383,YCDIISTAYDKLRTFLMAVR,-1.510099519,1
slay_3384,TTREGPIRVNGLMHLIIDVY,-1.509667808,1
slay_3385,LVKLARFVCNVLRIVRCKCA,-1.509490357,1
slay_3386,TSPSVTPVEVHASLT,-1.509282293,1
slay_3387,KTTFRITSCVILQYAGVYLS,-1.509063445,1
slay_3388,CRQDNPSFYFHKITANTFSN,-1.508975734,1
slay_3389,PNCYAMRTTRNSTSSKSCTL,-1.508699454,1
slay_3390,CVNTGYARKNPLRACGPFPT,-1.508671406,1
slay_3391,SASLALYQRRNVTQRLRGWS,-1.508367836,1
slay_3392,FRSRHIGLTCR,-1.507970853,1
slay_3393,SLPAECNRLVGSKAFHTLVL,-1.507960059,1
slay_3394,SLDASSPHHLAAPGTFAYGS,-1.507704525,1
slay_3395,PYD,-1.507672083,1
slay_3396,VYCLRCLFRFYSCQLKSPHK,-1.507246193,1
slay_3398,HMTHLPTRPHLQYNGHSMNV,-1.506760778,1
slay_3400,AIPTMPTPRCRPFNLVIERT,-1.506321483,1
slay_3401,PLHHTILPPS,-1.506269293,1
slay_3402,QSI,-1.506238239,1
slay_3403,QARALCAM,-1.506170417,1
slay_3404,ALHHCFNYFSAHTWPDRWQK,-1.505901061,1
slay_3405,CHQGRPAHLN,-1.505870892,1
slay_3406,MIKP,-1.505618799,1
slay_3407,LCIFKLILVGMIPISRPWRTN,-1.505617999,1
slay_3408,PSDNLHLQILVPITTNYHSD,-1.505269694,1
slay_3409,RPY,-1.504873739,1
slay_3410,PYQSYPLYSRIKPIFINFCP,-1.504496976,1
slay_3411,HTQDLAHAPGYGRGYRRRWGL,-1.504315837,1
slay_3412,AVVKRSHRCKTGQRAPLL,-1.504002725,1
slay_3413,SV,-1.503535054,1
slay_3414,ATNGILHLQIKVTCPLTFGP,-1.503498478,1
slay_3415,PWLFDSFVSVIRWLRHRLGH,-1.503221548,1
slay_3416,PNPKIYNSTIRRTNFTVVSY,-1.503004912,1
slay_3418,FPLVI,-1.502855283,1
slay_3419,LPALVIHHHYNIILGGLGRL,-1.502754318,1
slay_3420,PNSPTSTLLPCLHNTWSIWP,-1.502565537,1
slay_3421,SVTCGSTAACRIHADNSHAP,-1.50224596,1
slay_3422,RLSAQTHSQTSANYRCRLNP,-1.501829588,1
slay_3423,LSNALPTILGYDSSTAGLAD,-1.501659819,1
slay_3424,HIRGRLCWITRSPSALMLPCN,-1.501486686,1
slay_3426,WLSCRVALNFDISRIFIRRY,-1.501322633,1
slay_3427,RNRRPMANSVSDPIGPSSNS,-1.500806432,1
slay_3428,NPWWFLLQPMYDCTGFHVYS,-1.500704906,1
slay_3429,PRSMGALRPSSVLRDGSH,-1.500643631,1
slay_3430,LFLDKGHM,-1.500640523,1
slay_3431,CPVL,-1.500634244,1
slay_3432,PPAHHDVAQDASCFVNVPGI,-1.500495338,1
slay_3433,SGPDLTTSCNDNFMNLYYAI,-1.500478949,1
slay_3434,SARLATRCPLPRAAPRLSRLN,-1.500192774,1
slay_3435,LRATQTPPLPHHLDELHYLA,-1.500028666,1
slay_3436,TSCDMPNDNTIGARAGSGISN,-1.499643492,1
slay_3437,MFNAYWWRF,-1.499516098,1
slay_3438,PAATTLLLRLKRMLSRLAIYY,-1.499322147,1
slay_3439,ATQSSNNPIYADVIPGNVVF,-1.499234823,1
slay_3440,SHLR,-1.498942137,1
slay_3441,LPRMCPYQAIPDSTYTYNYI,-1.498479968,1
slay_3442,RPRYIAASPSGPNETLMTNA,-1.498340904,1
slay_3443,HVFSQGVNNCSYSDGALGD,-1.498337889,1
slay_3444,GGVAYPPYVIGAFCYPVLPV,-1.498273129,1
slay_3445,PRFSAPSCGCANHPTWHGHM,-1.497906298,1
slay_3446,LHSDLCMVCYRINYSRFDYF,-1.497791254,1
slay_3447,TTAPQSH,-1.497765433,1
slay_3448,EPSRRAVVTTASGRIPIEKS,-1.497685976,1
slay_3449,KPDAMCSYQASVHDFSYCYL,-1.497607614,1
slay_3450,DYPNTYEFMPYNRWCYRAFM,-1.497499251,1
slay_3451,SQTP,-1.497369561,1
slay_3452,PSSALFSLGSNVGIPPDVPL,-1.497227098,1
slay_3453,TAYQLTNLVVGSNFFTLDSV,-1.497172626,1
slay_3454,CVTVAPQNNAYDDTYKYYPV,-1.496891824,1
slay_3455,CMFNLPFTIPLSNILLFVNN,-1.496862803,1
slay_3456,CLDDVHIGRAMPTWIAFTVH,-1.496710267,1
slay_3457,PWDKTPLFRIYYLGDTWTVS,-1.49666654,1
slay_3458,CS,-1.496401831,1
slay_3459,NTNCTNTPWPRIYTDYAGFL,-1.496239531,1
slay_3460,PGHFFYVPCIQIDTLNHSSR,-1.496222239,1
slay_3461,ALESPRRRCPPIFLQQEYEP,-1.49611255,1
slay_3462,ILKWLRTLFSTISTTRHGSS,-1.496025706,1
slay_3463,RAPLAFVLLLHKRGTTHRPD,-1.495977266,1
slay_3464,RMRCPTNLDYKSHDGLCHAF,-1.495856227,1
slay_3465,TYAIHRCLSFARHTLDNHTI,-1.495850525,1
slay_3466,RAARPSTEGFNGVNDSYMYR,-1.495569348,1
slay_3467,YSPSLFHFNRSRPRHPFSRTN,-1.495441761,1
slay_3468,FRQHCIPLIYLTDYDFHNKA,-1.49499601,1
slay_3469,ERFFLSYCGYTSRDVCFYPS,-1.494887058,1
slay_3470,PAGMLLATAFPNTSMWHYPH,-1.494780341,1
slay_3471,DCVVATTDRANKKIPLAYSH,-1.494752142,1
slay_3472,LDSYLKVYPPVTTKTDPMSR,-1.494746573,1
slay_3473,CLYHISDS,-1.494618543,1
slay_3474,AGPSPCQSWTTRSIISVRTSN,-1.494173842,1
slay_3475,HDSSMSRPWV,-1.494168328,1
slay_3476,LMRWSVRTHRSHPSHKRGPH,-1.494023941,1
slay_3477,NFLSNTRSSPPICFFVPNLG,-1.493578818,1
slay_3478,IHSITTFSYSDISLASPSTC,-1.493456032,1
slay_3479,LCRWFPSHGHTKAVFDHSNR,-1.49340779,1
slay_3480,PRSLLRANYDSIDTVYTSTA,-1.493058214,1
slay_3481,AVTVTCACHTYCYFQQDRHI,-1.492846735,1
slay_3482,SSCTFSN,-1.492648147,1
slay_3483,CGLTNDEARYCGSSFCSISTN,-1.492430113,1
slay_3484,PGSYVFAPLVLVWPILSVRT,-1.492131813,1
slay_3485,STMPGSTLHGHCHIFPVSSI,-1.492036923,1
slay_3486,PSLTPLCCPDDLKPRQVWLT,-1.491726188,1
slay_3487,NTNTLTFSHASDLDHTGTLY,-1.491706688,1
slay_3488,CKINNTTLDARYHPSNTVAN,-1.491679741,1
slay_3489,CRYAHCVSLFPNASFINQVV,-1.491591888,1
slay_3490,TGLARRAHLSHPLLVPSWIS,-1.49158143,1
slay_3491,WSPLDVILAGNHPHSGTLWI,-1.490995438,1
slay_3492,PYHRHFYPACPFSRGNWLMS,-1.490979073,1
slay_3493,PANIDGWPRRAYCVKSISDT,-1.490802985,1
slay_3494,HCCAKYQLSPSSDVCFYNRS,-1.490730592,1
slay_3495,TTPLSNWLDSVLDTPATTIR,-1.490676362,1
slay_3496,AIMPLLFFLFDGGVNTFRTI,-1.490633645,1
slay_3497,ASKCVRLTFALIVINVYKGN,-1.490317165,1
slay_3498,TNYLPGLQKSYVLHYATNIV,-1.49030681,1
slay_3499,YDSFWTYRNNMTGIRVCLSS,-1.489946852,1
slay_3500,IPSYLNFFLAPHCYYTTHFL,-1.489908316,1
slay_3501,SANDFNGYPTGIVQYIFCRP,-1.489524684,1
slay_3502,RCAHTARFPELTVSTPEMETY,-1.489457167,1
slay_3503,TTRCGSHNSNPYIALPQLNI,-1.488973329,1
slay_3504,MSNYITRYQNLGTLWSPDNV,-1.488814869,1
slay_3505,SSFDKPYVYSLLLGIPYTCY,-1.488671851,1
slay_3506,IACFLDPGAHFPMMDQNTNL,-1.488541799,1
slay_3507,SCQAPPPNIWTRYVLTASIL,-1.488482952,1
slay_3508,YPACCQMPTSNTWCPLWKAF,-1.488133815,1
slay_3509,TTPSSYSPWRRWLHFFS,-1.488087357,1
slay_3510,SHVTGIPNTGHPSRSALANV,-1.488044351,1
slay_3511,IPWSPHPNASKGACICARHA,-1.488032651,1
slay_3512,HVPT,-1.487120748,1
slay_3513,LRSTMTGSETLAVTHLSKSTC,-1.486196741,1
slay_3514,HPPTLCRAHKRYNRS,-1.485724228,1
slay_3515,FWCVPPFSLNLHRALYYWSL,-1.485117201,1
slay_3516,PLCALLKILVYYRINHCKRT,-1.485089269,1
slay_3517,APVHSVADVAYLSCFVLEPQ,-1.48486609,1
slay_3518,RYTGHAWSAQNKFNLMYVVL,-1.484658312,1
slay_3519,LSIESSVM,-1.48443237,1
slay_3521,HATNSYVLNESWPYSSH,-1.483655655,1
slay_3522,CTAQNFKYL,-1.483477583,1
slay_3523,FVFSLVVSTPVLSICISILPN,-1.483410189,1
slay_3524,NRLATHTSFLPVSLRPGRGC,-1.48303792,1
slay_3525,CRPLEWKQPFQVYGL,-1.482869438,1
slay_3526,QNLYLLSIPTTYFFVSSMLW,-1.48276807,1
slay_3527,HCFWDRYFFNAPTYLHVRNV,-1.482583522,1
slay_3528,ARTTRNYDLFRRI,-1.482299041,1
slay_3530,LSLYYQTTSVLVVTYTTKIH,-1.482117576,1
slay_3531,GCTRTGTIPYYLYAAYTMSN,-1.481938771,1
slay_3532,SRRCITVPTQ,-1.481561212,1
slay_3533,SNLVPCHTISPNNTYITTAL,-1.481225221,1
slay_3534,GGRCTYPPSLGSTPVITSII,-1.48121905,1
slay_3535,SNSIGKLSAVDSSCSYCISSN,-1.481034638,1
slay_3536,NAGHGPCGVKHLI,-1.48061603,1
slay_3537,PLSPFTSHSSSTKRAHGAE,-1.480126465,1
slay_3538,SVTPIYSPHPDYTST,-1.479992829,1
slay_3539,LGGVDSKIFTNYFQYC,-1.479801598,1
slay_3540,CIGPKRCLPEDYKSRRPMCPN,-1.479619659,1
slay_3541,GPRLSAFTNWYLLYIRPVID,-1.479448779,1
slay_3542,TDADGGSWLPFQRHPHNDEQ,-1.479319691,1
slay_3543,NGDPSQFSNPAHFIAVYSDT,-1.479106652,1
slay_3544,VACFKRSNPAYALVSLMSALN,-1.478946508,1
slay_3545,PYPYCGSGANMDFARCHFCH,-1.478606908,1
slay_3546,YAPCATFNLQPFPVITT,-1.478512443,1
slay_3547,PTLQAQSHSNKS,-1.47825385,1
slay_3548,GARPSSTRSGLLPSRIFLGFN,-1.478172934,1
slay_3549,TYATTTNIIGHLRFGLWYTG,-1.478105858,1
slay_3550,PNSFSIVYCGNTDLKYRTNS,-1.477711382,1
slay_3551,TVNRVTFLSHLDPRLTPYRR,-1.477574601,1
slay_3552,LKSHTGLPVSTHVSMLNYIN,-1.477453337,1
slay_3553,CAGSHILGTRSPRRCCRGLIN,-1.47685257,1
slay_3554,PKTASCVALPAILPRLAWVGN,-1.476672158,1
slay_3555,LRIPNCSIAFNFHIHKRVMQ,-1.476405361,1
slay_3556,PSTISPIPKVLLHKTSLTDI,-1.476361134,1
slay_3557,YTFDQHYLYLNCLRTGLSTIN,-1.476232562,1
slay_3558,RTFPSWRRSSPISWPYRYTT,-1.476211409,1
slay_3559,HSPHFDALYNMYIFVSGSLF,-1.476139206,1
slay_3560,DDGFGSKITFV,-1.476083104,1
slay_3561,SLGRFCPVVELPYLIAHGRR,-1.475949798,1
slay_3562,PYVPHNPPNAAILALPFSSN,-1.475811017,1
slay_3563,TCVFQPTNPPSMPYTIIQTT,-1.475655663,1
slay_3564,PTGLRTLLSYSWLRDDLRRS,-1.475607777,1
slay_3565,CYTPDYGRPPQTLPLTTFLF,-1.475424081,1
slay_3566,TQGTRTTYPASPCPDKWHTT,-1.475358778,1
slay_3567,FYTLRTVAARNNLPFRLVRGN,-1.474935978,1
slay_3568,HNRCRALCNFA,-1.474909413,1
slay_3569,CWTEDPMFPPYRVNWINRPE,-1.474845089,1
slay_3570,NRFQLAIAYALFTTTTLIHP,-1.474420649,1
slay_3571,HMKVARHKMPNHPSFFNHDSY,-1.474270402,1
slay_3572,SLVPKFNNFSICMSLPPSIIN,-1.474139436,1
slay_3573,ASNSDASLMPDCPGHIHAHG,-1.473694953,1
slay_3574,FTIMVTITVVFSYWDTTPNP,-1.47366151,1
slay_3575,NMSIMRHKSLR,-1.473625002,1
slay_3576,PPHRSFLPLWYTLYADWPYH,-1.473411538,1
slay_3578,PRVRLSPHTDCKNDVCLIAV,-1.47310834,1
slay_3579,SPCAICLWWLNLFIATNRKT,-1.472693059,1
slay_3580,TYTNWHHWTPFILYQACRAS,-1.472431683,1
slay_3581,PKFATPTCNHIVRAVIAINY,-1.472144458,1
slay_3582,DHVQVAWRPVTDSAHSRGAH,-1.472114869,1
slay_3583,LCDTLVFPMTNDPLYTRARLN,-1.472009743,1
slay_3584,SRNLHESDYTCSYPTPGNGA,-1.471846317,1
slay_3585,PSKPCAAYYTTKNWSAHTGS,-1.471613079,1
slay_3586,TTPYWRIKSLHQTSL,-1.471586333,1
slay_3587,GGSFVVGLLTRQDTKLFQHS,-1.47151149,1
slay_3588,FMFG,-1.471431599,1
slay_3589,RSTHPTSSLYQNADRIDTAT,-1.47125193,1
slay_3590,DNQDATINIYRAFIFRLINLT,-1.471161761,1
slay_3591,RAPCSHRTGGFLPSR,-1.471099321,1
slay_3592,PEAGSVQIHNFEVLPCHFLV,-1.471059601,1
slay_3593,CYHSFSLAYTLAPSTLAMQV,-1.47080556,1
slay_3594,FIPINPSVPGLRTTANSSLS,-1.470717596,1
slay_3595,QTPPKNHIIAADIRRIYLNR,-1.470600987,1
slay_3596,RMCFGAD,-1.469941684,1
slay_3597,SPFQQLYDCIRMRQ,-1.469878234,1
slay_3598,ANDSRVALTDRLVSQCHNDP,-1.469839753,1
slay_3599,CVPNPVGRR,-1.469565306,1
slay_3600,RPRTHINILIAASRHPFVAW,-1.468986038,1
slay_3601,DSITDHAPPSKDLIIWVYSV,-1.46896995,1
slay_3602,CCPVPHHIVTPYNAIFRCQY,-1.46866059,1
slay_3603,CHCTMITTHLTPLLLR,-1.467898405,1
slay_3604,TPCWALSNDVMNGYYYKSPLT,-1.467863358,1
slay_3605,TPTWAPCLSRIG,-1.467776197,1
slay_3606,YHLNSALTCLSYYRNSTIWA,-1.467410024,1
slay_3607,CVTINTNSSSLGL,-1.467393815,1
slay_3608,SGAQYYPL,-1.467330468,1
slay_3609,RALSTILRLISRIVEAQPTP,-1.467122582,1
slay_3610,LTMNS,-1.466831782,1
slay_3611,CYPWAYPMPCVCYALSYTYS,-1.466813285,1
slay_3612,PNLPNGCQTLYYLISAYTPF,-1.466626953,1
slay_3613,RFLHIMSYLPMLFHILKIIR,-1.466618097,1
slay_3615,LLYPKPTGMPIFSSVHYVSH,-1.466389932,1
slay_3616,NSTPPRSPVRRVCSAYAYLY,-1.466375422,1
slay_3617,ISDRTYLNDFLT,-1.466057161,1
slay_3618,RCILFRS,-1.466036195,1
slay_3619,SGLYNVIIFFPMGHDDTKAE,-1.466031055,1
slay_3620,YTQNYICGPTLNYLPKDYIH,-1.465860964,1
slay_3621,HASLVVFRTMTSAALNANHA,-1.46570709,1
slay_3622,LPSNTMEIMNLGSMSLTYIT,-1.465706392,1
slay_3623,TASY,-1.465365528,1
slay_3624,TSPISRAHIIRLYHCTFLKA,-1.465142256,1
slay_3625,QPTSSPTAWGSRAKATARFV,-1.465091185,1
slay_3626,RFYPLRDASCSNPYAYLVNN,-1.46506336,1
slay_3627,LVFFSFVFVRFFRVERTNHA,-1.46492847,1
slay_3628,APAEHEVQHDPHHDSSITSA,-1.464895297,1
slay_3629,FNLNWHGPL,-1.464808619,1
slay_3630,LMGYTNFSAHVQYN,-1.464690549,1
slay_3631,WCSADPRAD,-1.464662931,1
slay_3632,ARPPYWLESSVHGLRLTHLP,-1.464555047,1
slay_3633,TSSSLMRILSIIWLLAIMRCN,-1.464541063,1
slay_3634,SQRGLANPSHSVNACNDGVTE,-1.464477961,1
slay_3635,PTLAENGNGEEETGFSRCVG,-1.464242315,1
slay_3636,YCSPGFYGVSPRMYIHAINS,-1.463903532,1
slay_3637,PSSCIELRVYLIIRLKICRY,-1.463803984,1
slay_3638,PCMCAN,-1.463704772,1
slay_3639,VTADSSMLKGDFESLTIILL,-1.463646326,1
slay_3640,PILDNFHRANTVRVYGLNDI,-1.463312567,1
slay_3641,VPYHAILSALVNRLLRRLVH,-1.462854505,1
slay_3642,SSVPDLDDNPLLHSPISLSK,-1.462837766,1
slay_3643,LRLGCISGAFVVPYPTTDNM,-1.46281624,1
slay_3644,RLRFFLGAW,-1.462386634,1
slay_3645,PRRSPQVLEDSRR,-1.462144144,1
slay_3646,TSINEFNKWFTVKSNTITNL,-1.461732383,1
slay_3647,FSDVLWRPPTWVSHSDPTFF,-1.461728628,1
slay_3649,PTWQDWITTLQYEYHSFPNL,-1.461485285,1
slay_3650,SPPSSLTTCFIVALSCVRLPN,-1.46140584,1
slay_3651,PLPQGGDPSYKCRFNYFNYA,-1.461220761,1
slay_3652,APPVACRDFGHLDILNCTRT,-1.460906858,1
slay_3653,RLSLYLEPVPVYAL,-1.460728958,1
slay_3654,PNAGECYAQSHSNFTLGPEF,-1.460458856,1
slay_3655,FIPLIYYITSLH,-1.460307992,1
slay_3656,IYSHWTARRSLCTVDPTNTM,-1.460233504,1
slay_3657,HHSMDQIPPEAGQDPFDTNW,-1.460203105,1
slay_3658,TSGTHGMRDAADAYIQLNAW,-1.460063213,1
slay_3659,LHRFSKNRASLLCIIGLFPF,-1.460037344,1
slay_3660,DY,-1.459862201,1
slay_3661,VYPVLPWILYILVVSLL,-1.459856199,1
slay_3662,CDVATVIAAPLTVLRLTMVTN,-1.459532502,1
slay_3663,QLPKIIRPNNIRAGARCITC,-1.459419639,1
slay_3664,HHTTPIPDVSSSVMPINARY,-1.459340039,1
slay_3665,QRHSAPLAFASGPWPVIPTGN,-1.459214981,1
slay_3666,PSKRRFVLRLVLCVHSSRFD,-1.458946685,1
slay_3667,FDRWHGNIHSNYFNTMLPLY,-1.458777532,1
slay_3668,GRTSAWSMATRLGHVYNSAT,-1.458593858,1
slay_3669,IDGCRSLSNRCRTRH,-1.458432654,1
slay_3670,LFPFPYRCYYRDFADNSWVN,-1.458171273,1
slay_3671,CGVNIPLMLKCHDYRLPTPD,-1.457720739,1
slay_3672,TDFLMVNNGIRGAA,-1.457630723,1
slay_3673,FSRRLFNRFLFLFALRGYGN,-1.457280498,1
slay_3674,YSSPIFILHLDDKWSTPPLS,-1.45699222,1
slay_3675,DHPHVGRPSSILKICCYEEE,-1.456900182,1
slay_3676,YVVSGLLIGNLPGTNDLYRG,-1.456586848,1
slay_3677,ISFIIGNCVRCDYHVMSSAL,-1.456415575,1
slay_3678,GSYTFSHRSNPTTFCLALHT,-1.456375647,1
slay_3679,ASGLRHPRPRAPTTFTPDSK,-1.456264334,1
slay_3680,SFPATCRLLARVCSAPLFITN,-1.455968393,1
slay_3681,GHMINYNTYSIINYRAWCGM,-1.455918248,1
slay_3682,VSHADSTHYGPTDDDCTSTV,-1.455910663,1
slay_3683,CRPFRWIMRRIIPARLRTIN,-1.455746297,1
slay_3684,RRCIPAILS,-1.455538975,1
slay_3685,SIFRGSAGCELTMPAPDLLQ,-1.455460778,1
slay_3686,LTWTYVSGHIYSMALNGICP,-1.455434686,1
slay_3687,SGLTLKGPHHTDDLTSS,-1.455339879,1
slay_3688,MSYVYYLA,-1.455316416,1
slay_3689,PVKSASVQAVDLVRTEVDRC,-1.454753542,1
slay_3690,PIANEDHRRIAMSMPFAISRN,-1.454706367,1
slay_3691,DSVTPSLLTHGIGTRLHTIPN,-1.454644235,1
slay_3692,GSLPGHVRNTRIIATGRNRN,-1.454632685,1
slay_3693,VDPSDTHGSLPNAHIICHLL,-1.454554551,1
slay_3694,LHSLCIPHWYANAYSNLHLV,-1.454373412,1
slay_3695,PNNKMCYVFHSLNRHHIGLS,-1.454092407,1
slay_3696,DIHTLILLLVPCPLRRSTLLN,-1.454054738,1
slay_3697,PDFVTHCRVYRHCCKRSILS,-1.45386595,1
slay_3698,LTQTLPEPDPRDTR,-1.45377356,1
slay_3699,QAGVCCTWRPPLPLPSPDRSL,-1.453689613,1
slay_3700,SLYHSQPCSGTISISVYYTP,-1.45365571,1
slay_3701,IVMLGISMAPNVPKKSNISI,-1.453597824,1
slay_3702,SSPIVPRDGFCKNKADANNH,-1.453490378,1
slay_3703,HVPRNSMSLALNLLVSYCTY,-1.453400721,1
slay_3704,RSCTNLTY,-1.453118998,1
slay_3705,SPVGMC,-1.45311041,1
slay_3706,LGTLGFAYYCSCTFHFSLYR,-1.45293119,1
slay_3707,SPWTQCTLVTFRLYED,-1.452821245,1
slay_3708,PAIYTFY,-1.452813927,1
slay_3710,PVWITSLNRPTESFPRAVPN,-1.452622696,1
slay_3711,PYMNPVLTAYDGRPSYPLVP,-1.452451608,1
slay_3712,ACIPTLSTRNDLRPPSPNMT,-1.452027991,1
slay_3713,VKIYTRLNHCHPALCCGPWAW,-1.452020963,1
slay_3714,TVFYPPCHFDRCLARRPFAR,-1.451655095,1
slay_3715,RSRSY,-1.451623654,1
slay_3716,LIAHCTNSGNFPKHAM,-1.451564672,1
slay_3717,CFPDCWMR,-1.451457375,1
slay_3718,YRDYNVHFTLRSHNRRVGHR,-1.451405888,1
slay_3719,LRDLNCTLPYFLIRVSPDVL,-1.451336449,1
slay_3720,PSRCPSHRFNCAPSLNMLST,-1.45050785,1
slay_3721,QPDDYLFLLLANPLSGDPMF,-1.450277761,1
slay_3722,QNAEPLLPTACGSNTYSTMD,-1.450031858,1
slay_3723,RRPDALGPSYSVPRFTLIRL,-1.449489641,1
slay_3724,PRLWLLHCILYITSRIRLRHN,-1.448916034,1
slay_3725,TSFANSHRPLYILPMICTASN,-1.448864126,1
slay_3726,SGARVSFLYW,-1.448862991,1
slay_3727,NRCSRPFPVPFVDWYMPINL,-1.448835597,1
slay_3728,CKHTHPNHRDHRLTCSSCNQ,-1.448822031,1
slay_3729,VHPFHFKNHIDMHTFVPHVN,-1.448439954,1
slay_3730,HYFLLPRPMTLWRTFLYAKG,-1.448293619,1
slay_3731,PLWPCSQYPNCNDVLSPGGY,-1.447971816,1
slay_3732,PMALSAWH,-1.44762556,1
slay_3733,LCPSSAL,-1.446917107,1
slay_3734,LNPGPPATGPPFTSIKIDSV,-1.446698542,1
slay_3735,PPVHVCSLLF,-1.446616423,1
slay_3736,LSGCLSTTYWHCYCPIFNSI,-1.446604182,1
slay_3737,DTVIPRFSWCPSLLYYLPTY,-1.446353761,1
slay_3738,YRALNCDRRNRLYNSKKEVS,-1.446280591,1
slay_3739,LVKRCSQRSYHLVYPPHTTP,-1.446200922,1
slay_3740,MSLTSACVWAHDDQGRDSFL,-1.446082382,1
slay_3741,VGSAICARARRTAVPHAVSHL,-1.446051923,1
slay_3742,YSDYNNCPTSDHILVRYGTN,-1.445789866,1
slay_3743,TRNSTCTGRYILL,-1.445753625,1
slay_3744,RPVPHPNGHCFSTCLITQAH,-1.445576457,1
slay_3745,CSVAPNFDIILDPINDNSYF,-1.445375556,1
slay_3746,TALSPVSCPILYVTAYNHP,-1.44531745,1
slay_3747,PGIEPTDVIPSHSHVSFYTR,-1.445127691,1
slay_3748,NFNDRFIHECCSYCHWLGSW,-1.444979637,1
slay_3749,TFISHMA,-1.444928308,1
slay_3750,HINTSRFEIAWCSLRNPSVS,-1.444806369,1
slay_3751,FRIAGTRPTWTTLPSN,-1.444432327,1
slay_3752,RAVADALLPPAHTSVYVSSV,-1.444224427,1
slay_3753,GNKMHYLNILDDLPNSMF,-1.443848101,1
slay_3754,AC,-1.44349157,1
slay_3755,CPLPLFRTLPMYSVPRISLT,-1.443293837,1
slay_3757,PYRAPCPYFYISALRSGSPN,-1.443117935,1
slay_3758,CRFITPTYTLVYNDSDNYDI,-1.443064222,1
slay_3759,AVNPPPSELDCIIIPLPPRA,-1.442997199,1
slay_3760,GHPVILQARNGHIRPKLFRN,-1.442881393,1
slay_3761,VTNLLSDTDRINMRHVHVLH,-1.442814874,1
slay_3762,SVYPSPSPHELPSFNTLLAP,-1.442514638,1
slay_3763,SFRHYHGTVACLHWTYANGP,-1.442140509,1
slay_3764,AVCPARIRRSIQDVLTNTTN,-1.442110382,1
slay_3765,RALQELVYPKCIPLTHSFFL,-1.442081297,1
slay_3766,SRYLVSPFFMRHRATLSPNA,-1.442017017,1
slay_3767,LPATRSLMFVNLFFYSIHNF,-1.441695777,1
slay_3768,ALPCPWSTISCNKAYHPSFI,-1.441681024,1
slay_3769,SSSETIPHSQYSPYRFIVWT,-1.441655643,1
slay_3770,IITKVNMVDNNCIGCPLFNT,-1.441517834,1
slay_3771,LIRDAPRKIASWISDFLCSP,-1.441465619,1
slay_3772,VGRLTDS,-1.441214066,1
slay_3774,SSSHVGLSVAPSNNTNDGQS,-1.440974919,1
slay_3775,TLLNVISNVLTSLLFICALFN,-1.440917677,1
slay_3776,IKNCTPSGRKMWSPASVSGI,-1.440842866,1
slay_3777,GVPLLPPLCCLIPNCLPAFI,-1.440779369,1
slay_3778,PLSTALYVLYAYSVSLSYSM,-1.440622482,1
slay_3779,LPVDSSPPFVSCLYYHNYC,-1.440583166,1
slay_3780,NASPNGANVRMPTLVLWSHR,-1.440306239,1
slay_3781,FTKCSVVH,-1.440023137,1
slay_3783,SGNCNSLEVDNPRLYLIESI,-1.439756887,1
slay_3784,NGCIRLRRPPTNMTTPIITPN,-1.439645619,1
slay_3786,AKGPCRTIPIACVILRLIMI,-1.438520839,1
slay_3787,RGPRTLPIPITDIELFTACL,-1.438186545,1
slay_3788,NTWQACAQLGIQESFRCSLS,-1.438185419,1
slay_3789,DHQTHYCTRNCTFVKQVLSY,-1.437684805,1
slay_3790,YCPPTPHPCRLFPVPNTYAH,-1.437678492,1
slay_3791,PTYDIISMGGHTNTDCIHDG,-1.437562663,1
slay_3792,AQNNHRMPRPERRDRMGLSC,-1.437517152,1
slay_3793,LPTARNLYGFLKAICNNSTY,-1.437180567,1
slay_3794,HKSPTDPVQNTPTRFTTDCP,-1.436956988,1
slay_3795,DALQQDHALGHNAE,-1.436779266,1
slay_3796,SRRIAFDHPDRN,-1.436489944,1
slay_3797,PYYSCWEPWWALARSAPR,-1.436327827,1
slay_3798,TSFKLI,-1.436163428,1
slay_3799,IKQSHMALYISTDRRASCQW,-1.435818488,1
slay_3800,FPGGSPQTGGSHSVTGQLHR,-1.435779141,1
slay_3801,RHEHFDFPCVDYLIYLTDFA,-1.435748579,1
slay_3802,GMPGAPLYWNVKIIPLIWAY,-1.435526221,1
slay_3803,FGYSCSELPLYMDAAMTYTK,-1.435486929,1
slay_3804,PRSTYYNYHPFSSATIIYSL,-1.435308014,1
slay_3805,YLEWIYCWSLLGIYPQS,-1.435201592,1
slay_3806,LTVDNPVSAAHLHCDLSRIL,-1.435187183,1
slay_3807,SHALVLNCTSLLTFAQQWFK,-1.435063789,1
slay_3808,ARFLRTESCPCKFTNLHLSL,-1.435014024,1
slay_3809,HMPCRAPYQDSIPSRIETNY,-1.434812856,1
slay_3810,HPQNRSTNVPRSYNFYSGRT,-1.43479167,1
slay_3811,RCRPTGLLPRLLPGIFRNHY,-1.43449497,1
slay_3812,CIYTSASGWRCHRQ,-1.434098299,1
slay_3813,PVNDSLGVPTTHADPTVGFY,-1.433982084,1
slay_3814,PRNKHPGYHFHFRTPILTGV,-1.433824693,1
slay_3815,QPLVLPGTPHTSHNVNIFCR,-1.433657067,1
slay_3816,AWYDFARAVHTNKHVNLLFT,-1.433537013,1
slay_3817,RHRSGWPCFGYNYFARHSMN,-1.433462904,1
slay_3818,GFELSSPL,-1.433275805,1
slay_3819,HEPAHGPTMYKFMMNTVARY,-1.433099818,1
slay_3820,ICCLRNSTKIRPKIIHHNQG,-1.432981552,1
slay_3821,SHTPGNCWLISYHSMDPNTT,-1.432789543,1
slay_3822,GFHLRPAVGGGYNLTNTDST,-1.431933471,1
slay_3823,FTSPPCVPLYDPYAWQQISM,-1.431744608,1
slay_3824,ADRVLPRYAHTSIAHPGRVG,-1.431699489,1
slay_3825,FYTLNCIDPMRGFFVPGLLVN,-1.431672139,1
slay_3826,TNCRTTRRIDNHYSTRLPSW,-1.431580581,1
slay_3827,NTCFTEPYHTDTKRNSHGEN,-1.431574505,1
slay_3828,PAFHPCSLLYPTITMLDRKL,-1.431470711,1
slay_3829,GVGCDELDIATS,-1.431447118,1
slay_3830,RGSTRRPNARPLRPNNPAPT,-1.431409417,1
slay_3831,QPIKYDVSTVLLSYYDYNKA,-1.431198479,1
slay_3832,FSFYLDPPCYLPMNLYHHNY,-1.431164189,1
slay_3833,HQFSCQTGSIDRPRGR,-1.431104902,1
slay_3834,LPSPHEKPVPASIQYTCTPL,-1.431020627,1
slay_3835,GMSLQCCPMIFAPSEYPYIY,-1.430987437,1
slay_3836,PGLSNNYAPNAIHTSPSKTI,-1.430981336,1
slay_3837,PKYFLTYPKPARHMFLRICS,-1.430867309,1
slay_3838,TSCSRACP,-1.430854889,1
slay_3839,YHGRLSPVSFNRNA,-1.430704806,1
slay_3840,NTPSYDSQDPTSSFCHQLRT,-1.430428825,1
slay_3841,TTLDTDDNFQL,-1.430230429,1
slay_3842,FNDHYCP,-1.430008956,1
slay_3843,GTHTPFLHPIFDPCGDLSPH,-1.429868874,1
slay_3844,SPAFVCHALSRSDFRLP,-1.429763952,1
slay_3845,PTTMACSWI,-1.429679184,1
slay_3846,FRGTQIMW,-1.429566825,1
slay_3847,HQVIVHASLSLCLNTVMLVC,-1.429329892,1
slay_3848,GTHNHSSACYHCLYRRSNHC,-1.429283072,1
slay_3849,QCSNTFLPYRIADRWGDNSY,-1.429181557,1
slay_3850,RQPMWRSLQVYPAYAPFVTS,-1.429176376,1
slay_3851,NYHQYPSFTTSSTKHVNSAM,-1.428908394,1
slay_3852,PSRFCVTYRPKHVLSTTMVY,-1.428456878,1
slay_3853,HIPNIYNNPISRWVGLVTIVN,-1.428404763,1
slay_3854,PSVLLFQHSLDQ,-1.428388958,1
slay_3855,SNQTFINLHPGNGYFSLSNR,-1.428187301,1
slay_3856,NIFVIVPW,-1.428126049,1
slay_3857,LTRTSVRTISTFRRRTN,-1.427772969,1
slay_3858,TSSQHTPPIPEVIPAGYHNY,-1.427639445,1
slay_3859,PAFMSTPNLQLRFRHTLS,-1.427476126,1
slay_3860,LLQLIDLTFMLTVRNARSKN,-1.427374977,1
slay_3861,LHPTHNLNSEPRYIPLYITT,-1.427286095,1
slay_3862,LLTHTFHNGYYDETSDVAYG,-1.427190584,1
slay_3863,SSPLKIRSNVWG,-1.427107597,1
slay_3864,SSYRPRPITPPTGAWIAQCH,-1.427049316,1
slay_3865,SIYYQTHICV,-1.427022354,1
slay_3866,LLAADRSMEISVSAPDMNLT,-1.426661078,1
slay_3867,AAAYFNEYRRIPRYGSDACF,-1.426618428,1
slay_3868,IDITARPNTTVNRYHESLTP,-1.426489838,1
slay_3869,RLIIVATNSGLVNTRRLHVH,-1.426390425,1
slay_3870,SGTRCCACHCNPALPRMQYI,-1.426071517,1
slay_3871,VNCASSIFSITFRLMIRITLN,-1.425912525,1
slay_3872,PRLHTSHICTILHHAPWSCH,-1.425885108,1
slay_3873,RPLCVPWSSCFPIYSPYCMF,-1.42562871,1
slay_3874,LASAVDPYKCYSTLGNNHSR,-1.425623957,1
slay_3875,SPETLPPSSSFRDSCRASCS,-1.425587671,1
slay_3876,ITNSLYPATYTIATPFPVRV,-1.425554062,1
slay_3877,AWGQPLYHARTSYDCWAHSA,-1.425424412,1
slay_3878,RGHPTATDSVGNKISIIVALN,-1.425371868,1
slay_3879,RPSSPSVDAAWTRCPTYRSF,-1.425358576,1
slay_3880,QILYCNKTHDHDQCLT,-1.425267523,1
slay_3881,HSS,-1.424933935,1
slay_3882,SVLCPTSCPTTAMMPTNWYS,-1.42491175,1
slay_3883,RAICYDDLTAPVLLVYYPCM,-1.424906642,1
slay_3885,LLFCTNGSLQPSSGAPIFTC,-1.424704322,1
slay_3886,KSFMAVPLSRRATSHTW,-1.424233997,1
slay_3887,RHHHTSAHDISDGRRSHGID,-1.424016056,1
slay_3888,CCKPRRNRNYPYVLNHDHFI,-1.423820606,1
slay_3889,DTPFCDHSITSYGLLPTPYL,-1.423817776,1
slay_3890,IFNICVSPPLYGWINHQIIT,-1.423599665,1
slay_3891,PRSAPTLWGPNDGHCRPAQS,-1.423570725,1
slay_3892,FAVTEFTYAMLYAKNLDQNV,-1.423470038,1
slay_3893,CSVPPTYDTYIYSIRSLSFL,-1.423439608,1
slay_3894,LGLLSNSNYLELLYCFMGRN,-1.423407586,1
slay_3895,MTRHSSRPKLLH,-1.423368037,1
slay_3896,RCPYPFRLTCPCHYIVNKTD,-1.42334345,1
slay_3897,SSARDSSVNNV,-1.423325331,1
slay_3898,LHYESMCPATSNP,-1.423324882,1
slay_3900,AAGTSGFYYFCCAFQFKDRS,-1.422998784,1
slay_3901,CHIGEVADGSLFQNNNRNIH,-1.42286666,1
slay_3902,GTTRVHVTSNTDPVLS,-1.42253648,1
slay_3903,PSGCTSNFNWTLIAAPLFNH,-1.422328834,1
slay_3904,PNSNSLTRYSTTTTHLFCFR,-1.421967075,1
slay_3905,SFIVLPNFCYDLASAWPMLG,-1.421964576,1
slay_3906,RLRASIANFTTKLCSSSNSL,-1.421619817,1
slay_3907,RYRVSTTVSFFD,-1.421609465,1
slay_3908,STPITYHCRIRIQFDMRLRIY,-1.421488777,1
slay_3909,WGNGCLHSSFRRVREGE,-1.421377031,1
slay_3910,CSTYMIYQYANKTHIYGAYS,-1.421298402,1
slay_3911,PFPCFNIFPRSYGCCDSIYR,-1.421082099,1
slay_3912,SAPGAGGRVTALF,-1.421056524,1
slay_3913,PSGAALWGVQSSATSPPILC,-1.421047702,1
slay_3914,NPNSLYSAHILTNSRPSEIT,-1.420824222,1
slay_3915,RRTCVPVYHVS,-1.420612086,1
slay_3916,PGLLANGPFSYGVLALMPFFY,-1.420584323,1
slay_3917,HPRNSGKAQYSSGLTSPSQP,-1.420440339,1
slay_3918,ALAFSHRHTTPGSVDAVPAS,-1.42031303,1
slay_3919,NPVCSPVTVVATWSPSLRTPN,-1.420292801,1
slay_3920,VALTHRPPLLLDIDINRSGI,-1.420242856,1
slay_3921,GVGTTTHVYLSEYSATALAD,-1.420172593,1
slay_3922,LFAVDLNGPNPCSYSSHPMV,-1.420153544,1
slay_3923,QRIPKASHIPHTRGVILPAY,-1.419973165,1
slay_3924,MVLMNPIVEICPSVAMSQLE,-1.419938913,1
slay_3925,RVARILHGLNIRFMRKSKPD,-1.419914576,1
slay_3926,TGIKFTDHFGSSGQNPFACV,-1.419574887,1
slay_3927,MDPLWADSMLL,-1.419424066,1
slay_3928,PSL,-1.419398016,1
slay_3929,PDVAASAHTIPFPCGTIELL,-1.419391645,1
slay_3930,CMRYLLVDRTDASPSHNFNY,-1.419229925,1
slay_3931,PAGVHYHCMTAFGDI,-1.419084695,1
slay_3932,TFETCPQEHSYISSSAPDTS,-1.419021636,1
slay_3933,DWLRCGHNCNACPFQLWERS,-1.418975714,1
slay_3934,ETFIPSSTALPDHASYHLHL,-1.418963437,1
slay_3935,LQDFTFSTPLSSQLLSYDGR,-1.418870885,1
slay_3936,HAVSNAGPRIPGYLVPIVCD,-1.418841123,1
slay_3937,DFYMV,-1.418832675,1
slay_3938,EEATSVSLLLPYRNTYPDAC,-1.418669046,1
slay_3939,PNNHWPTLFPASRFGPCYAF,-1.41865774,1
slay_3940,MSPRPWFPLTVLYLTYFEDT,-1.41818109,1
slay_3941,AMRDVGGLFSRILRSILRLIN,-1.417913925,1
slay_3942,ENVEVPFSYGMRATDDGLVH,-1.417834046,1
slay_3943,DATRNPRLSIQTNA,-1.417612218,1
slay_3944,FPCNNRNPPLRWILCRVFLRN,-1.41717215,1
slay_3945,GVYKVAE,-1.416880141,1
slay_3946,LVGANFSETCPLND,-1.416707573,1
slay_3948,GSYYHDMSFRHPNPPTG,-1.415972272,1
slay_3949,HRSHNSTVYSYVRNRYIPTG,-1.415750524,1
slay_3950,VEIPASRLLPHRPGHHHSIY,-1.415673197,1
slay_3951,TDNTSHNAGSRKNIQFHGESL,-1.415505961,1
slay_3952,LLNQFSTDAHRRLHWLSYSK,-1.415406638,1
slay_3953,SPSADTNLLLHTETEHAYYS,-1.4153005,1
slay_3954,PKHQAPILAVLSARVVAWAIN,-1.41505128,1
slay_3955,CRMTITSGASCP,-1.415031711,1
slay_3956,LTRAPHAASHCFNTLNSLDA,-1.414965538,1
slay_3957,KNLNTVQPSPAHIPIPRRTAN,-1.414926352,1
slay_3958,RIHTRDQPRQPVFRCDLNAD,-1.414921858,1
slay_3960,LIWSDLQQASYRHNSGFFVP,-1.414866173,1
slay_3961,WIRRWVYSSFQNRTPTRKGS,-1.414305242,1
slay_3962,VPDAVPLNATWSQTQSYKRV,-1.41426566,1
slay_3963,PTDL,-1.414178475,1
slay_3964,RWLLPTAVNNCISTPVFWRGN,-1.413972045,1
slay_3965,PCFYVVSIIPWLYDYSMLSC,-1.413760287,1
slay_3966,IGMANVKCTHTHRWTFAMST,-1.413729812,1
slay_3967,VCPDAYLTASLCDRYNFAA,-1.413436756,1
slay_3968,HPNLTNICFQHEILDYDLLM,-1.413431788,1
slay_3969,PWLYLTDLAHHRTPSLNTAD,-1.412907306,1
slay_3970,AYTDFVLRLISPSCTASMYL,-1.412835013,1
slay_3971,IDGTQMDACL,-1.412752027,1
slay_3972,PMNIIRCYPINWTT,-1.412684997,1
slay_3973,HWTPQKCYDIFPDHSVIHFV,-1.412409324,1
slay_3974,SPHWAHAEQDVP,-1.412154654,1
slay_3975,WPILCPNRYIIISYANAGLTY,-1.412130358,1
slay_3976,NYSEGVEKPVFECIALHNFR,-1.411867098,1
slay_3977,PLYIRGPPHVGIHTFVNSGC,-1.411692836,1
slay_3978,LRATPAERLSHVNSITNVMV,-1.411627802,1
slay_3979,SAPPHSWTI,-1.411376269,1
slay_3980,PPWLHSHAHYSTCVYPTGTT,-1.411285315,1
slay_3981,PIYPYDKYRYSNCPFYYVDI,-1.411097504,1
slay_3982,DCDPYLPSTPYPLTLHHWII,-1.410877811,1
slay_3983,LSQAPSRLCYCSYTYNTEMQ,-1.41068408,1
slay_3984,DPGHKTMLDFLACPLLTRLL,-1.410499587,1
slay_3985,NLVT,-1.410300371,1
slay_3986,YSPSHAWSISDKTTSKQIND,-1.409918065,1
slay_3987,PGFSYYIILCYDLFTSSRTS,-1.409880509,1
slay_3988,PGPTSHKLRKRQSWHFDGSP,-1.409723651,1
slay_3989,ACVPST,-1.409648755,1
slay_3990,RCSPLIYLSHNHAYHTPPAL,-1.409637535,1
slay_3991,SPVLTATAWVNRITPYTPGV,-1.409501221,1
slay_3992,MHLNCNDFTPVHGSY,-1.409400503,1
slay_3993,LLSDPNRHRTVMYYIEGIPE,-1.409296196,1
slay_3994,CRSRTSTAEQNTSVHRGTII,-1.409257339,1
slay_3995,FYKSHDRPIHFLISGSRSRR,-1.408923127,1
slay_3996,RPSAPSQDVQTGSAITLIFH,-1.408848365,1
slay_3997,LSTANYPHLP,-1.408835782,1
slay_3998,LLGAVMALLTHVQNLKRINR,-1.408739378,1
slay_3999,ASRARFNTLAIIPPRCNITT,-1.408695931,1
slay_4000,CCAMVRRLFHWLRLSSFIGH,-1.408689356,1
slay_4001,LIYLLIFIFPQHITYGLLDD,-1.40846347,1
slay_4002,VTNPLMPLARRSITSSPYVG,-1.408442055,1
slay_4003,TKRPILAPLYGFDDVAPFST,-1.408305808,1
slay_4004,QSVPPSYLLHFISPLGPCFV,-1.4082874,1
slay_4005,APYFDKSNRHNFPFRL,-1.408146927,1
slay_4006,CLWDPVPITGYLAVNALRTF,-1.407935204,1
slay_4007,LNVRRHNFCPITVPTYNIMF,-1.407717977,1
slay_4009,SSYTHPFTRPCAKDMLMLLT,-1.407309287,1
slay_4010,FPHHMYDVRLIQFPPNSTSR,-1.407283854,1
slay_4011,SMLLVRLNHRVHFSHAYKRF,-1.40723185,1
slay_4012,PNCLHLLQNSVCTRWLTSSR,-1.407128745,1
slay_4013,YCPTPNGSPVTFLAYHPTVI,-1.407104683,1
slay_4014,RWCDVPPLVDYEIAPAILPS,-1.406958623,1
slay_4015,SYDQDMFINWHPCHDSHYHL,-1.406889685,1
slay_4016,TLQYSPHVPDRTWYVHN,-1.406570561,1
slay_4017,PSSSRLRVSDHACPLKVVAH,-1.40653792,1
slay_4018,INGFAERRSVSLPLLIRGTFN,-1.40631815,1
slay_4019,IVS,-1.406022489,1
slay_4020,YARNDVLCQTSISMMIITPSN,-1.405715484,1
slay_4021,STHPNTGSNIEPPNFRSSDS,-1.405667604,1
slay_4022,IFATTSRFQSHSLLALKILF,-1.405594413,1
slay_4023,PFTRNHGPRCLRLRDFCSCH,-1.405392319,1
slay_4024,LRPTYTSPAIYRPYNLYSHS,-1.405352347,1
slay_4025,LFIILARWLNHYDKSKGITP,-1.405200836,1
slay_4026,HPSRQPTSCLNTSDFLYVYL,-1.405069058,1
slay_4027,YTWPLCLPSPLLLALNTQSN,-1.40506307,1
slay_4028,PGSGSH,-1.404908608,1
slay_4029,TRGINVVSAHTHVPHNSFAV,-1.404903628,1
slay_4030,APIANPCRIFYVPNIWLPYV,-1.4048754,1
slay_4031,SYLTCPPSVFPQWSV,-1.404787507,1
slay_4032,YGLVSFTHPGQHTDYRVMLH,-1.404748363,1
slay_4033,SCIGR,-1.404732258,1
slay_4034,LWKIPIPKAQYSRRIHCLGT,-1.404451833,1
slay_4035,RPITAISLSVLVLGSIRLRFN,-1.404169763,1
slay_4036,NCTANVLVGII,-1.404037581,1
slay_4037,TCYHNLHPEFRYPTLDFSMI,-1.403933056,1
slay_4038,FPRLGYSYDLVSPCYLPLLN,-1.403888415,1
slay_4039,RAP,-1.40388356,1
slay_4040,PTVFFTARPSFQSDNHTAFW,-1.403775719,1
slay_4041,HA,-1.403739248,1
slay_4042,SDISPTRPWLYNNYECWAPL,-1.40344254,1
slay_4043,RLYRHPTGRQSRPLGCFATF,-1.402802778,1
slay_4044,FSVSHTYSDHVGTNLHISGL,-1.402605453,1
slay_4045,HSGSPLSCDAPNFYPYFWHV,-1.402153465,1
slay_4046,SRKHTCFIADCSQCSLQFVN,-1.40195156,1
slay_4047,SVMYTCNTYTTWAGRPTVVT,-1.401802976,1
slay_4048,PIHKSQNLHGYLLFIIRAPP,-1.401709659,1
slay_4049,PSLGLHHFHTIAQNLVNATK,-1.401698244,1
slay_4050,RPTVKADCLLFLNFFNVHNN,-1.401411011,1
slay_4051,VLRNTLHCCSIVIRSSSGHW,-1.401302277,1
slay_4052,AVPLLHGVPLFWYF,-1.40074536,1
slay_4053,FLPVRYILGRPIL,-1.400601656,1
slay_4054,QLETRPSYNFTILPAYTKVN,-1.400586775,1
slay_4055,SPSTNFCNVLRLDTLNVNRS,-1.400524925,1
slay_4056,NLRNTPHSWPFTSHRKHNIA,-1.400500616,1
slay_4057,ACTPRSWGPGPLTPTSTI,-1.400474211,1
slay_4058,TLHHCNDSSQHYASYYLYRA,-1.400163002,1
slay_4059,KDSSSNWRHFVFFCIPPPLTT,-1.400108039,1
slay_4060,NHLCGPLDYSDVFSDLPDDW,-1.400056488,1
slay_4061,NLMLVPRHLTIRIIVYKLTR,-1.400038607,1
slay_4062,VCFTFPCPRLPSSLRFLPGS,-1.400029277,1
slay_4063,PLFGRAGLEIHITTFSYSTM,-1.399757184,1
slay_4064,LSYNSTHYNQHVAYTTFYCT,-1.399518084,1
slay_4065,QPSTVITRLPMRRYHSLHVA,-1.399512336,1
slay_4066,RSRAPRRCDSINSQVPFSLC,-1.398927906,1
slay_4067,AALRHTPWHTSRTHQDRGFS,-1.398704838,1
slay_4068,HHSLGFINRYL,-1.398656957,1
slay_4069,HAYRPPSAASTTTTITTMHA,-1.398458106,1
slay_4070,NSPEPVFLDPRCPGWPYRIV,-1.398006684,1
slay_4071,TPAIYADSIARSRAHHDYCS,-1.397928107,1
slay_4072,HLVKFFHGNFAGF,-1.397883095,1
slay_4073,QPITYGYHEVAAPIYAKMDC,-1.397773316,1
slay_4074,PHYSLGHSSKYTRSTIMYFL,-1.397644518,1
slay_4075,CHVPNSIIWSRGYITQYYCA,-1.397616783,1
slay_4076,TGRFALPPDQPVICWFHFNH,-1.397609423,1
slay_4077,SITGHYSDSSVSGHKGDNSGN,-1.397306234,1
slay_4078,TTGRRTGPGYRRWRDCVTAH,-1.397293037,1
slay_4079,ITYYCLPNSLVWTSILNSYY,-1.39697191,1
slay_4080,LHDPSARFIPHRFLFRDAKN,-1.396848118,1
slay_4082,RNH,-1.396620254,1
slay_4083,LVEASSSHYTGPGPKGLSFN,-1.396539352,1
slay_4084,SSR,-1.396446863,1
slay_4085,PKRTCLNVVRTIMRAYFRRH,-1.396442973,1
slay_4086,ERTRRYPYIHIHISLVFHSC,-1.395866689,1
slay_4087,PYHPIALEVARTFVKSRPP,-1.395776788,1
slay_4089,PRTLGPGSPFFSRLVQDYVTE,-1.395627106,1
slay_4090,PVNMFMNALERLVRRYIDRD,-1.395400039,1
slay_4091,PFEWDPVSSITYAHVSPHDT,-1.395333455,1
slay_4092,FLFSGPIGQNCFHQRNYSHV,-1.3952499,1
slay_4093,GQSVNLHYLRAYIDSPYNA,-1.395023509,1
slay_4094,SRYWACHDAGLIVCYFWCIR,-1.394888361,1
slay_4095,LVPSDPVPPYPYYQPLHLVY,-1.394841665,1
slay_4096,PAELTRQNHGYDWNDYTFNN,-1.394716173,1
slay_4097,SALSFSYPNPSPSTRIHCFQ,-1.394639109,1
slay_4098,RPQLVFVMLHLHLLVRRYCH,-1.3944895,1
slay_4099,TSKLNNRLLLLLRKLCLSLV,-1.394370557,1
slay_4100,PRLYCGTIDHTLLSFAWDRP,-1.394230526,1
slay_4101,LDRFHCHLNPYLLAFIDTWD,-1.393966048,1
slay_4103,PDPAKHRHTLTLYRTGGALTN,-1.393731227,1
slay_4104,RSPNHHRLIPGLDNISLDTR,-1.393133105,1
slay_4105,RSHTKCRRLTQDPHSSGCIE,-1.393049252,1
slay_4106,PRFSSPTSPKECTPCTSNHN,-1.392943541,1
slay_4107,VPNSHYGAISSGFLITGRVM,-1.392747253,1
slay_4108,DSNFSDYSLNNCWLYYRLTH,-1.392478136,1
slay_4109,TTTAAPASRTCNGMILCNGTT,-1.392426691,1
slay_4110,TDRCPTSTMSAVQSYSL,-1.392343028,1
slay_4112,YHSSTSTCPRGDPIATPTTR,-1.392221713,1
slay_4113,PSTNGNTVLDHVLYIYGFGS,-1.392200067,1
slay_4114,QPPPLAQAITSRSHTKVYRV,-1.391697528,1
slay_4115,TPNHQIDVFRRYFTCVSTHG,-1.391606015,1
slay_4116,SDCPDALYKCNRVKNHVAMM,-1.391315904,1
slay_4117,DPVCYECYVSLRTGVTHYPI,-1.390917604,1
slay_4118,SNPFYPLCCCRWTIGCCQSI,-1.390823781,1
slay_4119,NGSFLQQWLPLSLFIC,-1.390687591,1
slay_4120,MLAILFTLNARRPFHAPVVI,-1.390477706,1
slay_4121,GTQTYTICSFHPHDSNILVI,-1.390439924,1
slay_4122,PMPASCLYT,-1.390255738,1
slay_4123,SHKDYNSCNFFKDTVVNYFN,-1.390168404,1
slay_4125,RSQYGRFVRHLGKPSIAHVT,-1.389884484,1
slay_4126,NIVTDPSFSCPYFTSLN,-1.389670124,1
slay_4127,AFTSPHVICYRSVTLTMRPTN,-1.389661012,1
slay_4128,TASPHGPTA,-1.389372889,1
slay_4129,DPIDDVFT,-1.389241594,1
slay_4130,SLAQP,-1.38848423,1
slay_4131,YSRISPRRNTCSFYSSLTST,-1.388483482,1
slay_4132,ANNDACPTPLYFGPPPSFYL,-1.387929471,1
slay_4133,LRCIRCHIYAHPDCFSLVLA,-1.387636731,1
slay_4134,THVVHWYGYY,-1.387531929,1
slay_4135,CMSKKRNTFDTGYMIPQSII,-1.38744357,1
slay_4136,YFRKLYQRRNNRWSNLFFN,-1.387397807,1
slay_4137,APWGNATL,-1.387358492,1
slay_4138,DGIVSVTPKGDNLRLAAGPP,-1.386725775,1
slay_4139,LVIEPLMIWRL,-1.38654159,1
slay_4140,DVLTILLFRCCIVLRVSLSFN,-1.386502414,1
slay_4141,HSCSEPIFCSNASALGICPLN,-1.38643949,1
slay_4142,EASLGRLHSVAAQA,-1.386077644,1
slay_4143,IRLFHNARSRPRSWNNYLQM,-1.385826734,1
slay_4144,RRLPSGPPPVQSVYSHAV,-1.385520549,1
slay_4145,SRTPTSARRQLKNMNKEHLF,-1.385455,1
slay_4146,PRNNTAPRVSMLSILLTVTAN,-1.385359665,1
slay_4147,TELRGDIFHYFLAWQSSCSH,-1.384926444,1
slay_4148,CVLQHAFYTL,-1.384898141,1
slay_4149,TFVCRVPCRITPSLVCRIFSN,-1.384711741,1
slay_4150,CPFGYPFNRCRACTLPFMAV,-1.384631391,1
slay_4151,HT,-1.384317247,1
slay_4152,DRRNGLYGPCTSPLLMFGYT,-1.384088451,1
slay_4153,QIVPRAAILHYLTFRTHPSR,-1.38402362,1
slay_4154,IRTTPCFHAGYSVPSPTFPI,-1.383898052,1
slay_4155,ESCSLYDYLAFLLM,-1.383817412,1
slay_4156,CPLSSMNASYPTYSIFTI,-1.383687631,1
slay_4157,PWCSKYCWSCPLYNLGFSP,-1.38364924,1
slay_4158,PRPLVCALSVSQMYQRRHSS,-1.383561238,1
slay_4159,DGFLYHPNTMLSDSVTYRL,-1.383399062,1
slay_4160,PMFLLHPCPYFPISKDMQFW,-1.383346949,1
slay_4161,GPYSTASTNRQSFCNHPNGI,-1.383258368,1
slay_4162,DDLTGTGRLFHCHI,-1.382973622,1
slay_4163,LPAIRRNHNDIPHSNVEIYT,-1.382968268,1
slay_4164,HDSTLCSHGPYYLHYVSSFL,-1.382945749,1
slay_4165,IGQHSPHPICPRDTSD,-1.382788293,1
slay_4166,NAIGRATNTSVPRGSNPQNS,-1.382696229,1
slay_4167,ILLMYLITSVTRNLD,-1.382305593,1
slay_4168,LKDCRAYGAPSINSFYVKYI,-1.382258313,1
slay_4169,CYHLWSEIPLIYSSLNVIDL,-1.381949652,1
slay_4170,RCSPITSLARSPIKPGLSFI,-1.381815865,1
slay_4171,TCFDYVPLFLDAMRLPNLLL,-1.38149705,1
slay_4172,PHYNCMHIDVV,-1.381470199,1
slay_4173,EFTENKSLKPTGRHYIQQLYN,-1.381071132,1
slay_4174,KHYYPFRASILSMLRRLCSK,-1.380874771,1
slay_4175,CAIMTDKVGHGSTITASSHA,-1.380744442,1
slay_4176,RPCARPATDFRDRLVSTDAP,-1.380413941,1
slay_4177,TGVDPCFKHTRYCYSILEIA,-1.380365519,1
slay_4178,YDPTPCYSTYPAYNLTHYFL,-1.380254498,1
slay_4179,LFHHSYSSTHDVLIAHHVPR,-1.379683809,1
slay_4180,GLNSRYSTCQ,-1.379484997,1
slay_4181,VDWRCLNHFFRYEDSPFTVT,-1.379448164,1
slay_4182,ISSDYLLRPGLSWDTSSYCVN,-1.379156782,1
slay_4183,CSRIGCPNHLNSRTC,-1.379053802,1
slay_4184,DRPHLYHSCRPSPNPMLMHA,-1.378972951,1
slay_4185,RKLRLYHPVGVTR,-1.378922305,1
slay_4186,PHRIRRAITATRRILRWARRN,-1.378515888,1
slay_4187,GPDSNLSQDNSYYSVCYVLA,-1.378477461,1
slay_4188,NVFVAQTNNDHLFPRSPYNR,-1.378411937,1
slay_4189,SFWVPANGSPRNHHSGRSPH,-1.37839568,1
slay_4190,NQARLASIPSNSYTKRLDEI,-1.378176381,1
slay_4191,YSFIRSRWMTTLHVILVATI,-1.37797775,1
slay_4192,VSCDHNKYNT,-1.377925751,1
slay_4193,LAADTCDWYV,-1.37785808,1
slay_4194,SFRAVSCLNPHNCEFLCYFI,-1.377730267,1
slay_4195,LEVLWYLHSIAIYLCSGSKS,-1.377645335,1
slay_4196,SPFIPCFVVSENNHIETSYS,-1.377642801,1
slay_4198,PNYDPSDMYIHYHGLRYHRV,-1.377566443,1
slay_4199,PRFNLINLITHAFRCLSLKY,-1.377515633,1
slay_4200,NFGHSTNKLYNDPNCTIVVR,-1.377443491,1
slay_4201,SVGPHRSSGTFFILISFGPP,-1.3771941,1
slay_4202,NLVSYLHFSHPYCRKRHVHV,-1.377022462,1
slay_4203,RTPYPQNIWGPFTSEDPTLV,-1.376652842,1
slay_4204,VIPPTRHHGCNPTPPWLMLT,-1.376455545,1
slay_4205,GPDNIRAFGSDYSNPISSNT,-1.376437977,1
slay_4206,CHPPAPRHARSALLALPL,-1.376382274,1
slay_4207,HPPTALILTLIGAITRSSN,-1.37618971,1
slay_4208,RAMSPYYLNPLLSPCVHFLT,-1.376082811,1
slay_4209,PLQPFYVYLNRML,-1.376044533,1
slay_4210,TASRLTKITTRRSSSSSALLN,-1.376002407,1
slay_4211,HLRNCFDGLLITRYAHSVLG,-1.375997154,1
slay_4212,TIYVVPIARRNTNPSLATHQ,-1.375989113,1
slay_4213,HHHVPLLMTYTPNSNVHLVT,-1.37580488,1
slay_4214,HLGHHSPNPSPRQSVLTMHY,-1.375750546,1
slay_4215,SIYVFISLYHVWRLRTLNRTN,-1.375699911,1
slay_4216,HPPHHSWDFNPFRGCYDALS,-1.375462481,1
slay_4217,QTWTEGLGHNRGGLIQTHPR,-1.375405204,1
slay_4218,GHVLSHSNGVDMLERTTTEE,-1.375177711,1
slay_4220,HRPAFRCWTY,-1.375086053,1
slay_4221,ASRTHLHATTPCLDTGIAHR,-1.374567327,1
slay_4222,HTRCCGDPSSPKHLARPMRD,-1.374459646,1
slay_4223,LTIHESSCKSVRFFPYNDIY,-1.374444211,1
slay_4224,CLYYPLFLSTTLSPSLTF,-1.374308878,1
slay_4225,YHNEARALCTAYIRPSLLDY,-1.374094499,1
slay_4226,TTFALPFMARSLSSHKRLIA,-1.373939324,1
slay_4227,LPIREYDFWPVTPLYAYSPP,-1.373903864,1
slay_4228,LGYYGRNVTALELPRILPQAA,-1.37374191,1
slay_4229,SHTPATILHYTTIHIPTHTQ,-1.373581324,1
slay_4231,RIRPVVMCSQPYSRLTVAAD,-1.373471483,1
slay_4233,TRSHYKSCALDSPFYHHMHW,-1.373196242,1
slay_4234,DPDPCII,-1.373071194,1
slay_4235,LTHLSVSPNRISARCTCLTC,-1.372837862,1
slay_4236,TIMAHLRQPISRGPPEYFVG,-1.372619799,1
slay_4237,TASPPQALHYYNIATSHIDF,-1.372393548,1
slay_4238,AGHHSGPLTAIRSNITTCKR,-1.372369155,1
slay_4239,TRYDPFRHMCGWQNLIQTNF,-1.372287828,1
slay_4240,LVDNYRSSIDTEFCNPRDPS,-1.372258095,1
slay_4241,AISRPTYFTNEMNTWFMSLP,-1.372036129,1
slay_4242,RVAGPDADSINKLDNHDLNN,-1.371944517,1
slay_4243,LINLSAPSHSDSSEHIPNNQ,-1.37192878,1
slay_4244,LHYGSFCDLYHFFKYINGSV,-1.37155696,1
slay_4245,DLQNVPTNLKVYYRVHQLRC,-1.371334674,1
slay_4246,PAHLPHAHNNTFLCLLCAGY,-1.371291988,1
slay_4247,NSVYDMFPYITVRRSW,-1.371208224,1
slay_4248,MKLFSRGRLPANYATFFSRN,-1.371093242,1
slay_4249,SNTSNPFYSALFDLNPRLYS,-1.370969776,1
slay_4250,LVLVYRGFLLVFVLMAGTTPN,-1.370878491,1
slay_4251,LTPPYTSDEEFLTNTHSHQN,-1.370832569,1
slay_4252,FCVPSIHFSGSILRPNRVFY,-1.370812071,1
slay_4253,PLTLSVTLLNKFMSGFALSW,-1.370777302,1
slay_4254,TNPDAYDLASGNQFQSQFMI,-1.370326446,1
slay_4255,YGSTFRTFASFRLHNVQHYT,-1.370313356,1
slay_4256,CLM,-1.370114768,1
slay_4257,CRNRLFPFYEL,-1.369991963,1
slay_4258,RMSSRILNCTPWRATKMMAI,-1.36989185,1
slay_4259,SPLRFISFRHYIARGPPFIH,-1.369476756,1
slay_4260,HYAAVLLFCRPLPDLRRSNG,-1.369453298,1
slay_4261,HSSFNLLPPCHYVALPLLYA,-1.368947962,1
slay_4262,SADYCHHVCKQMCLPPNDAN,-1.368584135,1
slay_4263,YPVIILTPAPLPLPTSRRVFN,-1.368504924,1
slay_4264,HDMSSHCYLIDHRYSTDHTA,-1.368486088,1
slay_4265,ADVPEPCVTMSNGNPVARMR,-1.368433544,1
slay_4266,RSCPYPYGVLAPQYALVHYSL,-1.368272324,1
slay_4267,TTDVTSHPFVDKSVHLHVET,-1.368161385,1
slay_4268,PCWFSGSPLDPVYTHLASAS,-1.368128035,1
slay_4269,NHPHTLVPK,-1.367652949,1
slay_4270,NHFMCSGFSYFPWYLIR,-1.367343553,1
slay_4271,NPADSRHDEHYMWVRNPADH,-1.366657103,1
slay_4272,HSAGRCPLLVALVFIPLASVN,-1.366403903,1
slay_4273,PILLPWLPLRCPTVPA,-1.366333177,1
slay_4274,RSVTSYSNKRAWWMD,-1.366291499,1
slay_4275,THIAFSKAYMPATIERPRIC,-1.366057916,1
slay_4276,SMWGNKLLTSRRHMQTQLSH,-1.365652084,1
slay_4277,DLYT,-1.365411395,1
slay_4278,STRRFGRILNRASLSCVVFI,-1.365327745,1
slay_4279,LSNVFSSLVSN,-1.364951514,1
slay_4280,RAYSMWRRLMGMWVYWPWPL,-1.364889909,1
slay_4281,PMRSCTFDYNRHYMRSAYSR,-1.364867783,1
slay_4282,PTPTDGRWSSCTSYLVANIL,-1.364797426,1
slay_4283,HFLLNRMYVVRVNLAYVKLM,-1.364761321,1
slay_4284,WTGRLVPTTTSGIDATNHRV,-1.364384035,1
slay_4285,YPSKNIFALSYFSSTLNATC,-1.364245696,1
slay_4286,DNRVEQRSTNITNRNINSEC,-1.364184954,1
slay_4287,DVCLDCNNIFIHFLIDHCV,-1.364156021,1
slay_4288,TRVPHSP,-1.363717438,1
slay_4289,AMNDRPLL,-1.363672789,1
slay_4290,STSTRCNPFRTFNAVDYILF,-1.363657884,1
slay_4291,DVISLPETRLMWWSAYPTCL,-1.363652644,1
slay_4292,SADGSAGYPSGFCVSFLQVL,-1.363593055,1
slay_4293,RCIFLTNNAFIPYRHKHCIL,-1.363505796,1
slay_4294,ASTMSTTS,-1.36313503,1
slay_4295,VIPSMNDHTIDGISMNSSHP,-1.363119985,1
slay_4297,IRITTGYCPAERRNMPIAAS,-1.362754282,1
slay_4298,FNLHIYSWCSHVTI,-1.362424826,1
slay_4299,AFRAIVDAPITWAPVTSLVC,-1.362366945,1
slay_4300,TNTVGTFVHFPHSIYWYRPT,-1.362320253,1
slay_4301,PCFPRTHTRASTVYLTSRSK,-1.362314824,1
slay_4302,HRYTPVVVGWPIPSSRTLMP,-1.362082395,1
slay_4303,CTRFGSYDSISTSSVHFQFV,-1.361948161,1
slay_4304,AHPP,-1.361730513,1
slay_4305,PPGPVDCPPRIPHNRQKFPT,-1.361480463,1
slay_4306,LYLCPLDFAFHWL,-1.361420598,1
slay_4307,ADPENSSLRCAPIFPGFTRT,-1.361327896,1
slay_4308,SVKTSHPGTCGKPARLRASSR,-1.361297183,1
slay_4309,PEWRKSWAAYSRAFLV,-1.361203822,1
slay_4310,RPNTRPSL,-1.36118092,1
slay_4311,SPHMCRRRVNNRWFVGALAF,-1.36087143,1
slay_4312,HIKEPYSLNCRDLFYLARRI,-1.360806327,1
slay_4313,RDTHRWHVLANNSFRGGPRV,-1.360755714,1
slay_4314,SCPNVMHFFQHPIFSTRNSL,-1.360735629,1
slay_4315,FRRSPL,-1.36072253,1
slay_4316,HPPSIVLRALYKYVLSPFLS,-1.360698031,1
slay_4317,CTLQFHDLIYTILPLPLYNI,-1.360372965,1
slay_4318,GCDSYSTILLNCINPCYNYL,-1.360304552,1
slay_4319,AFYAGSLLRPEPEAPDQATP,-1.360171901,1
slay_4320,ATPSCFCATHHRPWYWW,-1.359999587,1
slay_4321,CSLSTAPRTASIPCMLTCIV,-1.359769195,1
slay_4322,HAIHDALSVPGNVVVVNWLH,-1.359760694,1
slay_4323,GSGDHNINIYLCHDSNENNP,-1.359668608,1
slay_4324,LSSITTGFN,-1.359612369,1
slay_4325,RV,-1.359529461,1
slay_4326,SRNSDVAILLWAQTSSKATY,-1.359494411,1
slay_4327,PVCSDRFQYRHWPYTLILYS,-1.35943418,1
slay_4328,LSGSKIHCYRI,-1.359392764,1
slay_4329,SKSPPHSRYYCCIFLGIPKI,-1.35898886,1
slay_4330,IIEHAICTSYPRWFTSITLIN,-1.35896873,1
slay_4331,RLQVIY,-1.35876774,1
slay_4332,CAHNKPSFMLA,-1.358647567,1
slay_4333,SHLAGFICPLTLFFFSRTPS,-1.358638002,1
slay_4334,LFNIWLTHFTG,-1.358449102,1
slay_4335,THTLEFRETIDNKYSAYNNY,-1.358359194,1
slay_4336,HVLYPVFIHYYPDIITD,-1.358101992,1
slay_4337,PIGATMCNVRSNWSRWHRSI,-1.357523854,1
slay_4338,RSWLPLCPILTAIRGSTRTVN,-1.357495819,1
slay_4339,IKRIIDATTNGYVYHTLRPP,-1.357429341,1
slay_4340,PFSAW,-1.357226666,1
slay_4342,RSITLLNSENHSEGHRVNTM,-1.35711858,1
slay_4343,SMMRPRSWNYFEICTESSFT,-1.356980828,1
slay_4344,MNCYTGS,-1.356960666,1
slay_4345,RKVYNRNLNQWLVFTQIESF,-1.356887192,1
slay_4346,SSVSAYRRHDSIRVDLVPFL,-1.356791606,1
slay_4347,FLSNFERFD,-1.356711838,1
slay_4348,TIRITLFMPSRKYDKFCIDR,-1.356648788,1
slay_4349,RFLPHYFNINFPIRILNPVY,-1.356379881,1
slay_4350,LCRPRP,-1.356084644,1
slay_4351,SSDILYVFLLPPKVRVCCNN,-1.356061848,1
slay_4352,FHCGS,-1.355679648,1
slay_4353,VRSNLSRISVQVPMHFFSYI,-1.355668705,1
slay_4354,LASPINLYTLCIAIFHPSTP,-1.355419084,1
slay_4355,ATTGTGLCADHRDALDIIRL,-1.355340688,1
slay_4356,PQRSIAGYI,-1.355339674,1
slay_4357,PSNCVIRWTLHGLPNTYYRL,-1.355228019,1
slay_4358,VSSRALTILRSSPNALNYLK,-1.355192523,1
slay_4359,ATDDDFTGKVPTRGYPHSRY,-1.354199784,1
slay_4360,AAHPCHIDPDYHYLRHILIS,-1.354019781,1
slay_4361,RPIRSRLSSTTKSAIRMMTF,-1.353947316,1
slay_4362,PTPWSYPAWPCLCSYATQFL,-1.353878789,1
slay_4363,VRHRLPWNKRNNCVIMVNYR,-1.353852682,1
slay_4365,DFFRSN,-1.353707424,1
slay_4366,SATTSDASWPYEFMYLSNFV,-1.353675334,1
slay_4367,HPDTADVSSYCMVFPALQIL,-1.353673913,1
slay_4369,IDVPSSGVHENTRANALSPV,-1.353442878,1
slay_4370,IRISYRILSHQPSLHPSNSR,-1.353318597,1
slay_4371,NSLAHPSNFNVYSVINILRT,-1.353261848,1
slay_4372,SPSCIFSRVFRKLRNLTPSL,-1.353238458,1
slay_4373,LASPWLFRPLPFPHISMSHP,-1.3532103,1
slay_4374,AWMCLPYFPISI,-1.353009532,1
slay_4375,FAFANSTVNTLPLTTLTSLS,-1.35294526,1
slay_4376,TLLSHWEARGTSTFVANPSH,-1.352456946,1
slay_4377,PVHDAQWRATRYAIVIVFPS,-1.352372805,1
slay_4378,HLGGPSSESRSSDPYVANFC,-1.352372423,1
slay_4379,LPQLCPFLPTRPGIPHFTYP,-1.352169656,1
slay_4380,IIL,-1.352082323,1
slay_4381,TFNLLIRRDILS,-1.352054233,1
slay_4382,HLVNLIQWLINHCSQCSPRF,-1.350939067,1
slay_4383,WLWDRTLSTPLLVNSQCHDY,-1.350877383,1
slay_4384,TSTTWVLDITPHPKYPRRGL,-1.350537504,1
slay_4385,ALRLEGLISFPMLTAHYTGW,-1.35037374,1
slay_4386,HFVHPRCHNSWYDSLDNFDL,-1.350339834,1
slay_4387,PACNTRALQATNGNFSIHK,-1.350338331,1
slay_4388,RLTAASNTCT,-1.350294142,1
slay_4389,PIQVRAPLDKTLKRT,-1.350169517,1
slay_4390,HTSTCANTCNKQCNY,-1.350096268,1
slay_4391,CHLHTTEHHRRNNYQSYNHI,-1.350058136,1
slay_4392,WSNADILLHEHSVTE,-1.350054469,1
slay_4393,AAK,-1.350004469,1
slay_4394,CSPTHPHPSRTTPIASPSQR,-1.349964654,1
slay_4395,HRWKVPVR,-1.349897795,1
slay_4396,WYGSRTECFRDHYLAASEHG,-1.349849896,1
slay_4397,PNLCDPWFYRIGVRLPMYSL,-1.349790599,1
slay_4398,DCPLLLYYAYL,-1.349524462,1
slay_4399,SAHTTNMTCPVFD,-1.34933827,1
slay_4400,QSWAYHPCPTHFNPWFSFHH,-1.349158291,1
slay_4401,SMPITIRSNLTQFNNH,-1.34893903,1
slay_4402,PCTHGHAMTPNFISYKTFRI,-1.348650221,1
slay_4403,PPILTRLPRLSVWSVITTMGN,-1.348548356,1
slay_4404,HRNSVLIFTHAASLVLFKLGS,-1.348516342,1
slay_4405,MYYSPHHHCHIYTP,-1.348273115,1
slay_4406,PIQRCP,-1.348020881,1
slay_4407,DTIRSMLNELNAD,-1.34797371,1
slay_4408,GLTPSNPNLPIAYVWSASSF,-1.347504521,1
slay_4409,CTHDEANSQSSAYQFLDYTFN,-1.347378474,1
slay_4410,LYMPITPSSAWFMSKDFHPP,-1.347146615,1
slay_4411,CPVQPLEKPLGQASTPTYVV,-1.346960867,1
slay_4412,EQLRSRPGLSCTFSVCVLTN,-1.346940344,1
slay_4413,HTSDIYFICHPCNTYFHMNR,-1.346876887,1
slay_4414,STLSTRHYNAEPRSTEPPGA,-1.346751496,1
slay_4415,GTELHFLVACTFDPGYECSS,-1.346528167,1
slay_4416,TGGLRNHQ,-1.346520402,1
slay_4417,HPRHSINHALLINNTVCLQA,-1.346518064,1
slay_4418,QASNRNRLKYSNMLFS,-1.346442137,1
slay_4419,DVGGLSLHRRFREC,-1.346418966,1
slay_4420,YTKSLMLVTPILPRDYDTNP,-1.346393054,1
slay_4421,TTPTGRSTDVKTGEYVSNAM,-1.345990719,1
slay_4422,IHTHYCAYYPYNVLNTFCNI,-1.345888297,1
slay_4423,ADCSSIRYPETFGFAPTFICT,-1.345575056,1
slay_4424,HRNTRPSPCFIVYLPPNDAN,-1.345258503,1
slay_4425,TLRCSYNSQTWSKA,-1.344914885,1
slay_4426,GRNHTFYKPNNGTQCINDHS,-1.344808494,1
slay_4427,CAYGVSYVYKTMHTLPSLVV,-1.344781703,1
slay_4428,PCSPPCTCFTLDFSDCYCLT,-1.344772616,1
slay_4429,PTKILTPTMRKNVTHLIANN,-1.344707093,1
slay_4430,FDDASRICPIFPSVSSSTTCN,-1.344528209,1
slay_4431,FLPPVPSPTYHFFSLPISSI,-1.344389721,1
slay_4432,TNLFCRPVVNIFQTYVCYNL,-1.344256791,1
slay_4433,PYMHHDFLHGHTFS,-1.344227375,1
slay_4434,LKTNSDLRPTKLRSYFYLLH,-1.344030822,1
slay_4435,PLTCPAILVRPSFLAPCYGF,-1.344003859,1
slay_4436,PTPSLRPTMHSFHCAKTSHS,-1.343615362,1
slay_4437,SPWPNDKFLPTTMQPKDARF,-1.343188941,1
slay_4438,LNCLQYL,-1.343073897,1
slay_4439,SADPHTLVLDINFNSTNMEA,-1.342887049,1
slay_4440,HYCCHGPNWSSPVTANHVSV,-1.342823103,1
slay_4441,KRIVLRPSPKWVVEYPPRGD,-1.342761291,1
slay_4442,PERLTPFASSSTYGVVILVN,-1.342581639,1
slay_4443,RCPRPVYPVDLMLVMSDVFI,-1.342277783,1
slay_4444,YADIVSTHIWNSLGERRFAK,-1.341839019,1
slay_4445,VRPSPFFYFSRYPCGATPYLY,-1.341792286,1
slay_4446,TLFYITHGHTLKRAYWYNYI,-1.341674216,1
slay_4447,LLCIPVFSA,-1.34163093,1
slay_4449,RRPVLMRVLKAITPYFRW,-1.341373835,1
slay_4450,FPDSLIGTFCPIVPVPL,-1.341367211,1
slay_4451,PTFPPQHSSASLSFGGGSPHV,-1.340952604,1
slay_4452,PTSIPVTSPHIVEPSCAPRL,-1.340944016,1
slay_4453,HHSMYPYYPLYSRPVFTYTI,-1.340799296,1
slay_4454,TPFSAITPLNHLGTPPESIC,-1.340348801,1
slay_4455,YDYGFHILVYNNEVRGNDRN,-1.340315582,1
slay_4456,ITRRHALPMIRDSPNVGADD,-1.340182328,1
slay_4457,PPACTPPILCGAPAFCTQVV,-1.339926439,1
slay_4458,REASLMFCFVFHCTDFPSTC,-1.339787229,1
slay_4459,AANSKTPRVRTRRTPLPRRTP,-1.339597696,1
slay_4460,HPRTRFRSDIDRRCRRRVTS,-1.339089484,1
slay_4462,SYPQMHANPYYSIYIIPLVM,-1.338474391,1
slay_4463,AFHCFRPEDYHFHEIYSGHR,-1.338430227,1
slay_4464,WRYNAPMDGGLHNIIL,-1.338406714,1
slay_4465,PPPTYNLTPLLPDLVFNSTY,-1.338395897,1
slay_4466,PGPVTKRSFYYLYHCCPDII,-1.33835676,1
slay_4467,EQKSLATPDVTDTCLRYKIV,-1.338091572,1
slay_4468,TSRRHRCSRRTGHMVNFSHVN,-1.337827854,1
slay_4469,PCTMPPLSDFKAIGRTSTEP,-1.337802891,1
slay_4471,SCTSADSLIWLVLNRVPPSIY,-1.337624542,1
slay_4472,ETSQRFQSIFRCYPL,-1.337544508,1
slay_4473,PYLPDGSHSQPCALYSIPWV,-1.337322069,1
slay_4474,HSFPISLCHWLRMKFKSCHS,-1.337256485,1
slay_4475,PWLFDTPNDCLRPSSIDTIA,-1.33717294,1
slay_4476,ARLTAITHPMPHWH,-1.336838512,1
slay_4477,HKPLGSSARLSVSPLPLIMAN,-1.336623145,1
slay_4478,ACGRSPILFFAQTLRATWAD,-1.336381317,1
slay_4479,CSPPGKTSHLYDYL,-1.336163501,1
slay_4480,CCLLARMVVFVMGRIILRVFN,-1.336097604,1
slay_4481,RPFQVASGLLVFLCSAIRTTN,-1.336075556,1
slay_4482,KSTVLKNPTCL,-1.335877825,1
slay_4483,YLCSRKLCYCDILHVQNIRP,-1.33583368,1
slay_4484,LRHLLCFNARTVLKPLITNN,-1.335740545,1
slay_4485,PQKSSFSNAWHRLADLRRRL,-1.335210522,1
slay_4486,HLCPRDIHKNILKTLYSEYF,-1.335168075,1
slay_4487,FSPSTLIITNYVFNTRLPLL,-1.335131026,1
slay_4488,ASYTRSFRVFLISDNSSSSY,-1.335125398,1
slay_4489,LYRRSIPDALLMNKTQLTGG,-1.334339089,1
slay_4490,ANLSLIGIRRYWDTCLFIG,-1.334291889,1
slay_4491,SYNCGIMTTLVNDWQPTQNH,-1.334233147,1
slay_4492,LRSHLYIYTHTRPMYPDDPA,-1.334078986,1
slay_4493,SPSSKYTPILSMIWHNIRTPN,-1.33404102,1
slay_4494,LCSHYATLLPIISTMRGRFY,-1.33400723,1
slay_4495,FSVWPRSLNDSVYSNISSII,-1.333769711,1
slay_4496,TCESPIRRILMVLTKRIRKL,-1.333714155,1
slay_4497,YLVLLFLVYFYVPIPMTDYRN,-1.333597984,1
slay_4498,TNQRTFTIFLNVANW,-1.333408964,1
slay_4499,RSM,-1.333401234,1
slay_4500,SARMQVCAGESRKTPVLHSP,-1.33328309,1
slay_4501,PPFVSPHLRSASLRLSSSET,-1.333200727,1
slay_4502,FTIRLLVTTFIIVYVRRSST,-1.332997741,1
slay_4503,LHAWKAHISANRTRFLHTEP,-1.332921053,1
slay_4504,SSNPLIRTRCLHGRLIILL,-1.332845685,1
slay_4505,HVRCASFTAQTTY,-1.332329397,1
slay_4506,PYLPPHSHHSFWWAPSFTCI,-1.332326579,1
slay_4507,SCSHELRQSSPYSLYGTRMA,-1.332236748,1
slay_4508,RCHAGTLIWPYQTIYMH,-1.332194285,1
slay_4509,GAHPSHFPYSAGATFHMFRC,-1.331948298,1
slay_4510,YQHIDRPMARPFLAIIPNRN,-1.331563856,1
slay_4511,THTGPCYQMPFFLTAAKPWH,-1.331507256,1
slay_4512,LYPLTGASYYVTKALGISAL,-1.331456542,1
slay_4513,VCFREPPPPWRHLKYIHYKR,-1.331241905,1
slay_4514,NCIHFLTVYNVDKYNYGINS,-1.331188329,1
slay_4515,PNR,-1.330978805,1
slay_4518,YHDDCDPVTMSMVFFRMRAY,-1.330550923,1
slay_4519,KCPQSSGDSTLVKNTKWQTT,-1.330529525,1
slay_4520,RNPSFNSSHCAQISLLVAPF,-1.330483018,1
slay_4521,PNMDALPFWCKAYNSSCGRL,-1.330369933,1
slay_4522,VRMLPVMVDKPLTTYNNART,-1.330355008,1
slay_4523,STRDDH,-1.330276157,1
slay_4524,LPTMYRCHPIYHYTLP,-1.33026159,1
slay_4525,NLIQPALHSYCNYVPIRSFR,-1.330024233,1
slay_4526,HPYADPMCYMVCPAQNLLHP,-1.329805296,1
slay_4527,YTFLRFDYAPYSPQSRFFSV,-1.329732009,1
slay_4528,SRMQRPHTSNSSGPKSSNWP,-1.329658244,1
slay_4529,HKTYPFYCSCNPWHHL,-1.329612718,1
slay_4530,LPILKMINSRLICLIRCCKS,-1.329579807,1
slay_4531,TFRCMLHDRSHT,-1.329546208,1
slay_4532,WCGRFHIDFAHLSTSSLEYG,-1.32954607,1
slay_4533,RTIG,-1.328891418,1
slay_4534,HLSWLLNFYKLIFAIIPASR,-1.328584081,1
slay_4535,GNSRRTMHSNCCLWHYDCLV,-1.328454278,1
slay_4536,PRHLPSPHLHCANSNFSFVP,-1.328367939,1
slay_4537,YHPECQYLSVPVNVIPTDMP,-1.328335984,1
slay_4538,SHRRFLGNNDYYNLHTFAFN,-1.328292239,1
slay_4539,TIRKSLAALFLLIAGCPPAV,-1.328245632,1
slay_4540,HAMLA,-1.328133197,1
slay_4541,TDTPTPRHAHTHVNLH,-1.327879575,1
slay_4542,HLPMCVSEVDTPNWFSFV,-1.327875661,1
slay_4543,DHNFYFYIMLDNAPPIR,-1.327869561,1
slay_4544,SDSLSRSIVLCIIICLSVN,-1.327307353,1
slay_4545,IY,-1.327284534,1
slay_4546,DSVLMRINHLATCPCMPDVH,-1.326983616,1
slay_4547,PQRRIDVMLNRFPFGRPNLE,-1.326948791,1
slay_4548,PNYTHSYRYKCVWCVIIGLGN,-1.326930938,1
slay_4549,HRPHMMGFTVPYERHFYALR,-1.326631431,1
slay_4550,APLSSYLIARTRTIWTFGGQ,-1.326172191,1
slay_4551,TSYQPHESYPFGCSPFTFAA,-1.325600485,1
slay_4552,QTIRFRGRNSDITFVNP,-1.325382847,1
slay_4553,ASGVPNIVPVSSPVLHCSY,-1.32522466,1
slay_4554,GTRPDAALFHKCHTVDYSMA,-1.325037876,1
slay_4555,VQIRLIMLTLRRLLLRLSVFN,-1.324804258,1
slay_4556,HR,-1.324486757,1
slay_4557,RIHRRSHLDHVLN,-1.324257583,1
slay_4558,CVPYMTIADLSIHHILYPLV,-1.324204535,1
slay_4559,CYHWPHDFLYTRADHTPNFS,-1.324081747,1
slay_4560,LSLLPAPWLPRIMLSARCPFN,-1.323975787,1
slay_4561,FSCHEHLPLITDAISSYDYV,-1.323589717,1
slay_4562,ICLLIQSYGAPRHWSFALQS,-1.323423937,1
slay_4563,CMLH,-1.323267938,1
slay_4564,NHPPEPNPFPEFTTFHGCYL,-1.323235843,1
slay_4565,VGLSSTSRNKAVKILVGIRN,-1.322960319,1
slay_4566,THTPGTQLVAISHSRLPPSM,-1.322810796,1
slay_4567,LFFSVRLRSDLTGSNISDCL,-1.322542831,1
slay_4568,VYEILLIYYDRTDNYWNYCC,-1.322542339,1
slay_4569,SHPIRTWLASIVPCLLSYNR,-1.322536349,1
slay_4570,SFDLLCTPSHFLGDSGTLAL,-1.322255724,1
slay_4571,LLYRNYTPSLNGLWYCNFPR,-1.322252293,1
slay_4573,QPQTHPTAGNQTGRL,-1.321935153,1
slay_4574,PLPWTPRC,-1.321733163,1
slay_4575,PAHASNMRTT,-1.32166844,1
slay_4576,FFASALNRYN,-1.321109557,1
slay_4577,PWTYCTYGTRNNHWDFFSQF,-1.320796592,1
slay_4578,TSPKAHTVFGNMSRCVPSRA,-1.320671752,1
slay_4579,RNRPRNPAVGHSSYVERSHH,-1.320629883,1
slay_4580,YFGPFGLPLFRWRRYPRQIN,-1.320528996,1
slay_4581,LLKRLLSYCCHFSPLFRPND,-1.320336196,1
slay_4582,NVIHLRTRQTVLLPSMYIRF,-1.320249727,1
slay_4583,PTATHTPLYYNTYTCPVIPI,-1.319775662,1
slay_4584,KPSIAASPPCPDTTSDRRGE,-1.319737773,1
slay_4585,PNGSNSVPLNTCFNN,-1.319688931,1
slay_4586,LSPRRSAVPKAKR,-1.319658837,1
slay_4587,CRNKPPSPDATFMYGPMTLD,-1.319559646,1
slay_4588,HGHTAARYNHKSSCRMTFPL,-1.3192445,1
slay_4589,VFPDNTTMKARVRSNRRQPN,-1.319049252,1
slay_4590,SPVSYNAPLLRLIERTVVN,-1.319005162,1
slay_4591,HPMNGHCGYYNVVPYHSLLV,-1.318922834,1
slay_4592,PPHSPIYQHPSHFAVHRPLLT,-1.318901712,1
slay_4593,LACA,-1.318869729,1
slay_4594,RVSDRMLWYNCYPLTTD,-1.318715359,1
slay_4595,ARTGMLNSLTIHPGSTTDAP,-1.318641733,1
slay_4596,PHCPSFMDRNIMSFFTFVNN,-1.318602146,1
slay_4597,SPSGCEFSDITHRSVTVGLI,-1.31853904,1
slay_4598,DVELPNDAHPKCPTIRFTSPN,-1.318537585,1
slay_4599,APLSPLGSLYTSTP,-1.318444342,1
slay_4600,SCVGYRFTLNRAENGKFCWC,-1.318325945,1
slay_4601,SDPPDISTNGTISNVSCSLH,-1.318253947,1
slay_4602,SDFNEYKSDSRRDLRSSTHK,-1.31798615,1
slay_4603,TRSPTHTLSLCALELLTE,-1.317857786,1
slay_4604,PNCFNFHPYYYRVCNSLLRC,-1.317814888,1
slay_4605,FVVNPNHPAVSIPIPSRNRI,-1.317651989,1
slay_4606,PRPTLFQLTGNCFSILCVLQ,-1.317638212,1
slay_4607,YWISRLSYFNQPCFYL,-1.317575731,1
slay_4608,CKSWVAYDSHDKSKWDEGIL,-1.317559942,1
slay_4610,LPHCAVPSYRLVGTNYSFPF,-1.317520612,1
slay_4611,GYYHDADSLTACMTTFNIPG,-1.317481131,1
slay_4612,LWFCRPTVERYTWRLTHYYD,-1.317216527,1
slay_4613,DHLPVVTLYSMLSCHSYCLL,-1.317036601,1
slay_4614,TVGHIAHTLITVANTTYYVS,-1.316994031,1
slay_4615,IVSYTADRSTDRISLSRVRF,-1.316930087,1
slay_4616,PTQSGTLNTFHHFVWNTKRS,-1.316921013,1
slay_4617,HPDIHLDHSPCTLRTNFLYL,-1.316768305,1
slay_4618,SPDTRMTRPTPLSFYAHLRT,-1.316729718,1
slay_4619,GKDSCQFCILHFNAIYPYLI,-1.316658795,1
slay_4620,TSCTLVTCPRVWPVTTWAPCN,-1.316638993,1
slay_4621,HHASNSRLLPDSPDSPLCRR,-1.316601577,1
slay_4622,CWRRRPYPLKLFWM,-1.315755907,1
slay_4623,TPTYCSTDDCSARRCVIYNI,-1.315748249,1
slay_4624,RRFGPRPCTPPPNYMVLVTT,-1.315673243,1
slay_4625,QH,-1.315297834,1
slay_4626,VDALSLLSNFNRLNSRRGSL,-1.315175643,1
slay_4627,TSTCFLYA,-1.314928602,1
slay_4628,SCPHTAMDSRFIANRFHAVC,-1.314826857,1
slay_4629,ALPSIHCARSLHHPATNDSA,-1.314815179,1
slay_4630,SRNWAHMLSQVNQMKNMRGLT,-1.314366024,1
slay_4631,HAYPTLPHMRVRDNTLHSTL,-1.314127993,1
slay_4632,SCTLPFPKKPFETFIVLWSR,-1.314053776,1
slay_4633,SRDAPGSYSHEGCII,-1.314012136,1
slay_4634,RILFVPCYLPYLCCMNDIIV,-1.313826131,1
slay_4635,ATCGLPYQPFFPYTWNGSYL,-1.313798652,1
slay_4636,PAFHPTATVPWS,-1.313591847,1
slay_4637,TSISS,-1.313438686,1
slay_4638,YCPPHLTHLFQINYT,-1.313302432,1
slay_4639,HLSSRRAWRVYVSPSSKYDH,-1.313025524,1
slay_4640,YTSSCIIMDPAANSETAAVV,-1.313001356,1
slay_4641,LPRHRGRCCINILHCRAKF,-1.312979063,1
slay_4642,FSASPDAGHLPGSSSNTLHD,-1.312957012,1
slay_4643,HLFTCYPNNSWLTNHANYFY,-1.312852257,1
slay_4644,VHGPPSRPAHVLMTLYYLSN,-1.312811035,1
slay_4645,LLHPCVDYRWMGTYYPLVIW,-1.312779555,1
slay_4646,KLLATTAGRTGTLPAVPARR,-1.312752804,1
slay_4647,PSSLPCMCSINCPFYNFTIY,-1.312558193,1
slay_4648,PNYHSESTGHSRLYRTHP,-1.31242426,1
slay_4649,LHQGSTAEGPSFRGKY,-1.31230339,1
slay_4650,GESQHQPDSPVLPHSPYLLC,-1.312092587,1
slay_4651,CHSQPSDSPVYHALDIDYFL,-1.311918532,1
slay_4652,LLRCT,-1.31183044,1
slay_4653,THSST,-1.311816123,1
slay_4654,PPPVIIRTNDANHCFATVLH,-1.31174835,1
slay_4655,LCPTLPLPETRSYSATVTLI,-1.311632946,1
slay_4656,SALVSSRENLPIHSHYLNRP,-1.311481793,1
slay_4657,PLADILCSDPYVSNHEYTIT,-1.311202747,1
slay_4658,NAFFNNERCSPAMSWLYPVA,-1.31092524,1
slay_4659,LVAHLGNS,-1.310920693,1
slay_4660,FPLMGFKYYYPCYTRSPSLY,-1.310901951,1
slay_4661,PVSPGRHVTIDCRTTVYRPP,-1.310900028,1
slay_4662,PIHILPGFPIFSTTGFALPGN,-1.310878297,1
slay_4663,KTRYRGVHGTCNTMTNI,-1.310751642,1
slay_4664,PHGWICTPSRLNYYLYSAVI,-1.310634195,1
slay_4665,FIDERPLFHMA,-1.310629397,1
slay_4666,NLSSTMARGTCSALRYLDVY,-1.310391861,1
slay_4667,PEHFPSQCFVPSRI,-1.310353164,1
slay_4668,PCAFSSPLDALGFHGPYYVV,-1.31031682,1
slay_4669,YPGSGCPDTNAKREFNGHNS,-1.310305678,1
slay_4670,TTLDPLLPDFVPTTCDNSGKF,-1.310270696,1
slay_4671,PYGLPFCITYALAALTDRRM,-1.310223687,1
slay_4672,LRIAGPGYAGSHYPRSNTFS,-1.309945278,1
slay_4673,IYLLLCYETALICLTPCCKT,-1.309930984,1
slay_4674,WFDSYPYIPCRRCCRYLIRA,-1.3098976,1
slay_4675,CLHSTNHVPKHWSAVPLSFN,-1.309782814,1
slay_4676,STAKSHISIPMCSFYAIKSS,-1.30971422,1
slay_4677,PSSSLPRHDSNN,-1.309554142,1
slay_4678,PILTTRRRALFYSARIPAIF,-1.309302053,1
slay_4679,AAALKSVCNYI,-1.309050163,1
slay_4680,LELYSSRAGSLLDAQASGCLT,-1.309043155,1
slay_4681,TRVPHPFAYHFLCTEASVLL,-1.308900342,1
slay_4682,HGVRIMYNNSVPGIPSGAFFN,-1.308556911,1
slay_4683,PSPYFSTATQYFCHYSFDYA,-1.308535915,1
slay_4684,LADRCKIGPFFNDMNHALSR,-1.308486569,1
slay_4685,VETFDSSDRVPFHTANT,-1.308310406,1
slay_4686,DVSKPYYRSHRPVMSCIDFA,-1.308122969,1
slay_4687,LPNGLHHAVFEIWSTCIIYD,-1.307961763,1
slay_4688,VPNHHPVVVCE,-1.307860736,1
slay_4689,TRRARRTHRVHAAVLNSPTP,-1.307832343,1
slay_4690,GTTFICNIPHSFNLHRSC,-1.307489074,1
slay_4691,SCA,-1.307216992,1
slay_4692,CHTAYNLFRPRPSSGAARLE,-1.307176894,1
slay_4693,PRSDIATMQAPESISFPPGY,-1.307157615,1
slay_4694,LSRPINFPRP,-1.307116004,1
slay_4695,SANVRSQCNTDHVFCQGAYDL,-1.307089654,1
slay_4696,CCTTWWNHCLLSHPFKNTSY,-1.307085085,1
slay_4697,TVRHTISLLRQRLNRFLYRV,-1.307019761,1
slay_4698,RAG,-1.307002409,1
slay_4699,PDFRLVCYHPERL,-1.306951305,1
slay_4700,SDRALRNGFPGPCATVCCIA,-1.306801893,1
slay_4701,CDSPYYDIPLRWSIL,-1.306747259,1
slay_4702,CVTL,-1.306697374,1
slay_4703,RGKHARAYRSWPWIYVLFAM,-1.306653821,1
slay_4704,TPNTESWANAEMGADRVFMC,-1.306551674,1
slay_4705,PIHFLAGPGYL,-1.306437229,1
slay_4706,LCTAFSVYLAQSLKALRHILT,-1.306240421,1
slay_4707,LFVPLHSHTPVWEPIYANSV,-1.306229566,1
slay_4708,HHHCNAYHLRYYHGIPVLRS,-1.306177891,1
slay_4709,SQCTNYPDYFLLSYASLGTT,-1.305900745,1
slay_4710,QTQPPHDSEEADKCLYPVII,-1.305776171,1
slay_4711,HSQRCGMD,-1.305739923,1
slay_4712,KIPVRCGAMDFHMPLTELSV,-1.305622644,1
slay_4713,ETRLHNPRISHNNYWWFMLF,-1.30552807,1
slay_4714,TLSTWDLDHWQCHPRFTTTY,-1.305445452,1
slay_4715,PSHEPWHSAHPPYNSIIVLA,-1.305290433,1
slay_4716,LPSP,-1.30525456,1
slay_4717,YCFSLMVVIRSSRLTLRFRCN,-1.30516196,1
slay_4718,PSTHHTQNCYEGLVIDYHER,-1.305134934,1
slay_4719,DHRIVTLLTLCLVLILLTIRN,-1.304965317,1
slay_4720,PSLPSLKNTPPPMH,-1.304828871,1
slay_4721,ILNRNPYNAPMNLNDN,-1.304395378,1
slay_4722,LRLLPCPIPNPYVYLAFLGN,-1.304371012,1
slay_4723,RMNSSDPIAVIKHYSLASNS,-1.304213786,1
slay_4724,TSFDIVKYLHFFFTFIAFVLN,-1.304114233,1
slay_4726,CNMLLPYLLNGQIYLSYNYH,-1.303754267,1
slay_4727,PSMLLVNVSNHAYLSRGPPA,-1.303711954,1
slay_4728,RCIPSLT,-1.303508932,1
slay_4729,TPFNYDDLRTIVNAISPFSP,-1.303457191,1
slay_4730,CLHLNGPYPYDGAQYIICSV,-1.303443483,1
slay_4731,NANDPVVPHIRLPTISYILL,-1.303424308,1
slay_4732,DDFLSTFYMLAIATLLHMRP,-1.303418067,1
slay_4733,IYPFRPFAYTPPRLQPGPSS,-1.303337257,1
slay_4734,AHIGDAMLSFRHHKTSPVHG,-1.303330308,1
slay_4735,RLKHRSSSQAWYSQIVAFIR,-1.303324988,1
slay_4736,RAYYI,-1.303247673,1
slay_4737,APGISCMLRGTPVVYYSRNA,-1.30299457,1
slay_4738,CCPGRSCATPSFDHNFHLYT,-1.302934003,1
slay_4739,PHLYSLYHKSLCSGISLYYF,-1.302795442,1
slay_4740,YLPSFKRSSIHCVPYDEHH,-1.302742508,1
slay_4741,VSRLSLAIRPACQSCAQHSR,-1.302732438,1
slay_4742,HDHYRIPKHFAHNIDQYTCC,-1.302652537,1
slay_4743,NTLVTSGHVTRAHALFLRVC,-1.302530977,1
slay_4744,PPPCVLTTHA,-1.302323153,1
slay_4745,TFCAFCVPWCCPIMYYSPRL,-1.302300956,1
slay_4746,LNATTNNPINDIDCDTTSMP,-1.302257565,1
slay_4747,PYRCAPILVTYASLPYNI,-1.302235315,1
slay_4748,PRDAHLFYPYGFYSYL,-1.302224662,1
slay_4749,CCTCTDNSYTMFMELAM,-1.301570601,1
slay_4750,SLSR,-1.301549033,1
slay_4751,SLSTYGIHVPGYCLPINTMW,-1.301437179,1
slay_4752,HAYTARVTPRTAETYHPHAS,-1.301409912,1
slay_4753,LDKFYLPQAFSRIESTPICH,-1.301210601,1
slay_4754,PSQIVSYIYSPWADWHTLRQ,-1.30117756,1
slay_4756,PFSYPMYYTTLYNII,-1.301038466,1
slay_4757,PTYTRQYDRTHEPVYYFYLL,-1.300907612,1
slay_4758,RMLYFYWADDSFKIRPCAII,-1.300722008,1
slay_4759,SWSSTWIKFPVRFSGPTCRV,-1.300685391,1
slay_4760,TVDFYMHLPPFRS,-1.3004173,1
slay_4761,WFARGIPCTFV,-1.30034361,1
slay_4762,ARCTIHRILPAGHKIN,-1.300241181,1
slay_4763,PYQMSHTNQSPIFIIMTGTL,-1.300212642,1
slay_4764,VCWQCHTVCPKRTDNWPWLV,-1.300158524,1
slay_4766,TRPCIIHKEYARAGFAKSLR,-1.299838587,1
slay_4767,AYHMAVLRQPSNDPYKHNAT,-1.299660763,1
slay_4768,NTPTDAAHNRMYSCVPISST,-1.299585735,1
slay_4769,YHFTTDPSTWRRFPLNITFA,-1.299188151,1
slay_4770,YSLSRHIVCSSTRRFDSFST,-1.2991373,1
slay_4771,DTTWR,-1.299075095,1
slay_4772,RRHPHALLAPVCTYPLTLFI,-1.29901267,1
slay_4773,TGRRLAKLTVLPLTSRQSRPL,-1.298976383,1
slay_4775,TALGLPPTVSFRLSKFSHAC,-1.298696249,1
slay_4776,HLSLRAVLLQRIPQFNAFIL,-1.298616938,1
slay_4777,PSYAPYSWTCFGPTYLNALI,-1.298525679,1
slay_4778,CLTHWSPMRAYPTYI,-1.298429425,1
slay_4779,QMRPCYANNPAYDWLVALYL,-1.298413148,1
slay_4780,AHFCIDCTFHHDYK,-1.298209099,1
slay_4781,VRTNDPPVLSFPPRLSPSTH,-1.2981028,1
slay_4782,RKTGLRARSVPNDRHALATV,-1.298046242,1
slay_4783,RGPATLWGHFQNPISLLSVN,-1.297865544,1
slay_4784,LVNSRAVLSRTLPIQIRKPP,-1.297836301,1
slay_4785,SRWSIMSRSHTDRTHPPIYP,-1.297580265,1
slay_4786,PNSHYVIYLLFIGCLYRKTAN,-1.297481511,1
slay_4787,RCESTYWRTGHYTSTHTIHK,-1.297424396,1
slay_4788,DTHAFSDKIGFLHRILLQDL,-1.297029969,1
slay_4789,ANYTDFFICFLGAFRIL,-1.297003042,1
slay_4790,SYHNNCDVRAYELPVPTWHF,-1.296969996,1
slay_4791,DNTRRNFDQTPFEIILTYTI,-1.296911025,1
slay_4792,PVSPYSPSSRVHVPAVPDVLT,-1.296782408,1
slay_4793,HSLRSDPEPRPRTTPCICPN,-1.29672406,1
slay_4794,PKNTARYDRTSYKVYITRLK,-1.296556746,1
slay_4795,GCQSLHDSCIYFPSHYNVCMY,-1.296373998,1
slay_4796,VPLCAWSPPTLCLRSDNVPQ,-1.296273068,1
slay_4797,VSHKCIGSPSADWNRPSAGI,-1.296268017,1
slay_4798,PPDLPGNTIPFQCMPQKAH,-1.29624691,1
slay_4799,TTSSDRLAPTSCSVFSYYAV,-1.296214881,1
slay_4800,YCPPIPAHAFCLHPTMWCHI,-1.296183098,1
slay_4801,AVVDCPWHHFNPLRSRLHSP,-1.295711056,1
slay_4802,YHLNIPYSVRKCCFMFFTRC,-1.29567893,1
slay_4803,QVLLSTLRGVYLYTKHYLNP,-1.295621543,1
slay_4804,THLSSESLLLGLSNTLHFYR,-1.295446002,1
slay_4805,NSLTVPHLIRYVETIIGSRY,-1.295418775,1
slay_4806,RTCIKPGRPSNVLAHVTPVC,-1.295398903,1
slay_4807,YDALTAAFIPRSGSPYISTS,-1.295288598,1
slay_4808,NVRPYSTIRIFSPNILVDIR,-1.29497136,1
slay_4809,RYSLFSRNAGYNAFPVNSND,-1.29491598,1
slay_4810,TSCPFNLVHGLGP,-1.294809019,1
slay_4811,SLDSMAPAVCVKPNYIPLII,-1.294640774,1
slay_4812,LLWALVSPIPWLVHSDGKFQ,-1.294593261,1
slay_4813,PQLSSVHTSLDSSITQFA,-1.294562299,1
slay_4814,PLPINPNSPAITPAPQITFH,-1.294425503,1
slay_4815,TFTCRPVTLTNDS,-1.294273501,1
slay_4816,ILRLQPCLLCLFIVS,-1.294256326,1
slay_4817,SHQAYIAHQVHNAHIRGPPH,-1.294220749,1
slay_4818,VYTASPNTNAYCHSPSVPYS,-1.294098403,1
slay_4819,PHLCMTCLGLPNDPRSIWTH,-1.294094099,1
slay_4820,PHHWFSARLDSSHATQGAHR,-1.293713677,1
slay_4821,RCSPTLDSHYNMCNCVRNYS,-1.29340699,1
slay_4822,LLHFYPSLWLGRTRRPIRPCN,-1.293331708,1
slay_4823,PTLPLFDKTRGYRRTTSVFK,-1.293253419,1
slay_4824,PIVMGRARCTIWNAIIDLRS,-1.293084625,1
slay_4825,TALSVENTYSTWLCAPNSLL,-1.292964517,1
slay_4826,ATELLALTLIHRDGRMLRRP,-1.29289655,1
slay_4827,QVRTEKYHHYHYVLPVYCND,-1.292813707,1
slay_4828,HSPTYANFLN,-1.292760809,1
slay_4829,PRMK,-1.292751621,1
slay_4830,IRSVAPNACFKQENLDAFTS,-1.292736373,1
slay_4831,FQSNYNGARHVFVN,-1.292708605,1
slay_4832,V,-1.292695754,1
slay_4833,GTSRSN,-1.292564639,1
slay_4834,DDSTTGCISTHSAVYSMSLL,-1.29245268,1
slay_4835,ACGIPLIRARSICLFCLN,-1.29230259,1
slay_4836,PEGNLNFPPHTGPESAKNLD,-1.292254443,1
slay_4837,CIAVARPKVELGVPPGQFPLT,-1.292181474,1
slay_4838,ERICFLGAENHTTSLYTHVD,-1.291359168,1
slay_4839,AVDTSSPRT,-1.290914631,1
slay_4840,TILLSRLLGRATLLAMIIPCN,-1.290884509,1
slay_4841,ILKNYLFTDF,-1.290678582,1
slay_4842,LCAMVSSFAYVRMVADDLFT,-1.290664498,1
slay_4843,NGFVVCPWHGLLPKYFSYFR,-1.290399671,1
slay_4844,CPTLHNMRPKYAPDALYHRA,-1.290187567,1
slay_4845,DSSAYAPIYMLSVYRVSKYE,-1.290014675,1
slay_4846,NKAERGLTVNHVR,-1.289962681,1
slay_4847,RRTLFQLTGNCFSILCVLQ,-1.289810861,1
slay_4848,DTDYDSTLVPWPCLHQPFIL,-1.289667412,1
slay_4849,TDVTHGSFQCLLVNSGILHQ,-1.289468977,1
slay_4850,RSLLGAFRRCPAVSIWSTLFN,-1.289422035,1
slay_4851,CNHFSAKLMRNTHGPPDIIL,-1.289394378,1
slay_4852,IACRTIPATKMPCCLCMDKTY,-1.289298219,1
slay_4853,TDFATTCFTPDTLFISIWCV,-1.289169233,1
slay_4854,ATSDCV,-1.289042761,1
slay_4855,CNRGRRSGTYSIRESHRCPL,-1.289003753,1
slay_4856,QWDAISSLFGKTFS,-1.288917352,1
slay_4857,RATLIVRRLLSLLRFVRGICN,-1.288677271,1
slay_4858,HTETSQVDDTTTPLYVSCFI,-1.288612536,1
slay_4859,TPRVSVSPLAARIIAPSRSN,-1.288557422,1
slay_4860,YFNRSLKALRMFFNSHGNRM,-1.2885308,1
slay_4861,SLAHHFIRPPMLLTTFSARV,-1.288397124,1
slay_4862,LLRRNILGLICFYNRTFCNT,-1.288379733,1
slay_4863,SEQSVKCPSPYYLSM,-1.288330382,1
slay_4865,HTDICSPYRPPLHTVKIEST,-1.287865052,1
slay_4866,SGLTSPYPYCHRHCRRKFYR,-1.287717897,1
slay_4867,PIHSHTPLWSNRSSPWTTSM,-1.287622922,1
slay_4868,TFAFHPHHTVTYVISPDHCG,-1.287590908,1
slay_4869,HKAYKDYFYCSPFYPANYSA,-1.287522329,1
slay_4870,LYGNRCDQVIHVSDFPPTSA,-1.287519215,1
slay_4871,CITYFVTLCSQAYSRRSRRL,-1.287353154,1
slay_4872,SRLHNLIPSVLIRSVPLNRI,-1.287275203,1
slay_4873,SSDTNQ,-1.287092507,1
slay_4874,LFTTDYCRANRCPTDHVAER,-1.286985054,1
slay_4875,ARASSPRSRSNNPG,-1.286911113,1
slay_4876,PTPLNNRYLFPWCSNTEHWI,-1.286886973,1
slay_4877,MMSPNKADQHSTLFLPALPC,-1.286786389,1
slay_4878,CVYAVICIIVI,-1.28648914,1
slay_4879,SHTYHRALNPWIIRNNQVKP,-1.28639266,1
slay_4880,DLHYYNPRLYCLSPAFALLD,-1.286200875,1
slay_4881,GRFVMMRHLLAVLKNVACGH,-1.285864595,1
slay_4882,SNFASPYVPSNVFVNGHYCW,-1.285750265,1
slay_4883,TTPSIANSLMHMFLTRPGAP,-1.285675052,1
slay_4884,RRHFPVKMLHSTCMNFESLN,-1.285633559,1
slay_4885,QTAHLYLRWPDNAEHSANAT,-1.28548536,1
slay_4886,SRNNISYTNLKSSNPAGLFH,-1.285457605,1
slay_4887,FLAPNPIPAPYRGASAHQLC,-1.285441618,1
slay_4888,SDSSRVCRPTTSFTTS,-1.285399008,1
slay_4889,TRMHETMPY,-1.285390858,1
slay_4890,HDWHMPTLFHPCNWAYNGYR,-1.285348895,1
slay_4891,GCSDHLTSLYQRTLYTTTPW,-1.285260503,1
slay_4892,RRYGASSQSSNLFNLVLFAI,-1.284473958,1
slay_4893,TAILARDVNHMTDLDKCFEV,-1.284407783,1
slay_4894,SITRLGSAASNSRTVNPART,-1.284395601,1
slay_4895,SCGPYYIVVRTYDNGLPLV,-1.284271903,1
slay_4896,PAANISNDYYLNNYLSNGFS,-1.284206026,1
slay_4897,NRYFHYEPYDYFWWRQC,-1.284092597,1
slay_4898,DPFPHANTGVRLFKGNTYNN,-1.283887919,1
slay_4899,FSSCHPNIPDIMSENLLIIL,-1.283702366,1
slay_4900,MCRRIAIFTFRVCIIVGRRTN,-1.283697931,1
slay_4901,SHRPINNTISRHANFRQPLF,-1.28353624,1
slay_4902,PNTLYRPTDLHWHYLPCPTF,-1.283306875,1
slay_4903,CVNQLDVLLVDKNHLIANMS,-1.283216325,1
slay_4904,PVNVHSGSRVTRTCTSPLFA,-1.283059783,1
slay_4905,YVSSSLATLGKNVLVSTYTD,-1.282932802,1
slay_4906,GVTIFHDNLTTCSTLDFCCW,-1.282845037,1
slay_4907,LRSTPVREHFSNNFPAFADN,-1.282567101,1
slay_4908,RRSALNPTSRAGLITP,-1.282306565,1
slay_4909,NSGLCNCIYWRADTKSPGMI,-1.282119672,1
slay_4910,PDCTMYLMCNGISPVQRHVY,-1.281986449,1
slay_4911,HCGNSPIITMPNGIHNYDAD,-1.281965845,1
slay_4912,KIANYHDNNHRTNH,-1.281936194,1
slay_4913,NATADLPATVHVLPWPTYTI,-1.281884928,1
slay_4914,NGIYRPPLVHLFKTPNTSDT,-1.281865409,1
slay_4915,CFISPPLSVLYYLLRSLLDL,-1.281491043,1
slay_4916,GPYDRLSKP,-1.281385774,1
slay_4917,GRAQNSEVMRPMHAFLVYYT,-1.281323684,1
slay_4918,FETPTTRYLLLPLDCSHPMH,-1.281252103,1
slay_4919,CPNLTPIASIPFKRRSNFSIN,-1.281014734,1
slay_4920,SWPPRAYYQHDQ,-1.280994016,1
slay_4921,MFAYPKSARYLHDCVPVFKL,-1.280987252,1
slay_4922,ASPFRFTPFTPTPRLIGALIN,-1.28079208,1
slay_4923,LPGLDLFCRNHRPHP,-1.280743292,1
slay_4924,RSRSQLYSWSHMGHVYMSSK,-1.280678997,1
slay_4925,HAWCLRVAHCDVQSTDYRGI,-1.280591771,1
slay_4926,KANPQVRTSTPRPTIAIATN,-1.280548701,1
slay_4927,RDSEPLYFVKDCGNYCLMRV,-1.280411158,1
slay_4928,PPILLIVGGSSIVTTRRPRIN,-1.280153003,1
slay_4929,PLHLTYLGIVRRVCSWLTNN,-1.280129768,1
slay_4930,SPWQIGADRIVPTMAWRMGT,-1.279870685,1
slay_4931,AVSVFHLTLHNLKPSKFVYW,-1.279715135,1
slay_4932,LMCDETGYGCCYFRRQGVMI,-1.279647917,1
slay_4933,SKDGSPTYNSIPSSLVIILL,-1.279527673,1
slay_4934,RCGLMNGQGLMLYI,-1.279389816,1
slay_4935,YDIRCRPRSPLGLDPCPQGI,-1.279290801,1
slay_4936,TVAQHIRVSPGFCV,-1.27926892,1
slay_4937,RLPSLCHSRILRRLLMCPSV,-1.27906816,1
slay_4938,INKNETHSGDHCCPCHT,-1.278957211,1
slay_4939,PNMPQNSEQSKNSSLSTQNM,-1.278955143,1
slay_4940,FSDICKFCQGYYALERPCVL,-1.27888216,1
slay_4941,TSHYAPIIMVSI,-1.278861801,1
slay_4942,DCYFDNSHDSTITVV,-1.278833078,1
slay_4943,PFLL,-1.278418439,1
slay_4944,CARVSAKTSSTSWTLPHRAA,-1.278348034,1
slay_4945,TMQWSPLRMPRRATTRCGAQ,-1.278256903,1
slay_4946,RWLNQMNHLSNSSCLAH,-1.278216051,1
slay_4947,SRAMPSSAPRPEERQPRDTV,-1.278160604,1
slay_4948,SWYTTVVFAFNLLNCLRVFIN,-1.278141801,1
slay_4949,HHRPGPYHSCT,-1.277987413,1
slay_4950,ANCIISKILTNPTALVSGLM,-1.27791966,1
slay_4951,PHMSPYYRPLRVAGHPHTSY,-1.277650979,1
slay_4952,HHNTCQCLYNTMSDIYHASA,-1.277625796,1
slay_4953,HAVYDMSFGIADRFVSRQSA,-1.2775173,1
slay_4954,VFLVVLIISTGVLPTRTIRCN,-1.277370301,1
slay_4955,THALFFTCIPHPDDNSTTYN,-1.277149549,1
slay_4956,KDSYFLTIAVYYYAHPESPS,-1.277115906,1
slay_4957,LAHSRNPYT,-1.277056534,1
slay_4958,LCPRHGAGITIFRLRLFN,-1.276821238,1
slay_4959,HCGPQANASHVHNIIPILNM,-1.276523018,1
slay_4960,SGYGQPRDPNNKTM,-1.276505232,1
slay_4961,TPPISLCWASRPASNPSPGS,-1.276314219,1
slay_4962,RILRFLRVFLTSRPCARVSRP,-1.27605039,1
slay_4963,SRSSAAACCNYEAFSIPILL,-1.275961371,1
slay_4964,PPLYNKLCSYTVSSSHTGFV,-1.275909195,1
slay_4965,FFRNLASILLFSRDHNCTCE,-1.275880492,1
slay_4966,PSRRGFGLYVQVFNVRRRTD,-1.275632524,1
slay_4967,TALLTTPVRTTSSTDTFFNS,-1.275434459,1
slay_4968,DLGDPLDNITWCMSNSTYNN,-1.275302433,1
slay_4969,PGLASHNGTHQPPCHQCHFPL,-1.275289131,1
slay_4970,VHLLGNSMNGGCTASVHPVV,-1.275228092,1
slay_4971,GLPPANPALHAIIVPCVPII,-1.27515844,1
slay_4972,TISSSARGCT,-1.275124295,1
slay_4973,LPRHQCHPDHKFTLQYLFGLT,-1.275067272,1
slay_4974,AYIHPSGPTDDNPCQTPRYT,-1.274727947,1
slay_4975,CTAYLYGTPDASRCRSCCYT,-1.274602345,1
slay_4976,STFGLFTVVLPVN,-1.274402906,1
slay_4977,RQNLSFARYFPYGVVH,-1.274320798,1
slay_4978,VLRPR,-1.274188772,1
slay_4979,LTSSAIDNT,-1.274167415,1
slay_4980,TLVTPPGFAFVPSILLHRHA,-1.274049748,1
slay_4981,HSDLPSYHVLPHVLIHVVLA,-1.27401964,1
slay_4982,PTGTKGLEHTPMNPFDISLI,-1.273487975,1
slay_4983,LTTDSGWSSGQVDSGLLTRS,-1.273409898,1
slay_4984,RDDNCSRWPMPENTLRLRRCN,-1.273404838,1
slay_4985,PLPKHPQSRYYALAPRTLSI,-1.27338172,1
slay_4986,HHSVNNGWRAYL,-1.27336461,1
slay_4987,PQVRAVAPLGISCA,-1.273307391,1
slay_4988,YCTYYT,-1.2732031,1
slay_4989,NRHFRHLCATDFNGSAFQNS,-1.272954524,1
slay_4990,PTLFPRLMHYLLLAVRKMNL,-1.272925918,1
slay_4991,RTWTDSFNVRFL,-1.272876769,1
slay_4992,SCHRYGSGDYLKTLWRYSYF,-1.272758294,1
slay_4993,VYIILTDPGLL,-1.272702554,1
slay_4994,SFHTRPA,-1.272652308,1
slay_4995,YPSCFCNTRNICQTMQEEII,-1.272542119,1
slay_4996,PTTCTWLPTDYHQCNCHVFW,-1.272282757,1
slay_4997,RAEP,-1.272251314,1
slay_4998,RPDSTHIDHSYGCIYITT,-1.272189311,1
slay_4999,PLPHNTKCRLLPLPFRPRPD,-1.272004869,1
slay_5000,LRILQPPSASYPHDFASRLR,-1.271993885,1
slay_5001,HPWCPITQHSVYIYNPHTAN,-1.271865632,1
slay_5002,PSQPLPCRAPSLWLLTSNTS,-1.271784033,1
slay_5003,LVTDCHLSKSTPATLRLIQDH,-1.271705109,1
slay_5004,GCPPLSPWYCLVAAHYRLYC,-1.271630242,1
slay_5005,TTIFWTRG,-1.271566014,1
slay_5006,SNKHCNYVDTVSLYSNM,-1.271371111,1
slay_5007,HNIVYDSYCTRPSNTPQINS,-1.271303328,1
slay_5008,WRNLPDGTWNYVSDLNAPFQ,-1.271270128,1
slay_5009,QYPPIRKIHSLVMPGRIRSF,-1.271219799,1
slay_5010,QNPDLYLHYLINMNPKAYVS,-1.271201087,1
slay_5011,SAIRSYLLIPYQNCGLFA,-1.271060149,1
slay_5012,CWCRARNPLYDLVYHTSS,-1.270891599,1
slay_5013,SDIHNAVDLCARPLVLLLLGQ,-1.270550742,1
slay_5014,HLRAVLTWITSGRVFCN,-1.270247773,1
slay_5015,HDDSFCFRYVYRRPRQGPAA,-1.270143615,1
slay_5016,GACIYMRICTASPRNILCPN,-1.270011351,1
slay_5017,SFPNRPCTDHHPGCPLKSHH,-1.269838505,1
slay_5018,TDSVPNRLWRRSITYWACAL,-1.269586494,1
slay_5019,TFQYVLPVEYS,-1.269485908,1
slay_5020,APPPRLAHNRTLRCGKT,-1.269474654,1
slay_5021,RRHKRIAAGLLCIFTPSGHP,-1.269389329,1
slay_5022,PCYRAFHHYIKDLILGLVRSN,-1.269359717,1
slay_5023,PLVRYDQRTSPLHHETIVNI,-1.269349447,1
slay_5024,IPCGYTMTSYIRFDTHRNAF,-1.269254625,1
slay_5025,TFQCTDSATPNLTPPFLLI,-1.269240169,1
slay_5026,TQCDHCPYNKPLSPDFVHSR,-1.269130095,1
slay_5027,GMDPLGRDPTDRWLSVDYMS,-1.268840063,1
slay_5028,RNACLTMRSPATTFLLTSTSN,-1.268274981,1
slay_5029,LLYFNR,-1.268084046,1
slay_5030,DSAYSYSCYGPNDSDEIFVI,-1.267882142,1
slay_5031,ADQEISARQFLHDLCHSGQL,-1.267756707,1
slay_5032,LPRAANLHTYDPIISINNAI,-1.267716002,1
slay_5033,DTAPVTGTLFCYPHPYLTGY,-1.267603189,1
slay_5034,HNHLYHDTCTLNRRNCEAHG,-1.267313828,1
slay_5035,RSINYITIHPLSTRIFIPAP,-1.267302728,1
slay_5036,LYHHCICPFPVPSFYGSHSYY,-1.267275097,1
slay_5037,PLNTTSLGNNH,-1.267177356,1
slay_5038,TSVILVRLSALRAYGTLRLV,-1.266931376,1
slay_5039,PYDSGYTKVHAIIGTTSNQT,-1.266822294,1
slay_5040,VPHHSYFSSRRI,-1.266753898,1
slay_5041,WPTSHTRSLLAYNYQCNGT,-1.26669434,1
slay_5042,PARCYTGHRFYHNVNALGNK,-1.26643296,1
slay_5043,VDHRRHLRWDSCARTPLTSG,-1.265910091,1
slay_5044,AWRHQVIAPLYYLNFYTGSGN,-1.265738748,1
slay_5045,CHALTSSCLTGFTIKLTVITN,-1.265442096,1
slay_5046,SANAPFCFLCTCPYTITHTI,-1.2653499,1
slay_5047,GNSAFGPFDVQRISDSNIDV,-1.265330925,1
slay_5048,TSSRRRIWVMLISLFLTLFAN,-1.265280761,1
slay_5049,FVIHPVFHVPPVVTFGPFSL,-1.265080115,1
slay_5050,GFADCLPIYGLLHPYYKFHI,-1.264983726,1
slay_5051,PPVRPLNCNYYQHNYTYAWL,-1.264757065,1
slay_5052,AHLRELSGLNPRNHARSNPF,-1.264165135,1
slay_5053,LSMFRCPDTYPDHFLELTLR,-1.264131636,1
slay_5054,PGTPKCTAVVYVSSLAMRC,-1.263978486,1
slay_5055,YSCAGLPHQFYCHYTCNQPL,-1.263839969,1
slay_5056,NRLGTHAAEYAGSCIYR,-1.2637408,1
slay_5057,PPSSRSHHRRLPASCLATFI,-1.263603581,1
slay_5058,ANRVPCAQLWNATPIFCNIP,-1.263503275,1
slay_5059,NMCPWMPPLLL,-1.263150013,1
slay_5060,LMPTPSVHASIPRGNPIIRTN,-1.263007057,1
slay_5061,YFLNPMSIYHFLTLHCLNYA,-1.262966718,1
slay_5062,RRTWPCIPLDLRHGLTSYKP,-1.262755425,1
slay_5064,PTIPWSCPDTNSSPFVLAFA,-1.262252333,1
slay_5065,GPLYDKFSLEPRVTLEFYAH,-1.26200958,1
slay_5066,ACSDIPDTDNYRVNRQSALTE,-1.261968886,1
slay_5067,QPVWHLRFYSYRKSHYIVSP,-1.261869181,1
slay_5068,DAVDSLNTYYTLMDCIYRHS,-1.261686796,1
slay_5069,LPLDTSNLDVPIPVQNSISL,-1.261660582,1
slay_5070,TPGLIILCPTHGSTSLNPRS,-1.26165457,1
slay_5071,TRPTNAMCTNST,-1.261297157,1
slay_5072,VINRLCTTWGLVLVSCLILPN,-1.261191214,1
slay_5073,TCFQNARMFAPFSSYSV,-1.260939563,1
slay_5074,CPSPTVAPNPYTVKY,-1.26091176,1
slay_5075,RLTSRANGCFPHHQHRRETS,-1.260871901,1
slay_5076,PQPVPFEDVLDCAARLYTPS,-1.260678866,1
slay_5077,LGHLYPSHILCCALVIPHAP,-1.260436936,1
slay_5078,PMCRSHLNDPFQLILYRTAD,-1.260232423,1
slay_5079,GARCVPCCGYMLTYDLLSAT,-1.260056167,1
slay_5080,PIRPNPPVCMSHPMWLNDTA,-1.259964644,1
slay_5081,QTTIHCPRVNPFTLPIPFCS,-1.259923068,1
slay_5082,DPHRQSNPFIHNCATDKWWV,-1.259903285,1
slay_5083,LNLHCYTSVGHDIPRNGSDN,-1.259867355,1
slay_5084,AFFLRPVNRHYTFDRIDKSF,-1.259772222,1
slay_5085,TIGHCSE,-1.259711771,1
slay_5086,LLSFSCSPFIYNHVNPSFTL,-1.259672576,1
slay_5087,DILPLAPVSRARRLKPGPPD,-1.259606534,1
slay_5088,NLPQMYACPMTWSLMARRTN,-1.259505285,1
slay_5089,CSLRCLS,-1.259499953,1
slay_5090,PNLPIIFIGRCYRRSRIYRP,-1.259426434,1
slay_5091,LRRGQPFTACTLGNNSAYAL,-1.259060446,1
slay_5092,SSLCCANNLLRAPESSPARR,-1.259026671,1
slay_5093,HGQGFYPCIFYGLAVNTRIC,-1.258890186,1
slay_5094,TPCIHHNLPWIVRLFSLLGS,-1.258870412,1
slay_5095,APPTTVLATTTRRRLRSLRRN,-1.258667345,1
slay_5096,DCFTSFDFVLNY,-1.258575868,1
slay_5097,PLLVPYAPCYTVAIPINLPK,-1.258433945,1
slay_5098,TSPNCSPNLNTGRYLSYDLI,-1.258272908,1
slay_5099,NIHHNYCDVPRAYKNLSGIL,-1.258263208,1
slay_5100,TCSQDSSVLNNAHIILVSGT,-1.258174519,1
slay_5101,TARIVCADAEILARLVDSNN,-1.258112683,1
slay_5102,RYHSLPAWSAIMCPIARPLFP,-1.257989756,1
slay_5103,TINPRPSLRAIKNGAVYSAF,-1.257953889,1
slay_5104,FFDCTNVNGAHSLFYLTNPI,-1.257949208,1
slay_5105,SCKTMLNHKLMDHITSLFMH,-1.25789545,1
slay_5106,ATRVDPQCWRYYLLPIGNVL,-1.25775379,1
slay_5107,TGNNAPHWPLWALYPRVPCH,-1.257715651,1
slay_5108,LAYLIQ,-1.257705636,1
slay_5109,YNPCSLLCSRYTNCPFTNRD,-1.257673809,1
slay_5110,ISGMPSLLPYRYRRKRTASH,-1.257614718,1
slay_5111,SCHTVCNPPITLLPLPYNAI,-1.257494195,1
slay_5112,VHDDAPTSIYADCTTLISLV,-1.257186805,1
slay_5113,RVRCFDLPTRFPYKLYLMYG,-1.256946826,1
slay_5114,HPDAHSAGHRITPVLWPIQA,-1.256901443,1
slay_5115,YHHCPFYLNL,-1.256789019,1
slay_5116,GHLVSFFP,-1.256649045,1
slay_5117,ASMTHNTKFTSFRRIMTTSR,-1.25658914,1
slay_5118,PNMLYNNNNTQTGSTPYATL,-1.256455261,1
slay_5119,KTSKLIDGNSMRVNSNIGRF,-1.256193521,1
slay_5120,EELVMLMGVGVINMHHVHMC,-1.255984286,1
slay_5121,VMELISVLYPPLRSRLTGVT,-1.255868122,1
slay_5122,CYDVDHYLGLPIFGA,-1.255691835,1
slay_5123,PTLPCNSRYMIDFAYAGYDD,-1.255615932,1
slay_5124,TPSFECALTMLHSTRVKTRL,-1.255441794,1
slay_5126,RITRYARNVISPFRVPVVSY,-1.25495249,1
slay_5127,CP,-1.254860275,1
slay_5128,PYFTPFGHSCTLPVTIPYPYN,-1.254849856,1
slay_5129,LVYSADAMFYPTYTLSGTRR,-1.254722815,1
slay_5130,MFHPCFTSAPDGSYLRRYVK,-1.254510615,1
slay_5131,VLWNLCPDLQGTEYVS,-1.254419578,1
slay_5132,TSCYPYSYTSSGWDSLVIGL,-1.254414439,1
slay_5133,HTTLFAATPGPMAAFPIIYLT,-1.25440523,1
slay_5134,AAFPIPTSRPRNFGRARLLL,-1.254331354,1
slay_5135,CINYIFYNTIRSDYVTHLVS,-1.254010541,1
slay_5136,TILILLPLLTSSRFFKPRTS,-1.253970129,1
slay_5137,CFRARHSLDLKNIPLRLV,-1.253868106,1
slay_5138,WPWHTLYEALYLRYTTTSKS,-1.253722814,1
slay_5139,PLQCNHTLHHPWTSVIYGDM,-1.253704595,1
slay_5140,EHHHSTQFYTNQRDCTIGPR,-1.25367249,1
slay_5141,NCCYHPCFTTLTYTTMSKNP,-1.253408269,1
slay_5142,TLFTYLAVFFHLILAGHFFH,-1.253375337,1
slay_5143,HCPPVYWFLNSSSGLDTPSP,-1.253354402,1
slay_5144,TECELTNRCLLPHIYIVFKP,-1.25328791,1
slay_5145,AGTCLPWITLPVFCPSMRPLN,-1.25301776,1
slay_5146,AHVPSRASAHEGA,-1.252962783,1
slay_5147,ARRIMRSLSYHLRAFRRLRT,-1.252873584,1
slay_5148,CSPTRRRPAYCPSEDQAL,-1.252805366,1
slay_5149,CMYTNVVHPYPCQPTYYRCP,-1.25256033,1
slay_5150,TSQNSIVFSTSGRRKKIRRGN,-1.25246471,1
slay_5151,YDPPSSSAIHSFLTPWFFLC,-1.252464554,1
slay_5152,PVHLDMTSAHINSKRNTLTS,-1.252394494,1
slay_5153,TP,-1.252392555,1
slay_5154,RVNVRNCPCLKQPCSIAARP,-1.252022259,1
slay_5155,RHFAMPDISTIGM,-1.251964456,1
slay_5156,SVDRRHKFELLLEHR,-1.25173398,1
slay_5157,GNTSTLRPDFSHCSITKVAV,-1.251675845,1
slay_5158,TTDSSPSHAIESQRLDNTHY,-1.251647128,1
slay_5159,ATCWHPLRPSVFTS,-1.25162153,1
slay_5160,RTCHGSTSTHSPALFQFFHY,-1.251420121,1
slay_5161,TETPNSATDTAHTETYCSYI,-1.250967469,1
slay_5162,YVVRMTCIIRLFSVGLCLRFN,-1.250812051,1
slay_5163,TVCPLCCRPLRRRIPALFPSN,-1.250610427,1
slay_5164,PHVPCSCSRLYTSRGIRLGSN,-1.250459522,1
slay_5165,IDRRYLGTVSFA,-1.250409299,1
slay_5166,CHPGLYKKLRLYYLAYTECD,-1.250404471,1
slay_5167,TRCIPFLMLFVICPQRGTIPN,-1.250351737,1
slay_5168,MAISLPTFLHPIHDCRFTWY,-1.25028052,1
slay_5169,CLQIHPKLCLCEFYV,-1.2500332,1
slay_5170,PCWGYLVLPRYSDFTKPLY,-1.249939498,1
slay_5171,PMDSSNDGSYNEGHKSIDYV,-1.249883213,1
slay_5172,LSHYCDGSMLLRILAGSTVVN,-1.249861156,1
slay_5173,STTTGSHTHN,-1.249755623,1
slay_5174,SWPRPA,-1.249726422,1
slay_5175,FSPVLGSATDYPLMYECKYC,-1.249695515,1
slay_5176,CEELPQCTRHHFDPFSNSVP,-1.249613935,1
slay_5177,PCRRSRSHSPSRTNEPHLPP,-1.249427128,1
slay_5178,TCKCSQSSQHTNRQFNSNYP,-1.249094082,1
slay_5179,VDLHLFLLFLSTTFYLRLKA,-1.24904187,1
slay_5180,IVTRSNTSTPPPITCLIIGL,-1.249020133,1
slay_5181,VLCPNRSPASYSNMIKELHI,-1.248993972,1
slay_5182,NDHYVPIHPGYCDPFDTYRV,-1.248787902,1
slay_5183,TYRTPLSWPHLHYCIINRRT,-1.248695806,1
slay_5184,FAPLCCDNWHLPPVYPSADP,-1.248645574,1
slay_5185,PRYCNWPSFYAYRHIDTIYV,-1.248558162,1
slay_5186,LYIVPNMTYSCPRPNFRLRN,-1.248293349,1
slay_5187,LDSMCRFFRRAIRRLTVRPGN,-1.248270496,1
slay_5188,PYADTPIYSFRIAQRACFKT,-1.248053199,1
slay_5189,NSVYLDRYLIDLMSSHQKVS,-1.247986441,1
slay_5190,HWSLLHIMSPFSHVYTATDV,-1.2479174,1
slay_5191,NALMPHPDIVHCMHNYSTLT,-1.247883223,1
slay_5192,YNGKRRTGLCILRDAFGVKQ,-1.247838865,1
slay_5193,PTNYNAVWLITSLT,-1.247832786,1
slay_5195,SSPTRFRASSFRTNLRHSHA,-1.247519294,1
slay_5196,DGREDTIF,-1.247297211,1
slay_5197,PHIIMVISLTLRLRRTSGLCN,-1.247214874,1
slay_5198,RLLICAPAREHGSDMSN,-1.247168661,1
slay_5199,MCFCNLCLRPALPPICYQTM,-1.247033592,1
slay_5200,TPVPPSVPDHSSHECKTTDA,-1.247022951,1
slay_5201,LMSLPRIPKSVWLYASSSVP,-1.246920217,1
slay_5202,VSPGTSVYDVHMYIYYRTTN,-1.246901441,1
slay_5203,QAADSLPNSCPITLRGPSTH,-1.246832773,1
slay_5204,PDSALTDSSIWNPARWKPFI,-1.246761877,1
slay_5205,LLCTSFTLITPFKYDYPGGC,-1.246753389,1
slay_5206,PAVFPTTSCAYCPVHTALTI,-1.246577106,1
slay_5207,VLLRNPDILTGEDRSHSINL,-1.24653823,1
slay_5208,SSSIYRNHP,-1.246475318,1
slay_5209,VSCMWRHA,-1.246309032,1
slay_5210,CPLLKHMRAIPWYPLLARLS,-1.245922317,1
slay_5211,RGLILCTPAIVLSLTAASNL,-1.245709438,1
slay_5212,GFLYSPTNSPFLISTP,-1.245635944,1
slay_5213,QDHSTFCLSITLDLSFRFGP,-1.245596194,1
slay_5214,PPRSLRDDLSHCDVPAYYFI,-1.245584662,1
slay_5215,LPCGCFNSTYGSNPTSIVLL,-1.245401112,1
slay_5216,RSIYRNAAALNHVNNTLRNI,-1.245299497,1
slay_5217,CYPPVQGADAVSNGYNNKTG,-1.245181421,1
slay_5218,KLLLCRLFTSLIAYVSSCIN,-1.245159204,1
slay_5219,SGRLLHRLSTDLTDDYYDCM,-1.24490586,1
slay_5220,KTSYDTNYFFCYL,-1.244450322,1
slay_5221,SQYFCASASPVSVDLPIPSR,-1.244422174,1
slay_5222,QSRYCACNSMCSYNTMGILL,-1.244341576,1
slay_5223,YILPVYLLMFAVPNKSRRWAN,-1.244264725,1
slay_5224,CDPDPYSAMFLLATSAHTPD,-1.243913486,1
slay_5225,ALQETSRYGLPSLNCLTLIA,-1.243657645,1
slay_5226,HRCSPFRQGISLNMPMTTDS,-1.243626413,1
slay_5227,PPTILT,-1.243525015,1
slay_5228,CGPLLEWNRYFPFRWRRLMP,-1.243506011,1
slay_5229,DAQSLLSHPAHHLKEPSPDS,-1.243470549,1
slay_5230,TLVCPHPTSYPHTSSCSNCT,-1.243353972,1
slay_5231,IHSGCHYKLPCCNFCWQCSL,-1.243278631,1
slay_5232,MITSSPYCYCPIFYNYLSTN,-1.24318619,1
slay_5233,ICRSRYGLGFTSSNWDNTTP,-1.242704161,1
slay_5234,PCCSHTTCVTGLYIA,-1.242686058,1
slay_5235,CLYTKQATFDDPPALDFQVI,-1.242628472,1
slay_5236,FLHSIWLVIKHIKFKTFGTI,-1.24225735,1
slay_5237,NERLIGTLYLTTAAVNDLAI,-1.242238834,1
slay_5238,HSHRSATRLTPCHGITQRLDF,-1.242230498,1
slay_5239,HTGTDILAPCPPSIYEVLVI,-1.242198723,1
slay_5240,ALVWHHCFLPFLIMRKWHMC,-1.241996292,1
slay_5241,LHGPRRRFKWRRRYDGSSPT,-1.241828574,1
slay_5242,APPFACAHHNINIQPHPAMY,-1.241629047,1
slay_5243,DYTAPYSDPRCYRPFRLLYH,-1.241562615,1
slay_5244,HPAAADDSWCPHHNFDVFIL,-1.241551326,1
slay_5245,HDRGDPLMPYSTNLTTFSTT,-1.24132603,1
slay_5246,RPSAHYNDLQMSVEDSRSDH,-1.241138166,1
slay_5247,CFDGCYRTTSSCPVPRFFTF,-1.241094237,1
slay_5248,PDWYHDWPTYKLCTISCAGD,-1.240902034,1
slay_5249,TSPGTDAPNPVRSTTFKMDF,-1.240679342,1
slay_5250,SNIARGIINY,-1.24054512,1
slay_5251,RTCNRAPWRTLCIISRALFY,-1.240436145,1
slay_5252,AADVYMLHYFRYFPPSVSEV,-1.240162094,1
slay_5253,IIHFFITLYLASHYAPSIES,-1.239842817,1
slay_5254,WYLSTGIRYDRNHTDWHFSM,-1.239824185,1
slay_5255,WTVTVDFRPRLKEDSRYYDS,-1.23979454,1
slay_5256,APYCTPFSYFYYGPTLTYLP,-1.239697085,1
slay_5257,TDAVRVFSFTSD,-1.239695561,1
slay_5258,DAVSHMCLELAFRNTCWFAL,-1.239645829,1
slay_5259,SARPSANTTPAIIVSCYELV,-1.239362824,1
slay_5261,SCRPSRSLFPYYNIVMVNRF,-1.239208667,1
slay_5262,YVTPEDNTCDTDTDHYNP,-1.239187543,1
slay_5263,CHRFKVRNCNHAGIVVLTYI,-1.238988665,1
slay_5264,QTTMHTCTTGYTRTARNGFD,-1.238959968,1
slay_5265,ALCYRQMPMSSSFSNNVHSD,-1.238938207,1
slay_5266,LSAVDCHLHSIYGAFPLAVW,-1.238913463,1
slay_5267,ANGNRSMYGIIHAISCVWLS,-1.2387788,1
slay_5268,RPLNPPYCGCPVLLPWAEIT,-1.238757406,1
slay_5269,NQPTSQRHECIDSAALPIIC,-1.238630177,1
slay_5270,ASSGFFDRYTYCQFPMWQYL,-1.23842306,1
slay_5271,NICHCLYWIWNCPFYINATS,-1.238171769,1
slay_5272,RPLARSQNSHHG,-1.23788573,1
slay_5273,HPYACPFSPFLTYVKNGGPT,-1.237400782,1
slay_5274,HIMTTKTGKHRIHYPPVIIS,-1.237399035,1
slay_5275,MALRHDYANNFYVVNVWNLY,-1.237379525,1
slay_5276,PYWCPRNRLWPPSYLSHINS,-1.237280684,1
slay_5277,RARAMYLNCRRFLRLL,-1.237178488,1
slay_5278,HVSSELLHRSDKHSTRPYP,-1.237070861,1
slay_5279,SHIISHAVRRPRYMDSRKFL,-1.237002257,1
slay_5280,HYWITMSDSRPNTQLIKYFR,-1.236762921,1
slay_5281,TLLLTQARYLKKSYRRRLTH,-1.236522464,1
slay_5282,HHLRAKHDYIF,-1.236448715,1
slay_5283,LIPYFIHHLYRTLVTQIPTR,-1.236121081,1
slay_5284,PRAPDAMRRTFTMSFITLILN,-1.23602152,1
slay_5285,TEDAHLYATACPHAPSVNRH,-1.236008859,1
slay_5286,GSVACTCRMRGHCHYSTVRI,-1.235923466,1
slay_5287,PCVYLALAPVRRPMSVTNSS,-1.235764423,1
slay_5288,LPVHLGNNKPFSAWNNHSAV,-1.23566505,1
slay_5290,ERHRAAFLSGTFHPVNSSNH,-1.235523241,1
slay_5291,PTGQCTYVAPWYGYQSLWNK,-1.23533029,1
slay_5292,EMIITPPGLDDLPDHFWVRS,-1.235316632,1
slay_5293,SCFPLGWALTHLPPVTRANL,-1.235055377,1
slay_5294,LLLYFWIGRMSIDSSNCVFQ,-1.234971148,1
slay_5295,TPFRVFWLLGLIGIRIPRFLN,-1.234967266,1
slay_5296,AFRTPYNMFDILQVRCIRPP,-1.234940236,1
slay_5297,CNVPAIHNTHRPFTTSPRQD,-1.234901289,1
slay_5298,LYPRLVRVHQHRCFPYFDLTE,-1.234879722,1
slay_5299,QFNNR,-1.234490276,1
slay_5300,VLPTRDKPDVLPCFTATLIV,-1.234420001,1
slay_5301,HDLARHSHTSYDPADSINLR,-1.234378978,1
slay_5302,TA,-1.234182813,1
slay_5303,LSSFGQACKCVTL,-1.23412395,1
slay_5304,CRSMSRPTPPDSWLDNSRVR,-1.233945972,1
slay_5305,FRNIQDDFIHYNSINRVVIW,-1.233785855,1
slay_5306,ATHGHSNPREHCSTLESSHL,-1.233722722,1
slay_5307,PSRIKGSP,-1.233657983,1
slay_5308,HPFDEKSHHCSDSYLSVSRF,-1.233655223,1
slay_5309,HPAGQL,-1.233622795,1
slay_5310,YLLNMYSFFGINPGIRNFTM,-1.233218002,1
slay_5311,MGSPIGWTVIPTVFT,-1.233121091,1
slay_5312,AAYCE,-1.233103196,1
slay_5313,LDEHYSQGHNSKRFNLFLTN,-1.232919545,1
slay_5314,IHRRISTVHRDP,-1.232860377,1
slay_5315,SGASDLLNWFCLRPAMCEVH,-1.23285035,1
slay_5316,PPKGRRICYLHVPHDLPTSTN,-1.232841289,1
slay_5317,PTDDPDSSNNMCRRLHIGLV,-1.232775815,1
slay_5318,HTLVPHTCHCIPPHGFMIYI,-1.232571223,1
slay_5319,LTVPLY,-1.232188953,1
slay_5320,RFHINTACQFPEPTNIP,-1.232066022,1
slay_5321,ATRVHTTGPMNDAFLQCRYL,-1.231897285,1
slay_5323,AGGIALTTHRWASYSLPGNK,-1.231844521,1
slay_5324,AITNDGIRNNTLKLKCRWAG,-1.231753688,1
slay_5325,ALAATRSPQRPSFPDSCGDR,-1.231721124,1
slay_5326,PMFLDSTARNHYS,-1.23166859,1
slay_5327,PRDESFGLHSPFFHCSTYSV,-1.231628363,1
slay_5328,SSMFHCLLTACCYTLGMTPI,-1.231330365,1
slay_5329,HIICHPRPSSYLKLGSASTD,-1.231319745,1
slay_5330,LYQPRFIITTD,-1.231221229,1
slay_5331,PSQFLRLFVSPMIRKNSCLWN,-1.231157023,1
slay_5332,LCPPARLHRPGESQPPLLLL,-1.231047052,1
slay_5333,HCLNDYLYKLVFPLKY,-1.231040408,1
slay_5334,CRPSIGYTDQPFVDLDQFII,-1.230999854,1
slay_5335,PILDTFEIMLQPAPGRNYLT,-1.230714058,1
slay_5336,EDRKHTNHSSYCIPLDIVDS,-1.2306952,1
slay_5337,LRSLTILLTSNQTWYAKSHQ,-1.230639696,1
slay_5338,CMYLYHGPMTVLAQYGACNN,-1.230629691,1
slay_5339,CAPYPIPHTIVMNDAGPIYG,-1.230609636,1
slay_5340,NRPTTALMCPYWI,-1.230589147,1
slay_5341,CPWAPNVFPLTHKVLFRPTFN,-1.230544803,1
slay_5342,FFHYYPFRVTPCTISSIYYS,-1.230503933,1
slay_5343,PTYYVRCAYNRDPPFLSATA,-1.230435504,1
slay_5344,SASFLCTAIYDRL,-1.230396777,1
slay_5345,RDATTVGVEPNFFTRLVLYY,-1.230326804,1
slay_5346,VPMATCTPPRGSIQSVDGES,-1.230170378,1
slay_5347,PFHEHDATRP,-1.230152216,1
slay_5348,NCVPLLLDASGL,-1.229817057,1
slay_5349,SRTDTLPPPNEPYDYNMLLA,-1.229770901,1
slay_5350,HPRDACNFRS,-1.229697775,1
slay_5351,PRRRFDPSCYQLYSLTMYDN,-1.229682518,1
slay_5352,SDCRLQYFPSVYLTRLQYNI,-1.229638287,1
slay_5353,GAHSCPAIITLPHRLAIV,-1.229558965,1
slay_5354,QSSPTIPCCILGREHPCFSV,-1.229552919,1
slay_5355,FLDHLTYSETYRVLII,-1.229301597,1
slay_5356,RSAAFAIGSTDGTLTSNAYS,-1.229163817,1
slay_5357,DIPVSSIN,-1.228961806,1
slay_5358,FYPPGPCPYYYHANPTHFPI,-1.228948249,1
slay_5359,VIKWLAIQWT,-1.228641094,1
slay_5360,PGCTPLVMTSFNPWYAMTCC,-1.228388273,1
slay_5361,SLLRFVCALARRFASDYYRG,-1.228363154,1
slay_5362,GLSNTCEGYFPWPYNRLFYY,-1.228305571,1
slay_5363,PTADLPTWMVFRPIYCMPVE,-1.228180137,1
slay_5364,LYEI,-1.227931818,1
slay_5365,CLLVPHAWLLY,-1.227875554,1
slay_5366,HTFQLGPRTSIPLSYVMGPL,-1.227819695,1
slay_5367,QHDSSCETHPLLILVGRGYS,-1.227664092,1
slay_5368,NTYQVHSKIATVPCRIDKYY,-1.227658479,1
slay_5369,NPAPYDCPTRILRSVSNHND,-1.227621534,1
slay_5370,RAVFNTVGPNRFWNFMSAWQ,-1.227441603,1
slay_5371,RPPYDYQHYWRHCHNLCEQF,-1.227343612,1
slay_5372,PSRSLKCMWSATHDSTDNFV,-1.227223199,1
slay_5373,LAYTLVDCKTFSIRASPKRP,-1.227208627,1
slay_5374,ILGEWIHNFLHTRQHNRMAD,-1.22718903,1
slay_5375,VNPSVCLPSGVYTILPLVTE,-1.227119269,1
slay_5376,SHSMHTRT,-1.22693896,1
slay_5377,ACSNLVSVRKPHSCSGPRYD,-1.226931493,1
slay_5378,PTQHDKILIQSPCINYVTFA,-1.226796642,1
slay_5379,PHGADLLPNNAPVNVCVFHSN,-1.226576202,1
slay_5380,PRARNLLPEPYRCGAFFIPL,-1.226480537,1
slay_5381,PAPAPNLLHRHDPEFISPNV,-1.22644674,1
slay_5382,IPYGPGYVLILRVSVNFFCG,-1.226325354,1
slay_5383,SLFDDTPRYTWSSANNYLYC,-1.226064631,1
slay_5384,AHSSFINHCHFCIAYPVNTR,-1.225921303,1
slay_5385,YYYPGVYCGWFSYNVCFSML,-1.225564099,1
slay_5386,RVPKCLLPGATVPLYMVVTA,-1.225563977,1
slay_5387,YTSPQPTTHDAVSHFHGFGL,-1.22554303,1
slay_5388,PRPMSVNVTSVDV,-1.225352873,1
slay_5389,PRPTNANFGS,-1.225067203,1
slay_5390,KPCIACTYRSLSPALLYINL,-1.225013761,1
slay_5391,PMGVKIEALRPAEGNCTAAI,-1.224763799,1
slay_5392,LTPYGPCVHRWVPDWLLGGL,-1.224760294,1
slay_5393,LQHETVH,-1.224584713,1
slay_5394,NRNLHCDF,-1.224523259,1
slay_5395,LSGIGPYCPLVAHGSASTGQ,-1.224510795,1
slay_5397,PARPSGTIY,-1.224471166,1
slay_5398,PGHKYRALVNIQFNSHWYSR,-1.224241228,1
slay_5399,HKLQRVRRDTTDPLSGFRRH,-1.224121563,1
slay_5400,CLLCHSFHLWRFTVIVLIALN,-1.223953652,1
slay_5401,GTDLVSLLAKSSCYRSFFSH,-1.223751637,1
slay_5402,LAPLPAYRCYGVDSVHHVAH,-1.223558253,1
slay_5403,EPSVTRTYWPQCITPEYASI,-1.223224147,1
slay_5404,DGPIRLHDHGCNIETWALV,-1.223101929,1
slay_5405,TYVTLSVKLTGH,-1.222998967,1
slay_5406,TSHASHFTYHLSESQISNFY,-1.222992025,1
slay_5407,TTTAPSACKLNYTFCPTLIA,-1.222932368,1
slay_5408,CANRNMLPCLLDLVLVSANV,-1.222921386,1
slay_5409,CGAPATGRARERPNFMLLYY,-1.222555726,1
slay_5410,TSYILRLFRFLTVTRRYFSN,-1.222552068,1
slay_5411,LPSRCSRVPFSSPDSQSAVS,-1.222486577,1
slay_5412,LYIKSTRNSYFLTSRL,-1.222259689,1
slay_5413,PTPCDYFHPRYLAYGNPYFL,-1.222229962,1
slay_5414,LRYNLPAAPLCSDAYSPWTT,-1.222222462,1
slay_5415,CCPTCDHCVPYYSCRLAHYA,-1.222195366,1
slay_5416,RLRRPPYMALTNSESYLPSV,-1.222141813,1
slay_5417,TSIWRFPILLYLKRHFFRFL,-1.222117385,1
slay_5418,LPDTSFSTVCHCMD,-1.222030935,1
slay_5419,PVPSSSYPTSISSCRSSNVH,-1.221879821,1
slay_5420,SGAALFYMPCYAPVSTHMA,-1.221853584,1
slay_5421,ASLYTPRMARPCFLIIDVTS,-1.221816641,1
slay_5422,VLPPPHQFRRHRRRGLCPCL,-1.221800078,1
slay_5423,GISSSVNSCGYLPLYHTHIF,-1.221777615,1
slay_5424,HEGISPFQSSHLNDPFTCHT,-1.221620123,1
slay_5425,VTLMLRIVATLVGIRLIRRTN,-1.221598585,1
slay_5427,GAYVHFLFVVRNRPVHHNVG,-1.221517105,1
slay_5428,MMLVLPLSLDKGSCGKTHNP,-1.221339043,1
slay_5429,LLSPFVGPTISYILYSLIQK,-1.221166119,1
slay_5430,RDLQNRCFYWPRFIGNLSNP,-1.22108612,1
slay_5431,SHVTVLTRELLAYRSRSLIP,-1.221016138,1
slay_5432,TKCTFFRRKRISVCPVPVTTN,-1.220926308,1
slay_5433,PTNASPISGTSLSSTDSSHT,-1.220821115,1
slay_5434,AAGTRTNPVMDKTTRDAAHQ,-1.220157128,1
slay_5435,RALIVLPTYNRSSHQSFNPA,-1.220046132,1
slay_5436,NCKNNEQHPARYLPTVERLA,-1.219935224,1
slay_5437,INWHHTSMSTTPCCHPTGLY,-1.219860937,1
slay_5438,RIPYIWLLHEYSPYNYDNIS,-1.219823945,1
slay_5439,DGDTQGDTGHLSYLTLLYFY,-1.219755538,1
slay_5440,PDIYTFSPRVWSALLPNYYF,-1.219738143,1
slay_5441,GPHYDRSHNYPYILTLYDCT,-1.219733663,1
slay_5442,APVRANSFYLTWPPSDHPSC,-1.219669529,1
slay_5443,TPKRKYCKSSLFKLFNLFFR,-1.219588361,1
slay_5444,PTDFLFDSPRNIYRHYVS,-1.219325062,1
slay_5445,LYWFVSNYDVTVSDSDRTIT,-1.21927505,1
slay_5446,GLTRFHGCVYILFIISVRIR,-1.219239381,1
slay_5447,YTSVPRSTHTPCAFALFDGL,-1.218828883,1
slay_5448,SAARCLVPSLISYNAPTRQA,-1.218746586,1
slay_5449,TICFQLGAIIMCRLASTSN,-1.218454383,1
slay_5450,AGFRYFPSPAPTWIYRKQQS,-1.218314021,1
slay_5451,PRLPCGSDQSRVPPITNSRR,-1.218312302,1
slay_5452,PGFRHHSGPARRSSLR,-1.218136542,1
slay_5453,NRECVCSPYPLLCNFSWMHS,-1.218092487,1
slay_5454,PSHLNGTLWLPIVPIPIILV,-1.217745598,1
slay_5455,VSRCPERLHDQSHYSGNRGT,-1.217537898,1
slay_5456,GHCRAMRLTLAISFGGVPRGN,-1.21752714,1
slay_5457,SPCYDWTLSSIIYHTVTNYS,-1.217520477,1
slay_5458,LSSHLH,-1.217497417,1
slay_5459,ALQCFKSLVSHIVHSDHQQN,-1.217486229,1
slay_5460,PGPARGPPAFSPCTSIYKSA,-1.217268186,1
slay_5461,LYNQISPTVLILPCTFLPDL,-1.217246885,1
slay_5462,CSAPSGARMPAIILASLRFTN,-1.217208005,1
slay_5463,NTVCIPYDNFVFSGHLRFAS,-1.216993189,1
slay_5464,PCDNPRNYDSYDQYSDLELI,-1.216978662,1
slay_5465,WTIEACRHTR,-1.216967555,1
slay_5466,CGKSDFTNESRVHF,-1.216903783,1
slay_5468,TPVLALCYLCGAHTVDLICV,-1.216689399,1
slay_5469,LLNVGRHQGNVVIHLSNFSL,-1.216607307,1
slay_5470,ASVRPFTCYDPAPLPTLLVRN,-1.216270338,1
slay_5471,LHTFALIRNTTRVYP,-1.216250289,1
slay_5472,TLPSNPHCNSLATYLFYLSY,-1.216218853,1
slay_5473,ESLRRISACTAIPHHSLFKS,-1.216055672,1
slay_5474,TQYSLSSCKINGYNPWTTAPN,-1.216032518,1
slay_5475,DPGVRINPNVRPFIRNTYIW,-1.216029728,1
slay_5476,CCICPHLCPFSIDNPHFLQL,-1.215887318,1
slay_5477,TPRCLVCWLLSVFSNSLPSH,-1.215858453,1
slay_5478,PNVTFVIVTGYSLHTTWWLP,-1.215651307,1
slay_5479,SCSPHCLVYPVFPDTFHRCR,-1.215648344,1
slay_5480,STCAKPWDYIYNFPYVALPA,-1.215495901,1
slay_5481,RIMVPYFHFI,-1.215380829,1
slay_5482,PFHNPDTLYIKPNGRCFGNK,-1.21521127,1
slay_5483,VLILLDHQNWSSCPSLSFIR,-1.215108739,1
slay_5484,MMSAIFYINQSRGLIKQLPD,-1.215090995,1
slay_5485,VRPLNSLYLIAHGSLCVLTL,-1.215083936,1
slay_5486,SCPSAHPMARDSPLHQAEPLP,-1.214983452,1
slay_5487,TRTYKRLWSLIMTMVTRHCT,-1.214787963,1
slay_5488,VSPVSPWRSRCGLHNMLDLI,-1.214709306,1
slay_5489,VAADLITYCSNYNT,-1.214662808,1
slay_5490,WPNHLRYNKPSTCSIDIYTSN,-1.214627754,1
slay_5491,FRIYPHDLCLHHRLYDLLCN,-1.214260626,1
slay_5492,ANFSFPHRMIYNEMTVKIPA,-1.214137853,1
slay_5493,LQVRCRIVVVNLTFSWYLWV,-1.213722759,1
slay_5494,LHCSLAIPSLRPASHETLDS,-1.213507286,1
slay_5495,LSRT,-1.213501553,1
slay_5496,HPILTDTDLFHKSLVCTTH,-1.213434306,1
slay_5497,QILITRSTIQHFPNMLTRTP,-1.21331674,1
slay_5498,RHQPYCATPSFLLLACYKDT,-1.213286892,1
slay_5499,SAGQSELYDRLCVPLDFGADL,-1.21317194,1
slay_5500,IQYASPQWPFYLPNRYIART,-1.212991938,1
slay_5501,PPCVWRPTWAMRPSYISSYP,-1.212924381,1
slay_5502,ARDPYLNRCHCYSLNSYFLL,-1.212822095,1
slay_5503,QHPECIDLNFGGLDR,-1.212790358,1
slay_5504,SYSGSWNLAPCIVRRPLWIY,-1.212609002,1
slay_5505,PCHGSELN,-1.212572234,1
slay_5506,RRPFFSIIYSLSSIPRPTYH,-1.212557083,1
slay_5507,LWHILALLMSRISFPPIPTR,-1.212490445,1
slay_5508,LPHWNHTR,-1.21246776,1
slay_5509,YCNPFWIYPSYSRNIIV,-1.212298662,1
slay_5510,ITRNGRILSLSHPSRRYTIS,-1.212175601,1
slay_5511,NNRQNGCDTTGDNCTYTVLW,-1.21215469,1
slay_5512,RNIPYNAECSSLPSRRTNSD,-1.211961692,1
slay_5513,YGYLTPPYRTNTRAFFSGTA,-1.211902009,1
slay_5514,GTFPSAINTIDSFCYYYI,-1.211809148,1
slay_5515,YYLTPLWLNYFFLIDAPMCL,-1.211787772,1
slay_5516,LRSRPPRKIPRTFATTQRLF,-1.211686413,1
slay_5517,QLRMVIKLFTQSAFNNFTLA,-1.211661279,1
slay_5518,NKGYHLGLPTDPFRTSMLNP,-1.211461457,1
slay_5519,RVFCD,-1.211265813,1
slay_5520,LFIPRASFTIDRMFITLSAP,-1.210992044,1
slay_5521,ASHYSFRTAPISIFAYGFYS,-1.210982313,1
slay_5522,HLPGLNFDWHNLFLPYNTPC,-1.21086137,1
slay_5523,SERISPINNYHAGSSNRQLG,-1.210533761,1
slay_5524,NHHHGCTLTTYI,-1.210474286,1
slay_5525,PGPLRIVNPCHITCCLNKNH,-1.209768578,1
slay_5526,NGTARNLLIRIHSTNFLGF,-1.209720111,1
slay_5527,TPSD,-1.209658413,1
slay_5528,TLCPFYQFYSLYGKGSSGSL,-1.209482888,1
slay_5529,TPVYGDDAYSNIPGHPAPNT,-1.209438611,1
slay_5530,RSLPRRQRAYLWSTINPGTP,-1.209394451,1
slay_5532,FSP,-1.20928669,1
slay_5533,GYSNTVRFLIPDWTRPNWGN,-1.209273265,1
slay_5534,HPQTCFRTPSAKPIRG,-1.209168387,1
slay_5535,RSLLRFTPGCEAFYLIPFRP,-1.209107548,1
slay_5536,CYPWVPTVMLVASTPDNHIN,-1.209085304,1
slay_5537,LLNQLSMYRHYLARKLGASL,-1.208903027,1
slay_5538,RDDDDYPDNHWYRCHIISTD,-1.208893366,1
slay_5539,LHFSQLPLHVI,-1.208704366,1
slay_5540,SYNSRLALARYNMFLPRNTR,-1.208693287,1
slay_5541,HIGLCDTHSLPYETSRHLSS,-1.208659253,1
slay_5542,LATRTAMCSLVRLNSCV,-1.20852961,1
slay_5543,CHCPLQTNNAHLTFTTRCSSN,-1.208393574,1
slay_5544,TNRCLRSFFLCLN,-1.208008551,1
slay_5545,TPFPYYILPYCTGWTPLVTE,-1.20784328,1
slay_5546,CFYQVNTHIMRFVYA,-1.20781248,1
slay_5547,TPVLCLAVPSSLVMYCPAYT,-1.207589095,1
slay_5548,LIPWIDYHPCHYQCSTLHWR,-1.20753436,1
slay_5549,RFVCQANVREIITFILNSCY,-1.207510392,1
slay_5551,IPHIFKWTRTLHSAGSRIMLY,-1.207346266,1
slay_5552,SGPHDHHWCGTDYNYIWRNL,-1.207284551,1
slay_5553,PAPPPFSRSSISPQHSLVSG,-1.207269408,1
slay_5554,FRGS,-1.207097695,1
slay_5555,CLRLDYAITILNTNPFISLA,-1.206840647,1
slay_5556,HMLCTYPGLLNIYPVTNYFN,-1.206823621,1
slay_5557,HTLYRIRRNALHYMSSSHMH,-1.206776747,1
slay_5558,RAREAYCRSSHTSNFGVGHN,-1.206749649,1
slay_5559,VFCPLSPTIRLRALSDPPSS,-1.206738925,1
slay_5560,SPSSLAPWSCPDHFYLALMS,-1.206691153,1
slay_5561,QADDPAPGAYTSCVSYDAPS,-1.206649379,1
slay_5562,SNRPYSPAHHNYDNCTSVYT,-1.206591693,1
slay_5563,HNGQRKSCSYLCDRLVPKIH,-1.206459943,1
slay_5564,LHQGTPQLHTASLVIPSTSP,-1.206369791,1
slay_5565,PTPPTISGETASVVPSSSTP,-1.206028974,1
slay_5566,FRLQNLLKAIGLLVLHVVLE,-1.205996989,1
slay_5567,RNSETAFGD,-1.205885869,1
slay_5568,TVKRSPTVASFICRPTATVD,-1.205760086,1
slay_5569,APSPAYCHNIRTEFSRHWTL,-1.205449425,1
slay_5570,SGAAHSNRLYTPTHLRMTST,-1.205416599,1
slay_5571,LRNFGIYAY,-1.205040913,1
slay_5572,TMAPHMFHR,-1.204900729,1
slay_5573,NAART,-1.204779629,1
slay_5574,FYYRLSAHIHPTSILK,-1.204613482,1
slay_5575,RDMSDIQFYPNHNLFRYIYD,-1.204514767,1
slay_5576,PSNPPTRCLSAVNCTPHCGY,-1.204467891,1
slay_5577,PPISMPLYCVPNYPLAASPQ,-1.204450208,1
slay_5578,NPVYFPLCGVWNCCPYAPPR,-1.204440525,1
slay_5579,TVWPPWPRIYCLHIWLSSTN,-1.204410914,1
slay_5580,ISQTLILNFYVRRLWKYGRL,-1.204330119,1
slay_5581,RAFVMPDIPTYAPTVPPTPC,-1.204296077,1
slay_5582,SGPWMRRCPGFAESPSFYRY,-1.204196804,1
slay_5583,IACQIMPK,-1.203968356,1
slay_5584,KPALPSSLYPFHVCPGF,-1.203790223,1
slay_5585,RNAPIDRMFLKLTPNRDTMS,-1.203753003,1
slay_5586,ISLNL,-1.203732759,1
slay_5587,SSNNLNNCYCFI,-1.203663758,1
slay_5588,LVRHRQSDH,-1.203535127,1
slay_5589,CLYDWRYYYTVRNL,-1.203475081,1
slay_5590,CNNPDGSRVATTYSPITTSA,-1.203416608,1
slay_5591,RSPKHVECDNHCSHTCSNSM,-1.203148493,1
slay_5592,HTSEFMNYLRPSRNNPFICR,-1.203062427,1
slay_5593,FEDN,-1.202981818,1
slay_5594,LSTCSYAETTPLHREVHMHV,-1.202866454,1
slay_5595,ALARVNNLNLPLLCSDLHNY,-1.202850248,1
slay_5596,FYLMNNCDSALWVLKFKNCI,-1.202719514,1
slay_5597,IWTRARSLLIRKRPWPLRGT,-1.2027134,1
slay_5598,CNRQPCFCWL,-1.202623713,1
slay_5599,DHHLTFGHVHDLWNYTLNNA,-1.202501785,1
slay_5600,SATVSYLFICPPRRSSGFDH,-1.202463839,1
slay_5601,SELGCPLGCRLCASNHHIYN,-1.202282711,1
slay_5602,HSFMLPDEARCFLVASG,-1.20202689,1
slay_5603,ALHIGHHTNLMFHLLCNHAS,-1.201953082,1
slay_5604,CASQIPNATHLIRPIPYGSI,-1.20195012,1
slay_5605,PRRLDYPVHY,-1.2017748,1
slay_5606,VLSEA,-1.201715664,1
slay_5607,SGVPVFSPFGVYHLIVQYAC,-1.201444627,1
slay_5608,PNCPALWPTCYISSS,-1.201422116,1
slay_5609,VLMSTLSSYLHHLKANRNRT,-1.201297006,1
slay_5610,WYGYLPTWPYGYPQVAIYSH,-1.201093531,1
slay_5611,WRCASNVYLHQNTNSNNYPI,-1.200963266,1
slay_5612,NAASNIPCLSVLLCFFWSRG,-1.200900504,1
slay_5613,DGPSSCTYFL,-1.200834174,1
slay_5614,CVCPPCYSFINLTPVKDPGL,-1.200776757,1
slay_5615,FSITPIQPCSNIFFSHKYDF,-1.200557135,1
slay_5616,LAPSSHCYPYIDHARLTASS,-1.200342648,1
slay_5617,ARPSKCGGHFKGHRMQAPQP,-1.200222463,1
slay_5618,EDTCASLSGTLITHMCGCLI,-1.200177276,1
slay_5619,IWLSPP,-1.200154539,1
slay_5620,YQMSTSSPALSA,-1.200101911,1
slay_5621,NPHHHPNRHVDTTDLTINFT,-1.199972723,1
slay_5622,IFVSIGIFHTFEARIWFGLH,-1.199902211,1
slay_5623,AAPPSTSEGGMGGMNNQNKA,-1.199737799,1
slay_5624,NCSHDSSSSPDVQILSYTLA,-1.199585561,1
slay_5625,IYRGGCDIHSIHCSPQMRVQ,-1.199576791,1
slay_5626,PTIYKSSLLYFLAHLDPTRT,-1.199336754,1
slay_5627,AFHSSCPPRYELALNGASGH,-1.199310565,1
slay_5628,FPDLCGHNKLYYET,-1.198784071,1
slay_5629,PTTCFYTRFGRLDRGIKYTP,-1.198586433,1
slay_5630,HTSKNQSWRAYLFWDPQIDF,-1.198440679,1
slay_5631,PHYTQAHSTYRDPNHLFHYH,-1.198365386,1
slay_5632,PIIFMRVSSM,-1.198350349,1
slay_5633,LTYGSGPCTRSAVGSSVSIT,-1.198288768,1
slay_5634,HQSYPSRSTLFDTLTDCDAL,-1.197865269,1
slay_5635,PALCPSGPRLPYHLLHLPALT,-1.197720413,1
slay_5636,CIDEATEFTSTSSQGLWVIL,-1.197526657,1
slay_5637,FPYSAWPDCYVLNY,-1.197412968,1
slay_5638,SRPRPNLCRPLNSDLAGIDD,-1.197411568,1
slay_5640,RPPFQERLMNSHNPVPPTPA,-1.197069285,1
slay_5641,YCPIRRFEITNPLRVVNGSH,-1.197020515,1
slay_5642,QRCTCDLPSTCRSLFLYTAT,-1.19692891,1
slay_5643,NLTASTVCPPAHIKNH,-1.196812533,1
slay_5644,IVDTDPDSGVDYNCVPTMIA,-1.196768408,1
slay_5645,MTHPSWI,-1.196734809,1
slay_5646,TTLQIFLNTYSNSHWISCFY,-1.196642126,1
slay_5647,RDIFLVVLDHDDNHSTYDIL,-1.196607604,1
slay_5648,RNHCPTLLYNNIARE,-1.196468594,1
slay_5649,VAPGPLLILSLILRPLRIRPP,-1.196212716,1
slay_5650,CGFGQSINNLFRIFKSSSGV,-1.196210579,1
slay_5651,HSTISNPRRCSHATNKSILQ,-1.195997817,1
slay_5652,TPVRTDLIK,-1.195585922,1
slay_5653,PVCIRTINLGASILNYANYV,-1.19552514,1
slay_5654,DIPHNSSNVTTESHILSLTL,-1.195335601,1
slay_5655,CAVWCIGTAHYAALMSPGIL,-1.195247916,1
slay_5656,FHSLLSWPLMHNRGPKSAVTN,-1.194959712,1
slay_5657,TSSYHINIPYVNSTSVTATR,-1.194814518,1
slay_5658,RGLLRQRDRN,-1.194606295,1
slay_5659,YICLPSTPGRWGRINYKDSYY,-1.194586838,1
slay_5660,TFRNNLVVCTYARGPPTVDP,-1.194422788,1
slay_5661,RRSPHIERNTLYPLNCLNVV,-1.194332892,1
slay_5662,HGWCDLHLLHYIDCNLCAWY,-1.194331433,1
slay_5663,LICTSYACLFPHPCFTTFQG,-1.194310775,1
slay_5664,NHPVLRATAPSLTLMDSYLI,-1.194135227,1
slay_5665,GRKRYMKLGSHSVFRRRGPG,-1.194082122,1
slay_5666,LPSSFVGAMKV,-1.193946118,1
slay_5667,ALCAPSHLGQVVMEDFV,-1.193704046,1
slay_5668,PTTPPACSKLRPDHNPLYAV,-1.193641657,1
slay_5669,PPWSLAPFDYQPLSYFYAYT,-1.193535507,1
slay_5670,PLSRTTFLPDPISCTYLDLV,-1.193351123,1
slay_5671,RGHCHTPIYPYHCTPCVIYL,-1.193325769,1
slay_5672,RCNLVADLV,-1.193213371,1
slay_5673,DIRAHTSTLVGRLT,-1.193162784,1
slay_5674,VGIT,-1.193156372,1
slay_5675,LRRSFAVPLVGITLTWRDIN,-1.193139506,1
slay_5676,PSGLRNDAWHCTPAYLYLFG,-1.193032876,1
slay_5677,HRWIYTPYGPHNIYLFL,-1.192930354,1
slay_5678,PSCPSIPRLFLLSNSWNGLK,-1.192852011,1
slay_5679,AAEMKFPLRHLSPNCVYYLI,-1.192828237,1
slay_5680,PYHHNCTPFYGMRPETYSSF,-1.192565273,1
slay_5681,GQTLCIESLVPLVTRRHCVA,-1.19235292,1
slay_5682,HPLCIPRFATSAPPALSDVT,-1.19232295,1
slay_5683,RAQPS,-1.192051397,1
slay_5684,TQNEITTPSVCTPFVEIHID,-1.191771425,1
slay_5685,PQSVYLLLIPAWTTSPTPTI,-1.191368862,1
slay_5686,FTHKYSSYGSTGLTQSIGRA,-1.191343947,1
slay_5687,PFILYRCPQIGSPHVLYHLL,-1.191338529,1
slay_5688,TNRYFSRLCPPNLDSLYVTL,-1.191069543,1
slay_5689,EDYYNTITTPAGHAAFTSHI,-1.191038498,1
slay_5690,GTRHLAPCFPRSPSIVVPSP,-1.191023498,1
slay_5692,NLSPSTVAIAPVPSRPPFFAN,-1.190955858,1
slay_5693,AGCCFPQLYYLPLYHLGGVP,-1.190943345,1
slay_5694,SQCN,-1.190764801,1
slay_5695,PSACPITEYSNESDYTLSSA,-1.190692646,1
slay_5696,LYLLDFTSGVTYLCIDPSLT,-1.190676994,1
slay_5697,SCMSRTRIRSSPSRVLEESI,-1.19038032,1
slay_5698,FYCSPVLVCLRGNRNDMTPY,-1.190260562,1
slay_5699,LAVAVRFWFQ,-1.190098055,1
slay_5700,PATKSFRGFCDPNFLPFDLL,-1.190036746,1
slay_5701,TINARASGFTNNTRYWIRWV,-1.18998672,1
slay_5702,MLSFAVPLLLASWLRYLLHY,-1.189973938,1
slay_5703,PVSRSRRRRGCYRLRCWNTY,-1.189846326,1
slay_5704,VHQTDWANEPYPMHYRATLT,-1.18937291,1
slay_5705,TSYSNGQSTPLV,-1.189285926,1
slay_5706,LVRH,-1.189174571,1
slay_5707,PHNMPRPSINGCRCPMYITI,-1.189162194,1
slay_5708,GLDSCYAI,-1.189144094,1
slay_5709,PLSTSMAHSISPACCITSHP,-1.18909156,1
slay_5710,LTHNLALFHTHDAVLHQNKT,-1.189009384,1
slay_5711,VPVMGDSVLLTHSETLLPCP,-1.188990789,1
slay_5712,TQSVPLVIVSKIPALSTLILN,-1.188965119,1
slay_5713,CVNTCVCGTVATPSLHKS,-1.188751242,1
slay_5714,STAPNQIFYCRPNNANLPTA,-1.188725462,1
slay_5715,PTLIKFLAVFLHSNLCCSRY,-1.188424592,1
slay_5716,RSHCGIPTHSIPWVLHTYSI,-1.188400215,1
slay_5717,NSSIKPTDTSSYCYMPRLTP,-1.188267206,1
slay_5718,DTGSSPPPFDSTDNYGFPLW,-1.188256916,1
slay_5719,AQLCNYSVHPRCSCLPTYCV,-1.18817343,1
slay_5720,MNSLYNLSIIDGLHTKESSL,-1.188133914,1
slay_5721,MLTNHSHNYLPYIRPPIWST,-1.188119877,1
slay_5722,YFCLHRSRWSILRMILCLMQ,-1.188030992,1
slay_5723,EASDFSAPSSNARFFTYHLF,-1.187995352,1
slay_5724,SVVVRILMDSNR,-1.187982509,1
slay_5725,SDYNAIDIRLINYATYLRKY,-1.187907573,1
slay_5726,YPHCHTKPLYDLEVHTNNSY,-1.187895515,1
slay_5727,RGWDILPYVPYYFCIVAAVS,-1.187706293,1
slay_5728,VYSYSITIIGLVHIYILVVH,-1.187660123,1
slay_5729,GEPNSMHTYRRLGITCLHCL,-1.187652226,1
slay_5730,LAPVSANISTTTPFAL,-1.187481202,1
slay_5731,PCDSGSIYPFYHHRYSYVST,-1.187444998,1
slay_5732,ADTLIRRWTGRPDQFDCVIA,-1.187393129,1
slay_5733,PPFLPSPCASIWNLNLAQNR,-1.187333045,1
slay_5734,SYWGALTGNINRTFIITYSP,-1.187165723,1
slay_5735,SLHNWYLLAYCYSILKHMRG,-1.187105535,1
slay_5736,IARPNCMVPGNIPFNSFEVA,-1.187010848,1
slay_5737,CGRIITSPFHPSWPLAIFAL,-1.186878276,1
slay_5738,HARDPTDATSSRRTRLSNAF,-1.186831725,1
slay_5739,HPDASLPNWVAEHNSGCAVY,-1.186464862,1
slay_5740,IVMLFIFRLANSPSNNLLTH,-1.186463192,1
slay_5741,PAIQSPHLMICVPQRMA,-1.186320803,1
slay_5742,RCAGRGAASTPLRRLVNWLL,-1.18622857,1
slay_5743,NAICNSEGYPVGLANMLTQC,-1.186068817,1
slay_5744,ASANQDPVASEWSALPGYTI,-1.185987759,1
slay_5745,CDAPYNNSPPGWNPFSMLVS,-1.18592904,1
slay_5746,PFDWCRFSLETYLFCSMYRS,-1.185864749,1
slay_5747,ARNALGLFHNYRHQL,-1.185822641,1
slay_5748,IDCKDFKFFTLALMIISLTLN,-1.18523462,1
slay_5749,ALRPYFFALPNSCDPTF,-1.185107016,1
slay_5750,CF,-1.184793195,1
slay_5751,AQPTNHNRATGGPTHHDLDL,-1.184765586,1
slay_5752,WMSSPTNYSKVNIFRR,-1.184569122,1
slay_5753,YLDLLYLFLSRSPPHVITAC,-1.18456612,1
slay_5754,CRHISPAPDDLSVLYYGLAT,-1.184167039,1
slay_5755,LQYAAPISPSNLWLTICPLM,-1.184005354,1
slay_5756,LSSSDVDERPYHMRDHCCCH,-1.183985132,1
slay_5757,NFVAFLPTCLPDFDFSMHYL,-1.183827606,1
slay_5758,IITFSSGHHVHSWITTPW,-1.183473787,1
slay_5759,RCGSINSDHLDYRASQVESL,-1.183473152,1
slay_5760,SRTARALGPWLSGYSYPGCY,-1.183329175,1
slay_5762,LVAFASSSMLLVLLDVQLT,-1.183103574,1
slay_5763,QECAKEPSRNPHAPLDIAYL,-1.183056012,1
slay_5764,PNSGSHSVPHAWPTV,-1.183043215,1
slay_5765,CNVIKAICVCFTSDSVIHCY,-1.182981405,1
slay_5766,LGGYTCPTGDFYPCYICSWK,-1.18292285,1
slay_5767,LVTAHLYPSIVPNIVG,-1.182705459,1
slay_5768,PDALPSSHISYIICGPHSSS,-1.182677154,1
slay_5769,LCVTYVAQNVPSLESNKFNS,-1.182649627,1
slay_5770,FISRTRLHLDTLGI,-1.182311703,1
slay_5771,TPLLWLWARTRPRFRKYIFI,-1.182072035,1
slay_5772,SP,-1.181936309,1
slay_5773,TKYSHCDPYDLHNLYSSFSA,-1.181848639,1
slay_5774,WDSDFPQYILLL,-1.181791244,1
slay_5775,SNSACRTFCIDNTLYRPLCVN,-1.181650156,1
slay_5776,HCPPPFYMLESKTGRYNHYV,-1.181551475,1
slay_5777,HHCLRDRSIVIFGSYNNVFH,-1.181483093,1
slay_5778,ICISPWDDTVYIPGVRMWHL,-1.181440821,1
slay_5779,STCCQFTNGCGWHYIQAATS,-1.181348081,1
slay_5780,LCYLIMNRRPSQMMLLNTCV,-1.181328116,1
slay_5781,HAGFSLLYTWSAWRGRTYTL,-1.181195819,1
slay_5782,EGSHYRPYMCPSREISTFVA,-1.181131274,1
slay_5783,PPSNFNRWPATCVIVSGMHY,-1.180943325,1
slay_5784,LPGLVQDITDRLPITVANHAA,-1.180633782,1
slay_5785,RSLPSKTRPHARFTLHGSQS,-1.180482846,1
slay_5786,LTLA,-1.180400061,1
slay_5787,KGDSNIVILICNSLDNTFNI,-1.180363749,1
slay_5788,TAGLSSANTCVPPCLRLSLPL,-1.180151498,1
slay_5789,TCFGSLLYLANSPAPE,-1.180147915,1
slay_5790,ACVASLVLTVDHTRLSVLFA,-1.17999769,1
slay_5791,EHPGRPIYCVVKDWRT,-1.179936023,1
slay_5792,CPGRLHTCFDLWYPMVLIAFN,-1.179730791,1
slay_5793,IIGTVCNCLSYYWAYCLYTL,-1.179673132,1
slay_5794,SSNHGNACFCNWHHNIINCF,-1.179620681,1
slay_5795,LRIPVINNSHAVATLTTVDI,-1.179434773,1
slay_5796,NNPNVHTRCDIPVPAFVLA,-1.179398615,1
slay_5797,CQYRPAVGSLPSNRISRT,-1.179367632,1
slay_5798,NDLLGVSFSYAII,-1.178979683,1
slay_5799,PHPDRYYANITFVSREFPSA,-1.178387966,1
slay_5800,MCCRMMGPFQGTWPCYP,-1.178306464,1
slay_5801,GMRCPTADIEPCLILPASLP,-1.178288174,1
slay_5802,DDWSLPRSLVFRWSRDSIPN,-1.178266324,1
slay_5803,PPTAKTSPSNYAPYK,-1.178009003,1
slay_5804,CHYDIFHNCSMDYSIFLKYL,-1.177923531,1
slay_5805,PRHPDTKKYSDSYTLCPLWLL,-1.177892014,1
slay_5806,HRPSIYVVVP,-1.177713881,1
slay_5807,PNTFFRANSHLIDICRDAPT,-1.177474789,1
slay_5808,ARLHSKVREHSLSSAC,-1.177411975,1
slay_5809,LGDATKSFQVHLNCTGISDN,-1.177364167,1
slay_5810,NCAIDGLSNPD,-1.177352028,1
slay_5811,SRSFCSPRVRPPLLVAPLYM,-1.17735091,1
slay_5812,QDSQSEIRVAPASSIVAWPC,-1.177265813,1
slay_5813,CRDSTGPATGSPTYIIPVHI,-1.177262432,1
slay_5814,HLRHSVTTGDTRNHNGHSLRN,-1.177204563,1
slay_5815,TDETHLALYQSTNEIPNIRN,-1.177194501,1
slay_5816,SGLTNLSTTYYRLRCIHLNN,-1.177179465,1
slay_5817,CLIHNLRYTENPLWAQAFSYL,-1.176988137,1
slay_5818,LSLRAFCHALLQTDNVKISM,-1.176985824,1
slay_5819,PIAAKPDTRFDNCVLLHHSV,-1.176746634,1
slay_5820,LNSDHYTLEDPMLPFVSPRR,-1.176687991,1
slay_5821,RYRFPAPVYSSSNHCYTYGY,-1.176670389,1
slay_5822,YNLDAYHAPLPGP,-1.176641575,1
slay_5823,ARDLPPAFASGYGGRCLYLW,-1.176628506,1
slay_5824,TTNIIKKLVSACLKRASLF,-1.17659952,1
slay_5825,CVIFPHKHLCMNSKQFMNAL,-1.176535379,1
slay_5826,ESHDHGWRSSCLYPYHTRVV,-1.176411018,1
slay_5827,SATCYYFVPYYIIWTCPTSW,-1.176150347,1
slay_5828,CINHFYLRHRRSPYYTWFCL,-1.176064102,1
slay_5829,NNGWDTYSLPFWRTCRESVW,-1.175760395,1
slay_5830,LGRDSYTRCFYYSDVPLDAI,-1.175413055,1
slay_5831,TVGIFNAATDFGHPTLTPFM,-1.175291123,1
slay_5832,SLVTELNDTTDPIKYPLPQPL,-1.174966709,1
slay_5833,LPSYGCRPPCYLINCFYMTM,-1.174960196,1
slay_5834,MATHHLSYDFTHCTNTS,-1.174762981,1
slay_5835,ADPLTSCDFYLLQYASL,-1.174756185,1
slay_5836,SLHFLAICEAAWALYRSKPP,-1.174741338,1
slay_5838,CTDTDRSSFYLMPTVVSHA,-1.173713849,1
slay_5839,VIMRSHCSTNISRNTSNHTY,-1.173582315,1
slay_5840,FNKTPVYRTILAGITRAICR,-1.173439864,1
slay_5841,GLNLPTCGKLGVTPVITVIL,-1.173424018,1
slay_5842,MNLASPRFILIPMC,-1.173376615,1
slay_5843,ERSFMSLMHSCSNNHCMYRS,-1.173293219,1
slay_5844,PAGIGGHALLCRAPPIRAITN,-1.173286054,1
slay_5846,PPCSYPFASPPPIFAISYKY,-1.172968473,1
slay_5847,WRLPRACWYADDWFQMYLFHL,-1.17293235,1
slay_5848,EQCEVPQTNYSLQTNSWVEL,-1.172648751,1
slay_5849,FFCPTLYRSPLDRLSIVHPS,-1.172528909,1
slay_5850,TFGASRSIRPMWTLLTFPYS,-1.172411027,1
slay_5851,CEPPNYLRHFLLNYYYYWMT,-1.172374021,1
slay_5852,HCYCYPHHFHDNPFLRLICF,-1.172174062,1
slay_5853,HPNDRHIHD,-1.172121385,1
slay_5854,IHCLMSSA,-1.172114799,1
slay_5855,LTSNHSAIIDHPVPDSGRNH,-1.172097687,1
slay_5856,CPGNANYSFCNWHCWTPLFG,-1.17189926,1
slay_5857,CSNLCLTHSMCTAKNEFWFN,-1.171831067,1
slay_5858,CSLFFPTIYHMA,-1.171786855,1
slay_5859,LKPYRILSNWIAGLTTLPFN,-1.171572967,1
slay_5860,CRRPLKRWLPSLLWPTHLAA,-1.171496597,1
slay_5861,HDSKLWALAPCVPILNWTDR,-1.171379038,1
slay_5862,VTLKAYL,-1.171328494,1
slay_5863,LKRNHTTRQKHYGLLPCWNT,-1.171278296,1
slay_5864,TTNSYDFIITSCSVPARHNP,-1.171242747,1
slay_5865,GSCALLGEFPN,-1.171226959,1
slay_5866,PARPNTTHNIVSSATSWLST,-1.171125836,1
slay_5867,TADPTPSAKSYVRAYRLDKC,-1.170839865,1
slay_5868,QSPYLIPMHLSIYYSNVKPP,-1.170790179,1
slay_5869,CHKSATFDPSNRLGYDAFNG,-1.170568997,1
slay_5870,AAMNPNRTPLGAPSCGDLTF,-1.170294179,1
slay_5871,RRARGPPISQYSYVRIVPAQ,-1.170143157,1
slay_5872,QPLMPIICLSIVILRVRVLLN,-1.170133858,1
slay_5873,HQVVFPCKLRHTLSHAPYYD,-1.169986072,1
slay_5874,CSPPSYFSAYRSRPALAPSY,-1.169928901,1
slay_5875,ASSPTPTSASSHLCGSGLYL,-1.169858276,1
slay_5876,PYCLAVS,-1.169856618,1
slay_5877,CSTWSSLL,-1.169772826,1
slay_5878,YHCWSPVYHSFQDPYNLSTH,-1.16973316,1
slay_5879,RDATITYKVMLIFIIIAVRRN,-1.169675084,1
slay_5880,LRFYSLTDKNYSEINCTIPS,-1.169578292,1
slay_5881,MPRNTKSSDHPLPLTCYLFH,-1.169522318,1
slay_5882,AFYKRLMFHRCLMRIRVIRQ,-1.169394174,1
slay_5883,RHRVTLFLALTTKSMTGFSR,-1.16933304,1
slay_5884,AALHATSPTPPAFANSGFPP,-1.169208115,1
slay_5885,HDVPCDINEHPSMFWYTLTA,-1.169174736,1
slay_5886,PSRCHHPVLLYTASLRNFSD,-1.168732101,1
slay_5887,HCIYLI,-1.168676901,1
slay_5888,HPTCSCRIPSSFPPPAVSVT,-1.168665877,1
slay_5889,LLST,-1.16863282,1
slay_5890,AFLTGPDSIDPHNLPAYVSY,-1.16861419,1
slay_5891,ATSSDYHDGTALKSINHSQI,-1.168608134,1
slay_5892,CLLNWPQNHCRFCGSHQDWT,-1.168583718,1
slay_5893,PLFVASTSILLHTR,-1.168529496,1
slay_5894,RESCWRFIKLDNALYYRSKTE,-1.168482111,1
slay_5895,NASCPPSCLNHHRGLPK,-1.168389111,1
slay_5896,ACPRARVIREALLGLIPDER,-1.168331658,1
slay_5897,TFFCPYYLSL,-1.168263329,1
slay_5898,PRVIHTPSYNSRHSDNLLST,-1.168076624,1
slay_5899,MLFTRPFLYYRAYAYPTYMV,-1.167899726,1
slay_5900,ADVYKLDDSVM,-1.167839476,1
slay_5901,SIGHSCPKQMDNQGLLLAWT,-1.167821609,1
slay_5902,CSPKNIQ,-1.16780945,1
slay_5903,RRPFSSVLIILLLLRGVMMGN,-1.167682379,1
slay_5904,PSLPYCNDFVRMGCIHINPQ,-1.167679275,1
slay_5905,FASCL,-1.16762846,1
slay_5906,PCSPHFPDYPNMVSKLLLQA,-1.167460777,1
slay_5907,EQENEYDHGTYKGPIPQFFF,-1.167304719,1
slay_5908,SGHCHYVNFDNTPVAILRLP,-1.167231848,1
slay_5909,RLSACINPFCISSDTDF,-1.167201296,1
slay_5910,APRNAKLFIYWKSTSEDVSCL,-1.167027899,1
slay_5911,TQLYLLCPVYSSNPQLTPSSN,-1.166928359,1
slay_5912,WRYMINPRALLCKMCKRACI,-1.166841624,1
slay_5913,PLGKSASTPGHAQTRLAPFT,-1.166643176,1
slay_5914,YYLNCTPFMLQSTQIMKGTY,-1.166415889,1
slay_5915,PYYPFMHSLPDR,-1.166390185,1
slay_5916,NLKSHDYVCFPYAVLQSYNN,-1.166373399,1
slay_5917,YFFLASTNISP,-1.166347032,1
slay_5918,HRTLRPYPSDPIICRHILHF,-1.166323405,1
slay_5919,YCCCLTPHLAAKEQYVLTFF,-1.166275536,1
slay_5920,LRGSLYPAPPTWAWFTPHKT,-1.166203777,1
slay_5921,AQCTPFCNNYDISTNSVTVT,-1.166174199,1
slay_5922,TSYNKFFISNEACVAGNIAH,-1.166111967,1
slay_5923,AGPLNFCPGLYVPYAGPDLM,-1.166058784,1
slay_5924,VHSLRTLGTGHQGHKLRMSTC,-1.165851333,1
slay_5925,MSLIPTQWMISLIFFARYRT,-1.165809492,1
slay_5926,LTNFAPGQTLMYRDSTDTKN,-1.165756039,1
slay_5927,VPHPVSKRVTSLYKLEVTLY,-1.165686731,1
slay_5928,PTPLCVHSYL,-1.165651002,1
slay_5929,PPLAGATVVPTFMPRLLTPE,-1.165635385,1
slay_5930,LYNPWCSNRYERHFYSHCWF,-1.165630739,1
slay_5931,SPTKTSAPSRAIARQLPTHF,-1.165536909,1
slay_5932,NHAWCCCVHELHPYHVLYRY,-1.165403115,1
slay_5933,FDNLGACPVLWGLTLLS,-1.165304198,1
slay_5934,SLKPRATAFFFLTSYSNIGT,-1.165295764,1
slay_5935,TSSNAPCIHDFHALCNMRPN,-1.165291396,1
slay_5936,WSNTDHDDHSSLNLIVLYEQ,-1.165236887,1
slay_5937,RRYSHSLSPGPDFSNSYDLM,-1.165037597,1
slay_5938,DGFNFKNIYKIFNGTNCDWL,-1.164962869,1
slay_5939,GPCYAAPGCGLYPCSYMYYY,-1.164798197,1
slay_5940,GPRMTLFCRGRLPLSGRVSCN,-1.16470309,1
slay_5941,HSTYIHPYFCRPLYKLEHSP,-1.164551576,1
slay_5942,IEQSSRNALYIFPMDFCFDC,-1.164507954,1
slay_5943,GDTYKHSTSLLLNHGSSNCML,-1.164496113,1
slay_5944,SRTIRPCPRPCAIKIHYALE,-1.164458719,1
slay_5945,AHYTLLPRNTGCAPQHNAWE,-1.164300321,1
slay_5946,SFLVRPSTARRLLTLLGRALC,-1.164250285,1
slay_5947,ASDRP,-1.164218202,1
slay_5948,LSTTTFLCLARRPRKYEENG,-1.163941999,1
slay_5949,SPPRARPRDPDTTSWGNNLT,-1.163875253,1
slay_5950,RFICYPILSSDSIPITFDHQ,-1.163569796,1
slay_5951,PSNRNLRI,-1.163496677,1
slay_5952,ESHVPCSAHCPHIYHWTYGH,-1.163202213,1
slay_5953,ASRDLAVGNHSFRTRNPLMG,-1.163195911,1
slay_5954,DNPAYRHQLHYAPPPTDSAH,-1.163154815,1
slay_5955,LKSGKPTCDVDNFYLITFRP,-1.163128188,1
slay_5956,FDPCSGSYDPHTPNDFRSAC,-1.163027916,1
slay_5957,HPHSNNHVD,-1.162763717,1
slay_5958,PSGKGESSTWSHAFMMSVYA,-1.162497082,1
slay_5959,YAGKNYMYRLPRLQRSCGIN,-1.162310001,1
slay_5960,RPTPSLIEEALASCILGLHT,-1.162215036,1
slay_5961,CAHLNCTITVVHDNS,-1.162170285,1
slay_5962,SCPGPHQFPLIHINTTYRTF,-1.162130954,1
slay_5963,CLHFLS,-1.162079461,1
slay_5964,LLSRFLHFLYLMRL,-1.161765943,1
slay_5965,YDDCDDITDRREKFYLIFIH,-1.16171897,1
slay_5966,FYDRCTKYPIDSAAIFTSLS,-1.161678841,1
slay_5967,VATPPASDHIAPFRGKTRLP,-1.161614973,1
slay_5968,GSNDYKHSSSSISRMTCTLD,-1.161588482,1
slay_5969,RPPAPLCPWLRHPHSGPITV,-1.161543127,1
slay_5970,YRYLPLYFWGCPLYHTSTYV,-1.161362115,1
slay_5971,PAFHKSQVPHHSYNFPHLDT,-1.161301164,1
slay_5972,TALCVHLTSHTTFRTPYNLP,-1.161220132,1
slay_5973,EGLWSFQCYPRFIFSLHDYNY,-1.161156341,1
slay_5974,QCQYCHTNTENHQSAYR,-1.160865812,1
slay_5975,YPLRPRIYSCRFCIFLRI,-1.160746108,1
slay_5976,CPPFTVRTPQNSLCRYYACL,-1.16065249,1
slay_5977,PFQPDLNNYQKIFFCNLIAP,-1.160507498,1
slay_5978,HNRTTDFVNMSASLDQNRGI,-1.160454012,1
slay_5979,HHKC,-1.160432673,1
slay_5980,SYCCCSFPRNNDFSTADELI,-1.160373415,1
slay_5981,LSHALHMFLTCLVRPARPCY,-1.160310348,1
slay_5982,HQSATDSPQNPCSLSLDAPH,-1.160309005,1
slay_5983,FHAHPFVEKTLGPICTNHYT,-1.160268129,1
slay_5984,NTNY,-1.160259739,1
slay_5985,TPLA,-1.160240047,1
slay_5986,GRRIQPHSLSPCTATASV,-1.16016753,1
slay_5987,EAQARKRPRPLWRFPRVGDE,-1.160079351,1
slay_5988,GIYFRTHTRISRRHR,-1.160044423,1
slay_5989,NGNFKRYRNICGNLSINHLC,-1.159991741,1
slay_5990,FSYPSCLCMESCSFSGMHRM,-1.159846542,1
slay_5991,LGGQLCTTSIHVSYNLCCDM,-1.159810666,1
slay_5992,TTSLLSSLSTMLLAFLIRPTN,-1.159627965,1
slay_5993,LCARLRFLCLTLGTLHRKAV,-1.159485518,1
slay_5994,VKNFFRMTRRRCSSIVSSLLN,-1.159392734,1
slay_5995,LFNILLYNTQTLPRSHVP,-1.159362468,1
slay_5996,CWYPTLPSSLYQYSLQVAMS,-1.159321091,1
slay_5997,HTTNRYHYICLWFSCFTFNV,-1.159186369,1
slay_5998,PARRHYVPQPGLYPLAQDFC,-1.158943278,1
slay_5999,HIPNSQPAFRTLRTYTLYTW,-1.158899849,1
slay_6000,CGSRLPRPTFPSVPIFTLIS,-1.158880083,1
slay_6001,SPVMSKYAIPSYRPMFPPIK,-1.158875513,1
slay_6002,GYLCPNGLTFDAFPFSLTRFN,-1.158862622,1
slay_6003,HTFDMYFIPCTHANQPYRNY,-1.158687652,1
slay_6004,SAALPLIDYVYRAYIENASR,-1.158663525,1
slay_6005,SSPSPTPHWYCLHPVEPYII,-1.158548039,1
slay_6006,SCL,-1.158432735,1
slay_6007,VYSTGFGSSESCSRPHSQYY,-1.158405329,1
slay_6008,SIHNHPCSTRANP,-1.158282736,1
slay_6009,SSPDCSVNRAACAIHYIFGN,-1.158089939,1
slay_6010,RPLYDCYIHESS,-1.15784569,1
slay_6011,ATEECGGALDRGNSSKLVPR,-1.157813859,1
slay_6012,ERFDAAQRIFGCGDHGHTPR,-1.157785797,1
slay_6013,CHLAPST,-1.157713376,1
slay_6014,LFSCLTYYM,-1.157312547,1
slay_6015,CPHDRTPPHSSRSTPPTSYI,-1.157303582,1
slay_6016,HNPRRMTVCSHHCNRGLYRM,-1.157288881,1
slay_6017,PRLQDVDHVTPWRAVGLCLA,-1.157124144,1
slay_6018,LPVRSHNYGNYMSN,-1.157031564,1
slay_6019,VHWDSHTPNTDRSSVPCGLI,-1.156930142,1
slay_6020,YCQGCNYTNHLIYLQRLLCG,-1.15681453,1
slay_6021,TLYPITHCYHHCHPLCYTDH,-1.156728887,1
slay_6022,TLPPSPSPTNPGADLLPASS,-1.156683421,1
slay_6023,LCGLRPTPHVLIHTPTYLTL,-1.156633238,1
slay_6024,FPPLRLDTNYPWCHPSTLYW,-1.156592668,1
slay_6025,LTSPTNQRPNALNNRPCAAL,-1.156544449,1
slay_6026,LAPTYCFVYNRSSRITYTA,-1.156528785,1
slay_6027,SFCNALYPRPFARHDCMCHP,-1.156306122,1
slay_6028,NRWNTTCSEGLIVNYLIANM,-1.156079708,1
slay_6029,AYTYDPLVDRLLHLCHGIV,-1.156018771,1
slay_6030,QGHSHM,-1.155941757,1
slay_6031,ASNIRTTLCSFNLETIA,-1.155923807,1
slay_6032,YLPALCSPFHNRSQHFHCCL,-1.155756848,1
slay_6033,NQACQAPYTT,-1.155507088,1
slay_6034,PLLLWYFCFLLSAETTYNKD,-1.155403192,1
slay_6035,CRPLDSSQAMSQVTGNSNA,-1.15522163,1
slay_6036,SVSSNSPERFTK,-1.155207036,1
slay_6037,CLFVISPSIPMYYEMGDAYQ,-1.155131467,1
slay_6038,LNAPTDDITSPRNHYGLNDY,-1.154674819,1
slay_6039,PLMYLVSYVLNLLLSTSSGR,-1.154543932,1
slay_6040,TTRTRCSTPVDPTLHLNS,-1.154540317,1
slay_6041,CAFSRKGPRISDPCGVTTIG,-1.154525286,1
slay_6042,VADSVHPSFAPNHATTFSAR,-1.15448526,1
slay_6043,PWRCYPHQFPTARRPPLRIV,-1.154454491,1
slay_6044,PPHCHPTRTCKTCVPPRDNR,-1.154417053,1
slay_6045,SRRPYANTLNSTFLTLLQEH,-1.154384168,1
slay_6046,PHPTYCAYFLHHPFLGYQF,-1.154162215,1
slay_6047,PCPSGHSNLDVRETVIPTTP,-1.154115485,1
slay_6048,PAGHSPPPCYLFANADMRVI,-1.153748782,1
slay_6049,LHESCTLGRLNHEGYNIIVV,-1.153732438,1
slay_6050,ASLLIPSGSGNRSHSSFYDM,-1.153502862,1
slay_6051,DPNVHHHCTSFPHFPELTLV,-1.153480173,1
slay_6052,NRPFSLCPLFYMSPVSPINW,-1.153261705,1
slay_6053,TTDVEVCTSPSFASVSSHCH,-1.153259858,1
slay_6054,RIRQTRMYRTPPVRLNNYDR,-1.153212253,1
slay_6055,CGLLYDYTSHPYYIYGHSFL,-1.153061509,1
slay_6057,LSVTGLNGIMTGKINPPLCL,-1.152863731,1
slay_6058,CRIYPIGA,-1.152806277,1
slay_6059,IPISCWAPCYPASHDWECSL,-1.152792114,1
slay_6060,FYCTALPYATSRTVGNDNAI,-1.152556081,1
slay_6061,DP,-1.152456301,1
slay_6062,QFFSPFNNQNNCPYLLILGR,-1.15242449,1
slay_6063,NQPFWIKSRRYYPSWPLDLL,-1.15201068,1
slay_6064,CFGIPCCASPRGSHPLAIYV,-1.151916268,1
slay_6065,PHQLHPCGFNVFPHRPNAFY,-1.151808293,1
slay_6066,RHKLSIRLIRPRSTCHWPRR,-1.151765355,1
slay_6067,PHQHSVLCRHKLTSESIGCV,-1.151759082,1
slay_6068,LYPNSSTLTTLHTDTCFYFI,-1.151677402,1
slay_6069,TALLLTSLATILRELRCHGH,-1.151475265,1
slay_6070,PYNSMRHCSFHADNHSQRWL,-1.151414662,1
slay_6071,CTGPHSHSLVYIGACTPICM,-1.151370275,1
slay_6072,SNREGVGWSCLPVSPL,-1.15134072,1
slay_6073,PRRVFPHLQDNQDYAKNAIL,-1.151291047,1
slay_6074,WSIPCGVPSPRTSNPLLHYL,-1.151234676,1
slay_6075,NFPLGPAASERTNPFKIFTC,-1.15100125,1
slay_6076,LPIFSLVGLNPDVKHKTSLRN,-1.150941831,1
slay_6077,THHYSYQGLSANI,-1.150829554,1
slay_6078,HAESFLTMPCFDSPRSCEMD,-1.150819618,1
slay_6079,SPDLDPFQTPTILIIFPGTR,-1.150746699,1
slay_6080,YPFFLINNPYFVQTLVITWI,-1.150553659,1
slay_6081,DNSFQHCELVPSCYKCPPQF,-1.15055077,1
slay_6082,PRPPTAKVPVIYI,-1.150364997,1
slay_6083,MPRVWSNNPTLICNARADIT,-1.150310957,1
slay_6084,SAPCWWRYMAAPHDHHTYNP,-1.150113598,1
slay_6085,TEPLGVLFPIQH,-1.150002094,1
slay_6086,PVMA,-1.149976545,1
slay_6087,DRPYLMGPLY,-1.149847422,1
slay_6088,YWTPLPVLFRCLLSKLKNCI,-1.149827709,1
slay_6089,TSLPTARLILAICLIMLIRCN,-1.14970596,1
slay_6090,HAPNNTIEAYCLLPYPDTLT,-1.149688934,1
slay_6091,YVILCQSVLH,-1.149669641,1
slay_6092,LFLNLLCPKKILPLCIALTTN,-1.149660889,1
slay_6093,RLDAFPMMIAINHTDTLSLS,-1.149242593,1
slay_6094,AACPGLVRVHPDLVLTYHRR,-1.149177829,1
slay_6095,RPHSVYCYCSMFTSGPDPPA,-1.149171999,1
slay_6096,NCWSNISTALTTLWKRFVAI,-1.148930529,1
slay_6097,LYSAPCFPVRHHGGNFMSYS,-1.148919512,1
slay_6098,LGCRYNNSSKSHHISHSNNS,-1.148896747,1
slay_6099,PGCTSFSNCTNTYYSLIVLI,-1.148835452,1
slay_6100,CQLTGRPIAMIWREIGSTFS,-1.148681008,1
slay_6101,SRYMFCHPPTWTSVVRNYSI,-1.14839482,1
slay_6102,SLAYIINRALRHIVTSSCTL,-1.148361403,1
slay_6103,HCNVPHCSYHRFHAWSLSTT,-1.148334912,1
slay_6104,YRNCYV,-1.148252133,1
slay_6105,HDAYQVCSLRSLLVFLALLL,-1.148151585,1
slay_6106,PSNSSPNVADVYMNFHHLDV,-1.148076777,1
slay_6107,TIPGRPVCLVVKSNSYF,-1.148060335,1
slay_6108,PASISI,-1.148055618,1
slay_6109,RRHRGLCMLCMPIIASMI,-1.147809293,1
slay_6110,RHLTSTG,-1.147459527,1
slay_6111,LRPIPILSVNLLHDAVPTHS,-1.147412148,1
slay_6113,PHRLTESPIAFCTLWPKWTI,-1.147108413,1
slay_6114,WYPLPYNYYHCNHTHLHHFN,-1.14698654,1
slay_6115,CWPRPSFGFYRYPDWLLCRA,-1.14679253,1
slay_6116,PLVYDDSCTLTPHKQTANAH,-1.146690103,1
slay_6117,NPTITNDQPNSHGVRGAFSS,-1.146673835,1
slay_6118,LDLTDYTVSTCMLNGSR,-1.146633373,1
slay_6119,TCSPSYSTSQPYWFTYTIRA,-1.146545827,1
slay_6120,SGEPWLYWPHISF,-1.146469682,1
slay_6121,GNHGSSGYTKHYTVYSVFVI,-1.146398439,1
slay_6122,PSGLTYSSYKNLYPHPCYVK,-1.146335563,1
slay_6123,LDCPLSTGHMIWSRLSDSLL,-1.146110198,1
slay_6124,PGFLLSELKRVVRGIIGIY,-1.146089688,1
slay_6125,SGPSDMHTVPPYHTHSFGLI,-1.146050017,1
slay_6126,KLY,-1.14601767,1
slay_6127,THLHHGRFTCWYDPYQ,-1.145967394,1
slay_6128,TPFRLFLIADGPARSMNLHH,-1.145776576,1
slay_6129,HEQFDVSRPDILLCTRHAAN,-1.145692077,1
slay_6130,PRPGKPGCAGGCSTCTLPFP,-1.145495538,1
slay_6131,MRQVCTTGSQMTSDHANSFA,-1.145491645,1
slay_6132,VPTYRDRDHSYFSYCLI,-1.14543806,1
slay_6133,LCASFYYFYLFCLNHT,-1.145225742,1
slay_6134,LSLAYHPFIHTIRSSTSHFL,-1.145219243,1
slay_6135,ILNFSAPTCNHKSLYSMYLV,-1.145140216,1
slay_6136,PNSCTICNNHSYRMTSLDECN,-1.145122841,1
slay_6137,VDANRHLISTVARSTVSSRVN,-1.14508275,1
slay_6138,PLKSKMLCVVLL,-1.145074878,1
slay_6139,PLLHCYPLYGAHTCHCYHTI,-1.145028723,1
slay_6140,LWFRLYPVLILLFQYIHCTF,-1.144656478,1
slay_6141,FMLSCFLKRYGLFCPDNVRN,-1.144584802,1
slay_6142,LALILSLF,-1.1444436,1
slay_6143,SPGHLHLPDSWYSSSTFLLC,-1.144396779,1
slay_6144,TQICKNGFFGRYLMTPNHFH,-1.144293655,1
slay_6145,DNYVVYAGSSVLLRPTLTYF,-1.144137957,1
slay_6146,HDHVWSSSANYHWVFLSSRI,-1.143993506,1
slay_6147,WVSSLMFNIYDGSFCHPSSC,-1.143946883,1
slay_6148,DCTSALPPLGIP,-1.143896137,1
slay_6149,TGVFSVLLDSDHDDNAYSLVR,-1.143891407,1
slay_6150,LSV,-1.143859657,1
slay_6151,ALTTLILRAIRARVRPRLSRP,-1.143785269,1
slay_6152,PCDYHFILIPQNPGDAPYLIY,-1.143628222,1
slay_6153,HPSPNHVHKFEGPATTLGVN,-1.143500908,1
slay_6154,PPYQPYFRYPCGIFYPLVRS,-1.14339128,1
slay_6155,ITTQLILTFELNIVTIIIHS,-1.14320773,1
slay_6156,QVTNDSGSYYNSNFGVSLDQ,-1.143143736,1
slay_6157,PSLTARTLYFMEPDLIDSNA,-1.14312139,1
slay_6158,PISVPHHFSLRISHESNCRV,-1.143055097,1
slay_6159,RSRDEYVSGFSSHLIFYKNQ,-1.143024276,1
slay_6160,KVI,-1.142774017,1
slay_6161,HLCRPHFILTHNNALPGSLL,-1.142767206,1
slay_6162,NRKYKVSNRNHCNCHTTNHK,-1.142739093,1
slay_6163,GAINRTCASCHWLPCLIGYI,-1.142715367,1
slay_6164,LTVLSSRTCGTILSHYCT,-1.142684284,1
slay_6165,PYSGHYFSIHAGASTHE,-1.142668982,1
slay_6166,EATHYYSPARIYYIHLGSST,-1.142576683,1
slay_6167,HWLSTNRSPYAHTCIPVYTW,-1.142304556,1
slay_6168,TAYTMSTCYTSGLGPPTNHA,-1.142281637,1
slay_6169,ETSGAVRYCTPFISPYWLCC,-1.14226569,1
slay_6170,CHDS,-1.142232536,1
slay_6171,SPPIEAIHCNVCKGYRIMSVN,-1.142169005,1
slay_6172,FLGFVINGLHSTLALLRTLGN,-1.142115808,1
slay_6173,VCSCPILPINTRYGRRLLLS,-1.142012324,1
slay_6174,TPRFYPLIFSYI,-1.141886185,1
slay_6175,PGLKARPDLFGLLRCVHTSK,-1.141781604,1
slay_6176,CAPYTKPHKTSMRPLDTFKT,-1.14175243,1
slay_6177,SERTCPNVTHTVLPVPTSTA,-1.141596966,1
slay_6178,RPYPMLLLFY,-1.141536435,1
slay_6179,LFRPCIDNSRGDTGINDNGR,-1.141203683,1
slay_6180,HTHCYRMPYGHYYYYGCDCF,-1.141176967,1
slay_6181,LPRGPPGRCNPWDGDWCHGL,-1.141004578,1
slay_6182,CTSLYTYL,-1.140931186,1
slay_6183,CFPMLIASVQFVSTPHYPNN,-1.140802806,1
slay_6185,DVVSNIRANRPYRVDALFPP,-1.140429465,1
slay_6186,CYSFHINRYLPYHFH,-1.140400321,1
slay_6187,PLFWTQPHFPSDCDVNHHPS,-1.140281985,1
slay_6188,PFNHADDAEPHFLHTIWHYM,-1.140263712,1
slay_6189,AKIADPFPSPPHSYVSPF,-1.140249523,1
slay_6190,HSNDLFSKDTSCYHPCDRPY,-1.140145484,1
slay_6191,HSSNIPFRLDNYITTRRNTA,-1.139898806,1
slay_6192,YSPCRSQTLPFVPVRRQSNL,-1.139753536,1
slay_6193,SGMCDNYDLPIRPPWFRRRRN,-1.139627804,1
slay_6194,NSQRVLDDFSNQCAIIMPWSN,-1.139540457,1
slay_6195,LNQPTTTPSSG,-1.139456961,1
slay_6196,FACPDFIRKCRVCMDNFRTA,-1.139450261,1
slay_6197,TSLLFPRCHLCIMVN,-1.139426511,1
slay_6198,NPGCYFALLHSDNILATHIS,-1.139306312,1
slay_6199,TWIIMYPFCHGHNTELDNMG,-1.139300192,1
slay_6200,SRMIPLTLFANEQ,-1.139165092,1
slay_6201,CVYGDSQHLSVSDPDPFTLI,-1.139104856,1
slay_6202,VFLSLLMIAKYILLNAINHK,-1.139064453,1
slay_6203,TCTGIMLTMGREILHEVVYV,-1.139027004,1
slay_6204,TSVHH,-1.138895547,1
slay_6205,CNFGLHGVACFYFTDLLFTP,-1.138877082,1
slay_6206,LWDYFLRKNPTTDTCLYFLV,-1.138826362,1
slay_6207,VAPTFSSVRLPLCFILCLTL,-1.138786872,1
slay_6208,PLINLLDLYKSVRVIVPLLV,-1.138771929,1
slay_6209,HMTLPISLCTPRTHFTFLGD,-1.138495953,1
slay_6210,HLLETTALAYL,-1.138380809,1
slay_6211,THLPRVSMDFMPYYRYI,-1.138170313,1
slay_6212,PQPASGCPTNSGAARPNSC,-1.138168795,1
slay_6213,PPRHCARRDYDFDFPYLWTY,-1.138111113,1
slay_6214,PSDDQPPNSLTLTCAIPRR,-1.138084101,1
slay_6215,ANHTVTMTFTPVIRDPSSHA,-1.138080832,1
slay_6216,HCRTWTNAVLASQHNVTVHS,-1.138056821,1
slay_6218,PCPRSYNLATPLSYLAQRLQ,-1.137930654,1
slay_6219,TFKAEMILRHCYDYDNRHSSN,-1.137801048,1
slay_6220,NYNHTFISATLLTELY,-1.137712604,1
slay_6221,SEPRSHHIVNGFLIYCTSAY,-1.137470879,1
slay_6222,YRRLFSAVPIWTAAVSFYVI,-1.137434624,1
slay_6223,TMLGCFYLPYASLSRLSYPD,-1.137411801,1
slay_6224,SILAKVYSLLGQHKTCNRDG,-1.137398048,1
slay_6225,RESPRPGCWCYIPAPELCLL,-1.137098529,1
slay_6226,EKGKERGYPLKPYETRLLCP,-1.136844628,1
slay_6227,HSPCTYHDAVTGLRPLYRV,-1.136826615,1
slay_6228,PSVCTYQAGSNVYAIGGLNP,-1.136698439,1
slay_6229,YCPPSSTNLNDMHLASTAMW,-1.136697377,1
slay_6230,WQFYTCPNEWLHHPSMNLHV,-1.136696767,1
slay_6231,SPTCTSLPDDLGTMLIINRA,-1.136679532,1
slay_6232,LYFRHVDFIQSRRNRVFCTH,-1.136598014,1
slay_6233,NSRFVTDFPTMNVFNIFSRS,-1.136561187,1
slay_6234,HCPRWHPPHYYTREDLTLLR,-1.13641025,1
slay_6235,PRV,-1.136285614,1
slay_6236,FVLSLSHHHPMVGIPSRVLFN,-1.136266392,1
slay_6237,GAFSTPLSVDSATIPCDRY,-1.136261851,1
slay_6238,SAHSCYDLVGIHYAARPIVG,-1.136150585,1
slay_6239,EAANCHHVPLIIHLDHANIY,-1.135923892,1
slay_6240,YHALWDRRV,-1.135693743,1
slay_6241,PISGNWTIYPVFVSTPIIYS,-1.135651797,1
slay_6242,PETSCLVYRTHLDECRCRKR,-1.135603727,1
slay_6243,VRRNASHPSPPETTNCLYFV,-1.135540504,1
slay_6244,SYNSHAPCPPCLNSSELQPL,-1.135401073,1
slay_6245,LHYKR,-1.135286449,1
slay_6246,DVSPTTLLCIKKTGSYLDTR,-1.135073488,1
slay_6247,YIFPLSTTTFCGHFMRYCNS,-1.135030135,1
slay_6248,DSF,-1.135009976,1
slay_6249,DVRPDPWRAPQTLCIPLIYT,-1.134982341,1
slay_6250,MCYELVDN,-1.13486248,1
slay_6251,RAPRSSCRAPKSVSRRRRRTN,-1.134822039,1
slay_6252,AKSNDCRHKPFWTTYDYMQV,-1.134711089,1
slay_6253,LRHSAELPYSIYSKYQYFTI,-1.134698952,1
slay_6254,NIISDLMRKANILISKIMCW,-1.13453855,1
slay_6255,LLSPTMTRFVVSSLPFPRGFS,-1.1345233,1
slay_6256,LMSPWILLLDAHWFEHFFAY,-1.134441949,1
slay_6257,AIGTYGLHEYSHSFPLHMCF,-1.134341611,1
slay_6258,RLISRLFLALILRLIGSVRVN,-1.134314898,1
slay_6259,PLPSAPSSSCIWLISL,-1.134045378,1
slay_6260,TGTIVNYFFIFC,-1.134036613,1
slay_6261,SGAHWP,-1.134030554,1
slay_6262,PLPSATAFLYCCLLSYCY,-1.133859696,1
slay_6263,WPGYTDCWCQAQMHRFSQCY,-1.133852517,1
slay_6264,ASAGRALFLLLTRLGL,-1.133820292,1
slay_6265,HHYHFFWTLSRLARIIALPLN,-1.133805615,1
slay_6267,PFISFVYPSRHLCHASNSSD,-1.133682852,1
slay_6268,APSGCARNLCKVSMTESSTL,-1.133591777,1
slay_6269,CWNRSYGSARGIRIFATRIN,-1.133527243,1
slay_6270,TGE,-1.133497466,1
slay_6271,PDLDVDPSFHYTDTIYSWPC,-1.13349053,1
slay_6272,RSLRYWDHVHLTLDPRYMCI,-1.133435728,1
slay_6273,PVVATIRLIVALSLAVRMRSN,-1.133277282,1
slay_6274,ATGRLGNHRTQRWDLARFTV,-1.133219741,1
slay_6275,PTFCALAHLTS,-1.133118757,1
slay_6276,FNPCGSCTPFTCWLPRSYK,-1.133106129,1
slay_6277,RAPTLIKRINMNLSKFFYYC,-1.132925758,1
slay_6278,PTSKDYRTTPCFWDHNHLYY,-1.132757623,1
slay_6279,TPAATCKKSRSSCTPNCAST,-1.132399036,1
slay_6280,IDSVDDFNPDVRNFWYA,-1.132385409,1
slay_6281,PQSLLMLCCYPVPWRVCSAA,-1.132320407,1
slay_6282,WLQIRIRGDP,-1.132284614,1
slay_6283,STNTNDWFSHNTPPTVVSD,-1.132229152,1
slay_6284,RCNSALPDIEDSAVVMIDFI,-1.132055208,1
slay_6285,NACALIQNDLRGHPPHYSRA,-1.131786835,1
slay_6286,LFEPHILCSGRHPWTSYFLY,-1.131784351,1
slay_6287,PLQSPYFCVSPSELMSQYRI,-1.131673517,1
slay_6288,IICPCLYPTPWINREYHIGI,-1.131530877,1
slay_6289,RDALQALFPPAIANLSVYPG,-1.131493407,1
slay_6290,RLKYFSPL,-1.131476897,1
slay_6291,FKDACPGTPYSYPIIIVAAQ,-1.131378648,1
slay_6292,FTYSADCVGSN,-1.131362349,1
slay_6293,PMLCYYSPITNGGKSCFVFVN,-1.131327149,1
slay_6294,SRDQSDTSMGPVIVIIHYDS,-1.131323212,1
slay_6295,YCATTYSDACSIFPHATA,-1.131247879,1
slay_6296,PFHYLLI,-1.131136618,1
slay_6297,PSLWRRLLHYHLKPGRKIFY,-1.131003011,1
slay_6298,ALPMFTVSCLISNAVLHRRS,-1.130983292,1
slay_6299,ILWLRLLRHFVFSKTIHTIP,-1.130968749,1
slay_6300,RHPLLTWCDHHMCPCAYWLN,-1.130934134,1
slay_6301,QWAELHLYSPPYSGCYTVHH,-1.1309023,1
slay_6302,PTDDPVLLCILCTVPNSGSC,-1.130765661,1
slay_6303,PKTFTPYATGSDCFSIDYIV,-1.130736155,1
slay_6304,THYYFHLFTTLTGCVESASD,-1.130726652,1
slay_6305,NCLTHNPGASHSMTPLWHAL,-1.130597775,1
slay_6306,IPFPLILF,-1.130580044,1
slay_6307,PVGLDASEIAS,-1.130534755,1
slay_6308,AHCLRSHNSPSYLPAHVHRA,-1.130413727,1
slay_6309,RIRRINAYTPERHSRNYLIT,-1.130262944,1
slay_6310,HNAILMGRYEPKMCTKPGTT,-1.130138165,1
slay_6311,ELTPCLL,-1.130090084,1
slay_6312,LPTPCTLHPYSRALLVNLTN,-1.130064728,1
slay_6313,TPLDPVQRPWAVDSCCSVLT,-1.129820883,1
slay_6314,GRRNSGYRRIVRSSQSFEEHC,-1.129816106,1
slay_6315,WAACSPAPSSRSHHVESVSR,-1.129795838,1
slay_6316,TYPACLYVHSNYIMTMPVYT,-1.129680336,1
slay_6318,RAIDGPKGKLHTYIYATGTA,-1.129573628,1
slay_6319,LV,-1.129546001,1
slay_6320,TLGPVTCNPLPLAIYNELL,-1.129431963,1
slay_6321,TGDILFHFFYQPTYSLFNLW,-1.129420672,1
slay_6322,NSLCVPFHPCSLKSFLIAFG,-1.129156581,1
slay_6323,PYATFLPPLISAATCVACNP,-1.129065203,1
slay_6324,RLTSLYVPSPPFLFSVSYQR,-1.129012684,1
slay_6325,HGFIARLIHPHYPTDDHPYH,-1.129003086,1
slay_6326,SFFSDYPHIDAWIKLNDFSA,-1.128766093,1
slay_6327,PSLGRAPPTSAYHVPDTPIP,-1.1285921,1
slay_6329,ASSSDTCTHD,-1.128223775,1
slay_6330,PHTSV,-1.128169619,1
slay_6331,ALFFCHNTCNMTDSAPIRRA,-1.127886609,1
slay_6332,TWSLRDPYQANPFTVRCFY,-1.127877771,1
slay_6333,CVLNTCRRRVVYPANTNSNY,-1.127685275,1
slay_6334,CPSHALPSNLNQKT,-1.127543216,1
slay_6335,LPIFTPCRQDSDPI,-1.127473483,1
slay_6336,PFADEYVLPHGFIPYPQTPL,-1.127406735,1
slay_6337,LFPCWAYHLHNNHFLNMTLY,-1.127317358,1
slay_6338,KRPMHHLANRDHCIRVSRTR,-1.127279148,1
slay_6339,LTSPPLYSNPCVSCSCWYRL,-1.127270033,1
slay_6340,RIPELTGACTITYNYNNTYN,-1.127103377,1
slay_6341,GPAYDILICSKVNICYRVPY,-1.127034196,1
slay_6342,PVHPWRNAEDSKPRISCNYY,-1.127005985,1
slay_6343,SSLIYPTNTDMLFKIPHYIQ,-1.126974817,1
slay_6344,YHSPFCTPFQLLDARVASPA,-1.126759211,1
slay_6345,FRRRICRCCPYHGAGRNDYN,-1.126511844,1
slay_6346,LRPRRYFNLLFGRRRDLKRS,-1.126462449,1
slay_6347,VTSPPTYQTCFVCWFSVLCN,-1.126413243,1
slay_6348,RVFYPSQTLFVCNTDFL,-1.126392097,1
slay_6349,PGEQHSLMLSRVLLAALRYVM,-1.126369077,1
slay_6350,PSCSPTDLYILQQFYDRIRI,-1.126342382,1
slay_6351,PHSPPPLNIHVHTLDMRATW,-1.126267465,1
slay_6352,YYAPLDCNANHNNVIVLFCK,-1.126102601,1
slay_6353,HACLLTNYHTLNAVTWMRKP,-1.126053222,1
slay_6354,PPRAPSHLTRCPNYLPIYKC,-1.125946991,1
slay_6355,VLPNCTESPSGLLAGNNPLPV,-1.125934302,1
slay_6356,VRRIDDPGCQWNHYSSAG,-1.125921532,1
slay_6357,VLDWIHTLLYPHWLVAHCTA,-1.125760478,1
slay_6358,PLIAPHLLYCNHN,-1.125699208,1
slay_6359,NAASHNDLCPHRHHKCGYKI,-1.125690877,1
slay_6360,NNPSCDCSFFPKLLFIPCLA,-1.12545334,1
slay_6361,PDEINCSLQTRTLNVHIYSH,-1.125323509,1
slay_6362,PSPDYTCPNYASSMFHLYSI,-1.125063016,1
slay_6363,DHGSVMKCLVLQPTSPDNKS,-1.125016239,1
slay_6364,PGLNSSTSAYNLPVLLATFT,-1.125015937,1
slay_6365,SDTCAVASA,-1.124607416,1
slay_6366,RFPFWMSFAVSKCTRHSYKY,-1.124607245,1
slay_6367,LSNIIVLIGV,-1.124524302,1
slay_6368,GYCPKVRLRPTSWPLGYILG,-1.124338532,1
slay_6370,PYKIIFPPAGCLPVLNVISC,-1.123862868,1
slay_6371,SGVHFSPSTRLSGDPNGAVS,-1.123772867,1
slay_6372,STHHKGNHDIYPIYVHH,-1.123683916,1
slay_6373,SDV,-1.123595382,1
slay_6374,STIGTYLCTNLATLAQGNMN,-1.123495239,1
slay_6375,LPSIHTIS,-1.123444272,1
slay_6376,HRPPTTYSCPHNSNSLFTTL,-1.12339162,1
slay_6377,GVYRCFPPKANHLTRHLNGD,-1.123381218,1
slay_6378,YCHTPAQFYPLR,-1.123341437,1
slay_6379,RDLPSNCCLIIYPLVSTGDW,-1.12313868,1
slay_6380,SVSAKWRPVLLFWT,-1.123099238,1
slay_6381,IPLCGERFYYPIWGAHAWPF,-1.1228253,1
slay_6382,PRVYIATMTESYLLMVSRCY,-1.122741955,1
slay_6383,RIEDWINLQPNSGQKGY,-1.122544867,1
slay_6384,GPLLRSPRITLRPSRTFMTVN,-1.122535978,1
slay_6385,SWAYVML,-1.122486859,1
slay_6386,ARSHPRATDHMLIFCMTYYP,-1.122420024,1
slay_6387,PLDMKSTLPRHGHYPHQSI,-1.122327446,1
slay_6388,PYCRGGNRSLPRTVFPYVPL,-1.122281184,1
slay_6389,NCLGNELILVRKHNTASSVM,-1.122234315,1
slay_6390,VSPILYSIGHKNPKYSTGYC,-1.122154248,1
slay_6391,AHWNCYATHAYVPLHPIWIY,-1.122046931,1
slay_6392,TCSSSPSDHYMLLDIASHRV,-1.121948575,1
slay_6393,LMAARTLLPSFMQVCPIARG,-1.121846064,1
slay_6394,YCPLYLAANQIYI,-1.121373033,1
slay_6395,PTDTLTYPTTTCIIPYFHAW,-1.121210745,1
slay_6396,LGTSLHRCLDIPYNRFLLFP,-1.121120106,1
slay_6397,TNLRLEVVTRRFFPLRTWII,-1.120908873,1
slay_6398,SRNRSACAFKQPDTMAKSYY,-1.12088097,1
slay_6399,MNACTSPTLYDEVLDVIEHV,-1.120794402,1
slay_6400,VLTTVVVNCPWDRG,-1.120786707,1
slay_6401,IPPRIFHECHAFNANPNVPS,-1.120756847,1
slay_6402,SQVILCS,-1.120754738,1
slay_6403,FAVHVTHRAQPLSPQGLYLH,-1.120685554,1
slay_6404,CQTRSANLLTIFIIVVLLRRN,-1.120644674,1
slay_6405,ADP,-1.120640925,1
slay_6406,VPNCNTLIYYIG,-1.120606746,1
slay_6407,PTVTCQPIPLLAPVYSV,-1.120580079,1
slay_6408,CAHACPKCPESSCHGYNHPH,-1.120546613,1
slay_6409,PNLSFGSDCFWYTAVASLTT,-1.120512371,1
slay_6410,MPRGNNHIGATTCEDQTQ,-1.120486095,1
slay_6411,CQNFSYISGWHFI,-1.120416019,1
slay_6412,RLYHFNQDIGHIDTRHGHMW,-1.12028526,1
slay_6413,DLATTFTNRPFWSTALPLMTF,-1.120209439,1
slay_6414,PVRNPIIYYRVNIHFHRIKR,-1.12015123,1
slay_6415,SYPSFNANPLNYHPLTIISA,-1.120128531,1
slay_6416,KSYLKCLNPHKRLLYCPVIFN,-1.120084898,1
slay_6417,PTWPNTCWIPYHPASLGIDA,-1.120014764,1
slay_6418,PHSHSLAEYYTKQTSPTQND,-1.120006847,1
slay_6419,HSPARGSCVDLYYSYCYYSC,-1.119931129,1
slay_6420,HTGCRPLAATIVPSLLRLGI,-1.119877592,1
slay_6421,PLDLMFCSGPNTPHFPSPQK,-1.119847895,1
slay_6422,LCTSFVFFRASWLNHICTDA,-1.119847422,1
slay_6423,TRYRVERAPLSIYWFSIATI,-1.119821172,1
slay_6424,CMGPPFPAMIDTIYDYMYYM,-1.119791231,1
slay_6426,SKTPCRYYAMGNYLGTRKSY,-1.119379413,1
slay_6427,FQCNTFNSGPSYAAVLPISV,-1.119179645,1
slay_6428,VAPYGPYTPTIPSSRLYILV,-1.119160747,1
slay_6429,VIISTF,-1.118604142,1
slay_6430,CKIPPFILVSYDAVFNTKAC,-1.118541532,1
slay_6431,HAG,-1.118482048,1
slay_6432,SNPACVAAIIYAKSLCTLTL,-1.118382295,1
slay_6433,CAPSNPANAFHSASCDPPST,-1.118352947,1
slay_6434,THPHLYAYRTKYGSYGHLKV,-1.118341188,1
slay_6435,STTHPFHDRDLCCSPTYLYL,-1.117945937,1
slay_6436,SCPNTAFTFDYAQLFNPRRM,-1.117626857,1
slay_6437,PTRSNVI,-1.11756777,1
slay_6438,FFVDGTNLSIDIPNQWYLTPN,-1.117508289,1
slay_6439,PCTFFLNIPNH,-1.117507581,1
slay_6440,NLRTPCSLLCIPRGPLFRCN,-1.117438068,1
slay_6441,FRPPCGYYTHSLHNIDGNPY,-1.117425871,1
slay_6442,VPACLLIPSFLLCSFSPGHT,-1.117119681,1
slay_6443,TSDTFPTFSSTITCQSCPHL,-1.117097445,1
slay_6444,AVIGTTTFALSLVIRTSSLAN,-1.117052907,1
slay_6445,RYCDGVDEVIAINYLPKVTAI,-1.117025823,1
slay_6446,RPQ,-1.116933668,1
slay_6447,ALMRCHTGSDT,-1.11686142,1
slay_6448,QCYGPVFPVLCCWNFT,-1.116794363,1
slay_6449,SRHGVSDTTDSMPNCWGYIV,-1.116676214,1
slay_6450,LLPLVYNQRGRLSNSYAPGP,-1.116563963,1
slay_6451,HS,-1.116515541,1
slay_6452,NTDTKVCKALSFWISIPCPFN,-1.116419628,1
slay_6453,LHNFPSTPCDRHFGYLYVLN,-1.116303595,1
slay_6454,SCYCPLTVFGFPFLA,-1.11628358,1
slay_6455,YSPTCNSVYPLGLFPTWGHY,-1.116152901,1
slay_6456,PHSMHTYYTKAQTNPCILVIN,-1.116125024,1
slay_6457,RVLKASLARVLSSLGVRRSCN,-1.115857299,1
slay_6458,SPHLPPPVRLYHELRLPHLC,-1.115701463,1
slay_6459,SNTCPADNAVTTYIPSMQYV,-1.115666176,1
slay_6460,QCPEVSAHSNYGYNTISNSI,-1.115486472,1
slay_6461,RHYPNTSWRRPSSRLS,-1.115432408,1
slay_6462,TALPCEYRWDNRHCVIQLLL,-1.115411134,1
slay_6463,MIAFPNRIIQ,-1.115386739,1
slay_6464,GPSKPNACPWVTPMIDDTVT,-1.115379768,1
slay_6465,CNLYYDCPYYTYLRYRGVKC,-1.11533576,1
slay_6466,SPTNVFLWSSTAPFFSPSPN,-1.115060878,1
slay_6467,HYGALFFDIGHLLRACGKTT,-1.115016911,1
slay_6468,PANNAEFLGRLHVPDVFST,-1.114680727,1
slay_6469,NPATLYFIPYGDATYMVIIN,-1.114564985,1
slay_6470,LQGKKIPIYLCLYNDITKNR,-1.114545079,1
slay_6471,LLERSLTAMFFIPRPALGRSN,-1.114503863,1
slay_6472,CYGNACTISDLNRPYFSCRW,-1.114384801,1
slay_6473,GLYIHVPHDMYPLYKCHYIF,-1.114236153,1
slay_6474,PMKSCISYTA,-1.114126955,1
slay_6475,YHDCRPGSK,-1.114054576,1
slay_6476,SWILCVIMPARVRRCGIRRPN,-1.11399856,1
slay_6477,RFCPREGRAEGWLPRYQTT,-1.113969064,1
slay_6478,CSFNQWYSMFPYSAAYNSLK,-1.113872713,1
slay_6479,CVPKLFTPNLVRSCPSTVCN,-1.11381681,1
slay_6480,PQSNYYLISMSDPNYWIGNI,-1.113726074,1
slay_6481,VMF,-1.113683814,1
slay_6482,VDSLRLKHSTCQDYTDCCSA,-1.113667303,1
slay_6483,NRMVCYSTDNAPFVLACIQS,-1.113498239,1
slay_6484,RISPAAKENFGFYLNSILLA,-1.113496346,1
slay_6485,QFYLNKCFSNNNLILSKRMGN,-1.113388436,1
slay_6486,RHTHPRFATNPHRTASCGN,-1.11325347,1
slay_6487,TPDVLCVLSLPLHYCYLLPH,-1.113234898,1
slay_6488,YNGIICPYFPVPTRDISYSV,-1.113081315,1
slay_6489,RRPRNTLYFNSFIKHLALNY,-1.112906246,1
slay_6490,RYCNVHGFHKNTPFGQYRKS,-1.112879639,1
slay_6491,CRSPLTHTNHSIEYQPSIRM,-1.112584418,1
slay_6492,PNLCLLTPLSAFWYTYPPIM,-1.112581135,1
slay_6493,QGCLHPPRGAY,-1.112572898,1
slay_6494,PPYSRWYTWRYTDYNAIYSC,-1.112565449,1
slay_6495,HCYRASGHYSAHICNPCVNR,-1.112558902,1
slay_6496,FDDSVAKDTYNTQYVHYLFL,-1.11254047,1
slay_6497,TTRSTNHHTFDLFHCSPYLF,-1.112379797,1
slay_6498,RHQFPGCADNPPVHFLLVTV,-1.112274292,1
slay_6499,NLCSRAYALISWLCCSKHLH,-1.112114407,1
slay_6500,LGYSRTP,-1.11210814,1
slay_6501,TTITDCCRYDNPCTLFKWRY,-1.111867125,1
slay_6502,PLGPSPSSPSCHMLLANQMD,-1.111745304,1
slay_6503,HPVPRLHWNPLIYQY,-1.111712976,1
slay_6504,DCAHNFSHPVYTNSI,-1.111702741,1
slay_6505,SAYHRSGNRPIPGYYCHDLL,-1.111651009,1
slay_6506,PPDSGFNIDPCYVLVYAQLL,-1.111462842,1
slay_6507,TRRATTNFDPGHNLCFYIPA,-1.111091092,1
slay_6508,STQSCGFQPFSPSIILLSTS,-1.111050232,1
slay_6509,PQDNHELTGHGNCICALMMA,-1.110934598,1
slay_6510,RAYPTDWCSYLI,-1.11090167,1
slay_6512,LIHRLCKALLTSLPPITPMA,-1.11086611,1
slay_6513,PPYNVTFHLHRFLMYIGCVG,-1.110773066,1
slay_6514,WNCRVFPSTYL,-1.110757509,1
slay_6515,ADVFAASGRDTWSYYIMLHH,-1.11071717,1
slay_6516,PARATSLTPLVVYPVVRCLS,-1.11064425,1
slay_6517,HALSNMNIEASGNPFCIYIM,-1.110578603,1
slay_6518,CNPLNGADRRTDSFPRFTVI,-1.110562421,1
slay_6519,TLVAPPHYQANPTQLW,-1.110501072,1
slay_6520,PNCIPTRITRRCRGYDRTIT,-1.110468713,1
slay_6521,ISSLLPHWLMILLHGIAGST,-1.110423649,1
slay_6522,PEYFEYPPAPYKNLYYVPCT,-1.110419283,1
slay_6523,LGSWGYSRCTN,-1.110387218,1
slay_6524,CCPNHSICRPYAQLNAAMPQ,-1.110186374,1
slay_6525,GCFNVSYQMANIHSAIY,-1.110176205,1
slay_6526,YSPVHTTSGRMCININDWRTN,-1.110153398,1
slay_6527,ATQENVFLICPYYSY,-1.110140146,1
slay_6528,HHGTVCLSSPISSCNLPYIP,-1.110125029,1
slay_6529,QQISSTPALSTTTPNTGVSD,-1.110053523,1
slay_6530,GPRRVVNSPAVECSAEHVSL,-1.109992764,1
slay_6531,CRTVPICRASPLTVNCYSIA,-1.109964684,1
slay_6532,TLYSHQPLTFYSPSVCLVYF,-1.109867568,1
slay_6533,SKPPQSDSVMFMLDPISCFP,-1.109746144,1
slay_6534,AYVKQNTAMFVQPTVYSISII,-1.109527653,1
slay_6535,RISLFLRTATLSLLLWYNPS,-1.109442342,1
slay_6536,PCNYCHHLDRVHAIVACQDI,-1.109332939,1
slay_6537,KYASGNTDNRCRCTMNNICN,-1.109292159,1
slay_6538,ADRRVVLPHTPNCADGPPPA,-1.109266711,1
slay_6539,PRVLPTPFGMRRSHRRRFHL,-1.109261859,1
slay_6540,CPVFYMPPYNYLFDLCVIGFN,-1.109133351,1
slay_6541,RPYRVAHSALVLHCNSWDRP,-1.108917363,1
slay_6542,SQPYGLRYRRNPWIRRCGP,-1.108796798,1
slay_6543,TCTRRQYTTFMFPTV,-1.108673529,1
slay_6544,RGCALDTLNIV,-1.10863836,1
slay_6545,LGGYACPYCHWFHITRNDCY,-1.108508983,1
slay_6546,THLWSYPKLIPTLLCMFCRH,-1.10833427,1
slay_6547,PRGHGLLLRDCIHDFPIYRT,-1.108245199,1
slay_6548,PCIYAFPANYTHIIVHLART,-1.10820909,1
slay_6549,HESTYMQDIYSPYTPFLQQC,-1.108098954,1
slay_6550,YQNDGTNNATFLSSYIYYHA,-1.108097441,1
slay_6551,TQRLYSPSTTRRQLPLLCQLT,-1.108036606,1
slay_6552,YRLDYSCSYPSYLINYVGHV,-1.10801034,1
slay_6553,HDARDVWDHTPYYNVNNSCV,-1.107923888,1
slay_6554,LYLLVMSPPLPLRRVRG,-1.107923888,1
slay_6555,AHGHSLDLLYIIVMFALYCY,-1.107680012,1
slay_6556,ETPHLAALLAYLLIVSPHAL,-1.107662358,1
slay_6557,CRYLAPRLALPNTEYVIHNV,-1.107601693,1
slay_6558,HLVSISL,-1.107562664,1
slay_6559,RSFAALGGYLPCYYLGSDHR,-1.107557653,1
slay_6560,ASTLRFPTHADSKV,-1.107554294,1
slay_6561,TRNYLVCPYWLINYHCIPII,-1.107482707,1
slay_6562,HPPTGWTLQPCSFIDNTLKQ,-1.10743248,1
slay_6563,RRKRWLPALALRSLLMLVGVN,-1.107391406,1
slay_6564,PSPCTTPLINGVPVHLVSRR,-1.107376096,1
slay_6565,CPDTLRNTWNRT,-1.10723579,1
slay_6566,TPPCPYLIARTAMN,-1.107235121,1
slay_6567,IVALHSNSHLRRYFHDSNID,-1.107231035,1
slay_6568,PNDFPWQYTCAPHILCCARI,-1.107197233,1
slay_6569,ILSGHMSPVAATIWASPLRLQ,-1.107124258,1
slay_6570,CLCIPFDFYCTEAVLTFWFV,-1.106991242,1
slay_6571,TTATIIGY,-1.106926368,1
slay_6572,ACNPFAYPMFRCFPGLAACN,-1.106750534,1
slay_6573,DLRLTRLRCVTIRPGWT,-1.106468068,1
slay_6574,PPASPYHRRHPCTALYPFLL,-1.106370151,1
slay_6575,RIKF,-1.106287155,1
slay_6576,TAHVKTHPSIL,-1.106268087,1
slay_6577,SPRLSLSHCVPHPPA,-1.10620345,1
slay_6578,SFNCPFMPVKRTPLIERVIY,-1.106187178,1
slay_6579,SDPCNSIYPYTPLVFFTVRT,-1.106161517,1
slay_6580,TLKTNNMHMEYHNYHNSTDF,-1.106156753,1
slay_6581,IRTSPQATTMSVRSYPR,-1.106118278,1
slay_6582,NRDASYPADISAVSEYSGHS,-1.106067051,1
slay_6583,ASSIILDK,-1.106048075,1
slay_6584,TPSRCHPTAIHFHALPGAKL,-1.105972238,1
slay_6585,NTSAWTPCDFATHSTLRPFP,-1.105879411,1
slay_6586,GTSWHSWHPIELTYGHCHLY,-1.105824452,1
slay_6587,RPSHVATAAFRHDHVDCSGR,-1.105805351,1
slay_6588,LSQFPCSYRILSLLPSLCAPN,-1.10566838,1
slay_6589,TASCTSLQYTNTPVHITKSFN,-1.1056296,1
slay_6590,CNWPPVSLYHTPFLYAVHLD,-1.1056021,1
slay_6591,NRSTITSIHYMSSMPHPVIT,-1.105585993,1
slay_6592,TSRASFLNLFRSHLCRARGIN,-1.105527612,1
slay_6593,DPLSPCGYVEPYILICTIDY,-1.10491277,1
slay_6594,RYSIPNHLYVYLSNTSGRLR,-1.104695819,1
slay_6595,GARYNSPHTWAPVNTLYAKN,-1.104614171,1
slay_6596,CLSRMPYFVYPRIFNYTLSTC,-1.104592012,1
slay_6597,TTQLILKLLHSFMMHAEHFY,-1.104589735,1
slay_6598,PHAFPSPFRYQPMYTLSCSP,-1.104421864,1
slay_6599,LPGTLSGCKYYTHSTMNDFI,-1.104406028,1
slay_6600,LYSVRTGTPQLTLMMPCDTY,-1.104333121,1
slay_6601,HLKSCNTPFNMNDNYSRNAD,-1.104330438,1
slay_6602,VSDGLTNDCRHTENSYITYL,-1.104246171,1
slay_6603,LSSSNASSPPCMWSQHMYFP,-1.104025822,1
slay_6604,LWVCLAVRHQSIVTIAQTWS,-1.103998313,1
slay_6605,RINNVNYNDHHHYTIICDHE,-1.103941972,1
slay_6606,PAPRTIFRTVPLPFFHAP,-1.10389369,1
slay_6607,PTDCIHHADYTYYDLVATRL,-1.10384217,1
slay_6608,AHPGDCLRPRQYLTYVRRAG,-1.103826665,1
slay_6609,AITTRSLHTNSGLNLGSCAD,-1.103716713,1
slay_6610,LKTHFGDPCAFRGLYYLQGFS,-1.103437555,1
slay_6611,LPRIFFWVGSPVNI,-1.103264602,1
slay_6612,SLRDTVPRSASPFSAPAYCH,-1.103258903,1
slay_6613,WRRALELGLHLAILYPLPIP,-1.103126044,1
slay_6614,SYELVRNNHALAPYAGTMTW,-1.103113476,1
slay_6615,TSPAVSINNHFLTINHMTAM,-1.103109063,1
slay_6616,DDKRSEPHFTSNISRALLLAN,-1.103043887,1
slay_6617,ACPPARSWRMLPNALISSRV,-1.102974936,1
slay_6618,PHQGYFHHHCHPPRYQDYSL,-1.10295855,1
slay_6619,RSLSWADSNCPMLLRWQTTI,-1.102874794,1
slay_6620,TRPCMLVPLVRDL,-1.102566952,1
slay_6621,GPFGFWLRPCHYHPLFSDHL,-1.102521407,1
slay_6622,PTSAYLPHEGRWSLRSSCLIN,-1.102483906,1
slay_6623,YDLSDSNCLPANRDKRYYVI,-1.102340701,1
slay_6624,TPHQGTCYTNYQIPNYQSAS,-1.102258008,1
slay_6625,ARMMNLLYQYSTDWLMCTDF,-1.102255522,1
slay_6626,ISLDARSLPSIATSLNVAWY,-1.102238015,1
slay_6627,PNYSCLPLLVTTLTPRSNHS,-1.10219177,1
slay_6628,TSYHDLRRSLQSRCARIRLAL,-1.102160776,1
slay_6629,TSAPSPPIDLNSLCQTIALA,-1.102120218,1
slay_6630,FCPGNYRLLCSSCPTYAYAI,-1.101997749,1
slay_6631,GCAYLIAI,-1.101961816,1
slay_6632,YPYSANCTPHFKANSAN,-1.101944504,1
slay_6633,HRVNSRLIFF,-1.101937268,1
slay_6634,HTSRTLTSSSHRAVCLSSSS,-1.101862842,1
slay_6635,CSPDNYRYGSTLFPLIPMSL,-1.101834338,1
slay_6636,PPTCAPGYLP,-1.101827741,1
slay_6637,YTKADNMDCHRDMKRQGAYI,-1.101821798,1
slay_6638,LHTLFHLHGHCQSPNLNLSY,-1.101776077,1
slay_6639,RQRTFITRRTALTTSNSTWQ,-1.10162114,1
slay_6640,AASEDKNLKLFYCVHCRDNC,-1.1015675,1
slay_6641,ATVEHSPVSTP,-1.101474104,1
slay_6642,SIRAATFVSSLLHLLRVLRR,-1.101428051,1
slay_6643,HTTRLAAGYHCHYGRRRIPH,-1.101352018,1
slay_6644,PLLHHTLLANCSPLGLVTEW,-1.10122971,1
slay_6645,PWLDHVPVTSEFCYCGCPEY,-1.101163093,1
slay_6646,QGPSLFRLLELFFSRVKEIK,-1.101077847,1
slay_6647,RHSAYDLGVGIYLYTRTPCL,-1.101040708,1
slay_6648,HATTQAFCEHPSAGPCLVRV,-1.101013365,1
slay_6649,YTCPTMPPYHLITLYSNRKL,-1.100986906,1
slay_6650,PTCNSPQHLVTTPRYLLIEY,-1.100696029,1
slay_6651,LQAHTSRRGFPRSYPV,-1.100677449,1
slay_6652,AAKFCHNI,-1.100397219,1
slay_6653,SAGCPPLLL,-1.100322099,1
slay_6654,HRTALLPNNDLTCLPNRITP,-1.100060545,1
slay_6655,TASTSAFDVYTPSSPSIRES,-1.100040994,1
slay_6656,VSSVGTCCVAIFAPIHLDLL,-1.09999337,1
slay_6657,PPKASHYSWAYLGVA,-1.099957318,1
slay_6658,RGKQTSAFTIMTPASLSCNG,-1.099792522,1
slay_6659,SVRPK,-1.099773465,1
slay_6660,PSTYSCPIPNTDENTAHIDA,-1.099737928,1
slay_6661,HPVSTIRVATGYLLCDNYGD,-1.099601274,1
slay_6662,FGCSTTTVQDAHTLR,-1.099572092,1
slay_6663,HFYIATYNFVSH,-1.099448335,1
slay_6664,SSPSPSLHIHYNCAPPASIL,-1.099212272,1
slay_6665,NPKVIDRSHVGYSLVPTQIA,-1.099169939,1
slay_6666,SLPPLATALPFNVFLLNPFR,-1.099092497,1
slay_6667,CGNFGHPALHIPPRRE,-1.09893078,1
slay_6668,LREGYLEDTSQFSCYKYVSL,-1.098914699,1
slay_6669,DAMHSRPAEHYYFFNCHPNL,-1.098913276,1
slay_6670,SNCRPGQPQRMTLVYV,-1.098885409,1
slay_6671,SHRPGACSAILHFAYPHLIM,-1.098379818,1
slay_6672,PYLLMGWTSNDHDSSLRYDV,-1.09827201,1
slay_6673,LIDWGGIPVLCCNICTNLLL,-1.098204669,1
slay_6674,LYHWHNLCPSHGPITTMLRG,-1.098186911,1
slay_6675,LKFDCQSNANPYCILCPHWK,-1.098110543,1
slay_6676,IGTRTVAMLPSLITTSHRFC,-1.098110056,1
slay_6677,CQTTNPPVSMYQST,-1.098048275,1
slay_6678,ASTTLTNCPDVLVPVITALI,-1.098034215,1
slay_6679,PTPGRHYTCMYCLLHRLYLFL,-1.097947675,1
slay_6680,NRSCICANNYTSFLSFPSCF,-1.097904633,1
slay_6681,PSVITHCNILTRFCPCIFLV,-1.097875266,1
slay_6682,PRHTSSSWHSPDLNFYHCL,-1.097873247,1
slay_6683,AILYSPYMNG,-1.097805816,1
slay_6684,VLLPFVRYNDGKSKNIFHSV,-1.097777673,1
slay_6685,LIRNLCRMTHHYFSPK,-1.097670553,1
slay_6686,SFHHKCHQNSPITWIQYSSP,-1.097644721,1
slay_6687,PLLHLSPNMSEPTWTWRTVH,-1.097606396,1
slay_6688,ADVVGDRPASLRQLALTRSE,-1.097509315,1
slay_6689,DPITMSCRSSSVSWTNNDFD,-1.09742518,1
slay_6690,RLLCFWLSLSAPMIAWPCRL,-1.097351767,1
slay_6691,VHSRPLLGICT,-1.097200839,1
slay_6692,APDVRATLPPKRAIYQAQP,-1.097191885,1
slay_6693,HHSPAPGTWHELALFHVAGS,-1.097072771,1
slay_6694,TCKSYLIHYRHPNSTKDSNP,-1.097012865,1
slay_6695,FTCSLLLRLMCLTFPRFFVQ,-1.096772584,1
slay_6696,YFPNCGPRSFQCLLLITRPE,-1.096711988,1
slay_6697,HHVPPIVCQRTRVHRNPSQY,-1.096680762,1
slay_6698,ASAFDMSNLCSHVPDLNNLI,-1.096406464,1
slay_6699,SDSTRSHSRNLHWVRTTIEV,-1.096195057,1
slay_6700,HSSIHRLLSIRVLSHDLCSC,-1.096035861,1
slay_6701,MCPILVTHTAHSSAKFTGYT,-1.095977467,1
slay_6702,AGNNSTRHFQIDALNCIYAL,-1.095868979,1
slay_6703,APNADNPGRKCDAILPPLFL,-1.095774756,1
slay_6704,PDGSHRCLTSWLT,-1.095541719,1
slay_6705,LIRSRSTCPRGLWYGYTGYS,-1.095502243,1
slay_6706,CPSFNSSARHYFMLVRSMTPN,-1.095289712,1
slay_6707,LAPSIAISPLVGLPRRRRLAN,-1.095268305,1
slay_6708,LRYLHDSPIYANPGPIYFCI,-1.095102268,1
slay_6709,PCTYSTHLLYEPLLLTLLQ,-1.095076462,1
slay_6710,RVPGILKAPALCSRPPPVMH,-1.095056399,1
slay_6711,NHSTLVVLLPNFCSYDPNVT,-1.094972728,1
slay_6712,TLDFCSILWSITRSKPCSPQ,-1.094946903,1
slay_6713,YGLDCCHCWQSGLYIAMNFS,-1.094919985,1
slay_6714,YYRPMPNEPMPVANTIPCLA,-1.094883016,1
slay_6715,VFYSDWNYPSLCGKFYPTSH,-1.094861465,1
slay_6716,HLSCSIRLTTCNPFYRNTDS,-1.094775152,1
slay_6717,AQPTPLAPKHCFPILMAMYN,-1.094738628,1
slay_6718,PHCPVTRIAPVREGIFTPFL,-1.094722749,1
slay_6719,CTCYFPAPSPLGLYSSPVIL,-1.094677099,1
slay_6720,CYSGFTYYVAL,-1.094394039,1
slay_6721,PIPSPSWITYPVYVLAYDAH,-1.094282058,1
slay_6722,SNTLPSHRIFSCGMPTLRSQL,-1.094267659,1
slay_6723,HLCHGIFTSLKFSARTDWYA,-1.094190562,1
slay_6724,PLHVPSHTHRTLSRRAYYNL,-1.094162528,1
slay_6725,HMCNPSRPYNSQPTLSLIVL,-1.094064413,1
slay_6726,GACHELLNHPTPSNLLVL,-1.094013969,1
slay_6727,NALYAPFYSTPHLRCIDYPS,-1.094003615,1
slay_6728,TDTIKSAIANTHASNDPSAI,-1.093930028,1
slay_6729,WPRAPPYTTRRCTTPAGDYP,-1.093924567,1
slay_6730,CNSQRHYPTPHNTMMMFARAN,-1.093901123,1
slay_6731,FDTKRVACCAMRWSSGHDPT,-1.093898723,1
slay_6732,CLL,-1.093794097,1
slay_6733,CSPYAAPASNRSSSSQACLPS,-1.093645379,1
slay_6734,APNVRGLKTCRLSSSTPYLP,-1.093599015,1
slay_6735,RLDRLFCDPCATS,-1.093272959,1
slay_6736,VAICSFIWLLFFKLRRNIDE,-1.093257748,1
slay_6737,NDFLCVVRAPFWAHCNLWNC,-1.093161151,1
slay_6738,LGVNNTRIFTISIP,-1.093144078,1
slay_6739,ARPNTSPFMFHGWPCWHT,-1.093088473,1
slay_6740,TPQLYLLLLPALDNPRISRN,-1.09303735,1
slay_6741,CPNTHLFHYKAQSSSPYLIS,-1.092981804,1
slay_6742,GRCNI,-1.09296026,1
slay_6743,CCPVHSSFKTCLSFTSPSYTI,-1.0927882,1
slay_6744,FTHTVNDDLSPSSISHSTQA,-1.0927836,1
slay_6745,LRNRLISLDRNSQLRDAKCI,-1.092744342,1
slay_6746,MSLIRRILRARLSYYSTRSS,-1.092617808,1
slay_6747,VDPDTFHLDPLPLTLHYKDC,-1.092584233,1
slay_6748,GTPIRLVHNCADPTNNTRAD,-1.092352044,1
slay_6749,HRRAGFTYGNASMRRLFYQA,-1.09231288,1
slay_6750,RRVYPLLYGTQSCPGLCYGY,-1.092188103,1
slay_6751,RCRFWHPTHGAHSKTRSTSM,-1.092140008,1
slay_6752,IDWVCKYTPYCLNMAMNDYNP,-1.092116571,1
slay_6753,HITLGAKLNTSPPYVQHMG,-1.092040052,1
slay_6754,NCVHLMPPNGWDTTVIHYFP,-1.091742919,1
slay_6755,TKTDSLATAIKDDTHSRASP,-1.091717125,1
slay_6756,PPAGNSDSDPLCRPNYNIRT,-1.091675082,1
slay_6757,TLGNSTFNCNFLAASDLPYKY,-1.091671037,1
slay_6758,CLFLCVVSTNTITLHDHSNP,-1.091600311,1
slay_6759,RCNFCPRVLKLNPSVNNLSG,-1.091585266,1
slay_6760,DYPGLIVFALAPFYILSQYD,-1.091568196,1
slay_6761,RTRVGIPPFLYRTPSLRIHS,-1.091539517,1
slay_6762,SGLCPHHTSQLSIDGNTLSS,-1.09126074,1
slay_6763,RHPGPGRHWGCN,-1.091134148,1
slay_6764,FWHGLGLCNVYTI,-1.091129626,1
slay_6765,SVAPCTTCFPPTTDIHHNTI,-1.091091525,1
slay_6766,PPEAFFHLGANSSVVPYGDP,-1.090904785,1
slay_6767,GATTARYRPRISNWHTTYYF,-1.090520735,1
slay_6768,ENNPFIDIRPTILDRLNLAN,-1.090354722,1
slay_6769,PGYAWDTYYQHCSHSWKTYM,-1.090353855,1
slay_6770,HNPYSALSRVSNITYDYTLL,-1.090176883,1
slay_6771,SRPLATDLPSIDPSTTFGSN,-1.090117125,1
slay_6772,AASAGSYHNHCPAPTSPTFL,-1.090077748,1
slay_6773,SVRLK,-1.09002708,1
slay_6774,STTTPPFNPVHSVSDGVCVA,-1.089976843,1
slay_6775,LYTLAFRELGRTFSYNDTAL,-1.089956073,1
slay_6776,YGTLPVSCPVLFHRNLLWIE,-1.089948993,1
slay_6777,TDAHNKFQHCTDPTAEESMV,-1.089912051,1
slay_6778,WVPPYNCIPHPDFFYIHSYH,-1.089797446,1
slay_6779,YHYPFPNVVTIVYVDLYCNV,-1.08974543,1
slay_6780,ASCALHQVAQYVDGSADTDP,-1.089676796,1
slay_6781,CT,-1.089644128,1
slay_6782,LNQGPCSLIYHCQTFTAAQF,-1.089587057,1
slay_6783,LPTYVPLIPGVLNTLYYCII,-1.089522559,1
slay_6784,GSSNDNLGRRRLVFNNSRSN,-1.089498875,1
slay_6785,TPTVTGRCCRIMHIEGHSLT,-1.089316815,1
slay_6786,PTATQKSLRPGPAFPMRNVI,-1.089299869,1
slay_6787,SPIGLSRAIRLCFKLLAGII,-1.08920345,1
slay_6788,LYSEGYDTRSKNSARNTQSF,-1.089070447,1
slay_6789,NFHSCPSCPSPICFISPSLSN,-1.089046954,1
slay_6790,VSSGVGNPNFSDAAGVPTYT,-1.088812402,1
slay_6791,HADCHVYGSNHYHYYLLSTL,-1.088736495,1
slay_6793,GQPHFTWPFFMNNNTNLHCM,-1.08857582,1
slay_6794,PQHSSLYTAYPLMFALGSHP,-1.088478784,1
slay_6795,HNTYCNTPYSYHSL,-1.088385063,1
slay_6796,PGHSGSPMQYNTL,-1.088238476,1
slay_6797,PQGRISDTIWTCNLRGLK,-1.088204534,1
slay_6798,SQIVHFAHPWTSLGANTTTL,-1.088091247,1
slay_6799,RLDPHMENIFWSPHHMFHHN,-1.08804766,1
slay_6800,PAQMGCLTKMITPHSKEYMR,-1.087987207,1
slay_6801,EATPFYRSVPTLYARCRAPP,-1.087964898,1
slay_6802,TLFPVPYDNCAKNTTPEPGT,-1.087638696,1
slay_6803,SPFALAERSDHCINRMDP,-1.087609371,1
slay_6804,WMNYNYTGYASWYC,-1.087528575,1
slay_6805,HRYPDHHSLVASIFLFYVSP,-1.087506741,1
slay_6806,AQGWEQCYLFTPDSPVHE,-1.087293729,1
slay_6807,RYLFPLRIPANGRKCPVWSG,-1.087272942,1
slay_6808,FVESDDRIIYTLAPMTSIVV,-1.087259105,1
slay_6809,VSAAYSTFMLTNHGT,-1.087069594,1
slay_6810,CSDHWPPIAWPYFIQLTYSPY,-1.086868376,1
slay_6811,PTYSLPGYAKTQPCTHTSAD,-1.086763005,1
slay_6812,LTSPPNSPYPPLFWRPCLIF,-1.086711988,1
slay_6813,SPVGREDSSGSCNYTATNYI,-1.086537332,1
slay_6814,THVTPCHGSIIYV,-1.086462492,1
slay_6815,YYHSLCSLHSQDNMRCMAFR,-1.08638309,1
slay_6816,SPPECRPKNASAWNRFSDNS,-1.086159983,1
slay_6817,RNARAPTMSLDYALCHQNEK,-1.086025217,1
slay_6818,PAFGCRWLLACPRTTVLAAN,-1.085855128,1
slay_6819,PWSHMIVHVNTSFARCANPY,-1.085802458,1
slay_6820,SCTHPAACTIGGYPWN,-1.085687775,1
slay_6821,RDYPKYRFLNEYHILDSLTC,-1.085562203,1
slay_6822,PDWRLIWNCPLALII,-1.085537948,1
slay_6823,VLSFLSKLLCPSVHRTTNNL,-1.085352211,1
slay_6824,NTSSHCRVTLPPTMIHFAYQ,-1.085273589,1
slay_6825,RSSVA,-1.085269472,1
slay_6826,GCGCATMSCLSLLVDTPLWF,-1.08492259,1
slay_6827,QPSARRDIPLLLLFPRRIRL,-1.084908808,1
slay_6828,CAGLLWGFRSGNSGTYWYM,-1.084664975,1
slay_6829,HHSNESRG,-1.084628817,1
slay_6830,TSCYHMGLL,-1.084616824,1
slay_6831,PENTYNHPEYRTVIYSYI,-1.084551727,1
slay_6832,NPVPFYSPHLTDPHWILITF,-1.084326546,1
slay_6833,MYFNPSCYTIV,-1.08426845,1
slay_6834,CHYDRNRTATTRASYQVTPK,-1.08413213,1
slay_6835,TGHRWLCTPDISNWDLYLTH,-1.084107639,1
slay_6836,PTVTVTCPTSFKIM,-1.084101831,1
slay_6837,NTMSGARCPPLYLYANNTIY,-1.083961195,1
slay_6838,PGVVTCVNSSHILSNNNSTS,-1.083639832,1
slay_6839,NLNTHYLTWYLTTNTQH,-1.083539601,1
slay_6840,PQPKSGPSARSSTMRAKRRR,-1.083487047,1
slay_6841,FPSLIVSLVFSGALVLTRRSN,-1.083433555,1
slay_6842,NTSQVCSPRRASHSVVRDYVT,-1.083397263,1
slay_6843,TSTGCRNSPRSPLSISQLTQL,-1.083200026,1
slay_6844,PHLASSSLYAEFLVSLS,-1.083047771,1
slay_6845,PGYTQTHCLYHVSMSNRRHS,-1.082796264,1
slay_6846,PHGLPGKLTKPLHATRVVLS,-1.082690791,1
slay_6847,QHPFVGPSIHTALWSVFIDP,-1.082631977,1
slay_6848,VLRRWLVRGVSCLCACPPPSN,-1.08245793,1
slay_6849,ASYLDNTPDYNVGYLPSAHS,-1.082411978,1
slay_6850,PCDFLAVHATNKTSHHIFDY,-1.082402424,1
slay_6851,RNDFTFAPTVCPAYSFVVLP,-1.082380073,1
slay_6852,AYFCRAPLSAGLFSSSVPPIN,-1.082371402,1
slay_6853,RHCIYRYNCKSQVTSCTSRH,-1.082366611,1
slay_6854,LGMLDHYSPYYNCRLSLLHW,-1.082289542,1
slay_6855,HCLELSPNYSLIHFL,-1.082259413,1
slay_6856,HCNNYFSHSYHYCTAFLYYV,-1.082246009,1
slay_6857,TTPWPYDFRPCMLHYTHEAI,-1.082230777,1
slay_6858,QWTCNY,-1.082207629,1
slay_6860,HNHGVVNGWSLSPAPCVGSI,-1.082175252,1
slay_6861,NSQYAFAPLLYYRI,-1.081873459,1
slay_6862,KTNRYLPTMFNFRCKDDAVV,-1.081639403,1
slay_6863,FSFFWVSNNFYYTHPNTAFG,-1.081592203,1
slay_6864,HLGGTRTMSCWIDDYPFNLF,-1.08146457,1
slay_6865,SMKPWFAEEPLRCIHYIT,-1.081354147,1
slay_6866,LCRGYNPHHSP,-1.081280978,1
slay_6867,ARAIHYSRPSYNGH,-1.081229517,1
slay_6868,QNTGTCPSARMFSPISPFNA,-1.081217908,1
slay_6869,AWRPCPPYNLKQNYMSWPDR,-1.081171028,1
slay_6870,QP,-1.081059132,1
slay_6871,IHPHLCLLPLSSRSRRLNPP,-1.081058068,1
slay_6872,YSCPLWNRTITGYSADIVPL,-1.080921373,1
slay_6873,TAQCWGFHDLLSYHALPAPS,-1.080821748,1
slay_6874,AT,-1.080757016,1
slay_6875,VPSSATFSRATRPPVTTGSR,-1.080673001,1
slay_6876,DSSNRVYSSYWRPYSMTLSI,-1.080657566,1
slay_6877,HSLDSTNGCTH,-1.080581457,1
slay_6878,TFSLKVFPAVLISTHINPRF,-1.08049192,1
slay_6879,INTQGGKNQSVRFFPA,-1.080404507,1
slay_6880,GCAPTIRTTRLDSNNLASRT,-1.080265347,1
slay_6881,SPTSVAYLPPVLYVRHSRSW,-1.080106134,1
slay_6882,YCWNPLFYTVGCATPSWLFVN,-1.080047394,1
slay_6883,GFRCTDTSQGGSLTTSFLLCN,-1.080020498,1
slay_6884,PTDAMPPEATPSYGALP,-1.079965607,1
slay_6885,PCHADLSPHHSVLLITSSIG,-1.079949263,1
slay_6886,CTCCYMPSRHFKAFTTIRSV,-1.079842305,1
slay_6887,PSLWGHWYWQPMILYSVA,-1.07978301,1
slay_6888,HNF,-1.079607347,1
slay_6889,FHCCDLAQCMFTL,-1.079597331,1
slay_6890,RCHPFVGYVTGHWLHRPRTF,-1.079536462,1
slay_6891,HPVLPADSDPERSQITCYIT,-1.079496398,1
slay_6892,SLRASLHGNCLPILSSDRNA,-1.079371564,1
slay_6893,HNTCVAWLSYTRLE,-1.079251249,1
slay_6894,QPFLLRVNLNFCLTLIIRYY,-1.079096922,1
slay_6895,PMACALAALLSRVLLLVLRS,-1.079029095,1
slay_6896,SDMTPWHFELLLYDVPTFSV,-1.078945104,1
slay_6897,LPPLYMLVRSSRVAPTVLDR,-1.078926837,1
slay_6898,DLFRVSHY,-1.078881802,1
slay_6899,IARNPARTLSRLRLSGPLLN,-1.078832977,1
slay_6900,PVCPWRPPVIPFSLSPFVTA,-1.078832092,1
slay_6901,GGFFWPDFCYRYLVATHARN,-1.078731034,1
slay_6902,PRSWFCNYFHPRLYRMRRRR,-1.078664949,1
slay_6903,CMHLNPYNYFYFVRYDKNGR,-1.078581902,1
slay_6904,PASHVRPDDCFKWLAPLHFL,-1.078563939,1
slay_6905,RCFPPRMHELPIFNLYKSMN,-1.07834867,1
slay_6906,LTWSHE,-1.078304851,1
slay_6907,TLCPTVWDVI,-1.078107763,1
slay_6908,HNPCFRALVFVLCVLMTPVK,-1.078017974,1
slay_6909,PDTSGGHLFDHCSHFRVVLS,-1.078005234,1
slay_6910,NSPLYMLNCLPLPDAATPRR,-1.077966307,1
slay_6911,SYIPFSCPWLYSDLSTSQFL,-1.077961987,1
slay_6912,IRNRCDDLNLERNCFTYYSV,-1.077632196,1
slay_6913,ADCHTLTSIENWDNSNHYIS,-1.077581197,1
slay_6914,ASTGVRGTLRVTPISATLSTA,-1.077440666,1
slay_6915,SANNLIFHCPYQFLPFMPLL,-1.077413738,1
slay_6916,SGSFAPSCYSPHYNARKVHN,-1.077316763,1
slay_6917,AHVAPKPSLSVTYRHNLTSY,-1.077301765,1
slay_6918,FRKAHRLFHITPF,-1.077240767,1
slay_6919,HSLNLADSYSCCIAHYAHYS,-1.077225974,1
slay_6920,D,-1.077140045,1
slay_6921,LCQSLCCHGHFAPMRLATPN,-1.077109391,1
slay_6922,AHFENCGSGWVYSPSNLYLI,-1.077105081,1
slay_6923,AISDYPNFFWSCYIL,-1.077099649,1
slay_6925,NITHDDWVRPRNLFLTAVAD,-1.076982744,1
slay_6926,RAFIVRYRQESSNDVMSFNT,-1.076953787,1
slay_6927,GRGTVATCYNPTGYEYL,-1.076684842,1
slay_6928,HSYSCQDPGSEFTKIHQWQA,-1.076676472,1
slay_6929,NPGTAPSNACRTFSNHKGYS,-1.076603435,1
slay_6930,HDPDLSGSNTLSPSLLTSPLN,-1.076507298,1
slay_6931,DPRVANRGRQRLMEHH,-1.076489525,1
slay_6932,CRAQGAPVVICRGSSCNIMT,-1.076255029,1
slay_6933,RDSSTQSDSGPNRRIYYSYP,-1.076168501,1
slay_6934,QEAGPLPCAPRFRPTTRRLVV,-1.075970093,1
slay_6935,PRADAFTFAGSGPKVVTIIS,-1.075840475,1
slay_6936,LPDDFYHNVLICVKRDVNYT,-1.075811782,1
slay_6937,GFTTFAPFNPYLYVL,-1.075795474,1
slay_6938,PADGVDKAYWCGPVFCVWYL,-1.075708389,1
slay_6939,WGPRKTTHIIVVLSFCISWTN,-1.075596071,1
slay_6941,NWIRSVPCRSLNYIRPDATR,-1.075461142,1
slay_6942,RVCS,-1.075363667,1
slay_6943,SSPGSRLHLGSVTRLPTPSR,-1.07535763,1
slay_6944,RAHNADPGNPLGAFPLCSYY,-1.075253085,1
slay_6945,QFGRVAIIISRGRGNPNIVG,-1.075083749,1
slay_6946,EHTNKDW,-1.075037954,1
slay_6947,RDPLVPHWLSAHRNHLPNHTH,-1.074951351,1
slay_6948,HGRISALRAALDVSKHNPTV,-1.074856825,1
slay_6949,RSTHDLAEIHHLYSTNG,-1.074788015,1
slay_6950,DDANSRHEPPHYYCAPHILL,-1.074640259,1
slay_6951,YLDNSNDKVSLSHSTNISNN,-1.074584344,1
slay_6952,ILRYFVNWLKAHTVRPVPYV,-1.074505964,1
slay_6953,NSPVAKFSPIYPSMLLA,-1.074484383,1
slay_6954,PVPYIGNMWDACLHRLVFYI,-1.074337275,1
slay_6955,TSGCYYVRTRDALPRHLFTA,-1.074277098,1
slay_6956,PSCSVGRI,-1.074223041,1
slay_6957,SRCLEMASGIIPFAFMNHNG,-1.07421796,1
slay_6958,WFPCSWGNNHPYNYFRRSDL,-1.07409984,1
slay_6959,TSPRSATHNYYSIPCFYTPF,-1.074061237,1
slay_6960,PPIDCKQLLPMWAYKLIKSN,-1.074055809,1
slay_6961,VTYHSHH,-1.073993316,1
slay_6962,LSAPSPSYEPLTFTPTCYPD,-1.073677379,1
slay_6963,SSMTPLWHAPLWCHLSQFIV,-1.073411357,1
slay_6964,FRALRHLLNSCFNTDHQLRP,-1.073360479,1
slay_6965,AGFIHPYFPRLIVATFNDNY,-1.073300394,1
slay_6966,RYTSIRNAWLPRRCHKVSYI,-1.073287124,1
slay_6967,PMRIKCIGDSTALFEKNKSC,-1.073285317,1
slay_6968,NAFSSWPATHPMSIISVLYV,-1.073239872,1
slay_6969,PAILIYRPWCLYVDLPWP,-1.073239144,1
slay_6970,ELPYNHMFISTLEYYVNYTP,-1.0731964,1
slay_6971,VTHLFTTALNHVLTDP,-1.073192679,1
slay_6972,TSRPQPCYGVRFSQHRTPGL,-1.072835294,1
slay_6973,YYRTLPPSPQPDLKLRNCVL,-1.072636792,1
slay_6974,LHTYLLNSTRCWRQVSFFYA,-1.072537407,1
slay_6975,CKDTRPVLSKQ,-1.07251886,1
slay_6976,PLCPRPPLRRLDYLHTLPWL,-1.072474403,1
slay_6977,TFTNKISFCTIITIRIVFTFN,-1.072469864,1
slay_6978,PLARPIHFDTFQCYGSYSEP,-1.072345233,1
slay_6979,AALSFCIAPLDLQSRGTSGL,-1.072311567,1
slay_6980,CIVDMATSYSNHFRTWTM,-1.072228802,1
slay_6981,SCHRYTYFGMPLASNISIDV,-1.072213368,1
slay_6982,HADCFICNHLAPYCSGLKYP,-1.072159501,1
slay_6983,PHLRTCNDLPILKPWRILSA,-1.072125577,1
slay_6984,YYDPTAICTTYDLSIAQCYC,-1.072045484,1
slay_6985,TVQSHGTCNVNNIRCLSNWA,-1.072034189,1
slay_6986,GYCLLPTFSLACLTLMLPMI,-1.071992574,1
slay_6987,PCHLIQCVPRFPLLRFQSCT,-1.071874281,1
slay_6988,SLCGASANQLSVTTVKNHDS,-1.07167341,1
slay_6989,HCVRLDDPGIPLWVCTAFPG,-1.071658997,1
slay_6990,TDVSENFPCYYMIAHETYQV,-1.07151015,1
slay_6991,PRTLLCPAASGIATPTRRALN,-1.07142671,1
slay_6992,INPSISYDVISLLLLLNFFL,-1.071395242,1
slay_6993,GHSYDSWRYGILPIQTLFFQ,-1.071145987,1
slay_6994,WRPRTALYSIEVTRL,-1.071134116,1
slay_6995,DLVCGRDCIIGDIAKEIHSV,-1.071030261,1
slay_6996,SAHDSCPRNFYLSHMAPHRF,-1.070940577,1
slay_6997,NASCLPPYKGMKDDRARPTN,-1.070937861,1
slay_6998,FTHSPCIPSLL,-1.070931172,1
slay_6999,AGLGIMDRGTNMSNCYDMRT,-1.070806954,1
slay_7000,MCTVPGSRHHKDMLNFLIVA,-1.070632708,1
slay_7001,CPYGYLLVSEFPGDQSHVLTE,-1.07051535,1
slay_7002,SPWRCIRSCLHDIFFSHSHS,-1.070494021,1
slay_7003,ANVPYSPIMFPGSSLRSSNF,-1.070303911,1
slay_7004,QHTYQMTDRHNRGPPVILSH,-1.070246792,1
slay_7005,SGLEHRVYNRIG,-1.070178292,1
slay_7006,HLPCYPYFFRTRSPQMYTPT,-1.070172476,1
slay_7007,ASPEDNVNASKSSRLIIIIN,-1.070149787,1
slay_7008,YDAPTWPHNIISIICFSLICN,-1.070048549,1
slay_7009,CSPPRAVTASTGASTTS,-1.069785687,1
slay_7010,GFHRRSDSFTNMTSRLASSFN,-1.069751366,1
slay_7011,NRTGNELRNFSLCNHHDWVL,-1.069483251,1
slay_7012,PPSSKIATPREQHCIVFYEP,-1.069439315,1
slay_7013,CDLSLSSWTIAAN,-1.069390774,1
slay_7014,WQPPCWSFQSWNPVTSPYLP,-1.069354498,1
slay_7015,SRRLPHWHDCSTFYLNDHLY,-1.069322763,1
slay_7016,KYVYTTNTTH,-1.069161521,1
slay_7017,LRNVAKTHPGEDCSYVRAVP,-1.068840402,1
slay_7018,PTTYCTLLFT,-1.068772069,1
slay_7019,MRICTSLWLLCSLLAAPRIVN,-1.068627741,1
slay_7020,PFSPSPTRLYAFHGFSRLTC,-1.068583675,1
slay_7021,RRTMVSNLLHPMIIMREVLN,-1.0685414,1
slay_7022,YFCTPIDGESKRISYHYLFH,-1.068265223,1
slay_7023,AYPLHYDVHYNYPCSYTKFG,-1.068218781,1
slay_7024,VTPFPVPPHLGPWTVPMRVF,-1.068175762,1
slay_7025,SSTVIRLYSSPWICTPDMSS,-1.068060591,1
slay_7026,GHFTCTFIDNQTNAFHKSIH,-1.068047482,1
slay_7027,PTHSFCAPASEHTPAIFILH,-1.068021186,1
slay_7028,TTSM,-1.068021002,1
slay_7029,CHGPPSMPPWFVLTYQRAND,-1.068008068,1
slay_7030,RTHSSYCSFCHCYAPFSPGN,-1.067932002,1
slay_7031,YQTLCGCQALGIPSRTGLFCN,-1.067923266,1
slay_7032,ATPPILDSHYAYHLFLMVRL,-1.067887265,1
slay_7033,FTASLSLLSLNHSSPYLHVH,-1.067793454,1
slay_7034,VSVLHFSWSRLTTLSITLIN,-1.067770079,1
slay_7035,VHPSAIVSLLRTLAECVY,-1.067701441,1
slay_7036,HPLADLSGKCVGAVREHLAD,-1.067620259,1
slay_7037,RPSTSHPWLSTGLLWRTYLL,-1.067484314,1
slay_7038,APGCTVTLANYSVGHYGRMF,-1.067438197,1
slay_7039,FTPCRPLCDLDIPARNRCPW,-1.067342741,1
slay_7040,YRSGHGVTAYTLGLSQVHSS,-1.06721158,1
slay_7041,NSSP,-1.066909413,1
slay_7042,PDPRLFFRKLPFDYSWTLLA,-1.066875761,1
slay_7043,CTYHLSTTSRSIPMMLTSIA,-1.066817541,1
slay_7044,CKLFPSLL,-1.066723336,1
slay_7045,GTSTMDPANHLPHSINPLYP,-1.066685949,1
slay_7046,FSPGCLFLACITDCNSGLSG,-1.066486912,1
slay_7047,AVDSTPRLAATALCIPFTTR,-1.066460011,1
slay_7048,NDAEKGSPVFHCPVYI,-1.066457351,1
slay_7049,RCPTQRFLDLMLLPIQDPNH,-1.066322799,1
slay_7050,ATLYYQPCYFPASSYFTEHR,-1.066278527,1
slay_7051,LTIAPLSGCWDSFHVKSYYN,-1.066268782,1
slay_7052,RPN,-1.066235161,1
slay_7053,LSVFWYPYLDACRYSDLWGN,-1.066195487,1
slay_7054,NRTARHCNYVNLLCKKP,-1.06619125,1
slay_7055,CVHTSCVYFICLNN,-1.065886687,1
slay_7056,IRQENTYSHAVSYHKCSMPIN,-1.06584559,1
slay_7057,CDSSVHMTIPNDSTPNMLLM,-1.065837442,1
slay_7058,HNQYGSSHS,-1.065799528,1
slay_7059,WSFVRSIMVSILAGLRRSPAN,-1.065775814,1
slay_7060,RTHTHATLNSDDSHLCVLINT,-1.065773329,1
slay_7061,SPTRESTQICLYTI,-1.065725521,1
slay_7062,SIDYKNIGGL,-1.065561056,1
slay_7063,CTHFEHAWTHMSASTDTASL,-1.065456846,1
slay_7064,AVHPSPDLIAHVVYETSDQS,-1.065361215,1
slay_7065,LCTMTVSGSAVSDHRPYYLL,-1.06520417,1
slay_7066,SCPLKRPMCGICPILAEIST,-1.065115787,1
slay_7067,TEHLLRAQLQLCTTETSPSP,-1.064917167,1
slay_7068,HKTLLRPSHLHRCPVGPRNM,-1.064828048,1
slay_7069,AHRNICRGAFNVYAITDIQH,-1.064804545,1
slay_7070,APIQYPSFYHLGPPRCPWDH,-1.064635939,1
slay_7071,SLRSNVMTNGIQLVHRTFNT,-1.064543399,1
slay_7072,NMPYCNIICDNQFILIRQRTN,-1.064521251,1
slay_7073,YLRDR,-1.064468562,1
slay_7074,NS,-1.064373408,1
slay_7075,TMWAIPSTLRRWLSHKKSDS,-1.064364142,1
slay_7076,IAEVFINHDINYHRCLHNVL,-1.064349541,1
slay_7077,NLITSLSAQLYSRVPSSTIPN,-1.06415403,1
slay_7078,TPLHFSFTGTHIASLILDYK,-1.064141818,1
slay_7079,TCTCSAPPLFIRPTCEFQRY,-1.064056474,1
slay_7080,NPCYSP,-1.063903421,1
slay_7081,NLYCSRFIIVSICIIPPTRVN,-1.063874785,1
slay_7082,LTHSVINFVELLRTAIIFYL,-1.063812711,1
slay_7083,SGRSVLTRNGHVPDRSTTAH,-1.06377448,1
slay_7084,NNTEFLFYNRVVEWNNHKCC,-1.063637978,1
slay_7085,DQLTRSLPHPTFFHSNIMHN,-1.063562686,1
slay_7086,GHLLCHPLEPSRLRNYATDH,-1.063458573,1
slay_7087,CICGLFFWDHNHCHSSNFHY,-1.063301044,1
slay_7088,QIPAPADFNNMHPCHFVIRH,-1.063251215,1
slay_7089,RLLAHLMSQNSSRPKDQLST,-1.063244625,1
slay_7090,NDSIVFSYNTYNHCLFSTDA,-1.063105185,1
slay_7091,NCSHLRQPSPSVSSDVPIVS,-1.063046893,1
slay_7092,VRYNKSHVFPVRLMIRNHIN,-1.062922113,1
slay_7093,SPLPRNTHHIPWLINR,-1.062814076,1
slay_7094,LCNGETHTCIKATPDYIICV,-1.062780967,1
slay_7095,WMTYIRVILGNGKPFNYLCT,-1.062678285,1
slay_7096,APSA,-1.062673134,1
slay_7097,ASGPRTGVGGHRCLPYLLSA,-1.062638847,1
slay_7098,NCIL,-1.062446759,1
slay_7099,SLACLVTNSVFFRRYKSKSCN,-1.062378745,1
slay_7100,LLCNRHLVGCNSSDGITRHI,-1.062241276,1
slay_7101,IQCMSPVVVPLILFTILGCLN,-1.062195521,1
slay_7102,NCTYLPI,-1.06217795,1
slay_7103,PLDQNRLPGHYRFCPIYKCK,-1.061990013,1
slay_7104,PCRWLPSSNTRSVTSTSFAP,-1.061923855,1
slay_7105,IYCSFSPCNCTRIHSV,-1.06142842,1
slay_7106,STRTAFNL,-1.061316922,1
slay_7107,WNPYCPGTFYYMSISKKWYR,-1.061203924,1
slay_7108,RIIQRIYLSLLALIHSNFIPN,-1.06112583,1
slay_7109,RSSRLSSPFSFNCWPSRFAC,-1.061090364,1
slay_7110,KWNRTILHVRNSRSSTESTG,-1.061070171,1
slay_7111,FPNHVTESAFSG,-1.061038099,1
slay_7112,LLNFLRHPRLNSEHPFSICE,-1.061038099,1
slay_7113,HMTCRDTILTPSLV,-1.060985443,1
slay_7114,GSPCFCHSEPHPTTRWCNYF,-1.060951778,1
slay_7115,TGDVTAPRPNGFGLQYFIYI,-1.060860993,1
slay_7116,SHTATQCDPPVHMSPLRAKF,-1.060826337,1
slay_7117,LHPVPLFTDVYYWTPFVVRG,-1.060811194,1
slay_7118,ELSCRTPVHCPLYPGLIHRC,-1.06069379,1
slay_7119,VCAPADLRTSSKTNYNSVPE,-1.060394431,1
slay_7120,QFTARPANLP,-1.06034819,1
slay_7121,RPTSSRLMLNCIPGSYNPNW,-1.060339551,1
slay_7122,YGCSDIIFAYEIATNSPILF,-1.06027183,1
slay_7123,MTCVPRWGYHPIMGTPIYSR,-1.060267531,1
slay_7124,AAMGSNLQPEYLTPIRHPHH,-1.060164091,1
slay_7125,WSCDMNRPISPLGYIPQYFH,-1.059978244,1
slay_7126,CVDHDNRGYSASLARFYHAD,-1.059936039,1
slay_7127,ATGGCDPLLYHTIWSRRIF,-1.059737639,1
slay_7128,SPLIRGPPRPFCRAPCSIIN,-1.059729558,1
slay_7129,VPVNFNIINSVYPCNAPRTS,-1.059708201,1
slay_7130,NHICQYRLSHRARSRKRMNR,-1.05969483,1
slay_7131,WNVRARLWRIALSVLHILRT,-1.059678731,1
slay_7132,PGNPLVIIHTFLSSSPPGTS,-1.059602206,1
slay_7133,PNTEGSSGVPHNSSHNRSRL,-1.059490911,1
slay_7134,PCTLSKSFPLYLSYRN,-1.059466192,1
slay_7135,TLCVVRAGSAPFGYAKIYCC,-1.05939249,1
slay_7136,PELSTDLAFHRSLPTVALDS,-1.059386078,1
slay_7137,KPTTMTLC,-1.05936304,1
slay_7138,IWNYAIYRNRSLQIGEINTF,-1.059343293,1
slay_7139,CRLRPRLFRASGVRVRRGRPN,-1.059128747,1
slay_7140,CQDAQHTTYTLNATNRY,-1.059109607,1
slay_7141,CVPVSHLG,-1.058824547,1
slay_7142,TVFLPYCTFSHTKVRLMAKR,-1.058641612,1
slay_7143,GNCLAPNGPSPNH,-1.058425302,1
slay_7144,PVPPIHTSFPDRYTRYRSTY,-1.058409666,1
slay_7145,LPPCTVAPYNSLNSRSSGHG,-1.058368992,1
slay_7146,CAVMCPGLHNLAHYVYPPCF,-1.058177706,1
slay_7147,SLSSSPRPHSFVNSLGHSMC,-1.058165359,1
slay_7148,NYNTDI,-1.058112703,1
slay_7149,HQRRTNPTTPRLAMHFSMRY,-1.058097243,1
slay_7150,SNLPPPLGLCATNVVKNPAN,-1.058066438,1
slay_7151,HSYPPCFRLAYVGNRFRSFM,-1.057996448,1
slay_7152,KQPVPSCIHKYSASLGADFL,-1.057881626,1
slay_7153,DSLNQPLVRSNFMPHNQRS,-1.057831415,1
slay_7154,CYL,-1.057784079,1
slay_7155,SDTTGPYHTYDVPCVFVSLV,-1.057714911,1
slay_7156,IPASTPTNALFAHIRCLLRR,-1.057690181,1
slay_7157,PNCVLYSWRVANEKPTHHLF,-1.057650728,1
slay_7158,LVIFGTAILHSGPTKILNSR,-1.057524568,1
slay_7159,PVPKHFNRNLRVR,-1.057499009,1
slay_7160,RVCKAF,-1.057435937,1
slay_7161,RRLHVSILHQPPHNDNRAVP,-1.057424541,1
slay_7162,LFSPYRWYYNYLHPTLSGAI,-1.057409576,1
slay_7163,LILNLAPLYYTVFANLSSIN,-1.057394702,1
slay_7164,CALDESRTYRDNEYLVYQWY,-1.057350848,1
slay_7165,WFISLIDSTLHRYSNNYIMFN,-1.057300348,1
slay_7166,DTNHSFNSNCMSNLYKIQIL,-1.057290621,1
slay_7167,FPYSVLLYCVEQNIGTTMPTN,-1.057247301,1
slay_7168,PPSRSPHHINRNLARMNYHF,-1.057168124,1
slay_7169,SSSYTSSKGPTPMCVIRVEQ,-1.05716011,1
slay_7170,TLNAIANCLMLIYFIFVMNL,-1.057075194,1
slay_7171,FLDRVCGFVPRSLRRTLRRL,-1.057070294,1
slay_7172,FRSLEALMPTNYYNDDTASA,-1.056917495,1
slay_7173,GRVACYLPHYHYCPFVALTE,-1.056878992,1
slay_7174,CLSSMWKWCSIISAYNIAVV,-1.056822602,1
slay_7175,LHTLYYFLSRLYGFFFQVRK,-1.056759702,1
slay_7176,VSCAYICDNQYLWLFPLALL,-1.056712417,1
slay_7177,PYLLCVNRPVCFRVSAGALL,-1.05665599,1
slay_7178,HLYDPP,-1.056638098,1
slay_7179,RPTFLTATHLCLLFR,-1.056629821,1
slay_7180,LQKSTNKNPFNLSCLLQTQT,-1.056627801,1
slay_7181,TIPQRWRTFFTPCYCDPQFY,-1.056506139,1
slay_7182,PTDPRALMEVAKVTRKSDDS,-1.056481564,1
slay_7183,HNYGCNLHTDWTDLARPEYL,-1.05640243,1
slay_7184,HCSTAPRFLMIMNPHYTSRI,-1.056388846,1
slay_7185,ASSRAPIVSFGVSARFFT,-1.056312256,1
slay_7186,PLESMPEVSPPLCVPHPILL,-1.05630455,1
slay_7187,HVSDADHSSIRFCPIFSVTL,-1.056132229,1
slay_7188,LYAPPDNMVIHPDGNAAVYL,-1.05609099,1
slay_7189,ACPTDIKDRGTPLLIFLRGT,-1.056001692,1
slay_7190,PRYIPFCFVPLDVYSESKAS,-1.055962859,1
slay_7191,RAHRRKFYIICTSTNYKITW,-1.05589328,1
slay_7192,VFISCKPLATNHLVVFPSSA,-1.055858244,1
slay_7193,PNRHTRSGSVNAKFRLHKPP,-1.055824679,1
slay_7194,YHRQPFSENCRSLCSAGCLL,-1.055528373,1
slay_7195,AHLAYRSACQPSFFLTSVDS,-1.055496061,1
slay_7196,QRSGSFLLTTYGTVRRNFHL,-1.055349727,1
slay_7197,SLCLN,-1.055235896,1
slay_7198,IYDCCMRWKNLWHSLLCSPV,-1.055087326,1
slay_7199,ISAGKACLKGLIRCVLIPRPN,-1.055045241,1
slay_7200,DSHRRRVVGSPSRSIRN,-1.054887253,1
slay_7201,RALVRLRNEIMFRATRNEAQ,-1.054796474,1
slay_7202,LYPRSQGVPVVKLRTVAFNP,-1.054551269,1
slay_7203,FISPKVHIIYDVYKGDKNSS,-1.05454064,1
slay_7204,HLHAWHHHFYPWLLTSRNRT,-1.054479866,1
slay_7205,YRFNILTRWRFVHWLDTCVP,-1.05446065,1
slay_7206,CLVCYFDPATYSFPSSCAFA,-1.054417708,1
slay_7207,AWCPWQPILANILNPYYYAS,-1.054385188,1
slay_7208,LYPFVFNYCLSRACFRPTEC,-1.054376969,1
slay_7209,MQGCHSLEAMPTMTGSIISI,-1.054294998,1
slay_7210,CHDHAHSLLILGSNTHSFI,-1.054096543,1
slay_7212,PCEHAKLLYKIVRQYFPSF,-1.054039314,1
slay_7213,HPCYLRCWPYSTILHIQRVY,-1.053900087,1
slay_7214,YLWLPRATNHLFCDTLPHWY,-1.053876813,1
slay_7215,RLRSGCEPYRHR,-1.053834361,1
slay_7216,ARPADYCLDTLFLYATTTVL,-1.053731058,1
slay_7217,HCSTRALWPLLSQLHRFWNR,-1.053639826,1
slay_7218,IAAPIWICFDRCFSLRSATH,-1.053583394,1
slay_7219,THSFLIYRTLYILRASTTEF,-1.05355706,1
slay_7220,PPLCPPVSYMLITDRLGMIP,-1.053496165,1
slay_7221,TCLQPSLTSNLS,-1.053465109,1
slay_7222,HTLDAHAKVLRTPCMFRSST,-1.053440063,1
slay_7223,PYAWRHVVFNTYASALPPTF,-1.053419974,1
slay_7224,RIRDTLSNTCNKILYMTGKI,-1.053391404,1
slay_7225,NLLILQIY,-1.053339224,1
slay_7226,TVMCPAHHGGYSNTSIPTLL,-1.053289063,1
slay_7227,PFDWVNGGLSCQKHRLNPAL,-1.053117907,1
slay_7228,DSDTKCVTIRFQITIWLILG,-1.052828779,1
slay_7229,CIPLLQGCLFGGSYDHYIFY,-1.052696528,1
slay_7230,LSCMALSRVI,-1.052643992,1
slay_7231,PGRPTKRPTLNYSREHLHSL,-1.05254689,1
slay_7232,KSYMCSSNGAVITISYADVD,-1.052540961,1
slay_7233,PVRTRPTGCSFPSAFGCGYC,-1.052538884,1
slay_7234,YMITSLLWMLIFIDTNIRYK,-1.052441885,1
slay_7235,PCPRSLIFLT,-1.05242672,1
slay_7236,EEIFCLLFLVFRSILSTIVRN,-1.052328527,1
slay_7237,VTSCPASAYSAIP,-1.052289385,1
slay_7238,RGGIYRCEGLDSPTFSRSSP,-1.052180586,1
slay_7239,TEDCDARKYMTYILMYHPNL,-1.052137484,1
slay_7240,SFGAHTFPLLSDCHAHNFDF,-1.052115874,1
slay_7241,TRPLPDREHVHCQCPRDTPP,-1.052049419,1
slay_7242,CHPGLIYIPTMFQPDYNWAN,-1.052037461,1
slay_7243,LPAGFLL,-1.051992941,1
slay_7244,HNQALHTFTLLYEVVWHLGLT,-1.05193043,1
slay_7245,SGPILIIVLPFTKPIDQLSC,-1.051910707,1
slay_7246,WYSIPCNRLCIIYPAFL,-1.051804483,1
slay_7247,WAPMLQSCASVHFFGDARPT,-1.05178333,1
slay_7248,AAAVSETITPLLRCCHTSCA,-1.051742709,1
slay_7249,TTKHTTASGPNTVDHRLTIA,-1.051631154,1
slay_7250,LATTPGIAQCNSLYYIKCLS,-1.051628173,1
slay_7251,PALTEPCFIPIWFRSTASWT,-1.05131442,1
slay_7252,PALLKFFYIIASCMRAALRC,-1.05129119,1
slay_7254,CLYLNNNRFTFYTPTFL,-1.051220336,1
slay_7255,PNCHDFRCLLHFKDNASFKP,-1.051194451,1
slay_7256,LSNCDSPTFTLISTSADDLI,-1.051178106,1
slay_7257,RSGPMPYRRMHCPFVYDPYT,-1.050993807,1
slay_7258,RCTPDLTIFTHHFNAYTIALT,-1.050827477,1
slay_7259,PIQWTLKALRHWYFTNRTC,-1.050773997,1
slay_7260,RPSFEIVRHAYEGRIKNSF,-1.050735944,1
slay_7261,TDHTTALPDATATCLYSAFT,-1.05065201,1
slay_7262,CTNDTRFVTPNFQWYRPELT,-1.050433922,1
slay_7263,PHGCEHNYIPLYPFFTGAFL,-1.050420054,1
slay_7264,LSSQHTARVLGFCNDMLAFD,-1.05027952,1
slay_7265,SCLFASRASVPLHNMYFATI,-1.05025704,1
slay_7266,DNCWDPDAYRNSANYHILLF,-1.050109526,1
slay_7267,NNHTPRKSWLQVTITLSLVV,-1.050057201,1
slay_7268,VDPLTIQYKTDNATHASMET,-1.049986772,1
slay_7269,SRVLAIIRSLYRGRSTNAN,-1.049619571,1
slay_7270,TPYLRRVQVG,-1.049327121,1
slay_7271,CLPTFTLMCDPFRPYATITV,-1.049272685,1
slay_7272,TVWQILKCIYLLHCYNLFFG,-1.04916589,1
slay_7273,CRVWLPHGAHDLIQWTPSWP,-1.04906423,1
slay_7274,GFA,-1.049057854,1
slay_7275,PCRDSIPRDIDCNLRHADVK,-1.048998301,1
slay_7276,DCIKPQLPNLYNIVY,-1.048857453,1
slay_7277,EPYHPTLRYDGQHLPFTYCY,-1.048788105,1
slay_7278,TNIARTMHNYIRTTLDNNFIN,-1.048752436,1
slay_7279,RKGYNHTLHFCILIRFEYYY,-1.048627504,1
slay_7280,PQDNYSAFHPYGHCMPNWSL,-1.048598469,1
slay_7281,SCRYMAPPIATDRNLTYFSM,-1.048576086,1
slay_7282,PPAQQFRLHRCPDIAKLGHT,-1.048520067,1
slay_7283,TCPNAQLPDEFLFV,-1.048453553,1
slay_7284,LEPLRPFVRILSSLIIRRRSN,-1.048435844,1
slay_7285,SRPSPPCYTHSPFEHNIIPL,-1.048430642,1
slay_7286,YSTQYGDGDLPVDRTESRAD,-1.048344713,1
slay_7287,NTQCTGRY,-1.048216007,1
slay_7288,RTWSRDRDPHEPSSIFLIFL,-1.048066808,1
slay_7289,VCPVWDIATTSNEKLHNES,-1.048045853,1
slay_7290,TLQGYSCVPRPNGRLHARND,-1.047826563,1
slay_7291,PSLVRLIIDHIGQWTALAFD,-1.0477968,1
slay_7292,LCLPDFYICPYANYIPPHCW,-1.047624344,1
slay_7293,Y,-1.047573505,1
slay_7294,VHRATPCLSRPPGMLTQPF,-1.047539547,1
slay_7295,HTVRPTVIVNCRNPSYELND,-1.047493834,1
slay_7296,PLLSLSVSNLYIVLYNFLKR,-1.047246377,1
slay_7297,TKTLTLFIRHVQKFLSPMFG,-1.047027122,1
slay_7298,LNSSPQLRDNSCPNSLPNYF,-1.04694396,1
slay_7299,EPPNQDNLTNISILCIICNL,-1.046797778,1
slay_7300,CPTSSTEEQPGASHYIPNYR,-1.046797552,1
slay_7301,PSASSAYHRYHSRSCLLFF,-1.046738425,1
slay_7302,ACFSHLTLVINSDQPIYVAL,-1.046667622,1
slay_7303,QAGICARHRAFPTQDAADAS,-1.046505337,1
slay_7304,NNYNWPFILIRAPIPRARSIN,-1.046387184,1
slay_7305,PVTLLFPFRRPCSHFDAMRP,-1.046337832,1
slay_7306,LLMRVSRCLVVYTLISMFMS,-1.046314025,1
slay_7307,RSTAAGTRSSSPLTWWCCIH,-1.046297056,1
slay_7308,LEAPALPAHC,-1.046120534,1
slay_7309,RRRRRLYNPRISVYRIPTSC,-1.046077456,1
slay_7310,SFYHPSYTPLIHFVDTYHAN,-1.046046559,1
slay_7311,DYLGSRCYHSILCNTYFLFR,-1.046043922,1
slay_7312,YSPWRNMCMRVL,-1.046036982,1
slay_7313,TKHESHCVPPPNYSGKTRPD,-1.045935202,1
slay_7314,RLVANRGPPTTYSQGYKHNR,-1.045827264,1
slay_7315,TMSMLPLTLLALVQLGSRLQP,-1.045815968,1
slay_7316,VVHNLYRRLCLLRKSDSAY,-1.04568674,1
slay_7317,IRDVIPNDTIICRFSTL,-1.045613836,1
slay_7318,LLCARKCLRLFDPYCGMWEI,-1.045589334,1
slay_7319,SLITWKASRYMGYHYYRKTGN,-1.045580654,1
slay_7320,PRYYDTVNMHCLPFYWSNSR,-1.045499248,1
slay_7321,HRPNKLGY,-1.045286562,1
slay_7322,FLTVPTTLLVPCSY,-1.045282663,1
slay_7323,CAYFPFPAQLADR,-1.045225028,1
slay_7324,LPTHAIITLTTATLECNSYV,-1.045177578,1
slay_7325,DNVGPPRPCTYYFSYFAFYC,-1.045166536,1
slay_7326,TRSVTQ,-1.045159891,1
slay_7327,CPTPPSSNQGTHGHPDS,-1.045056935,1
slay_7328,VHRDINGLCIDTHDTISLII,-1.045047049,1
slay_7329,CPAALLVRASPVLYFRPDDD,-1.044894017,1
slay_7330,SHPTVLRRLASRPTP,-1.04469585,1
slay_7331,CVTSPDHGFKPNQYLTVHY,-1.044448934,1
slay_7332,LCCPTYSQKRSMCNHLLVEI,-1.044428019,1
slay_7333,GMHYRHSRFPLRAGTCLHLV,-1.044412483,1
slay_7334,AGCQF,-1.044372702,1
slay_7335,SPCTIGNPIFQLTSINGSQV,-1.044289744,1
slay_7336,FPYVIHWTSIALKQTNRLNS,-1.044279936,1
slay_7337,FTCQATPCPRISRQMPLVRM,-1.044258213,1
slay_7338,HAHPGPYVTTQYPVLVITTF,-1.044144779,1
slay_7339,SEICKYSDLGNFLCLCRSYL,-1.044020536,1
slay_7340,DPSTSMKCSPYDRILRLAKH,-1.043973956,1
slay_7341,RRCTLPPHGGSPLDILTVAVN,-1.043919527,1
slay_7342,RLAGTDSATDLAIPLCPFNG,-1.043876717,1
slay_7343,SDPHLHMFYPAPYLCPNASF,-1.043872742,1
slay_7344,PRDCQWASMYDVT,-1.043701399,1
slay_7345,PRLQFGYSNRDYHAFCGKFR,-1.043686286,1
slay_7346,LFSNWAPFRLLTRTPTAPTCN,-1.043684268,1
slay_7347,RNDNPTPINIFMPESNWCIV,-1.043628654,1
slay_7348,KQDSHNLPCNPLKHLYILTTN,-1.04362774,1
slay_7349,HRIWLPFHMPHYFILFNYNE,-1.043625082,1
slay_7350,VSTRQFSCQVENSSGTGTLP,-1.043622267,1
slay_7351,FTSGVRHKLPRSYTTPHPPL,-1.043599548,1
slay_7352,PDHDYDVTCTHMFSFPYQLV,-1.043571824,1
slay_7353,PQRRLPRLPFTLLWLASRKY,-1.043500454,1
slay_7354,PRAIRCHPSIYRIPYCPHWH,-1.043432199,1
slay_7355,RARTLYQLISYWDDLSTISP,-1.043362772,1
slay_7356,SETHYNFPHCHIICCAGMLI,-1.043335202,1
slay_7357,GLASVFYYVVARCCRNPMHR,-1.043328344,1
slay_7358,RHARPAFYCYHCPNATNNQW,-1.043177956,1
slay_7359,EASILHHSICNYCMYRCTYY,-1.043153228,1
slay_7360,WLYTSSALHCPCLFLPQCAF,-1.043087224,1
slay_7361,AYYNHGRSSYFRYNDPCSGY,-1.043065212,1
slay_7362,FTEYSNVPPPSSSNDSDETN,-1.043009651,1
slay_7363,LPSPCRTSYPLLAYPPTRLL,-1.042841105,1
slay_7364,HTVDHGPRAPFIIMLTLPSTN,-1.042767326,1
slay_7366,LNGTYENNNYRTIIPYFHFC,-1.04267852,1
slay_7367,NFTAYFQVFRPYAAMVFKSN,-1.042424736,1
slay_7368,VSDACYWPHAYYHRNESCCI,-1.042320703,1
slay_7369,CPIITWGYSMLSP,-1.042285455,1
slay_7370,PPAVNKVVPWLLFPIIL,-1.042116206,1
slay_7371,HSCQCPFDVVTHVANQHPFV,-1.042019553,1
slay_7372,RRTNPISPPWHYRFVRANI,-1.041958693,1
slay_7373,TVSTKDYLIYCQQHHNHNPD,-1.041900871,1
slay_7374,APKDQVSTALRPLWSLVVSFL,-1.041879092,1
slay_7375,RSCPGPMRSTPHLNYLNLMI,-1.041877153,1
slay_7376,QTSIVLYDVSNNISCS,-1.041872824,1
slay_7377,CAGIFYPAKFNYCPYHLART,-1.041844212,1
slay_7378,ATGCNVYPMSLESYQIAHHN,-1.041686379,1
slay_7379,TMSREHFDQLHNYCHLLEVEL,-1.041668695,1
slay_7380,NTFISVSSSSPGWSLIRRTR,-1.041599447,1
slay_7381,PYYTLYPGMVCHSYDMMIFP,-1.04158064,1
slay_7382,TNRFFTLGLLLAHFLMLMRS,-1.041460211,1
slay_7383,PPTSIKCDGTDW,-1.041435895,1
slay_7384,CVPRDFVPPTPNVPHPTKGT,-1.041394753,1
slay_7385,MGPTPDVTRYDSLHTCLDFA,-1.041378422,1
slay_7386,SDYTPMRTYVCSVIP,-1.041284545,1
slay_7387,NFARIRCWHYSSGMYGHSNY,-1.041242008,1
slay_7388,CTHFHPFRFWHGDTELG,-1.041230391,1
slay_7389,CAYHDFRHVPCRYHHTPAAI,-1.04122429,1
slay_7390,SHTVVSLTRPHFKCDPIRFT,-1.041192025,1
slay_7391,CDPTLPPIQLCYRCYPTLAQ,-1.041067586,1
slay_7392,FSWNAFKHRLLNIRSRKTPD,-1.040939151,1
slay_7393,CAPLDTDYVNNPTSGTIVLA,-1.040914677,1
slay_7394,NCTSPLWAHHIPVYLMLIVA,-1.040845508,1
slay_7396,LFQAVLNHLCIYKISTLWCK,-1.040815544,1
slay_7397,TQLRPDRSPHSPHQSPTWSQ,-1.040809249,1
slay_7398,WSSPDTRLFILPGVHKSVMF,-1.040786225,1
slay_7399,NLGTLLRCYHVPSLLDLNFN,-1.04067327,1
slay_7400,HMLFDPPVEYMLFPPSNCSV,-1.040548611,1
slay_7401,IPRQHYFSCPLSRQYSLATF,-1.040473034,1
slay_7402,RPCNHYMLHRSLTAVNSMIA,-1.040457049,1
slay_7403,RICGYPAWLALCLYDGIICS,-1.040406642,1
slay_7404,DPLTKFIQLSLVNHHNDNAC,-1.040341531,1
slay_7405,PSSDNAQCFYHHNHISSSFS,-1.040205669,1
slay_7406,CQSWFKYSSNAL,-1.040124207,1
slay_7407,LCPSISDHMIAYSINPATFY,-1.040056426,1
slay_7408,LDPIYPGPVYLLLAYSRERR,-1.040036354,1
slay_7409,PELLGLPNSTEPYCFSLYRL,-1.039918633,1
slay_7410,CHLGALRGRVYPPARQNLDA,-1.039891227,1
slay_7411,APAVNFAPC,-1.03988659,1
slay_7412,ISDFVPFTRIFLMNDGQ,-1.039818132,1
slay_7413,YLPLLLPFTLIPSYHNCTDF,-1.039796621,1
slay_7414,DRVYASPNYYSQSSFQLYSL,-1.039640208,1
slay_7415,STIQRPCPTDNMTGFSYDML,-1.039568315,1
slay_7416,APHDPDSLFPCLCYTNHRT,-1.039336583,1
slay_7417,FPSTSGPVQWPFLQSRTPCL,-1.039328551,1
slay_7418,YIHQLPGRCHYHSPLLPQDEL,-1.039318161,1
slay_7419,NCRGALWPYIKFLYHNDNFI,-1.039240771,1
slay_7420,VTHNTFNICVTFYCRTINVS,-1.03917874,1
slay_7421,NGAETSSFRRSCGVGRYTTT,-1.039173196,1
slay_7422,TDHVPHAKCCCHHNLQKYLHV,-1.039166953,1
slay_7423,RALMNIPDKSARCPSSPVFPN,-1.039143007,1
slay_7424,MTPRFIRLLRFFRIRIIGSAN,-1.038909374,1
slay_7425,QNQGDTDHVPPWPIAFCYKL,-1.038858884,1
slay_7426,VHAIAQLLLSLSLLHGLNLR,-1.038741046,1
slay_7427,WPVPYLRGLLDDQWLCFPIV,-1.038736831,1
slay_7428,VPVQLLG,-1.038643398,1
slay_7429,NPMFYFFNCLPFTTNPVINI,-1.038640012,1
slay_7430,APGLRYTRPCCTARYIVYQV,-1.038129402,1
slay_7431,SSPFYLICN,-1.038016033,1
slay_7432,CSREFAQFYALRPDLLTDWV,-1.03800995,1
slay_7433,TIFFEPLVYIFYNRRTAPGF,-1.037950341,1
slay_7434,NREVVHSAIEHTQPYSKNQR,-1.037838723,1
slay_7435,FHFPSFFGSPCVCLYNFLVS,-1.037734157,1
slay_7436,TTTFSPFPYRISKILALAYT,-1.037570092,1
slay_7437,GTDSGFLPCHIPR,-1.037420688,1
slay_7438,AQPYHNLRCFPDNTHFDKSN,-1.037388256,1
slay_7439,TNCPDLAYSIHNPLANLPGN,-1.037377103,1
slay_7440,PFAATSASDQYAVNFQRYAH,-1.037213016,1
slay_7441,PCNYAPFIIFSPRPPVEPWA,-1.03714586,1
slay_7442,QKCLLPLYFPVNGAGFFRDN,-1.037115728,1
slay_7443,GACHCTPSGA,-1.037099145,1
slay_7444,VTCNVYCYWLYYYNSLAPIA,-1.036953876,1
slay_7445,STAYSLLAPCDHIPRYIWTH,-1.036933394,1
slay_7446,CKTAMHPAGIVIICNEFSAM,-1.036812939,1
slay_7447,DFPAFRWLNSLRLRLCTLSE,-1.036789327,1
slay_7448,YTSDPCTSLGSVRTVASSTFT,-1.036778786,1
slay_7449,PPCRTPYIPPRALNLELI,-1.036676496,1
slay_7450,KYACGYI,-1.036603848,1
slay_7451,RARHAPWRRRCICYRNPSPK,-1.036561044,1
slay_7452,VFTKPCMSYRNGLWWPYSQK,-1.03649974,1
slay_7453,TPTYVACPPWVCLLQNLSGC,-1.036436689,1
slay_7454,DITFNTDSVPHNCNPHIFML,-1.036242662,1
slay_7455,RQTSSPKGRSNDEKSDLNIS,-1.036231516,1
slay_7457,ATSVPCSFPLYTASNYYITQ,-1.035944841,1
slay_7458,QHASSHHYRACR,-1.035857479,1
slay_7459,PPANRNSDLNTSNYCWCQYA,-1.035770948,1
slay_7460,ACPTLPWCPWITHAVGLYPI,-1.035653888,1
slay_7461,QPDRPSQTCTIRFPSSLVRL,-1.035634404,1
slay_7462,LREPYQYAGMSLNSITADVP,-1.035620559,1
slay_7463,PHNGIDEFSKYDRYGDIHCL,-1.035503914,1
slay_7464,LSVITPVSPPHITFNNSAMR,-1.035484024,1
slay_7465,PCTMAGRARHLELDQLPQQFV,-1.035478213,1
slay_7466,DHRGTLLSDVKLGPEDRNPT,-1.035445048,1
slay_7467,TIHSYPICGRCLSPLLLPHQL,-1.035407095,1
slay_7468,RIITYWSALKNHFRTGSYPR,-1.035362915,1
slay_7469,AGRYSSGRYHSRGGESVR,-1.035186251,1
slay_7470,AISCDRIPFRRRTPIPQLRF,-1.035162684,1
slay_7471,PVRRNDAHEPHFTMSRCTWP,-1.035135424,1
slay_7472,SAPSKYLRTLYNLVCDRAYT,-1.035037593,1
slay_7473,CSGPATTIIEFSHVNTTSYL,-1.035026352,1
slay_7474,STFEFTMY,-1.034951573,1
slay_7475,QIRMPSPCLPALLMLLNN,-1.034941196,1
slay_7476,CSRNVCCDRRYDKSYNHLIA,-1.034870441,1
slay_7477,RHVPMYCHCFRNTIPDCNFV,-1.034867969,1
slay_7478,CLPR,-1.034849588,1
slay_7479,CPLSRPCTPIYTSFC,-1.034751786,1
slay_7480,IPTCGYDPFNVNWDFRYLRR,-1.03467647,1
slay_7481,CTDPGHDTLICSRLCCLSPN,-1.034614999,1
slay_7482,MHSAHAPLFNCRHHLYDWSY,-1.034603345,1
slay_7483,IYT,-1.034434294,1
slay_7484,CVRMRKEGALLPDQYLEPTA,-1.034326304,1
slay_7485,SCTYYISRPFTFQPISNRRA,-1.034216905,1
slay_7486,APYVPRDCSPASISDGQTIR,-1.033888918,1
slay_7487,GLNCGTYQVWYNRCCNCRYS,-1.033842612,1
slay_7488,PTKLLPAIFNCDQNAFL,-1.033749326,1
slay_7489,PPTPPTLRHALGYLTFLRSR,-1.033692796,1
slay_7490,PIASTCLPERASSSTMRTSG,-1.033679411,1
slay_7491,SLHTNHCYYYGFRVFPFPLY,-1.033613121,1
slay_7492,PPYPFTASTGSS,-1.033515872,1
slay_7493,TPSEVTRVAHCSSLSPAFPN,-1.033481151,1
slay_7494,STPTHATLHCASLLRFVLREL,-1.03322817,1
slay_7495,LPLFSGTCMGPSPYYFNSLL,-1.032992193,1
slay_7496,QLAGFDRRNNYTMDLQMCNI,-1.032939534,1
slay_7497,MYLYDNNFHYNCIRLSHSRA,-1.032887694,1
slay_7498,PICAPYDTNANTVPYCILLF,-1.032880875,1
slay_7499,TYPKPAYDHCEIFHDYHTHF,-1.032854263,1
slay_7500,PPVSQRAAATPNFFTAISSH,-1.032828729,1
slay_7501,LGFWYC,-1.032688452,1
slay_7502,RGSAYRPTPYLGHVAYPDLW,-1.032625978,1
slay_7503,SSLRCDDMSSKWVSRSWTLL,-1.03261675,1
slay_7504,SNLLIYRREVQLGASVPLVC,-1.032574257,1
slay_7505,LSHSFIFQVVHRPKTCYNNK,-1.032564298,1
slay_7506,SPRWNSSLVFPVLTTQALVLT,-1.032479643,1
slay_7507,LSTHCVCPPYGHYSGPDPVA,-1.032441998,1
slay_7508,DTGRRHMRITLSLRLRIIMLN,-1.032237739,1
slay_7509,PPHRNDPTCGTILAQTVRLQ,-1.032182992,1
slay_7510,FLTVAPSWHLLVRPAVGLVSN,-1.032173747,1
slay_7511,WPSARSPSCPFPWGMPDIYV,-1.03198219,1
slay_7512,FSPCFHWPSHRLFFSPYLYP,-1.031963124,1
slay_7513,RHGVP,-1.031959419,1
slay_7514,SLWPCPISWKQCLYTNVPPP,-1.031950347,1
slay_7515,DPDTSPFCRSVHTLDTSKPT,-1.031886953,1
slay_7516,RHGLSDRP,-1.031804018,1
slay_7517,DYVLKPVFYRI,-1.03179863,1
slay_7518,PDTRTIQALLSVPTMAICPR,-1.031709759,1
slay_7519,PTQC,-1.031540709,1
slay_7520,THRKHNSYTHVMNDFSKLAY,-1.031371667,1
slay_7521,QIKCTCPSYGYWLWPHTMTH,-1.031284725,1
slay_7522,SKPCSRAFYPLYQAI,-1.031245032,1
slay_7523,SCSGPAGWPDLYAFL,-1.031086481,1
slay_7524,CRRRSQHWDRFKHVIPPLIS,-1.031075075,1
slay_7525,DRPTTLPTS,-1.031072834,1
slay_7526,VNAANPTGISYRPPLSST,-1.030766767,1
slay_7527,HIAASVGYFKFDYYNGITLQ,-1.030733023,1
slay_7528,IHTLGTNLWYRFIRRWNAAW,-1.030681565,1
slay_7529,PWPGGFYPLPCITYSALHHD,-1.030578676,1
slay_7530,CLSLMCESPRYFCNWASKPP,-1.030499916,1
slay_7531,SDLSCLRTQSALGYSNTRAR,-1.030269245,1
slay_7532,DSVNWLITLYLRIYRRNVCE,-1.030138741,1
slay_7533,IILMLPSSYQEDARSCPTTR,-1.030132561,1
slay_7534,PLRFLAPLPIPMVSRRPRSRN,-1.030100499,1
slay_7535,LSDDKLFDFNSHLCHHLMAP,-1.029890439,1
slay_7536,VPRTMYYVNTLHASNIKRRD,-1.029886094,1
slay_7537,YNLPCLYA,-1.029884815,1
slay_7538,SHQAYVTLIDSRD,-1.029838375,1
slay_7539,PPPRGRGVFSFGTYCTNGLV,-1.02978645,1
slay_7540,LSARRLRRWSHTLFNKDFAR,-1.029751952,1
slay_7541,RAHTLMDSHIATQALYSVFC,-1.02949243,1
slay_7542,SFQFAPFSSYQTLILQPTLA,-1.029348129,1
slay_7543,YWFKRWNCMVISLI,-1.029279326,1
slay_7544,ARNRHPHNTDTSSQRRSDVFI,-1.029249441,1
slay_7545,PDREDPSCRLLNLYL,-1.029246417,1
slay_7546,DPPPVPLSRDQNPYRQPNWA,-1.029069559,1
slay_7547,DWRDPVNSLCPVKLPPWTAR,-1.028814122,1
slay_7548,YPLFCVHY,-1.028791673,1
slay_7549,TWPLCTDFCLPRYEYVSPCR,-1.028601225,1
slay_7550,PLTYAPFVVINSPWSCLHTY,-1.028490196,1
slay_7551,AATNFDEDRYNSSNCLMLVL,-1.028398822,1
slay_7552,PGPCCCWDPLYRIPIANIA,-1.028257833,1
slay_7554,VCKLSDGVSDRYGRILLGYL,-1.028029378,1
slay_7555,YRVPLANNMDVRLYYGSSRL,-1.02784446,1
slay_7556,FLLFYLLRALITSCKSHLRL,-1.027800106,1
slay_7557,INYTLSPLPVLLISRTILRS,-1.02778974,1
slay_7558,VCAKYYPLFLFDNFQWGDKI,-1.027675561,1
slay_7559,PLIPLPPLHKRAISHPNTCD,-1.027643509,1
slay_7560,FIFLVPTATCPSRPSYVVYD,-1.027635718,1
slay_7561,SHCNDAHVSPVNILHTCIIY,-1.027631848,1
slay_7562,MTCLICLPFLLVSPSITRLGN,-1.027618172,1
slay_7563,PRHDTCWRQSHGGFLATDLR,-1.027573732,1
slay_7564,VFSAHNRQLTMLFVTYLSNC,-1.027554925,1
slay_7565,EDNCLKRLYIPLHIVHFYT,-1.027554017,1
slay_7566,PTPHNLPHYCYIGARTIPRY,-1.027537837,1
slay_7567,AAMDYVCEANLKVSIVTSC,-1.027529151,1
slay_7568,CSTDFTLWHPLTIHQTNLAM,-1.027438377,1
slay_7569,RMPFGVQGNCTLPYMLPSHQ,-1.027430099,1
slay_7570,LPHSLDPSTTFYSRNRFPAR,-1.027393412,1
slay_7571,GPCWSHMTDAYLHTPSSNNL,-1.027282107,1
slay_7572,HSGPSSMGSFFSDFVHSRAP,-1.027063134,1
slay_7573,LSHPEYLLKCFPGTKDWTPV,-1.027026737,1
slay_7574,VGGPCGILVA,-1.026904298,1
slay_7575,SLCCKIFCYNVICYPGFYVF,-1.026903078,1
slay_7576,HQGNSALQHNNCDVYSNKTN,-1.026799896,1
slay_7577,SAQNNEPYHTSLICTPLTLSN,-1.026789078,1
slay_7578,ITYLSRCADPNMGVRGFDIC,-1.026546839,1
slay_7579,CHYNIGSDDTCHRLYEFKLL,-1.026538142,1
slay_7580,IDAEAHQNCFLMGMCHPCIL,-1.026478082,1
slay_7581,GSASPLPAGPFHAPPFNFSS,-1.026363259,1
slay_7582,TVLNLTAPPYLCHELPDDWL,-1.02634234,1
slay_7583,RVGETLTNFYNLLVSGCSQK,-1.026341456,1
slay_7584,TALPRWYRMLRDMLLQTIPL,-1.02631334,1
slay_7585,MVCAMNVPLRCNTKMYLTYL,-1.026245025,1
slay_7586,VPHTTYIEYLHHLPYWVPVL,-1.02609888,1
slay_7587,HVGTAQHHPLSHTRDSNDTK,-1.026094322,1
slay_7588,NVAVPATLCLCHTFIKCHDH,-1.025868112,1
slay_7589,PTSTIPNPNLRHPRHRSCSM,-1.025866516,1
slay_7590,VPLRSKLALNCPNAPHCKLI,-1.025806701,1
slay_7591,PIPHVPPYYLHCFHYSDLSG,-1.025758816,1
slay_7592,CPIRAPSFVTLMTWDGGRLA,-1.025708787,1
slay_7593,LGSDAIPLRYICAPTYQSNT,-1.025673354,1
slay_7594,YPSVYLTYFARSSLKCIHPP,-1.025622298,1
slay_7595,PISPVFQRFYHTSPWPLNHS,-1.025600035,1
slay_7596,NYSRTCVSVLTSIFISTAHM,-1.025509614,1
slay_7597,IDPHVCALGAQLSAPWMIKN,-1.025453004,1
slay_7598,FWLGLCTRLPRLPFIAGCPH,-1.025444373,1
slay_7599,YYSACNCNPYSHSTNNYYHL,-1.025399069,1
slay_7600,DSPSSFRVRSYPDYPPLDFC,-1.025286656,1
slay_7601,FPSIHTSNFATFTPYTNSSL,-1.025253677,1
slay_7602,PLIVNTAHGDNIHIIPSVLL,-1.02523281,1
slay_7603,DTDLTFRSPRSLNWYRDVNE,-1.025188,1
slay_7604,TTYIYHLVLNSDLDMRCRNA,-1.025116112,1
slay_7605,PTAPRQRNNSPGITTCFPIN,-1.02509828,1
slay_7606,LG,-1.025023517,1
slay_7607,IHV,-1.024890768,1
slay_7608,RCAIPHFSPSLPPWWCCYAT,-1.024862494,1
slay_7609,IALVRVSASQLTPFACAIAL,-1.024781235,1
slay_7610,LLAVNMSDPLTVLTYQSRPP,-1.024700231,1
slay_7611,SPPH,-1.024542361,1
slay_7612,HTTYCGHWRNNNSLLRMCDL,-1.024456934,1
slay_7613,PPALKRPKEYLVIEGACLAG,-1.024354546,1
slay_7614,HHVPDCRPWHLAAPNHEAIL,-1.024289225,1
slay_7615,ATRPSNPRTRKFWSIKTFYI,-1.024199892,1
slay_7616,MRSLSDSLIPCLLKSPFLDV,-1.024184522,1
slay_7617,PHLHAPTWVPCYSYDLAPHN,-1.024154095,1
slay_7618,DPHARHLQLCLQQRVYLLYW,-1.024081475,1
slay_7619,CFDHSNWLRTFPMTCYIV,-1.024078472,1
slay_7620,PSCPSMLNLLQFWYGNSSGV,-1.023982585,1
slay_7621,ETPPCCDSGATKIVTCPVSS,-1.023812864,1
slay_7622,PNWLMCPVPSYHLLHIPSHT,-1.023806767,1
slay_7623,TAYHYA,-1.023708594,1
slay_7624,TAICTFAPHSIDRNKNARLHL,-1.023448968,1
slay_7625,YSPLRIYICKSLHPFMDPAS,-1.023232497,1
slay_7626,TATVTMPDKCSFSMTPGGISN,-1.023216883,1
slay_7627,ACHCPRSI,-1.023179755,1
slay_7628,SSQSTMPHNFILPIYTI,-1.023037954,1
slay_7629,RPARLQCGSARSSPDGDTSP,-1.022807295,1
slay_7630,LNRE,-1.022695189,1
slay_7631,RLVIHPSPSESIPKTRGLPP,-1.022653443,1
slay_7632,YGSYPYGMLLYALYNNMCQT,-1.022636372,1
slay_7633,LFHNDLESTDPAICLRRYYG,-1.022565263,1
slay_7634,LPSAAKNVARQSTSSHYRCFV,-1.022402329,1
slay_7635,LCHQFSNVLCTQLTMRYIMD,-1.022353653,1
slay_7636,SSPHRSCSSLPVILASNPTA,-1.022318706,1
slay_7637,PSPPSTAGPYVDYFSHGRRR,-1.022315985,1
slay_7638,WLTAGSNHLPFLYWLGGCYR,-1.022241157,1
slay_7639,CLWHYYSLFANVDDGIINSF,-1.022191998,1
slay_7640,NGYVPWATCWNPYMVCDGVV,-1.022107764,1
slay_7641,GKWCTPLPALFVIDFKEMTK,-1.022002779,1
slay_7642,SMRVPRALPGSTSISSPLCGN,-1.021964279,1
slay_7643,PVNTTLATFKLNDSLSQTRS,-1.021938469,1
slay_7644,SPPLALHNYCPVTNNRQFGS,-1.021913829,1
slay_7645,CPRILSPYWLYSTLTSNAHK,-1.021905521,1
slay_7646,STFDLRFPYSCTLPAYQVLF,-1.021866467,1
slay_7647,YTAGCHIHPHSPFTAPYYIP,-1.021807796,1
slay_7648,FSHNYARFKVCLMLPNLLSD,-1.021732375,1
slay_7649,CDVSSAPLSMLYRGTIPSDS,-1.021704475,1
slay_7650,FPSYVNDYILLPYFILYYGP,-1.02161516,1
slay_7651,AFPIMPTYQRSFFTSYFYAI,-1.021434358,1
slay_7652,TGPIGLNCRITESTLPFLAP,-1.021390368,1
slay_7653,FAYALL,-1.021360371,1
slay_7654,RRFGFMVSST,-1.02126738,1
slay_7655,HLVATYPARSCI,-1.021250556,1
slay_7656,APALLTLSLSTVLLIIVWCLN,-1.02121898,1
slay_7657,HCLNGLRKTILYPTSLVTDL,-1.020777313,1
slay_7658,GRCTDPSSCIKNLVKCLWTK,-1.020753647,1
slay_7659,WAGPCASRIRWNLFNERLDR,-1.020746745,1
slay_7660,PHSRNQSIPSYHFNCPTLEI,-1.020727438,1
slay_7661,FGGYRDYDHSQQSKRT,-1.020716443,1
slay_7662,PAPDRPTSSPAPFCWLAGELT,-1.020450657,1
slay_7663,PHSVHESNTTLITSNSLTEW,-1.020402281,1
slay_7664,RKFRRLYMSYPQYCPHYDDY,-1.020388207,1
slay_7665,EHFEKTSNSPCFILSWPSIA,-1.020366354,1
slay_7666,TTPGCYLALFLRTLSNSHYN,-1.02035557,1
slay_7667,SSHCTLKTYHRIAYDPHRPF,-1.020178851,1
slay_7668,LTPHLSGDNSHAVTSKTWSI,-1.020094888,1
slay_7669,SDIHHATPWCARTSLVNTHR,-1.020087859,1
slay_7670,MSSLPYTIAYEYLFMQGPIV,-1.020058326,1
slay_7671,RLDAGHHSPDVGSFTRVCGM,-1.019988313,1
slay_7672,LMPDNMSNFFKLRMSDLSRA,-1.019974901,1
slay_7673,LTEVPKTPGINMLCLPSDIA,-1.019963448,1
slay_7674,TARTNAAFGVRVHHNILRPP,-1.019906391,1
slay_7675,CHLLSVGSDRHTFTRPVRRY,-1.019689305,1
slay_7676,SCLHSTANQFCCQKVTSWRI,-1.019672968,1
slay_7677,PAPFIFRHWCDNTLY,-1.019656063,1
slay_7678,LEILPARNNVAPCYLLLVRT,-1.019591738,1
slay_7679,CRYYRSAPITCRLNNARPIIY,-1.019587286,1
slay_7680,SNNSSHPLLGRRIYSYFSLG,-1.019527986,1
slay_7681,TPGGEHLHRPRGPPIRNEKM,-1.019381405,1
slay_7682,IPPASCTKLNPGPVYTHFST,-1.019131773,1
slay_7683,PPLYNATAGRILPEALVRFV,-1.019099755,1
slay_7684,PCTYNVQGHSTHHTIHGASY,-1.018668109,1
slay_7685,PGARAKDWCLYPTYPPNIAS,-1.018524071,1
slay_7686,FRLIYVNPHLSSRSYRFFNH,-1.018450511,1
slay_7687,STSPPSAQGNPVHCMYVFMV,-1.018395583,1
slay_7688,GSEHMNYCFTLKYT,-1.018360409,1
slay_7689,QSRSPLPRDYHYAAPSSRFN,-1.018319073,1
slay_7690,CISTLWPRSRTASSLFHYSS,-1.018288721,1
slay_7691,VGRVPFSCKSIWPQLWVALFN,-1.018232877,1
slay_7692,NSSNKDGYNHSRSYICHSYN,-1.018074352,1
slay_7693,TNPASYCSPVGWRLIRNVDA,-1.018073233,1
slay_7694,SLSILRDELVTRVT,-1.018017349,1
slay_7695,FAFDFSYCALEFLHCKIFHQ,-1.017970217,1
slay_7696,HCPINGSDAIQISYETPADTN,-1.017970217,1
slay_7697,MFAFDSNNFDYYRHPQFYAS,-1.017793723,1
slay_7698,GCCVKSCSMYLLDSSKSVE,-1.017779396,1
slay_7699,ISARDSGPNFTYHHIRTISI,-1.017751535,1
slay_7700,IPRLAYHCELQNSDKVVPHI,-1.017727762,1
slay_7702,TVQNNNTGLR,-1.017646356,1
slay_7703,PGSVDSCSYVTFSGVRNTLI,-1.017587375,1
slay_7704,RIHTYATSLFPMHILTGFDT,-1.017579289,1
slay_7705,RRAFHVDCVNTNSSFFYY,-1.01752394,1
slay_7706,APCGPRIPSSAT,-1.017493241,1
slay_7707,MIVQCYCSEHFINLWCNDFR,-1.017402819,1
slay_7708,LDMHYSPTLLLIANNLSMIP,-1.017338306,1
slay_7709,LFDTSVNYNYNPLRGLNSIK,-1.017235343,1
slay_7710,HTPLLPYVDYAHYFYERSPN,-1.017029099,1
slay_7711,ATRSSGHLDLPFGSNVMLDL,-1.016922987,1
slay_7712,RGKRDLMQIRKKILTKMCDN,-1.016746953,1
slay_7713,TQVCCNLVYCQYPDHYLHRL,-1.016720364,1
slay_7714,REGLGCTSTSALMGFELSDL,-1.016713723,1
slay_7715,KLVCDRSCLYILCETNAAKS,-1.016462024,1
slay_7716,NLRPDAARDFCTCHFML,-1.016322559,1
slay_7717,PPRSIRLLTLVR,-1.016283603,1
slay_7718,SPMITTIDCTQLLSRRNGSH,-1.016252252,1
slay_7719,YTCIPNHLSRFNKYTMVNHD,-1.016204779,1
slay_7720,LCGSTAHVRKYSTNMPIIHL,-1.016167076,1
slay_7721,RFPTDHSPCISFQLVKLLYI,-1.016066977,1
slay_7722,ADTLPGCTMTPCHAWLSYCI,-1.016005142,1
slay_7723,AYHRPCNESTYYSFPVSYVC,-1.015936194,1
slay_7724,HLHIRWTARKGHTTSNRTRP,-1.015929856,1
slay_7725,IRRTTGAGTKRTLCILMIRFN,-1.015736548,1
slay_7726,DPNHLARLLRWAKIRFLDRP,-1.015637697,1
slay_7727,WEPLCARRYWISARQSISRL,-1.015604104,1
slay_7728,DQTHLPTFSGLESTQRVRNL,-1.015528497,1
slay_7729,PHAKGSSDHHKTPNPSAAKR,-1.015430091,1
slay_7730,IAHPLCPSRSSVAGFSASALT,-1.015350174,1
slay_7731,APNGVPLLLTIVLCRLVPPL,-1.015322799,1
slay_7732,VCCAALSCFYRLISATTTNTN,-1.015300341,1
slay_7733,VPFIFPCVLEATNRSSPMVW,-1.01520324,1
slay_7734,HVLIFTLLRLSRRPILPN,-1.015104141,1
slay_7735,VQTSIFHLVTEHHLSIRFSD,-1.015090378,1
slay_7736,CARASPCPCDFFWSQDYFLT,-1.015052444,1
slay_7737,RYRLPIYFVSANRCVQSLLR,-1.015043354,1
slay_7738,NPMCAPIAISHLNTKMHRTR,-1.015033002,1
slay_7739,YDLHMVWSYQCVSSIIVTRG,-1.01498875,1
slay_7740,PLPSSNTLCYKLHDTPHPSS,-1.014903763,1
slay_7741,RRPRPVHCHYL,-1.014812231,1
slay_7742,DIICLPLYHNSDVRKNIAVY,-1.014759562,1
slay_7743,DMAFPRTVPWTFLRTPVYPL,-1.014688981,1
slay_7744,SLSRTTATAGIVLSRWRN,-1.014688722,1
slay_7745,GGPHNRLIPTDPSYLIIMLK,-1.014573922,1
slay_7746,PNVSGPLIGPSHLPPANHSR,-1.014571652,1
slay_7747,DVTRTIYNSVTICKNPALPS,-1.014269852,1
slay_7748,CAPYILI,-1.014230574,1
slay_7749,CSNYPDRNLMSDMNLRQNSP,-1.014111135,1
slay_7750,LLSECIPRIIRCPCFSPYTV,-1.01410207,1
slay_7751,SWLCPNLPHADWRLNQMLIG,-1.0140542,1
slay_7752,GYIVPHCHRLHSSYL,-1.014037799,1
slay_7753,SIITLRCPVNLHGLIQHISN,-1.01403656,1
slay_7754,HDATNSTPNLGCITMKILGT,-1.013989957,1
slay_7755,SFHLPCKRPSTNPIPMYLLY,-1.013930498,1
slay_7756,TGNVTYATTTLTYNL,-1.013840901,1
slay_7757,CHLIYFLCMWPSHFNSLSAY,-1.013718427,1
slay_7758,LPGKQPQPHHDNL,-1.013686324,1
slay_7759,TPYCAGLSRHRSRIFNYYT,-1.013483899,1
slay_7760,HLPRIILLLSPWFTTIRQNH,-1.01346171,1
slay_7761,YTNDYSCPNQAHPWNKDYII,-1.01345361,1
slay_7762,KHAESMLRSR,-1.013342092,1
slay_7763,AFTGGHPCFIHIISHEPYLL,-1.013339581,1
slay_7764,HTPFRRPFNSLCCVDKCSYT,-1.013239246,1
slay_7765,YKPAPCYSTATLLDNLRLAS,-1.013185215,1
slay_7766,SRSLYSIVRRLLLVTANFFG,-1.013108371,1
slay_7767,LTFPEMCPCLTY,-1.013073281,1
slay_7768,NNLDPMAPGYSLHCLPMILS,-1.013058203,1
slay_7769,PCSHTGSPLYLGNAVRSHFM,-1.01300572,1
slay_7770,RRSGNGNICPVDVCFCHHTSN,-1.012971737,1
slay_7771,HADGSILRRCVDWPALTFISN,-1.012898397,1
slay_7772,LACVFLFTPKTRHDCNFSRF,-1.012870153,1
slay_7773,RSDRPTSNFTFARPSCALHD,-1.0128458,1
slay_7774,AR,-1.012831999,1
slay_7775,YLTPSWSIWI,-1.012796544,1
slay_7776,CTCPNRPRCYSRATTRVLIS,-1.012772678,1
slay_7777,PHATPAIPHVCEYVRYALTA,-1.012660768,1
slay_7778,ARAYAHTVYPPMSPSCYCPL,-1.012588551,1
slay_7779,CAIFDRL,-1.012482879,1
slay_7780,VSLASGSELWINDCMIAQLS,-1.012469674,1
slay_7781,PVNTVPCLILNYADLFLARV,-1.012453137,1
slay_7782,SRVSTCAKALVLKGTDVQLS,-1.012270319,1
slay_7783,CDCNLRRYSSCYLNASILNV,-1.012133077,1
slay_7784,PNNAGLTRLLSFILLGIVLTN,-1.012026217,1
slay_7785,NAGGENQCYYRNWFPYVMPR,-1.01196752,1
slay_7786,WARHWCMHSLSDYDCCLSEH,-1.011836317,1
slay_7787,CRPMTYNHPYYDVISEDNEV,-1.011829138,1
slay_7788,FCHSLTLLCSACFCNAIQGH,-1.011751477,1
slay_7789,RPPCYFITPLSHWTSGVPNI,-1.011604477,1
slay_7790,DLRAVITSSIETQVDIPDKS,-1.011476379,1
slay_7791,SYRLDSQIITYRTNPFSDPP,-1.011471346,1
slay_7792,CYSLDAHNIAHANCWHICCV,-1.011359663,1
slay_7793,VLVLVPVCLVIKESCSWRSL,-1.011268463,1
slay_7794,VRLNNCSHLCLNLTNQSFHN,-1.011230491,1
slay_7795,HFWYTLPMFNRCIYCSSCYL,-1.011104371,1
slay_7796,CRVGSIKHIPSTTLTALPVLN,-1.011094344,1
slay_7797,SHDVNQWLPDTKIPTCIYYL,-1.01090486,1
slay_7798,NKQHFRQGLQPTVVILTSGT,-1.010893267,1
slay_7799,PLPHPCWIEHGNSSPLNWLI,-1.01078176,1
slay_7800,CRCSPRSIRLISALTSALPRN,-1.010779943,1
slay_7801,PYSVTS,-1.010676578,1
slay_7802,APRPRVRWPCYPLHLFCLSHS,-1.010660226,1
slay_7803,SYLYRGLFFPACT,-1.010624669,1
slay_7804,HNTMFRHIFDLISRHNLCGL,-1.010430601,1
slay_7805,SRLCIPFCATYDHCTARTRF,-1.010362502,1
slay_7806,VHVCPRNAVTPWRFTSMYGL,-1.010287936,1
slay_7807,LSLNFSAPQSFNCTLTSGTAN,-1.010284166,1
slay_7808,AHCEPNNLSESEHSGTRMVY,-1.010254208,1
slay_7809,GYYPIQCQVDPRFVQGLMIP,-1.010252825,1
slay_7810,CSNAPHKSSDERRIYTMYPI,-1.010137076,1
slay_7811,PPLTLPASSCHDLTFNRTGA,-1.010106922,1
slay_7812,PSRSVIRCFSLPRISLCLGFN,-1.010097445,1
slay_7813,SDYSISLCVSIICNKYLAVR,-1.010086376,1
slay_7814,ADTCMYVNRYGPWCCTYATG,-1.010058234,1
slay_7815,TSVALPSLHCPVYDWIWSPY,-1.009856439,1
slay_7816,WHVCHTSYCCLAPMLVHLDP,-1.009834427,1
slay_7817,PGSPACVIPFYGTAAVSVPG,-1.009805654,1
slay_7818,EDPAQRTLVPNIPACMGYVL,-1.009726443,1
slay_7819,PSINPSVSETSRNRHGGAPK,-1.009719602,1
slay_7820,PPADPYMHTITVCCFWSRCGN,-1.009672711,1
slay_7821,CSTPYLNHRSGTSPITVQAL,-1.009582919,1
slay_7822,STDAVNEATDEFTVGHTFVS,-1.009581509,1
slay_7823,GPCYAGGFPFDGGVYLTANL,-1.009563232,1
slay_7824,SGGDVTPFRTTMIDMVAMSS,-1.009401091,1
slay_7825,PFCKMANTPTISPTTLLCLSN,-1.009384483,1
slay_7826,LMVVIYLSSFTVKFHSARGA,-1.00935505,1
slay_7827,HLLGYYRRFASYLLQFFV,-1.009343122,1
slay_7828,WHGDHACRFPYLIFVPHNNK,-1.009326793,1
slay_7829,ACTASSDQQFI,-1.009291924,1
slay_7830,TLRCLPPPPFPDEQPRSPS,-1.009117721,1
slay_7831,PPMDLDPHRLSYLGYTFFWP,-1.009079435,1
slay_7832,RVPTRVCPSLPHPEESS,-1.009043649,1
slay_7833,CYNIPSPHFGRRISVSYK,-1.009034354,1
slay_7834,VPSHRPLPPFHSLYYRYHPP,-1.008937166,1
slay_7835,NFVTTPQGLQYFNTYIAYSC,-1.008752018,1
slay_7836,RYSRYPFYLSPCESTHSTIL,-1.008743647,1
slay_7837,DCELSRFLHTWYPFSSHNAM,-1.008696447,1
slay_7838,IHTTRRPDPVRRMQRRPNPC,-1.008694411,1
slay_7839,APASTELNNLPGRLIYITIL,-1.008561506,1
slay_7840,SSLVLFDPHAMQSYLKHRQI,-1.008558118,1
slay_7841,CTSPRCIHTKFVCPEGVCPC,-1.008389284,1
slay_7842,PSNLNINMWCGTHNWLYKVH,-1.008346417,1
slay_7843,DCNLMSDAPYYHANSVYTIA,-1.00832498,1
slay_7844,KQTVNPAPCTFANSTWYLSA,-1.008324715,1
slay_7845,HSVKYQGQAMPMLNWGSSTR,-1.008296791,1
slay_7846,MSFYVPTIHATPHHRNVV,-1.008255346,1
slay_7847,PPCVPAKLHHLLYVNHPPYV,-1.008249235,1
slay_7848,NAVPQLSDPASSDLLFTNLS,-1.00822252,1
slay_7849,RLFPSKPGPIDFFTCRRSNG,-1.00816857,1
slay_7850,NSPLPSDLSPVTCQNANTFS,-1.008150555,1
slay_7851,LSRVQVATST,-1.008118375,1
slay_7852,KGSPDVGVVPRWRAVSNWTL,-1.008110823,1
slay_7853,PPHLSVVVIFSEERRDFIAK,-1.00808213,1
slay_7854,PITILVMPVLIVAATPTIFRL,-1.00797967,1
slay_7855,TQHFCSDCCFIPGLQYLDYH,-1.00796643,1
slay_7856,CNLCSVNKCVIPVLYHDMNT,-1.007957868,1
slay_7857,FTPCLYLPLCDCPFSFYSQFL,-1.007939879,1
slay_7858,IVGHSYYIT,-1.007847524,1
slay_7859,LLMPYGHPFHCFP,-1.0077933,1
slay_7860,QGSFYCTPYPDYIYSHIVTP,-1.007665601,1
slay_7861,VPFGAIDCVTNIPLYLLTLF,-1.007517616,1
slay_7862,QTMECSFLILPRNCQGVYYL,-1.007443011,1
slay_7863,RSCRYLFEPFMTSNESSTWI,-1.007192936,1
slay_7864,IHPVFFNSTNIHCYTDTYSL,-1.007099186,1
slay_7865,SRRPSPNAWHRYHPPPATVD,-1.007070401,1
slay_7866,RKHGQDRCMAGTHTPFYVLL,-1.00692034,1
slay_7867,PFYCNPFCLYPRCSSSYLGP,-1.006919637,1
slay_7868,PTYGLTGSQSFGPDTRSSPG,-1.006848411,1
slay_7869,NLNHSSSSTIPSGCARFYIA,-1.006847172,1
slay_7870,RNTVGHAVGPRLQVSMAANR,-1.006803256,1
slay_7871,YWNLLSKGLYLACGLISAAY,-1.00674227,1
slay_7872,RRGAGLYTTTFGADPFHQND,-1.006721696,1
slay_7873,TVRNHGHCLPWPDWTIADRL,-1.006667712,1
slay_7874,SPPSCRELITMCYALAAHVM,-1.006525932,1
slay_7875,WHVQCCFLDYYNSSQITHRI,-1.006511296,1
slay_7876,YFYTSSAPRNP,-1.006463755,1
slay_7877,NTSHCPVQYTSLNEGLVISL,-1.006360009,1
slay_7878,ARWTPGST,-1.006343956,1
slay_7879,SAKRPIYISAFHSTNNWHPP,-1.006209161,1
slay_7880,CRA,-1.006208471,1
slay_7881,HFFHSPRFKCCNSTITIAAR,-1.006178477,1
slay_7882,LPIHLCNPYKLLNHLTYDAR,-1.005930513,1
slay_7883,PPLLILCCAAATPNHFRATR,-1.00590082,1
slay_7884,RPFRVTPNIPRPYPWPCRAD,-1.005878205,1
slay_7885,SECTPHAVTRRLATYNAHEY,-1.005873953,1
slay_7886,AVRYNPCRPPRALLYPNDVA,-1.005771716,1
slay_7887,PPCMLRVPYSWRSHYVENYY,-1.005729953,1
slay_7888,WPICPYNNFSRVPKG,-1.005634065,1
slay_7889,HGEPYHCDTHNLPIATLDRF,-1.005536546,1
slay_7890,SHQAHPFSINRPCLHTLWVA,-1.005423017,1
slay_7891,DNSPSKTNHCETYTDESDQH,-1.005405606,1
slay_7892,CTSPRTFLCCPYHYDSHYVP,-1.005313086,1
slay_7893,SSHCAGPSAKIRANY,-1.00530261,1
slay_7894,YWMRGVLSLMTKLFHHRGKI,-1.005278396,1
slay_7895,DGPNIIRHAVPHNMCWRQHY,-1.005081859,1
slay_7896,SDPFSSLRAVLGGCLSAYLY,-1.004966644,1
slay_7897,CYSHKDYVRLSSIILYFLLT,-1.004688587,1
slay_7898,QSACWATDLRVIPFPLIGHN,-1.004645673,1
slay_7899,CNTFHYYLATESNKSADVRPN,-1.004607439,1
slay_7900,TSILTVVPFTPLGYILRPLPP,-1.004606419,1
slay_7901,TFHSPFTLRTGMFRILRLIFN,-1.004425025,1
slay_7903,VPFHGSYIQGLLPRSFHLTE,-1.004406632,1
slay_7904,YCRPRVNKHDPASCMNCLFN,-1.004395731,1
slay_7905,EASTQSHTLNSQINCILL,-1.004336257,1
slay_7906,SLILASFTDRPEQDCSVHLF,-1.004186105,1
slay_7907,PLLEMFVPRTYQPFHRSLHK,-1.004021548,1
slay_7908,MAIHDCIRLNYLRNNLCSAL,-1.003870185,1
slay_7909,RRSRSTFSSHTRSFCNDCYG,-1.003825966,1
slay_7910,TGINDHAHSAFFGSNTRLTS,-1.003672295,1
slay_7911,GQSCLSPNITWDKIIRLLHI,-1.003627956,1
slay_7912,NCNIVTRNCVCCVPYCPSRL,-1.003598518,1
slay_7913,NSFTG,-1.003525465,1
slay_7914,ARCATRTMRCINLSSATNTCN,-1.003504388,1
slay_7915,CPIRGLLFNTVPLPDLIAIR,-1.003452794,1
slay_7916,WGQRFCCPTTKMAVSNSHGF,-1.003396263,1
slay_7917,MRVPSFPIPFGLHTNNLGNE,-1.003377636,1
slay_7918,ADHSPTISIGRVSISVVVYY,-1.003342954,1
slay_7919,HTDLQRTDFQLIAMRAHVLC,-1.003291883,1
slay_7920,MTYSPCWAPSRFYYPKRFLN,-1.003284291,1
slay_7921,TNEYMRGPSIWLPYCAFLIV,-1.003163547,1
slay_7922,LIYRSWGFNCLFNLYVVCVN,-1.003095862,1
slay_7923,FLRSCVNNLFRDR,-1.002856457,1
slay_7924,FSPYATHCRTFEYFTRGTLSN,-1.002813516,1
slay_7925,MLDNRGGVPLPNSRGPYCTA,-1.002771176,1
slay_7926,KHGIVGDLSMCISGNIS,-1.002770444,1
slay_7927,PAHPSAHSTCNCFLSGNCRR,-1.002764111,1
slay_7928,TPANLNCSTLPWSHYNYNIR,-1.002726914,1
slay_7929,SSPRPNTTYVGLPSCPHNYP,-1.002638114,1
slay_7930,QPHGLSHSSLNSFFKPRRFD,-1.002406682,1
slay_7931,VPLTTFDCPF,-1.002353381,1
slay_7932,NSTPAPPYDPHYLCSLVLSI,-1.002252978,1
slay_7933,FIVHHLRCVGQIILSLLEDA,-1.002098761,1
slay_7934,PLSAAGLYEPYSSFPPFMCR,-1.001983597,1
slay_7935,TCKIGMHDILQHAILIMHSP,-1.001982054,1
slay_7936,SRTYLTTNVNYIRGTCHTFTD,-1.001962535,1
slay_7937,LYTLI,-1.00194693,1
slay_7938,LSLPFSLRCTPLAHHV,-1.001898011,1
slay_7939,IKFMETFNDSIFLINHNPRN,-1.001896804,1
slay_7940,RQYPTMAAPHHRSNCASALP,-1.001838688,1
slay_7941,YLTHPSIECLMHHYSFHNHT,-1.001657708,1
slay_7942,SPRVRSIDCWLHNKYSLY,-1.001650748,1
slay_7943,PGRTEALPSFRTLCSLPYFL,-1.001632813,1
slay_7944,SPPANVPRLRSDVCFNHGPS,-1.001630891,1
slay_7945,DVSTLCLTLLSNNHYKICQV,-1.001624032,1
slay_7946,FLRLIGALPQCITRPLHNPP,-1.001607972,1
slay_7947,PIQ,-1.001577641,1
slay_7948,YYYARNVNSAIHTNNISNAV,-1.001547285,1
slay_7949,SAVRNPHCALDYWAGSCYCY,-1.001537489,1
slay_7950,WCVPVFGFATYSIYCLPFSA,-1.001473139,1
slay_7951,PDPVPWGLRFFQLPPCSRLD,-1.001379959,1
slay_7952,MIVPYSENYGYYLCCCALSA,-1.001197788,1
slay_7953,RSCTLFGDKCIVCLCRFGRE,-1.001172462,1
slay_7954,TRCTIMPYWDIYRSPTYIIL,-1.001144973,1
slay_7955,QSPWSWLSCLKRTLISTLAE,-1.001104115,1
slay_7956,SAVPLINFPNHNNSLIIFIH,-1.001068123,1
slay_7957,PSNCPIFNDGTYTNHLQKST,-1.000949457,1
slay_7958,HIARLHRIANCIKMFVANYR,-1.000908516,1
slay_7959,RRPCYSSYYLFM,-1.000844787,1
slay_7960,SHDPLWYADAFERFLMMRIC,-1.000767108,1
slay_7961,DYSPEKQYTPQNNTLNCLVV,-1.000586537,1
slay_7962,SVYSHEMNSSRPGCTNSIFN,-1.000515222,1
slay_7963,YHIVGYKVTYAKDNIIA,-1.00051316,1
slay_7964,LCWIQCKKP,-1.000201638,1
slay_7965,HSFMPNCFL,-1.000076726,1
slay_7966,KHRFITRIYVHYIVFTCMAR,-1.000064364,1
slay_7967,LACPSSLFPLYLVQFTTDIW,-1.000056118,1
