,strain,strain,species,genus,family,order,class,phylum,superkingdom,species group,clade,no rank,subspecies,serotype,subphylum,subkingdom,kingdom,serogroup,species subgroup,subgenus,subclass
Escherichia coli,Escherichia coli,Escherichia coli (strain ATCC 55124 / KO11FL),Escherichia coli,Escherichia,Enterobacteriaceae,Enterobacterales,Gammaproteobacteria,Pseudomonadota,Bacteria,,,,,,,,,,,,
Bacillus cereus,Bacillus cereus,Bacillus cereus (strain ZK / E33L),Bacillus cereus,Bacillus,Bacillaceae,Bacillales,Bacilli,Bacillota,Bacteria,Bacillus cereus group,Terrabacteria group,,,,,,,,,,
Staphylococcus aureus,Staphylococcus aureus,Staphylococcus aureus (strain TW20 / 0582),Staphylococcus aureus,Staphylococcus,Staphylococcaceae,Bacillales,Bacilli,Bacillota,Bacteria,,Terrabacteria group,,,,,,,,,,
Enterococcus faecalis ATCC 29212,Enterococcus faecalis ATCC 29212,Enterococcus faecalis ATCC 29212,Enterococcus faecalis,Enterococcus,Enterococcaceae,Lactobacillales,Bacilli,Bacillota,Bacteria,,Terrabacteria group,,,,,,,,,,
Listeria ivanovii ATCC 19119,Listeria ivanovii ATCC 19119,,Listeria ivanovii,Listeria,Listeriaceae,Bacillales,Bacilli,Bacillota,Bacteria,,Terrabacteria group,,,,,,,,,,
Staphylococcus aureus ATCC 25923,Staphylococcus aureus ATCC 25923,,Staphylococcus aureus,Staphylococcus,Staphylococcaceae,Bacillales,Bacilli,Bacillota,Bacteria,,Terrabacteria group,,,,,,,,,,
Escherichia coli ATCC 25922,Escherichia coli ATCC 25922,Escherichia coli (strain ATCC 25922 / DSM 1103 / LMG 8223 / NCIMB 12210 / NCTC 12241 / WDCM 00013 / Seattle 1946),Escherichia coli,Escherichia,Enterobacteriaceae,Enterobacterales,Gammaproteobacteria,Pseudomonadota,Bacteria,,,,,,,,,,,,
Pseudomonas aeruginosa ATCC 27853,Pseudomonas aeruginosa ATCC 27853,,Pseudomonas aeruginosa,Pseudomonas,Pseudomonadaceae,Pseudomonadales,Gammaproteobacteria,Pseudomonadota,Bacteria,Pseudomonas aeruginosa group,,,,,,,,,,,
Staphylococcus aureus CVCC 546,Staphylococcus aureus CVCC 546,Staphylococcus aureus (strain TW20 / 0582),Staphylococcus aureus,Staphylococcus,Staphylococcaceae,Bacillales,Bacilli,Bacillota,Bacteria,,Terrabacteria group,,,,,,,,,,
Staphylococcus aureus CVCC 3051,Staphylococcus aureus CVCC 3051,Staphylococcus aureus (strain TW20 / 0582),Staphylococcus aureus,Staphylococcus,Staphylococcaceae,Bacillales,Bacilli,Bacillota,Bacteria,,Terrabacteria group,,,,,,,,,,
Staphylococcus aureus ATCC 43300,Staphylococcus aureus ATCC 43300,Staphylococcus aureus (strain TW20 / 0582),Staphylococcus aureus,Staphylococcus,Staphylococcaceae,Bacillales,Bacilli,Bacillota,Bacteria,,Terrabacteria group,,,,,,,,,,
Streptococcus suis CVCC 3928,Streptococcus suis CVCC 3928,Streptococcus suis NCTC 10446,Streptococcus suis,Streptococcus,Streptococcaceae,Lactobacillales,Bacilli,Bacillota,Bacteria,,Terrabacteria group,,,,,,,,,,
Streptococcus suis CVCC 606,Streptococcus suis CVCC 606,Streptococcus suis NCTC 10446,Streptococcus suis,Streptococcus,Streptococcaceae,Lactobacillales,Bacilli,Bacillota,Bacteria,,Terrabacteria group,,,,,,,,,,
Streptococcus pneumoniae CGMCC 1.8722,Streptococcus pneumoniae CGMCC 1.8722,Streptococcus pneumoniae serotype 2 (strain D39 / NCTC 7466),Streptococcus pneumoniae,Streptococcus,Streptococcaceae,Lactobacillales,Bacilli,Bacillota,Bacteria,,Terrabacteria group,,,,,,,,,,
Salmonella enterica subsp. enterica serovar Pullorum CVCC 1789,Salmonella enterica subsp. enterica serovar Pullorum CVCC 1789,,Salmonella enterica,Salmonella,Enterobacteriaceae,Enterobacterales,Gammaproteobacteria,Pseudomonadota,Bacteria,,,Salmonella muenchen,Salmonella enterica I,,,,,,,,
Salmonella enterica subsp. enterica serovar Pullorum CVCC 1802,Salmonella enterica subsp. enterica serovar Pullorum CVCC 1802,,Salmonella enterica,Salmonella,Enterobacteriaceae,Enterobacterales,Gammaproteobacteria,Pseudomonadota,Bacteria,,,Salmonella muenchen,Salmonella enterica I,,,,,,,,
Escherichia coli CVCC 195,Escherichia coli CVCC 195,Escherichia coli (strain ATCC 55124 / KO11FL),Escherichia coli,Escherichia,Enterobacteriaceae,Enterobacterales,Gammaproteobacteria,Pseudomonadota,Bacteria,,,,,,,,,,,,
Escherichia coli O157,Escherichia coli O157,,Escherichia coli,Escherichia,Enterobacteriaceae,Enterobacterales,Gammaproteobacteria,Pseudomonadota,Bacteria,,,,,Escherichia coli O157:H7,,,,,,,
Escherichia coli UB1005,Escherichia coli UB1005,Escherichia coli (strain ATCC 55124 / KO11FL),Escherichia coli,Escherichia,Enterobacteriaceae,Enterobacterales,Gammaproteobacteria,Pseudomonadota,Bacteria,,,,,,,,,,,,
Salmonella enterica subsp. enterica serovar Typhimurium ATCC 14028,Salmonella enterica subsp. enterica serovar Typhimurium ATCC 14028,Salmonella enterica subsp. enterica serovar Typhimurium str. ATCC 14028,Salmonella enterica,Salmonella,Enterobacteriaceae,Enterobacterales,Gammaproteobacteria,Pseudomonadota,Bacteria,,,Salmonella typhimurium,Salmonella enterica I,,,,,,,,
Salmonella enterica subsp. enterica serovar Pullorum C79-13,Salmonella enterica subsp. enterica serovar Pullorum C79-13,,Salmonella enterica,Salmonella,Enterobacteriaceae,Enterobacterales,Gammaproteobacteria,Pseudomonadota,Bacteria,,,Salmonella muenchen,Salmonella enterica I,,,,,,,,
Escherichia coli K88,Escherichia coli K88,,Escherichia coli,Escherichia,Enterobacteriaceae,Enterobacterales,Gammaproteobacteria,Pseudomonadota,Bacteria,,,,,,,,,,,,
Escherichia coli K99,Escherichia coli K99,Escherichia coli (strain ATCC 55124 / KO11FL),Escherichia coli,Escherichia,Enterobacteriaceae,Enterobacterales,Gammaproteobacteria,Pseudomonadota,Bacteria,,,,,,,,,,,,
Escherichia coli 078,Escherichia coli 078,Escherichia coli (strain ATCC 55124 / KO11FL),Escherichia coli,Escherichia,Enterobacteriaceae,Enterobacterales,Gammaproteobacteria,Pseudomonadota,Bacteria,,,,,,,,,,,,
Salmonella enterica subsp. enterica serovar Typhimurium C77-31,Salmonella enterica subsp. enterica serovar Typhimurium C77-31,,Salmonella enterica,Salmonella,Enterobacteriaceae,Enterobacterales,Gammaproteobacteria,Pseudomonadota,Bacteria,,,Salmonella muenchen,Salmonella enterica I,,,,,,,,
Staphylococcus epidermidis ATCC 12228,Staphylococcus epidermidis ATCC 12228,Staphylococcus epidermidis (strain ATCC 12228 / FDA PCI 1200),Staphylococcus epidermidis,Staphylococcus,Staphylococcaceae,Bacillales,Bacilli,Bacillota,Bacteria,,Terrabacteria group,,,,,,,,,,
Bacillus subtilis CMCC 63501,Bacillus subtilis CMCC 63501,Bacillus subtilis (strain 168),Bacillus subtilis,Bacillus,Bacillaceae,Bacillales,Bacilli,Bacillota,Bacteria,Bacillus subtilis group,Terrabacteria group,,Bacillus subtilis subsp. subtilis,,,,,,,,
Listeria monocytogenes CGMCC 1.1075,Listeria monocytogenes CGMCC 1.1075,Listeria monocytogenes serotype 1/2a (strain 10403S),Listeria monocytogenes,Listeria,Listeriaceae,Bacillales,Bacilli,Bacillota,Bacteria,,Terrabacteria group,,,,,,,,,,
Staphylococcus aureus ATCC 29213,Staphylococcus aureus ATCC 29213,Staphylococcus aureus (strain TW20 / 0582),Staphylococcus aureus,Staphylococcus,Staphylococcaceae,Bacillales,Bacilli,Bacillota,Bacteria,,Terrabacteria group,,,,,,,,,,
Escherichia coli ATCC BAA-1025,Escherichia coli ATCC BAA-1025,Escherichia coli (strain ATCC 55124 / KO11FL),Escherichia coli,Escherichia,Enterobacteriaceae,Enterobacterales,Gammaproteobacteria,Pseudomonadota,Bacteria,,,,,,,,,,,,
Staphylococcus aureus ATCC 25904,Staphylococcus aureus ATCC 25904,,Staphylococcus aureus,Staphylococcus,Staphylococcaceae,Bacillales,Bacilli,Bacillota,Bacteria,,Terrabacteria group,,,,,,,,,,
Klebsiella pneumoniae ATCC 27736,Klebsiella pneumoniae ATCC 27736,Klebsiella pneumoniae (strain 342),Klebsiella pneumoniae,Klebsiella,Enterobacteriaceae,Enterobacterales,Gammaproteobacteria,Pseudomonadota,Bacteria,,,Klebsiella/Raoultella group,,,,,,,,,
Pseudomonas aeruginosa ATCC 47085,Pseudomonas aeruginosa ATCC 47085,Pseudomonas aeruginosa HB13,Pseudomonas aeruginosa,Pseudomonas,Pseudomonadaceae,Pseudomonadales,Gammaproteobacteria,Pseudomonadota,Bacteria,Pseudomonas aeruginosa group,,,,,,,,,,,
Staphylococcus aureus ATCC BAA-1717,Staphylococcus aureus ATCC BAA-1717,Staphylococcus aureus (strain TW20 / 0582),Staphylococcus aureus,Staphylococcus,Staphylococcaceae,Bacillales,Bacilli,Bacillota,Bacteria,,Terrabacteria group,,,,,,,,,,
Pseudomonas aeruginosa Ps4,Pseudomonas aeruginosa Ps4,Pseudomonas aeruginosa HB13,Pseudomonas aeruginosa,Pseudomonas,Pseudomonadaceae,Pseudomonadales,Gammaproteobacteria,Pseudomonadota,Bacteria,Pseudomonas aeruginosa group,,,,,,,,,,,
Escherichia coli MG1655,Escherichia coli MG1655,Escherichia coli (strain K12),Escherichia coli,Escherichia,Enterobacteriaceae,Enterobacterales,Gammaproteobacteria,Pseudomonadota,Bacteria,,,Escherichia coli str. K-12 substr. MG1655,,,,,,,,,
Bacillus subtilis 168 HT,Bacillus subtilis 168 HT,Bacillus subtilis (strain 168),Bacillus subtilis,Bacillus,Bacillaceae,Bacillales,Bacilli,Bacillota,Bacteria,Bacillus subtilis group,Terrabacteria group,,Bacillus subtilis subsp. subtilis,,,,,,,,
Escherichia coli ML-35,Escherichia coli ML-35,Escherichia coli (strain ATCC 55124 / KO11FL),Escherichia coli,Escherichia,Enterobacteriaceae,Enterobacterales,Gammaproteobacteria,Pseudomonadota,Bacteria,,,,,,,,,,,,
Escherichia coli D21,Escherichia coli D21,Escherichia coli (strain ATCC 55124 / KO11FL),Escherichia coli,Escherichia,Enterobacteriaceae,Enterobacterales,Gammaproteobacteria,Pseudomonadota,Bacteria,,,,,,,,,,,,
Serratia marcescens ATCC 8100,Serratia marcescens ATCC 8100,Serratia marcescens subsp. marcescens ATCC 13880,Serratia marcescens,Serratia,Yersiniaceae,Enterobacterales,Gammaproteobacteria,Pseudomonadota,Bacteria,,,,,,,,,,,,
Bacillus megaterium Bm11,Bacillus megaterium Bm11,Priestia megaterium (strain DSM 319 / IMG 1521),Priestia megaterium,Priestia,Bacillaceae,Bacillales,Bacilli,Bacillota,Bacteria,,Terrabacteria group,,,,,,,,,,
Escherichia coli 780,Escherichia coli 780,Escherichia coli (strain ATCC 55124 / KO11FL),Escherichia coli,Escherichia,Enterobacteriaceae,Enterobacterales,Gammaproteobacteria,Pseudomonadota,Bacteria,,,,,,,,,,,,
Escherichia coli 804,Escherichia coli 804,Escherichia coli (strain ATCC 55124 / KO11FL),Escherichia coli,Escherichia,Enterobacteriaceae,Enterobacterales,Gammaproteobacteria,Pseudomonadota,Bacteria,,,,,,,,,,,,
Staphylococcus aureus 725,Staphylococcus aureus 725,Staphylococcus aureus (strain TW20 / 0582),Staphylococcus aureus,Staphylococcus,Staphylococcaceae,Bacillales,Bacilli,Bacillota,Bacteria,,Terrabacteria group,,,,,,,,,,
Staphylococcus aureus 936,Staphylococcus aureus 936,Staphylococcus aureus (strain TW20 / 0582),Staphylococcus aureus,Staphylococcus,Staphylococcaceae,Bacillales,Bacilli,Bacillota,Bacteria,,Terrabacteria group,,,,,,,,,,
Acinetobacter baumannii ATCC 19606,Acinetobacter baumannii ATCC 19606,Acinetobacter baumannii (strain ATCC 19606 / DSM 30007 / JCM 6841 / CCUG 19606 / CIP 70.34 / NBRC 109757 / NCIMB 12457 / NCTC 12156 / 81),Acinetobacter baumannii,Acinetobacter,Moraxellaceae,Moraxellales,Gammaproteobacteria,Pseudomonadota,Bacteria,Acinetobacter calcoaceticus/baumannii complex,,,,,,,,,,,
Staphylococcus aureus ATCC 33591,Staphylococcus aureus ATCC 33591,Staphylococcus aureus (strain TW20 / 0582),Staphylococcus aureus,Staphylococcus,Staphylococcaceae,Bacillales,Bacilli,Bacillota,Bacteria,,Terrabacteria group,,,,,,,,,,
Enterococcus faecium ATCC 700221,Enterococcus faecium ATCC 700221,,Enterococcus sp. EnGen0037,Enterococcus,Enterococcaceae,Lactobacillales,Bacilli,Bacillota,Bacteria,,Terrabacteria group,unclassified Enterococcus,,,,,,,,,
Bacillus subtilis,Bacillus subtilis,Bacillus subtilis (strain 168),Bacillus subtilis,Bacillus,Bacillaceae,Bacillales,Bacilli,Bacillota,Bacteria,Bacillus subtilis group,Terrabacteria group,,Bacillus subtilis subsp. subtilis,,,,,,,,
Streptococcus pyogenes ATCC 19615,Streptococcus pyogenes ATCC 19615,Streptococcus pyogenes serotype M6 (strain ATCC BAA-946 / MGAS10394),Streptococcus pyogenes,Streptococcus,Streptococcaceae,Lactobacillales,Bacilli,Bacillota,Bacteria,,Terrabacteria group,,,Streptococcus pyogenes serotype M6,,,,,,,
Escherichia coli BL21,Escherichia coli BL21,Escherichia coli (strain B / BL21),Escherichia coli,Escherichia,Enterobacteriaceae,Enterobacterales,Gammaproteobacteria,Pseudomonadota,Bacteria,,,,,,,,,,,,
Klebsiella pneumoniae ATCC 13883,Klebsiella pneumoniae ATCC 13883,,Klebsiella pneumoniae,Klebsiella,Enterobacteriaceae,Enterobacterales,Gammaproteobacteria,Pseudomonadota,Bacteria,,,Klebsiella/Raoultella group,,,,,,,,,
Escherichia coli K-12,Escherichia coli K-12,Escherichia coli (strain K12),Escherichia coli,Escherichia,Enterobacteriaceae,Enterobacterales,Gammaproteobacteria,Pseudomonadota,Bacteria,,,,,,,,,,,,
Staphylococcus aureus ATCC 12600,Staphylococcus aureus ATCC 12600,,Staphylococcus aureus,Staphylococcus,Staphylococcaceae,Bacillales,Bacilli,Bacillota,Bacteria,,Terrabacteria group,,,,,,,,,,
Bacillus subtilis ATCC 23857,Bacillus subtilis ATCC 23857,Bacillus subtilis (strain 168),Bacillus subtilis,Bacillus,Bacillaceae,Bacillales,Bacilli,Bacillota,Bacteria,Bacillus subtilis group,Terrabacteria group,,Bacillus subtilis subsp. subtilis,,,,,,,,
Klebsiella oxytoca,Klebsiella oxytoca,Klebsiella oxytoca KOX105,Klebsiella oxytoca,Klebsiella,Enterobacteriaceae,Enterobacterales,Gammaproteobacteria,Pseudomonadota,Bacteria,,,Klebsiella/Raoultella group,,,,,,,,,
Citrobacter freundii,Citrobacter freundii,Citrobacter freundii ATCC 8090 = MTCC 1658 = NBRC 12681,Citrobacter freundii,Citrobacter,Enterobacteriaceae,Enterobacterales,Gammaproteobacteria,Pseudomonadota,Bacteria,Citrobacter freundii complex,,,,,,,,,,,
Klebsiella pneumoniae NDM-1,Klebsiella pneumoniae NDM-1,Klebsiella pneumoniae (strain 342),Klebsiella pneumoniae,Klebsiella,Enterobacteriaceae,Enterobacterales,Gammaproteobacteria,Pseudomonadota,Bacteria,,,Klebsiella/Raoultella group,,,,,,,,,
Morganella morganii,Morganella morganii,Morganella morganii subsp. morganii KT,Morganella morganii,Morganella,Morganellaceae,Enterobacterales,Gammaproteobacteria,Pseudomonadota,Bacteria,,,,Morganella morganii subsp. morganii,,,,,,,,
Enterobacter cloacae,Enterobacter cloacae,Enterobacter hormaechei subsp. hoffmannii ECR091,Enterobacter hormaechei,Enterobacter,Enterobacteriaceae,Enterobacterales,Gammaproteobacteria,Pseudomonadota,Bacteria,Enterobacter cloacae complex,,,Enterobacter hormaechei subsp. hoffmannii,,,,,,,,
Enterococcus faecalis,Enterococcus faecalis,Enterococcus faecalis EnGen0207,Enterococcus faecalis,Enterococcus,Enterococcaceae,Lactobacillales,Bacilli,Bacillota,Bacteria,,Terrabacteria group,,,,,,,,,,
Staphylococcus aureus ATCC 1717,Staphylococcus aureus ATCC 1717,Staphylococcus aureus (strain TW20 / 0582),Staphylococcus aureus,Staphylococcus,Staphylococcaceae,Bacillales,Bacilli,Bacillota,Bacteria,,Terrabacteria group,,,,,,,,,,
Candida albicans,Candida albicans,Candida albicans (strain SC5314 / ATCC MYA-2876),Candida albicans,Candida,Debaryomycetaceae,Saccharomycetales,Saccharomycetes,Ascomycota,Eukaryota,,Opisthokonta,,,,Saccharomycotina,Dikarya,Fungi,,,,
Escherichia coli ML-35p,Escherichia coli ML-35p,Escherichia coli (strain ATCC 55124 / KO11FL),Escherichia coli,Escherichia,Enterobacteriaceae,Enterobacterales,Gammaproteobacteria,Pseudomonadota,Bacteria,,,,,,,,,,,,
Acinetobacter baumannii 7226/16,Acinetobacter baumannii 7226/16,Acinetobacter baumannii (strain ACICU),Acinetobacter baumannii,Acinetobacter,Moraxellaceae,Moraxellales,Gammaproteobacteria,Pseudomonadota,Bacteria,Acinetobacter calcoaceticus/baumannii complex,,,,,,,,,,,
Klebsiella pneumoniae ESBL 344/17,Klebsiella pneumoniae ESBL 344/17,Klebsiella pneumoniae (strain 342),Klebsiella pneumoniae,Klebsiella,Enterobacteriaceae,Enterobacterales,Gammaproteobacteria,Pseudomonadota,Bacteria,,,Klebsiella/Raoultella group,,,,,,,,,
Pseudomonas aeruginosa 522/17,Pseudomonas aeruginosa 522/17,Pseudomonas aeruginosa HB13,Pseudomonas aeruginosa,Pseudomonas,Pseudomonadaceae,Pseudomonadales,Gammaproteobacteria,Pseudomonadota,Bacteria,Pseudomonas aeruginosa group,,,,,,,,,,,
Escherichia coli ESBL 521/17,Escherichia coli ESBL 521/17,Escherichia coli (strain ATCC 55124 / KO11FL),Escherichia coli,Escherichia,Enterobacteriaceae,Enterobacterales,Gammaproteobacteria,Pseudomonadota,Bacteria,,,,,,,,,,,,
Staphylococcus aureus 1399/17,Staphylococcus aureus 1399/17,Staphylococcus aureus (strain TW20 / 0582),Staphylococcus aureus,Staphylococcus,Staphylococcaceae,Bacillales,Bacilli,Bacillota,Bacteria,,Terrabacteria group,,,,,,,,,,
Staphylococcus aureus SG511,Staphylococcus aureus SG511,,Staphylococcus aureus,Staphylococcus,Staphylococcaceae,Bacillales,Bacilli,Bacillota,Bacteria,,Terrabacteria group,,,,,,,,,,
Salmonella enterica subsp. enterica serovar Typhimurium ATCC 14028s,Salmonella enterica subsp. enterica serovar Typhimurium ATCC 14028s,Salmonella typhimurium (strain LT2 / SGSC1412 / ATCC 700720),Salmonella enterica,Salmonella,Enterobacteriaceae,Enterobacterales,Gammaproteobacteria,Pseudomonadota,Bacteria,,,Salmonella typhimurium,Salmonella enterica I,,,,,,,,
Salmonella enterica serovar typhimurium MS7953s,Salmonella enterica serovar typhimurium MS7953s,,Salmonella enterica,Salmonella,Enterobacteriaceae,Enterobacterales,Gammaproteobacteria,Pseudomonadota,Bacteria,,,Salmonella muenchen,Salmonella enterica I,,,,,,,,
Pseudomonas aeruginosa K799,Pseudomonas aeruginosa K799,Pseudomonas aeruginosa HB13,Pseudomonas aeruginosa,Pseudomonas,Pseudomonadaceae,Pseudomonadales,Gammaproteobacteria,Pseudomonadota,Bacteria,Pseudomonas aeruginosa group,,,,,,,,,,,
Pseudomonas aeruginosa Z61,Pseudomonas aeruginosa Z61,Pseudomonas aeruginosa Z61,Pseudomonas aeruginosa,Pseudomonas,Pseudomonadaceae,Pseudomonadales,Gammaproteobacteria,Pseudomonadota,Bacteria,Pseudomonas aeruginosa group,,,,,,,,,,,
Staphylococcus epidermidis C621,Staphylococcus epidermidis C621,Staphylococcus epidermidis (strain ATCC 35984 / DSM 28319 / BCRC 17069 / CCUG 31568 / BM 3577 / RP62A),Staphylococcus epidermidis,Staphylococcus,Staphylococcaceae,Bacillales,Bacilli,Bacillota,Bacteria,,Terrabacteria group,,,,,,,,,,
Escherichia coli NCTC 12923,Escherichia coli NCTC 12923,Escherichia coli (strain ATCC 55124 / KO11FL),Escherichia coli,Escherichia,Enterobacteriaceae,Enterobacterales,Gammaproteobacteria,Pseudomonadota,Bacteria,,,,,,,,,,,,
Escherichia coli LEC001,Escherichia coli LEC001,Escherichia coli (strain ATCC 55124 / KO11FL),Escherichia coli,Escherichia,Enterobacteriaceae,Enterobacterales,Gammaproteobacteria,Pseudomonadota,Bacteria,,,,,,,,,,,,
Pseudomonas aeruginosa PAO1,Pseudomonas aeruginosa PAO1,Pseudomonas aeruginosa (strain ATCC 15692 / DSM 22644 / CIP 104116 / JCM 14847 / LMG 12228 / 1C / PRS 101 / PAO1),Pseudomonas aeruginosa,Pseudomonas,Pseudomonadaceae,Pseudomonadales,Gammaproteobacteria,Pseudomonadota,Bacteria,Pseudomonas aeruginosa group,,,,,,,,,,,
Pseudomonas aeruginosa NCTC 13437,Pseudomonas aeruginosa NCTC 13437,Pseudomonas aeruginosa HB13,Pseudomonas aeruginosa,Pseudomonas,Pseudomonadaceae,Pseudomonadales,Gammaproteobacteria,Pseudomonadota,Bacteria,Pseudomonas aeruginosa group,,,,,,,,,,,
Acinetobacter baumannii ATCC 17978,Acinetobacter baumannii ATCC 17978,Acinetobacter baumannii (strain ATCC 17978 / DSM 105126 / CIP 53.77 / LMG 1025 / NCDC KC755 / 5377),Acinetobacter baumannii,Acinetobacter,Moraxellaceae,Moraxellales,Gammaproteobacteria,Pseudomonadota,Bacteria,Acinetobacter calcoaceticus/baumannii complex,,,,,,,,,,,
Acinetobacter baumannii AYE,Acinetobacter baumannii AYE,Acinetobacter baumannii (strain AYE),Acinetobacter baumannii,Acinetobacter,Moraxellaceae,Moraxellales,Gammaproteobacteria,Pseudomonadota,Bacteria,Acinetobacter calcoaceticus/baumannii complex,,,,,,,,,,,
Klebsiella pneumoniae M6,Klebsiella pneumoniae M6,Klebsiella pneumoniae (strain 342),Klebsiella pneumoniae,Klebsiella,Enterobacteriaceae,Enterobacterales,Gammaproteobacteria,Pseudomonadota,Bacteria,,,Klebsiella/Raoultella group,,,,,,,,,
Klebsiella pneumoniae NCTC 13368,Klebsiella pneumoniae NCTC 13368,Klebsiella pneumoniae (strain 342),Klebsiella pneumoniae,Klebsiella,Enterobacteriaceae,Enterobacterales,Gammaproteobacteria,Pseudomonadota,Bacteria,,,Klebsiella/Raoultella group,,,,,,,,,
Staphylococcus aureus ATCC 9144,Staphylococcus aureus ATCC 9144,,Staphylococcus aureus,Staphylococcus,Staphylococcaceae,Bacillales,Bacilli,Bacillota,Bacteria,,Terrabacteria group,,,,,,,,,,
Staphylococcus aureus NCTC 13616,Staphylococcus aureus NCTC 13616,Staphylococcus aureus (strain TW20 / 0582),Staphylococcus aureus,Staphylococcus,Staphylococcaceae,Bacillales,Bacilli,Bacillota,Bacteria,,Terrabacteria group,,,,,,,,,,
Staphylococcus aureus USA 300,Staphylococcus aureus USA 300,Staphylococcus aureus (strain TW20 / 0582),Staphylococcus aureus,Staphylococcus,Staphylococcaceae,Bacillales,Bacilli,Bacillota,Bacteria,,Terrabacteria group,,,,,,,,,,
Bacillus subtilis ATCC 6633,Bacillus subtilis ATCC 6633,Bacillus spizizenii ATCC 6633 = JCM 2499,Bacillus spizizenii,Bacillus,Bacillaceae,Bacillales,Bacilli,Bacillota,Bacteria,Bacillus subtilis group,Terrabacteria group,,,,,,,,,,
Pseudomonas aeruginosa ATCC 15442,Pseudomonas aeruginosa ATCC 15442,Pseudomonas aeruginosa ATCC 15442,Pseudomonas aeruginosa,Pseudomonas,Pseudomonadaceae,Pseudomonadales,Gammaproteobacteria,Pseudomonadota,Bacteria,Pseudomonas aeruginosa group,,,,,,,,,,,
Pseudomonas aeruginosa ATCC 15692,Pseudomonas aeruginosa ATCC 15692,Pseudomonas aeruginosa (strain ATCC 15692 / DSM 22644 / CIP 104116 / JCM 14847 / LMG 12228 / 1C / PRS 101 / PAO1),Pseudomonas aeruginosa,Pseudomonas,Pseudomonadaceae,Pseudomonadales,Gammaproteobacteria,Pseudomonadota,Bacteria,Pseudomonas aeruginosa group,,,,,,,,,,,
Escherichia coli ATCC 25726,Escherichia coli ATCC 25726,Escherichia coli (strain ATCC 55124 / KO11FL),Escherichia coli,Escherichia,Enterobacteriaceae,Enterobacterales,Gammaproteobacteria,Pseudomonadota,Bacteria,,,,,,,,,,,,
Acinetobacter baumannii,Acinetobacter baumannii,Acinetobacter baumannii (strain ACICU),Acinetobacter baumannii,Acinetobacter,Moraxellaceae,Moraxellales,Gammaproteobacteria,Pseudomonadota,Bacteria,Acinetobacter calcoaceticus/baumannii complex,,,,,,,,,,,
Pseudomonas aeruginosa PA14,Pseudomonas aeruginosa PA14,Pseudomonas aeruginosa PA14,Pseudomonas aeruginosa,Pseudomonas,Pseudomonadaceae,Pseudomonadales,Gammaproteobacteria,Pseudomonadota,Bacteria,Pseudomonas aeruginosa group,,,,,,,,,,,
Escherichia coli DH5alpha,Escherichia coli DH5alpha,Escherichia coli DH5[alpha],Escherichia coli,Escherichia,Enterobacteriaceae,Enterobacterales,Gammaproteobacteria,Pseudomonadota,Bacteria,,,,,,,,,,,,
Klebsiella pneumoniae ATCC 700603,Klebsiella pneumoniae ATCC 700603,Klebsiella pneumoniae (strain 342),Klebsiella pneumoniae,Klebsiella,Enterobacteriaceae,Enterobacterales,Gammaproteobacteria,Pseudomonadota,Bacteria,,,Klebsiella/Raoultella group,,,,,,,,,
Escherichia coli ATCC 8739,Escherichia coli ATCC 8739,Escherichia coli (strain ATCC 8739 / DSM 1576 / NBRC 3972 / NCIMB 8545 / WDCM 00012 / Crooks),Escherichia coli,Escherichia,Enterobacteriaceae,Enterobacterales,Gammaproteobacteria,Pseudomonadota,Bacteria,,,,,,,,,,,,
Pseudomonas aeruginosa ATCC 9027,Pseudomonas aeruginosa ATCC 9027,Pseudomonas aeruginosa HB13,Pseudomonas aeruginosa,Pseudomonas,Pseudomonadaceae,Pseudomonadales,Gammaproteobacteria,Pseudomonadota,Bacteria,Pseudomonas aeruginosa group,,,,,,,,,,,
Staphylococcus aureus ATCC 6538,Staphylococcus aureus ATCC 6538,Staphylococcus aureus (strain TW20 / 0582),Staphylococcus aureus,Staphylococcus,Staphylococcaceae,Bacillales,Bacilli,Bacillota,Bacteria,,Terrabacteria group,,,,,,,,,,
Salmonella enterica subsp. enterica serovar Enteritidis,Salmonella enterica subsp. enterica serovar Enteritidis,Salmonella enterica subsp. enterica serovar Enteritidis str. LK5,Salmonella enterica,Salmonella,Enterobacteriaceae,Enterobacterales,Gammaproteobacteria,Pseudomonadota,Bacteria,,,Salmonella enteritidis,Salmonella enterica I,,,,,,,,
Staphylococcus pseudintermedius,Staphylococcus pseudintermedius,Staphylococcus pseudintermedius (strain ED99),Staphylococcus pseudintermedius,Staphylococcus,Staphylococcaceae,Bacillales,Bacilli,Bacillota,Bacteria,Staphylococcus intermedius group,Terrabacteria group,,,,,,,,,,
Enterococcus faecium,Enterococcus faecium,,Enterococcus sp. EnGen0037,Enterococcus,Enterococcaceae,Lactobacillales,Bacilli,Bacillota,Bacteria,,Terrabacteria group,unclassified Enterococcus,,,,,,,,,
Pseudomonas aeruginosa H103,Pseudomonas aeruginosa H103,Pseudomonas aeruginosa HB13,Pseudomonas aeruginosa,Pseudomonas,Pseudomonadaceae,Pseudomonadales,Gammaproteobacteria,Pseudomonadota,Bacteria,Pseudomonas aeruginosa group,,,,,,,,,,,
Salmonella enterica serovar Typhimurium,Salmonella enterica serovar Typhimurium,Salmonella typhimurium (strain SL1344),Salmonella enterica,Salmonella,Enterobacteriaceae,Enterobacterales,Gammaproteobacteria,Pseudomonadota,Bacteria,,,Salmonella typhimurium,Salmonella enterica I,,,,,,,,
Staphylococcus epidermidis,Staphylococcus epidermidis,Staphylococcus epidermidis (strain ATCC 35984 / DSM 28319 / BCRC 17069 / CCUG 31568 / BM 3577 / RP62A),Staphylococcus epidermidis,Staphylococcus,Staphylococcaceae,Bacillales,Bacilli,Bacillota,Bacteria,,Terrabacteria group,,,,,,,,,,
Klebsiella pneumoniae CMCC 46117,Klebsiella pneumoniae CMCC 46117,Klebsiella pneumoniae (strain 342),Klebsiella pneumoniae,Klebsiella,Enterobacteriaceae,Enterobacterales,Gammaproteobacteria,Pseudomonadota,Bacteria,,,Klebsiella/Raoultella group,,,,,,,,,
Pseudomonas aeruginosa,Pseudomonas aeruginosa,Pseudomonas aeruginosa HB13,Pseudomonas aeruginosa,Pseudomonas,Pseudomonadaceae,Pseudomonadales,Gammaproteobacteria,Pseudomonadota,Bacteria,Pseudomonas aeruginosa group,,,,,,,,,,,
Streptococcus agalactiae ATCC 13813,Streptococcus agalactiae ATCC 13813,Streptococcus agalactiae (strain ATCC 13813 / DSM 2134 / JCM 5671 / CCUG 4208 / LMG 14694 / NCIMB 701348 / NCTC 8181 / G19),Streptococcus agalactiae,Streptococcus,Streptococcaceae,Lactobacillales,Bacilli,Bacillota,Bacteria,,Terrabacteria group,,,,,,,,,,
Streptococcus pneumoniae ATCC 49619,Streptococcus pneumoniae ATCC 49619,,Streptococcus pneumoniae,Streptococcus,Streptococcaceae,Lactobacillales,Bacilli,Bacillota,Bacteria,,Terrabacteria group,,,,,,,,,,
Salmonella enterica subsp. enterica serovar Choleraesuis CVCC 503,Salmonella enterica subsp. enterica serovar Choleraesuis CVCC 503,,Salmonella enterica,Salmonella,Enterobacteriaceae,Enterobacterales,Gammaproteobacteria,Pseudomonadota,Bacteria,,,Salmonella muenchen,Salmonella enterica I,,,,,,,,
Streptococcus agalactiae,Streptococcus agalactiae,Streptococcus agalactiae (strain ATCC 13813 / DSM 2134 / JCM 5671 / CCUG 4208 / LMG 14694 / NCIMB 701348 / NCTC 8181 / G19),Streptococcus agalactiae,Streptococcus,Streptococcaceae,Lactobacillales,Bacilli,Bacillota,Bacteria,,Terrabacteria group,,,,,,,,,,
Escherichia coli W3110,Escherichia coli W3110,Escherichia coli (strain K12),Escherichia coli,Escherichia,Enterobacteriaceae,Enterobacterales,Gammaproteobacteria,Pseudomonadota,Bacteria,,,Escherichia coli (strain K12 / W3110 / ATCC 27325 / DSM 5911),,,,,,,,,
Acinetobacter baumannii AB5075,Acinetobacter baumannii AB5075,Acinetobacter baumannii AB5075,Acinetobacter baumannii,Acinetobacter,Moraxellaceae,Moraxellales,Gammaproteobacteria,Pseudomonadota,Bacteria,Acinetobacter calcoaceticus/baumannii complex,,,,,,,,,,,
Escherichia coli CVCC 1515,Escherichia coli CVCC 1515,Escherichia coli (strain ATCC 55124 / KO11FL),Escherichia coli,Escherichia,Enterobacteriaceae,Enterobacterales,Gammaproteobacteria,Pseudomonadota,Bacteria,,,,,,,,,,,,
Salmonella enterica subsp. enterica serovar Pullorum CVCC 533,Salmonella enterica subsp. enterica serovar Pullorum CVCC 533,,Salmonella enterica,Salmonella,Enterobacteriaceae,Enterobacterales,Gammaproteobacteria,Pseudomonadota,Bacteria,,,Salmonella muenchen,Salmonella enterica I,,,,,,,,
Salmonella enterica subsp. enterica serovar Enteritidis CVCC 3377,Salmonella enterica subsp. enterica serovar Enteritidis CVCC 3377,,Salmonella enterica,Salmonella,Enterobacteriaceae,Enterobacterales,Gammaproteobacteria,Pseudomonadota,Bacteria,,,Salmonella muenchen,Salmonella enterica I,,,,,,,,
Pseudomonas aeruginosa CICC 21630,Pseudomonas aeruginosa CICC 21630,Pseudomonas aeruginosa HB13,Pseudomonas aeruginosa,Pseudomonas,Pseudomonadaceae,Pseudomonadales,Gammaproteobacteria,Pseudomonadota,Bacteria,Pseudomonas aeruginosa group,,,,,,,,,,,
Staphylococcus aureus NCTC 10788,Staphylococcus aureus NCTC 10788,Staphylococcus aureus (strain TW20 / 0582),Staphylococcus aureus,Staphylococcus,Staphylococcaceae,Bacillales,Bacilli,Bacillota,Bacteria,,Terrabacteria group,,,,,,,,,,
Staphylococcus aureus NCTC 12493,Staphylococcus aureus NCTC 12493,Staphylococcus aureus (strain TW20 / 0582),Staphylococcus aureus,Staphylococcus,Staphylococcaceae,Bacillales,Bacilli,Bacillota,Bacteria,,Terrabacteria group,,,,,,,,,,
Klebsiella pneumoniae ATCC 43816,Klebsiella pneumoniae ATCC 43816,Klebsiella pneumoniae ATCC 43816,Klebsiella pneumoniae,Klebsiella,Enterobacteriaceae,Enterobacterales,Gammaproteobacteria,Pseudomonadota,Bacteria,,,Klebsiella/Raoultella group,,,,,,,,,
Enterococcus faecium NTCC 12697,Enterococcus faecium NTCC 12697,,Enterococcus sp. EnGen0037,Enterococcus,Enterococcaceae,Lactobacillales,Bacilli,Bacillota,Bacteria,,Terrabacteria group,unclassified Enterococcus,,,,,,,,,
Escherichia coli ATCC 11229,Escherichia coli ATCC 11229,Escherichia coli (strain ATCC 55124 / KO11FL),Escherichia coli,Escherichia,Enterobacteriaceae,Enterobacterales,Gammaproteobacteria,Pseudomonadota,Bacteria,,,,,,,,,,,,
Klebsiella pneumoniae ATCC 2357,Klebsiella pneumoniae ATCC 2357,Klebsiella pneumoniae (strain 342),Klebsiella pneumoniae,Klebsiella,Enterobacteriaceae,Enterobacterales,Gammaproteobacteria,Pseudomonadota,Bacteria,,,Klebsiella/Raoultella group,,,,,,,,,
Bacillus cereus ATCC 11778,Bacillus cereus ATCC 11778,Bacillus cereus (strain ZK / E33L),Bacillus cereus,Bacillus,Bacillaceae,Bacillales,Bacilli,Bacillota,Bacteria,Bacillus cereus group,Terrabacteria group,,,,,,,,,,
Escherichia coli ATCC 11219,Escherichia coli ATCC 11219,Escherichia coli (strain ATCC 55124 / KO11FL),Escherichia coli,Escherichia,Enterobacteriaceae,Enterobacterales,Gammaproteobacteria,Pseudomonadota,Bacteria,,,,,,,,,,,,
Pseudomonas aeruginosa ATCC 13388,Pseudomonas aeruginosa ATCC 13388,Pseudomonas aeruginosa HB13,Pseudomonas aeruginosa,Pseudomonas,Pseudomonadaceae,Pseudomonadales,Gammaproteobacteria,Pseudomonadota,Bacteria,Pseudomonas aeruginosa group,,,,,,,,,,,
Klebsiella pneumoniae ATCC 10031,Klebsiella pneumoniae ATCC 10031,,Klebsiella pneumoniae,Klebsiella,Enterobacteriaceae,Enterobacterales,Gammaproteobacteria,Pseudomonadota,Bacteria,,,Klebsiella/Raoultella group,,,,,,,,,
Escherichia coli NCTC 10418,Escherichia coli NCTC 10418,Escherichia coli (strain ATCC 55124 / KO11FL),Escherichia coli,Escherichia,Enterobacteriaceae,Enterobacterales,Gammaproteobacteria,Pseudomonadota,Bacteria,,,,,,,,,,,,
Enterococcus faecalis NCTC 12697,Enterococcus faecalis NCTC 12697,Enterococcus faecalis EnGen0207,Enterococcus faecalis,Enterococcus,Enterococcaceae,Lactobacillales,Bacilli,Bacillota,Bacteria,,Terrabacteria group,,,,,,,,,,
Candida albicans NCYC 1467,Candida albicans NCYC 1467,Candida albicans (strain SC5314 / ATCC MYA-2876),Candida albicans,Candida,Debaryomycetaceae,Saccharomycetales,Saccharomycetes,Ascomycota,Eukaryota,,Opisthokonta,,,,Saccharomycotina,Dikarya,Fungi,,,,
Klebsiella pneumoniae ATCC BAA-2146,Klebsiella pneumoniae ATCC BAA-2146,Klebsiella pneumoniae ATCC BAA-2146,Klebsiella pneumoniae,Klebsiella,Enterobacteriaceae,Enterobacterales,Gammaproteobacteria,Pseudomonadota,Bacteria,,,Klebsiella/Raoultella group,,,,,,,,,
Klebsiella pneumoniae,Klebsiella pneumoniae,Klebsiella pneumoniae (strain 342),Klebsiella pneumoniae,Klebsiella,Enterobacteriaceae,Enterobacterales,Gammaproteobacteria,Pseudomonadota,Bacteria,,,Klebsiella/Raoultella group,,,,,,,,,
Bacillus subtilis ATCC 6051,Bacillus subtilis ATCC 6051,Bacillus subtilis subsp. subtilis NCIB 3610 = ATCC 6051 = DSM 10,Bacillus subtilis,Bacillus,Bacillaceae,Bacillales,Bacilli,Bacillota,Bacteria,Bacillus subtilis group,Terrabacteria group,,Bacillus subtilis subsp. subtilis,,,,,,,,
Escherichia coli C25,Escherichia coli C25,Escherichia coli (strain ATCC 55124 / KO11FL),Escherichia coli,Escherichia,Enterobacteriaceae,Enterobacterales,Gammaproteobacteria,Pseudomonadota,Bacteria,,,,,,,,,,,,
Vibrio parahaemolyticus ATCC 17802,Vibrio parahaemolyticus ATCC 17802,,Vibrio parahaemolyticus,Vibrio,Vibrionaceae,Vibrionales,Gammaproteobacteria,Pseudomonadota,Bacteria,Vibrio harveyi group,,,,,,,,,,,
Yersinia pseudotuberculosis YPIII,Yersinia pseudotuberculosis YPIII,Yersinia pseudotuberculosis serotype O:3 (strain YPIII),Yersinia pseudotuberculosis,Yersinia,Yersiniaceae,Enterobacterales,Gammaproteobacteria,Pseudomonadota,Bacteria,Yersinia pseudotuberculosis complex,,,,,,,,,,,
Staphylococcus aureus Cowan 1,Staphylococcus aureus Cowan 1,,Staphylococcus aureus,Staphylococcus,Staphylococcaceae,Bacillales,Bacilli,Bacillota,Bacteria,,Terrabacteria group,,,,,,,,,,
Staphylococcus capitis 1,Staphylococcus capitis 1,Staphylococcus capitis SK14,Staphylococcus capitis,Staphylococcus,Staphylococcaceae,Bacillales,Bacilli,Bacillota,Bacteria,,Terrabacteria group,,,,,,,,,,
Escherichia coli DSM 1116,Escherichia coli DSM 1116,Escherichia coli (strain ATCC 9637 / CCM 2024 / DSM 1116 / LMG 11080 / NBRC 13500 / NCIMB 8666 / NRRL B-766 / W),Escherichia coli,Escherichia,Enterobacteriaceae,Enterobacterales,Gammaproteobacteria,Pseudomonadota,Bacteria,,,,,,,,,,,,
Franconibacter helveticus DSM 18390,Franconibacter helveticus DSM 18390,,Franconibacter helveticus,Franconibacter,Enterobacteriaceae,Enterobacterales,Gammaproteobacteria,Pseudomonadota,Bacteria,,,,,,,,,,,,
Bacillus subtilis DSM 347,Bacillus subtilis DSM 347,Bacillus subtilis (strain 168),Bacillus subtilis,Bacillus,Bacillaceae,Bacillales,Bacilli,Bacillota,Bacteria,Bacillus subtilis group,Terrabacteria group,,Bacillus subtilis subsp. subtilis,,,,,,,,
Staphylococcus xylosus DSM 20287,Staphylococcus xylosus DSM 20287,,Staphylococcus xylosus,Staphylococcus,Staphylococcaceae,Bacillales,Bacilli,Bacillota,Bacteria,,Terrabacteria group,,,,,,,,,,
Acinetobacter baumannii KCTC 2508,Acinetobacter baumannii KCTC 2508,,Acinetobacter baumannii,Acinetobacter,Moraxellaceae,Moraxellales,Gammaproteobacteria,Pseudomonadota,Bacteria,Acinetobacter calcoaceticus/baumannii complex,,,,,,,,,,,
Candida albicans ATCC 10231,Candida albicans ATCC 10231,,Candida albicans,Candida,Debaryomycetaceae,Saccharomycetales,Saccharomycetes,Ascomycota,Eukaryota,,Opisthokonta,,,,Saccharomycotina,Dikarya,Fungi,,,,
Streptococcus pneumoniae,Streptococcus pneumoniae,Streptococcus pneumoniae serotype 2 (strain D39 / NCTC 7466),Streptococcus pneumoniae,Streptococcus,Streptococcaceae,Lactobacillales,Bacilli,Bacillota,Bacteria,,Terrabacteria group,,,,,,,,,,
Acinetobacter baumannii ATCC 15308,Acinetobacter baumannii ATCC 15308,Acinetobacter baumannii (strain ACICU),Acinetobacter baumannii,Acinetobacter,Moraxellaceae,Moraxellales,Gammaproteobacteria,Pseudomonadota,Bacteria,Acinetobacter calcoaceticus/baumannii complex,,,,,,,,,,,
Citrobacter sp.,Citrobacter sp.,,Citrobacter sp. HPC 784,Citrobacter,Enterobacteriaceae,Enterobacterales,Gammaproteobacteria,Pseudomonadota,Bacteria,,,unclassified Citrobacter,,,,,,,,,
Staphylococcus aureus RN4220,Staphylococcus aureus RN4220,Staphylococcus aureus (strain NCTC 8325 / PS 47),Staphylococcus aureus,Staphylococcus,Staphylococcaceae,Bacillales,Bacilli,Bacillota,Bacteria,,Terrabacteria group,Staphylococcus aureus subsp. aureus RN4220,,,,,,,,,
Staphylococcus aureus MRSA-15,Staphylococcus aureus MRSA-15,Staphylococcus aureus MRSA-Lux-15,Staphylococcus aureus,Staphylococcus,Staphylococcaceae,Bacillales,Bacilli,Bacillota,Bacteria,,Terrabacteria group,,,,,,,,,,
Enterococcus faecalis JH-2-2,Enterococcus faecalis JH-2-2,Enterococcus faecalis EnGen0207,Enterococcus faecalis,Enterococcus,Enterococcaceae,Lactobacillales,Bacilli,Bacillota,Bacteria,,Terrabacteria group,,,,,,,,,,
Staphylococcus aureus ATCC BAA-1556,Staphylococcus aureus ATCC BAA-1556,Staphylococcus aureus (strain TW20 / 0582),Staphylococcus aureus,Staphylococcus,Staphylococcaceae,Bacillales,Bacilli,Bacillota,Bacteria,,Terrabacteria group,,,,,,,,,,
Klebsiella pneumoniae ATCC BAA-1705,Klebsiella pneumoniae ATCC BAA-1705,Klebsiella pneumoniae ATCC BAA-1705,Klebsiella pneumoniae,Klebsiella,Enterobacteriaceae,Enterobacterales,Gammaproteobacteria,Pseudomonadota,Bacteria,,,Klebsiella/Raoultella group,,,,,,,,,
Pseudomonas aeruginosa ATCC 27883,Pseudomonas aeruginosa ATCC 27883,Pseudomonas aeruginosa HB13,Pseudomonas aeruginosa,Pseudomonas,Pseudomonadaceae,Pseudomonadales,Gammaproteobacteria,Pseudomonadota,Bacteria,Pseudomonas aeruginosa group,,,,,,,,,,,
Pseudomonas aeruginosa ATCC 10145,Pseudomonas aeruginosa ATCC 10145,,Pseudomonas aeruginosa,Pseudomonas,Pseudomonadaceae,Pseudomonadales,Gammaproteobacteria,Pseudomonadota,Bacteria,Pseudomonas aeruginosa group,,,,,,,,,,,
Enterobacter cloacae ATCC 13047,Enterobacter cloacae ATCC 13047,Enterobacter cloacae subsp. cloacae (strain ATCC 13047 / DSM 30054 / NBRC 13535 / NCTC 10005 / WDCM 00083 / NCDC 279-56),Enterobacter cloacae,Enterobacter,Enterobacteriaceae,Enterobacterales,Gammaproteobacteria,Pseudomonadota,Bacteria,Enterobacter cloacae complex,,,Enterobacter cloacae subsp. cloacae,,,,,,,,
Enterococcus faecium ATCC 19434,Enterococcus faecium ATCC 19434,,Enterococcus faecium,Enterococcus,Enterococcaceae,Lactobacillales,Bacilli,Bacillota,Bacteria,,Terrabacteria group,,,,,,,,,,
Listeria monocytogenes ATCC 19115,Listeria monocytogenes ATCC 19115,Listeria monocytogenes ATCC 19115,Listeria monocytogenes,Listeria,Listeriaceae,Bacillales,Bacilli,Bacillota,Bacteria,,Terrabacteria group,,,,,,,,,,
Salmonella enterica subsp. enterica serovar Typhi CMCC 50071,Salmonella enterica subsp. enterica serovar Typhi CMCC 50071,,Salmonella enterica,Salmonella,Enterobacteriaceae,Enterobacterales,Gammaproteobacteria,Pseudomonadota,Bacteria,,,Salmonella muenchen,Salmonella enterica I,,,,,,,,
Salmonella enterica subsp. enterica CMCC 47020,Salmonella enterica subsp. enterica CMCC 47020,,Salmonella enterica,Salmonella,Enterobacteriaceae,Enterobacterales,Gammaproteobacteria,Pseudomonadota,Bacteria,,,Salmonella muenchen,Salmonella enterica I,,,,,,,,
Cronobacter sakazakii ATCC 29544,Cronobacter sakazakii ATCC 29544,,Cronobacter sakazakii,Cronobacter,Enterobacteriaceae,Enterobacterales,Gammaproteobacteria,Pseudomonadota,Bacteria,,,,,,,,,,,,
Staphylococcus aureus CMCC 26074,Staphylococcus aureus CMCC 26074,Staphylococcus aureus (strain TW20 / 0582),Staphylococcus aureus,Staphylococcus,Staphylococcaceae,Bacillales,Bacilli,Bacillota,Bacteria,,Terrabacteria group,,,,,,,,,,
Listeria monocytogenes CMCC 54004,Listeria monocytogenes CMCC 54004,Listeria monocytogenes serotype 1/2a (strain 10403S),Listeria monocytogenes,Listeria,Listeriaceae,Bacillales,Bacilli,Bacillota,Bacteria,,Terrabacteria group,,,,,,,,,,
Bacillus cereus CMCC 6303,Bacillus cereus CMCC 6303,Bacillus cereus (strain ZK / E33L),Bacillus cereus,Bacillus,Bacillaceae,Bacillales,Bacilli,Bacillota,Bacteria,Bacillus cereus group,Terrabacteria group,,,,,,,,,,
Escherichia coli BW25113,Escherichia coli BW25113,Escherichia coli (strain K12),Escherichia coli,Escherichia,Enterobacteriaceae,Enterobacterales,Gammaproteobacteria,Pseudomonadota,Bacteria,,,Escherichia coli BW25113,,,,,,,,,
Salmonella typhimurium,Salmonella typhimurium,Salmonella enterica subsp. enterica serovar Typhimurium str. DT104,Salmonella enterica,Salmonella,Enterobacteriaceae,Enterobacterales,Gammaproteobacteria,Pseudomonadota,Bacteria,,,Salmonella typhimurium,Salmonella enterica I,,,,,,,,
Staphylococcus aureus ATCC BAA-44,Staphylococcus aureus ATCC BAA-44,Staphylococcus aureus (strain TW20 / 0582),Staphylococcus aureus,Staphylococcus,Staphylococcaceae,Bacillales,Bacilli,Bacillota,Bacteria,,Terrabacteria group,,,,,,,,,,
Staphylococcus aureus SAP 0017,Staphylococcus aureus SAP 0017,Staphylococcus aureus (strain TW20 / 0582),Staphylococcus aureus,Staphylococcus,Staphylococcaceae,Bacillales,Bacilli,Bacillota,Bacteria,,Terrabacteria group,,,,,,,,,,
Staphylococcus aureus USA 300 LAC,Staphylococcus aureus USA 300 LAC,Staphylococcus aureus (strain TW20 / 0582),Staphylococcus aureus,Staphylococcus,Staphylococcaceae,Bacillales,Bacilli,Bacillota,Bacteria,,Terrabacteria group,,,,,,,,,,
Escherichia coli O157:H7,Escherichia coli O157:H7,Escherichia coli (strain ATCC 55124 / KO11FL),Escherichia coli,Escherichia,Enterobacteriaceae,Enterobacterales,Gammaproteobacteria,Pseudomonadota,Bacteria,,,,,,,,,,,,
Proteus vulgaris,Proteus vulgaris,Proteus vulgaris 66N,Proteus vulgaris,Proteus,Morganellaceae,Enterobacterales,Gammaproteobacteria,Pseudomonadota,Bacteria,,,,,,,,,,,,
Xanthomonas axonopodis pv. glycines ISBF 327,Xanthomonas axonopodis pv. glycines ISBF 327,,Xanthomonas axonopodis,Xanthomonas,Lysobacteraceae,Lysobacterales,Gammaproteobacteria,Pseudomonadota,Bacteria,,,,,,,,,,,,
Staphylococcus aureus SH1000,Staphylococcus aureus SH1000,Staphylococcus aureus (strain NCTC 8325 / PS 47),Staphylococcus aureus,Staphylococcus,Staphylococcaceae,Bacillales,Bacilli,Bacillota,Bacteria,,Terrabacteria group,,,,,,,,,,
Staphylococcus aureus ATCC 29313,Staphylococcus aureus ATCC 29313,Staphylococcus aureus (strain TW20 / 0582),Staphylococcus aureus,Staphylococcus,Staphylococcaceae,Bacillales,Bacilli,Bacillota,Bacteria,,Terrabacteria group,,,,,,,,,,
Listeria monocytogenes KCTC 3710,Listeria monocytogenes KCTC 3710,Listeria monocytogenes serotype 1/2a (strain 10403S),Listeria monocytogenes,Listeria,Listeriaceae,Bacillales,Bacilli,Bacillota,Bacteria,,Terrabacteria group,,,,,,,,,,
Salmonella typhimurium KCTC 1926,Salmonella typhimurium KCTC 1926,Salmonella enterica subsp. enterica serovar Typhimurium str. DT104,Salmonella enterica,Salmonella,Enterobacteriaceae,Enterobacterales,Gammaproteobacteria,Pseudomonadota,Bacteria,,,Salmonella typhimurium,Salmonella enterica I,,,,,,,,
Proteus vulgaris NCTC 4635,Proteus vulgaris NCTC 4635,Proteus vulgaris 66N,Proteus vulgaris,Proteus,Morganellaceae,Enterobacterales,Gammaproteobacteria,Pseudomonadota,Bacteria,,,,,,,,,,,,
Bacillus subtilis ATCC 9372,Bacillus subtilis ATCC 9372,,Bacillus atrophaeus,Bacillus,Bacillaceae,Bacillales,Bacilli,Bacillota,Bacteria,Bacillus subtilis group,Terrabacteria group,,,,,,,,,,
Escherichia coli ATCC 35218,Escherichia coli ATCC 35218,Escherichia coli (strain ATCC 55124 / KO11FL),Escherichia coli,Escherichia,Enterobacteriaceae,Enterobacterales,Gammaproteobacteria,Pseudomonadota,Bacteria,,,,,,,,,,,,
Staphylococcus aureus T144,Staphylococcus aureus T144,Staphylococcus aureus (strain TW20 / 0582),Staphylococcus aureus,Staphylococcus,Staphylococcaceae,Bacillales,Bacilli,Bacillota,Bacteria,,Terrabacteria group,,,,,,,,,,
Escherichia coli B2,Escherichia coli B2,,Escherichia coli,Escherichia,Enterobacteriaceae,Enterobacterales,Gammaproteobacteria,Pseudomonadota,Bacteria,,,Escherichia coli B2:H7,,,,,,,,,
Acinetobacter baumannii ATCC BAA-747,Acinetobacter baumannii ATCC BAA-747,Acinetobacter baumannii (strain ACICU),Acinetobacter baumannii,Acinetobacter,Moraxellaceae,Moraxellales,Gammaproteobacteria,Pseudomonadota,Bacteria,Acinetobacter calcoaceticus/baumannii complex,,,,,,,,,,,
Escherichia coli CCARM 1229,Escherichia coli CCARM 1229,Escherichia coli (strain ATCC 55124 / KO11FL),Escherichia coli,Escherichia,Enterobacteriaceae,Enterobacterales,Gammaproteobacteria,Pseudomonadota,Bacteria,,,,,,,,,,,,
Staphylococcus aureus AS1.72,Staphylococcus aureus AS1.72,Staphylococcus aureus (strain TW20 / 0582),Staphylococcus aureus,Staphylococcus,Staphylococcaceae,Bacillales,Bacilli,Bacillota,Bacteria,,Terrabacteria group,,,,,,,,,,
Bacillus cereus AS1.126,Bacillus cereus AS1.126,Bacillus cereus (strain ZK / E33L),Bacillus cereus,Bacillus,Bacillaceae,Bacillales,Bacilli,Bacillota,Bacteria,Bacillus cereus group,Terrabacteria group,,,,,,,,,,
Lactococcus lactis AS1.1690,Lactococcus lactis AS1.1690,,Lactococcus lactis,Lactococcus,Streptococcaceae,Lactobacillales,Bacilli,Bacillota,Bacteria,,Terrabacteria group,Lactococcus lactis subsp. lactis bv. diacetylactis,Lactococcus lactis subsp. lactis,,,,,,,,
Enterococcus faecalis CGMCC 1.595,Enterococcus faecalis CGMCC 1.595,Enterococcus faecalis EnGen0207,Enterococcus faecalis,Enterococcus,Enterococcaceae,Lactobacillales,Bacilli,Bacillota,Bacteria,,Terrabacteria group,,,,,,,,,,
Enterococcus faecium CGMCC 1.2334,Enterococcus faecium CGMCC 1.2334,,Enterococcus sp. EnGen0037,Enterococcus,Enterococcaceae,Lactobacillales,Bacilli,Bacillota,Bacteria,,Terrabacteria group,unclassified Enterococcus,,,,,,,,,
Escherichia coli AS1.349,Escherichia coli AS1.349,Escherichia coli (strain ATCC 55124 / KO11FL),Escherichia coli,Escherichia,Enterobacteriaceae,Enterobacterales,Gammaproteobacteria,Pseudomonadota,Bacteria,,,,,,,,,,,,
Pseudomonas aeruginosa CGMCC 1.860,Pseudomonas aeruginosa CGMCC 1.860,Pseudomonas aeruginosa HB13,Pseudomonas aeruginosa,Pseudomonas,Pseudomonadaceae,Pseudomonadales,Gammaproteobacteria,Pseudomonadota,Bacteria,Pseudomonas aeruginosa group,,,,,,,,,,,
Escherichia coli K12 MG1655,Escherichia coli K12 MG1655,Escherichia coli (strain K12),Escherichia coli,Escherichia,Enterobacteriaceae,Enterobacterales,Gammaproteobacteria,Pseudomonadota,Bacteria,,,Escherichia coli str. K-12 substr. MG1655,,,,,,,,,
Acinetobacter baumannii MTCC 9829,Acinetobacter baumannii MTCC 9829,Acinetobacter baumannii (strain ACICU),Acinetobacter baumannii,Acinetobacter,Moraxellaceae,Moraxellales,Gammaproteobacteria,Pseudomonadota,Bacteria,Acinetobacter calcoaceticus/baumannii complex,,,,,,,,,,,
Shigella boydii MTCC 11947,Shigella boydii MTCC 11947,Shigella boydii serotype 4 (strain Sb227),Shigella boydii,Shigella,Enterobacteriaceae,Enterobacterales,Gammaproteobacteria,Pseudomonadota,Bacteria,,,,,,,,,,,,
Shigella flexneri MTCC 1457,Shigella flexneri MTCC 1457,Shigella flexneri serotype X (strain 2002017),Shigella flexneri,Shigella,Enterobacteriaceae,Enterobacterales,Gammaproteobacteria,Pseudomonadota,Bacteria,,,,,,,,,,,,
Salmonella enterica MTCC 9844,Salmonella enterica MTCC 9844,,Salmonella enterica,Salmonella,Enterobacteriaceae,Enterobacterales,Gammaproteobacteria,Pseudomonadota,Bacteria,,,Salmonella muenchen,Salmonella enterica I,,,,,,,,
Klebsiella pneumoniae MTCC 7407,Klebsiella pneumoniae MTCC 7407,Klebsiella pneumoniae (strain 342),Klebsiella pneumoniae,Klebsiella,Enterobacteriaceae,Enterobacterales,Gammaproteobacteria,Pseudomonadota,Bacteria,,,Klebsiella/Raoultella group,,,,,,,,,
Klebsiella oxytoca MTCC 2275,Klebsiella oxytoca MTCC 2275,Klebsiella oxytoca KOX105,Klebsiella oxytoca,Klebsiella,Enterobacteriaceae,Enterobacterales,Gammaproteobacteria,Pseudomonadota,Bacteria,,,Klebsiella/Raoultella group,,,,,,,,,
Pseudomonas aeruginosa MTCC 3542,Pseudomonas aeruginosa MTCC 3542,Pseudomonas aeruginosa HB13,Pseudomonas aeruginosa,Pseudomonas,Pseudomonadaceae,Pseudomonadales,Gammaproteobacteria,Pseudomonadota,Bacteria,Pseudomonas aeruginosa group,,,,,,,,,,,
Proteus vulgaris MTCC 1771,Proteus vulgaris MTCC 1771,Proteus vulgaris 66N,Proteus vulgaris,Proteus,Morganellaceae,Enterobacterales,Gammaproteobacteria,Pseudomonadota,Bacteria,,,,,,,,,,,,
Proteus mirabilis MTCC 3158,Proteus mirabilis MTCC 3158,Proteus mirabilis (strain HI4320),Proteus mirabilis,Proteus,Morganellaceae,Enterobacterales,Gammaproteobacteria,Pseudomonadota,Bacteria,,,,,,,,,,,,
Citrobacter koseri MTCC 1657,Citrobacter koseri MTCC 1657,Citrobacter koseri (strain ATCC BAA-895 / CDC 4225-83 / SGSC4696),Citrobacter koseri,Citrobacter,Enterobacteriaceae,Enterobacterales,Gammaproteobacteria,Pseudomonadota,Bacteria,,,,,,,,,,,,
Citrobacter freundii MTCC 1658,Citrobacter freundii MTCC 1658,Citrobacter freundii ATCC 8090 = MTCC 1658 = NBRC 12681,Citrobacter freundii,Citrobacter,Enterobacteriaceae,Enterobacterales,Gammaproteobacteria,Pseudomonadota,Bacteria,Citrobacter freundii complex,,,,,,,,,,,
Vibrio cholerae MTCC 3904,Vibrio cholerae MTCC 3904,Vibrio cholerae (strain MO10),Vibrio cholerae,Vibrio,Vibrionaceae,Vibrionales,Gammaproteobacteria,Pseudomonadota,Bacteria,,,,,,,,,,,,
Pluralibacter gergoviae MTCC 3826,Pluralibacter gergoviae MTCC 3826,Pluralibacter gergoviae ATCC 33028 = NBRC 105706,Pluralibacter gergoviae,Pluralibacter,Enterobacteriaceae,Enterobacterales,Gammaproteobacteria,Pseudomonadota,Bacteria,,,,,,,,,,,,
Haemophilus influenzae MTCC 621,Haemophilus influenzae MTCC 621,Haemophilus influenzae (strain ATCC 51907 / DSM 11121 / KW20 / Rd),Haemophilus influenzae,Haemophilus,Pasteurellaceae,Pasteurellales,Gammaproteobacteria,Pseudomonadota,Bacteria,,,,,,,,,,,,
Alcaligenes faecalis MTCC 1937,Alcaligenes faecalis MTCC 1937,Alcaligenes faecalis subsp. faecalis NCIB 8687,Alcaligenes faecalis,Alcaligenes,Alcaligenaceae,Burkholderiales,Betaproteobacteria,Pseudomonadota,Bacteria,,,,Alcaligenes faecalis subsp. faecalis,,,,,,,,
Bordetella bronchiseptica MTCC 6837,Bordetella bronchiseptica MTCC 6837,Bordetella pertussis 2356847,Bordetella pertussis,Bordetella,Alcaligenaceae,Burkholderiales,Betaproteobacteria,Pseudomonadota,Bacteria,,,,,,,,,,,,
Klebsiella aerogenes MTCC 111,Klebsiella aerogenes MTCC 111,,Klebsiella aerogenes,Klebsiella,Enterobacteriaceae,Enterobacterales,Gammaproteobacteria,Pseudomonadota,Bacteria,,,Klebsiella/Raoultella group,,,,,,,,,
Stenotrophomonas maltophilia MTCC 1890,Stenotrophomonas maltophilia MTCC 1890,Stenotrophomonas maltophilia (strain K279a),Stenotrophomonas maltophilia,Stenotrophomonas,Lysobacteraceae,Lysobacterales,Gammaproteobacteria,Pseudomonadota,Bacteria,Stenotrophomonas maltophilia group,,,,,,,,,,,
Staphylococcus aureus MTCC 3160,Staphylococcus aureus MTCC 3160,Staphylococcus aureus (strain TW20 / 0582),Staphylococcus aureus,Staphylococcus,Staphylococcaceae,Bacillales,Bacilli,Bacillota,Bacteria,,Terrabacteria group,,,,,,,,,,
Staphylococcus haemolyticus MTCC 3383,Staphylococcus haemolyticus MTCC 3383,Staphylococcus haemolyticus (strain JCSC1435),Staphylococcus haemolyticus,Staphylococcus,Staphylococcaceae,Bacillales,Bacilli,Bacillota,Bacteria,,Terrabacteria group,,,,,,,,,,
Enterococcus faecalis MTCC 439,Enterococcus faecalis MTCC 439,Enterococcus faecalis EnGen0207,Enterococcus faecalis,Enterococcus,Enterococcaceae,Lactobacillales,Bacilli,Bacillota,Bacteria,,Terrabacteria group,,,,,,,,,,
Corynebacterium glutamicum MTCC 2679,Corynebacterium glutamicum MTCC 2679,Corynebacterium glutamicum (strain R),Corynebacterium glutamicum,Corynebacterium,Corynebacteriaceae,Mycobacteriales,Actinomycetes,Actinomycetota,Bacteria,,Terrabacteria group,,,,,,,,,,
Alkalihalobacillus alcalophilus MTCC 860,Alkalihalobacillus alcalophilus MTCC 860,,Alkalihalobacillus alcalophilus,Alkalihalobacillus,Bacillaceae,Bacillales,Bacilli,Bacillota,Bacteria,,Terrabacteria group,,,,,,,,,,
Escherichia coli CCT 1457,Escherichia coli CCT 1457,Escherichia coli (strain ATCC 55124 / KO11FL),Escherichia coli,Escherichia,Enterobacteriaceae,Enterobacterales,Gammaproteobacteria,Pseudomonadota,Bacteria,,,,,,,,,,,,
Escherichia coli ATCC 11775,Escherichia coli ATCC 11775,Escherichia coli DSM 30083 = JCM 1649 = ATCC 11775,Escherichia coli,Escherichia,Enterobacteriaceae,Enterobacterales,Gammaproteobacteria,Pseudomonadota,Bacteria,,,,,,,,,,,,
Pseudomonas aeruginosa ATCC 15422,Pseudomonas aeruginosa ATCC 15422,Pseudomonas aeruginosa HB13,Pseudomonas aeruginosa,Pseudomonas,Pseudomonadaceae,Pseudomonadales,Gammaproteobacteria,Pseudomonadota,Bacteria,Pseudomonas aeruginosa group,,,,,,,,,,,
Salmonella enterica subsp. enterica serovar Choleraesuis ATCC 10708,Salmonella enterica subsp. enterica serovar Choleraesuis ATCC 10708,Salmonella enterica subsp. enterica serovar Choleraesuis str. ATCC 10708,Salmonella enterica,Salmonella,Enterobacteriaceae,Enterobacterales,Gammaproteobacteria,Pseudomonadota,Bacteria,,,Salmonella enterica subsp. enterica serovar Choleraesuis,Salmonella enterica I,,,,,,,,
Staphylococcus aureus CCT 2580,Staphylococcus aureus CCT 2580,Staphylococcus aureus (strain TW20 / 0582),Staphylococcus aureus,Staphylococcus,Staphylococcaceae,Bacillales,Bacilli,Bacillota,Bacteria,,Terrabacteria group,,,,,,,,,,
Staphylococcus aureus CCT 6538,Staphylococcus aureus CCT 6538,Staphylococcus aureus (strain TW20 / 0582),Staphylococcus aureus,Staphylococcus,Staphylococcaceae,Bacillales,Bacilli,Bacillota,Bacteria,,Terrabacteria group,,,,,,,,,,
Micrococcus luteus ATCC 4698,Micrococcus luteus ATCC 4698,Micrococcus luteus (strain ATCC 4698 / DSM 20030 / JCM 1464 / CCM 169 / CCUG 5858 / IAM 1056 / NBRC 3333 / NCIMB 9278 / NCTC 2665 / VKM Ac-2230),Micrococcus luteus,Micrococcus,Micrococcaceae,Micrococcales,Actinomycetes,Actinomycetota,Bacteria,,Terrabacteria group,,,,,,,,,,
Staphylococcus aureus NCTC 8325,Staphylococcus aureus NCTC 8325,Staphylococcus aureus (strain NCTC 8325 / PS 47),Staphylococcus aureus,Staphylococcus,Staphylococcaceae,Bacillales,Bacilli,Bacillota,Bacteria,,Terrabacteria group,,,,,,,,,,
Pseudomonas aeruginosa 910,Pseudomonas aeruginosa 910,Pseudomonas aeruginosa HB13,Pseudomonas aeruginosa,Pseudomonas,Pseudomonadaceae,Pseudomonadales,Gammaproteobacteria,Pseudomonadota,Bacteria,Pseudomonas aeruginosa group,,,,,,,,,,,
Pseudomonas aeruginosa 919,Pseudomonas aeruginosa 919,Pseudomonas aeruginosa HB13,Pseudomonas aeruginosa,Pseudomonas,Pseudomonadaceae,Pseudomonadales,Gammaproteobacteria,Pseudomonadota,Bacteria,Pseudomonas aeruginosa group,,,,,,,,,,,
Pseudomonas aeruginosa 253,Pseudomonas aeruginosa 253,Pseudomonas aeruginosa HB13,Pseudomonas aeruginosa,Pseudomonas,Pseudomonadaceae,Pseudomonadales,Gammaproteobacteria,Pseudomonadota,Bacteria,Pseudomonas aeruginosa group,,,,,,,,,,,
Bacillus subtilis KCTC 1998,Bacillus subtilis KCTC 1998,Bacillus subtilis (strain 168),Bacillus subtilis,Bacillus,Bacillaceae,Bacillales,Bacilli,Bacillota,Bacteria,Bacillus subtilis group,Terrabacteria group,,Bacillus subtilis subsp. subtilis,,,,,,,,
Staphylococcus aureus CCARM 3518,Staphylococcus aureus CCARM 3518,Staphylococcus aureus (strain TW20 / 0582),Staphylococcus aureus,Staphylococcus,Staphylococcaceae,Bacillales,Bacilli,Bacillota,Bacteria,,Terrabacteria group,,,,,,,,,,
Staphylococcus aureus CCARM 3090,Staphylococcus aureus CCARM 3090,Staphylococcus aureus (strain TW20 / 0582),Staphylococcus aureus,Staphylococcus,Staphylococcaceae,Bacillales,Bacilli,Bacillota,Bacteria,,Terrabacteria group,,,,,,,,,,
Escherichia coli CCARM 1238,Escherichia coli CCARM 1238,Escherichia coli (strain ATCC 55124 / KO11FL),Escherichia coli,Escherichia,Enterobacteriaceae,Enterobacterales,Gammaproteobacteria,Pseudomonadota,Bacteria,,,,,,,,,,,,
Pseudomonas aeruginosa 4007,Pseudomonas aeruginosa 4007,Pseudomonas aeruginosa HB13,Pseudomonas aeruginosa,Pseudomonas,Pseudomonadaceae,Pseudomonadales,Gammaproteobacteria,Pseudomonadota,Bacteria,Pseudomonas aeruginosa group,,,,,,,,,,,
Pseudomonas aeruginosa 4891,Pseudomonas aeruginosa 4891,Pseudomonas aeruginosa HB13,Pseudomonas aeruginosa,Pseudomonas,Pseudomonadaceae,Pseudomonadales,Gammaproteobacteria,Pseudomonadota,Bacteria,Pseudomonas aeruginosa group,,,,,,,,,,,
Candida albicans ATCC 90028,Candida albicans ATCC 90028,Candida albicans (strain SC5314 / ATCC MYA-2876),Candida albicans,Candida,Debaryomycetaceae,Saccharomycetales,Saccharomycetes,Ascomycota,Eukaryota,,Opisthokonta,,,,Saccharomycotina,Dikarya,Fungi,,,,
Acinetobacter baumannii NM8,Acinetobacter baumannii NM8,Acinetobacter baumannii (strain ACICU),Acinetobacter baumannii,Acinetobacter,Moraxellaceae,Moraxellales,Gammaproteobacteria,Pseudomonadota,Bacteria,Acinetobacter calcoaceticus/baumannii complex,,,,,,,,,,,
Acinetobacter baumannii NM35,Acinetobacter baumannii NM35,Acinetobacter baumannii (strain ACICU),Acinetobacter baumannii,Acinetobacter,Moraxellaceae,Moraxellales,Gammaproteobacteria,Pseudomonadota,Bacteria,Acinetobacter calcoaceticus/baumannii complex,,,,,,,,,,,
Listeria monocytogenes EGD,Listeria monocytogenes EGD,Listeria monocytogenes serotype 1/2a (strain EGD / Mackaness),Listeria monocytogenes,Listeria,Listeriaceae,Bacillales,Bacilli,Bacillota,Bacteria,,Terrabacteria group,,,,,,,,,,
Streptococcus mutans UA159,Streptococcus mutans UA159,Streptococcus mutans serotype c (strain ATCC 700610 / UA159),Streptococcus mutans,Streptococcus,Streptococcaceae,Lactobacillales,Bacilli,Bacillota,Bacteria,,Terrabacteria group,,,,,,,,,,
Streptococcus sanguinis NY101,Streptococcus sanguinis NY101,Streptococcus sanguinis SK1 = NCTC 7863,Streptococcus sanguinis,Streptococcus,Streptococcaceae,Lactobacillales,Bacilli,Bacillota,Bacteria,,Terrabacteria group,,,,,,,,,,
Streptococcus mitis ATCC 903,Streptococcus mitis ATCC 903,Streptococcus parasanguinis ATCC 903,Streptococcus parasanguinis,Streptococcus,Streptococcaceae,Lactobacillales,Bacilli,Bacillota,Bacteria,,Terrabacteria group,,,,,,,,,,
Streptococcus gordonii Challis DL1,Streptococcus gordonii Challis DL1,Streptococcus gordonii str. Challis,Streptococcus gordonii,Streptococcus,Streptococcaceae,Lactobacillales,Bacilli,Bacillota,Bacteria,,Terrabacteria group,Streptococcus gordonii (strain Challis / ATCC 35105 / BCRC 15272 / CH1 / DL1 / V288),,,,,,,,,
Pseudomonas aeruginosa PAK,Pseudomonas aeruginosa PAK,Pseudomonas aeruginosa (strain PAK),Pseudomonas aeruginosa,Pseudomonas,Pseudomonadaceae,Pseudomonadales,Gammaproteobacteria,Pseudomonadota,Bacteria,Pseudomonas aeruginosa group,,,,,,,,,,,
Stenotrophomonas maltophilia,Stenotrophomonas maltophilia,Stenotrophomonas maltophilia (strain K279a),Stenotrophomonas maltophilia,Stenotrophomonas,Lysobacteraceae,Lysobacterales,Gammaproteobacteria,Pseudomonadota,Bacteria,Stenotrophomonas maltophilia group,,,,,,,,,,,
Proteus mirabilis ATCC 25933,Proteus mirabilis ATCC 25933,Proteus mirabilis (strain HI4320),Proteus mirabilis,Proteus,Morganellaceae,Enterobacterales,Gammaproteobacteria,Pseudomonadota,Bacteria,,,,,,,,,,,,
Staphylococcus epidermidis RP62A,Staphylococcus epidermidis RP62A,Staphylococcus epidermidis (strain ATCC 35984 / DSM 28319 / BCRC 17069 / CCUG 31568 / BM 3577 / RP62A),Staphylococcus epidermidis,Staphylococcus,Staphylococcaceae,Bacillales,Bacilli,Bacillota,Bacteria,,Terrabacteria group,,,,,,,,,,
Staphylococcus epidermidis RP62A/1,Staphylococcus epidermidis RP62A/1,Staphylococcus epidermidis (strain ATCC 35984 / DSM 28319 / BCRC 17069 / CCUG 31568 / BM 3577 / RP62A),Staphylococcus epidermidis,Staphylococcus,Staphylococcaceae,Bacillales,Bacilli,Bacillota,Bacteria,,Terrabacteria group,,,,,,,,,,
Pseudomonas aeruginosa PA214,Pseudomonas aeruginosa PA214,Pseudomonas aeruginosa HB13,Pseudomonas aeruginosa,Pseudomonas,Pseudomonadaceae,Pseudomonadales,Gammaproteobacteria,Pseudomonadota,Bacteria,Pseudomonas aeruginosa group,,,,,,,,,,,
Salmonella enterica subsp. enterica serovar Typhi,Salmonella enterica subsp. enterica serovar Typhi,Salmonella enterica subsp. enterica serovar Typhi str. CT18,Salmonella enterica,Salmonella,Enterobacteriaceae,Enterobacterales,Gammaproteobacteria,Pseudomonadota,Bacteria,,,Salmonella typhi,Salmonella enterica I,,,,,,,,
Yersinia enterocolitica,Yersinia enterocolitica,Yersinia enterocolitica serotype O:8 / biotype 1B (strain NCTC 13174 / 8081),Yersinia enterocolitica,Yersinia,Yersiniaceae,Enterobacterales,Gammaproteobacteria,Pseudomonadota,Bacteria,,,,Yersinia enterocolitica subsp. enterocolitica,,,,,,,,
Salmonella sp.,Salmonella sp.,,Salmonella enterica,Salmonella,Enterobacteriaceae,Enterobacterales,Gammaproteobacteria,Pseudomonadota,Bacteria,,,Salmonella enterica subsp. enterica serovar Indiana,Salmonella enterica I,,,,,,,,
Candida albicans NCTC 1467,Candida albicans NCTC 1467,Candida albicans (strain SC5314 / ATCC MYA-2876),Candida albicans,Candida,Debaryomycetaceae,Saccharomycetales,Saccharomycetes,Ascomycota,Eukaryota,,Opisthokonta,,,,Saccharomycotina,Dikarya,Fungi,,,,
Escherichia coli ATCC 700926,Escherichia coli ATCC 700926,Escherichia coli (strain ATCC 55124 / KO11FL),Escherichia coli,Escherichia,Enterobacteriaceae,Enterobacterales,Gammaproteobacteria,Pseudomonadota,Bacteria,,,,,,,,,,,,
Escherichia coli DC2,Escherichia coli DC2,Escherichia coli (strain ATCC 55124 / KO11FL),Escherichia coli,Escherichia,Enterobacteriaceae,Enterobacterales,Gammaproteobacteria,Pseudomonadota,Bacteria,,,,,,,,,,,,
Yersinia ruckeri 392/2003,Yersinia ruckeri 392/2003,,Yersinia ruckeri,Yersinia,Yersiniaceae,Enterobacterales,Gammaproteobacteria,Pseudomonadota,Bacteria,,,,,,,,,,,,
Salmonella enterica subsp. enterica serovar Typhimurium LT2,Salmonella enterica subsp. enterica serovar Typhimurium LT2,Salmonella typhimurium (strain LT2 / SGSC1412 / ATCC 700720),Salmonella enterica,Salmonella,Enterobacteriaceae,Enterobacterales,Gammaproteobacteria,Pseudomonadota,Bacteria,,,Salmonella typhimurium,Salmonella enterica I,,,,,,,,
Listeria monocytogenes N22-2,Listeria monocytogenes N22-2,Listeria monocytogenes serotype 1/2a (strain 10403S),Listeria monocytogenes,Listeria,Listeriaceae,Bacillales,Bacilli,Bacillota,Bacteria,,Terrabacteria group,,,,,,,,,,
Mycobacterium tuberculosis,Mycobacterium tuberculosis,Mycobacterium tuberculosis (strain ATCC 25177 / H37Ra),Mycobacterium tuberculosis,Mycobacterium,Mycobacteriaceae,Mycobacteriales,Actinomycetes,Actinomycetota,Bacteria,Mycobacterium tuberculosis complex,Terrabacteria group,,,,,,,,,,
Mycobacterium avium,Mycobacterium avium,,Mycobacterium avium complex sp.,Mycobacterium,Mycobacteriaceae,Mycobacteriales,Actinomycetes,Actinomycetota,Bacteria,Mycobacterium avium complex (MAC),Terrabacteria group,unclassified Mycobacterium avium complex (MAC),,,,,,,,,
Escherichia coli ATCC BAA-2340,Escherichia coli ATCC BAA-2340,Escherichia coli (strain ATCC 55124 / KO11FL),Escherichia coli,Escherichia,Enterobacteriaceae,Enterobacterales,Gammaproteobacteria,Pseudomonadota,Bacteria,,,,,,,,,,,,
Pseudomonas aeruginosa B004 V2S2B,Pseudomonas aeruginosa B004 V2S2B,Pseudomonas aeruginosa HB13,Pseudomonas aeruginosa,Pseudomonas,Pseudomonadaceae,Pseudomonadales,Gammaproteobacteria,Pseudomonadota,Bacteria,Pseudomonas aeruginosa group,,,,,,,,,,,
Corynebacterium xerosis C875,Corynebacterium xerosis C875,Corynebacterium xerosis NBRC 16721 = ATCC 373,Corynebacterium xerosis,Corynebacterium,Corynebacteriaceae,Mycobacteriales,Actinomycetes,Actinomycetota,Bacteria,,Terrabacteria group,,,,,,,,,,
Nocardia asteroides,Nocardia asteroides,Nocardia asteroides NBRC 15531,Nocardia asteroides,Nocardia,Nocardiaceae,Mycobacteriales,Actinomycetes,Actinomycetota,Bacteria,,Terrabacteria group,,,,,,,,,,
Salmonella enterica subsp. enterica serovar Paratyphi A,Salmonella enterica subsp. enterica serovar Paratyphi A,Salmonella paratyphi A (strain AKU_12601),Salmonella enterica,Salmonella,Enterobacteriaceae,Enterobacterales,Gammaproteobacteria,Pseudomonadota,Bacteria,,,Salmonella paratyphi A,Salmonella enterica I,,,,,,,,
Staphylococcus epidermidis ATCC 35984,Staphylococcus epidermidis ATCC 35984,Staphylococcus epidermidis (strain ATCC 35984 / DSM 28319 / BCRC 17069 / CCUG 31568 / BM 3577 / RP62A),Staphylococcus epidermidis,Staphylococcus,Staphylococcaceae,Bacillales,Bacilli,Bacillota,Bacteria,,Terrabacteria group,,,,,,,,,,
Enterococcus faecalis PCM 2673,Enterococcus faecalis PCM 2673,Enterococcus faecalis EnGen0207,Enterococcus faecalis,Enterococcus,Enterococcaceae,Lactobacillales,Bacilli,Bacillota,Bacteria,,Terrabacteria group,,,,,,,,,,
Escherichia coli DSM 1103,Escherichia coli DSM 1103,Escherichia coli (strain ATCC 25922 / DSM 1103 / LMG 8223 / NCIMB 12210 / NCTC 12241 / WDCM 00013 / Seattle 1946),Escherichia coli,Escherichia,Enterobacteriaceae,Enterobacterales,Gammaproteobacteria,Pseudomonadota,Bacteria,,,,,,,,,,,,
Pseudomonas aeruginosa DSM 1117,Pseudomonas aeruginosa DSM 1117,,Pseudomonas aeruginosa,Pseudomonas,Pseudomonadaceae,Pseudomonadales,Gammaproteobacteria,Pseudomonadota,Bacteria,Pseudomonas aeruginosa group,,,,,,,,,,,
Staphylococcus aureus DSM 1104,Staphylococcus aureus DSM 1104,,Staphylococcus aureus,Staphylococcus,Staphylococcaceae,Bacillales,Bacilli,Bacillota,Bacteria,,Terrabacteria group,,,,,,,,,,
Enterococcus faecalis DSM 2570,Enterococcus faecalis DSM 2570,,Enterococcus faecalis,Enterococcus,Enterococcaceae,Lactobacillales,Bacilli,Bacillota,Bacteria,,Terrabacteria group,,,,,,,,,,
Staphylococcus epidermidis ATCC 51625,Staphylococcus epidermidis ATCC 51625,Staphylococcus epidermidis (strain ATCC 35984 / DSM 28319 / BCRC 17069 / CCUG 31568 / BM 3577 / RP62A),Staphylococcus epidermidis,Staphylococcus,Staphylococcaceae,Bacillales,Bacilli,Bacillota,Bacteria,,Terrabacteria group,,,,,,,,,,
Staphylococcus aureus ATCC 12493,Staphylococcus aureus ATCC 12493,Staphylococcus aureus (strain TW20 / 0582),Staphylococcus aureus,Staphylococcus,Staphylococcaceae,Bacillales,Bacilli,Bacillota,Bacteria,,Terrabacteria group,,,,,,,,,,
Candida albicans NCPF 1467,Candida albicans NCPF 1467,Candida albicans (strain SC5314 / ATCC MYA-2876),Candida albicans,Candida,Debaryomycetaceae,Saccharomycetales,Saccharomycetes,Ascomycota,Eukaryota,,Opisthokonta,,,,Saccharomycotina,Dikarya,Fungi,,,,
Escherichia coli JW0013,Escherichia coli JW0013,Escherichia coli (strain ATCC 55124 / KO11FL),Escherichia coli,Escherichia,Enterobacteriaceae,Enterobacterales,Gammaproteobacteria,Pseudomonadota,Bacteria,,,,,,,,,,,,
Escherichia coli MC1061,Escherichia coli MC1061,Escherichia coli (strain K12),Escherichia coli,Escherichia,Enterobacteriaceae,Enterobacterales,Gammaproteobacteria,Pseudomonadota,Bacteria,,,Escherichia coli MC1061,,,,,,,,,
Escherichia coli J2210,Escherichia coli J2210,Escherichia coli (strain ATCC 55124 / KO11FL),Escherichia coli,Escherichia,Enterobacteriaceae,Enterobacterales,Gammaproteobacteria,Pseudomonadota,Bacteria,,,,,,,,,,,,
Salmonella enterica subsp. enterica serovar Enteritidis MH91989,Salmonella enterica subsp. enterica serovar Enteritidis MH91989,Salmonella enterica subsp. enterica serovar Enteritidis str. 78296,Salmonella enterica,Salmonella,Enterobacteriaceae,Enterobacterales,Gammaproteobacteria,Pseudomonadota,Bacteria,,,Salmonella enteritidis,Salmonella enterica I,,,,,,,,
Salmonella typhimurium SL1344,Salmonella typhimurium SL1344,Salmonella typhimurium (strain SL1344),Salmonella enterica,Salmonella,Enterobacteriaceae,Enterobacterales,Gammaproteobacteria,Pseudomonadota,Bacteria,,,Salmonella typhimurium,Salmonella enterica I,,,,,,,,
Acinetobacter baumannii 9931,Acinetobacter baumannii 9931,Acinetobacter baumannii (strain ACICU),Acinetobacter baumannii,Acinetobacter,Moraxellaceae,Moraxellales,Gammaproteobacteria,Pseudomonadota,Bacteria,Acinetobacter calcoaceticus/baumannii complex,,,,,,,,,,,
Acinetobacter baumannii 97830,Acinetobacter baumannii 97830,Acinetobacter baumannii (strain ACICU),Acinetobacter baumannii,Acinetobacter,Moraxellaceae,Moraxellales,Gammaproteobacteria,Pseudomonadota,Bacteria,Acinetobacter calcoaceticus/baumannii complex,,,,,,,,,,,
Pseudomonas aeruginosa 50,Pseudomonas aeruginosa 50,Pseudomonas aeruginosa HB13,Pseudomonas aeruginosa,Pseudomonas,Pseudomonadaceae,Pseudomonadales,Gammaproteobacteria,Pseudomonadota,Bacteria,Pseudomonas aeruginosa group,,,,,,,,,,,
Pseudomonas aeruginosa 73,Pseudomonas aeruginosa 73,Pseudomonas aeruginosa ADL-320,Pseudomonas aeruginosa,Pseudomonas,Pseudomonadaceae,Pseudomonadales,Gammaproteobacteria,Pseudomonadota,Bacteria,Pseudomonas aeruginosa group,,,,,,,,,,,
Staphylococcus aureus 75,Staphylococcus aureus 75,,Staphylococcus argenteus,Staphylococcus,Staphylococcaceae,Bacillales,Bacilli,Bacillota,Bacteria,,Terrabacteria group,,,,,,,,,,
Staphylococcus aureus 113,Staphylococcus aureus 113,Staphylococcus aureus (strain TW20 / 0582),Staphylococcus aureus,Staphylococcus,Staphylococcaceae,Bacillales,Bacilli,Bacillota,Bacteria,,Terrabacteria group,,,,,,,,,,
Staphylococcus aureus ATCC 29231,Staphylococcus aureus ATCC 29231,Staphylococcus aureus (strain TW20 / 0582),Staphylococcus aureus,Staphylococcus,Staphylococcaceae,Bacillales,Bacilli,Bacillota,Bacteria,,Terrabacteria group,,,,,,,,,,
Staphylococcus aureus MW2,Staphylococcus aureus MW2,Staphylococcus aureus (strain MW2),Staphylococcus aureus,Staphylococcus,Staphylococcaceae,Bacillales,Bacilli,Bacillota,Bacteria,,Terrabacteria group,,,,,,,,,,
Klebsiella pneumoniae WGLW2,Klebsiella pneumoniae WGLW2,Klebsiella pneumoniae subsp. pneumoniae WGLW2,Klebsiella pneumoniae,Klebsiella,Enterobacteriaceae,Enterobacterales,Gammaproteobacteria,Pseudomonadota,Bacteria,,,Klebsiella/Raoultella group,Klebsiella pneumoniae subsp. pneumoniae,,,,,,,,
Acinetobacter baumannii ATCC 7978,Acinetobacter baumannii ATCC 7978,Acinetobacter baumannii (strain ACICU),Acinetobacter baumannii,Acinetobacter,Moraxellaceae,Moraxellales,Gammaproteobacteria,Pseudomonadota,Bacteria,Acinetobacter calcoaceticus/baumannii complex,,,,,,,,,,,
Klebsiella aerogenes ATCC 13048,Klebsiella aerogenes ATCC 13048,Klebsiella aerogenes (strain ATCC 13048 / DSM 30053 / CCUG 1429 / JCM 1235 / KCTC 2190 / NBRC 13534 / NCIMB 10102 / NCTC 10006 / CDC 819-56),Klebsiella aerogenes,Klebsiella,Enterobacteriaceae,Enterobacterales,Gammaproteobacteria,Pseudomonadota,Bacteria,,,Klebsiella/Raoultella group,,,,,,,,,
Mycobacterium smegmatis mc2-155,Mycobacterium smegmatis mc2-155,Mycolicibacterium smegmatis (strain ATCC 700084 / mc(2)155),Mycolicibacterium smegmatis,Mycolicibacterium,Mycobacteriaceae,Mycobacteriales,Actinomycetes,Actinomycetota,Bacteria,,Terrabacteria group,,,,,,,,,,
Staphylococcus aureus MR,Staphylococcus aureus MR,Staphylococcus aureus (strain USA300),Staphylococcus aureus,Staphylococcus,Staphylococcaceae,Bacillales,Bacilli,Bacillota,Bacteria,,Terrabacteria group,Staphylococcus aureus (strain USA300 / TCH1516),,,,,,,,,
Bacillus cereus ATCC 10876,Bacillus cereus ATCC 10876,Bacillus cereus ATCC 10876,Bacillus cereus,Bacillus,Bacillaceae,Bacillales,Bacilli,Bacillota,Bacteria,Bacillus cereus group,Terrabacteria group,,,,,,,,,,
Pseudomonas aeruginosa CMCC 10104,Pseudomonas aeruginosa CMCC 10104,Pseudomonas aeruginosa HB13,Pseudomonas aeruginosa,Pseudomonas,Pseudomonadaceae,Pseudomonadales,Gammaproteobacteria,Pseudomonadota,Bacteria,Pseudomonas aeruginosa group,,,,,,,,,,,
Bacillus subtilis BNCC 109047 ,Bacillus subtilis BNCC 109047 ,Bacillus subtilis (strain 168),Bacillus subtilis,Bacillus,Bacillaceae,Bacillales,Bacilli,Bacillota,Bacteria,Bacillus subtilis group,Terrabacteria group,,Bacillus subtilis subsp. subtilis,,,,,,,,
Klebsiella aerogenes CGMCC 1.876,Klebsiella aerogenes CGMCC 1.876,,Klebsiella aerogenes,Klebsiella,Enterobacteriaceae,Enterobacterales,Gammaproteobacteria,Pseudomonadota,Bacteria,,,Klebsiella/Raoultella group,,,,,,,,,
Enterobacter cloacae CGMCC 1.58,Enterobacter cloacae CGMCC 1.58,Enterobacter hormaechei subsp. hoffmannii ECR091,Enterobacter hormaechei,Enterobacter,Enterobacteriaceae,Enterobacterales,Gammaproteobacteria,Pseudomonadota,Bacteria,Enterobacter cloacae complex,,,Enterobacter hormaechei subsp. hoffmannii,,,,,,,,
Klebsiella pneumoniae subsp. pneumoniae CGMCC 1.176,Klebsiella pneumoniae subsp. pneumoniae CGMCC 1.176,Klebsiella pneumoniae (strain 342),Klebsiella pneumoniae,Klebsiella,Enterobacteriaceae,Enterobacterales,Gammaproteobacteria,Pseudomonadota,Bacteria,,,Klebsiella/Raoultella group,,,,,,,,,
Proteus mirabilis CICC 22931,Proteus mirabilis CICC 22931,Proteus mirabilis (strain HI4320),Proteus mirabilis,Proteus,Morganellaceae,Enterobacterales,Gammaproteobacteria,Pseudomonadota,Bacteria,,,,,,,,,,,,
Klebsiella pneumoniae NCTC 5056,Klebsiella pneumoniae NCTC 5056,Klebsiella pneumoniae (strain 342),Klebsiella pneumoniae,Klebsiella,Enterobacteriaceae,Enterobacterales,Gammaproteobacteria,Pseudomonadota,Bacteria,,,Klebsiella/Raoultella group,,,,,,,,,
Aeromonas hydrophila,Aeromonas hydrophila,Aeromonas hydrophila E1,Aeromonas hydrophila,Aeromonas,Aeromonadaceae,Aeromonadales,Gammaproteobacteria,Pseudomonadota,Bacteria,,,,,,,,,,,,
Vibrio alginolyticus,Vibrio alginolyticus,Vibrio alginolyticus 40B,Vibrio alginolyticus,Vibrio,Vibrionaceae,Vibrionales,Gammaproteobacteria,Pseudomonadota,Bacteria,Vibrio harveyi group,,,,,,,,,,,
Enterococcus faecalis ATCC 51299,Enterococcus faecalis ATCC 51299,Enterococcus faecalis EnGen0207,Enterococcus faecalis,Enterococcus,Enterococcaceae,Lactobacillales,Bacilli,Bacillota,Bacteria,,Terrabacteria group,,,,,,,,,,
Escherichia coli 170,Escherichia coli 170,Escherichia coli HVH 170 (4-3026949),Escherichia coli,Escherichia,Enterobacteriaceae,Enterobacterales,Gammaproteobacteria,Pseudomonadota,Bacteria,,,,,,,,,,,,
Enterobacter cloacae 2524,Enterobacter cloacae 2524,Enterobacter hormaechei subsp. hoffmannii ECR091,Enterobacter hormaechei,Enterobacter,Enterobacteriaceae,Enterobacterales,Gammaproteobacteria,Pseudomonadota,Bacteria,Enterobacter cloacae complex,,,Enterobacter hormaechei subsp. hoffmannii,,,,,,,,
Klebsiella pneumoniae 913,Klebsiella pneumoniae 913,Klebsiella pneumoniae (strain 342),Klebsiella pneumoniae,Klebsiella,Enterobacteriaceae,Enterobacterales,Gammaproteobacteria,Pseudomonadota,Bacteria,,,Klebsiella/Raoultella group,,,,,,,,,
Pseudomonas aeruginosa 4677,Pseudomonas aeruginosa 4677,Pseudomonas aeruginosa HB13,Pseudomonas aeruginosa,Pseudomonas,Pseudomonadaceae,Pseudomonadales,Gammaproteobacteria,Pseudomonadota,Bacteria,Pseudomonas aeruginosa group,,,,,,,,,,,
Pseudomonas aeruginosa 213,Pseudomonas aeruginosa 213,Pseudomonas aeruginosa ADL-213,Pseudomonas aeruginosa,Pseudomonas,Pseudomonadaceae,Pseudomonadales,Gammaproteobacteria,Pseudomonadota,Bacteria,Pseudomonas aeruginosa group,,,,,,,,,,,
Pseudomonas aeruginosa LES400,Pseudomonas aeruginosa LES400,Pseudomonas aeruginosa LES400,Pseudomonas aeruginosa,Pseudomonas,Pseudomonadaceae,Pseudomonadales,Gammaproteobacteria,Pseudomonadota,Bacteria,Pseudomonas aeruginosa group,,,,,,,,,,,
Escherichia coli ESBL 63103,Escherichia coli ESBL 63103,Escherichia coli (strain ATCC 55124 / KO11FL),Escherichia coli,Escherichia,Enterobacteriaceae,Enterobacterales,Gammaproteobacteria,Pseudomonadota,Bacteria,,,,,,,,,,,,
Staphylococcus aureus C623,Staphylococcus aureus C623,Staphylococcus aureus (strain TW20 / 0582),Staphylococcus aureus,Staphylococcus,Staphylococcaceae,Bacillales,Bacilli,Bacillota,Bacteria,,Terrabacteria group,,,,,,,,,,
Enterococcus faecium mic80,Enterococcus faecium mic80,,Enterococcus sp. EnGen0037,Enterococcus,Enterococcaceae,Lactobacillales,Bacilli,Bacillota,Bacteria,,Terrabacteria group,unclassified Enterococcus,,,,,,,,,
Candida albicans C627,Candida albicans C627,Candida albicans (strain SC5314 / ATCC MYA-2876),Candida albicans,Candida,Debaryomycetaceae,Saccharomycetales,Saccharomycetes,Ascomycota,Eukaryota,,Opisthokonta,,,,Saccharomycotina,Dikarya,Fungi,,,,
Pseudomonas aeruginosa ATCC 19660,Pseudomonas aeruginosa ATCC 19660,Pseudomonas aeruginosa HB13,Pseudomonas aeruginosa,Pseudomonas,Pseudomonadaceae,Pseudomonadales,Gammaproteobacteria,Pseudomonadota,Bacteria,Pseudomonas aeruginosa group,,,,,,,,,,,
Staphylococcus aureus A170,Staphylococcus aureus A170,Staphylococcus aureus (strain TW20 / 0582),Staphylococcus aureus,Staphylococcus,Staphylococcaceae,Bacillales,Bacilli,Bacillota,Bacteria,,Terrabacteria group,,,,,,,,,,
Bacillus subtilis PS832,Bacillus subtilis PS832,Bacillus subtilis (strain 168),Bacillus subtilis,Bacillus,Bacillaceae,Bacillales,Bacilli,Bacillota,Bacteria,Bacillus subtilis group,Terrabacteria group,,Bacillus subtilis subsp. subtilis,,,,,,,,
Escherichia coli DL7,Escherichia coli DL7,Escherichia coli (strain ATCC 55124 / KO11FL),Escherichia coli,Escherichia,Enterobacteriaceae,Enterobacterales,Gammaproteobacteria,Pseudomonadota,Bacteria,,,,,,,,,,,,
Pseudomonas aeruginosa ATCC BAA-427,Pseudomonas aeruginosa ATCC BAA-427,Pseudomonas aeruginosa HB13,Pseudomonas aeruginosa,Pseudomonas,Pseudomonadaceae,Pseudomonadales,Gammaproteobacteria,Pseudomonadota,Bacteria,Pseudomonas aeruginosa group,,,,,,,,,,,
Escherichia coli D31,Escherichia coli D31,Escherichia coli (strain ATCC 55124 / KO11FL),Escherichia coli,Escherichia,Enterobacteriaceae,Enterobacterales,Gammaproteobacteria,Pseudomonadota,Bacteria,,,,,,,,,,,,
Pseudomonas aeruginosa CCARM 2180,Pseudomonas aeruginosa CCARM 2180,Pseudomonas aeruginosa HB13,Pseudomonas aeruginosa,Pseudomonas,Pseudomonadaceae,Pseudomonadales,Gammaproteobacteria,Pseudomonadota,Bacteria,Pseudomonas aeruginosa group,,,,,,,,,,,
Acinetobacter baumannii ATCC BAA-1605,Acinetobacter baumannii ATCC BAA-1605,Acinetobacter baumannii (strain ACICU),Acinetobacter baumannii,Acinetobacter,Moraxellaceae,Moraxellales,Gammaproteobacteria,Pseudomonadota,Bacteria,Acinetobacter calcoaceticus/baumannii complex,,,,,,,,,,,
Staphylococcus aureus KCCM 40510,Staphylococcus aureus KCCM 40510,Staphylococcus aureus (strain TW20 / 0582),Staphylococcus aureus,Staphylococcus,Staphylococcaceae,Bacillales,Bacilli,Bacillota,Bacteria,,Terrabacteria group,,,,,,,,,,
Enterococcus faecalis ATCC 51575,Enterococcus faecalis ATCC 51575,Enterococcus faecalis EnGen0207,Enterococcus faecalis,Enterococcus,Enterococcaceae,Lactobacillales,Bacilli,Bacillota,Bacteria,,Terrabacteria group,,,,,,,,,,
Shigella sonnei ATCC 11060,Shigella sonnei ATCC 11060,Shigella sonnei (strain Ss046),Shigella sonnei,Shigella,Enterobacteriaceae,Enterobacterales,Gammaproteobacteria,Pseudomonadota,Bacteria,,,,,,,,,,,,
Salmonella enterica subsp. enterica serovar Typhimurium ATCC 13311,Salmonella enterica subsp. enterica serovar Typhimurium ATCC 13311,,Salmonella enterica,Salmonella,Enterobacteriaceae,Enterobacterales,Gammaproteobacteria,Pseudomonadota,Bacteria,,,Salmonella typhimurium,Salmonella enterica I,,,,,,,,
Vibrio cholerae O1 Inaba,Vibrio cholerae O1 Inaba,Vibrio cholerae serotype O1 (strain ATCC 39315 / El Tor Inaba N16961),Vibrio cholerae,Vibrio,Vibrionaceae,Vibrionales,Gammaproteobacteria,Pseudomonadota,Bacteria,,,Vibrio cholerae serotype O1 biovar El Tor,,,,,,Vibrio cholerae O1,,,
Listeria monocytogenes 10403s,Listeria monocytogenes 10403s,Listeria monocytogenes serotype 1/2a (strain 10403S),Listeria monocytogenes,Listeria,Listeriaceae,Bacillales,Bacilli,Bacillota,Bacteria,,Terrabacteria group,,,,,,,,,,
Streptococcus group B HNTCC 80130,Streptococcus group B HNTCC 80130,,Streptococcus sp. group G,Streptococcus,Streptococcaceae,Lactobacillales,Bacilli,Bacillota,Bacteria,,Terrabacteria group,unclassified Streptococcus,,,,,,,,,
Klebsiella pneumoniae KK3 9904,Klebsiella pneumoniae KK3 9904,Klebsiella pneumoniae (strain 342),Klebsiella pneumoniae,Klebsiella,Enterobacteriaceae,Enterobacterales,Gammaproteobacteria,Pseudomonadota,Bacteria,,,Klebsiella/Raoultella group,,,,,,,,,
Enterobacter cloacae HNTCC 53001,Enterobacter cloacae HNTCC 53001,Enterobacter hormaechei subsp. hoffmannii ECR091,Enterobacter hormaechei,Enterobacter,Enterobacteriaceae,Enterobacterales,Gammaproteobacteria,Pseudomonadota,Bacteria,Enterobacter cloacae complex,,,Enterobacter hormaechei subsp. hoffmannii,,,,,,,,
Streptococcus sobrinus ATCC 33478,Streptococcus sobrinus ATCC 33478,Streptococcus sobrinus DSM 20742 = ATCC 33478,Streptococcus sobrinus,Streptococcus,Streptococcaceae,Lactobacillales,Bacilli,Bacillota,Bacteria,,Terrabacteria group,,,,,,,,,,
Salmonella typhimurium ATCC 7731,Salmonella typhimurium ATCC 7731,Salmonella enterica subsp. enterica serovar Typhimurium str. DT104,Salmonella enterica,Salmonella,Enterobacteriaceae,Enterobacterales,Gammaproteobacteria,Pseudomonadota,Bacteria,,,Salmonella typhimurium,Salmonella enterica I,,,,,,,,
Pseudomonas aeruginosa M76,Pseudomonas aeruginosa M76,Pseudomonas aeruginosa HB13,Pseudomonas aeruginosa,Pseudomonas,Pseudomonadaceae,Pseudomonadales,Gammaproteobacteria,Pseudomonadota,Bacteria,Pseudomonas aeruginosa group,,,,,,,,,,,
Pseudomonas aeruginosa M917,Pseudomonas aeruginosa M917,Pseudomonas aeruginosa HB13,Pseudomonas aeruginosa,Pseudomonas,Pseudomonadaceae,Pseudomonadales,Gammaproteobacteria,Pseudomonadota,Bacteria,Pseudomonas aeruginosa group,,,,,,,,,,,
Pseudomonas aeruginosa M1251,Pseudomonas aeruginosa M1251,Pseudomonas aeruginosa HB13,Pseudomonas aeruginosa,Pseudomonas,Pseudomonadaceae,Pseudomonadales,Gammaproteobacteria,Pseudomonadota,Bacteria,Pseudomonas aeruginosa group,,,,,,,,,,,
Pseudomonas aeruginosa M1426,Pseudomonas aeruginosa M1426,Pseudomonas aeruginosa HB13,Pseudomonas aeruginosa,Pseudomonas,Pseudomonadaceae,Pseudomonadales,Gammaproteobacteria,Pseudomonadota,Bacteria,Pseudomonas aeruginosa group,,,,,,,,,,,
Pseudomonas aeruginosa R70,Pseudomonas aeruginosa R70,Pseudomonas aeruginosa HB13,Pseudomonas aeruginosa,Pseudomonas,Pseudomonadaceae,Pseudomonadales,Gammaproteobacteria,Pseudomonadota,Bacteria,Pseudomonas aeruginosa group,,,,,,,,,,,
Pseudomonas stutzeri,Pseudomonas stutzeri,Stutzerimonas stutzeri RCH2,Stutzerimonas stutzeri,Stutzerimonas,Pseudomonadaceae,Pseudomonadales,Gammaproteobacteria,Pseudomonadota,Bacteria,Stutzerimonas stutzeri group,,,,,,,,,Stutzerimonas stutzeri subgroup,,
Pseudomonas fluorescens,Pseudomonas fluorescens,Pseudomonas fluorescens NZI7,Pseudomonas fluorescens,Pseudomonas,Pseudomonadaceae,Pseudomonadales,Gammaproteobacteria,Pseudomonadota,Bacteria,Pseudomonas fluorescens group,,,,,,,,,,,
Achromobacter xylosoxidans,Achromobacter xylosoxidans,Achromobacter xylosoxidans (strain A8),Alcaligenes xylosoxydans xylosoxydans,Achromobacter,Alcaligenaceae,Burkholderiales,Betaproteobacteria,Pseudomonadota,Bacteria,,,,,,,,,,,,
Pseudomonas aeruginosa 8600,Pseudomonas aeruginosa 8600,Pseudomonas aeruginosa HB13,Pseudomonas aeruginosa,Pseudomonas,Pseudomonadaceae,Pseudomonadales,Gammaproteobacteria,Pseudomonadota,Bacteria,Pseudomonas aeruginosa group,,,,,,,,,,,
Streptococcus pyogenes,Streptococcus pyogenes,Streptococcus pyogenes serotype M6 (strain ATCC BAA-946 / MGAS10394),Streptococcus pyogenes,Streptococcus,Streptococcaceae,Lactobacillales,Bacilli,Bacillota,Bacteria,,Terrabacteria group,,,Streptococcus pyogenes serotype M6,,,,,,,
Proteus mirabilis,Proteus mirabilis,Proteus mirabilis (strain HI4320),Proteus mirabilis,Proteus,Morganellaceae,Enterobacterales,Gammaproteobacteria,Pseudomonadota,Bacteria,,,,,,,,,,,,
Stenotrophomonas maltophilia ATCC 13637,Stenotrophomonas maltophilia ATCC 13637,,Stenotrophomonas maltophilia,Stenotrophomonas,Lysobacteraceae,Lysobacterales,Gammaproteobacteria,Pseudomonadota,Bacteria,Stenotrophomonas maltophilia group,,,,,,,,,,,
Staphylococcus aureus ATCC 33592,Staphylococcus aureus ATCC 33592,Staphylococcus aureus (strain TW20 / 0582),Staphylococcus aureus,Staphylococcus,Staphylococcaceae,Bacillales,Bacilli,Bacillota,Bacteria,,Terrabacteria group,,,,,,,,,,
Bacillus subtilis IFO 3513,Bacillus subtilis IFO 3513,Bacillus subtilis (strain 168),Bacillus subtilis,Bacillus,Bacillaceae,Bacillales,Bacilli,Bacillota,Bacteria,Bacillus subtilis group,Terrabacteria group,,Bacillus subtilis subsp. subtilis,,,,,,,,
Staphylococcus aureus IFO 12732,Staphylococcus aureus IFO 12732,,Staphylococcus aureus,Staphylococcus,Staphylococcaceae,Bacillales,Bacilli,Bacillota,Bacteria,,Terrabacteria group,,,,,,,,,,
Escherichia coli IFO 12734,Escherichia coli IFO 12734,Escherichia coli (strain ATCC 55124 / KO11FL),Escherichia coli,Escherichia,Enterobacteriaceae,Enterobacterales,Gammaproteobacteria,Pseudomonadota,Bacteria,,,,,,,,,,,,
Escherichia coli ATCC 43827,Escherichia coli ATCC 43827,Escherichia coli (strain ATCC 55124 / KO11FL),Escherichia coli,Escherichia,Enterobacteriaceae,Enterobacterales,Gammaproteobacteria,Pseudomonadota,Bacteria,,,,,,,,,,,,
Klebsiella pneumoniae DSM 30104,Klebsiella pneumoniae DSM 30104,Klebsiella pneumoniae subsp. pneumoniae DSM 30104 = JCM 1662 = NBRC 14940,Klebsiella pneumoniae,Klebsiella,Enterobacteriaceae,Enterobacterales,Gammaproteobacteria,Pseudomonadota,Bacteria,,,Klebsiella/Raoultella group,Klebsiella pneumoniae subsp. pneumoniae,,,,,,,,
Candida albicans FH2173,Candida albicans FH2173,Candida albicans (strain SC5314 / ATCC MYA-2876),Candida albicans,Candida,Debaryomycetaceae,Saccharomycetales,Saccharomycetes,Ascomycota,Eukaryota,,Opisthokonta,,,,Saccharomycotina,Dikarya,Fungi,,,,
Escherichia coli CGSC 4908,Escherichia coli CGSC 4908,Escherichia coli (strain ATCC 55124 / KO11FL),Escherichia coli,Escherichia,Enterobacteriaceae,Enterobacterales,Gammaproteobacteria,Pseudomonadota,Bacteria,,,,,,,,,,,,
Enterococcus faecium E007,Enterococcus faecium E007,,Enterococcus sp. EnGen0037,Enterococcus,Enterococcaceae,Lactobacillales,Bacilli,Bacillota,Bacteria,,Terrabacteria group,unclassified Enterococcus,,,,,,,,,
Escherichia coli ATCC 9637,Escherichia coli ATCC 9637,Escherichia coli (strain ATCC 9637 / CCM 2024 / DSM 1116 / LMG 11080 / NBRC 13500 / NCIMB 8666 / NRRL B-766 / W),Escherichia coli,Escherichia,Enterobacteriaceae,Enterobacterales,Gammaproteobacteria,Pseudomonadota,Bacteria,,,,,,,,,,,,
Staphylococcus aureus ATCC 700698,Staphylococcus aureus ATCC 700698,Staphylococcus aureus (strain Mu3 / ATCC 700698),Staphylococcus aureus,Staphylococcus,Staphylococcaceae,Bacillales,Bacilli,Bacillota,Bacteria,,Terrabacteria group,,,,,,,,,,
Staphylococcus aureus ATCC 700699,Staphylococcus aureus ATCC 700699,Staphylococcus aureus (strain Mu50 / ATCC 700699),Staphylococcus aureus,Staphylococcus,Staphylococcaceae,Bacillales,Bacilli,Bacillota,Bacteria,,Terrabacteria group,,,,,,,,,,
Escherichia coli O157:H7 CICC 21530,Escherichia coli O157:H7 CICC 21530,Escherichia coli (strain ATCC 55124 / KO11FL),Escherichia coli,Escherichia,Enterobacteriaceae,Enterobacterales,Gammaproteobacteria,Pseudomonadota,Bacteria,,,,,,,,,,,,
Pseudomonas aeruginosa CICC 10419,Pseudomonas aeruginosa CICC 10419,Pseudomonas aeruginosa HB13,Pseudomonas aeruginosa,Pseudomonas,Pseudomonadaceae,Pseudomonadales,Gammaproteobacteria,Pseudomonadota,Bacteria,Pseudomonas aeruginosa group,,,,,,,,,,,
Enterococcus faecium CMCC 1.2136,Enterococcus faecium CMCC 1.2136,,Enterococcus sp. EnGen0037,Enterococcus,Enterococcaceae,Lactobacillales,Bacilli,Bacillota,Bacteria,,Terrabacteria group,unclassified Enterococcus,,,,,,,,,
Staphylococcus aureus NBRC 12732,Staphylococcus aureus NBRC 12732,,Staphylococcus aureus,Staphylococcus,Staphylococcaceae,Bacillales,Bacilli,Bacillota,Bacteria,,Terrabacteria group,,,,,,,,,,
Escherichia coli NBRC 12734,Escherichia coli NBRC 12734,Escherichia coli (strain ATCC 55124 / KO11FL),Escherichia coli,Escherichia,Enterobacteriaceae,Enterobacterales,Gammaproteobacteria,Pseudomonadota,Bacteria,,,,,,,,,,,,
Pseudomonas aeruginosa NBRC 3080,Pseudomonas aeruginosa NBRC 3080,,Pseudomonas aeruginosa,Pseudomonas,Pseudomonadaceae,Pseudomonadales,Gammaproteobacteria,Pseudomonadota,Bacteria,Pseudomonas aeruginosa group,,,,,,,,,,,
Staphylococcus aureus USA 100,Staphylococcus aureus USA 100,Staphylococcus aureus (strain TW20 / 0582),Staphylococcus aureus,Staphylococcus,Staphylococcaceae,Bacillales,Bacilli,Bacillota,Bacteria,,Terrabacteria group,,,,,,,,,,
Escherichia coli ESBL ,Escherichia coli ESBL ,Escherichia coli (strain ATCC 55124 / KO11FL),Escherichia coli,Escherichia,Enterobacteriaceae,Enterobacterales,Gammaproteobacteria,Pseudomonadota,Bacteria,,,,,,,,,,,,
Mycobacterium tuberculosis H37Rv,Mycobacterium tuberculosis H37Rv,Mycobacterium tuberculosis (strain ATCC 25618 / H37Rv),Mycobacterium tuberculosis,Mycobacterium,Mycobacteriaceae,Mycobacteriales,Actinomycetes,Actinomycetota,Bacteria,Mycobacterium tuberculosis complex,Terrabacteria group,,,,,,,,,,
Pseudomonas aeruginosa PAO1 H103,Pseudomonas aeruginosa PAO1 H103,Pseudomonas aeruginosa HB13,Pseudomonas aeruginosa,Pseudomonas,Pseudomonadaceae,Pseudomonadales,Gammaproteobacteria,Pseudomonadota,Bacteria,Pseudomonas aeruginosa group,,,,,,,,,,,
Escherichia coli LMG 15862,Escherichia coli LMG 15862,Escherichia coli (strain ATCC 55124 / KO11FL),Escherichia coli,Escherichia,Enterobacteriaceae,Enterobacterales,Gammaproteobacteria,Pseudomonadota,Bacteria,,,,,,,,,,,,
Klebsiella pneumoniae LMG 20218,Klebsiella pneumoniae LMG 20218,Klebsiella pneumoniae (strain 342),Klebsiella pneumoniae,Klebsiella,Enterobacteriaceae,Enterobacterales,Gammaproteobacteria,Pseudomonadota,Bacteria,,,Klebsiella/Raoultella group,,,,,,,,,
Pseudomonas aeruginosa LMG 6395,Pseudomonas aeruginosa LMG 6395,,Pseudomonas aeruginosa,Pseudomonas,Pseudomonadaceae,Pseudomonadales,Gammaproteobacteria,Pseudomonadota,Bacteria,Pseudomonas aeruginosa group,,,,,,,,,,,
Acinetobacter baumannii LMG 01041,Acinetobacter baumannii LMG 01041,Acinetobacter baumannii (strain ACICU),Acinetobacter baumannii,Acinetobacter,Moraxellaceae,Moraxellales,Gammaproteobacteria,Pseudomonadota,Bacteria,Acinetobacter calcoaceticus/baumannii complex,,,,,,,,,,,
Klebsiella aerogenes LMG 02094,Klebsiella aerogenes LMG 02094,,Klebsiella aerogenes,Klebsiella,Enterobacteriaceae,Enterobacterales,Gammaproteobacteria,Pseudomonadota,Bacteria,,,Klebsiella/Raoultella group,,,,,,,,,
Staphylococcus aureus USA 400,Staphylococcus aureus USA 400,Staphylococcus aureus (strain TW20 / 0582),Staphylococcus aureus,Staphylococcus,Staphylococcaceae,Bacillales,Bacilli,Bacillota,Bacteria,,Terrabacteria group,,,,,,,,,,
Staphylococcus aureus ATCC 6538P,Staphylococcus aureus ATCC 6538P,,Staphylococcus aureus,Staphylococcus,Staphylococcaceae,Bacillales,Bacilli,Bacillota,Bacteria,,Terrabacteria group,,,,,,,,,,
Aeromonas salmonicida NCIMB 1102,Aeromonas salmonicida NCIMB 1102,,Aeromonas salmonicida,Aeromonas,Aeromonadaceae,Aeromonadales,Gammaproteobacteria,Pseudomonadota,Bacteria,,,,,,,,,,,,
Staphylococcus epidermidis KCTC 1917,Staphylococcus epidermidis KCTC 1917,Staphylococcus epidermidis (strain ATCC 35984 / DSM 28319 / BCRC 17069 / CCUG 31568 / BM 3577 / RP62A),Staphylococcus epidermidis,Staphylococcus,Staphylococcaceae,Bacillales,Bacilli,Bacillota,Bacteria,,Terrabacteria group,,,,,,,,,,
Listeria monocytogenes KCTC 19111,Listeria monocytogenes KCTC 19111,Listeria monocytogenes serotype 1/2a (strain 10403S),Listeria monocytogenes,Listeria,Listeriaceae,Bacillales,Bacilli,Bacillota,Bacteria,,Terrabacteria group,,,,,,,,,,
Escherichia coli BW25113 del-sbmA,Escherichia coli BW25113 del-sbmA,Escherichia coli (strain ATCC 55124 / KO11FL),Escherichia coli,Escherichia,Enterobacteriaceae,Enterobacterales,Gammaproteobacteria,Pseudomonadota,Bacteria,,,,,,,,,,,,
Lactococcus lactis subsp. lactis IL1403,Lactococcus lactis subsp. lactis IL1403,Lactococcus lactis subsp. lactis (strain IL1403),Lactococcus lactis,Lactococcus,Streptococcaceae,Lactobacillales,Bacilli,Bacillota,Bacteria,,Terrabacteria group,,Lactococcus lactis subsp. lactis,,,,,,,,
Aeromonas salmonicida ATCC 33658,Aeromonas salmonicida ATCC 33658,,Aeromonas salmonicida,Aeromonas,Aeromonadaceae,Aeromonadales,Gammaproteobacteria,Pseudomonadota,Bacteria,,,,,,,,,,,,
Klebsiella pneumoniae NCTC 13442,Klebsiella pneumoniae NCTC 13442,Klebsiella pneumoniae (strain 342),Klebsiella pneumoniae,Klebsiella,Enterobacteriaceae,Enterobacterales,Gammaproteobacteria,Pseudomonadota,Bacteria,,,Klebsiella/Raoultella group,,,,,,,,,
Acinetobacter baumannii Q13-0717,Acinetobacter baumannii Q13-0717,Acinetobacter baumannii (strain ACICU),Acinetobacter baumannii,Acinetobacter,Moraxellaceae,Moraxellales,Gammaproteobacteria,Pseudomonadota,Bacteria,Acinetobacter calcoaceticus/baumannii complex,,,,,,,,,,,
Pseudomonas aeruginosa Q14-0208,Pseudomonas aeruginosa Q14-0208,Pseudomonas aeruginosa HB13,Pseudomonas aeruginosa,Pseudomonas,Pseudomonadaceae,Pseudomonadales,Gammaproteobacteria,Pseudomonadota,Bacteria,Pseudomonas aeruginosa group,,,,,,,,,,,
Campylobacter jejuni NCTC 11351,Campylobacter jejuni NCTC 11351,,Campylobacter jejuni,Campylobacter,Campylobacteraceae,Campylobacterales,Epsilonproteobacteria,Campylobacterota,Bacteria,,,,,,,,,,,,
Listeria monocytogenes NCTC 11994,Listeria monocytogenes NCTC 11994,Listeria monocytogenes serotype 4b str. NCTC 11994,Listeria monocytogenes,Listeria,Listeriaceae,Bacillales,Bacilli,Bacillota,Bacteria,,Terrabacteria group,,,Listeria monocytogenes serotype 4b,,,,,,,
Staphylococcus aureus ATCC BAA-41,Staphylococcus aureus ATCC BAA-41,Staphylococcus aureus (strain TW20 / 0582),Staphylococcus aureus,Staphylococcus,Staphylococcaceae,Bacillales,Bacilli,Bacillota,Bacteria,,Terrabacteria group,,,,,,,,,,
Streptococcus sanguinis,Streptococcus sanguinis,Streptococcus sanguinis SK1 = NCTC 7863,Streptococcus sanguinis,Streptococcus,Streptococcaceae,Lactobacillales,Bacilli,Bacillota,Bacteria,,Terrabacteria group,,,,,,,,,,
Listeria innocua,Listeria innocua,Listeria innocua serovar 6a (strain ATCC BAA-680 / CLIP 11262),Listeria innocua,Listeria,Listeriaceae,Bacillales,Bacilli,Bacillota,Bacteria,,Terrabacteria group,,,,,,,,,,
Micrococcus luteus,Micrococcus luteus,Micrococcus luteus (strain ATCC 4698 / DSM 20030 / JCM 1464 / CCM 169 / CCUG 5858 / IAM 1056 / NBRC 3333 / NCIMB 9278 / NCTC 2665 / VKM Ac-2230),Micrococcus luteus,Micrococcus,Micrococcaceae,Micrococcales,Actinomycetes,Actinomycetota,Bacteria,,Terrabacteria group,,,,,,,,,,
Pasteurella multocida,Pasteurella multocida,Pasteurella multocida (strain Pm70),Pasteurella multocida,Pasteurella,Pasteurellaceae,Pasteurellales,Gammaproteobacteria,Pseudomonadota,Bacteria,,,,Pasteurella multocida subsp. multocida,,,,,,,,
Shigella flexneri ATCC 12022,Shigella flexneri ATCC 12022,,Shigella flexneri,Shigella,Enterobacteriaceae,Enterobacterales,Gammaproteobacteria,Pseudomonadota,Bacteria,,,,,,,,,,,,
Acinetobacter baumannii NM75,Acinetobacter baumannii NM75,Acinetobacter baumannii (strain ACICU),Acinetobacter baumannii,Acinetobacter,Moraxellaceae,Moraxellales,Gammaproteobacteria,Pseudomonadota,Bacteria,Acinetobacter calcoaceticus/baumannii complex,,,,,,,,,,,
Acinetobacter baumannii NM124,Acinetobacter baumannii NM124,Acinetobacter baumannii (strain ACICU),Acinetobacter baumannii,Acinetobacter,Moraxellaceae,Moraxellales,Gammaproteobacteria,Pseudomonadota,Bacteria,Acinetobacter calcoaceticus/baumannii complex,,,,,,,,,,,
Shigella dysenteriae,Shigella dysenteriae,Shigella dysenteriae serotype 1 (strain Sd197),Shigella dysenteriae,Shigella,Enterobacteriaceae,Enterobacterales,Gammaproteobacteria,Pseudomonadota,Bacteria,,,,,,,,,,,,
Candida glabrata,Candida glabrata,Candida glabrata (strain ATCC 2001 / BCRC 20586 / JCM 3761 / NBRC 0622 / NRRL Y-65 / CBS 138),Candida glabrata,Nakaseomyces,Saccharomycetaceae,Saccharomycetales,Saccharomycetes,Ascomycota,Eukaryota,,Opisthokonta,,,,Saccharomycotina,Dikarya,Fungi,,,,
Vibrio harveyi,Vibrio harveyi,Vibrio harveyi (strain 1DA3),Vibrio harveyi,Vibrio,Vibrionaceae,Vibrionales,Gammaproteobacteria,Pseudomonadota,Bacteria,Vibrio harveyi group,,,,,,,,,,,
Vibrio parahaemolyticus,Vibrio parahaemolyticus,Vibrio parahaemolyticus serotype O3:K6 (strain AQ3810),Vibrio parahaemolyticus,Vibrio,Vibrionaceae,Vibrionales,Gammaproteobacteria,Pseudomonadota,Bacteria,Vibrio harveyi group,,,,,,,,,,,
Vibrio cholerae,Vibrio cholerae,Vibrio cholerae (strain MO10),Vibrio cholerae,Vibrio,Vibrionaceae,Vibrionales,Gammaproteobacteria,Pseudomonadota,Bacteria,,,,,,,,,,,,
Aeromonas sobria,Aeromonas sobria,,Aeromonas sobria,Aeromonas,Aeromonadaceae,Aeromonadales,Gammaproteobacteria,Pseudomonadota,Bacteria,,,,,,,,,,,,
Bacillus subtilis 168,Bacillus subtilis 168,Bacillus subtilis (strain 168),Bacillus subtilis,Bacillus,Bacillaceae,Bacillales,Bacilli,Bacillota,Bacteria,Bacillus subtilis group,Terrabacteria group,,Bacillus subtilis subsp. subtilis,,,,,,,,
Corynebacterium glutamicum CGMCC 1.1886,Corynebacterium glutamicum CGMCC 1.1886,Corynebacterium glutamicum (strain ATCC 13032 / DSM 20300 / JCM 1318 / BCRC 11384 / CCUG 27702 / LMG 3730 / NBRC 12168 / NCIMB 10025 / NRRL B-2784 / 534),Corynebacterium glutamicum,Corynebacterium,Corynebacteriaceae,Mycobacteriales,Actinomycetes,Actinomycetota,Bacteria,,Terrabacteria group,,,,,,,,,,
Escherichia coli CGMCC 1.2389,Escherichia coli CGMCC 1.2389,Escherichia coli (strain ATCC 55124 / KO11FL),Escherichia coli,Escherichia,Enterobacteriaceae,Enterobacterales,Gammaproteobacteria,Pseudomonadota,Bacteria,,,,,,,,,,,,
Staphylococcus aureus ATCC 27660,Staphylococcus aureus ATCC 27660,Staphylococcus aureus (strain TW20 / 0582),Staphylococcus aureus,Staphylococcus,Staphylococcaceae,Bacillales,Bacilli,Bacillota,Bacteria,,Terrabacteria group,,,,,,,,,,
Micrococcus luteus A270,Micrococcus luteus A270,Micrococcus luteus (strain ATCC 4698 / DSM 20030 / JCM 1464 / CCM 169 / CCUG 5858 / IAM 1056 / NBRC 3333 / NCIMB 9278 / NCTC 2665 / VKM Ac-2230),Micrococcus luteus,Micrococcus,Micrococcaceae,Micrococcales,Actinomycetes,Actinomycetota,Bacteria,,Terrabacteria group,,,,,,,,,,
Staphylococcus aureus ST1065,Staphylococcus aureus ST1065,Staphylococcus aureus (strain TW20 / 0582),Staphylococcus aureus,Staphylococcus,Staphylococcaceae,Bacillales,Bacilli,Bacillota,Bacteria,,Terrabacteria group,,,,,,,,,,
Pseudomonas aeruginosa ATCC 10419,Pseudomonas aeruginosa ATCC 10419,Pseudomonas aeruginosa HB13,Pseudomonas aeruginosa,Pseudomonas,Pseudomonadaceae,Pseudomonadales,Gammaproteobacteria,Pseudomonadota,Bacteria,Pseudomonas aeruginosa group,,,,,,,,,,,
Pseudomonas aeruginosa ATCC 21625,Pseudomonas aeruginosa ATCC 21625,Pseudomonas aeruginosa HB13,Pseudomonas aeruginosa,Pseudomonas,Pseudomonadaceae,Pseudomonadales,Gammaproteobacteria,Pseudomonadota,Bacteria,Pseudomonas aeruginosa group,,,,,,,,,,,
Pseudomonas aeruginosa ATCC 21630,Pseudomonas aeruginosa ATCC 21630,Pseudomonas aeruginosa HB13,Pseudomonas aeruginosa,Pseudomonas,Pseudomonadaceae,Pseudomonadales,Gammaproteobacteria,Pseudomonadota,Bacteria,Pseudomonas aeruginosa group,,,,,,,,,,,
Escherichia coli HB101,Escherichia coli HB101,Escherichia coli HB101,Escherichia coli,Escherichia,Enterobacteriaceae,Enterobacterales,Gammaproteobacteria,Pseudomonadota,Bacteria,,,,,,,,,,,,
Escherichia coli CMCC 44102,Escherichia coli CMCC 44102,Escherichia coli (strain ATCC 55124 / KO11FL),Escherichia coli,Escherichia,Enterobacteriaceae,Enterobacterales,Gammaproteobacteria,Pseudomonadota,Bacteria,,,,,,,,,,,,
Staphylococcus aureus TISTR 517,Staphylococcus aureus TISTR 517,Staphylococcus aureus (strain TW20 / 0582),Staphylococcus aureus,Staphylococcus,Staphylococcaceae,Bacillales,Bacilli,Bacillota,Bacteria,,Terrabacteria group,,,,,,,,,,
Bordetella bronchiseptica CUN 11844-99,Bordetella bronchiseptica CUN 11844-99,Bordetella pertussis 2356847,Bordetella pertussis,Bordetella,Alcaligenaceae,Burkholderiales,Betaproteobacteria,Pseudomonadota,Bacteria,,,,,,,,,,,,
Pseudomonas aeruginosa CUN 4158-02,Pseudomonas aeruginosa CUN 4158-02,Pseudomonas aeruginosa HB13,Pseudomonas aeruginosa,Pseudomonas,Pseudomonadaceae,Pseudomonadales,Gammaproteobacteria,Pseudomonadota,Bacteria,Pseudomonas aeruginosa group,,,,,,,,,,,
Staphylococcus aureus CUN 3792-99,Staphylococcus aureus CUN 3792-99,Staphylococcus aureus (strain TW20 / 0582),Staphylococcus aureus,Staphylococcus,Staphylococcaceae,Bacillales,Bacilli,Bacillota,Bacteria,,Terrabacteria group,,,,,,,,,,
Escherichia coli E423-17,Escherichia coli E423-17,Escherichia coli (strain ATCC 55124 / KO11FL),Escherichia coli,Escherichia,Enterobacteriaceae,Enterobacterales,Gammaproteobacteria,Pseudomonadota,Bacteria,,,,,,,,,,,,
Enterobacter sp.,Enterobacter sp.,Phytobacter massiliensis JC163,Phytobacter massiliensis,Phytobacter,Enterobacteriaceae,Enterobacterales,Gammaproteobacteria,Pseudomonadota,Bacteria,,,,,,,,,,,,
Staphylococcus aureus DSM 11729,Staphylococcus aureus DSM 11729,Staphylococcus aureus (strain TW20 / 0582),Staphylococcus aureus,Staphylococcus,Staphylococcaceae,Bacillales,Bacilli,Bacillota,Bacteria,,Terrabacteria group,,,,,,,,,,
Bacillus subtilis PY79,Bacillus subtilis PY79,Bacillus subtilis PY79,Bacillus subtilis,Bacillus,Bacillaceae,Bacillales,Bacilli,Bacillota,Bacteria,Bacillus subtilis group,Terrabacteria group,,,,,,,,,,
Lactiplantibacillus plantarum 8014,Lactiplantibacillus plantarum 8014,,Lactiplantibacillus plantarum,Lactiplantibacillus,Lactobacillaceae,Lactobacillales,Bacilli,Bacillota,Bacteria,,Terrabacteria group,,,,,,,,,,
Lacticaseibacillus rhamnosus 1.0385,Lacticaseibacillus rhamnosus 1.0385,,Lacticaseibacillus rhamnosus,Lacticaseibacillus,Lactobacillaceae,Lactobacillales,Bacilli,Bacillota,Bacteria,,Terrabacteria group,,,,,,,,,,
Lacticaseibacillus rhamnosus 1.0911,Lacticaseibacillus rhamnosus 1.0911,,Lacticaseibacillus rhamnosus,Lacticaseibacillus,Lactobacillaceae,Lactobacillales,Bacilli,Bacillota,Bacteria,,Terrabacteria group,,,,,,,,,,
Streptococcus pyogenes M1T1 5448,Streptococcus pyogenes M1T1 5448,Streptococcus pyogenes serotype M6 (strain ATCC BAA-946 / MGAS10394),Streptococcus pyogenes,Streptococcus,Streptococcaceae,Lactobacillales,Bacilli,Bacillota,Bacteria,,Terrabacteria group,,,Streptococcus pyogenes serotype M6,,,,,,,
Staphylococcus xylosus DSM 20267,Staphylococcus xylosus DSM 20267,,Staphylococcus xylosus,Staphylococcus,Staphylococcaceae,Bacillales,Bacilli,Bacillota,Bacteria,,Terrabacteria group,,,,,,,,,,
Streptococcus agalactiae BNCC 185941,Streptococcus agalactiae BNCC 185941,Streptococcus agalactiae (strain ATCC 13813 / DSM 2134 / JCM 5671 / CCUG 4208 / LMG 14694 / NCIMB 701348 / NCTC 8181 / G19),Streptococcus agalactiae,Streptococcus,Streptococcaceae,Lactobacillales,Bacilli,Bacillota,Bacteria,,Terrabacteria group,,,,,,,,,,
Lacticaseibacillus rhamnosus 8014,Lacticaseibacillus rhamnosus 8014,,Lacticaseibacillus rhamnosus,Lacticaseibacillus,Lactobacillaceae,Lactobacillales,Bacilli,Bacillota,Bacteria,,Terrabacteria group,,,,,,,,,,
Lacticaseibacillus rhamnosus 1.0936,Lacticaseibacillus rhamnosus 1.0936,,Lacticaseibacillus rhamnosus,Lacticaseibacillus,Lactobacillaceae,Lactobacillales,Bacilli,Bacillota,Bacteria,,Terrabacteria group,,,,,,,,,,
Lacticaseibacillus rhamnosus 1.9021,Lacticaseibacillus rhamnosus 1.9021,,Lacticaseibacillus rhamnosus,Lacticaseibacillus,Lactobacillaceae,Lactobacillales,Bacilli,Bacillota,Bacteria,,Terrabacteria group,,,,,,,,,,
Salmonella enterica subsp. enterica serovar Choleraesuis CMCC 50020,Salmonella enterica subsp. enterica serovar Choleraesuis CMCC 50020,,Salmonella enterica,Salmonella,Enterobacteriaceae,Enterobacterales,Gammaproteobacteria,Pseudomonadota,Bacteria,,,Salmonella muenchen,Salmonella enterica I,,,,,,,,
Salmonella typhimurium CMCC 50013,Salmonella typhimurium CMCC 50013,Salmonella enterica subsp. enterica serovar Typhimurium str. DT104,Salmonella enterica,Salmonella,Enterobacteriaceae,Enterobacterales,Gammaproteobacteria,Pseudomonadota,Bacteria,,,Salmonella typhimurium,Salmonella enterica I,,,,,,,,
Corynebacterium glutamicum ATCC 13032,Corynebacterium glutamicum ATCC 13032,Corynebacterium glutamicum (strain ATCC 13032 / DSM 20300 / JCM 1318 / BCRC 11384 / CCUG 27702 / LMG 3730 / NBRC 12168 / NCIMB 10025 / NRRL B-2784 / 534),Corynebacterium glutamicum,Corynebacterium,Corynebacteriaceae,Mycobacteriales,Actinomycetes,Actinomycetota,Bacteria,,Terrabacteria group,,,,,,,,,,
Acinetobacter baumannii ATCC BAA-1794,Acinetobacter baumannii ATCC BAA-1794,Acinetobacter baumannii (strain ACICU),Acinetobacter baumannii,Acinetobacter,Moraxellaceae,Moraxellales,Gammaproteobacteria,Pseudomonadota,Bacteria,Acinetobacter calcoaceticus/baumannii complex,,,,,,,,,,,
Escherichia coli ATCC 4157,Escherichia coli ATCC 4157,Escherichia coli (strain ATCC 55124 / KO11FL),Escherichia coli,Escherichia,Enterobacteriaceae,Enterobacterales,Gammaproteobacteria,Pseudomonadota,Bacteria,,,,,,,,,,,,
Escherichia coli ATCC 51659,Escherichia coli ATCC 51659,Escherichia coli (strain ATCC 55124 / KO11FL),Escherichia coli,Escherichia,Enterobacteriaceae,Enterobacterales,Gammaproteobacteria,Pseudomonadota,Bacteria,,,,,,,,,,,,
Klebsiella pneumoniae KCTC 2208,Klebsiella pneumoniae KCTC 2208,Klebsiella pneumoniae (strain 342),Klebsiella pneumoniae,Klebsiella,Enterobacteriaceae,Enterobacterales,Gammaproteobacteria,Pseudomonadota,Bacteria,,,Klebsiella/Raoultella group,,,,,,,,,
Candida parapsilosis ATCC 22019,Candida parapsilosis ATCC 22019,,Candida parapsilosis,Candida,Debaryomycetaceae,Saccharomycetales,Saccharomycetes,Ascomycota,Eukaryota,,Opisthokonta,,,,Saccharomycotina,Dikarya,Fungi,,,,
Candida albicans ATCC 14053,Candida albicans ATCC 14053,Candida albicans (strain SC5314 / ATCC MYA-2876),Candida albicans,Candida,Debaryomycetaceae,Saccharomycetales,Saccharomycetes,Ascomycota,Eukaryota,,Opisthokonta,,,,Saccharomycotina,Dikarya,Fungi,,,,
Acinetobacter baumannii Ab5753,Acinetobacter baumannii Ab5753,Acinetobacter baumannii (strain ACICU),Acinetobacter baumannii,Acinetobacter,Moraxellaceae,Moraxellales,Gammaproteobacteria,Pseudomonadota,Bacteria,Acinetobacter calcoaceticus/baumannii complex,,,,,,,,,,,
Escherichia coli Ec513,Escherichia coli Ec513,Escherichia coli (strain ATCC 55124 / KO11FL),Escherichia coli,Escherichia,Enterobacteriaceae,Enterobacterales,Gammaproteobacteria,Pseudomonadota,Bacteria,,,,,,,,,,,,
Pseudomonas aeruginosa Pa1409,Pseudomonas aeruginosa Pa1409,Pseudomonas aeruginosa HB13,Pseudomonas aeruginosa,Pseudomonas,Pseudomonadaceae,Pseudomonadales,Gammaproteobacteria,Pseudomonadota,Bacteria,Pseudomonas aeruginosa group,,,,,,,,,,,
Staphylococcus aureus Sa1390,Staphylococcus aureus Sa1390,Staphylococcus aureus (strain TW20 / 0582),Staphylococcus aureus,Staphylococcus,Staphylococcaceae,Bacillales,Bacilli,Bacillota,Bacteria,,Terrabacteria group,,,,,,,,,,
Micrococcus luteus ATCC 49732,Micrococcus luteus ATCC 49732,Micrococcus luteus (strain ATCC 4698 / DSM 20030 / JCM 1464 / CCM 169 / CCUG 5858 / IAM 1056 / NBRC 3333 / NCIMB 9278 / NCTC 2665 / VKM Ac-2230),Micrococcus luteus,Micrococcus,Micrococcaceae,Micrococcales,Actinomycetes,Actinomycetota,Bacteria,,Terrabacteria group,,,,,,,,,,
Streptococcus agalactiae ATCC 12386,Streptococcus agalactiae ATCC 12386,Streptococcus agalactiae (strain ATCC 13813 / DSM 2134 / JCM 5671 / CCUG 4208 / LMG 14694 / NCIMB 701348 / NCTC 8181 / G19),Streptococcus agalactiae,Streptococcus,Streptococcaceae,Lactobacillales,Bacilli,Bacillota,Bacteria,,Terrabacteria group,,,,,,,,,,
Escherichia coli TOP 10,Escherichia coli TOP 10,Escherichia coli (strain ATCC 55124 / KO11FL),Escherichia coli,Escherichia,Enterobacteriaceae,Enterobacterales,Gammaproteobacteria,Pseudomonadota,Bacteria,,,,,,,,,,,,
Serratia marcescens,Serratia marcescens,Serratia marcescens subsp. marcescens ATCC 13880,Serratia marcescens,Serratia,Yersiniaceae,Enterobacterales,Gammaproteobacteria,Pseudomonadota,Bacteria,,,,,,,,,,,,
Staphylococcus epidermidis DSM 1798,Staphylococcus epidermidis DSM 1798,Staphylococcus epidermidis (strain ATCC 35984 / DSM 28319 / BCRC 17069 / CCUG 31568 / BM 3577 / RP62A),Staphylococcus epidermidis,Staphylococcus,Staphylococcaceae,Bacillales,Bacilli,Bacillota,Bacteria,,Terrabacteria group,,,,,,,,,,
Mycobacterium tuberculosis WXY,Mycobacterium tuberculosis WXY,Mycobacterium tuberculosis (strain ATCC 25177 / H37Ra),Mycobacterium tuberculosis,Mycobacterium,Mycobacteriaceae,Mycobacteriales,Actinomycetes,Actinomycetota,Bacteria,Mycobacterium tuberculosis complex,Terrabacteria group,,,,,,,,,,
Mycobacterium tuberculosis CAS3,Mycobacterium tuberculosis CAS3,Mycobacterium tuberculosis (strain ATCC 25177 / H37Ra),Mycobacterium tuberculosis,Mycobacterium,Mycobacteriaceae,Mycobacteriales,Actinomycetes,Actinomycetota,Bacteria,Mycobacterium tuberculosis complex,Terrabacteria group,,,,,,,,,,
Candida albicans CGMCC 2.2411,Candida albicans CGMCC 2.2411,Candida albicans (strain SC5314 / ATCC MYA-2876),Candida albicans,Candida,Debaryomycetaceae,Saccharomycetales,Saccharomycetes,Ascomycota,Eukaryota,,Opisthokonta,,,,Saccharomycotina,Dikarya,Fungi,,,,
Enterobacter cloacae NHTCC 53001,Enterobacter cloacae NHTCC 53001,Enterobacter hormaechei subsp. hoffmannii ECR091,Enterobacter hormaechei,Enterobacter,Enterobacteriaceae,Enterobacterales,Gammaproteobacteria,Pseudomonadota,Bacteria,Enterobacter cloacae complex,,,Enterobacter hormaechei subsp. hoffmannii,,,,,,,,
Lacticaseibacillus rhamnosus 7469,Lacticaseibacillus rhamnosus 7469,,Lacticaseibacillus rhamnosus,Lacticaseibacillus,Lactobacillaceae,Lactobacillales,Bacilli,Bacillota,Bacteria,,Terrabacteria group,,,,,,,,,,
Bacillus anthracis,Bacillus anthracis,Bacillus anthracis str. Ames,Bacillus anthracis,Bacillus,Bacillaceae,Bacillales,Bacilli,Bacillota,Bacteria,Bacillus cereus group,Terrabacteria group,,,,,,,,,,
Staphylococcus aureus ATCC 29737,Staphylococcus aureus ATCC 29737,Staphylococcus aureus (strain TW20 / 0582),Staphylococcus aureus,Staphylococcus,Staphylococcaceae,Bacillales,Bacilli,Bacillota,Bacteria,,Terrabacteria group,,,,,,,,,,
Escherichia coli MC1041,Escherichia coli MC1041,Escherichia coli (strain ATCC 55124 / KO11FL),Escherichia coli,Escherichia,Enterobacteriaceae,Enterobacterales,Gammaproteobacteria,Pseudomonadota,Bacteria,,,,,,,,,,,,
Escherichia coli JJ2489,Escherichia coli JJ2489,Escherichia coli JJ2489,Escherichia coli,Escherichia,Enterobacteriaceae,Enterobacterales,Gammaproteobacteria,Pseudomonadota,Bacteria,,,,,,,,,,,,
Escherichia coli JW0368 del-sbmA,Escherichia coli JW0368 del-sbmA,Escherichia coli (strain ATCC 55124 / KO11FL),Escherichia coli,Escherichia,Enterobacteriaceae,Enterobacterales,Gammaproteobacteria,Pseudomonadota,Bacteria,,,,,,,,,,,,
Escherichia coli JW2778 del-ygdD,Escherichia coli JW2778 del-ygdD,Escherichia coli (strain ATCC 55124 / KO11FL),Escherichia coli,Escherichia,Enterobacteriaceae,Enterobacterales,Gammaproteobacteria,Pseudomonadota,Bacteria,,,,,,,,,,,,
Escherichia coli KCTC 1682,Escherichia coli KCTC 1682,Escherichia coli (strain ATCC 55124 / KO11FL),Escherichia coli,Escherichia,Enterobacteriaceae,Enterobacterales,Gammaproteobacteria,Pseudomonadota,Bacteria,,,,,,,,,,,,
Pseudomonas aeruginosa KCTC 1637,Pseudomonas aeruginosa KCTC 1637,Pseudomonas aeruginosa HB13,Pseudomonas aeruginosa,Pseudomonas,Pseudomonadaceae,Pseudomonadales,Gammaproteobacteria,Pseudomonadota,Bacteria,Pseudomonas aeruginosa group,,,,,,,,,,,
Bacillus subtilis KCTC 3068,Bacillus subtilis KCTC 3068,Bacillus subtilis (strain 168),Bacillus subtilis,Bacillus,Bacillaceae,Bacillales,Bacilli,Bacillota,Bacteria,Bacillus subtilis group,Terrabacteria group,,Bacillus subtilis subsp. subtilis,,,,,,,,
Enterococcus faecalis KCTC 2011,Enterococcus faecalis KCTC 2011,Enterococcus faecalis EnGen0207,Enterococcus faecalis,Enterococcus,Enterococcaceae,Lactobacillales,Bacilli,Bacillota,Bacteria,,Terrabacteria group,,,,,,,,,,
Staphylococcus aureus KCTC 1621,Staphylococcus aureus KCTC 1621,Staphylococcus aureus (strain TW20 / 0582),Staphylococcus aureus,Staphylococcus,Staphylococcaceae,Bacillales,Bacilli,Bacillota,Bacteria,,Terrabacteria group,,,,,,,,,,
Salmonella typhimurium CCARM 8009,Salmonella typhimurium CCARM 8009,Salmonella enterica subsp. enterica serovar Typhimurium str. DT104,Salmonella enterica,Salmonella,Enterobacteriaceae,Enterobacterales,Gammaproteobacteria,Pseudomonadota,Bacteria,,,Salmonella typhimurium,Salmonella enterica I,,,,,,,,
Pseudomonas aeruginosa CCARM 2095,Pseudomonas aeruginosa CCARM 2095,Pseudomonas aeruginosa HB13,Pseudomonas aeruginosa,Pseudomonas,Pseudomonadaceae,Pseudomonadales,Gammaproteobacteria,Pseudomonadota,Bacteria,Pseudomonas aeruginosa group,,,,,,,,,,,
Acinetobacter baumannii CCARM 12035,Acinetobacter baumannii CCARM 12035,Acinetobacter baumannii (strain ACICU),Acinetobacter baumannii,Acinetobacter,Moraxellaceae,Moraxellales,Gammaproteobacteria,Pseudomonadota,Bacteria,Acinetobacter calcoaceticus/baumannii complex,,,,,,,,,,,
Bacillus megaterium,Bacillus megaterium,Priestia megaterium (strain DSM 319 / IMG 1521),Priestia megaterium,Priestia,Bacillaceae,Bacillales,Bacilli,Bacillota,Bacteria,,Terrabacteria group,,,,,,,,,,
Pseudomonas aeruginosa 9,Pseudomonas aeruginosa 9,Pseudomonas aeruginosa HB13,Pseudomonas aeruginosa,Pseudomonas,Pseudomonadaceae,Pseudomonadales,Gammaproteobacteria,Pseudomonadota,Bacteria,Pseudomonas aeruginosa group,,,,,,,,,,,
Pseudomonas aeruginosa 198,Pseudomonas aeruginosa 198,Pseudomonas aeruginosa HB13,Pseudomonas aeruginosa,Pseudomonas,Pseudomonadaceae,Pseudomonadales,Gammaproteobacteria,Pseudomonadota,Bacteria,Pseudomonas aeruginosa group,,,,,,,,,,,
Pseudomonas aeruginosa H1030,Pseudomonas aeruginosa H1030,Pseudomonas aeruginosa HB13,Pseudomonas aeruginosa,Pseudomonas,Pseudomonadaceae,Pseudomonadales,Gammaproteobacteria,Pseudomonadota,Bacteria,Pseudomonas aeruginosa group,,,,,,,,,,,
Pseudomonas aeruginosa H1027,Pseudomonas aeruginosa H1027,Pseudomonas aeruginosa HB13,Pseudomonas aeruginosa,Pseudomonas,Pseudomonadaceae,Pseudomonadales,Gammaproteobacteria,Pseudomonadota,Bacteria,Pseudomonas aeruginosa group,,,,,,,,,,,
Enterobacter cloacae 218R,Enterobacter cloacae 218R,Enterobacter hormaechei subsp. hoffmannii ECR091,Enterobacter hormaechei,Enterobacter,Enterobacteriaceae,Enterobacterales,Gammaproteobacteria,Pseudomonadota,Bacteria,Enterobacter cloacae complex,,,Enterobacter hormaechei subsp. hoffmannii,,,,,,,,
Escherichia coli ESBL 64771,Escherichia coli ESBL 64771,Escherichia coli (strain ATCC 55124 / KO11FL),Escherichia coli,Escherichia,Enterobacteriaceae,Enterobacterales,Gammaproteobacteria,Pseudomonadota,Bacteria,,,,,,,,,,,,
Klebsiella pneumoniae ESBL 61962,Klebsiella pneumoniae ESBL 61962,Klebsiella pneumoniae (strain 342),Klebsiella pneumoniae,Klebsiella,Enterobacteriaceae,Enterobacterales,Gammaproteobacteria,Pseudomonadota,Bacteria,,,Klebsiella/Raoultella group,,,,,,,,,
Klebsiella pneumoniae ESBL 63575,Klebsiella pneumoniae ESBL 63575,Klebsiella pneumoniae (strain 342),Klebsiella pneumoniae,Klebsiella,Enterobacteriaceae,Enterobacterales,Gammaproteobacteria,Pseudomonadota,Bacteria,,,Klebsiella/Raoultella group,,,,,,,,,
Enterococcus faecalis W61950,Enterococcus faecalis W61950,Enterococcus faecalis EnGen0207,Enterococcus faecalis,Enterococcus,Enterococcaceae,Lactobacillales,Bacilli,Bacillota,Bacteria,,Terrabacteria group,,,,,,,,,,
Enterococcus faecalis f43559,Enterococcus faecalis f43559,Enterococcus faecalis EnGen0207,Enterococcus faecalis,Enterococcus,Enterococcaceae,Lactobacillales,Bacilli,Bacillota,Bacteria,,Terrabacteria group,,,,,,,,,,
Enterococcus faecium t62764,Enterococcus faecium t62764,,Enterococcus sp. EnGen0037,Enterococcus,Enterococcaceae,Lactobacillales,Bacilli,Bacillota,Bacteria,,Terrabacteria group,unclassified Enterococcus,,,,,,,,,
Staphylococcus saprophyticus,Staphylococcus saprophyticus,Staphylococcus saprophyticus subsp. saprophyticus (strain ATCC 15305 / DSM 20229 / NCIMB 8711 / NCTC 7292 / S-41),Staphylococcus saprophyticus,Staphylococcus,Staphylococcaceae,Bacillales,Bacilli,Bacillota,Bacteria,,Terrabacteria group,,,,,,,,,,
Streptococcus agalactiae CICC 10465,Streptococcus agalactiae CICC 10465,Streptococcus agalactiae (strain ATCC 13813 / DSM 2134 / JCM 5671 / CCUG 4208 / LMG 14694 / NCIMB 701348 / NCTC 8181 / G19),Streptococcus agalactiae,Streptococcus,Streptococcaceae,Lactobacillales,Bacilli,Bacillota,Bacteria,,Terrabacteria group,,,,,,,,,,
Streptococcus thermophilus YM-C,Streptococcus thermophilus YM-C,Streptococcus thermophilus (strain CNRZ 1066),Streptococcus thermophilus,Streptococcus,Streptococcaceae,Lactobacillales,Bacilli,Bacillota,Bacteria,,Terrabacteria group,,,,,,,,,,
Salmonella enterica subsp. enterica serovar Pullorum ATCC 7913,Salmonella enterica subsp. enterica serovar Pullorum ATCC 7913,,Salmonella enterica,Salmonella,Enterobacteriaceae,Enterobacterales,Gammaproteobacteria,Pseudomonadota,Bacteria,,,Salmonella muenchen,Salmonella enterica I,,,,,,,,
Mannheimia haemolytica Serovar 1,Mannheimia haemolytica Serovar 1,Mannheimia haemolytica PHL213,Mannheimia haemolytica,Mannheimia,Pasteurellaceae,Pasteurellales,Gammaproteobacteria,Pseudomonadota,Bacteria,,,,,,,,,,,,
Mannheimia haemolytica Serovar 2,Mannheimia haemolytica Serovar 2,Mannheimia haemolytica PHL213,Mannheimia haemolytica,Mannheimia,Pasteurellaceae,Pasteurellales,Gammaproteobacteria,Pseudomonadota,Bacteria,,,,,,,,,,,,
Mannheimia haemolytica Serovar 6,Mannheimia haemolytica Serovar 6,Mannheimia haemolytica PHL213,Mannheimia haemolytica,Mannheimia,Pasteurellaceae,Pasteurellales,Gammaproteobacteria,Pseudomonadota,Bacteria,,,,,,,,,,,,
Bibersteinia trehalosi,Bibersteinia trehalosi,Bibersteinia trehalosi USDA-ARS-USMARC-192,Bibersteinia trehalosi,Bibersteinia,Pasteurellaceae,Pasteurellales,Gammaproteobacteria,Pseudomonadota,Bacteria,,,,,,,,,,,,
Salmonella enterica subsp. arizonae,Salmonella enterica subsp. arizonae,,Salmonella enterica,Salmonella,Enterobacteriaceae,Enterobacterales,Gammaproteobacteria,Pseudomonadota,Bacteria,,,,Salmonella enterica subsp. arizonae,,,,,,,,
Corynebacterium pseudotuberculosis ATCC 19410,Corynebacterium pseudotuberculosis ATCC 19410,,Corynebacterium pseudotuberculosis,Corynebacterium,Corynebacteriaceae,Mycobacteriales,Actinomycetes,Actinomycetota,Bacteria,,Terrabacteria group,,,,,,,,,,
Aspergillus fumigatus,Aspergillus fumigatus,Aspergillus fumigatus (strain ATCC MYA-4609 / CBS 101355 / FGSC A1100 / Af293),Aspergillus fumigatus,Aspergillus,Aspergillaceae,Eurotiales,Eurotiomycetes,Ascomycota,Eukaryota,,Opisthokonta,,,,Pezizomycotina,Dikarya,Fungi,,,Aspergillus subgen. Fumigati,Eurotiomycetidae
Escherichia coli KPC 001812446,Escherichia coli KPC 001812446,Escherichia coli (strain ATCC 55124 / KO11FL),Escherichia coli,Escherichia,Enterobacteriaceae,Enterobacterales,Gammaproteobacteria,Pseudomonadota,Bacteria,,,,,,,,,,,,
Bacillus cereus ATCC 14579,Bacillus cereus ATCC 14579,Bacillus cereus (strain ATCC 14579 / DSM 31 / CCUG 7414 / JCM 2152 / NBRC 15305 / NCIMB 9373 / NCTC 2599 / NRRL B-3711),Bacillus cereus,Bacillus,Bacillaceae,Bacillales,Bacilli,Bacillota,Bacteria,Bacillus cereus group,Terrabacteria group,,,,,,,,,,
Pectobacterium carotovorum,Pectobacterium carotovorum,Pectobacterium carotovorum subsp. carotovorum (strain PC1),Pectobacterium carotovorum,Pectobacterium,Pectobacteriaceae,Enterobacterales,Gammaproteobacteria,Pseudomonadota,Bacteria,,,,Pectobacterium carotovorum subsp. carotovorum,,,,,,,,
Pseudomonas syringae pv. tabaci,Pseudomonas syringae pv. tabaci,,Pseudomonas amygdali,Pseudomonas,Pseudomonadaceae,Pseudomonadales,Gammaproteobacteria,Pseudomonadota,Bacteria,Pseudomonas syringae group,,Pseudomonas amygdali pv. tabaci,,,,,,,Pseudomonas syringae group genomosp. 2,,
Xanthomonas campestris pv. citri,Xanthomonas campestris pv. citri,,Xanthomonas citri,Xanthomonas,Lysobacteraceae,Lysobacterales,Gammaproteobacteria,Pseudomonadota,Bacteria,Xanthomonas citri group,,Xanthomonas citri pv. bilvae,,,,,,,,,
Salmonella enterica subsp. enterica serovar Paratyphi B CICC 21495,Salmonella enterica subsp. enterica serovar Paratyphi B CICC 21495,,Salmonella enterica,Salmonella,Enterobacteriaceae,Enterobacterales,Gammaproteobacteria,Pseudomonadota,Bacteria,,,Salmonella muenchen,Salmonella enterica I,,,,,,,,
Salmonella enterica subsp. enterica serovar Paratyphi C CICC 21512,Salmonella enterica subsp. enterica serovar Paratyphi C CICC 21512,,Salmonella enterica,Salmonella,Enterobacteriaceae,Enterobacterales,Gammaproteobacteria,Pseudomonadota,Bacteria,,,Salmonella muenchen,Salmonella enterica I,,,,,,,,
Salmonella enterica subsp. enterica serovar Choleraesuis ATCC 13312,Salmonella enterica subsp. enterica serovar Choleraesuis ATCC 13312,,Salmonella enterica,Salmonella,Enterobacteriaceae,Enterobacterales,Gammaproteobacteria,Pseudomonadota,Bacteria,,,Salmonella muenchen,Salmonella enterica I,,,,,,,,
Salmonella enterica subsp. enterica serovar Enteritidis CICC 21527,Salmonella enterica subsp. enterica serovar Enteritidis CICC 21527,,Salmonella enterica,Salmonella,Enterobacteriaceae,Enterobacterales,Gammaproteobacteria,Pseudomonadota,Bacteria,,,Salmonella muenchen,Salmonella enterica I,,,,,,,,
Salmonella enterica subsp. enterica serovar Typhimurium ATCC 700408,Salmonella enterica subsp. enterica serovar Typhimurium ATCC 700408,,Salmonella enterica,Salmonella,Enterobacteriaceae,Enterobacterales,Gammaproteobacteria,Pseudomonadota,Bacteria,,,Salmonella muenchen,Salmonella enterica I,,,,,,,,
Escherichia coli ATCC 25922 del-waaC,Escherichia coli ATCC 25922 del-waaC,Escherichia coli (strain ATCC 55124 / KO11FL),Escherichia coli,Escherichia,Enterobacteriaceae,Enterobacterales,Gammaproteobacteria,Pseudomonadota,Bacteria,,,,,,,,,,,,
Escherichia coli ATCC 25922 del-waaE,Escherichia coli ATCC 25922 del-waaE,Escherichia coli (strain ATCC 55124 / KO11FL),Escherichia coli,Escherichia,Enterobacteriaceae,Enterobacterales,Gammaproteobacteria,Pseudomonadota,Bacteria,,,,,,,,,,,,
Escherichia coli ATCC 25922 del-waaF,Escherichia coli ATCC 25922 del-waaF,Escherichia coli (strain ATCC 55124 / KO11FL),Escherichia coli,Escherichia,Enterobacteriaceae,Enterobacterales,Gammaproteobacteria,Pseudomonadota,Bacteria,,,,,,,,,,,,
Escherichia coli ATCC 25922 del-waaG,Escherichia coli ATCC 25922 del-waaG,Escherichia coli (strain ATCC 55124 / KO11FL),Escherichia coli,Escherichia,Enterobacteriaceae,Enterobacterales,Gammaproteobacteria,Pseudomonadota,Bacteria,,,,,,,,,,,,
Pseudomonas aeruginosa ATCC 27583,Pseudomonas aeruginosa ATCC 27583,Pseudomonas aeruginosa HB13,Pseudomonas aeruginosa,Pseudomonas,Pseudomonadaceae,Pseudomonadales,Gammaproteobacteria,Pseudomonadota,Bacteria,Pseudomonas aeruginosa group,,,,,,,,,,,
Staphylococcus aureus ATCC 2592,Staphylococcus aureus ATCC 2592,Staphylococcus aureus (strain TW20 / 0582),Staphylococcus aureus,Staphylococcus,Staphylococcaceae,Bacillales,Bacilli,Bacillota,Bacteria,,Terrabacteria group,,,,,,,,,,
Staphylococcus haemolyticus,Staphylococcus haemolyticus,Staphylococcus haemolyticus (strain JCSC1435),Staphylococcus haemolyticus,Staphylococcus,Staphylococcaceae,Bacillales,Bacilli,Bacillota,Bacteria,,Terrabacteria group,,,,,,,,,,
Salmonella enterica,Salmonella enterica,,Salmonella enterica,Salmonella,Enterobacteriaceae,Enterobacterales,Gammaproteobacteria,Pseudomonadota,Bacteria,,,Salmonella muenchen,Salmonella enterica I,,,,,,,,
Klebsiella aerogenes,Klebsiella aerogenes,,Klebsiella aerogenes,Klebsiella,Enterobacteriaceae,Enterobacterales,Gammaproteobacteria,Pseudomonadota,Bacteria,,,Klebsiella/Raoultella group,,,,,,,,,
Brucella abortus 9.49 (per-),Brucella abortus 9.49 (per-),,Brucella abortus,Brucella,Brucellaceae,Hyphomicrobiales,Alphaproteobacteria,Pseudomonadota,Bacteria,,,Brucella/Ochrobactrum group,,,,,,,,,
Yersinia pestis KIM pYV,Yersinia pestis KIM pYV,Yersinia pestis KIM10+,Yersinia pestis,Yersinia,Yersiniaceae,Enterobacterales,Gammaproteobacteria,Pseudomonadota,Bacteria,Yersinia pseudotuberculosis complex,,,,,,,,,,,
Escherichia coli ATCC 23716,Escherichia coli ATCC 23716,Escherichia coli (strain K12),Escherichia coli,Escherichia,Enterobacteriaceae,Enterobacterales,Gammaproteobacteria,Pseudomonadota,Bacteria,,,,,,,,,,,,
Escherichia coli KCCM 11569,Escherichia coli KCCM 11569,Escherichia coli (strain ATCC 55124 / KO11FL),Escherichia coli,Escherichia,Enterobacteriaceae,Enterobacterales,Gammaproteobacteria,Pseudomonadota,Bacteria,,,,,,,,,,,,
Bacillus subtilis KCCM 11495,Bacillus subtilis KCCM 11495,Bacillus subtilis (strain 168),Bacillus subtilis,Bacillus,Bacillaceae,Bacillales,Bacilli,Bacillota,Bacteria,Bacillus subtilis group,Terrabacteria group,,Bacillus subtilis subsp. subtilis,,,,,,,,
Micrococcus luteus ATCC 15307,Micrococcus luteus ATCC 15307,,Micrococcus luteus,Micrococcus,Micrococcaceae,Micrococcales,Actinomycetes,Actinomycetota,Bacteria,,Terrabacteria group,,,,,,,,,,
Pseudomonas aeruginosa 1,Pseudomonas aeruginosa 1,Pseudomonas aeruginosa SJTD-1,Pseudomonas aeruginosa,Pseudomonas,Pseudomonadaceae,Pseudomonadales,Gammaproteobacteria,Pseudomonadota,Bacteria,Pseudomonas aeruginosa group,,,,,,,,,,,
Vibrio anguillarum serotype O1,Vibrio anguillarum serotype O1,,Vibrio anguillarum,Vibrio,Vibrionaceae,Vibrionales,Gammaproteobacteria,Pseudomonadota,Bacteria,,,,,,,,,,,,
Shigella flexneri CMCC 51571,Shigella flexneri CMCC 51571,Shigella flexneri serotype X (strain 2002017),Shigella flexneri,Shigella,Enterobacteriaceae,Enterobacterales,Gammaproteobacteria,Pseudomonadota,Bacteria,,,,,,,,,,,,
Listeria monocytogenes,Listeria monocytogenes,Listeria monocytogenes serotype 1/2a (strain 10403S),Listeria monocytogenes,Listeria,Listeriaceae,Bacillales,Bacilli,Bacillota,Bacteria,,Terrabacteria group,,,,,,,,,,
Stenotrophomonas maltophilia B32/4,Stenotrophomonas maltophilia B32/4,Stenotrophomonas maltophilia (strain K279a),Stenotrophomonas maltophilia,Stenotrophomonas,Lysobacteraceae,Lysobacterales,Gammaproteobacteria,Pseudomonadota,Bacteria,Stenotrophomonas maltophilia group,,,,,,,,,,,
Staphylococcus aureus 209P,Staphylococcus aureus 209P,,Staphylococcus aureus,Staphylococcus,Staphylococcaceae,Bacillales,Bacilli,Bacillota,Bacteria,,Terrabacteria group,,,,,,,,,,
Bacillus subtilis VKM B-886,Bacillus subtilis VKM B-886,Bacillus subtilis (strain 168),Bacillus subtilis,Bacillus,Bacillaceae,Bacillales,Bacilli,Bacillota,Bacteria,Bacillus subtilis group,Terrabacteria group,,Bacillus subtilis subsp. subtilis,,,,,,,,
Escherichia coli 987P,Escherichia coli 987P,Escherichia coli (strain ATCC 55124 / KO11FL),Escherichia coli,Escherichia,Enterobacteriaceae,Enterobacterales,Gammaproteobacteria,Pseudomonadota,Bacteria,,,,,,,,,,,,
Cutibacterium acnes ATCC 11827,Cutibacterium acnes ATCC 11827,,Cutibacterium acnes,Cutibacterium,Propionibacteriaceae,Propionibacteriales,Actinomycetes,Actinomycetota,Bacteria,,Terrabacteria group,,,,,,,,,,
Klebsiella pneumoniae KPC 001825971,Klebsiella pneumoniae KPC 001825971,Klebsiella pneumoniae (strain 342),Klebsiella pneumoniae,Klebsiella,Enterobacteriaceae,Enterobacterales,Gammaproteobacteria,Pseudomonadota,Bacteria,,,Klebsiella/Raoultella group,,,,,,,,,
Klebsiella pneumoniae DSM 681,Klebsiella pneumoniae DSM 681,,Klebsiella pneumoniae,Klebsiella,Enterobacteriaceae,Enterobacterales,Gammaproteobacteria,Pseudomonadota,Bacteria,,,Klebsiella/Raoultella group,,,,,,,,,
Pseudomonas aeruginosa DSM 1128,Pseudomonas aeruginosa DSM 1128,Pseudomonas aeruginosa HB13,Pseudomonas aeruginosa,Pseudomonas,Pseudomonadaceae,Pseudomonadales,Gammaproteobacteria,Pseudomonadota,Bacteria,Pseudomonas aeruginosa group,,,,,,,,,,,
Streptococcus pneumoniae DSM 11865,Streptococcus pneumoniae DSM 11865,Streptococcus pneumoniae serotype 2 (strain D39 / NCTC 7466),Streptococcus pneumoniae,Streptococcus,Streptococcaceae,Lactobacillales,Bacilli,Bacillota,Bacteria,,Terrabacteria group,,,,,,,,,,
Salmonella enterica subsp. enterica serovar Typhimurium ATCC 700931,Salmonella enterica subsp. enterica serovar Typhimurium ATCC 700931,,Salmonella enterica,Salmonella,Enterobacteriaceae,Enterobacterales,Gammaproteobacteria,Pseudomonadota,Bacteria,,,Salmonella muenchen,Salmonella enterica I,,,,,,,,
Staphylococcus aureus NCTC 8352,Staphylococcus aureus NCTC 8352,Staphylococcus aureus (strain TW20 / 0582),Staphylococcus aureus,Staphylococcus,Staphylococcaceae,Bacillales,Bacilli,Bacillota,Bacteria,,Terrabacteria group,,,,,,,,,,
Candida albicans ATCC 2002,Candida albicans ATCC 2002,Candida albicans (strain SC5314 / ATCC MYA-2876),Candida albicans,Candida,Debaryomycetaceae,Saccharomycetales,Saccharomycetes,Ascomycota,Eukaryota,,Opisthokonta,,,,Saccharomycotina,Dikarya,Fungi,,,,
Micrococcus luteus NCIMB 13267,Micrococcus luteus NCIMB 13267,Micrococcus luteus (strain ATCC 4698 / DSM 20030 / JCM 1464 / CCM 169 / CCUG 5858 / IAM 1056 / NBRC 3333 / NCIMB 9278 / NCTC 2665 / VKM Ac-2230),Micrococcus luteus,Micrococcus,Micrococcaceae,Micrococcales,Actinomycetes,Actinomycetota,Bacteria,,Terrabacteria group,,,,,,,,,,
Salmonella enterica subsp. enterica serovar Enteritidis ATCC 13076,Salmonella enterica subsp. enterica serovar Enteritidis ATCC 13076,,Salmonella enterica,Salmonella,Enterobacteriaceae,Enterobacterales,Gammaproteobacteria,Pseudomonadota,Bacteria,,,Salmonella enteritidis,Salmonella enterica I,,,,,,,,
Pseudomonas stutzeri CGMCC 1.1803,Pseudomonas stutzeri CGMCC 1.1803,Stutzerimonas stutzeri (strain ATCC 17588 / DSM 5190 / CCUG 11256 / JCM 5965 / LMG 11199 / NBRC 14165 / NCIMB 11358 / Stanier 221),Stutzerimonas stutzeri,Stutzerimonas,Pseudomonadaceae,Pseudomonadales,Gammaproteobacteria,Pseudomonadota,Bacteria,Stutzerimonas stutzeri group,,,,,,,,,Stutzerimonas stutzeri subgroup,,
Bifidobacterium longum subsp. infantis,Bifidobacterium longum subsp. infantis,Bifidobacterium longum subsp. infantis (strain 157F),Bifidobacterium longum,Bifidobacterium,Bifidobacteriaceae,Bifidobacteriales,Actinomycetes,Actinomycetota,Bacteria,,Terrabacteria group,,Bifidobacterium longum subsp. infantis,,,,,,,,
