sequence	count_control	count_pn
AAAAAGTATSQRF	0	3
AAAARAVTDSINQL	0	1
AAAGGGGGGAAAAGRAY	0	3
AAAGYDVEKNNSRIK	0	1
AAAGYDVEKNNSRIKL	0	2
AADHDVGSELPPEGVLGAL	2	3
AADTLQRLGAR	0	1
AAEDVVATGADPSDLESGGLLHE	5	9
AAEVYGTERQPR	0	1
AAEVYGTERQPRTHYYAV	0	2
AAFNSGKVDIV	1	2
AAFRQGHNSVF	0	1
AAGIQALGGTNIND	0	2
AAGKGPLATGGIKK	0	1
AAGVEAAAEVAATEIK	0	2
AAGVQPHSLDLSHNSLR	0	1
AAGYDVEKNNSRIK	0	3
AAHLPAEFTPAV	0	7
AAHLPAEFTPAVH	0	10
AAHLPAEFTPAVHA	0	5
AAHLPAEFTPAVHASL	0	3
AAHLPAEFTPAVHASLD	0	1
AAHLPAEFTPAVHASLDK	0	6
AAHLPAEFTPAVHASLDKF	0	1
AAHLPAEFTPAVHASLDKFL	0	1
AAHLPAEFTPAVHASLDKFLAS	0	1
AAISGENAGLVR	0	3
AAIYGGVEGGGTRSEV	0	5
AAIYGGVEGGGTRSEVL	0	1
AAKNLQEAEEWYK	1	1
AALDLNAVANK	0	1
AALDLNAVANKI	0	1
AALGYNILTQEDAQSV	0	1
AALKPALRSGVQQL	0	4
AALKTASDFI	0	1
AALLSPYSYSTTAV	0	1
AALLSPYSYSTTAVVTNPKE	0	3
AALSAGKVSPETV	0	2
AALTRDPQFQ	0	2
AALTRDPQFQK	1	3
AALTRDPQFQKL	0	3
AALTRDPQFQKLQ	0	1
AALTRDPQFQKLQQ	0	2
AANEADAVTLDAGLVYDA	0	3
AANKEATQEAFMK	0	1
AANLSRNGPALQEA	0	3
AAPDEKVLDSGFR	0	1
AAPDEKVLDSGFREIENK	0	1
AAPDEKVLDSGFREIENKAIQDPR	0	1
AAPLRIADVTSGL	0	2
AAPPGHQLHR	0	1
AAPSVFIFPPSDEQLK	0	1
AAPSVTLFPPSSEELQANK	0	1
AAQASDLEKI	0	3
AAQASDLEKIHLDEKSFR	0	1
AAQEEYVKR	0	1
AAQEEYVKRALA	0	1
AAQGEPQVQFK	0	1
AAQGEPQVQFKL	0	2
AAQGPNKPGYLVGR	0	1
AAQKADVLTTGAGNPVGDKLNVI	0	1
AAQYDGKGVGLGP	0	6
AARLEALKENGGAR	1	3
AARLEALKENGGARL	0	4
AARLEALKENGGARLA	0	5
AARLEALKENGGARLAE	1	2
AASADSTTEGTPADGFTVLSTK	0	1
AASGTTGTYQEWK	0	1
AASGTTGTYQEWKDK	0	1
AASSSSLEKSYELPDGQVI	0	11
AASVEQREGTIQVQGQAL	1	4
AATDFVQEMR	7	12
AATVGSLAGQPLQER	0	1
AATVGSLAGQPLQERA	0	1
AAVGTSAAPVPSDNH	5	9
AAVKTLNPKAEVA	0	4
AAVPGKTFVNITPAEVG	0	1
AAVPSGASTGIYEALELR	0	1
AAVPSGASTGIYEALELRDNDK	0	1
AAVQPVIGISQ	2	7
AAVQPVIGISQR	3	11
AAVYHHFISDGVRK	0	2
AAWGKVGAHA	0	2
AAWGKVGAHAGEYG	0	1
AAWGKVGAHAGEYGAEALER	0	2
AAWGKVGAHAGEYGAEALERM	0	1
AAYQKVVAGVANA	0	1
ADALTNAVAHV	0	2
ADDTWEPFASGK	0	1
ADEAGSEADHEGTHSTKRGHA	0	1
ADEATTQKQSGEDNQDLAI	0	1
ADEIAKAQVARPGGDTI	0	1
ADEIANSSGKGALAL	0	1
ADGSPVKAGVETTKPSK	0	1
ADGSPVKAGVETTKPSKQSNNK	0	1
ADIAPSTDDLASLSEK	3	5
ADIDYSLVEAPRATAQML	0	1
ADKVPKTAENFRAL	0	2
ADLSGITGARNLAV	0	1
ADLSGITGARNLAVSQV	0	1
ADLSGITGARNLAVSQVV	0	1
ADLSGVTEEAPLKL	0	2
ADLSGVTEEAPLKLSK	0	2
ADLSGVTEEAPLKLSKAVHKAVL	0	1
ADLSGVTEEAPLKLSKAVHKAVLT	0	1
ADMQNLVERL	0	1
ADMQNLVERLE	0	1
ADMQNLVERLER	0	2
ADPTGAFGKETDLL	0	2
ADPTGAFGKETDLLLDDSLV	0	1
ADQAANEWGRSGKDPNHFRPA	0	2
ADQAANKWGR	0	1
ADQAANKWGRSGRDPNH	0	1
ADQLTEEQIAEF	0	3
ADQLTEEQIAEFKEA	0	1
ADQLTEEQIAEFKEAF	0	1
ADSGEGDFLAEGGGV	0	3
ADSGEGDFLAEGGGVR	3	25
ADSGEGDFLAEGGGVRGPR	0	2
ADSGSSEEKQLYNKYPDAVAT	0	6
ADSKNDNDNIFLSPLS	0	3
ADSQAQLLLSTV	0	1
ADSRDPASDQMQHWK	0	1
ADSRDPASDQMQHWKEQR	0	1
ADSSNADWVTKQL	0	1
ADSSPVKAGVET	0	2
ADSSPVKAGVETTTPSK	0	2
ADSSPVKAGVETTTPSKQS	0	2
ADSSPVKAGVETTTPSKQSNNK	0	2
ADTAKEVSFDVELPK	0	1
ADTHDEILEGL	0	1
ADVGDKVKI	0	1
ADVGDKVKIIFK	0	1
ADVIVKPHDPA	1	1
ADVIVKPHDPAT	1	0
ADVIVKPHDPATVDE		
ADVIVKPHDPATVDEVLR		
ADVLTTGAGNPVGDKLNVI		
AEAASKADGLAVIGVL		
AEAFLSSLTETI		
AEDASSSLRALGSTR		
AEDLVGKSLYV		
AEDMETKIKN		
AEDSLADQAANEWGR		
AEDSLADQAANK		
AEDSLADQAANKWGR		
AEDSLADQAANKWGRSGRDPNH		
AEDVRGNLR		
AEEEHLGILGPQLHA		
AEEEHLGILGPQLHADVGDKVK		
AEEEHLGILGPQLHADVGDKVKI		
AEEQPQVELFVK		
AEFPSRGK		
AEFYGSKEDPQTFY		
AEFYGSKEDPQTFYYA		
AEFYGSKEDPQTFYYAVA		
AEIHQSFQHL		
AEILELAGNAARDNK		
AEILELAGNAARDNKK		
AEILKKIPGRVST		
AEILNVAKG		
AEILNVAKGIR		
AEILNVAKGIRS		
AEILNVAKGIRSF		
AEKALQEYR		
AEKALQEYRKKHREE		
AEKLGGSAVISLEGKPL		
AELGGHLDQQVEEF		
AELPADALGPLQRA		
AELPAILHTEL		
AELQEGARQKL		
AELTARISQL		
AENGKLVINGNPI		
AENGKLVINGNPIT		
AENRADAVTLDGGFIYEA		
AEPEGGPASEGAARPLPRFNSVPL		
AEPSAATQSHSI		
AEPSAATQSHSISS		
AEPSAATQSHSISSSSF		
AEQLEQTKRVKA		
AEQVALSRTQV		
AESGEQVERVNEPSILEMSR		
AETGDKVYVHLK		
AEVGAAETTLTELR		
AEVISNARENI		
AEVISNARENIQR		
AEVSKLVTDL		
AEYHAKATEHL		
AEYHAKATEHLS		
AEYHAKATEHLST		
AEYHAKATEHLSTL		
AEYHAKATEHLSTLSEKAKPAL		
AFDGARDMW		
AFDGARDMWRA		
AFDLEIPK		
AFDLEIPKTAFI		
AFDVNDEKNWGLSV		
AFFDTASTGK		
AFFHGQALTNK		
AFLEVNEEGSEAAASTAV		
AFLEVNEEGSEAAASTAVV		
AFLEVNEEGSEAAASTAVVIAGR		
AFRQGHNSVF		
AFSDGLAHLDNL		
AFSDGLAHLDNLKG		
AFSWEEKL		
AFTDTERLIGDAAK		
AFTDTERLIGDAAKNQV		
AFVFPKESDT		
AFVFPKESDTSYV		
AFVFPKESDTSYVSLK		
AFVKDVTVLQNTDGNNNEAWAKDLK		
AFVKHQTVPQN		
AFVKHQTVPQNT		
AGAGIALNDHFVK		
AGAHLQGGAKRVI		
AGAHLQGGAKRVII		
AGAVEKGVPLYR		
AGDDAPRAVF		
AGDDAPRAVFPSIV		
AGDFLEANYMNLQR		
AGEASRLAHY		
AGEASRLAHYNK		
AGEASRLAHYNKRSTI		
AGENRWGTDEDKFTEI		
AGENTKTNLESILSYPKD		
AGEYGAEALERM		
AGFAGDDAPR		
AGFAGDDAPRAV		
AGFAGDDAPRAVF		
AGFAGDDAPRAVFPS		
AGFAGDDAPRAVFPSI		
AGFAGDDAPRAVFPSIV		
AGFALRDINK		
AGFALRDINKDRK		
AGFEWNEDGAGTTPSPGLQPA		
AGGDAGDAFDGFDFGDDPSDKF		
AGGGVIPHIHK		
AGGSWDLAVQER		
AGITTIEAVKRK		
AGKFDPAKLDQIESV		
AGKLQDRGPDVLTA		
AGKLQDRGPDVLTATV		
AGLAPYKLRPVAA		
AGLNVLRI		
AGLQFPVGR		
AGLQFPVGRV		
AGLQFPVGRVHR		
AGLVYDAYLAPNNLKPV		
AGNISDPGLQKSFLDSGYR		
AGNPKATPPQIV		
AGNSEVILPVPAF		
AGNSEVILPVPAFN		
AGQEDYDRLRPLSYPQTDV		
AGRIADNKQSSFK		
AGRLVDEDMNSFK		
AGRQVREPGQDLV		
AGRQVREPGQDLVVLPLSI		
AGSWNSGSSGPGSTGNR		
AGSWNSGSSGPGSTGNRNPGS		
AGTGDLSDNHDIIS		
AGTQIENIEEDFR		
AGVANALAHK		
AGVANALAHKYH		
AGVETTTPSKQSNNKY		
AGVETTTPSKQSNNKYAA		
AGVETTTPSKQSNNKYAAS		
AGVLAHLEEERDLK		
AGYALAQMGRLK		
AGYDVEKNNSRI		
AGYDVEKNNSRIK		
AGYDVEKNNSRIKL		
AGYDVEKNNSRIKLG		
AGYDVEKNNSRIKLGL		
AGYTDKVVI		
AHAGEYGAEALERM		
AHGIVSYGK		
AHHFGKEF		
AHHFGKEFTPP		
AHHFGKEFTPPV		
AHHFGKEFTPPVQ		
AHHFGKEFTPPVQA		
AHHFGKEFTPPVQAA		
AHKLRVDPVN		
AHKSEVAHRFKDLGEEN		
AHKSEVAHRFKDLGEENF		
AHKSEVAHRFKDLGEENFK		
AHKSEVAHRFKDLGEENFKA		
AHKSEVAHRFKDLGEENFKAL		
AHKSEVAHRFKDLGEENFKALVL		
AHLDNLKG		
AHLDNLKGTF		
AHLDNLKGTFA		
AHLPAEFTPAV		
AHLPAEFTPAVH		
AHLPAEFTPAVHA		
AHLPAEFTPAVHASLD		
AHLPAEFTPAVHASLDK		
AHLPAEFTPAVHASLDKF		
AHNNLMAMAQET		
AHRFKDLGEEN		
AHRFKDLGEENFK		
AHRFKDLGEENFKA		
AHRFKDLGEENFKAL		
AHSPWLKDSLSR		
AHVDALRT		
AHVDALRTH		
AHVDALRTHLAPYSDELR		
AHVDALRTHLAPYSDELRQR		
AHVDDMPNAL		
AHVDDMPNALSAL		
AHVDDMPNALSALSDL		
AHVDDMPNALSALSDLHAHK		
AHVSFKPTVA		
AHVSFKPTVAQQR		
AHYDLRHT		
AHYDLRHTFMGV		
AHYDLRHTFMGVV		
AHYGGFTVQ		
AHYGGFTVQN		
AHYGGFTVQNEAN		
AHYGGFTVQNEANK		
AHYGGFTVQNEANKYQI		
AIALKAAHYHTHKE		
AIDGINQRSSDAN		
AIGGGLSSVGGGSSTIK		
AIGKAGYTDKVVI		
AIGYLNTGYQR		
AIIKSYDLDPGAGSLE		
AILPLPGQSV		
AILTAQLDEELGGTPV		
AILTAQLDEELGGTPVQSR		
AILTAQLDEELGGTPVQSRVV		
AIPENLPPLTADFAED		
AIPVAQDLNAPSDWDS		
AIPVAQDLNAPSDWDSRG		
AIPVAQDLNAPSDWDSRGKD		
AIPVAQDLNAPSDWDSRGKDS		
AIQAVLSLYASGRTT		
AIQDPRLFA		
AIQDPRLFAEEK		
AIQDPRLFAEEKAVA		
AIQDPRLFAEEKAVADTR		
AIQDPRLFAEEKAVADTRDQADGSR		
AIQLTQSPSSL		
AIQLTYNPDESSK		
AIQLTYNPDESSKP		
AIQLTYNPDESSKPN		
AIQLTYNPDESSKPNM		
AIQLTYNPDESSKPNMI		
AIQLTYNPDESSKPNMID		
AIQLTYNPDESSKPNMIDA		
AIQLTYNPDESSKPNMIDAA		
AIQLTYNPDESSKPNMIDAATL		
AIQLTYNPDESSKPNMIDAATLK		
AIQMTQSPSSL		
AIRGIGTDEKMLI		
AIRHPQYNQRT		
AIRNDEELNKL		
AIRNDEELNKLL		
AIRNDEELNKLLG		
AIRNDEELNKLLGK		
AIRNDEELNKLLGKV		
AIRNDEELNKLLGKVT		
AIRNDEELNKLLGKVTI		
AIRNDEELNKLLGR		
AIRNDEELNKLLGRVT		
AISGENAGLVR		
AIVEALNGKEVAAQVKAPLVLKD		
AKADAAPDEKVLDSGFREIENK		
AKATEHLSTLSEK		
AKDLLPSRDRQHLPLI		
AKGGIVRTGTHGLL		
AKHGEAQVKIWR		
AKIDQNVEELK		
AKIPKPEASFSPR		
AKLAEQAERYDDMAAAMK		
AKLYGRAPQLRETL		
AKMFQEIVHK		
AKPALEDLR		
AKPALEDLRQG		
AKPALEDLRQGLLPV		
AKPALEDLRQGLLPVL		
AKPALEDLRQGLLPVLES		
AKPGQFIHT		
AKPLTDQEKR		
AKPSVSVEFV		
AKVATAQDDITGDGTTSNVLI		
AKVQPYLDDFQK		
AKVQPYLDDFQKK		
AKYNNENTSKQYSL		
ALAAAGYDVEK		
ALAAAGYDVEKNNSR		
ALAAAGYDVEKNNSRI		
ALAAAGYDVEKNNSRIK		
ALAAGGYDVEKNNSR		
ALAAGGYDVEKNNSRI		
ALADGVQKVHK		
ALAGNPKATPPQIV		
ALAREVDLKDYEDQQKQLEQV		
ALDFEQEMATAA		
ALDFEQEMATAASS		
ALDFEQEMATAASSS		
ALDFEQEMATAASSSSLEK		
ALDLNAVANKI		
ALDNGGLARRIHEDSDSALQLQDF		
ALDQKMRPSTDT		
ALDQKMRPSTDTIT		
ALDQKMRPSTDTITVM		
ALDTKGPEIR		
ALDTKGPEIRTGLI		
ALEEAMEQKAELERLNK		
ALEELVEKEK		
ALEEQLQQIR		
ALEEYTKKL		
ALEEYTKKLN		
ALEEYTKKLNT		
ALEEYTKKLNTQ		
ALEFLDRESI		
ALELDSNLYR		
ALEPGILDTANVEALRL		
ALFVLPKEGQMESV		
ALFVSEEEKK		
ALFVSEEEKKLTR		
ALFVSEEEKKLTRK		
ALFVSEEEKKLTRKEV		
ALGALDTALYAAGSK		
ALGHLDLSGNR		
ALGHLDLSGNRLR		
ALGISPFHEHAEV		
ALGISPFHEHAEVV		
ALGKQLNLK		
ALGPSAAQELEELSK		
ALGQNPTNAEVLK		
ALGQNPTNAEVLKV		
ALGYNILTQEDAQSV		
ALHALSKYGAA		
ALHALSKYGAAT		
ALHHGLAVFQDEGAEPLKQRVEA		
ALIYNEALKG		
ALKENGGARLA		
ALKENGGARLAEY		
ALKENGGARLAEYHAKATEHLSTL		
ALKGIGTDEFTLNR		
ALKGIGTDEFTLNRI		
ALKPALRSGVQQL		
ALLKANKDLISAGLK		
ALLKANKDLISAGLKE		
ALLSPYSYSTTA		
ALLSPYSYSTTAVVTNPKE		
ALLTQEGRIFK		
ALMDETMKELK		
ALNDHFVK		
ALNDHFVKLI		
ALNPQNTVFDAK		
ALNPQNTVFDAKR		
ALNSIIDVYHK		
ALPAPIEKTISK		
ALPARSEAAAVQPVIGISQ		
ALPAVQQNNLDEDLIRK		
ALPHAILR		
ALRTHLAPYSDE		
ALRVELEDWNGR		
ALRVELEDWNGRTSTA		
ALSALSDLHAHK		
ALSALSLGAEQRTESI		
ALSDADVQKQIK		
ALSDLHAHK		
ALSLGAEQRTESI		
ALSSVQESQVAQQAR		
ALSTGEKGFGYK		
ALTDMPQMR		
ALTDMPQMRM		
ALTDMPQMRME		
ALTDMPQMRMELERPGGNEI		
ALTDMPQMRMELERPGGNEITR		
ALTLTKAPADLRGVAHNNL		
ALTLTKAPVDL		
ALTLTKAPVDLLGVAHNNL		
ALTNAVAHVD		
ALTNAVAHVDDMPNAL		
ALTNAVAHVDDMPNALS		
ALTNAVAHVDDMPNALSALSDL		
ALTQNHHKQYYEG		
ALTQNHHKQYYEGSE		
ALTSGVHTFPAVLQSSGL		
ALTVQSQEDNLR		
ALVQQMEQLR		
ALVQQMEQLRQK		
ALVTPPAVFDAKQLK		
ALVVAQTKAI		
ALWGKVNVDEVGGEAL		
ALYAQARAK		
ALYDATYETKESKKEDL		
ALYIPGWIENDEI		
ALYLQYTDETFR		
ALYLQYTDETFRT		
ALYLQYTDETFRTTI		
AMAVEDIISR		
AMDVVYALKR		
AMTPRSEGSSV		
AMVSEFLKQ		
AMVSEFLKQA		
ANAGKPKDPTFIPAPI		
ANALAHKYH		
ANDQGNRTTPSYV		
ANGNNQSPVDIKTSETKHDTSLKPI		
ANIDDLFDREEL		
ANKIADFELPTIIVPEQTI		
ANLPQSFQVDTSK		
ANLQSVPHASASRPRVTEPI		
ANREKMTQI		
ANSAGATRAVEVLPKAGALNSNDAF		
ANTIKNIKDKAVIDE		
ANTVLSGGTTMYPGIADR		
ANVERVPFDAA		
APAAAPPAEKAPVKK		
APAAAPPAEKAPVKKKAA		
APAANSDQTVTVKE		
APAAPAPAEKTPV		
APAAPAPAEKTPVKKK		
APDKNVIFSPL		
APDKNVIFSPLS		
APEALFQPHLI		
APEAQVSVQPNFQQDK		
APEAQVSVQPNFQQDKFLGR		
APGLPPAGSPPDSHV		
APGLPPAGSPPDSHVL		
APGLPPAGSPPDSHVLLA		
APHGPGLIYR		
APIKVGDAIPAVEVFEGEPGNK		
APIKVGDAIPAVEVFEGEPGNKV		
APIKVGDAIPAVEVFEGEPGNKVNL		
APITYPQGLALAKEI		
APKSPVGVQPI		
APLAEDVRGNLR		
APLNPKANREK		
APLNPKANREKM		
APNNLKPVVA		
APPGHQLHR		
APPPISGGGYR		
APPPVVLLPDVETPS		
APQLRETLLQDFR		
APSFSDIPNPI		
APSLRPAPPP		
APSLRPAPPPISGG		
APSLRPAPPPISGGG		
APSLRPAPPPISGGGY		
APSLRPAPPPISGGGYR		
APSVFIFPPSDEQLK		
APSVPAAEPEYPKGIRA		
APTSEDLTSATNIVK		
APVDLLGVAHNNL		
APVGHFYEPQAPSAEVE		
APVGHFYEPQAPSAEVEM		
APVGHFYEPQAPSAEVEMT		
APYSDELRQR		
APYSDELRQRL		
APYSDELRQRLAA		
AQAVRGLITKA		
AQDFKTDLR		
AQDFKTDLRFQSA		
AQDLNAPSDWDSRGKDSYET		
AQDLNAPSDWDSRGKDSYETS		
AQDLNAPSDWDSRGKDSYETSQL		
AQEHFGKDKSKEFQL		
AQELEEKLNILNNNYK		
AQEQTPFYHL		
AQETGDNLYWGSVTGSQS		
AQGGVLPNIQ		
AQGGVLPNIQAV		
AQGTLIRVTPEQPTH		
AQITKQKWEAEPV		
AQKVPTADL		
AQLDEELGGTPVQSR		
AQLDEELGGTPVQSRVV		
AQLDEELGGTPVQSRVVQGKEPA		
AQLDEELGGTPVQSRVVQGKEPAHL		
AQMTEDAVDAERL		
AQMTEDAVDAERLK		
AQMTEDAVDAERLKHLI		
AQMTEDAVDAERLKHLIV		
AQPAPTSEDLTSATNI		
AQPLVVPWEAS		
AQQAADKYL		
AQQAADKYLY		
AQQAADKYLYVDK		
AQQAADKYLYVDKNFI		
AQRIYEDHDATQQLQGFYSQV		
AQRIYGNQDTSSQLKK		
AQSYGGYKEPAAPV		
AQVKAPLVLKD		
AQVSVQPNFQ		
AQVSVQPNFQQDK		
AQVSVQPNFQQDKF		
AQVSVQPNFQQDKFLG		
AQYEDIAQKSK		
AQYLQKMEQLQAHTETDKENSE		
AQYLQQCPFEDHVKLVNEVTE		
AQYQKDAPDHQELNL		
AQYQKDAPDHQELNLDV		
AQYQKDAPDHQELNLDVSLQLPSR		
ARADEVAAAPEQI		
ARAHVDALR		
ARAHVDALRT		
ARAHVDALRTHLAPYSDELR		
ARANLQSVPHASASRPRVTEPI		
ARDLALAIRDSERQGK		
ARFEELNADLFR		
ARGSDGSVGPVGPAGPIG		
ARGSFEFPVGDAVSKV		
ARISASAEELRQR		
ARIVAEEFLK		
ARIVAEEFLKNF		
ARKLIGDPNLEF		
ARLLPHANEV		
ARLLPHANEVSQK		
ARLSQRFPKAEFAEVSKL		
ARLTWASHEKMHEGD		
ARNFGKEFTPQMQAA		
ARVAAGAFQGL		
ARVAAGAFQGLRQLDM		
ARVHVSEEGTEPEAMLQV		
ASAGLLGAHAAAI		
ASAGTGDLSDNHDIISMKL		
ASASGAMAKHEQI		
ASASGAMAKHEQIL		
ASATLDTLVLKENQLEVLEV		
ASDGLQRLHM		
ASDLTWDNLK		
ASDLTWDNLKGKK		
ASDPILYRPVA		
ASDPILYRPVAV		
ASDPILYRPVAVAL		
ASDPLDTLGSEGALSPGGVASL		
ASGEGAGAGLPALDL		
ASGGVLPNIHPELLAK		
ASGNARIGKPAPDFK		
ASGRTTGIVMDSGDGV		
ASGVAVSDGVIK		
ASGVAVSDGVIKV		
ASGVAVSDGVIKVF		
ASGVAVSDGVIKVFNDM		
ASGVAVSDGVIKVFNDMK		
ASGVPDRFSGSGSGTDFTLK		
ASHLGLAR		
ASHTSDSDVPSGVTE		
ASHTSDSDVPSGVTEV		
ASHTSDSDVPSGVTEVV		
ASHTSDSDVPSGVTEVVVK		
ASHTSDSDVPSGVTEVVVKL		
ASIWVGHR		
ASKGLQDLKQQ		
ASKGLQDLKQQV		
ASKGLQDLKQQVEGTAQ		
ASKGLQDLKQQVEGTAQEAV		
ASKRALVIL		
ASKRALVILAKGAEEM		
ASLDKFLAS		
ASLDKFLASVS		
ASLDKFLASVST		
ASLIYETKGEK		
ASLIYETKGEKNFR		
ASLLKVDQEVK		
ASLLQAGYK		
ASNNTASIAQARKL		
ASPDWGYDDKNGPEQWS		
ASRGASQAGAPQGRVPEARPNSM		
ASRVDAVASKVQTA		
ASSDIQVKELEKRASG		
ASSDIQVKELEKRASGQAF		
ASSDIQVKELEKRASGQAFEL		
ASSEGGTAAGAGLDSLHK		
ASSEGGTAAGAGLDSLHKN		
ASSEGGTAAGAGLDSLHKNSV		
ASSEGGTAAGAGLDSLHKNSVSQI		
ASSIIDELFQDR		
ASSMATSGVLPGGGFVASAA		
ASSPGGVYATRSSA		
ASSPGGVYATRSSAV		
ASSSSLEKSYELPDGQVI		
ASSVYNLLPEKDLT		
ASTRESGVPDRFSGSGSGTDFT		
ASTSTTIRSH		
ASTSTTIRSHS		
ASTSTTIRSHSS		
ASTSTTIRSHSSS		
ASTSTTIRSHSSSR		
ASTSTTIRSHSSSRR		
ASTSTTIRSHSSSRRG		
ASVDLKNTGREEFLTA		
ASVDSGSSEEQGGSSRALV		
ASVDSGSSEEQGGSSRALVS		
ASVDSGSSEEQGGSSRALVST		
ASVDSGSSEEQGGSSRALVSTL		
ASVDSGSSEEQGGSSRALVSTLVP		
ASVDSGSSEEQGGSSRALVSTLVPL		
ASVSTVLTSKY		
ASVSTVLTSKYR		
ATAGDTHLGGEDFDNRLV		
ATALSALSLGAEQRTESI		
ATASRGASQAGAPQGRVPEARPNSM		
ATDDGFHFAGDGKLGA		
ATDELATKL		
ATDFVVPGPGKVEI		
ATDTSQGELVHPK		
ATDTSQGELVHPKALPLIVG		
ATEDEGSEQKIPEATNR		
ATEDEGSEQKIPEATNRRVWELSK		
ATEHLSTLSEK		
ATEHLSTLSEKAKPALEDL		
ATEHLSTLSEKAKPALEDLR		
ATFGTQVVEKVVL		
ATGIPDRFSGSGSGTDFTLTI		
ATIAGGGVIPHIHK		
ATLDTLVLKENQLEVLEV		
ATLKDQLIYN		
ATLKDQLIYNL		
ATLKDQLIYNLLKEEQTPQNK		
ATLKEKLIAPV		
ATLKEKLIAPVAE		
ATLKEKLIAPVAEEE		
ATLKEKLIAPVAEEEATVPNNK		
ATNFLAHEKI		
ATQKTVDGPSGKLWR		
ATSGVLPGGGFVASA		
ATSGVLPGGGFVASAA		
ATVGPKAPSGGKKATQASQEY		
ATVGSLAGQPLQER		
ATWLNPDPSQKQN		
ATWSGAVLAGRDA		
ATWSGAVLAGRDAV		
AVAASKERNGLSLAAL		
AVAASKERSGVSLA		
AVAASKERSGVSLAALK		
AVAATPIPKL		
AVAGNISDPGLQKSFL		
AVAHVDDMPNALSALSDL		
AVDAALKKYN		
AVDKGVFVLNK		
AVDKGVFVLNKK		
AVDKGVFVLNKKNK		
AVDRDTNRPLEPPSEF		
AVEEVTQNNFRL		
AVEEVTQNNFRLL		
AVEEVTQNNFRLLFKGSE		
AVEEVTQNNFRLLFKGSEM		
AVEHINKTIAPALV		
AVELKSLLGKDV		
AVEPLLAGLEAGLQGR		
AVEQNTLQEFLK		
AVEQNTLQEFLKLA		
AVFPSIVGRPR		
AVFPSIVGRPRHQGV		
AVGEYNKASNDMYHSRA		
AVGEYNKASNDMYHSRALQ		
AVGGEALGRL		
AVGGLGKLGKDAVEDLESVGK		
AVGKVIPELNGK		
AVGKVIPELNGKL		
AVGKVIPELNGKLT		
AVGKVIPELNGKLTG		
AVGTSAAPVPSDNH		
AVGVIKAVDK		
AVGVIKAVDKK		
AVHDLEEDTWY		
AVHKAVLTI		
AVHKAVLTIDEK		
AVHKAVLTIDEKGTEA		
AVHKAVLTIDEKGTEAA		
AVHKAVLTIDEKGTEAAG		
AVHKAVLTIDEKGTEAAGA		
AVHKAVLTIDEKGTEAAGAM		
AVHKAVLTIDEKGTEAAGAMF		
AVHPGGDTVAIGGVDGNV		
AVHYLDETEQWEK		
AVHYLDETEQWEKFGLEK		
AVHYLDETEQWEKFGLEKR		
AVKTVRTPGAAA		
AVKTVRTPGAAANLELI		
AVLADIAPSTDDLAS		
AVLALTQNHHK		
AVLDVFEEGTEASAA		
AVLDVFEEGTEASAATAV		
AVLDVFEEGTEASAATAVK		
AVLDVFEEGTEASAATAVKI		
AVLHIGEKGTEA		
AVLQLNEEGVDTAGSTGV		
AVLTIDEKGTEA		
AVLTIDEKGTEAA		
AVLTIDEKGTEAAGA		
AVLTIDEKGTEAAGAM		
AVLTIDEKGTEAAGAMF		
AVLTIDEKGTEAAGAMFL		
AVLTIDEKGTEAAGAMFLEAI		
AVLTIDEKGTEAAGAMFLEAIPM		
AVMTFDLTKITK		
AVQGEDTVQSLTQGDGV		
AVQGEDTVQSLTQGDGVAK		
AVQGEDTVQSLTQGDGVAKL		
AVQGEDTVQSLTQGDGVAKLSI		
AVQHREVQGFESA		
AVQKVVVHPLVL		
AVQLLDSSNQEERLPEGSV		
AVQLLDSSNQEERLPEGSVS		
AVQLLDSSNQEERLPEGSVSL		
AVQLLDSSNQEERLPEGSVSLI		
AVQPVIGISQ		
AVQPVIGISQR		
AVQRIFENGYDPV		
AVQRIFENGYDPVNL		
AVQRIFENGYDPVNLLND		
AVSDGVIKVFNDMK		
AVSEGTKAVTKY		
AVSEGYKDFR		
AVSFAEDASSSLR		
AVSQGKTAGLVK		
AVSQVVHKAVL		
AVSQVVHKAVLDV		
AVSSAVVGEPGITVTHL		
AVTELNEPLSNEDRNLLSV		
AVTEQGAELSNEERNLLSV		
AVTFEYPSNAVEEV		
AVTFEYPSNAVEEVTQNN		
AVTFEYPSNAVEEVTQNNF		
AVVGEPGITVTHL		
AVVKKSASDLTWDNLK		
AVVKKSASDLTWDNLKGKK		
AWDESLAPKHPGS		
AWGGKKENLK		
AWKADSSPV		
AWKADSSPVK		
AWKADSSPVKA		
AWKADSSPVKAGV		
AWKADSSPVKAGVE		
AWKADSSPVKAGVET		
AWKADSSPVKAGVETT		
AWKADSSPVKAGVETTTPSK		
AWKADSSPVKAGVETTTPSKQSNNK		
AYDATHLVK		
AYDLGLTTKM		
AYEADAQEQRGANDQDFAV		
AYEADAQEQRGANDQDFAVSF		
AYEQVAKALK		
AYFQQGDMESNGKYI		
AYGEKKSRLSNL		
AYKSELEEQLTPV		
AYKSELEEQLTPVAEETR		
AYLAPNNLKPV		
AYLAPNNLKPVVA		
AYLAPNNLKPVVAEF		
AYLAPNNLKPVVAEFYGSKEDPQT		
AYLTAQPAPTSEDLTSATN		
AYLTAQPAPTSEDLTSATNI		
AYLVGVSDPNSQAGQQGLVEPT		
AYQKVVAGVANA		
AYQKVVAGVANALAHKYH		
AYYHLLEQVAPKGDEEGVPAVV		
DAAFRQGHNSV		
DAAKRGPGGAWAAEVI		
DAAKRGPGGAWAAEVIS		
DAAQKTDTSHHDQDHPTFNK		
DAAQKTDTSHHDQDHPTFNKI		
DAAQKTDTSHHDQDHPTFNKITPNL		
DADDLQKRLA		
DAEEWFHAK		
DAEIGMSPWQV		
DAENKLNDVLLI		
DAFDGFDFGDDPSDK		
DAFVLLPSSSKEPV		
DAFVLLPSSSKEPVFR		
DAGAEYVVESTGVFT		
DAGAEYVVESTGVFTTMEK		
DAGAGIALNDHFV		
DAGAGIALNDHFVK		
DAGAGIALNDHFVKL		
DAGAGIALNDHFVKLI		
DAGLTFTSSSGQQTAQR		
DAGLTFTSSSGQQTAQRA		
DAGLVYDAYLAPNNL		
DAGLVYDAYLAPNNLKPV		
DAGLVYDAYLAPNNLKPVV		
DAGLVYDAYLAPNNLKPVVA		
DAGLVYDAYLAPNNLKPVVAEF		
DAGTIAGLNVLRI		
DAHKSEVAHRF		
DAHKSEVAHRFK		
DAHKSEVAHRFKD		
DAHKSEVAHRFKDL		
DAHKSEVAHRFKDLG		
DAHKSEVAHRFKDLGEE		
DAHKSEVAHRFKDLGEEN		
DAHKSEVAHRFKDLGEENF		
DAHKSEVAHRFKDLGEENFK		
DAHKSEVAHRFKDLGEENFKA		
DAHKSEVAHRFKDLGEENFKAL		
DAHKSEVAHRFKDLGEENFKALV		
DAHKSEVAHRFKDLGEENFKALVL		
DAIKKKLTGI		
DAIPAVEVFEGEPGNK		
DAIQPGSINYDL		
DAKGSFPWQAKM		
DALASSHPLSTPASEI		
DALRTHLAPYSDELR		
DALRTHLAPYSDELRQR		
DALRTHLAPYSDELRQRLAA		
DALSSVQESQVAQQ		
DALSSVQESQVAQQA		
DALSSVQESQVAQQAR		
DALTNAVAH		
DALTNAVAHV		
DALTNAVAHVDDMPNAL		
DAPDHQELNLDV		
DAPGQYGAYFHDDGF		
DAPGVIPGIVGAVV		
DAPRAVFPSIV		
DAPSFSDIPNPI		
DAQEQRGANDQDFAV		
DAQEQRGANDQDFAVSF		
DARENIQRFF		
DASMVYGSEEPLAR		
DATQQLQGFYSQV		
DAVDAERLKHLI		
DAYLAPNNLKPV		
DDAPRAVFPSIV		
DDAPRAVFPSIVG		
DDAPRAVFPSIVGRPR		
DDDDVVIGKVF		
DDDELDSKLNYKPPPQK		
DDDLEHQGGHVLDHGH		
DDDLEHQGGHVLDHGHK		
DDDLEHQGGHVLDHGHKH		
DDEEFIESNKMHAI		
DDEKNWGLSF		
DDELDSKLNYKPPPQK		
DDHDPVDKIVLQKY		
DDHDSVDKIVIQKY		
DDHLRDLGPLTK		
DDIDVRFQK		
DDIKKVVKQA		
DDIKKVVKQASEGPL		
DDIKKVVKQASEGPLK		
DDIKKVVKQASEGPLKG		
DDILASPPRLPEPQP		
DDILASPPRLPEPQPYPGAPHHS		
DDILASPPRLPEPQPYPGAPHHSS		
DDLEHQGGHVLDHGHK		
DDLEHQGGHVLDHGHKH		
DDLEHQGGHVLDHGHKHK		
DDLLVDLDHQR		
DDLQDFLSKDK		
DDLQDFLSKDKHADPDFTRKL		
DDLSPRDQF		
DDLSPRDQFNL		
DDLTVTNPKR		
DDMEKIWHHT		
DDMEKIWHHTF		
DDMPNALSALSDL		
DDMPNALSALSDLHAHK		
DDMPNALSALSDLHAHKLRVDPV		
DDPDAPLQPVTP		
DDPDAPLQPVTPLQL		
DDSLVSIFGNR		
DDTWEPFASGK		
DDYHFTSIKS		
DDYLNGRAVQHREVQ		
DDYLNGRAVQHREVQG		
DDYVNTQGASL		
DEAAFFDTASTGK		
DEAGSEADHEGTHSTKR		
DEAGSEADHEGTHSTKRG		
DEAGSEADHEGTHSTKRGHAKSRP		
DEAGSEADHEGTHSTKRGHAKSRPV		
DEATNLNGGLLRG		
DEEFIESNKMHAI		
DEELDSLIKATI		
DEELGGTPVQSRVV		
DEELGGTPVQSRVVQGKEPAH		
DEELGGTPVQSRVVQGKEPAHL		
DEELLRFSN		
DEELNKLLG		
DEELNKLLGKVT		
DEELNKLLGKVTI		
DEFKPLVEEPQ		
DEFKPLVEEPQNL		
DEFKVKIDQTVEELRR		
DEFPGIPSPLDA		
DEGGFAPNILENK		
DEGGFAPNILENKEGLELL		
DEGGFAPNILENKEGLELLK		
DEGGFAPNILENKEGLELLKT		
DEGKLQHLENELTHD		
DEGKLQHLENELTHDII		
DEGPGHHHKPGLGEG		
DEIIIRDLNIK		
DEILEASDGIMVA		
DEKALQDQLVLV		
DEKGTEAAGAMFLEAI		
DEKGTEAAGAMFLEAIPM		
DEKIAPNEYYDLI		
DELFQDRF		
DELFQDRFF		
DELFQDRFFT		
DELKAKIDQNVEELK		
DELNNNVEAVSQTSSSSFQY		
DELNNNVEAVSQTSSSSFQYM		
DELNWLDHGR		
DELPAKDDPDAPLQPVTP		
DEMEIGYIQAPHK		
DEMTSLSEYVSR		
DENESLLLEDNIR		
DENESLLLEDNIRM		
DENESLLLEDNIRMFT		
DEPPQSPWDR		
DEPPQSPWDRV		
DEPPQSPWDRVK		
DEPPQSPWDRVKDL		
DEPPQSPWDRVKDLAT		
DEREPTESTQQLNKPEVLEV		
DESGPSIVHR		
DESGPSIVHRK		
DESLAPKHPG		
DESLQVAERLT		
DESLQVAERLTR		
DESLQVAERLTRK		
DESSKPNMI		
DESSKPNMIDAA		
DETEQWEKF		
DETEQWEKFGLEK		
DETEQWEKFGLEKR		
DETLKKALTGHLE		
DETLKKALTGHLEE		
DETLPAPEFSPEPESGR		
DETYVPKEF		
DETYVPKEFNA		
DETYVPKEFNAET		
DETYVPKEFNAETFT		
DEVGGEALGRL		
DEVGGEALGRLL		
DEVGGEALGRLLV		
DEVQVGQQRTFI		
DEYKPQDATTNPSLI		
DFAVSFAEDASSSLR		
DFDFVPPVVR		
DFEQEMATAASSSSLEK		
DFEQEMATAASSSSLEKS		
DFHKENTVTNDWIPEGEE		
DFHVDQATTV		
DFHVDQVTTV		
DFKQETLPSK		
DFLAEGGGVR		
DFLEANYMNLQR		
DFNQNFEVPNRIIEI		
DFNSDTHSSTF		
DFNSDTHSSTFDAGAGI		
DFNVPMKNNQI		
DFNVPMKNNQITNNQR		
DFQDSAAAKKLI		
DFQLRRGEKELLVPR		
DFSELEPDKFQNK		
DFSFLPQPPQ		
DFSSANNR		
DFSSDLENVPH		
DFSSDLENVPHL		
DFVLSPDEINTI		
DFVTADKFDENAK		
DFVTADKFDENAKTGQATVA		
DGAGDVAFVKHSTI		
DGEFSMDLR		
DGEFSMDLRTK		
DGERHAFILQDTK		
DGFDFGDDPSDKF		
DGFRHRHPDEAAF		
DGGGSPKGDVDP		
DGGGSPKGDVDPF		
DGGLLTGNEK		
DGGLLTGNEKIT		
DGGLLTGNEKITM		
DGGLLTGNEKITMQNL		
DGGLLTGNEKITMQNLNDR		
DGIAALDLNAVANK		
DGKLVSESSDVLPK		
DGLAHLDNLK		
DGLAHLDNLKGT		
DGLAHLDNLKGTFA		
DGLHNMGGDPITVIDE		
DGLHNMGGDPITVIDEI		
DGNAFIGDIKDK		
DGNAFIGDIKDKV		
DGNAFIGDIKDKVT		
DGNAFIGDIKDKVTAWK		
DGPAGAPGTPGPQG		
DGPGNTLAHAFAPGTGLGGDA		
DGPSGKLWR		
DGPVVTDPKAPNVV		
DGPVVTDPKAPNVVVT		
DGRGALQNIIPA		
DGRGALQNIIPASTGAA		
DGRGALQNIIPASTGAAK		
DGRGEGLR		
DGSGSIIPH		
DGSGSIIPHDF		
DGSGSIIPHDFR		
DGVIKVFNDMK		
DGVIKVFNDMKVR		
DGVQNPRAEDLVG		
DGVREVFEMATR		
DGVTHTVPIYE		
DGVTHTVPIYEG		
DGVTYPGNVKEKEVA		
DHAAYHPF		
DHDATQQLQGFYSQV		
DHDVGSELPPEGVL		
DHDVGSELPPEGVLG		
DHDVGSELPPEGVLGAL		
DHDVGSELPPEGVLGALL		
DHHIVTPLTS		
DHINDIIKI		
DHPPLPQTSSSTPSNT		
DHTEASFSPR		
DHYNNLSASKVL		
DIAVDGEPLGRV		
DIAVDGEPLGRVS		
DIDSPPITARNT		
DIEKAVQSLDKNGV		
DIEKAVQSLDKNGVDLL		
DIGLIKLKQK		
DIHFHSPAFQ		
DIHFHSPAFQHPP		
DIHFHSPAFQHPPTE		
DIHIFEPQGISF		
DIIAEENIVSR		
DIIDTGKTMQTL		
DIITKFLENEDRR		
DIKIRLENE		
DIKKVVKQASEGPLKG		
DIKTSETKHDTSLKPI		
DILEKKVEK		
DINTDGAVNF		
DINTDGAVNFQ		
DINTDGAVNFQE		
DINTDGAVNFQEF		
DINTDGAVNFQEFL		
DIPAMLPAARLPT		
DIPTNSPELEETLTHTI		
DIQLTQSPSF		
DIQLTQSPSFL		
DIQLTQSPSSL		
DIQMTQSPSF		
DIQMTQSPSS		
DIQMTQSPSSL		
DIQMTQSPSSLS		
DIQMTQSPSSLSA		
DIQMTQSPSSLSASVGDRV		
DIQMTQSPSSLSASVGDRVTI		
DIQMTQSPSSV		
DIQMTQSPST		
DIQMTQSPSTL		
DIQMTQSPSTLSASVGDRV		
DIQQELQRY		
DIQYPDATDEDITSH		
DIRKDLYANT		
DIRKDLYANTV		
DISGSMRGQK		
DITLTETRFK		
DIVMTQSPDSL		
DIVMTQSPDSLA		
DIVMTQSPDSLAV		
DIVMTQSPLSL		
DIVMTQSPLSLPV		
DIVMTQSPLSLPVTPGEPA		
DIVMTQSPLSLPVTPGEPASI		
DIVMTQTPLSL		
DIVMTQTPLSLSVTPGQPA		
DIVMTQTPLSSPV		
DIYTEHAHQVV		
DKDNEDFQESNRMYSV		
DKFLASVSTV		
DKGVFVLNK		
DKGVFVLNKK		
DKIGVELTGRTLA		
DKKGISTSAASPAVGTV		
DKKREEAPSLRPAPPPISGGG		
DKKREEAPSLRPAPPPISGGGY		
DKKREEAPSLRPAPPPISGGGYR		
DKLGEVNTYAGDLQK		
DKLHVDPEN		
DKLHVDPENF		
DKLHVDPENFRLLG		
DKLKEFGNTL		
DKLMIEMDGTENK		
DKSDSFGVTI		
DKTERELLESYIDGR		
DKTLSLPELEQQQEQQQ		
DKTNVKAAWG		
DKTNVKAAWGK		
DKTNVKAAWGKVG		
DKTNVKAAWGKVGAHAG		
DKTNVKAAWGKVGAHAGE		
DKTNVKAAWGKVGAHAGEYG		
DKTNVKAAWGKVGAHAGEYGAEA		
DKVNSFFSTFK		
DKVNSFFSTFKEKESQDK		
DKVRFLEQQNK		
DLAAFDKSHDQAVR		
DLAAFDKSHDQAVRTYQEHK		
DLADELALVDVIEDK		
DLADFEKNSR		
DLAESIMKNL		
DLAGRDLTDY		
DLAGRDLTDYL		
DLAGRDLTDYLM		
DLAGRDLTDYLMK		
DLAKDITSDTSGDFR		
DLALAIRDSERQGK		
DLDGHPVPKQAFTDV		
DLDTNADKQL		
DLDTNADKQLSFEEF		
DLDTNADKQLSFEEFI		
DLEEVKAKVQ		
DLEEVKAKVQP		
DLEHQGGHVLDHGHK		
DLEIPKTAFISD		
DLEPTVIDEVRTGTY		
DLFKHQGTI		
DLFKHQGTITVNEEGTQAT		
DLFPKTRIQ		
DLFSPEKSKLPG		
DLFTSKGLFR		
DLGDVGPPIPSPG		
DLGDVGPPIPSPGF		
DLGDVGPPIPSPGFS		
DLGEENFKAL		
DLGEENFKALVL		
DLGENQLETLPPDLL		
DLGIEIPAEKV		
DLGTLSGIGTLDG		
DLGTLSGIGTLDGF		
DLGTLSGIGTLDGFR		
DLGTLSGIGTLDGFRH		
DLGTLSGIGTLDGFRHRHPDEA		
DLGTLSGIGTLDGFRHRHPDEAAF		
DLHAHKLRVDP		
DLHAHKLRVDPV		
DLHAHKLRVDPVN		
DLHFLEELQLGHNR		
DLHQDEFVQTLK		
DLIDEDDIPVR		
DLINNLGTIAK		
DLKDYEDQQKQL		
DLKDYEDQQKQLEQV		
DLKDYEDQQKQLEQVI		
DLKSVLGQL		
DLKSVLGQLG		
DLKVEDIPLARI		
DLLDIRTEFK		
DLLFFTDESGDSR		
DLLFFTDESGDSRGWK		
DLLFKDSAHGFLK		
DLLFKDSAI		
DLLGVAHNNL		
DLLGVAHNNLMA		
DLLKNGERIE		
DLLKNGERIEK		
DLLKNGERIEKV		
DLLKNGERIEKVEH		
DLLKNGERIEKVEHSDLSFS		
DLLKNGERIEKVEHSDLSFSK		
DLLKNGERIEKVEHSDLSFSKD		
DLLKNGERIEKVEHSDLSFSKDW		
DLLKNGERIEKVEHSDLSFSKDWS		
DLLLPQPDLR		
DLLPSRDRQHLP		
DLLPSRDRQHLPLIK		
DLMAHMASKE		
DLMEKVKSPELQAEAK		
DLNAPSDWDSRGKD		
DLNAPSDWDSRGKDS		
DLNAPSDWDSRGKDSYE		
DLNAPSDWDSRGKDSYET		
DLPAVSEKDIQDL		
DLPAVSEKDIQDLK		
DLPAVSEKDIQDLKF		
DLPAVSEKDIQDLKFG		
DLPAVSEKDIQDLKFGVEQ		
DLPFVVPRR		
DLPHITVDR		
DLPHITVDRL		
DLPHITVDRLVS		
DLPKLKPD		
DLQAAPEAQVSVQPNFQQDK		
DLQAQSKGNPEQTPV		
DLQNFLKKENK		
DLQVGQVELGGGPGAGSLQ		
DLQVGQVELGGGPGAGSLQP		
DLQVGQVELGGGPGAGSLQPL		
DLQVGQVELGGGPGAGSLQPLA		
DLRHTFMGV		
DLSDQVPDTESETRI		
DLSDQVPDTESETRILLQGTPV		
DLSFSKDWS		
DLSFSPAQSPPASHA		
DLSFSPAQSPPASHAHLQVA		
DLSFSPSQSLPASHA		
DLSFSPSQSLPASHAHLR		
DLSFSPSQSLPASHAHLRV		
DLSGITGARNLA		
DLSGITGARNLAV		
DLSGITGARNLAVSQV		
DLSGITGARNLAVSQVVHK		
DLSGSKVTASSPVAV		
DLSGVTEEAPLKLSK		
DLSGVTEEAPLKLSKA		
DLSGVTEEAPLKLSKAV		
DLSGVTEEAPLKLSKAVHK		
DLSGVTEEAPLKLSKAVHKA		
DLSHGSAQVKGHGK		
DLSHGSAQVKGHGKKV		
DLSHGSAQVKGHGKKVA		
DLSHGSAQVKGHGKKVAD		
DLSHGSAQVKGHGKKVADA		
DLSHGSAQVKGHGKKVADAL		
DLSHGSAQVKGHGKKVADALTN		
DLSHGSAQVKGHGKKVADALTNA		
DLSVLQKPQ		
DLTGDLEALKKE		
DLTGDLEALKKET		
DLTGDLEALKKETI		
DLTGDLEALKKETIVL		
DLTGGGDLFVGNEK		
DLTLDDTSEALNQLK		
DLTLLDSPIKVPL		
DLTSLGHNENQQGSFS		
DLTVGAQGHV		
DLTVGAQGHVL		
DLTWDNLKGK		
DLTWDNLKGKK		
DLVKELDRDTV		
DLVKELDRDTVF		
DLVKELDRDTVFALV		
DLWQKRQK		
DLWQKRQKQ		
DLYANTVLSGGTTMYPGIADR		
DLYIQKQFPI		
DMEKIWHHT		
DMPNALSALSDL		
DMPQMRMELERPGGNEI		
DMQLGRLHM		
DMREANYIGSDK		
DMREANYIGSDKY		
DMREANYIGSDKYFHA		
DMREANYIGSDKYFHAR		
DNEEGFFSAR		
DNEEGFFSARGH		
DNEEGFFSARGHRP		
DNEEGFFSARGHRPLDK		
DNEFGYSNRVV		
DNEFGYSNRVVDL		
DNELQEMSNQGSKYVNK		
DNELQEMSNQGSKYVNKEIQNAV		
DNENVVNEYSSELEK		
DNENVVNEYSSELEKHQL		
DNEQHVFK		
DNFGIVEGLMTTV		
DNGGLARRIHEDSDSALQLQDF		
DNIQGITKPAIR		
DNIQGITKPAIRR		
DNNNRLLLQQV		
DNSLKIISNA		
DNSVHWERPQKPK		
DNSVHWERPQKPKAPV		
DNTYNRVSEDL		
DNTYNRVSEDLR		
DNWDSVTSTFSK		
DNWDSVTSTFSKL		
DPDQTDGLGLSYLS		
DPDQTDGLGLSYLSSHI		
DPDQTDGLGLSYLSSHIANV		
DPFDQDDWGAWQK		
DPFNPFELTNHAV		
DPGAEEREELLGPTAQW		
DPILYRPVAV		
DPITVTVPVEV		
DPITVTVPVEVSR		
DPLDTLGSEGALSPGGVASLLR		
DPLQAKAYEADAQEQR		
DPNHFRPAGLPEKY		
DPNMIPDGDFNSYVR		
DPSQKQNLLAPQN		
DPSQKQNLLAPQNA		
DPTEGVTDRSQILK		
DPTGAFGKETDLLL		
DPTGAFGKETDLLLDDSLV		
DPTVLELGITGSK		
DPTVLELGITGSKFDV		
DPVKMGPTVSPI		
DPVNFKLLSH		
DQAANEWGR		
DQAANEWGRSGKDPNH		
DQAANEWGRSGKDPNHFRPA		
DQAANKWGR		
DQAVLRQDGVVV		
DQDFAVSFAEDASSSLR		
DQEEITAQILTK		
DQGPVGRTGEVG		
DQIESVITATSANTQ		
DQIESVITATSANTQL		
DQLIKELPELLQR		
DQLIYNLLKEEQTPQNK		
DQNVEELKGRLT		
DQSATALHFLGR		
DQSRVLNL		
DQSRVLNLGPI		
DQSRVLNLGPIT		
DQSRVLNLGPITR		
DQSVLLMKPDAELS		
DQSVLLMKPDAELSAS		
DQSVLLMKPDAELSASSV		
DQSVLLMKPEAELSVSSV		
DQTLPLNVNPALPLSPT		
DQTVEELRR		
DQTVSDNELQEMSNQGSK		
DQTVSDNELQEMSNQGSKYV		
DQTVSDNELQEMSNQGSKYVNK		
DQTVSDNELQEMSNQGSKYVNKEI		
DQVLSVLKGEE		
DQVPDTESETRIL		
DQVPDTESETRILL		
DQVPDTESETRILLQG		
DQVPDTESETRILLQGTPV		
DQVVKTIGL		
DRARAHVDALR		
DRARAHVDALRT		
DRDGNTLTYYR		
DRELISERWK		
DRFSGSGSGTDFT		
DRFTEDAKRLYG		
DRGETGPAGPAGPVGP		
DRGETGPAGPAGPVGPVG		
DRIIGLDQVAGMSET		
DRLDEVKEQVAEVR		
DRNLPSDSQDLGQHG		
DRNLPSDSQDLGQHGL		
DRQHLPLI		
DRVYIHPFHL		
DSAHGFLKVPPRMDA		
DSAHGFLKVPPRMDAK		
DSDDDEPPPLPRL		
DSDGSFFLYSKL		
DSDPITVTVPVEVSRKNPK		
DSEIDAELKNIL		
DSFADIDYSLVEAPR		
DSFADIDYSLVEAPRATA		
DSGDGVTHTVPI		
DSGDGVTHTVPIY		
DSGDGVTHTVPIYE		
DSGDGVTHTVPIYEG		
DSGDGVTHTVPIYEGY		
DSGDGVTHTVPIYEGYA		
DSGDGVTHTVPIYEGYALPHAI		
DSGEGDFLAEGGGVR		
DSGFGGGAGVETGGKL		
DSGFQMNQLR		
DSGRDYVSQFEGSALG		
DSGRDYVSQFEGSALGK		
DSGRDYVSQFEGSALGKQ		
DSGSSEEKQLYNKYP		
DSGSSEEKQLYNKYPD		
DSGSSEEKQLYNKYPDAVAT		
DSGVPDRFSGSGSGTDFTLK		
DSHSLTTNI		
DSHSLTTNIM		
DSHSLTTNIME		
DSHSLTTNIMEI		
DSHSLTTNIMEIL		
DSHSLTTNIMEILR		
DSHSLTTNIMEILRGDFSSANN		
DSIVHQAGMLK		
DSKNDNDNIFLSPL		
DSLADAEERCDQL		
DSLADQAANEWGR		
DSLADQAANEWGRSGKDPNH		
DSLADQAANEWGRSGKDPNHFRPA		
DSLADQAANK		
DSLADQAANKWG		
DSLADQAANKWGR		
DSLDKEKEKHIDREFV		
DSLDKEKEKHIDREFVV		
DSLDQLVGGVPV		
DSLEFREIGELYLPK		
DSLKNILTSNN		
DSLKNILTSNNID		
DSLKNILTSNNIDVK		
DSLLENDRQQT		
DSLLQDGEFSMDLR		
DSLLQDGEFSMDLRTK		
DSLPLVDTHSKRTLL		
DSLQASLRPHA		
DSLQASLRPHADE		
DSLQASLRPHADEL		
DSLQASLRPHADELK		
DSLSVSPTDSDVSAGNILQLFHGK		
DSPDLPKLKPD		
DSPGNKDFLQSLK		
DSPGSGNARPNNPDWG		
DSPGSGNARPNNPDWGT		
DSPGSGNARPNNPDWGTF		
DSPPLEMLGPR		
DSPSVWAAVPGK		
DSPSVWAAVPGKT		
DSPSVWAAVPGKTFV		
DSSNADWVTKQLNEI		
DSSVPNTGTARMVETT		
DSTTEGTPADGFTVLSTK		
DSVIQALAELEQKVPAAK		
DSVLDVVRK		
DSVTSTFSKL		
DSVTSTFSKLREQLGPVTQ		
DSWLDKQAEI		
DSWLDKQAEISASAPT		
DSYVGDEAQSK		
DSYVGDEAQSKR		
DTASDVLDKASSL		
DTASTGKTFP		
DTASTGKTFPG		
DTASTGKTFPGF		
DTASTGKTFPGFF		
DTAVDGVFIRSLK		
DTEEAKKQINDYVEKGTQGKIVD		
DTEEAKKQINDYVEKGTQGKIVDL		
DTEHSNIYLQNGPDR		
DTEHSNIYLQNGPDRI		
DTEHSNIYLQNGPDRIGR		
DTENAMTFQENARGFGQS		
DTHSSTFDAGAGI		
DTISEKTSDQIHFF		
DTNADKQLSF		
DTNADKQLSFE		
DTNADKQLSFEEF		
DTNLPANRVPAGL		
DTQEKLNHQLEGLTFQMK		
DTQEKLNHQLEGLTFQMKK		
DTSKFPSPLVV		
DTVIKPLLV		
DTVVALHALSKYGAAT		
DTYPNDETTERVFPYIS		
DTYPNDETTERVFPYISV		
DVAPLSLGLETAGGVM		
DVAPLSLGLETAGGVMT		
DVDIRKDLYANT		
DVDLQYPQDAV		
DVDLQYPQDAVLALT		
DVDLQYPQDAVLALTQNHHK		
DVDRAISGGSIQIEN		
DVDRAISGGSIQIENG		
DVDRAISGGSIQIENGY		
DVDVSKPDLT		
DVDVSKPDLTAALR		
DVDYDFLKR		
DVEKNNSRIKL		
DVGDKVKIIFK		
DVGQTVDDPYATFVK		
DVGSYQEKVDVV		
DVGSYQEKVDVVLGPIQ		
DVLKDSGRDYV		
DVLTTGAGNPVGDKLNVI		
DVNDEKNWGLSV		
DVPDHAAYHPFR		
DVQDSLTVSNEAQTAKEFI		
DVSHEDPEVKF		
DVSLQLPSR		
DVSSALDKLKEFGNTLEDK		
DVTQNNFHNYFGGSE		
DVTVLQNTDGNNNEAWAK		
DVTVLQNTDGNNNEAWAKDLK		
DVVLFEKK		
DVVMTQSPLSL		
DVVMTQSPLSLPV		
DVVMTQSPLSLPVTLGQPA		
DVWVIEPQGLR		
DVYQEPTDPKFPQQ		
DWAAQEPHRHSI		
DWGTFEEVSGNVSPGTR		
DWGTFEEVSGNVSPGTRR		
DWIHPDLK		
DWTKIEPSVNF		
DWVQKTIAEN		
DYAEVGRVGYV		
DYASDHGEKKLI		
DYFEEYGKIDTI		
DYFQAPSDYR		
DYFSQLSNNAK		
DYFSQLSNNAKEAV		
DYHTTDYVDEIKK		
DYINQNLPWGYK		
DYMGADSFDNIKR		
DYNLMDGDLGLI		
DYSLMKDPVASTS		
DYSLVEAPRATA		
DYVEKGTQGKIV		
DYVEKGTQGKIVDL		
DYWSTVKDK		
EAAFFDTASTGK		
EAAVARFFSA		
EAEDLQVGQVELGGGPGAGS		
EAEDLQVGQVELGGGPGAGSLQ		
EAEDLQVGQVELGGGPGAGSLQP		
EAEDLQVGQVELGGGPGAGSLQPL		
EAEDLQVGQVELGGGPGAGSLQPLA		
EAELEKVAHQLQA		
EAELEKVAHQLQAL		
EAELEKVAHQLQALR		
EAFDGARDMW		
EAFLSSLTETI		
EAGKDDYVKALPGQLKPFE		
EAHDAQGDVPVTVTVHDFPGKKLVL		
EAIPMSIPPEVKFNKP		
EAIPMSIPPEVKFNKPFV		
EAKHIAEEADRKYEEVARK		
EALGSLPPPPAAPREPA		
EALKENGGARL		
EALKENGGARLAEYHAKATEHL		
EALKENGGARLAEYHAKATEHLS		
EALKENGGARLAEYHAKATEHLST		
EALKENGGARLAEYHAKATEHLSTL		
EALVKGNPPIYR		
EANKYQISVNK		
EANNLGLLDPNSV		
EANYIGSDKYF		
EANYIGSDKYFH		
EANYIGSDKYFHA		
EANYIGSDKYFHAR		
EANYIGSDKYFHARGNYDAAK		
EAPAPEVGASKPEGI		
EAPLKLSKAVHK		
EAPLKLSKAVHKA		
EAPLNPKANREK		
EAPLNPKANREKM		
EAPSLRPAPPPISGG		
EAPSLRPAPPPISGGG		
EAPSLRPAPPPISGGGY		
EAPSLRPAPPPISGGGYR		
EAQAQYSAAVAKGK		
EAQIADFSDPAFI		
EAQLPVIENK		
EAQVSVQPNFQQDK		
EAVEHLQK		
EAVQYKTQVVAGTNY		
EDALIEILTTR		
EDAPVIHQEMI		
EDASLLSFMQGYM		
EDASLLSFMQGYMK		
EDAVLEYLK		
EDGSDPPSGDFLTEGGGV		
EDGSGEVVLSR		
EDGSGEVVLSRK		
EDGSGEVVLSRKV		
EDHVKLVNE		
EDHVKLVNEVTE		
EDHYYEGGIGEAV		
EDIIAEENIVSR		
EDKTERELLESYIDGR		
EDLDTNADKQLSF		
EDLQVGQVELGGGPGAGSLQP		
EDLRQGLLPVL		
EDLRQGLLPVLES		
EDPQGDAAQKTDTSHHDQDHPTFNK		
EDQQKQLEQVIAK		
EDSLADQAANEWGR		
EDTVQSLTQGDGVAKLSI		
EDWKGDKVKAHYG		
EDYVQSMDVAAFNKI		
EEADAPGVIPGIVGAV		
EEADAPGVIPGIVGAVV		
EEAGARVQQNVPSGTDTGDPQSKP		
EEANNDLENKIQ		
EEAPAPEVGASKPEGI		
EEAPSLRPAPPPIS		
EEAPSLRPAPPPISG		
EEAPSLRPAPPPISGG		
EEAPSLRPAPPPISGGG		
EEAPSLRPAPPPISGGGY		
EEAPSLRPAPPPISGGGYR		
EEAPSLRPAPPPISGGGYRARP		
EEDFHVDQATTV		
EEDFHVDQVTTV		
EEEAPAPEVGASKPEGI		
EEELQFSLGSK		
EEELQFSLGSKI		
EEFIESNKMHAI		
EEGKEILVGDVGQTVDDPY		
EEGTEASAATAVKITL		
EEHLEGIVN		
EEHLEGIVNIF		
EEHLEGIVNIFH		
EEHLEGIVNIFHQ		
EEHLEGIVNIFHQY		
EEHLGILGPV		
EEHPVLLTEAPLNPK		
EEIELAYEQVAK		
EEIGKELEELR		
EEISERLEEAGGATS		
EEKENKKFPVFK		
EEKIAHDLRF		
EELDSLIKATI		
EELNKLLGKV		
EELNKLLGKVTI		
EELQFSLGSK		
EELQFSLGSKI		
EELVYELNPLDHR		
EELVYELNPLDHRGR		
EENFKALVL		
EEPAVPAPLPKKI		
EESELDLTYGNRYK		
EEVGLAAPAPTAR		
EEVSGNVSPGTR		
EEVSGNVSPGTRREY		
EEVSGNVSPGTRREYH		
EEVSGNVSPGTRREYHT		
EEVSGNVSPGTRREYHTE		
EEVSGNVSPGTRREYHTEK		
EEVSGNVSPGTRREYHTEKL		
EEVSGNVSPGTRREYHTEKLV		
EEVSGNVSPGTRREYHTEKLVTS		
EEVSGNVSPGTRREYHTEKLVTSK		
EEVVTVETWQEGSLK		
EEYTKKLN		
EEYTKKLNT		
EEYTKKLNTQ		
EFAFSLYR		
EFGHALGLDH		
EFHSHEFH		
EFHSHEFHSHED		
EFHSHEFHSHEDM		
EFKPLVEEPQNL		
EFLTPVEEAPKGMLA		
EFQLFSSPHGK		
EFTPAVHASL		
EFTPAVHASLD		
EFTPAVHASLDK		
EFTPAVHASLDKF		
EFTPAVHASLDKFLAS		
EFTPPVQAAYQK		
EFVSETESRGSESGIFTN		
EFVSETESRGSESGIFTNT		
EFVSETESRGSESGIFTNTK		
EFVSETESRGSESGIFTNTKESSSH		
EFYGSKEDPQTFY		
EFYGSKEDPQTFYYA		
EFYGSKEDPQTFYYAVA		
EGDEGPGHHHKPGLGEGTP		
EGDFLAEGGGVR		
EGDGVYTLNDKKQWINK		
EGFGHLSPT		
EGFGHLSPTGT		
EGFGHLSPTGTTEF		
EGFGHLSPTGTTEFWLGNEK		
EGFGHLSPTGTTEFWLGNEKI		
EGGPASEGAARPLPRFNSVPL		
EGKVLPGVDAL		
EGKVLPGVDALSNI		
EGLKLVDKF		
EGLMTTVHAI		
EGLRPGTL		
EGLTEYSLLVK		
EGLTEYSLLVKQLR		
EGPLKGILGY		
EGPLKGILGYTEHQVV		
EGPLKGILGYTEHQVVS		
EGQQHHLGGAKQAGDV		
EGSALGKQLNL		
EGSALGKQLNLK		
EGSALGKQLNLKL		
EGSDAEIGMSPWQ		
EGSDAEIGMSPWQV		
EGSDAEIGMSPWQVM		
EGSTVPEKKTPKSPV		
EGTIEQSSPPLSPTTKL		
EGTYYSPNYNPQSR		
EGVDAEDGHGPGEQQK		
EGVDAEDGHGPGEQQKR		
EGVHGGLINK		
EGVHGGLINKK		
EGVQKEDIPPADLS		
EGYYGYTGAFR		
EHGIITNWDDMEK		
EHGIITNWDDMEKI		
EHLSTLSEK		
EHLSTLSEKAKPALEDLR		
EHPVLLTEAPLNPK		
EHRSELNLR		
EHSDLSFSKDW		
EHSDLSFSKDWS		
EHSDVIDSQELSKVSREFHSHE		
EHSDVIDSQELSKVSREFHSHEFH		
EHTPDEESIDWTKIEPSVN		
EHVFIHPGWK		
EIAQDFKTDLR		
EIDTKSYWK		
EIENKAIQDPRL		
EIFDSRGNPTVEVDLFTSK		
EIGAVGNAGPAGPAGPRG		
EIGELYLPK		
EIIIRDLNIK		
EIINVGHSF		
EILELAGNAARDNK		
EILNQVQESLPELSNHASI		
EILPQGHESPIFK		
EILRGDFSS		
EILRGDFSSA		
EILRGDFSSANN		
EILRGDFSSANNR		
EILRGDFSSANNRDNTYN		
EINQKAKQMRNQL		
EINYEDHKLK		
EIPLTVTHPVVRN		
EITALAPSTMK		
EITALAPSTMKI		
EITALAPSTMKIK		
EIVLTQSPA		
EIVLTQSPAT		
EIVLTQSPATL		
EIVLTQSPATLS		
EIVLTQSPATLSLSPGER		
EIVLTQSPATLSLSPGERA		
EIVLTQSPDFQSV		
EIVLTQSPGTL		
EIVLTQSPGTLS		
EIVLTQSPGTLSLSPGER		
EIVLTQSPGTLSLSPGERA		
EIVLTQSPGTLSLSPGERATL		
EIVMTQSPATL		
EIVMTQTPLSL		
EIVRDIKEKL		
EKAGAHLQGGAKRVII		
EKAKPALEDLRQG		
EKALNSIIDV		
EKALNSIIDVY		
EKALNSIIDVYHKY		
EKESQDKTLSLPELEQQQ		
EKGDVAFVK		
EKIWHHTF		
EKIYIHPR		
EKLIAPVAEEEATVPNNK		
EKLQDEDLGFL		
EKNGIDIYSL		
EKNGIDIYSLTV		
EKNGIDIYSLTVDSR		
EKQLYNKYPD		
EKSKEQLTPL		
EKSKEQLTPLIKK		
EKSKEQLTPLIKKAGTEL		
EKSYELPDGQVI		
EKVASYGVKPR		
ELAAQTIKK		
ELAGNAARDNKKTRIIP		
ELAGNAARDNKKTRIIPRH		
ELAGNAARDNKKTRIIPRHLQ		
ELAKLVNK		
ELALWDTAGQEDYDR		
ELANTIKNIKDKAVIDE		
ELDAQLDAYNARMDTS		
ELDKAFSDRNTL		
ELDLSYNK		
ELDLSYNKLK		
ELDNVTGLLSQSDSK		
ELEDWNGR		
ELEDWNGRTST		
ELEDWNGRTSTA		
ELEDWNGRTSTADYA		
ELEDWNGRTSTADYAM		
ELEDWNGRTSTADYAMFK		
ELEKALNSIID		
ELEKALNSIIDV		
ELEKALNSIIDVY		
ELERPGGNE		
ELERPGGNEI		
ELERPGGNEIT		
ELERPGGNEITR		
ELERPGGNEITRGG		
ELERPGGNEITRGGST		
ELERPGGNEITRGGSTS		
ELERPGGNEITRGGSTSY		
ELERPGGNEITRGGSTSYG		
ELEVRTSTA		
ELFKFQEEEK		
ELGGHLDQQVEEF		
ELGGHLDQQVEEFR		
ELGKNQAKFSLV		
ELIFVGPQHAGN		
ELILSDETLPAPEFSPEPESGR		
ELISERWK		
ELISRIKQSELSAK		
ELLDTVTAPQK		
ELLDTVTAPQKNLK		
ELLEGKVLPGVDALS		
ELLESYIDGR		
ELLETVVNR		
ELLIEMEDWKGDK		
ELLIEMEDWKGDKVK		
ELLIRKLPFQRLV		
ELLPGESNKIPR		
ELLPSSFGPEDLQKTQ		
ELLREGETKAVKTVRTPGAAANLEL		
ELNGAYKAIPV		
ELNGAYKAIPVAQ		
ELNGAYKAIPVAQDLN		
ELNLQKLSNDR		
ELNLQKLSNDRI		
ELNLQKLSNDRIR		
ELNLQKLSNDRIRV		
ELNLQKLSNDRIRVGEV		
ELNPLDHR		
ELPAILHT		
ELPAILHTELNLQK		
ELPDGQVITIGNERF		
ELPHYPGLLA		
ELQEGARQKL		
ELQEGARQKLHELQE		
ELQEGARQKLHELQEK		
ELQEKLSPL		
ELQEKLSPLGEEM		
ELQEKLSPLGEEMR		
ELQEKLSPLGEEMRDR		
ELQEKLSPLGEEMRDRAR		
ELQEMDKDDESLIKYK		
ELQQRLEPYA		
ELQQRLEPYADQLR		
ELQQRLEPYADQLRTQV		
ELRVAPEEHPV		
ELRVAPEEHPVL		
ELRVAPEEHPVLL		
ELTETGVEAAAASAIS		
ELTETGVEAAAASAISV		
ELTETGVEAAAASAISVAR		
ELTETGVEAAAASAISVART		
ELTETGVEAAAASAISVARTL		
ELTGRQSSEITRTIT		
ELTHDIITKF		
ELTIGSKLQDAEIARL		
ELTKVFEI		
ELTKVFEIR		
ELTLLRPI		
ELTQQLNALFQDK		
ELVKHKPKATKEQLKAVMDD		
ELVRKDLQNFLK		
ELVRKDLQNFLKKENK		
ELVRKDLQNFLKKENKNEK		
ELYRQKVEPLRA		
EMARQKKESEAVEWQQKAQM		
EMDKDDESLIKYK		
EMEDWKGDKVK		
EMEDWKGDKVKA		
ENELTHDIIT		
ENELTHDIITKF		
ENIQRFFGHG		
ENIQRLTGRGAEDSLADQAANK		
ENLDRDIALM		
ENTQQHITAR		
ENVIRDAVTY		
EPLDDYVNTQGA		
EPLDDYVNTQGASL		
EPLDDYVNTQGASLF		
EPLDDYVNTQGASLFSV		
EPLQAEDDPLQAKAY		
EPLQARADEVAAAPEQI		
EPLRAELQEGAR		
EPLRAELQEGARQK		
EPPQSPWDRV		
EPPQSPWDRVK		
EPPQSPWDRVKD		
EPPQSPWDRVKDL		
EPQDTYHYL		
EPTQQHFSVAQV		
EQEMATAASSSSLEK		
EQLGEYKFQNAL		
EQLGEYKFQNALL		
EQLTPLIKK		
EQNTKSPLFMGK		
EQNTKSPLFMGKV		
EQNTKSPLFMGKVVNPTQK		
EQNTLQEFLKLA		
EQQQEQQQEQVQMLAPLES		
EQQQEQVQMLAPLES		
EQRGANDQDFAVSF		
EQRGANDQDFAVSFAEDASSSLR		
EQTIKSGSDEVQVGQQR		
EQTIKSGSDEVQVGQQRT		
EQTIKSGSDEVQVGQQRTFI		
EQTIKSGSDEVQVGQQRTFISPI		
EQTPQNKITVVGVGAVG		
EQVGGPSLTSDLQAQSK		
EQVGGSPEKLQETSNWL		
EQVPKGLPAKL		
EQVQMLAPLES		
EQVSPLTLLK		
ERDPSKIKW		
ERGYSFTTTAEREIV		
ERIAGEASRL		
ERIAGEASRLA		
ERIAGEASRLAH		
ERIAGEASRLAHY		
ERLHLEGNKL		
ERNIETIINTF		
ERNIETIINTFH		
ERNIETIINTFHQY		
ERPGGNEITRGGST		
ERPGGNEITRGGSTSY		
ERRLDYQEGPPGVEI		
ERSFEGLGQLEV		
ERVNEPSILEMSR		
ERVPFDAATLHTS		
ERVPFDAATLHTST		
ERVPFDAATLHTSTA		
ERVPFDAATLHTSTAM		
ESAWKTAQEGDHGSHVYTK		
ESEELNGAYKAIPV		
ESELSDPVELLVAES		
ESFKVSFLSA		
ESGGGLVKPGGSLR		
ESGGGLVQPGGSLR		
ESGSFRPDSPGSGNARPN		
ESILSYPKD		
ESKKEDLVFI		
ESKKEDLVFIF		
ESLLLEDNIR		
ESLLLEDNIRMFT		
ESLQERADEATTQK		
ESLQERADEATTQKQS		
ESLQERADEATTQKQSGEDNQDLAI		
ESLQVAERLT		
ESSSHHPGIAEFPSR		
ESSSHHPGIAEFPSRG		
ESSSHHPGIAEFPSRGK		
ESSVSGSTGQWHSESGSFRPD		
ESTGVFTTMEK		
ESVGKGAVHDV		
ESVGKGAVHDVKD		
ESVGKGAVHDVKDV		
ESVGKGAVHDVKDVL		
ESYVVHTNYDEYA		
ETEQWEKFGLEKR		
ETESPRNPSSAGSW		
ETESRGSESGIFTN		
ETESRGSESGIFTNT		
ETESRGSESGIFTNTK		
ETESRGSESGIFTNTKESS		
ETESRGSESGIFTNTKESSSH		
ETGVEAAAASAISVAR		
ETGVPSRFSGSGSGTDFT		
ETIVLKEGSEYR		
ETLFSVMPGLK		
ETLLQDFRVV		
ETLPPDLLRGPLQL		
ETNLDSLPLVDTHSK		
ETTWDYASDHGEKK		
ETTWDYASDHGEKKLI		
ETTYTVLQNEDTKSG		
ETVAEGTFAHLSNL		
ETVAEKALQEYR		
ETWTANVGK		
ETWTANVGKGQPS		
ETWTANVGKGQPSVL		
ETWTANVGKGQPSVLQV		
ETWTANVGKGQPSVLQVV		
ETYVPKEFNAET		
EVAFDLEIPK		
EVAFDLEIPKTAFI		
EVAHRFKDLGEEN		
EVAHRFKDLGEENFKALVL		
EVDEQMLNVQNK		
EVDETYVPKEF		
EVDETYVPKEFN		
EVDETYVPKEFNA		
EVDETYVPKEFNAET		
EVDETYVPKEFNAETFT		
EVEIHAGGLNLEPFLK		
EVGGEALGRL		
EVGGEALGRLL		
EVGGEALGRLLV		
EVGVLVGKDR		
EVHKQVVESAYEVI		
EVIRESSSTTGMVVG		
EVISNARENIQR		
EVKVWPQQPSGEL		
EVKVWPQQPSGELFE		
EVLELAGNASKDLK		
EVLPKAGALNSNDAF		
EVNLEPHVQEIEVSRL		
EVQLVESGGGLVKPGGSLR		
EVQLVESGGGLVQPGGSLR		
EVQLVQSGAEVK		
EVQLVQSGAEVKK		
EVRTSTASGL		
EVSADQVATVMWD		
EVSGNVSPGTR		
EVSKLVTDLTKV		
EVSRLFLEPTRK		
EVSRLFLEPTRKDI		
EVSRLFLEPTRKDIA		
EVTHQGLSSPV		
EVTHQGLSSPVT		
EVTHQGLSSPVTK		
EVTLNRPFL		
EVVLQWFTENSK		
EWFSETFQK		
EWLESVKENPAVI		
EWLGGRDAGPLLI		
EWVAIESDSVQPVPR		
EYDESGPSIVHR		
EYHAKATEHL		
EYHAKATEHLS		
EYHAKATEHLSTL		
EYHAKATEHLSTLSEK		
EYHAKATEHLSTLSEKA		
EYHAKATEHLSTLSEKAKPA		
EYHAKATEHLSTLSEKAKPALEDLR		
EYHTEKLV		
EYHTEKLVT		
EYHTEKLVTSK		
EYHTEKLVTSKGDK		
EYHTEKLVTSKGDKEL		
EYHTEKLVTSKGDKELR		
EYKFQNAL		
EYLTAEILELAGNAARDNK		
EYPSNAVEEVTQNN		
EYQTFFNPR		
EYTDASFTNRK		
EYTKKLNTQ		
EYVVESTGVFTTMEK		
FAAGIQALGGTNIND		
FADKVPKTAENF		
FAEDASSSLR		
FAEEKAVADTR		
FAGDDAPRAVF		
FAGDDAPRAVFPSIV		
FAGGDAGDAFDGFDFGDDPSDKF		
FAKSDTSLEMTMGNAL		
FALVREDR		
FALVREDRGGR		
FAPDNLDPIPKNIL		
FAPEGLTTMPKNVVF		
FAQYIQEASFEEVEMLVKAMTEY		
FASDPILYRPVA		
FASDPILYRPVAV		
FATDFQDSAAAKKLIND		
FAVEGPKLVVSTQTALA		
FAVFDENK		
FAVPKSSSNEEVM		
FAVPKSSSNEEVMFLTV		
FAVSFAEDASSSLR		
FDAGAGIALNDHFVK		
FDAGAGIALNDHFVKL		
FDENESLLLEDNIRM		
FDFGDDPSDKF		
FDGARDMW		
FDGARDMWR		
FDGFDFGDDPSDKF		
FDIAVDGEPLGRVS		
FDIAVDGEPLGRVSF		
FDLEIPKTAFI		
FDLSHGSAQ		
FDLSHGSAQV		
FDLSHGSAQVK		
FDLSHGSAQVKGHG		
FDLSHGSAQVKGHGK		
FDLSHGSAQVKGHGKK		
FDLSHGSAQVKGHGKKV		
FDLSHGSAQVKGHGKKVA		
FDLSHGSAQVKGHGKKVAD		
FDLSHGSAQVKGHGKKVADA		
FDNLMQQK		
FDPAKLDQIESV		
FDQDDWGAWQK		
FDSDPITVTVPVE		
FDSDPITVTVPVEV		
FDSDPITVTVPVEVSR		
FDSDPITVTVPVEVSRKNP		
FDSDPITVTVPVEVSRKNPKF		
FDTASTGKT		
FDTASTGKTF		
FDTASTGKTFP		
FDTASTGKTFPG		
FDTASTGKTFPGF		
FDTASTGKTFPGFFS		
FDTISEKTSDQIH		
FDTLSKGELK		
FDVELLKLE		
FDVKAQMVDPR		
FDVNDEKNWG		
FDVNDEKNWGL		
FDVNDEKNWGLS		
FDVNDEKNWGLSV		
FDVPLKVDL		
FDVSSFNPHGI		
FEDELSEVLENQSSQAELKE		
FEDENFILK		
FEDNDNRSVLKGGPFSDSYRL		
FEEGTEASAATAVKITL		
FEGSALGKQ		
FEGSALGKQL		
FEGSALGKQLN		
FEGSALGKQLNL		
FEKELSKV		
FEKELSKVRE		
FEKMVPVSVQQSL		
FEKSKEQLTPL		
FEKSKEQLTPLIK		
FEKSKEQLTPLIKKAGTEL		
FELEADEREPTESTQQLNKPEVL		
FELEADEREPTESTQQLNKPEVLE		
FEPLVEDMQRQWAGL		
FEQEMATAASSSSLEK		
FEQLELRPV		
FEQLGEYKFQN		
FEQLGEYKFQNA		
FEQLGEYKFQNAL		
FEQLGEYKFQNALL		
FESFGDLSTPDA		
FESFGDLSTPDAV		
FESFGDLSTPDAVM		
FESFGDLSTPDAVMGNPK		
FESGNMTQVQVSL		
FETEGPHVL		
FETFNTPAM		
FETFNTPAMY		
FEYPSNAVEEVTQNN		
FEYPSNAVEEVTQNNF		
FFAPDNLDPIPKNIL		
FFDTASTGK		
FFDTASTGKTFPG		
FFELEADEREPT		
FFEQGTTR		
FFEQGTTRI		
FFEQGTTRIGGSYK		
FFGHGAEDS		
FFGHGAEDSL		
FFGHGAEDSLA		
FFGHGAEDSLADQ		
FFGHGAEDSLADQAAN		
FFGHGAEDSLADQAANEWGR		
FFHGQALTNK		
FFLPDEGKL		
FFLPDEGKLQHL		
FFLPDEGKLQHLENELTHD		
FFMSKVTNPKQA		
FFTREPQD		
FFYDSENPPASEV		
FFYDSENPPASEVLRI		
FGAKPVSLTGKQEDDLANINQ		
FGASAGTGDLSDNHD		
FGASAGTGDLSDNHDIIS		
FGASAGTGDLSDNHDIISM		
FGASAGTGDLSDNHDIISMK		
FGASAGTGDLSDNHDIISMKL		
FGDDPSDKF		
FGDLSTPDAVMGNPK		
FGDPVVQSDMK		
FGDTEEAKKQINDYVEKGTQGKIVD		
FGGSVSGSSSSKIIS		
FGGVSALSKQQF		
FGHGAEDSL		
FGHGAEDSLADQAAN		
FGHGAEDSLADQAANEWGR		
FGHGAEDSLADQAANEWGRSGKDPN		
FGIDRDAIAQ		
FGIDRDAIAQAVRG		
FGIQDGEQR		
FGIQDGEQRI		
FGIQDGEQRISLPESLK		
FGKEFTPPVQ		
FGKEFTPPVQAA		
FGLEKRQGALELI		
FGMGNEVDVHAAF		
FGQTDMSRK		
FGSPSGQKDLL		
FGSPSGQKDLLFKDSAIGF		
FGSYLDDEKNWG		
FGSYLDDEKNWGLS		
FGTQVVEKV		
FGTQVVEKVVL		
FGTVGVPEHTY		
FGYGYGPYQPVPEQP		
FHKAFLEVNEEGSEAAAS		
FHKAFLEVNEEGSEAAASTA		
FHNKGAYPLSIEPI		
FHPEFANPDFTQP		
FHSFGGGTGSGFT		
FHVDQATTVKVPMMKR		
FIAESKRLIDL		
FIENEEQEYVQT		
FIENEEQEYVQTVK		
FIFPPSDEQLKSGTAS		
FILNEANNLGLLDPNSV		
FILPDQDKME		
FILPDQDKMEEVEA		
FINDATDVNDALGYVTR		
FIQTDKTIYTPGST		
FIQTDKTIYTPGSTVL		
FIQTQQLHAAMADT		
FITETPSQPNSHPI		
FIVEATDPTIDLR		
FIVSEFDYVEKQA		
FKAWAVARL		
FKDDDDVVIGKV		
FKDLGEENFK		
FKDLGEENFKAL		
FKDLGEENFKALVL		
FKDPKISTSLPVLDL		
FKEALQGVGDMGRAY		
FKELDINTDGAVNF		
FKELDINTDGAVNFQ		
FKELDINTDGAVNFQE		
FKELDINTDGAVNFQEF		
FKELDINTDGAVNFQEFL		
FKLDDDLEHQGGHVLDHGHK		
FKNMATRPYSI		
FKPLVEEPQ		
FKPLVEEPQNL		
FKVGPEADKYR		
FKVSFLSALEE		
FLAEGGGVR		
FLARVMNPV		
FLASPEYVNLPINGNGKQ		
FLDDASPGDKRLA		
FLDDASPGDKRLAA		
FLDEAAARL		
FLDKGEFYIGSK		
FLEKLALDNGGLAR		
FLENEDRR		
FLENVIRDA		
FLENVIRDAV		
FLEPMEEKL		
FLEPMEEKLVV		
FLEPTRKDI		
FLEPTRKDIAL		
FLESKDSLLK		
FLESKDSLLKK		
FLEVNEEGSEAAAST		
FLEVNEEGSEAAASTA		
FLEVNEEGSEAAASTAV		
FLEVNEEGSEAAASTAVV		
FLEVNEEGSEAAASTAVVI		
FLFPPKPKDT		
FLGEAFDGAR		
FLGEAFDGARD		
FLGEAFDGARDM		
FLGHTNVEELMK		
FLGKVVNPTEA		
FLGLTAPPGSKEAEVQAKQQA		
FLIKGDKV		
FLKEPALNEANL		
FLMIEQNTK		
FLNNYDAENKLND		
FLNNYDAENKLNDVLLI		
FLPDEGKLQ		
FLPDEGKLQH		
FLPDEGKLQHL		
FLPDEGKLQHLENE		
FLPDEGKLQHLENELTH		
FLPDEGKLQHLENELTHD		
FLPKELAAQTI		
FLSALEEYTK		
FLSALEEYTKK		
FLSALEEYTKKLN		
FLSALEEYTKKLNTQ		
FLSEGLKLVDK		
FLSEGLKLVDKF		
FLSFPTTK		
FLSFPTTKT		
FLSKVLEPTLK		
FLSSLTETIEGVDAEDGHGPGEQQ		
FLSSLTETIEGVDAEDGHGPGEQQK		
FLTVQVKGPTQEFK		
FLYPEKDEPTYI		
FMETVAEKA		
FMETVAEKALQEY		
FMETVAEKALQEYR		
FMGKVVNPTQK		
FMSKVTNPKQA		
FNLDTENAMTFQENARG		
FNSDTHSSTF		
FNSDTHSSTFDAGAGI		
FNSDTHSSTFDAGAGIALNDH		
FNSDTHSSTFDAGAGIALNDHF		
FNSGKVDIVAINDPFIDL		
FNTANDDNVTQVR		
FNTPAMYVAIQA		
FNTPAMYVAIQAV		
FNYPHTSVTDV		
FPGVDSSSSFSSSSR		
FPPSDEQLKSGTAS		
FPSIVGRPR		
FPVGRVHRL		
FPVSSKEKNT		
FQALAQYQKDAPDHQELNLDV		
FQAPDLRGISEQ		
FQAPDLRGISEQS		
FQAPDLRGISEQSL		
FQDGDLTLYQSNTILR		
FQDKLGEVN		
FQDKLGEVNT		
FQDKLGEVNTY		
FQDKLGEVNTYAGDLQ		
FQDKLGEVNTYAGDLQK		
FQEDAPVIHQEMI		
FQEEEKSLLHLK		
FQENARGFGQ		
FQENARGFGQSV		
FQKKWQEE		
FQKVKEKLKID		
FQKVKEKLKIDS		
FQSEEQQQTEDELQDK		
FQSSAVMALQEASEAYLV		
FQTDLTGQKK		
FQTVTDYGKDL		
FQTVTDYGKDLM		
FQTVTDYGKDLME		
FQTVTDYGKDLMEKVKSPELQA		
FQVDNNNRLLLQQV		
FQVRANSAGATR		
FQVRANSAGATRA		
FQVRANSAGATRAV		
FQYDTWKQS		
FQYDTWKQSTQ		
FRDGLLPENTF		
FRISHELDS		
FRISHELDSASSEVN		
FRIYGMHSEL		
FRNHQSSYQTRL		
FRNHQSSYQTRLNA		
FRPAGLPEKY		
FRQGHNSVFL		
FRSETKDLL		
FRSVPTSTVFYPSDGVATEKAVEL		
FRTQTAPGGQGAPWAE		
FRTQTAPGGQGAPWAEEL		
FRVPTANV		
FRVPTANVSV		
FRVPTANVSVVDL		
FRVVAQGVGIPEDSIFT		
FRYNSKDRKSQPMGL		
FSADIKHYYESE		
FSAGNEADVHGIY		
FSDAGLTFTSSSGQQTAQRA		
FSDGLAHLDN		
FSDGLAHLDNL		
FSDGLAHLDNLK		
FSDGLAHLDNLKG		
FSFLGEAFDGARDM		
FSGSKSGTSASLA		
FSHAVSSNGNAVEDPMEIL		
FSHGTHEYHAETI		
FSKLREQLGPV		
FSKLREQLGPVTQ		
FSKLREQLGPVTQEF		
FSLDEATNLNGGLLRG		
FSMVVQDGIVK		
FSNGADLSGVTEEAPLK		
FSNGADLSGVTEEAPLKL		
FSNGADLSGVTEEAPLKLS		
FSNGADLSGVTEEAPLKLSK		
FSNGADLSGVTEEAPLKLSKA		
FSNGADLSGVTEEAPLKLSKAV		
FSNGADLSGVTEEAPLKLSKAVHK		
FSNGADLSGVTEEAPLKLSKAVHKA		
FSPEKSKLPGIVAEGRDD		
FSPEKSKLPGIVAEGRDDL		
FSPMLGEFVSETESR		
FSPSVVHLGVPLS		
FSPSVVHLGVPLSV		
FSPSVVHLGVPLSVG		
FSRDGWQLQVQGGVAQ		
FSSPHGKDL		
FSSPHGKDLL		
FSSPHGKDLLF		
FSSPHGKDLLFK		
FSSPHGKDLLFKDSAHG		
FSSPHGKDLLFKDSAHGF		
FSSSERAHQVLR		
FSVMPGLKM		
FSVTKKQLGAGS		
FSVVPSPKVSDTVVEPYNA		
FSYGRALQA		
FTANDSGPR		
FTANDSGPRRYTI		
FTDHLKYV		
FTEGPPLHKDDVNGI		
FTELDVAAEKI		
FTIPANREFK		
FTLLDPKASL		
FTNTKESSSHHPGIAEFPSRG		
FTPAVHASLDK		
FTPAVHASLDKF		
FTPETNPRAGLEK		
FTRAFDQIRMAA		
FTREPQDTYHYL		
FTRTGKAAQVT		
FTSARKAAQVTIQSSGTF		
FTSHNGMQF		
FTSKADLSGITGARN		
FTSKADLSGITGARNL		
FTSSTSYNR		
FTSSTSYNRG		
FTSSTSYNRGDS		
FTSSTSYNRGDST		
FTSSTSYNRGDSTF		
FTSSTSYNRGDSTFE		
FTSSTSYNRGDSTFES		
FTSSTSYNRGDSTFESK		
FTTTAEREIV		
FTVNFGDTEEAKKQIND		
FVATGHGKYE		
FVEAVEQNTLQE		
FVEAVEQNTLQEF		
FVEAVEQNTLQEFLK		
FVEAVEQNTLQEFLKLA		
FVELGTQPAT		
FVELGTQPATQ		
FVFPRESVTDHVNL		
FVGPQHAGNYR		
FVHARTPHAEDMAEL		
FVIEEYTGPDPVL		
FVKEQLSL		
FVKHQTVPQNT		
FVKHSTIFENL		
FVLKTPSAA		
FVLKTPSAAY		
FVLKTPSAAYL		
FVLPKEGQMES		
FVNDIFER		
FVNDIFERIAGEAS		
FVQSGSHLAAREKA		
FVQSGSHLAAREKANL		
FVSEEEKKLTR		
FVSETESRGSESG		
FVSETESRGSESGIF		
FVSETESRGSESGIFT		
FVSETESRGSESGIFTN		
FVSETESRGSESGIFTNT		
FVTNPDGSPAYRVPV		
FVTNPDGSPAYRVPVAV		
FWAPESAPLK		
FWAPESAPLKSK		
FWKDNLQHK		
FYESDVMGRGHARL		
FYGEVNDIKTR		
FYGSKEDPQTFYYA		
FYNELRVAPEEHPV		
FYNQVSTPLLR		
FYPSDGVATEKAVELAANTKGI		
FYQHLADSKNDNDNI		
GAAKAVGKVIPELNG		
GAAKAVGKVIPELNGKLT		
GAALLTQEGRIFK		
GAANFREAM		
GADLSGVTEEAPLK		
GADLSGVTEEAPLKLSK		
GADLSGVTEEAPLKLSKA		
GADLSGVTEEAPLKLSKAV		
GADLSGVTEEAPLKLSKAVHKA		
GADYSLRAVR		
GAEDSLADQAANEWGR		
GAEDSLADQAANK		
GAEDSLADQAANKWG		
GAEDSLADQAANKWGR		
GAEDSLADQAANKWGRSGRDPNH		
GAESEWTWHGETEGK		
GAFSDGLAHLDNL		
GAFSDGLAHLDNLK		
GAFSDGLAHLDNLKG		
GAGENTKTNLESILSYPKD		
GAGTGGLGLAVEGPSEAK		
GAGTNEDALIEILTTR		
GAGTNEDALIEILTTRTSR		
GAGTVFDAFPDQV		
GAGVTLHEALAAAELLKK		
GAGVTLHEALAAAELLKKEK		
GAGVTLHEALAAAELLKKEKI		
GAHAGEYGAEALER		
GAHAGEYGAEALERM		
GAHAGEYGAEALERMFL		
GAHLQGGAKRVII		
GAHNVRTQEPTQQHF		
GAHQEVNLEPHVQEIEVSRL		
GALQEASEAYLV		
GALQNIIPASTGAAK		
GALQNIIPASTGAAKAV		
GANDQDFAVSFAE		
GANDQDFAVSFAEDASSSLR		
GAQVQVAGDMLPNSTER		
GASQAGAPQGRVPEARPN		
GASQAGAPQGRVPEARPNSM		
GAVHDVKDVLDS		
GAYKAIPVAQD		
GAYKAIPVAQDLNAPSD		
GAYPLSIEPI		
GDATVFFILPNQGK		
GDDAPRAVFPSIV		
GDDLTVTNPKRI		
GDDLTVTNPKRIAK		
GDEAQSKRGILT		
GDEGPGHHHKPGLGEG		
GDFHAIDEYKPQDA		
GDFLAEGGGVR		
GDFLEANYMNLQR		
GDFSSANNR		
GDFSSANNRDNTYN		
GDFSSANNRDNTYNR		
GDGPVVTDPKAPN		
GDGPVVTDPKAPNV		
GDGPVVTDPKAPNVV		
GDGPVVTDPKAPNVVV		
GDGPVVTDPKAPNVVVT		
GDGPVVTDPKAPNVVVTR		
GDGPVVTDPKAPNVVVTRL		
GDGVTHTVPIYE		
GDGVTHTVPIYEG		
GDGVTHTVPIYEGY		
GDILGSAMQNTQNL		
GDKELRTGKEKVT		
GDKELRTGKEKVTSGSTTTTR		
GDKVKAHYGGFTV		
GDKVKAHYGGFTVQNEAN		
GDKVKAHYGGFTVQNEANK		
GDKVKAHYGGFTVQNEANKYQI		
GDLGIEIPAEK		
GDLGIEIPAEKV		
GDLPFVVPR		
GDLSTPDAVMGNPK		
GDLSTPDAVMGNPKVK		
GDLSTPDAVMGNPKVKAH		
GDLSTPDAVMGNPKVKAHGK		
GDLSTPDAVMGNPKVKAHGKK		
GDLSTPDAVMGNPKVKAHGKKV		
GDLSTPDAVMGNPKVKAHGKKVLG		
GDLTLYQSNTILR		
GDPQNFKLSQDDIKGIQK		
GDREQLLQR		
GDRIDSLLENDRQQTH		
GDSDDDEPPPLPRL		
GDSRGGGGNFGPGPGSNF		
GDTEEAKKQINDYVEKGTQGKIVD		
GDTEEAKKQINDYVEKGTQGKIVDL		
GDTFIRHI		
GDVEGHLSFLEKDLR		
GDVEKLSKFK		
GDVGPPIPSPGFS		
GDVGQTVDDPYATFVK		
GDVYVNDAFGTAHRAHSSM		
GEAFDGARDMW		
GEAFDGARDMWRA		
GEDNQDLAISFAGNGLSALR		
GEDTVQSLTQGDGVAK		
GEDTVQSLTQGDGVAKLSI		
GEENFKALVL		
GEFVSETESRGSESGIFTNT		
GEFVSETESRGSESGIFTNTK		
GEFVSETESRGSESGIFTNTKES		
GEFYIGSKYK		
GEGDFLAEGGGVR		
GEGQQHHLGGAKQAGDV		
GEKASAGLLGAHAAA		
GEKFEDENFILK		
GEKGKNIKIISK		
GEKQDEFKRLAEN		
GENFNKALVQQ		
GENFNKALVQQM		
GENFNKALVQQMEQL		
GERIEKVEHSDLSFSKDWS		
GETGPAGPAGPVGPV		
GETHPFTKL		
GEVQAMLGQSTEELR		
GEYGAEALERM		
GEYKFQNAL		
GEYKFQNALL		
GFAGDDAPRAV		
GFAGDDAPRAVFPSIV		
GFDFGDDPSDKF		
GFEVQTAEDDLKTDFYK		
GFEVSDIHPGS		
GFGDLKSPAGL		
GFGHLSPTGTTE		
GFLNIDESQRVPA		
GFPSSAGSVSPR		
GFTVQNEANKYQL		
GFYESDVMGR		
GFYESDVMGRGHA		
GFYESDVMGRGHAR		
GFYESDVMGRGHARLV		
GGAKVADKIQLINN		
GGDAGDAFDGFDFGDDPSDK		
GGDAGDAFDGFDFGDDPSDKFFT		
GGDFNEFPVPEQF		
GGEALGRLLV		
GGEKRDLEIEVV		
GGETAQSADPQWEQLNNK		
GGETSEMYLIQPDSSVKPYR		
GGFGGGSFRGSYGSS		
GGFTVQNEANKYQI		
GGGALLGDRWILTA		
GGGGGGGLGSGGSIR		
GGGGGGGLGSGGSIRSS		
GGGGGGGLGSGGSIRSSY		
GGGNYGPGGSGGSGGYGGR		
GGGPGAGSLQPLAL		
GGGPGAGSLQPLALEG		
GGGPGAGSLQPLALEGS		
GGGPGAGSLQPLALEGSL		
GGGPGAGSLQPLALEGSLQ		
GGHAAEYGAEALERM		
GGHLDQQVEEF		
GGKYAATSQV		
GGLGGGYGGASGMGGITAV		
GGLLTGNEKITM		
GGLRNNNEKDMALTAFV		
GGNEITRGGSTSY		
GGNQPQGPPPPPGKP		
GGPGTASRPSSSRSYVTT		
GGPSLTSDLQAQS		
GGPSLTSDLQAQSK		
GGPSLTSDLQAQSKGN		
GGPSLTSDLQAQSKGNPEQ		
GGPSLTSDLQAQSKGNPEQTPV		
GGRLDVPKQSSQRGL		
GGSFQLNELQGLK		
GGSTSYGTGSETESPR		
GGSTSYGTGSETESPRN		
GGSTSYGTGSETESPRNPS		
GGSTSYGTGSETESPRNPSSA		
GGSTSYGTGSETESPRNPSSAGSW		
GGSTSYGTGSETESPRNPSSAGSWN		
GGSWDLAVQER		
GGTLGQFYQEV		
GGTNINEALLR		
GGTSEQSSVGTQHSYSEEEKYAFV		
GGTTMYPGIADR		
GGVAQLVIKGARDS		
GGVAQLVIKGARDSHAG		
GGVAQLVIKGARDSHAGL		
GGVLPNIQAV		
GGVTIAQGGVLPNIQ		
GGYDVEKNNSRIK		
GGYDVEKNNSRIKL		
GGYDVEKNNSRIKLGL		
GGYDVEKNNSRIKLGLK		
GHEAQPHSRPYMA		
GHFDTLSKGELK		
GHFSISIPVKSDIAPV		
GHFYEPQAPSAEVEMT		
GHFYEPQAPSAEVEMTSYV		
GHGAEDSLADQAANEWGR		
GHGKKVADALTNA		
GHGKKVADALTNAV		
GHPDTLNQGEF		
GHPDTLNQGEFK		
GHVLAKELEA		
GHVLAKELEAF		
GHWTSESSV		
GHWTSESSVSGSTGQW		
GHWTSESSVSGSTGQWH		
GHWTSESSVSGSTGQWHS		
GIAALDLNAVANK		
GIAEFPSR		
GIAEFPSRGK		
GIDPFSLDALSKEGI		
GIEEAFTSKADLSGITGARN		
GIEILNQVQESLPELS		
GIEILNQVQESLPELSNHA		
GIEILNQVQESLPELSNHASI		
GIFTDQVLSVLKGEE		
GIGTDEFTLNR		
GIGTDEFTLNRI		
GIGTLDGFR		
GIGTVPVGRVE		
GIHETTFNSI		
GIHNEVSKIVQ		
GIIETTWDYASDHGEK		
GIIETTWDYASDHGEKK		
GIIETTWDYASDHGEKKLI		
GILFVGSGVSGGEEGAR		
GILNPSQPGQSSSSSQT		
GILNPSQPGQSSSSSQTF		
GILTLKYPI		
GIPDRFSGSGSGTDFT		
GIQALGGTNINDAMLMAV		
GIQVVGDDLTVTNPKR		
GISPFHEHAEV		
GITKVFSNGADL		
GIVEGLMTTVH		
GIVGVENVAELK		
GIVGVENVAELKK		
GIVMDSGDGVTHTVP		
GIVMDSGDGVTHTVPI		
GIVMDSGDGVTHTVPIYE		
GIVMDSGDGVTHTVPIYEG		
GIVMDSGDGVTHTVPIYEGY		
GKAGYTDKVVI		
GKDLLLPQPDL		
GKDLLLPQPDLR		
GKEFTPPVQAA		
GKGFSVVADTPELQR		
GKGQPSVLQV		
GKGQPSVLQVV		
GKIPKLFDEINPETK		
GKKQLVEIEKV		
GKLLIGTVFHK		
GKLQDRGPDVLTA		
GKLVLNRNPV		
GKQLNLKLLDNWDSVTST		
GKSSSYSKQFTS		
GKVGAHAGEYGAEA		
GKVGAHAGEYGAEALER		
GKVGAHAGEYGAEALERM		
GKVIPELNGKLT		
GKVKVGVNGFGRIG		
GKVLPGVDALSNI		
GKVNVDEVGGEALGRL		
GKVNVDEVGGEALGRLL		
GKVTIAQGGVLPNIQ		
GKVTIAQGGVLPNIQAV		
GKVVNPTQK		
GKWERPFEVKDTE		
GKWERPFEVKDTEEE		
GKWERPFEVKDTEEED		
GKWERPFEVKDTEEEDFHVDQV		
GLAFSDGDQWTLSR		
GLAFSDGDQWTLSRK		
GLAHLDNLKG		
GLALSSLR		
GLAPYKLRPV		
GLDHSSVPEAL		
GLDHTEASFSPR		
GLDLFQGDILLQK		
GLDLPALNMQR		
GLDYASQQGTAALQK		
GLDYASQQGTAALQKELK		
GLEAGLQGR		
GLEAGLQGRR		
GLEAGLQGRRVI		
GLEEELQFSLGSK		
GLEEELQFSLGSKI		
GLEEELQFSLGSKINVK		
GLEQVPKGLPA		
GLGLSYLSSHI		
GLGVEIAKNI		
GLGVGFGSGGGSSSSVK		
GLHLGVTPSVI		
GLHNMGGDPITVIDEIRDL		
GLIDEVNQDFTNR		
GLINEALDEGDAQKTLQA		
GLIQDLKPNTI		
GLKERVEDAATQEF		
GLKLVDKFLED		
GLLKDFLK		
GLLLLSDPDKVTI		
GLLQLLGDPPPQQV		
GLMLGATGPTETQIK		
GLMLGATGPTETQIKR		
GLPGPPDVPDHA		
GLPPAGSPPDSHVL		
GLQEVEVKAA		
GLSMDGGGSPKGDVD		
GLSMDGGGSPKGDVDP		
GLSMDGGGSPKGDVDPF		
GLTAPPGSKEAEVQAKQQA		
GLTFTSSSGQQTAQRA		
GLTLREVSSK		
GLTLREVSSKLR		
GLVYDAYLAPNNLKPV		
GMAFRVPTANV		
GMDPLSTPFDNEF		
GMDVAASEFFR		
GMETTYTVLQNEDTK		
GMGLKVFTNSK		
GMGNEIDIHSI		
GMGQKDSYVGDEAQSK		
GMGQKDSYVGDEAQSKR		
GMGQKDSYVGDEAQSKRGILT		
GMPGPPGPPGPPGPPGTP		
GNARPNNPDWGTF		
GNKDFLQSLK		
GNLRGNTEGLQKS		
GNPEQTPVLKPE		
GNPTVEVDLFTSK		
GNYAERVGAGAPV		
GNYAERVGAGAPVYMAA		
GNYDAAKRGPGGA		
GNYDAAKRGPGGAW		
GNYDAAKRGPGGAWA		
GNYDAAQRGPGGVW		
GPAGEKGSPGADGPAGAPG		
GPDGHKEVTKEVV		
GPEEEHLGILGPV		
GPHAGDVEGHLS		
GPKPALPAGTEDTAKEDAANRKL		
GPKPALPAGTEDTAKEDAANRKLA		
GPLLKKELS		
GPLLNKFLTTAK		
GPLLNKFLTTAKDK		
GPLQLERL		
GPLQLERLHLEGNK		
GPLQLERLHLEGNKLQV		
GPLVEQGRVR		
GPNQEQVSPLTLLK		
GPPDVPDHAAYHP		
GPPDVPDHAAYHPF		
GPPDVPDHAAYHPFR		
GPPGEPGPPGPP		
GPPGPPGMPGPPGPPGTPG		
GPPGPPGPPGPPS		
GPPGPPGPPGPPSAG		
GPPVSELITK		
GPSLTSDLQAQSK		
GPSVFPLAPSSK		
GPYQPVPEQPLYPQP		
GQESAIFNEVAPGY		
GQKDSYVGDEAQSKRGILT		
GQLGITKVFSNG		
GQLGITKVFSNGADL		
GQLGTVLRNLK		
GQQHHLGGAKQAGDV		
GQSLSGGQDLTMDGL		
GQTLLAVAKSQ		
GQWVTKFDSR		
GRDPNHFRPA		
GRDPNHFRPAGLPEKY		
GRFTISRDNAK		
GRFTISRDNSK		
GRGAEDSLADQAANKWGR		
GRILTVEDHYYEGGIGEAV		
GRKLGGSQEDQIKNAIDK		
GRKLGGSQEDQIKNAIDKL		
GRLTPYADEFK		
GRLVDEDMNSFK		
GRPEAQPPPLSSEHKEPV		
GRQLTSGPNQEQVSPL		
GRRFDDAVVQSDMK		
GRTTGIVMDSGDGVTHTVPIYEG		
GSAGHWTSESSV		
GSAGHWTSESSVSGSTGQW		
GSAGHWTSESSVSGSTGQWH		
GSAGHWTSESSVSGSTGQWHS		
GSALGKQLNL		
GSALGKQLNLK		
GSDAEIGMSPWQV		
GSDKYFHAR		
GSEMVVAGKLQDR		
GSEMVVAGKLQDRGPDVLTA		
GSEMVVAGKLQDRGPDVLTATV		
GSESGIFTNTK		
GSESGIFTNTKES		
GSESGIFTNTKESS		
GSESGIFTNTKESSSH		
GSESGIFTNTKESSSHHPGI		
GSESGIFTNTKESSSHHPGIA		
GSESGIFTNTKESSSHHPGIAE		
GSESGIFTNTKESSSHHPGIAEF		
GSFEFPVGDAVSK		
GSFPWQAK		
GSGGGSKGGSISGGGY		
GSGGGSYGSGGGGGGHGSY		
GSGLGGLTDKLTQAQIFD		
GSGNARPNNPDWG		
GSGNARPNNPDWGTF		
GSGNARPNNPDWGTFE		
GSGNARPNNPDWGTFEEV		
GSGSGWSSSRGPY		
GSKEDPQTFYYA		
GSKEDPQTFYYAVA		
GSKGPGEDFRMATL		
GSKIFQHAV		
GSLAGQPLQER		
GSLGSYSYR		
GSNRASGVPDRFSGSGSGTDF		
GSPRPGSTGTW		
GSPRPGSTGTWNPGSSER		
GSPSGEVSHPR		
GSPSGEVSHPRKT		
GSSERGSAGHWTSESSV		
GSSGTGGTATWKPGSSGP		
GSSGTGGTATWKPGSSGPGS		
GSTGQWHSESGSFRPD		
GSTGTWNPGSSER		
GSVIDQSRV		
GSVIDQSRVL		
GSVIDQSRVLN		
GSVIDQSRVLNL		
GSVIDQSRVLNLG		
GSVIDQSRVLNLGP		
GSVIDQSRVLNLGPI		
GSVIDQSRVLNLGPIT		
GSVIDQSRVLNLGPITR		
GSWDLAVQER		
GSWNSGSSGPGSTGNR		
GSWNSGSSGPGSTGNRNPGS		
GSWYSMRK		
GSYLDDEKNWGLSF		
GTAALTVQSQEDNLR		
GTAGNALMDGASQL		
GTDTLREVQL		
GTDTLREVQLR		
GTDTVAGLALIKK		
GTDYHKQPWQAKI		
GTEAAGAMFLEAIPM		
GTENTEENRRFYR		
GTFEEVSGNVSPGTR		
GTFTDTEDPAKFK		
GTGASGSFKLN		
GTGASGSFKLNK		
GTGASGSFKLNKK		
GTGSETESPRNPS		
GTGSETESPRNPSSAGSW		
GTGSETESPRNPSSAGSWN		
GTLDGFRHRHPDEA		
GTLDPVEKAL		
GTLSGIGTLDGFR		
GTLSGIGTLDGFRHRHPDEAAF		
GTLVQTKGTGASGSF		
GTLVQTKGTGASGSFK		
GTNINEALLR		
GTQGKIVDLVKELDRDTV		
GTTEFWLGNEK		
GTTEFWLGNEKI		
GTVRDYPDFSPSVDAEAI		
GVANALAHK		
GVANALAHKYH		
GVAVSDGVIKVF		
GVDSSSSFSSSSR		
GVETTTPSKQSNNKY		
GVETTTPSKQSNNKYAASSY		
GVFVLNKK		
GVGPNANVQELERI		
GVHTFPAVLQSSGL		
GVMEEKIAHDLRF		
GVMVGMGQKDSYVG		
GVMVGMGQKDSYVGDEAQSK		
GVNDNEEGFFSAR		
GVQLQDVPRGQV		
GVQLQDVPRGQVV		
GVQLQDVPRGQVVK		
GVRFDVHDV		
GVSKAVEHINK		
GVSSQETAGIGASAHLV		
GVSVDSQFTHL		
GVTEEAPLKLSK		
GVTEEAPLKLSKA		
GVTEEAPLKLSKAV		
GVTPSVIRK		
GVTSVSQIFHSPD		
GVTSVSQIFHSPDL		
GVTVPDTITEWK		
GVTYGGDDIPLSPYR		
GVVSLGSPSGEVSHP		
GVVSLGSPSGEVSHPR		
GVVSLGSPSGEVSHPRKT		
GWKPGSDTIKPDVQK		
GWVTDGFSSLK		
GYALAQMGR		
GYDVEKNNSRIK		
GYDVEKNNSRIKL		
GYGPYQPVPEQPLYPQPYQPQ		
GYGYGPYQPVPEQP		
GYLITGYQR		
GYLNTGYQR		
GYLNTGYQRQLNYK		
GYQRQLNYK		
GYSFTTTAER		
GYSFTTTAEREIV		
GYTQQLAFR		
GYTQQLAFRQPS		
GYVSGWGQSDNFK		
GYVSGWGR		
GYVSGWGRNA		
GYVSGWGRNANFK		
GYYFGASAGTGDLSDNHDII		
HAGDVEGHLS		
HAGDVEGHLSFLEK		
HAGDVEGHLSFLEKDLR		
HAGMETTYTVLQNEDT		
HAGMETTYTVLQNEDTK		
HAHGVQTESSTV		
HAHGVQTESSTVTPTLPGETL		
HAHGVQTESSTVTPTLPGETLTYV		
HAHKLRVDPV		
HAHKLRVDPVN		
HAHKLRVDPVNF		
HAHKLRVDPVNFK		
HAIDEYKPQDATTNPSLIL		
HAITATQKTV		
HAKATEHLSTL		
HAKATEHLSTLSEKAKPALEDL		
HALQLNNR		
HALSKYGAAT		
HALSKYGAATF		
HAREIFDSR		
HAREIFDSRGNPTVEVDL		
HAREIFDSRGNPTVEVDLFTSK		
HASLDKFLASV		
HASLDKFLASVST		
HATKTAKDALSSVQE		
HATKTAKDALSSVQESQVAQQAR		
HATKTAKDALSSVQESQVAQQARG		
HAVSEGTKAV		
HAVSEGTKAVT		
HAVSEGTKAVTK		
HAVSEGTKAVTKY		
HAVSEGTKAVTKYTSAK		
HAVSEGTKAVTKYTSSK		
HDLEEDTWYAT		
HDNFGIVEGLMT		
HDNFGIVEGLMTTV		
HDVGSELPPEGVLGAL		
HEDSDSALQLQDFYQEV		
HEGDEGPGHHHKPGLG		
HEGDEGPGHHHKPGLGEG		
HEGDEGPGHHHKPGLGEGTP		
HELQEKLS		
HELQEKLSPL		
HELQEKLSPLG		
HELQEKLSPLGEEM		
HELQEKLSPLGEEMR		
HELQEKLSPLGEEMRDR		
HEQVGGPSLTSDLQAQSK		
HFFAPDNLDPIPK		
HFGKEFTPP		
HFGKEFTPPVQ		
HFGKEFTPPVQA		
HFGKEFTPPVQAA		
HFHGHSFQ		
HFHGHSFQYK		
HFISDGVRK		
HFLGRVANPLSTA		
HGAEDSLADQAANEWGR		
HGEYWLGNK		
HGIEGAFDEPGTK		
HGLLVKQEDMK		
HGTDDGVVWMNWK		
HGVGDWGSTYSV		
HHFGKEFTPPV		
HHFISDGVR		
HHFISDGVRK		
HHPGIAEFPSR		
HHPGIAEFPSRGK		
HHRYDDLVR		
HHTFYNELR		
HIADLAGNSEV		
HIADLAGNSEVI		
HIANVERVPFDAA		
HINIDQFVR		
HINIDQFVRK		
HKAVLTIDEKGTEAA		
HKAVLTIDEKGTEAAGA		
HKPKATKEQLKAVMDD		
HKSEVAHRFKDLG		
HKSEVAHRFKDLGEEN		
HKSEVAHRFKDLGEENF		
HKSEVAHRFKDLGEENFK		
HKSEVAHRFKDLGEENFKA		
HKSEVAHRFKDLGEENFKAL		
HKSEVAHRFKDLGEENFKALV		
HKSEVAHRFKDLGEENFKALVL		
HLAPYSDEL		
HLAPYSDELR		
HLAPYSDELRQR		
HLAPYSDELRQRL		
HLAPYSDELRQRLAA		
HLAPYSDELRQRLAARLEA		
HLASEQGSFDGGDQGILNTF		
HLAVNRVPR		
HLDLSGNRL		
HLDLTTNPQGETLDI		
HLDNLKGTFA		
HLDSPAIKH		
HLEINPDHPIVETLR		
HLEINPDHSII		
HLEINPDHSIIETLR		
HLEVDVWVIEPQGLR		
HLGVPLSVGV		
HLISTQSAI		
HLISTQSAIPY		
HLISTQSAIPYAL		
HLISTQSAIPYALR		
HLISTQSAIPYALRV		
HLLPSMNPDGYEVA		
HLPAEFTPAV		
HLPAEFTPAVH		
HLPAEFTPAVHA		
HLPAEFTPAVHAS		
HLPAEFTPAVHASL		
HLPAEFTPAVHASLD		
HLPAEFTPAVHASLDK		
HLPAEFTPAVHASLDKF		
HLPAEFTPAVHASLDKFL		
HLPAEFTPAVHASLDKFLAS		
HLQGGAKRVII		
HLQKSELTQQ		
HLQLAIRNDEELNK		
HLQLFEELR		
HLSPDADAYSPGQTV		
HLSSNGLESLSPE		
HLSTLSEKAKPALEDL		
HLSTLSEKAKPALEDLRQG		
HLTGEFEKK		
HLTMPQLV		
HLTPEEKSAV		
HLTPEEKSAVTAL		
HLTVNPQSK		
HLTVNPQSKV		
HLVGHQRNNRQVTLEVSGAEP		
HMLDVMQDHFS		
HMLDVMQDHFSR		
HPDEAAFFDTASTGK		
HPGIAEFPSR		
HPGIAEFPSRGK		
HPNSPLDEENLTQENQDR		
HPNSPLDEENLTQENQDRGTHV		
HPPLPQTSSSTPSNT		
HPPLPQTSSSTPSNTSFTP		
HPVLLTEAPLNPK		
HQGTITVNEEGTQAT		
HQGTITVNEEGTQATTV		
HQGTITVNEEGTQATTVTTV		
HQGVMVGMGQK		
HQGVMVGMGQKDSYVG		
HQGVMVGMGQKDSYVGDEAQSK		
HQPHQPLPPT		
HQPHQPLPPTV		
HQPHQPLPPTVM		
HQTVPQNTGGKNPDPWAK		
HRFKDLGEEN		
HRFKDLGEENFKA		
HRFKDLGEENFKAL		
HRHPDEAAF		
HRHPDEAAFF		
HRHPDEAAFFD		
HRHPDEAAFFDT		
HRHPDEAAFFDTA		
HRHPDEAAFFDTAST		
HRHPDEAAFFDTASTGK		
HRHPDEAAFFDTASTGKTFPG		
HRIHWESA		
HSDLSFSKDWS		
HSGSSVPAAAGSSVVSESAV		
HSIFTPETNPR		
HSLTTNIMEI		
HSPAFQHPPTE		
HSQAVEELAEQLEQTK		
HSQAVEELAEQLEQTKRVK		
HSTIFENLANK		
HTDLSGKVFVFPRESV		
HTDLSGKVFVFPRESVTDHV		
HTEKLVTSKGDKEL		
HTEKLVTSKGDKELR		
HTFPAVLQSSGL		
HTFVQSGSHLAAREKA		
HTFYNELR		
HTLNQIDEV		
HTLNQIDEVK		
HTNWTGHGGTV		
HTNWTGHGGTVSSS		
HTNWTGHGGTVSSSSYNA		
HTPDEESIDWTKIEPSVN		
HTPDEESIDWTKIEPSVNF		
HTSDSDVPSGVTEVV		
HTSDSDVPSGVTEVVVK		
HTSDSDVPSGVTEVVVKL		
HVDDMPNAL		
HVDDMPNALSAL		
HVDDMPNALSALSDL		
HVDGPPPRPQL		
HVDGPPPRPQLR		
HVDPENFR		
HVDPENFRL		
HVDPENFRLLG		
HVDPENFRLLGNVL		
HVDQATTVKVPMMK		
HVDQATTVKVPMMKR		
HVDQATTVKVPMMKRLG		
HVRHYYIAAEEI		
HVSFKPTVAQQR		
HVTDHIHAGMET		
HVTDHIHAGMETT		
HVVPNEVVVQRL		
HWESASLLR		
HYDGSYSTFGER		
HYDLRHTFMGV		
HYEGSTVPEKKTPK		
HYEGSTVPEKKTPKSPV		
HYGGFTVQNEAN		
HYGGFTVQNEANK		
HYGGFTVQNEANKYQI		
HYLDETEQWEK		
HYLDETEQWEKFGLEK		
HYLDETEQWEKFGLEKR		
HYTGMLEDGKKFDSSRDR		
HYVVTSQVVNTANEAREV		
HYVVTSQVVNTANEAREVA		
IADNKQSSFK		
IAEVKAQYEDIANR		
IAFAQYIQEASFEEVEMLVKAMTEY		
IAFSDRAEEFK		
IAGEASRLAH		
IAGEASRLAHY		
IAGEASRLAHYNK		
IAGKLQDGLLH		
IAGKLQDGLLHITT		
IAHDLRFV		
IAKDLLPSRDR		
IALDGDTKNSTFSEI		
IALHHGLAV		
IALHHGLAVFQDEGAEPLKQRVEAS		
IALKAAHYHTH		
IALKAAHYHTHKE		
IAMEEPAVPAPLPKKI		
IANVERVPFDAA		
IANVERVPFDAATLHTSTA		
IAQLPLTGSMSI		
IAQLPLTGSMSII		
IAQVAKNPV		
IAQWQSLKLEA		
IAREAEAAIYHLQL		
IARLPSGLPVSL		
IATLGKLSGLHGQDL		
IAVAATPIPKL		
IAVDGEPLGRVS		
IAVHVVPDQL		
IAVHYLDETEQWEKFGLEKRQGALE		
IAVTRNPQTAR		
IAYLKKATNE		
IDAIQPGSINYDL		
IDAIQPGSINYDLL		
IDEIRDLLYIGK		
IDEKGTEAAGAMF		
IDEKGTEAAGAMFL		
IDELFQDR		
IDELFQDRF		
IDELFQDRFF		
IDKVRFLEQQNK		
IDLADFEKNSR		
IDQDGLYEKLKTEL		
IDQNVEELK		
IDQNVEELKGRLT		
IDQSRVLN		
IDQSRVLNL		
IDQSRVLNLGP		
IDQSRVLNLGPI		
IDQSRVLNLGPIT		
IDQSRVLNLGPITR		
IDQTVEELR		
IDQTVEELRR		
IDTQDIEASHYR		
IDVDVSKPDLT		
IDVDVSKPDLTAAL		
IDVYHKYS		
IEEELGSKAKF		
IEEELGSKAKFAGR		
IEGDHGARVV		
IEGDHGARVVL		
IEGLTGLSIGPDFQK		
IEGSNKVPVDPA		
IEGSNKVPVDPATY		
IEGVDAEDGHGPGEQQ		
IEHGIITNW		
IEHGIITNWDDMEK		
IEHGIITNWDDMEKI		
IEKIQPSGGTNINEAL		
IEKVASYGVKPR		
IEKVASYGVKPRY		
IEKVASYGVKPRYGLVT		
IELAKDMPSLK		
IEMEDWKGDKVKAHYG		
IENEEQEYVQTVK		
IENHEGVRRF		
IENKAIQDPRL		
IENPEGIPVKQDSLSSQNQL		
IEPPPPPPPPP		
IEQNTKSPL		
IEQNTKSPLF		
IEQNTKSPLFM		
IEQNTKSPLFMG		
IEQNTKSPLFMGK		
IEQNTKSPLFMGKVVNPTQK		
IETAGRTPKLARQAS		
IETDPANRDRRTPI		
IETKGQYDEEEMTMQQAKRRQ		
IETTWDYASDHGEK		
IETTWDYASDHGEKK		
IETTWDYASDHGEKKLI		
IEVDGRVYHV		
IFEEHGFR		
IFERIAGEAS		
IFERIAGEASRLA		
IFGIQDGEQR		
IFGIQDGEQRI		
IFIDEAHITQ		
IFKNMATRPYS		
IFKNMATRPYSI		
IFPPSDEQLKSGTAS		
IFQGLDANQDEQVDFQEF		
IFQTDLTGQKK		
IFTNTKESSSH		
IFTNTKESSSHHPG		
IFVGGLSPDTPEEK		
IFVGIKKKEERADL		
IFVGPQHAGN		
IGAEVYHNLK		
IGAEVYHNLKNV		
IGARVYALPEDLVEVNPK		
IGDNLRELQQR		
IGDNLRELQQRLEPY		
IGEGQQHHLGGAK		
IGEHTPSALAI		
IGGIGTVPVGR		
IGGIGTVPVGRVE		
IGGIGTVPVGRVETG		
IGGQDLNEGNRTL		
IGGSDADIKNFPWQ		
IGHPAPNFK		
IGKDTWVEHWPEE		
IGKPAPDFK		
IGLDQVAGMSET		
IGNFSTDIKDSK		
IGNMGQTMEQLTPELK		
IGPDGHKEVTKEVV		
IGPILDNSTLQSEVKPI		
IGRFGYGYGPY		
IGRFVIEEVPGELMQ		
IGRFVIEEVPGELMQE		
IGSDKYFHA		
IGSDKYFHAR		
IGSDKYFHARG		
IGSDKYFHARGN		
IGSPATTNGVVPADV		
IGSPATTNGVVPADVIL		
IHDNFGIVEGLMTTV		
IHFHSPAFQHPPTE		
IHIFEPQGISF		
IHLQHNRLKEDA		
IHPEIDNPEYSPDPSIY		
IHPEIDNPEYSPDPSIYA		
IHREELVYELNPLDHR		
IHRSMQGGLVGNDET		
IHTNWTGHGGTVSSSSYNA		
IIAEENIVSRSEFPES		
IIAEENIVSRSEFPESWL		
IIAPPERK		
IIAPPERKY		
IIAPPERKYS		
IIDELFQDR		
IIDGKGVLR		
IIDGKGVLRQ		
IIDVYHKYSL		
IIEIANKTPK		
IIIPDFARSGVQM		
IILMTDGLHNMGGDPI		
IIRDLNIK		
IISKIENHEGVR		
IISTTTLNK		
IITPNILR		
IITPNILRL		
IITPNILRLESEET		
IITPNILRLESEETM		
IIVPTDTQNIF		
IIVPTDTQNIFF		
IIYNNNEDFQVGQAK		
IIYNNNEDFQVGQAKV		
IIYNNNEDFQVGQAKVV		
IKAETGDKVYVHLK		
IKDIAWTEDSKR		
IKDIAWTEDSKRIAV		
IKEKYIDQEELNK		
IKGEHPGLSIGDVAK		
IKGEHPGLSIGDVAKK		
IKGLYGIKDDVF		
IKGMTRPLSTL		
IKIIAPPERK		
IKILDDLSPRDQ		
IKILDDLSPRDQFN		
IKILDDLSPRDQFNL		
IKITDLMEKK		
IKKGYTQQL		
IKKGYTQQLA		
IKKGYTQQLAFRQPSSA		
IKKIGYNPDT		
IKKTQDQISNI		
IKLAQKVPTADL		
IKLAQKVPTADLEDVLPLAEDI		
IKLKQKVSV		
IKLKQKVSVN		
IKLKQKVSVNE		
IKLKQKVSVNERVMPI		
IKMGVAAHKKSHEESHKE		
IKNILSNK		
IKQSELSAK		
IKSEHPGLSIGDTAK		
IKSSFVAPLEK		
IKTVETRDGQVINETSQHHDDLE		
IKVENTEENRRQFR		
IKWGDAGAEYVVEST		
IKWLSEEQR		
ILAGDKNYI		
ILATPPQEDAPSVDIA		
ILDDLRAEDHFSVI		
ILDDLSPRDQFNLI		
ILDLTQNTYQHFYDGSEIV		
ILDWHVANTDKK		
ILEEGKEILVGDVGQTV		
ILEEGKEILVGDVGQTVDDPY		
ILEEGKEILVGDVGQTVDDPYATFV		
ILEGFQPSGR		
ILEPVAQQISHL		
ILEQEEYQREGI		
ILGAHQEVNLEPHVQEI		
ILGGHLDAK		
ILGGHLDAKG		
ILGGHLDAKGSF		
ILGGHLDAKGSFPWQAK		
ILGQEQDSFGGNFEGSQSLV		
ILGYTEHQVV		
ILHLKEDQTEYLEER		
ILHLKEDQTEYLEERR		
ILHSGSDMVQAER		
ILHSGSDMVQAERSGIPI		
ILHTELNLQK		
ILHTELNLQKLSNDR		
ILLAELEQLK		
ILLAELEQLKGQGK		
ILLATDSYK		
ILLQGTPVAQM		
ILLQGTPVAQMTEDAV		
ILLQGTPVAQMTEDAVDAERLK		
ILLTDGDPTVGETNPR		
ILLTDGDPTVGETNPRSI		
ILLTDGDPTVGETNPRSIQNNVR		
ILLTEPPMNPTK		
ILMGDKSENVQDLLL		
ILMTDGLHNMGGDPI		
ILMTDGLHNMGGDPITV		
ILNHPGQI		
ILRDTKTYM		
ILRGDFSSANN		
ILRGDFSSANNR		
ILRGDFSSANNRDNT		
ILRGDFSSANNRDNTYN		
ILTAQLDEELGGTPV		
ILTAQLDEELGGTPVQSR		
ILTAQLDEELGGTPVQSRVV		
ILTEAEIDAHLV		
ILTERGYSFTTTAEREIV		
ILTHDSSIRY		
ILTTGFSR		
ILTVEDHYYEGGIGEAV		
ILVIKMGVAAHKKSHEESHKE		
ILVSDGDPTVGELK		
ILVSDGDPTVGELKLS		
ILVSDGDPTVGELKLSK		
IMAAPLRI		
IMEILRGDFSSANN		
IMEILRGDFSSANNR		
INEQWLLTT		
INEQWLLTTAKN		
INEQWLLTTAKNL		
INIGIGGSDLGPLMV		
INQEEVGLAAPAPTAR		
INRWSAGLTSSQVD		
INTDGAVNFQEF		
INTFHQYS		
INTFHQYSV		
INTFHQYSVK		
INTPLTTTSGNLHGQPVS		
INTPRKEGGLGPLN		
INVKVGGNSKG		
INVKVGGNSKGTLK		
IPGGLSEAKPA		
IPGGLSEAKPATPE		
IPGGLSEAKPATPEIQE		
IPIEDGSGEVVLSR		
IPIEDGSGEVVLSRK		
IPIEDGSGEVVLSRKV		
IPLDLVPKTEI		
IPLDLVPKTEIK		
IPLDLVPKTEIKR		
IPPWEAPKEHK		
IPVAQDLNAPSDWDSRGKD		
IPVKQADSGSSEE		
IPVKQADSGSSEEK		
IPVKQADSGSSEEKQ		
IPVKQADSGSSEEKQL		
IPVKQADSGSSEEKQLYN		
IPVKQADSGSSEEKQLYNK		
IPVKQADSGSSEEKQLYNKYPD		
IPVKQADSGSSEEKQLYNKYPDA		
IQALAELEQKVPAAK		
IQALGGTNINDAML		
IQAQRDYFGAHTYEL		
IQDLNRIFPL		
IQDPRLFAEEK		
IQDWVQKT		
IQDWVQKTIAEN		
IQEIYSQIQSK		
IQEKTSNFNAAI		
IQENLNLALNSASAI		
IQGITKPAIRRL		
IQIALDDAKIN		
IQIALDDAKINF		
IQKAKLAEQAERY		
IQKELTIGSKL		
IQKELTIGSKLQ		
IQKELTIGSKLQD		
IQKELTIGSKLQDA		
IQKELTIGSKLQDAEIARL		
IQKGYMRIQQ		
IQKNVKENIQ		
IQKNVKENIQDNI		
IQLTYNPDESSKPN		
IQLTYNPDESSKPNM		
IQLTYNPDESSKPNMI		
IQLTYNPDESSKPNMID		
IQLTYNPDESSKPNMIDA		
IQLTYNPDESSKPNMIDAA		
IQLTYNPDESSKPNMIDAAT		
IQLTYNPDESSKPNMIDAATL		
IQLTYNPDESSKPNMIDAATLK		
IQNELQEASQELQQIHQ		
IQNILTEEPK		
IQNILTEEPKVTQV		
IQNRQDGSVDFGR		
IQNRQDGSVDFGRK		
IQPSGGTNINEALLR		
IQRTPKIQ		
IQRTPKIQV		
IQRTPKIQVY		
IQRTPKIQVYS		
IQSKVVNNSPQPQN		
IQSKVVNNSPQPQNV		
IQSKVVNNSPQPQNVVF		
IQSKVVNNSPQPQNVVFD		
IQSKVVNNSPQPQNVVFDVQIPKG		
IQTDKTIYTPGST		
IQTDKTIYTPGSTVL		
IQTQQLHAAM		
IQTQQLHAAMADT		
IQTQQLHAAMADTF		
IQTSKTEITE		
IQTSKTEITEL		
IQTSKTEITELR		
IQTSKTEITELRR		
IQVVTTEGRTELTPAYF		
IQVYSRHPAEN		
IQYKEGFGHLSPTG		
IRDSAGQKGTGKWTAI		
IRDSLLQDGEFSMDLR		
IRDVWGIEGPID		
IRDVWGIEGPIDAA		
IRERLGPLVEQGRVRAA		
IREVPLNTIIF		
IREYFGGFGEVESI		
IRGIGTDEKMLI		
IRGLEEELQFSLGSK		
IRKKYPTDGSEI		
IRNDEELNKL		
IRNDEELNKLLG		
IRNDEELNKLLGKV		
IRNDEELNKLLGKVT		
IRNDEELNKLLGKVTI		
IRNDEELNKLLGRVT		
IRTSRPENAIIYNNNEDFQVG		
IRVGEVLNSI		
IRVGGTGMFT		
ISASAEELRQR		
ISASAEELRQRLAPLAEDV		
ISDFYPGAVTVA		
ISEGLPALEFPNE		
ISEGLPALEFPNEK		
ISENYQTMSDTTFK		
ISGLIYEETR		
ISGLIYEETRGVLK		
ISGLIYEETRGVLKV		
ISHELDSASSEVN		
ISILGKSLADEL		
ISILTERSNA		
ISKEIGGDVQKHAEMV		
ISKEIGGDVQKHAEMVHT		
ISKLSAKFGGQA		
ISKMLFVEPI		
ISKQEYDESGPSIV		
ISKQEYDESGPSIVHR		
ISKQEYDESGPSIVHRK		
ISLPESLKR		
ISLPESLKRIPI		
ISNHQNSNRYL		
ISNVNKALDFI		
ISQKLSPIY		
ISQKLSPIYN		
ISQKLSPIYNL		
ISRLEPEDF		
ISSDLDGHPVPK		
ISWYDNEFGYSNRVVD		
ISWYDNEFGYSNRVVDL		
ITAPSGVEAQPVHDLPVS		
ITEHGDLGNSRF		
ITENDIQIALDDAKI		
ITETPSQPNSHPI		
ITFLSGGQSEEEASINL		
ITHRIHWE		
ITHRIHWES		
ITHRIHWESA		
ITHRIHWESAS		
ITKAVAASKERNGLSL		
ITKFLENEDR		
ITKFLENEDRR		
ITKMDYPKQTQV		
ITKMDYPKQTQVS		
ITKQQNAQGGFSSTQDTVVAL		
ITKVFSNGADL		
ITKVFSNGADLSGVTEEAPLKL		
ITNAETAKEWFLQAA		
ITNMNNNYEPR		
ITPAEVGVLVGKDR		
ITPNILRLESEET		
ITPNILRLESEETM		
ITPNILRLESEETMVL		
ITPNILRLESEETMVLEAH		
ITVGPRGPLL		
ITVGPRGPLLVQD		
ITVNDLPVGRSVDE		
ITVPESQLTVSQ		
ITVRTKKQELSEAEQATRTMQALP		
ITYGQGSGTAVYNNNM		
ITYTPVSSTNEKDMYS		
IVADKDYSVTANSK		
IVAEEFLKNF		
IVALFPKDVDR		
IVALNGREESPLL		
IVAPGKGILAADESTGSI		
IVAPGKGILAADESTGSIAK		
IVDKDTGENLETPSSFTI		
IVDLVKELDRDTV		
IVEALKDQQRHK		
IVEALNGKEVAAQVKAPLVLKD		
IVEDIIDTGKTMQTL		
IVEGSDAEIGMSPWQ		
IVEGSDAEIGMSPWQV		
IVEGSDAEIGMSPWQVM		
IVEGSDAEIGMSPWQVML		
IVGGHEAQPHS		
IVGGHEAQPHSRP		
IVGGHEAQPHSRPY		
IVGGHEAQPHSRPYM		
IVGGHEAQPHSRPYMA		
IVGGHEAQPHSRPYMAS		
IVKVYDYYETDEFAI		
IVLDPSGSMNI		
IVLDTASDVLDKAS		
IVLDTASDVLDKASSL		
IVLGQEQDSYGGKFDR		
IVMDPLGGSDTAKGYNL		
IVMDSGDGVTHTVPIYEG		
IVMDSGDGVTHTVPIYEGY		
IVNTNVPRASVPDG		
IVNTNVPRASVPDGFLS		
IVNTNVPRASVPDGFLSE		
IVNTNVPRASVPDGFLSEL		
IVRDIKEKL		
IVRYTRKVPQVSTPTL		
IVSEFDYVEKQA		
IVSGKDYNVTANSK		
IVSGKDYNVTANSKLV		
IVTNWDDMEKI		
IVVAGKFDPAKL		
IVVAGKFDPAKLDQ		
IVVAGKFDPAKLDQIE		
IVVAGKFDPAKLDQIES		
IVVAGKFDPAKLDQIESVIT		
IVVAGRIADNKQS		
IVVAGRIADNKQSS		
IVVAGRIADNKQSSF		
IVYSPSVEGSSTELNLPETA		
IVYSPSVEGSSTELNLPETANSV		
IWDVVEKADI		
IWHHTFYNELR		
IYASSKDAIKK		
IYEDHDATQQLQGFYSQV		
IYEETRGVLK		
IYGNQDTSSQLK		
IYGNQDTSSQLKK		
IYHLQLFEELR		
IYLENPRR		
IYLNQLLQEDSLNVA		
IYLQPGRLAK		
IYNNNEDFQVGQAK		
IYNNNEDFQVGQAKV		
IYNNNEDFQVGQAKVV		
IYNSNNQKIVN		
IYNSNNQKIVNL		
IYNWQGAQSTQDEVAASAI		
KAADDTWEPFASGK		
KAALKTASDFI		
KAAWGKVGAHA		
KADAAPDEKVLDSGFREIENK		
KAEEEHLGILGPQLHADVGDKV		
KAEEEHLGILGPQLHADVGDKVKI		
KAEEEHLGILGPQLHADVGDKVKII		
KAFVFPKESDTSYV		
KAFVFPKESDTSYVSLK		
KAGVETTTPSKQSNNKY		
KAGVETTTPSKQSNNKYAA		
KAHYGGFTVQNEAN		
KAHYGGFTVQNEANKYQI		
KAIPVAQDLN		
KAIPVAQDLNAPSD		
KAIPVAQDLNAPSDWDS		
KAIPVAQDLNAPSDWDSRGKD		
KAIPVAQDLNAPSDWDSRGKDS		
KAIQLTYNPDESSKPNMI		
KAIQLTYNPDESSKPNMIDA		
KAKVQPYLDDFQKK		
KALAAAGYDVEKNNSR		
KALELDSNLYR		
KALFVSEEEK		
KALFVSEEEKK		
KALFVSEEEKKLTR		
KALFVSEEEKKLTRK		
KALYLQYTDETFR		
KALYLQYTDETFRTTI		
KAPDKNVIFSPLS		
KAPDKNVIFSPLSIST		
KASGPPVSELI		
KASGPPVSELITK		
KATEHLSTL		
KATEHLSTLSEK		
KATGPPVSELI		
KAVGGLGKLGKDA		
KAVLTIDEKGTEAAGA		
KDALSSVQESQVAQQA		
KDALSSVQESQVAQQAR		
KDDDDVVIGKVF		
KDDLKGDLSGHFEHL		
KDGADFAKWR		
KDGVDFGKWR		
KDISEVVTPR		
KDLQNFLK		
KDLQNFLKKENK		
KDLQNFLKKENKNEKVIEH		
KDSGRDYVSQFEGSALGKQ		
KDSGRDYVSQFEGSALGKQL		
KDSGRDYVSQFEGSALGKQLN		
KDTEEEDFHVDQVTTV		
KDVTVLQNTDGNNNEAWAK		
KDVTVLQNTDGNNNEAWAKDLK		
KDYFPEPVTV		
KDYWSTVKDK		
KEAGIPEFYDYDVALI		
KEFSNQVVGQVN		
KEGFGHLSPTG		
KEGVHGGLINKK		
KEITALAPSTM		
KEKHYYIGIIET		
KEKYEKDIAAY		
KEKYEKDIAAYR		
KELDINTDGAVNF		
KELDINTDGAVNFQEF		
KEQLSLLDRFTEDAK		
KEQLTPLIK		
KEQLTPLIKK		
KESGPTLVKPTQT		
KESSSHHPGIAEFPSRG		
KEVEELEQLTQQLM		
KEYGGLDVLVNNAGI		
KFIIEGMEEAGSV		
KFTDHLKY		
KFYNQVSTPLLR		
KGGVEDEATLSAYVTI		
KGIGPVYSSK		
KGKWERPFE		
KGLLVGEILSA		
KGLYGIKDDV		
KGPTQEFK		
KGQTLLAVAK		
KGQTLLAVAKSQ		
KGSFPWQAK		
KGTDYHKQPWQAK		
KGTDYHKQPWQAKI		
KGTLVQTKGTGA		
KGTLVQTKGTGASG		
KGTVVAEKDRPHEGTRPV		
KGTVVAEKDRPHEGTRPVR		
KGVTSVSQIFH		
KGVTSVSQIFHSPD		
KGVTSVSQIFHSPDL		
KGYTQQLAFR		
KGYTQQLAFRQPS		
KGYTVGAEAS		
KGYTVGAEASI		
KHAVSEGTKAVTKYTSAK		
KHAVSEGTKAVTKYTSSK		
KHQTVPQNTGGKNPDPWAK		
KHSTIFENL		
KHSTIFENLANK		
KIDQNVEELK		
KIDQTVEELR		
KIDQTVEELRR		
KIEGDHGARVVL		
KIGEHTPSAL		
KIIAPPERK		
KIIAPPERKY		
KIIAPPERKYS		
KIKEKYIDQEELNK		
KIKIIAPPERKYS		
KILATPPQEDAPSVDIA		
KIQVLQQQ		
KIRPFFPQQ		
KISLSNESNKVNGN		
KITDLMEK		
KIVLDPSGSMN		
KIVLDPSGSMNI		
KIVLDPSGSMNIY		
KKGYTQQLA		
KKGYTQQLAFR		
KKGYTQQLAFRQPS		
KKILATPPQE		
KKILATPPQEDAPSVDIA		
KKILATPPQEDAPSVDIANI		
KKLAERLKA		
KKLKEGMLSI		
KKPVAFSDYIHPV		
KKQINDYVEK		
KKSASDLTWDNLK		
KKSASDLTWDNLKGKK		
KKVPQVSTPT		
KKVPQVSTPTL		
KLAQKVPTADLEDVLPLAEDI		
KLDDDLEHQGGHVLDHGHK		
KLDQGGAPLAGTNK		
KLDQGGAPLAGTNKETTI		
KLDQIESVI		
KLDQIESVITAT		
KLDQIESVITATSANTQLV		
KLEAGINQLSFPLSSEPI		
KLEDGPKFLK		
KLGALGGNTQEV		
KLGHPDTL		
KLGHPDTLNQ		
KLGHPDTLNQG		
KLGHPDTLNQGE		
KLGHPDTLNQGEF		
KLGHPDTLNQGEFK		
KLGHPDTLNQGEFKE		
KLGHPDTLNQGEFKEL		
KLGHPDTLNQGEFKELV		
KLGPHAGDVEGHLS		
KLHDRNTYEKYLGEEYVK		
KLHDRNTYEKYLGEEYVKAV		
KLHELQEKLSPLGEEMR		
KLHLETDSLALV		
KLHVDPEN		
KLHVDPENF		
KLHVDPENFR		
KLHVDPENFRL		
KLHVDPENFRLL		
KLHVDPENFRLLG		
KLHVDPENFRLLGN		
KLHVDPENFRLLGNV		
KLIGDPNLEFV		
KLILDSAR		
KLILDSARATK		
KLISVDTEHSNI		
KLKQKVSV		
KLKQKVSVNE		
KLKQKVSVNER		
KLKQKVSVNERV		
KLKQKVSVNERVMPI		
KLLSGGNTLHLV		
KLMEQYGTPNNI		
KLNVTEQEKI		
KLPGIVAEGRDDLYVSDAFHKA		
KLQPLDFKENAEQSR		
KLQPLDFKENAEQSRAAI		
KLQSLFDSPDFSKI		
KLREQLGPVTQ		
KLREQLGPVTQEF		
KLRVDPVN		
KLRVDPVNF		
KLRVDPVNFK		
KLRVDPVNFKL		
KLSNNALSGLPQGV		
KLSPLGEE		
KLSQDDIKGIQK		
KLSQDDIKGIQKL		
KLVLSSEKT		
KLVLSSEKTVLTPA		
KLVPFATELHER		
KLVTSKGDKEL		
KLVWVPSDK		
KLVYREYT		
KLVYREYTDASFTNRK		
KMADEAGSEADHEGTHSTKRG		
KMADEAGSEADHEGTHSTKRGHA		
KMYLGYEYVTAI		
KNAEELKARI		
KNGERIEKVEHSDLSFSK		
KNGERIEKVEHSDLSFSKDWS		
KNIILEEGKEILVG		
KNIILEEGKEILVGDVGQTV		
KNPKFMETVAEK		
KNQGILEFYGDDI		
KNVRTATESFASDPI		
KPALEDLR		
KPVPDLVPGNF		
KPVPDLVPGNFK		
KQEDMKGHFSI		
KQEINSHVEMQTK		
KQELSEAEQATRTMQALPYSTV		
KQEYDESGPSIV		
KQFTSSTSYNR		
KQGFEPPSFV		
KQINDYVEK		
KQINDYVEKGTQGK		
KQINDYVEKGTQGKIV		
KQLVEIEKV		
KQVHPDTGISS		
KQVHPDTGISSK		
KQVHPDTGISSKA		
KQVHPDTGISSKAM		
KQVHPDTGISSKAMG		
KQVHPDTGISSKAMGIMN		
KQVHPDTGISSKAMGIMNS		
KREEAPSLRPAPPPISGGGY		
KREEAPSLRPAPPPISGGGYR		
KRPPGFSP		
KRPPGFSPFR		
KSASDLTWDNLK		
KSASDLTWDNLKGKK		
KSEVAHRFKDLGEEN		
KSEVAHRFKDLGEENF		
KSEVAHRFKDLGEENFKA		
KSEVAHRFKDLGEENFKAL		
KSEVAHRFKDLGEENFKALVL		
KSGDRGETGPAGPAGPVGPVG		
KSGSDEVQVGQQRTFI		
KSGSDEVQVGQQRTFISPI		
KSLDFNTLVDNI		
KSLEDKTERELLESYIDGR		
KSLGDDISSETSGDFR		
KSLKKGYTVGAEA		
KSLKVVPEGI		
KSPAFTDLHLR		
KSPVAKDVDLEFLAK		
KSSFVAPLEK		
KSTGSSTWPLDPGVEV		
KSVLGQLGITK		
KSVLGQLGITKV		
KSYDLDPGAGSLEI		
KSYELPDGQVI		
KTAKDALSSVQESQVAQQAR		
KTALQPMVSAL		
KTALQPMVSALN		
KTETQEKNPLPSKETI		
KTIDDLKNQ		
KTLIEKTNEER		
KTLIEKTNEERK		
KTLLGDGPVVTDPKAPNVV		
KTLLSNLEEAK		
KTLLSNLEEAKK		
KTVDGPSGKLW		
KTVDGPSGKLWRDG		
KTVIGPDGHKEVTKE		
KTVIGPDGHKEVTKEVV		
KVADALTNAV		
KVADALTNAVAH		
KVADALTNAVAHV		
KVDNALQSGNSQESV		
KVDNALQSGNSQESVTEQDSKDS		
KVDNALQSGNSQESVTEQDSKDSTY		
KVEPLRAELQEGAR		
KVFKSLPGQNED		
KVFSGDGKDFYR		
KVGAHAGEYG		
KVGAHAGEYGAEALER		
KVGAHAGEYGAEALERM		
KVILGAHQEVNLEPHVQE		
KVILGAHQEVNLEPHVQEIE		
KVILGAHQEVNLEPHVQEIEVSRL		
KVIPELNGKLT		
KVIPELNGKLTG		
KVKIDQTVEEL		
KVLDAVRGSPAINV		
KVLDAVRGSPAINVA		
KVLDAVRGSPAINVAV		
KVLEPTLK		
KVLGAFSDGLAHLDNLK		
KVLKQVHPDT		
KVLKQVHPDTGISS		
KVLKQVHPDTGISSK		
KVLLDGVQNPRAEDLVGK		
KVLQIEKEGAIHREEL		
KVNVDAVGGEALGRL		
KVNVDEVGGEALGRL		
KVNVDEVGGEALGRLL		
KVNWEEEAASGLLT		
KVPLLLSEPI		
KVPMMKRL		
KVPQVSTPTL		
KVQLSNDFDEYI		
KVQLSNDFDEYIMAI		
KVQPYLDDFQKK		
KVQVKDSLDQLVGGVPV		
KVSVGGEKRDLEIEVV		
KVTDADAPNTPAWEA		
KVTDADAPNTPAWEAV		
KVTIAQGGVLPNIQ		
KVTSIQDWVQK		
KVTSIQDWVQKT		
KVTSIQDWVQKTIAEN		
KVTYTSQEDLVEKK		
KVVAGVANALAH		
KVVAGVANALAHK		
KVVAGVANALAHKYH		
KWGDAGAEYVVEST		
KWITKQQNAQGGFSSTQDTV		
KWQEEMELYR		
KYDDIKKVV		
KYDDIKKVVK		
KYDDIKKVVKQA		
KYEELQSLAGK		
KYQISVNK		
KYQISVNKYR		
LAAAGYDVEKNNSRIK		
LAAHLPAEFTPAV		
LAAHLPAEFTPAVHA		
LADGVQKVHK		
LADIAPSTDDLAS		
LADPTGAFGKETDLL		
LADPTGAFGKETDLLLDDSL		
LADQAANKWGR		
LAEDVRGNLR		
LAELPADALGPLQR		
LAERSLAPTAAAKRRITRS		
LAEYHAKATEHLSTLSEK		
LAFDVNDEKNWG		
LAFDVNDEKNWGL		
LAFDVNDEKNWGLSV		
LAFRQPSSA		
LAFRQPSSAF		
LAGEFIRASGVEA		
LAGRDLTDYL		
LAGTQPLEVLEAV		
LAHHFGKEFTPPVQ		
LAHHFGKEFTPPVQAA		
LAHLDNLKG		
LAIQSSQAGGELKSSTPAQLAF		
LAKYNNENTSKQYSL		
LALEPGILDTANVEA		
LALIYNEALKG		
LALPAHSYSGRER		
LALTQNHHKQYYEGSEI		
LALTQNHHKQYYEGSEIVVAGR		
LANDQGNRTTPSYV		
LAPLAEDVRGNLR		
LAPNNLKPVVA		
LAPNNLKPVVAEF		
LAPYSDELRQR		
LAQKVPTADLEDVLPLAEDI		
LAQLPEELFHPLTSLQT		
LAREQQSTGRVG		
LASGMVDNMTKL		
LASPEYVNLPINGNGKQ		
LASVSTVLTSKY		
LASVSTVLTSKYR		
LATLKKTGKTV		
LATLKKTGKTVSY		
LATPPQEDAPSVDIA		
LAVSQVVHKAVLD		
LAVSQVVHKAVLDV		
LAYLTAQPAPTSEDLTSATN		
LAYLTAQPAPTSEDLTSATNI		
LAYSRLKELTLED		
LDAQASFLPKELA		
LDAQASFLPKELAAQTI		
LDAVRGSPAINV		
LDAVRGSPAINVA		
LDAVRGSPAINVAV		
LDDDLEHQGGHVLDHGHK		
LDDDLEHQGGHVLDHGHKHK		
LDDEKNWGLSF		
LDDLRAEDHFSVI		
LDDYVNTQGASL		
LDEELGGTPVQSRVVQGKEPAH		
LDEELGGTPVQSRVVQGKEPAHL		
LDETEQWEKFGLEK		
LDETEQWEKFGLEKR		
LDFEQEMATAASSS		
LDFEQEMATAASSSSLEK		
LDFKTKVRE		
LDGVQNPRAEDLVGKSL		
LDHHIVTPLTS		
LDHHIVTPLTSLV		
LDIDNTRMTLDDF		
LDIDSPPITARNT		
LDINTDGAVNF		
LDINTDGAVNFQEF		
LDISMMTGFAPDTDDLK		
LDKLGLGADVAQV		
LDKLGLGADVAQVTGA		
LDLSHNSL		
LDLSHNSLL		
LDLTRNALT		
LDNLKGTFA		
LDNWDSVTSTFSK		
LDNWDSVTSTFSKL		
LDPALELGPRN		
LDPALELGPRNVL		
LDQKYEMHELLR		
LDQTKTLAESALQL		
LDRFTEDAKRL		
LDRFTEDAKRLYGSEA		
LDRNLPSDSQDLGQHG		
LDSLPLVDTHSKRTLL		
LDSLPSDTRL		
LDSLPSDTRLV		
LDSLPSDTRLVL		
LDSLPSDTRLVLLNA		
LDSSNQEERLPEGSVS		
LDSSNQEERLPEGSVSL		
LDTGDIIIDGGNSEY		
LDTNADKQL		
LDTNADKQLSFEE		
LDTNADKQLSFEEF		
LDTYPNDETTERVFPY		
LDTYPNDETTERVFPYIS		
LDVAPLSLGLETAGGVM		
LDVAPLSLGLETAGGVMT		
LDVSLQLPSR		
LEALKENGGAR		
LEALKENGGARL		
LEALKENGGARLA		
LEALKENGGARLAE		
LEALKENGGARLAEY		
LEASKSFHK		
LEDKTERELLESYIDGR		
LEDLRQGLL		
LEDLRQGLLPV		
LEDVKKLYH		
LEDVKKLYHSEA		
LEDWAGNEAYAEYH		
LEDWNGRTSTADY		
LEDWNGRTSTADYA		
LEEYTKKL		
LEEYTKKLN		
LEEYTKKLNT		
LEEYTKKLNTQ		
LEGIVNIFH		
LEGKVLPGVDA		
LEGKVLPGVDALS		
LEGKVLPGVDALSNI		
LEIPKTAFISD		
LEIPLTVTH		
LEIPLTVTHPVVR		
LEIPLTVTHPVVRN		
LEIPLTVTHPVVRNAL		
LEKALNSIID		
LEKALNSIIDV		
LEKDLRDKVN		
LEKDLRDKVNSF		
LEKGLDGAKKAV		
LEKGLDGAKKAVGGLGKLGKDA		
LEKIYIHPR		
LEKNYNLVESL		
LEKNYNLVESLK		
LEKSYELPDGQVI		
LELAGNAARDNK		
LELAGNAARDNKK		
LELIKKGYTQQL		
LELPFKGDDIT		
LELPFKGDDITM		
LELPQKAEALKL		
LENVIRDA		
LENVIRDAVT		
LENVIRDAVTY		
LEQKVPAAKTRHTASAWL		
LEQQNKILL		
LERNIETIINTF		
LERPGGNEITR		
LERPGGNEITRGGST		
LERPGGNEITRGGSTSY		
LERPGGNEITRGGSTSYG		
LERPGGNEITRGGSTSYGTGSETE		
LESHSTEAVLGDAL		
LESKDSLLKK		
LETESTFMTNQL		
LETESTFMTNQLV		
LETESTFMTNQLVDA		
LETGVPSRF		
LETLAQMDDLQDFLSK		
LETLAQMDDLQDFLSKDK		
LEVDETYVPKEFNAET		
LEVNEEGSEAAASTAVVIAGR		
LEVNNRIIEETL		
LEVPEGRTNFDND		
LEVPEGRTNFDNDIA		
LEVPEGRTNFDNDIAL		
LEVRTSTASGL		
LFAEEKAVADTR		
LFAEEKAVADTRDQADGSR		
LFDEINPETK		
LFDSDPITVTVPVE		
LFGPDLKLVPPMEE		
LFLEPMEEKL		
LFLEPTRKDI		
LFLEPTRKDIA		
LFLGKVVNPTEA		
LFLRDTKTLM		
LFPPKPKDTLM		
LFPPSSEELQANK		
LGAFSDGLAHLDNLK		
LGAFSDGLAHLDNLKGTFA		
LGAGENTKTNL		
LGAGENTKTNLESILSYPKD		
LGAHQEVNLEPHVQEI		
LGEENFKAL		
LGEENFKALVL		
LGEFVSETESRGSESG		
LGEFVSETESRGSESGIF		
LGEFVSETESRGSESGIFT		
LGEFVSETESRGSESGIFTNTK		
LGEHNIEVLEGNEQFI		
LGEKASAGLLGAHA		
LGEKASAGLLGAHAAA		
LGEKASAGLLGAHAAAI		
LGEKASAGLLGAHAAAITA		
LGEMWNNTAADDKQPYEKK		
LGERPVQHREVQGNESDL		
LGEVNTYAGDLQK		
LGEVNTYAGDLQKK		
LGGHLDQQVEEF		
LGGNFAAQYDGKGV		
LGGNFAAQYDGKGVG		
LGGNFAAQYDGKGVGLGP		
LGHASDRIIALDGDTK		
LGHPDTLNQGEF		
LGHPDTLNQGEFK		
LGHPDTLNQGEFKEL		
LGIEIPAEKVF		
LGIHNEVSKI		
LGKDLLLPQPDLR		
LGKIKDAFDRNPELQNL		
LGKVTIAQGGVL		
LGKVTIAQGGVLPNIQ		
LGKVTIAQGGVLPNIQA		
LGKVTIAQGGVLPNIQAV		
LGLGADVAQVTGALR		
LGNPKSDEMNVK		
LGPHAGDVEGHLS		
LGPHAGDVEGHLSFLEKDLRDK		
LGPKPALPAGTE		
LGPKPALPAGTEDTAKEDAANR		
LGPKPALPAGTEDTAKEDAANRK		
LGPLVEQGRVR		
LGPLVEQGRVRAA		
LGPNYLHIPV		
LGPQLHADVGDKV		
LGPQLHADVGDKVKI		
LGQEQDSFGGNFEGSQSLV		
LGQEQDSFGGNFEGSQSLVGDIGNV		
LGQEQDSYGGKFDR		
LGQLGITKVF		
LGQLGITKVFS		
LGQLGITKVFSNG		
LGQLGITKVFSNGADLSGV		
LGRVANPLSTA		
LGRVTIAQGGVLPNIQ		
LGSPSGEVSHPR		
LGSPSGEVSHPRKT		
LGTLSGIGTLDGF		
LGTLSGIGTLDGFR		
LHAHKLRVDPV		
LHALSKYGAAT		
LHDRNTYEKYLGEEYVK		
LHELQEKLSPLG		
LHELQEKLSPLGEEM		
LHELQEKLSPLGEEMR		
LHELQEKLSPLGEEMRDR		
LHELQEKLSPLGEEMRDRA		
LHELQEKLSPLGEEMRDRAR		
LHELQEKLSPLGEEMRDRARA		
LHLEGNKLQV		
LHLPADDVVSIIEE		
LHSGSDMVQAER		
LHSGSDMVQAERSGIPI		
LHVDPENF		
LHVDPENFR		
LIAASQSFLQPGGK		
LIDRTESLNR		
LIEMEDWKGDK		
LIEMEDWKGDKVK		
LIEMEDWKGDKVKAHYG		
LIKKGYTQQ		
LIKKGYTQQL		
LIKKGYTQQLA		
LIKTVETRDG		
LIKTVETRDGQVINETSQHHDDLE		
LIKVDGVVTK		
LIKVDGVVTKK		
LILDSARATK		
LILRDTKT		
LILRDTKTY		
LILRDTKTYM		
LILRDTKTYML		
LILRDTKTYMLA		
LIMLTDGDPTEGVTDR		
LIMLTDGDPTEGVTDRSQI		
LIMLTDGDPTEGVTDRSQILK		
LIMLTDGDPTEGVTDRSQILKNVR		
LIPLGAVDDGEHSQNEK		
LIQAGEYMGQLLEQA		
LIQDITQRL		
LIQPDSSVKPY		
LISVDTEHSNI		
LISVDTEHSNIYLQNGPDR		
LISVDTEHSNIYLQNGPDRI		
LISVDTGFQNK		
LIVRYTRKVPQVSTPTL		
LIVSNPVDILT		
LKAFLASPEYV		
LKALNHLPLEYNSAL		
LKDAEGILEDLQSYR		
LKDDEVAQLKK		
LKDLWQKRQ		
LKDLWQKRQK		
LKDLWQKRQKQV		
LKDLWQKRQKQVK		
LKDPVKMGPTVSPI		
LKEDAVSAAFK		
LKEFGNTLEDK		
LKEFGNTLEDKAR		
LKEKLQDEDLGFL		
LKENGGARLA		
LKENGGARLAEY		
LKENGGARLAEYHAKATEHL		
LKENGGARLAEYHAKATEHLS		
LKENGGARLAEYHAKATEHLST		
LKGADINAPD		
LKGPLLNK		
LKIEGDHGARVVL		
LKISKEIGGDVQKHAEM		
LKITGTMPPLPLEATG		
LKKENKNEKVIEHIM		
LKKENKNEKVIEHIME		
LKKLQSTTVMN		
LKKPVAFSDYIHPV		
LKKTETQEKNPLPSKETI		
LKLLDNWDSV		
LKLPPNVVEESARASV		
LKLSSPAVITD		
LKLVDKFLED		
LKMFGIDRDAIAQ		
LKMFGIDRDAIAQAV		
LKNGERIEKVEHSDLSFSK		
LKNGERIEKVEHSDLSFSKD		
LKNGERIEKVEHSDLSFSKDW		
LKNGERIEKVEHSDLSFSKDWS		
LKNIPTVNENLENYYLEV		
LKPEEEAPAPEVGASKPE		
LKPEEEAPAPEVGASKPEGI		
LKQKVSVNERVMPI		
LKQVHPDTGISSK		
LKQVHPDTGISSKAMGI		
LKQVLLHQQA		
LKQVLLHQQAK		
LKRDLAKDITSDT		
LKSLNEEAVKK		
LKTAIGKAGYTDKVVIGMDV		
LKTASDFITKMDYPKQTQV		
LKTENLNDDEKLNNAKY		
LKTENLNDDEKLNNAKYAI		
LKTENLNDDEKLNNAKYAISM		
LKTLQELKKLTI		
LKVLNNMEIGTSL		
LKVRPQQL		
LKVTDADAPNTPAWEAV		
LKYGQTIRPI		
LKYPIEHGIIT		
LLAAPPGHQLH		
LLAAPPGHQLHR		
LLAAPPGHQLHRA		
LLAELEQLKGQGK		
LLAPQNAVSSEETNDFK		
LLAREQQSTGRVG		
LLAVANDEELNQLLK		
LLAVANDEELNQLLKGV		
LLAYLTAQPAPTSEDLTSATNI		
LLDGVQNPRAEDLVGK		
LLDGVQNPRAEDLVGKSLYV		
LLDNWDSVTSTFSK		
LLDRETLENPKYELI		
LLDSLPSDTRL		
LLDSPIKVPL		
LLDSSNQEERLPEGSVS		
LLDSSNQEERLPEGSVSL		
LLEDNIRM		
LLEEIGSGLL		
LLEEIGSGLLR		
LLENLRFHVEEEGKGK		
LLENLRFHVEEEGKGKDASGNK		
LLESNPYR		
LLEVDGEEVLR		
LLEVPEGRTNFDNDIALV		
LLFKGSEMV		
LLGAKDNTAQQI		
LLGASNADQLMENI		
LLGELLQDNAKLVPV		
LLIQPHYASDLDKVEG		
LLIYDASNR		
LLKNGERIEK		
LLKNGERIEKV		
LLKNGERIEKVEHSDL		
LLKNGERIEKVEHSDLS		
LLKNGERIEKVEHSDLSF		
LLKNGERIEKVEHSDLSFS		
LLKNGERIEKVEHSDLSFSK		
LLKNGERIEKVEHSDLSFSKD		
LLKNGERIEKVEHSDLSFSKDW		
LLKNGERIEKVEHSDLSFSKDWS		
LLLDLSHNSL		
LLLLGAGESGKSTI		
LLLLQKQLSLPETGELDSA		
LLLNNDNLLREGA		
LLLPGELAKH		
LLLPGELAKHAV		
LLLPGELAKHAVSEGTKA		
LLLPQPDLR		
LLLQKQLSL		
LLLQKQLSLPETGELDS		
LLLQKQLSLPETGELDSATL		
LLLQKQLSLPETGELDSATLKA		
LLLSDPDKVTIG		
LLLSDPDKVTIGL		
LLLTDDQDEVLGGMTPLKK		
LLMGKEGVHGGLI		
LLMKPDAELS		
LLMKPDAELSAS		
LLMKPDAELSASSV		
LLMKPEAELSV		
LLMKPEAELSVSSV		
LLNDDLIVSTGFGSGLATV		
LLNPQDKDGSFSVVI		
LLPETLKR		
LLPGELAKHAVSEGT		
LLPGELAKHAVSEGTK		
LLPGELAKHAVSEGTKA		
LLPGELAKHAVSEGTKAVTKY		
LLPHANEVSQK		
LLPSKDVMQGTDEHV		
LLPVLESFK		
LLQDEFPGIPSPLDAAV		
LLQDFRVV		
LLQDFRVVAQGV		
LLQGASKLQE		
LLQGASKLQEL		
LLQGASKLQELH		
LLQGTPVAQMTE		
LLQGTPVAQMTEDAV		
LLQGTPVAQMTEDAVD		
LLQGTPVAQMTEDAVDAER		
LLQGTPVAQMTEDAVDAERLK		
LLQKQLSLPETGELDSATL		
LLQKQLSLPETGELDSATLKA		
LLQLGIEEAFTSK		
LLQLGIEEAFTSKA		
LLQQLGQENPQLLQQI		
LLQTFLDDASPGDKRLAA		
LLRDTDRFSSHVGGTLG		
LLRREGDHEFLEVPEAQEDVE		
LLRTLNQPDSQLQLTTGNG		
LLSDPDKVTIG		
LLSDPDKVTIGL		
LLSGGNTLHLV		
LLSLQVPLKDAK		
LLSPYSYSTTAVVTNPKE		
LLTDGDPTVGETNPR		
LLTDGDPTVGETNPRSI		
LLTEAPLNPK		
LLTEAPLNPKAN		
LLTEAPLNPKANR		
LLTEAPLNPKANREK		
LLTEAPLNPKANREKM		
LLTEAPLNPKANREKMTQI		
LLTEAPLNPKANREKMTQIMFET		
LLTLQKPSPELK		
LLTQEGRIFK		
LLVAKREVENSEDPKFR		
LLVPGPEKEN		
LLVRYTKKVPQVSTPTL		
LMIEQNTKSPL		
LMIEQNTKSPLF		
LMIEQNTKSPLFM		
LMIEQNTKSPLFMG		
LMIEQNTKSPLFMGKVVNPTQK		
LMKPDAELSASSVYNLL		
LMPEENFTADHPFL		
LMVEHTPDEESIDWTKIEPSVN		
LNALREVQPV		
LNAPSDWDSRGKDS		
LNAPSDWDSRGKDSYET		
LNAPSDWDSRGKDSYETSQL		
LNDLNSVLVMPT		
LNERHYGGLTGLNK		
LNERHYGGLTGLNKAETA		
LNFSHGTHEYHAETI		
LNGAYKAIPVAQD		
LNLGPITR		
LNLGPITRK		
LNNFYPREA		
LNNNYKILQADQEL		
LNNYDAENKLNDVL		
LNNYDAENKLNDVLL		
LNPDPSQKQ		
LNPDPSQKQN		
LNPDPSQKQNL		
LNPDPSQKQNLLAP		
LNPDPSQKQNLLAPQ		
LNPDPSQKQNLLAPQN		
LNPDPSQKQNLLAPQNA		
LNPDPSQKQNLLAPQNAVSSEETN		
LNQAGQLFLLQTV		
LNQAQEHFGKDKSKEFQL		
LNQPDSQLQLTTGNG		
LNQPDSQLQLTTGNGL		
LNQPDSQLQLTTGNGLF		
LNQPDSQLQLTTGNGLFL		
LNQPDSQLQLTTGNGLFLSE		
LNQVQESLPELSNHA		
LNQVQESLPELSNHASI		
LNQVQESLPELSNHASILI		
LNRNPVNYFAEVEQI		
LPAEFTPAVH		
LPAEFTPAVHA		
LPAEFTPAVHASLDK		
LPAEFTPAVHASLDKF		
LPAVSEKDIQDLK		
LPDEGKLQHL		
LPDEGKLQHLENELTHD		
LPDEGKLQHLENELTHDIIT		
LPDEGKLQHLENELTHDIITK		
LPGAEGPDKPSVV		
LPGELAKHAVSEG		
LPGELAKHAVSEGTK		
LPGELAKHAVSEGTKA		
LPGELAKHAVSEGTKAV		
LPGELAKHAVSEGTKAVT		
LPGELAKHAVSEGTKAVTK		
LPGELAKHAVSEGTKAVTKY		
LPPAGSPPDSHVL		
LPPPPPPPPP		
LQALKDTANR		
LQALVREMSGSPA		
LQALVREMSGSPASGIPV		
LQDFRVVAQG		
LQDFRVVAQGV		
LQDRGPDVLTA		
LQDRGPDVLTATV		
LQEAQVPFLSL		
LQEGARQKLHELQE		
LQEKLSPL		
LQEKLSPLGEEM		
LQEKLSPLGEEMRDR		
LQGASKLQEL		
LQGASKLQELHL		
LQGSYDLQDLLA		
LQGSYDLQDLLAQA		
LQGSYDLQDLLAQAELPA		
LQGVGDMGRAY		
LQHLENELTHDII		
LQHLENELTHDIITK		
LQIDNARLAADD		
LQIDNARLAADDF		
LQIEKEGAIHREEL		
LQKGFPIKED		
LQKPGQPPQLL		
LQKPGQSPQL		
LQKPGQSPQLL		
LQKQLSLPETGELDSATL		
LQKQLSLPETGELDSATLKA		
LQKVPPEWK		
LQLSVSAGSPHPAIARL		
LQNPDLALR		
LQNTDGNNNEAWAKDLK		
LQPLDFKENAEQSR		
LQQIGRENPQL		
LQSGVPSR		
LQSLFDSPDFSKI		
LQSSLPGAEGPDKPSVV		
LQTFLDDASPGDKRLA		
LQVAEGFISR		
LQVKQKGADF		
LQYTDETFR		
LREGETKAVKTVRTPGAAAN		
LREGETKAVKTVRTPGAAANL		
LREGETKAVKTVRTPGAAANLEL		
LREQLGPVTQ		
LREQLGPVTQE		
LREQLGPVTQEF		
LRGDFSSANN		
LRGDFSSANNR		
LRGDFSSANNRDNTYN		
LRGGKYAATSQV		
LRIEEELGSKAK		
LRIEEELGSKAKF		
LRIEEELGSKAKFAGRN		
LRIINEPTAAAI		
LRIQNILTEEPK		
LRIQNILTEEPKVTQV		
LRLDLAGRDLT		
LRLTEPADTITD		
LRLTEPADTITDA		
LRPAPPPISGGG		
LRPAPPPISGGGY		
LRPGETLNVNF		
LRPHADELK		
LRPIQALGTEY		
LRPVAAEVYGTERQPR		
LRQAQEKFGKDKSPKFQL		
LRQGLLPVLES		
LRQLGPQPQDIIY		
LRREGDHEFLEVPEAQEDVE		
LRRELDESLQVAER		
LRSEETKENEGFTVTAEGKGQGTL		
LRSEETKENEGFTVTAEGKGQGTLS		
LRTEGDGVYTLNDK		
LRTEGDGVYTLNDKK		
LRTEGDGVYTLNDKKQWI		
LRTEGDGVYTLNDKKQWINK		
LRTEGDGVYTLNNEKQWINK		
LRTHLAPYSDE		
LRTHLAPYSDEL		
LRTHLAPYSDELRQRL		
LRTLDLGENQL		
LRTLNQPDS		
LRTLNQPDSQ		
LRTLNQPDSQL		
LRTLNQPDSQLQ		
LRTLNQPDSQLQL		
LRTLNQPDSQLQLT		
LRTLNQPDSQLQLTT		
LRTLNQPDSQLQLTTG		
LRTLNQPDSQLQLTTGN		
LRTLNQPDSQLQLTTGNG		
LRTLNQPDSQLQLTTGNGL		
LRTLNQPDSQLQLTTGNGLF		
LRTLNQPDSQLQLTTGNGLFLSEG		
LRTPKIVSGKDYNVTANSKL		
LRVAPEEHPV		
LRVAPEEHPVL		
LRVDPVNFK		
LRVELEDWNGRTSTADYA		
LRVLRAQPVQVAEGSEPDGF		
LRVTTVASHTSDSDVPSGVTE		
LRVTTVASHTSDSDVPSGVTEVVVK		
LSAKAAQASDLEKI		
LSAKPAPPKPEPKPK		
LSALEEYTK		
LSALEEYTKK		
LSALEEYTKKL		
LSALEEYTKKLN		
LSALEEYTKKLNT		
LSALEEYTKKLNTQ		
LSALSDLHAHK		
LSALSDLHAHKLRVDPV		
LSALSLGAEQRTESI		
LSAQQVQAPVK		
LSDETLPAPEFSPEPESGR		
LSDETLPAPEFSPEPESGRALR		
LSDLHAHKLR		
LSDLHAHKLRVDPV		
LSDLHAHKLRVDPVN		
LSDPDKVTIG		
LSDPDKVTIGL		
LSDPDKVTIGLL		
LSDPEQGVEVTGQYEREKAGFSW		
LSDQVPDTESETRILLQGTPV		
LSEGLKLVDK		
LSEGLKLVDKF		
LSEGLKLVDKFL		
LSEGLKLVDKFLED		
LSEKAKPALEDL		
LSEKAKPALEDLRQ		
LSEKAKPALEDLRQG		
LSEKAKPALEDLRQGLLPVL		
LSEKAKPALEDLRQGLLPVLES		
LSEKHEGSFI		
LSEKHEGSFIQGAEK		
LSEKHEGSFIQGAEKSI		
LSFPTTKT		
LSFPTTKTYF		
LSGALHVYSLGSD		
LSGGQSEEEASINL		
LSGGTTMYPGIADR		
LSGGTTMYPGIADRMQK		
LSGGTTMYPGIADRMQKEI		
LSGGTTMYPGIADRMQKEIT		
LSGVTEEAPLKLSK		
LSGVTEEAPLKLSKAVHK		
LSINTHPSQKPL		
LSINTHPSQKPLSI		
LSITGTYDLK		
LSITGTYDLKSV		
LSKIQKNVKENIQDNI		
LSLGTKADTHDE		
LSLGTKADTHDEIL		
LSLPETGELDSATLKA		
LSMDGGGSPKGDVD		
LSMDGGGSPKGDVDP		
LSMDGGGSPKGDVDPF		
LSNENHGIAQRI		
LSNLEEAKK		
LSPKKNIFISPVS		
LSPLGEEMRDR		
LSPLGEEMRDRAR		
LSPLVLEVDPNIQAV		
LSPNYPQAYPSEVEK		
LSPYSYSTTAVVTNPKE		
LSQDDIKGI		
LSQDDIKGIQK		
LSQDDIKGIQKL		
LSQNQGGKTFIVGDQI		
LSQNQGGKTFIVGDQIS		
LSQNQGGKTFIVGDQISF		
LSQPKIVKWDR		
LSSEKTVLTPA		
LSSHIANVERVPFDAA		
LSSLTETIEGVDAEDGHGPGEQQ		
LSSLTETIEGVDAEDGHGPGEQQK		
LSSPAVITDKVIPA		
LSSVQESQVAQQAR		
LSSVQESQVAQQARG		
LSTPDAVMGNPKVKAHGK		
LSTPDAVMGNPKVKAHGKKV		
LSVSYTGSRSASN		
LSVSYTGSRSASNM		
LSWKVSGPAAPAQS		
LSYFVELGTQPAT		
LSYFVELGTQPATQ		
LTAQGTSELRVD		
LTAQLDEELGGTPV		
LTAQLDEELGGTPVQSR		
LTAQLDEELGGTPVQSRV		
LTAQLDEELGGTPVQSRVV		
LTAQLDEELGGTPVQSRVVQGKEPA		
LTAQPAPTSEDLTSATN		
LTAQPAPTSEDLTSATNI		
LTDEEKRLMVELHNL		
LTDGDPTVGETNPRSIQNNVRE		
LTDGDPTVGETNPRSIQNNVREAV		
LTDHLKYV		
LTDMPQMR		
LTDMPQMRME		
LTEAPLNPK		
LTEAPLNPKANR		
LTEAPLNPKANREK		
LTEAPLNPKANREKM		
LTEAPLNPKANREKMT		
LTEAPLNPKANREKMTQ		
LTEAPLNPKANREKMTQIMF		
LTELEKALNS		
LTETGVEAAAASAISVAR		
LTGRGAEDSLADQAAN		
LTGRGAEDSLADQAANK		
LTGRGAEDSLADQAANKWG		
LTGRGAEDSLADQAANKWGR		
LTGSSGFVTDGPGNYK		
LTHDIITKF		
LTIDEKGTEAAGA		
LTIDEKGTEAAGAMF		
LTIDEKGTEAAGAMFL		
LTIDEKGTEAAGAMFLEAI		
LTIDEKGTEAAGAMFLEAIPM		
LTIFKTELR		
LTIGEGQQHHLGGAK		
LTIGEGQQHHLGGAKQAGDV		
LTIGSKLQDA		
LTIGSKLQDAEIARL		
LTIQPKQLPGGQNPVSY		
LTKAPADLRGVAHNNL		
LTKAPVDLLGVAHNNL		
LTKELALGQDRIL		
LTKKFSRHHGPTIT		
LTLDHNQLQEVK		
LTLDKLDVK		
LTLTKAPADLRGVAHNNL		
LTNAVAHVDDMPNA		
LTPEEKSAVTAL		
LTQGDGVAKLSINTHPSQKPLS		
LTQNHHKQYYEGSE		
LTQPASVSGSPGQSI		
LTQPPSASGTPGQRV		
LTQPPSASGTPGQRVTI		
LTQSKIWDV		
LTQSKIWDVVEK		
LTQSKIWDVVEKA		
LTQSKIWDVVEKADI		
LTQVKESLSSY		
LTRLKQIGALQ		
LTSGPNQEQVSPLTL		
LTSGPNQEQVSPLTLLK		
LTSGVHTFPAVLQSSG		
LTSGVHTFPAVLQSSGL		
LTTLTNHNRY		
LTTNIMEILR		
LTTTFVDDIK		
LTTTFVDDIKALPT		
LTVKTISHESGEHSAQGKTKN		
LTVPFEKHSTL		
LTVQSQEDNLRS		
LTVQVKGPTQEFKKRTT		
LTVQVKGPTQEFKKRTTV		
LTVQVKGPTQEFKKRTTVM		
LTWASRQEPSQGTTTF		
LTYAYFAGGDAGDAF		
LTYNPDESSKPN		
LTYNPDESSKPNM		
LTYNPDESSKPNMI		
LTYNPDESSKPNMID		
LTYNPDESSKPNMIDA		
LTYNPDESSKPNMIDAA		
LTYNPDESSKPNMIDAAT		
LTYNPDESSKPNMIDAATL		
LTYNPDESSKPNMIDAATLK		
LVAAHEFGHALGLDHSSVPEA		
LVAQGRADSQAQLL		
LVAQGRADSQAQLLL		
LVAVDKGVFV		
LVAVDKGVFVLNK		
LVAVDKGVFVLNKK		
LVDGKGVPIPNK		
LVDKFLEDVK		
LVDKFLEDVKK		
LVDKFLEDVKKL		
LVELVKHKPKATKEQL		
LVELVKHKPKATKEQLKA		
LVELVKHKPKATKEQLKAVMDD		
LVESGGGLVKPGGS		
LVESGGGLVQPGGS		
LVESGGGLVQPRGS		
LVESGGGVVQPGRS		
LVFANKQDLPNAMNA		
LVGDVGQTVDDPYATFVK		
LVGHQRNNRQVTLEVSGAEP		
LVGKDLKVD		
LVHVEEPHTETV		
LVHVEEPHTETVR		
LVIENEAGDERML		
LVIENEAGDERMLA		
LVIKGARDSHAGL		
LVIVGGKDIQGS		
LVKGFYPSDI		
LVKHKPKATKEQL		
LVKHKPKATKEQLKA		
LVKHKPKATKEQLKAVMDD		
LVKHKPKATKEQLKAVMDDF		
LVKHKPKATKEQLKAVMDDFAA		
LVLGEGATEAEIS		
LVLGEGATEAEISM		
LVLGEGATEAEISMTST		
LVLKAPDKNVIFSPLS		
LVLKENQL		
LVLKENQLEV		
LVLKENQLEVL		
LVLKENQLEVLEV		
LVLSSEKTVLTPA		
LVLVGDGGTGKTTFV		
LVNHFVEEFK		
LVNVVLGAHNV		
LVPAGSARPVAFSVVPTAAAAV		
LVQQMEQLR		
LVQQMEQLRQ		
LVQQMEQLRQK		
LVQSGAEVKKPGES		
LVQSGAEVKKPGESL		
LVQTKGTGASGSF		
LVREIAQDFK		
LVREIAQDFKTDLR		
LVREMSGSPASGIPVKV		
LVRYTKKVPQVS		
LVRYTKKVPQVST		
LVRYTKKVPQVSTP		
LVRYTKKVPQVSTPT		
LVRYTKKVPQVSTPTL		
LVRYTKKVPQVSTPTLVE		
LVRYTKKVPQVSTPTLVEV		
LVSANRLFGDK		
LVSESSDVLPK		
LVSKGTLVQT		
LVSKGTLVQTK		
LVTEVENGGSLGSK		
LVTEVENGGSLGSKKGVNLPGAAV		
LVTLAAHLPAEFTPAVH		
LVTPPAVFDAKQLK		
LVTSKGDKEL		
LVTSKGDKELR		
LVTSKGDKELRTGK		
LVVDPKSKEEDKHLKF		
LVVDPKSKEEDKHLKFR		
LVVLGSGGVGK		
LVVNHPDAKSTVEL		
LVVSGVQHQSTL		
LVVSGVQHQSTLE		
LVVSGVQHQSTLEL		
LWDTAGQEDYDR		
LWGKVNVDEV		
LWGSPAASDDGR		
LWGSPAASDDGRR		
LWVGTGASEAEKTGAQEL		
LWVGTGASEAEKTGAQELL		
LYDATYETK		
LYDSETKNANSLEAKLKE		
LYEPPAEKEQKVLI		
LYEPPAEKEQKVLIQSV		
LYEYARRHPDYS		
LYEYARRHPDYSV		
LYGRLYERD		
LYHSEAFTV		
LYLQYTDETFR		
LYNKYPDAVAT		
LYNYRQNQELK		
LYRIDQPKETHSIGRD		
LYSQGSKGPGEDFR		
LYVGKKQLV		
LYVGKKQLVEI		
LYVGKKQLVEIE		
LYVGKKQLVEIEK		
LYVGKKQLVEIEKV		
MADEAGSEADHEGTHSTKRG		
MADEAGSEADHEGTHSTKRGHA		
MAIEQTIKSGSDEVQVGQQR		
MALQEASEAYLV		
MANAGPNTNGSQF		
MAPYQGPDAVPGALDYK		
MAQETGDNLYWGSVT		
MATSGVLPGGGFVASAA		
MATTMIQSK		
MATTMIQSKVVNNSPQPQNV		
MAVQLLDSSNQEERLPEGSVS		
MAVQLLDSSNQEERLPEGSVSL		
MDKNELVQK		
MDKNELVQKA		
MDKNELVQKAKL		
MDKYTFELSR		
MDKYTFELSRR		
MDLGTLSGIGTLDGF		
MDLGTLSGIGTLDGFR		
MDPALAAQYEHDLEVAQTT		
MDSGDGVTHTVPIYEG		
MDSIGSSGLRQGEETL		
MEERPAETNANVDNSASPSVAQL		
MEILRGDFSSA		
MEILRGDFSSANN		
MEILRGDFSSANNR		
MEILRGDFSSANNRDNTYN		
MEKTLETVPLER		
MELERPGGN		
MELERPGGNEI		
MELERPGGNEIT		
MELERPGGNEITR		
MELERPGGNEITRGGSTS		
MELERPGGNEITRGGSTSY		
MELERPGGNEITRGGSTSYG		
MELERPGGNEITRGGSTSYGTGSE		
MENANVLAR		
MENANVLARYA		
MEPLGRQLTSGPNQEQVSPLT		
MEPLGRQLTSGPNQEQVSPLTL		
MEPLGWQLT		
MEPLGWQLTSGPNQ		
MEPLGWQLTSGPNQEQV		
MEPLGWQLTSGPNQEQVSPL		
MEQLSSANTRF		
MEQLSSANTRFA		
MEQLSSANTRFALDL		
MEREKEQFR		
MESEELNGAYKAIPV		
MESEELNGAYKAIPVAQD		
MESYHKPDQQKLQ		
MESYHKPDQQKLQA		
MESYHKPDQQKLQALKDTANR		
METVAEKALQEYR		
METVAEKALQEYRKKHREE		
MFGIDRDAI		
MFGNLQGLTMHVG		
MFKVGPEADK		
MFKVGPEADKYR		
MFLSFPTTK		
MFTEDLKLPA		
MFTTAPDQVDKEDEDFQESNK		
MGDKSENVQDLLLL		
MGKVVNPTQ		
MGKVVNPTQK		
MGLAFESTK		
MGLAFESTKSTSPPKQAEA		
MGLAFESTKSTSPPKQAEAV		
MGNEIDIHSI		
MGPTELLIEMEDWK		
MGPTELLIEMEDWKGDK		
MGPTELLIEMEDWKGDKV		
MGPTELLIEMEDWKGDKVK		
MGPTELLIEMEDWKGDKVKA		
MGQKDSYVGDEAQSKRGIL		
MGQKDSYVGDEAQSKRGILT		
MGVNHEKYDNSLK		
MGVNHEKYDNSLKII		
MGVVSLGSPSGEVSHPR		
MGVVSLGSPSGEVSHPRKT		
MHEALHNHYTQK		
MHQPHQPLPPT		
MIEQNTKSPL		
MIEQNTKSPLF		
MIEQNTKSPLFM		
MIEQNTKSPLFMG		
MIEQNTKSPLFMGKVVNPTQK		
MIKLGLGIDE		
MILPVGAANF		
MINLSVPDTIDER		
MINLSVPDTIDERTINK		
MIPGGLSEAKPATPEIQE		
MIQKSVSSDLQPYL		
MIQSKVVNNSPQPQNV		
MIQSNYNRGTSAVN		
MIYASSKDAIKK		
MKEIAEAYLGKTV		
MKIRPLVTQ		
MKPVPDLVPGNF		
MKPVPDLVPGNFK		
MKQEPVKPEEGRDMANR		
MKQTVEAMKT		
MLAEDELRDAV		
MLDQTLLDLNEM		
MLEEIMKY		
MLEEIMKYEA		
MLETLSQSPQGR		
MLETVRTPA		
MLGEFVSETESR		
MLGEFVSETESRGSESG		
MLGEFVSETESRGSESGIFTNT		
MLGEFVSETESRGSESGIFTNTK		
MLGETNPADSKPGTI		
MLLPETLKR		
MLQPFDYDPNEK		
MLSGETAKGDYPLEAV		
MLSLGTKADT		
MLSVEKLIKDLK		
MLTDGDANVGESRPEKI		
MLTDGDANVGESRPEKIQENVR		
MLTDGDPTEGVTDR		
MLTDGDPTEGVTDRSQI		
MLTDGDPTEGVTDRSQILK		
MLTDGDPTEGVTDRSQILKNVR		
MLTELEKA		
MLTELEKAL		
MLTELEKALN		
MLTELEKALNS		
MLTELEKALNSI		
MLTELEKALNSII		
MLTELEKALNSIID		
MLTELEKALNSIIDV		
MLVGKDLKVD		
MMAADIPRVTTPLS		
MNFRPGVLS		
MNSFVNDIFER		
MNSFVNDIFERI		
MNSLSEANTKF		
MPKDIQLAR		
MPKDIQLARR		
MQHLIAREAEAA		
MRSPSQADINKIVQ		
MSKDLEEVKAKVQPY		
MSKVTNPKQA		
MSLDHHIVTPLTS		
MSLIEEEGSKR		
MSQLERNIETI		
MTDKNFLGRPV		
MTDKNFLGRPVEV		
MTEDAVDAERLK		
MTFDLTKITK		
MTFQENARGFGQ		
MTFQENARGFGQSV		
MVAKEARNVTMETE		
MVEHTPDEESIDWTKIEPSVN		
MVEHTPDEESIDWTKIEPSVNF		
MVFQALAQYQKDAPDHQELNL		
MVGMGQKDSYVG		
MVGMGQKDSYVGD		
MVGMGQKDSYVGDEAQS		
MVGMGQKDSYVGDEAQSK		
MVGMGQKDSYVGDEAQSKR		
MVGMGQKDSYVGDEAQSKRG		
MVGMGQKDSYVGDEAQSKRGIL		
MVGMGQKDSYVGDEAQSKRGILT		
MVKNEDSLVFVQTDK		
MVLEAHDAQGDVPVTV		
MVNGQSSYTFDHR		
MVNIENPEGIPV		
MVNIENPEGIPVKQ		
MVNIENPEGIPVKQDSLSSQN		
MVSGFIPLKPTVK		
MVVAGKLQDRGPDVL		
MVVAGKLQDRGPDVLT		
MVVAGKLQDRGPDVLTA		
MVVAGKLQDRGPDVLTATV		
MVVNEGSDGGQSVYHV		
MWISKQEYDESGPSIV		
MWKSVVGHDV		
MWKSVVGHDVS		
MWKSVVGHDVSV		
MYQKGQETSTNPI		
MYSYVTEELPQLI		
MYVGAKTKENVVQSV		
MYVGSTSVQTSR		
MYVGSTSVQTSRLAK		
NAEELKARI		
NAEELKARISA		
NAIEGLTEYSLLVK		
NAINNSEIRF		
NALASKKDNEQHVFK		
NALESYAFNMK		
NALPARSEAAAVQPV		
NALTGLPPGLFQA		
NALTSFVDASMVYGSEEPLAR		
NANFKFTDHLK		
NANFKFTDHLKYV		
NATLSVHQLVENTDETY		
NAVAHVDDMPNALSAL		
NAVANKIADFEL		
NDAFGTAHRA		
NDEELNKLL		
NDEELNKLLG		
NDEELNKLLGK		
NDEELNKLLGKV		
NDEELNKLLGKVT		
NDEELNKLLGKVTI		
NDEKNWGLSV		
NDFGNYNQQPSNYGPM		
NDGDKPKVQVSYK		
NDIFERIAG		
NDIFERIAGEA		
NDIFERIAGEAS		
NDIMLLQLSR		
NDLISATKTQV		
NDLISATKTQVA		
NDLISATKTQVADAK		
NDLISATKTQVADAKR		
NDLQDLREQI		
NDLYIQKQFPI		
NDNEEGFFSAR		
NDYVEKGTQGKIV		
NEANKYQISVNK		
NEANNLGLLDPNSVS		
NEANNLGLLDPNSVSL		
NEATGGKYVPR		
NEDKDPAFTAL		
NEDKDPAFTALLT		
NEEGFFSAR		
NEEGSEAAASTAVVIAGR		
NEGTYYSPNYNPQSR		
NEIGELLQTR		
NEITESGRIGF		
NEKVIEHIME		
NELRVAPEEHPV		
NELRVAPEEHPVL		
NELRVAPEEHPVLL		
NEMEAPTTAYKKTTPIEAA		
NEPSILEMSR		
NEQHVPGSPF		
NEQWLLTTA		
NEQWLLTTAK		
NEQWLLTTAKN		
NEQWLLTTAKNL		
NESFGFTADLR		
NEVENQILTRDA		
NEVKRAQRQVVAG		
NEVKRAQRQVVAGLN		
NEVSQKIGDNL		
NFDNDIALVR		
NFGDTEEAKK		
NFGDTEEAKKQI		
NFGDTEEAKKQIN		
NFGDTEEAKKQINDYVEK		
NFGDTEEAKKQINDYVEKGTQGKIV		
NFGIVEGLMTTV		
NFGKEFTPQMQ		
NFGKEFTPQMQAA		
NFIKQQREARVQ		
NFKFTDHLK		
NFKFTDHLKYV		
NFLKKENKNEKVIEH		
NFNIHGTNK		
NFPSPVDAAFR		
NFRPGVLS		
NFRPGVLSS		
NFRPGVLSSR		
NFSHGTHEYHAETI		
NFVHEVVTNHAGF		
NGADLSGVTEEAPLK		
NGADLSGVTEEAPLKL		
NGADLSGVTEEAPLKLSK		
NGADLSGVTEEAPLKLSKA		
NGADLSGVTEEAPLKLSKAVHK		
NGAYKAIPVAQD		
NGERIEKVEHSDLSFSK		
NGERIEKVEHSDLSFSKDWS		
NGFKSHALQ		
NGFKSHALQL		
NGFKSHALQLNN		
NGGLLRGIEIL		
NGHVTIPGQQDKDMF		
NHEKYDNSLKII		
NHGATYAFSGTHY		
NHVTLSQPKIV		
NIAASGKFSSDR		
NIENPEGIPVKQDSLSSQN		
NIILEEGKEI		
NIILEEGKEIL		
NIILEEGKEILV		
NIILEEGKEILVG		
NIILEEGKEILVGDVGQTV		
NIILEEGKEILVGDVGQTVD		
NIILEEGKEILVGDVGQTVDDPY		
NILKEKGIVV		
NILKEKGIVVGI		
NINALASKK		
NINALASKKDNEQHVF		
NINALASKKDNEQHVFK		
NITPAEVGVLVGK		
NITPAEVGVLVGKDR		
NITPAEVGVLVGKDRS		
NITPAEVGVLVGKDRSS		
NITPAEVGVLVGKDRSSF		
NIVVIGHVDSGK		
NIYVLQELDNPGAK		
NKAIQDPRL		
NKDDEEFIESNK		
NKDDEEFIESNKMHAI		
NKEIQNAVNGVKQ		
NKGAYPLSIEPI		
NKITPNLAEF		
NKITPNLAEFA		
NKITPNLAEFAFSL		
NKLKYGQTI		
NKLKYGQTIRPI		
NKLTQSKIWDVV		
NKLTQSKIWDVVEKA		
NKRSTITSREIQT		
NKRSTITSREIQTA		
NKTIAPALV		
NKYGMVAQV		
NKYPDAVATW		
NLAAGLDLFQGDILLQK		
NLASRPYTFHSHGI		
NLAVSQVVHK		
NLAVSQVVHKA		
NLDLDSIIAEVK		
NLDPIPKNI		
NLDPIPKNIL		
NLDSLPLVDTHSK		
NLDSLPLVDTHSKR		
NLDSLPLVDTHSKRTLL		
NLDVSLQLPSR		
NLEPHVQEI		
NLEPHVQEIEVS		
NLEPHVQEIEVSR		
NLEPHVQEIEVSRL		
NLETGVPSRF		
NLFTNSFEGPVLDHR		
NLGFGHNVDFN		
NLGLWDTAGQEDYDR		
NLGPITRK		
NLIEKVASYGV		
NLIEKVASYGVKPR		
NLKHRLEDMEQALSPSVF		
NLLQGASKLQE		
NLLQGASKLQEL		
NLLSDPEQGVEV		
NLLSDPEQGVEVT		
NLLSDPEQGVEVTGQYER		
NLLSDPEQGVEVTGQYEREK		
NLLSDPEQGVEVTGQYEREKA		
NLPINGNGKQ		
NLPIYSEEIVEMYK		
NLPLDSMAAPWETGDTFPDVV		
NLPSDSQDLGQHGL		
NLQAAQDFVRGFSLDEA		
NLQEAEEWYK		
NLQEAKEQFER		
NLQEAKEQFERQTA		
NLQNNAEWVYQGAI		
NLQNNAEWVYQGAIR		
NLQNNAEWVYQGAIRQI		
NLQSVPHASASRPRVTEPI		
NLRETNLDSLPLVDTHSKRTLL		
NLSNLKAPLDIPVPDPV		
NLSVPDTIDERTI		
NLSVPDTIDERTINK		
NLVNNLRKE		
NLVNNLRKEK		
NMAEQIIQEI		
NMATRPYSI		
NMATRPYSIHAHGVQTESS		
NMATRPYSIHAHGVQTESSTV		
NMPFQDGQEFELSI		
NMWDFVLSPDEI		
NNDALRQAKQESTEYR		
NNEGTYYSPNYNPQS		
NNEGTYYSPNYNPQSR		
NNFYPREA		
NNLELSTPLKI		
NNLELSTPLKIETI		
NNNEDFQVGQAK		
NNRQVTLEVSGAEP		
NNWVQAQMK		
NNYDAENKL		
NNYDAENKLNDVL		
NPALKAQSGPVR		
NPALNDNLEKGLLK		
NPALPLSPTGLAGSLT		
NPDESSKPNMI		
NPDESSKPNMIDAA		
NPDESSKPNMIDAATLK		
NPDPSQKQNL		
NPDPSQKQNLL		
NPDPSQKQNLLAPQ		
NPDPSQKQNLLAPQN		
NPDPSQKQNLLAPQNA		
NPDPSQKQNLLAPQNAV		
NPDPSQKQNLLAPQNAVSS		
NPDPSQKQNLLAPQNAVSSEETN		
NPDPSQKQNLLAPQNAVSSEETNDF		
NPDWGTFEEVSGN		
NPDWGTFEEVSGNVSPGTR		
NPDWGTFEEVSGNVSPGTRR		
NPEESELDLTYGNRY		
NPEESELDLTYGNRYK		
NPGSPRPGSTGTW		
NPGSPRPGSTGTWNPGSSER		
NPGSSERGSAGHWTSESSV		
NPGSSGTGGTATWKPGS		
NPGSSGTGGTATWKPGSS		
NPGSSGTGGTATWKPGSSGPGS		
NPKFMETVAEK		
NPLAQADWAAK		
NPLLEAFGNAK		
NPLVWVHASPEHV		
NPLVWVHASPEHVV		
NPLVWVHASPEHVVV		
NPSSAGSWNSGSSGPGSTGNR		
NQAQEHFGKDKSKEFQL		
NQEEVGLAAPAPTAR		
NQEQVSPLTL		
NQEQVSPLTLL		
NQEQVSPLTLLK		
NQGESITHALK		
NQGGKTFIVGDQI		
NQGGKTFIVGDQISF		
NQGGYGGSSSSSSYGSGR		
NQGILEFYGDDI		
NQIARLPSGLPV		
NQIARLPSGLPVS		
NQIARLPSGLPVSL		
NQIDEVKVWPQQPSG		
NQIDEVKVWPQQPSGEL		
NQLLAERSLAPTAA		
NQLLAERSLAPTAAAK		
NQLLAERSLAPTAAAKR		
NQNFEVPNRIIE		
NQNFEVPNRIIEI		
NQNLPWGYK		
NQPDSQLQLTTGNG		
NQPDSQLQLTTGNGL		
NQPDSQLQLTTGNGLF		
NQPDSQLQLTTGNGLFL		
NQPDSQLQLTTGNGLFLSE		
NQPDSQLQLTTGNGLFLSEG		
NQRTIQNDIML		
NQVALNPQNTVFDAK		
NQVQESLPELSNHAS		
NQVQESLPELSNHASI		
NQVQESLPELSNHASIL		
NQVSTPLLR		
NQYLTDPKFVER		
NRGDSTFESK		
NRGDSTFESKSY		
NRNNALDFVTK		
NRNVHSGSTFF		
NRNVHSGSTFFK		
NRWEDPGKQLYNVEAT		
NSAGATRAVEVLPKAGALNSNDA		
NSAGVAEVGVTVPDTI		
NSAGVAEVGVTVPDTITEWK		
NSDTHSSTFDAGAGIALNDHFVK		
NSDTHSSTFDAGAGIALNDHFVKL		
NSEEFAAAMSRYELK		
NSGALTSGVHTFPAVL		
NSGKVDIVAINDPF		
NSGKVDIVAINDPFID		
NSGKVDIVAINDPFIDL		
NSGSDRDTLAKRLPA		
NSIIDVYHK		
NSIIDVYHKY		
NSIIDVYHKYS		
NSLESYAFNMK		
NSLLGMEGANSI		
NSNPALNDNLEKGLLK		
NSPLDEENLTQEN		
NSPLDEENLTQENQDRGTHVDLGLA		
NSVFLIKGDKV		
NSYVAGQYDDAASYQR		
NTANEAREVAFDLEIPKTAFI		
NTHPSQKPL		
NTHPSQKPLS		
NTHPSQKPLSI		
NTHPSQKPLSITVR		
NTIYEIQDNTGSMDVVGSGK		
NTKESSSHHPGIAEFPSRG		
NTKESSSHHPGIAEFPSRGK		
NTKESSSHHPGIAEFPSRGKSS		
NTKSPLFMGKVVNPTQK		
NTLLGERPVQHREVQGNESDL		
NTNNKISRLLDSLPSDT		
NTVLSGGTTMYPGIADR		
NTVLSGGTTMYPGIADRMQKEI		
NTWVAKNTNNK		
NTYEKYLGEEYVK		
NVASLIYETKGEK		
NVASLIYETKGEKNF		
NVDEVGGEALGRL		
NVDEVGGEALGRLL		
NVDEVGGEALGRLLV		
NVEELKGRLT		
NVELIQPGAVK		
NVERVPFDAA		
NVERVPFDAATLHTSTA		
NVGKGQPSVLQV		
NVGKGQPSVLQVV		
NVINGGSHAGNKL		
NVINGGSHAGNKLAMQE		
NVINGGSHAGNKLAMQEF		
NVIRDAVTY		
NVITVGPRGPLL		
NVITVGPRGPLLVQD		
NVKENIQDNI		
NVKVGGNSKGTLK		
NVNPALPLSPTGLAGSLT		
NVPGEIVESLSSSEE		
NVQFNYPHTSV		
NVQFNYPHTSVTDV		
NVRTQEPTQQHF		
NVRTQEPTQQHFSVAQ		
NVSPGTRREYHTEKL		
NVSPGTRREYHTEKLVTSKGDKEL		
NVTVTKTDKTL		
NVTVTKTDKTLVL		
NVTVTKTDKTLVLL		
NVVLGAHNVR		
NVVLQPHQNFL		
NVVLQPHQNFLL		
NVVNEYSSELEKHQ		
NVVNEYSSELEKHQL		
NVVNEYSSELEKHQLY		
NWASSINDAPVLI		
NWIDSIIQR		
NWTGHGGTVSSSSYNA		
NYDLSVLQKPQ		
NYGLVAPPATTAETLDVQMK		
NYIGSDKYFH		
NYIGSDKYFHA		
NYIGSDKYFHAR		
NYTEGRAVLHV		
PALTTLTNHNRY		
PARSEAAAVQPVIGISQ		
PAVHASLDK		
PAVHASLDKF		
PAVHASLDKFLAS		
PAVLQSSGLYSLSSV		
PAYHSSLMDPDTKL		
PAYHSSLMDPDTKLI		
PAYHSSLMDPDTKLIG		
PAYHSSLMDPDTKLIGNMAL		
PDEGKLQHLENELTH		
PDEGKLQHLENELTHD		
PDEGKLQHLENELTHDIITK		
PDEGKLQHLENELTHDIITKF		
PDESSKPNMI		
PDPAKSAPAP		
PDPAKSAPAPK		
PDWGTFEEVSGNVSPGTR		
PEPAKSAPAP		
PEPAKSAPAPK		
PEPVKSAPVPK		
PEVDVLTKYSQPEDSLIP		
PFEDHVKLVNEVTE		
PFLELDTNLPANRVPA		
PGELAKHAVSEGTK		
PGELAKHAVSEGTKA		
PGELAKHAVSEGTKAVTK		
PGGGDVKI		
PGLKMTMDKTGL		
PGLKMTMDKTGLLL		
PGPLPPPPPPPPP		
PGPPGPPGMPGPPGPP		
PGPPGPPGMPGPPGPPGT		
PGSPRPGSTGTW		
PGSPRPGSTGTWNPGSSER		
PGSSGTGGTATWKPG		
PKDIQLAR		
PLAEDVRGNLR		
PLIKKAGTEL		
PLIYLENPRR		
PLKTGLQEVEVK		
PLKTGLQEVEVKAA		
PLPPPPPPPP		
PLPPPPPPPPP		
PLYPQPYQPQY		
PLYPQPYQPQYQQY		
PLYPQPYQPQYQQYT		
PNILRLESE		
PNILRLESEE		
PNILRLESEET		
PNILRLESEETM		
PNILRLESEETMVL		
PNNPDWGTFEEV		
PPAGSPPDSHVL		
PPDPGAGPPGPP		
PPDPGAGPPGPPS		
PPGEPGPPGPP		
PPGEPGPPGPPGPP		
PPLPPPPPPP		
PPPLPPPPPP		
PPPLPPPPPPPPP		
PPPPLPPPPPPPP		
PPPPPPPP		
PPPPPPPPP		
PPPPPPPPPP		
PPPPPPPPPPP		
PPPPPPPPPPPP		
PQVIKQKLTPLYE		
PQYQTWEEFSR		
PRIKVTTSQDM		
PRIKVTTSQDML		
PSETLSLTCVVSGGSI		
PSIVGRPRHQ		
PSIVGRPRHQG		
PSIVGRPRHQGV		
PSIVGRPRHQGVM		
PSIVGRPRHQGVMVG		
PSLRPAPPPISGGGY		
PSQKQNLLAPQN		
PSRGKSSSYSKQFTSSTSYNRGDS		
PTTKTYFPH		
PTTKTYFPHFD		
PTVFDENESLL		
PVIGISQR		
PVLESFKVSF		
PVLNAARTVIF		
PVPAPPPPPPPPP		
PVPPPPAPPPPPT		
PVPPPPAPPPPPTF		
PVSLSQGQPSRQ		
PVTVTRTTI		
PVTVTRTTITTTT		
PVVLPRSLDFTEL		
PVVVPPFLQPE		
PVVVPPFLQPEV		
PVYDKSLWD		
PWLKEKLQDEDLG		
PWLKEKLQDEDLGFL		
PYEIKKVFA		
PYQYPALTPEQKKELSDI		
PYTIITTPPLKD		
QAADIDTRSEFYK		
QAAVGTSAAPVPSDNH		
QAAYQKVVAGV		
QAAYQKVVAGVANA		
QAAYQKVVAGVANAL		
QAAYQKVVAGVANALAHKYH		
QAELPAILHT		
QAGAAASESLFVSNHAY		
QAKTSPVDEK		
QAKTSPVDEKALQDQLV		
QAKTSPVDEKALQDQLVLV		
QAKTSPVDEKALQDQLVLVA		
QAKTSPVDEKALQDQLVLVAA		
QALGGTNINDAMLM		
QALGGTNINDAMLMAV		
QAPSAILPLPGQSV		
QAQQMVQPQSPV		
QAQQMVQPQSPVA		
QAQQMVQPQSPVAV		
QASEANLQAAQDFVR		
QATFGTQVVEKV		
QATFGTQVVEKVV		
QATFGTQVVEKVVLV		
QAVDTAVDGVFIR		
QAVDTAVDGVFIRSLK		
QAVDTAVDGVFIRSLKV		
QAVLSLYASGRTT		
QAWFIENEEQEYVQTVK		
QDEFPGIPSP		
QDEFPGIPSPL		
QDFETLPREAPDLV		
QDGSVDFGR		
QDGSVDFGRK		
QDGSVDFGRKWDPYK		
QDHFSRASSIIDEL		
QDIKALFV		
QDIKALFVSEEEK		
QDIKALFVSEEEKK		
QDIKALFVSEEEKKLTRK		
QDSPPQILVHPQDQL		
QDSVDFSLADAINT		
QDTYHYLPF		
QDVPRGQVVKGSVF		
QDWVQKTI		
QDWVQKTIAEN		
QEGGANTTSGPIRTPQIPE		
QEGGANTTSGPIRTPQIPEWL		
QEKLSPLGEEM		
QEKNPLPSKET		
QEKNPLPSKETI		
QEKNPLPSKETIEQEKQAGES		
QEKVNQRV		
QELFPFGPGQG		
QELHLSSNGLESLSPEF		
QELLPSSFGPEDLQKTQ		
QENQDGRYSL		
QENQDGRYSLT		
QENQDGRYSLTY		
QEQGTHPKFQKPKQL		
QEQNQEQPI		
QEQNQEQPIR		
QEQQQEQVQMLAPLES		
QEQVQMLAPLES		
QEQVSPLTLLK		
QERDPSKIKW		
QERDPSKIKWGDAG		
QERDPSKIKWGDAGAEY		
QEVNLEPHVQEI		
QEVNLEPHVQEIEVS		
QEYDESGPSIVHRK		
QFEGSALGKQL		
QFEGSALGKQLN		
QFEGSALGKQLNL		
QFELHYQEVK		
QFNYPHTSV		
QFPVGRVH		
QFPVGRVHR		
QFPVGRVHRL		
QFPVGRVHRLL		
QFSLGSKI		
QFTSSTSYNR		
QFTSSTSYNRGD		
QFTSSTSYNRGDST		
QFTSSTSYNRGDSTF		
QFTSSTSYNRGDSTFES		
QFTSSTSYNRGDSTFESK		
QGALELIKK		
QGALELIKKGYTQQL		
QGALELIKKGYTQQLA		
QGASGIKEIIQEK		
QGEDTVQSLTQGDGV		
QGEDTVQSLTQGDGVAK		
QGEDTVQSLTQGDGVAKLSI		
QGEVFTKPQLWP		
QGFFPQEPLSV		
QGFGNVATNTDGK		
QGGFVVDKNTK		
QGGVAQLVIKGARDS		
QGGVLPNIQAV		
QGHNSVFLI		
QGHNSVFLIKGDK		
QGHNSVFLIKGDKV		
QGITKPAIR		
QGITKPAIRR		
QGLLPVLESFK		
QGLLPVLESFKV		
QGPVNLLSDPEQGVEV		
QGPVNLLSDPEQGVEVT		
QGPVNLLSDPEQGVEVTGQYEREK		
QGRTLYGFGG		
QGSFQGGFR		
QGVNDNEEGFF		
QGVNDNEEGFFS		
QGVNDNEEGFFSA		
QGVNDNEEGFFSAR		
QGVNDNEEGFFSARGH		
QGVNDNEEGFFSARGHRP		
QGVNDNEEGFFSARGHRPL		
QGVNDNEEGFFSARGHRPLD		
QGVNDNEEGFFSARGHRPLDK		
QGVNDNEEGFFSARGHRPLDKK		
QGVRGSQAQPDSPSAQLA		
QGYFVEAQPK		
QGYFVEAQPKIV		
QHGMDDDGTGQKQIWR		
QHGMDDDGTGQKQIWRI		
QHLGDVLNFLPL		
QHWVQKTIAEN		
QIDNARLAADDF		
QIDVDVSKPDLT		
QIHEGFQEL		
QIKGPTQDFR		
QIKGPTQDFRK		
QIKNMKLEELLSQ		
QIKTLIEKTNEERK		
QINDYVEKGTQGK		
QINDYVEKGTQGKIV		
QINQGESITHALK		
QINSGSDRDTLAKRLPA		
QIRGLEEELQF		
QIRGLEEELQFSLGSK		
QIRGLEEELQFSLGSKI		
QITLKESGPTL		
QITLKESGPTLV		
QKAIRGIGTDEKMLI		
QKAVSEGYKDFR		
QKENAGEDPGLAR		
QKKWQEEMEL		
QKLGPHAGDVEGHLS		
QKLHELQEK		
QKLHELQEKLSPLG		
QKLHELQEKLSPLGEEM		
QKLHELQEKLSPLGEEMR		
QKLHELQEKLSPLGEEMRDR		
QKLHELQEKLSPLGEEMRDRA		
QKLHELQEKLSPLGEEMRDRAR		
QKNVKENIQDNI		
QKPDGVFQEDAPVIHQEMI		
QKPGQAPRLLI		
QKPGQSPQLL		
QKQDLYLLPI		
QKQLSLPETGELDSATL		
QKQVPAHARDFHI		
QKRLDGSVDFKKN		
QKVEPLRAELQEGA		
QKVEPLRAELQEGAR		
QKVEPLRAELQEGARQ		
QKVEPLRAELQEGARQK		
QKVKEKLKIDS		
QKVLVNERVMPI		
QKVPPEWKALTDM		
QKVPPEWKALTDMPQ		
QKVPPEWKALTDMPQM		
QKVSVNERV		
QKVSVNERVMPI		
QKVVAGVANALAHKYH		
QLDEELGGTPVQSR		
QLDEELGGTPVQSRV		
QLDEELGGTPVQSRVV		
QLDEELGGTPVQSRVVQGKEPA		
QLDEELGGTPVQSRVVQGKEPAH		
QLDPGGGQGPPP		
QLDPGGGQGPPPV		
QLDPGGGQGPPPVT		
QLFDRTGDGKIL		
QLFHPEQLI		
QLGEYKFQNAL		
QLGEYKFQNALL		
QLGLPGPPDVPDHA		
QLGLPGPPDVPDHAA		
QLGLPGPPDVPDHAAY		
QLGLPGPPDVPDHAAYHPF		
QLINDHVKKETR		
QLLDSSNQEERLPEGSV		
QLLDSSNQEERLPEGSVSLI		
QLLQANRAV		
QLLTKELANTI		
QLNEINYEDHK		
QLNEINYEDHKL		
QLNEINYEDHKLK		
QLNEINYEDHKLKSGTNTK		
QLNLKLLDNWDSV		
QLPQQDQPVPH		
QLPQQDQPVPHGT		
QLPQQDQPVPHGTQ		
QLPVIENK		
QLQDVPRGQVV		
QLQDVPRGQVVKGSVF		
QLQKVPPEW		
QLQKVPPEWK		
QLQKVPPEWKAL		
QLQLQESGPGLVK		
QLQLQESGPGLVKPSET		
QLQLQESGPGLVKPSQT		
QLQLQESGSGLVKPSQT		
QLSLPETGELDSATLK		
QLSLPETGELDSATLKA		
QLSNDFDEYIMAI		
QLSVSAGSPHPAIARL		
QLTEKRMDK		
QLTIEAVPSNAAEGKEV		
QLTIEAVPSNAAEGKEVL		
QLTIEAVPSNAAEGKEVLL		
QLTPRVVERWQK		
QLTPYAQR		
QLTPYAQRM		
QLTPYAQRMER		
QLTSGPNQEQVSPL		
QLTSGPNQEQVSPLTLLK		
QLTYNPDESSKPN		
QLTYNPDESSKPNM		
QLTYNPDESSKPNMI		
QLTYNPDESSKPNMIDA		
QLTYNPDESSKPNMIDAA		
QLTYNPDESSKPNMIDAATL		
QLTYNPDESSKPNMIDAATLK		
QLVLKAPDKNV		
QLVLKAPDKNVI		
QMGRLKGPLLNK		
QMSLDHHIVTPLTS		
QNDIMLLQLSR		
QNEANKYQISVNK		
QNEANKYQISVNKYR		
QNEANKYQL		
QNFLKKENKNEKVIEH		
QNILTEEPKVTQV		
QNLRKSEEEVAARR		
QNPGSPRPGSTGTW		
QNRQDGSVDFGR		
QNRQDGSVDFGRK		
QNRQDGSVDFGRKWDPYK		
QNTKSPLF		
QNTKSPLFMGKVVNPTQK		
QPHQPLPPT		
QPHQPLPPTV		
QPHQPLPPTVM		
QPHQPLPPTVMFPPQ		
QPSGGTNINEALLR		
QPSSAFAAFVK		
QPYLDDFQKK		
QQATEHRL		
QQATEHRLKP		
QQATEHRLKPWL		
QQGLGNLQPWMQ		
QQGLGNLQPWMQG		
QQKPGQAPRL		
QQKPGQAPRLL		
QQKPGQPPKLL		
QQMEQLRQK		
QQNAQGGFSSTQDTVV		
QQNTDGSGQVSIPI		
QQQEQVQMLAPLES		
QQQTEDELQDK		
QQTHMLDVMQDHFSR		
QRFFESFGDLSTPDA		
QRFFESFGDLSTPDAV		
QRFFGHGAE		
QRFFGHGAED		
QRFFGHGAEDSL		
QRFFGHGAEDSLA		
QRFFGHGAEDSLADQ		
QRFFGHGAEDSLADQAANEWGR		
QRIFENGYDPV		
QRLAPLAEDV		
QRLAPLAEDVRGNLR		
QRLTGRGAEDSLADQAANK		
QSAIPYALRV		
QSALTQPASVSGSPGQS		
QSALTQPASVSGSPGQSI		
QSALTQPASVSGSPGQSIT		
QSALTQPRSV		
QSALTQPRSVSGSPGQS		
QSALTQPRSVSGSPGQSV		
QSALTQPRSVSGSPGQSVT		
QSALTQPRSVSGSPGQSVTI		
QSEDSTFYLGER		
QSEDSTFYLGERT		
QSEDSTFYLGERTYYI		
QSEDSTFYLGERTYYIAAV		
QSGEDNQDLAISFAGNGLSALR		
QSKVVNNSPQPQNV		
QSLPHENKPLT		
QSLPHENKPLTL		
QSLQEETVR		
QSLQEETVRKGPAG		
QSLQEETVRKGPAGDRGPRG		
QSLTQGDGVAKLSI		
QSSGLYSLSSV		
QSSLPGAEGPDKPSVV		
QSVLTQPPSASGTPGQRV		
QSVLTQPPSASGTPGQRVTI		
QSVLTQPPSVSGAPGQRV		
QSVLTQPPSVSGAPGQRVTI		
QTEDELQDKIHP		
QTESSTVTPTLPGETLTYV		
QTKGTGASGSF		
QTKGTGASGSFKLN		
QTKGTGASGSFKLNK		
QTKGTGASGSFKLNKKAA		
QVDRHTVYNIITN		
QVDRHTVYNIITNF		
QVFLNNYDAENK		
QVFLNNYDAENKLND		
QVFLNNYDAENKLNDVL		
QVGGPSLTSDLQAQSK		
QVHPDTGISSK		
QVHPDTGISSKA		
QVHPDTGISSKAM		
QVHPDTGISSKAMG		
QVHPDTGISSKAMGI		
QVHPDTGISSKAMGIMNS		
QVKGPTQEFK		
QVKGPTQEFKK		
QVKQKGADFLVT		
QVLGPKPALPAGTEDT		
QVNEPHIRV		
QVPAHARDFHI		
QVPDTESETRILL		
QVPDTESETRILLQGTPV		
QVQLQESGPGLV		
QVQLQESGPGLVK		
QVQLQESGPGLVKPS		
QVQLQESGPGLVKPSE		
QVQLQESGPGLVKPSET		
QVQLQESGPGLVKPSETL		
QVQLQESGPGLVKPSQT		
QVQLQESGPGLVKPSQTL		
QVQLQQSGPGLVKPSQT		
QVQLVESGGGVVQPGR		
QVQLVESGGGVVQPGRS		
QVQLVESGGGVVQPGRSL		
QVQLVQSGAEVK		
QVQLVQSGAEVKK		
QVQLVQSGAEVKKPGAS		
QVQLVQSGAEVKKPGASV		
QVQLVQSGAEVKKPGSS		
QVQLVQSGAEVKKPGSSV		
QVREPGQDLV		
QVREPGQDLVVLPLSI		
QVSTHEQSE		
QVSTHEQSESAHGRTGTSTGGRQG		
QVSTHKQSESSHGWTGPSTG		
QVVAGKKYFI		
QVVESAYEVIKLK		
QWKVDNALQSGNSQESV		
QYLAYVASSHK		
QYQKDAPDHQELNLDV		
QYTDSTFR		
QYTDSTFRVPV		
QYTDSTFRVPVER		
QYTDSTFRVPVERK		
QYYEGSEIVVAGR		
QYYEGSEIVVAGRIADNK		
QYYEGSEIVVAGRIADNKQSSFK		
RAHGQESAIFNEVAPGY		
RAHVDALRT		
RAIDGINQRSSDA		
RAPQLRETL		
RDIKEKLCYV		
RDLPHITVDR		
RDNIQGITKP		
RDNIQGITKPA		
RDNIQGITKPAIR		
RDNIQGITKPAIRR		
RDNKKTRIIPR		
RDPNHFRPA		
RDPNHFRPAGLPEKY		
RDPNTDRWVATGI		
RDPNTDRWVATGIV		
RDPSKIKW		
RDSLLQDGEFSMDLR		
RDTANLFPQTSLT		
RDTDRFSSHVGGTLG		
RDTDRFSSHVGGTLGQF		
RDYPDFSPSVDAEAI		
REANYIGSDKYFHAR		
REEAPSLRPAPPPISGGGY		
REEAPSLRPAPPPISGGGYR		
REIAQDFKTDLR		
RELDESLQVAERLTRK		
RENADSLQASLRPHADE		
RENADSLQASLRPHADEL		
REQLGPVTQE		
REQLGPVTQEF		
RERLGPLVEQGRVR		
RERLGPLVEQGRVRAA		
RETNLDSLPLVDTHSKRT		
RETNLDSLPLVDTHSKRTL		
RETNLDSLPLVDTHSKRTLL		
REVLVPEGPLYRVAGTA		
REWFSETFQK		
REYHTEKLV		
REYHTEKLVT		
REYHTEKLVTS		
REYHTEKLVTSK		
REYHTEKLVTSKGDK		
REYHTEKLVTSKGDKE		
REYHTEKLVTSKGDKEL		
REYHTEKLVTSKGDKELR		
RFALVREDR		
RFDEILEASDGIMVA		
RFKDLGEENFKA		
RFKPTLSQQQK		
RFNTANDDNVTQVR		
RFSGSGSGTDFTLTI		
RGDEELDSLIKATI		
RGDLGIEIPAEK		
RGDLPFVVPRR		
RGEKELLVPR		
RGEKELLVPRSSTSPDRI		
RGFPSVLR		
RGIGTDEKMLI		
RGIVGVENVAELKK		
RGLEEELQFSLGSKI		
RGMADQDGLKPTIDKPSE		
RGPGGAWAAEV		
RGPGGAWAAEVI		
RGTDTLREVQLR		
RGVAALTSDPAVQAI		
RGVVDSEDLPLNI		
RHVFGESDELIGQK		
RHYEGSTVPEKKTPK		
RHYYIAAEEI		
RIAGEASRLAHY		
RIFENGYDPVNLLND		
RIKIPDYSDSFK		
RIPIEDGSGEV		
RIPIEDGSGEVV		
RIPIEDGSGEVVLSR		
RIPIEDGSGEVVLSRK		
RIPIEDGSGEVVLSRKV		
RIQLVEEELDRAQER		
RISGLIYEETRGVLK		
RISHELDSASSEVN		
RITYGQGSGTAVYNNNM		
RIVEIGDENATLDGTDVL		
RKATGPPVSELI		
RKEVLKSLNEEAVKK		
RKIVLDPSGSMNI		
RKKYPTDGSEI		
RKVIEKVQHI		
RLAPITSDPTEATAV		
RLDGSVDFK		
RLDYQEGPPGVEI		
RLEALKENGGA		
RLEALKENGGAR		
RLEALKENGGARLA		
RLEALKENGGARLAEYHAK		
RLFLEPTRK		
RLFLEPTRKDI		
RLFLEPTRKDIA		
RLFQPLTHLK		
RLIEKQAPENK		
RLKDPVKMGPTVSPI		
RLKGPLLNK		
RLLEDGEDFNLGDALD		
RLLLNNDNLLR		
RLLLNNDNLLREGA		
RLLLPGEL		
RLLLPGELA		
RLLLPGELAK		
RLLLPGELAKHAV		
RLLLPGELAKHAVSEGTK		
RLLLPGELAKHAVSEGTKA		
RLLLPGELAKHAVSEGTKAV		
RLLPHANEV		
RLLPHANEVSQK		
RLLSLGAGEFK		
RLPVAPLRK		
RLQAEAFQAR		
RLQAEAFQARLK		
RLSNENHGIAQR		
RLSNENHGIAQRI		
RLSQRFPKAEF		
RLTPYADEFK		
RLYGSEAFATDFQDSAAAK		
RLYGSEAFATDFQDSAAAKK		
RMFTTAPDQVDKEDEDFQESNK		
RMLFDKNGNMAGI		
RMPSLPSYK		
RMQHLIAREAEAA		
RMSLIEEEGSKR		
RNDEELNKLL		
RNDEELNKLLG		
RNDEELNKLLGK		
RNDEELNKLLGKV		
RNDEELNKLLGKVT		
RNDEELNKLLGKVTI		
RNDEELNKLLGKVTIA		
RNDEELNKLLGR		
RNDEELNKLLGRV		
RNDEELNKLLGRVT		
RNIETIINT		
RNIETIINTF		
RPAPPPISGGG		
RPAPPPISGGGY		
RPAPPPISGGGYR		
RQGALELI		
RQGALELIK		
RQGALELIKK		
RQGLLPVLES		
RQIDDIDVRFQK		
RQIIQQNPSLLPAL		
RQKLGPHAGDVEGHLS		
RQKVEPLRAELQEGAR		
RQLGPQPQDIIY		
RQRLAARLEA		
RQVIQQNPALLPAL		
RRELDESLQVAER		
RRPDIQYPDATDEDITSH		
RRVEPYGENFNK		
RSENINHNSAFK		
RSGGGGGGGLGSGGSIRSSY		
RSSALDMENFRTEV		
RSTPLGQQQPAP		
RSTPLGQQQPAPRT		
RSVPTSTVFYPSDGVATEKAVEL		
RTASTPTPDDKLFQK		
RTATESFASDPI		
RTATESFASDPILYRPVAV		
RTHLPEVFLS		
RTHLPEVFLSK		
RTHLPEVFLSKV		
RTKSTGGAPTFNVTVTKTDK		
RTLDPERLGR		
RTLRVQGNDHSATRER		
RTPGAAANLELI		
RTQEPTQQHFSVAQ		
RTVAAPSVFIFPPSDEQLK		
RVAPEEHPV		
RVAPEEHPVL		
RVDADADPRQYADTVKALR		
RVDPVNFK		
RVDPVNFKL		
RVDPVNFKLLSH		
RVELEDWNGRTSTA		
RVEPYGENFNK		
RVGEVLNSI		
RVLDPFTIKPLDR		
RVLPDVLQVSAAPPGPRG		
RVSVHPDYR		
RVTIMPKDI		
RVTIMPKDIQLAR		
RVVAQGVGIPEDSIFT		
RVVLGAHNLSR		
RVVQGKEPAHL		
RVWELSKANSR		
RYLQEIYNSNNQK		
RYQKSTELLIR		
RYTKKVPQVSTPTL		
RYTKKVPQVSTPTLV		
SAAEAGGVFHR		
SAAGAAAQQVVDQATEAGQK		
SAAIGALQEASEAYLV		
SAAKQEINSHVEMQTK		
SADLKLGSNPT		
SADTLWGIQK		
SADTLWGIQKELQF		
SAENVNKARSFA		
SAENVNKARSFAA		
SAENVNKARSFAAGI		
SAESGEQVERVNEPSILEMS		
SAESGEQVERVNEPSILEMSR		
SAFAAFVKR		
SAGHWTSESSV		
SAGIQVVGDDLTVTNPK		
SAGIQVVGDDLTVTNPKR		
SAGIQVVGDDLTVTNPKRIAK		
SAGSPHPAIARL		
SAGSPHPAIARLTV		
SAGSWNSGSSGPGSTGNR		
SAGSWNSGSSGPGSTGNRN		
SAGSWNSGSSGPGSTGNRNPGS		
SAIEAELEKVAHQLQ		
SAIFNEVAPGY		
SAILTAQLDEELGGTPVQSR		
SAKPAPPKPEPKPK		
SALDQLKQFTTV		
SALEEYTK		
SALEEYTKKL		
SALEEYTKKLN		
SALEEYTKKLNT		
SALEEYTKKLNTQ		
SALEVDETYVPKEFNAET		
SALQQDGVKEVF		
SALRPSTSRS		
SALSDLHAHK		
SALSLGAEQRTESI		
SALTSDNHGATYA		
SANEEDLKALVEGV		
SANTQLVLETLAQM		
SAPATGGVKKPH		
SAPVYQQPQQQPV		
SARLSAKPAPPKPEPKPK		
SASDLTWDNLK		
SASDLTWDNLKGK		
SASDLTWDNLKGKK		
SASLHLPKLS		
SASLHLPKLSI		
SASNMAIVDVKMV		
SASRIVFEKKLR		
SATLDTLVLKENQLEV		
SATLDTLVLKENQLEVLEV		
SATVSSPGSVPEVQDI		
SATYDLGATLLKM		
SAVGFNEMEAPTTAYK		
SAVMALQEASEAYLV		
SAVTALWGKV		
SAVTALWGKVNVDEV		
SAVVGEPGITVTHL		
SAYALSLGDKTHPQFR		
SAYEFSETESMLK		
SDAAVDTSSEITTK		
SDAAVDTSSEITTKDLK		
SDAEIGMSPWQV		
SDAGLTFTSSSGQQTAQRA		
SDDKVTLEERLDK		
SDEHGIDPTGTY		
SDETLPAPEFSPEPESGRAL		
SDFAVTADGNAFIGDIK		
SDFAVTADGNAFIGDIKDK		
SDFAVTADGNAFIGDIKDKV		
SDFAVTADGNAFIGDIKDKVT		
SDFITKMDYPKQTQV		
SDFNQNFEVPNR		
SDFNQNFEVPNRI		
SDFNQNFEVPNRII		
SDFNQNFEVPNRIIEI		
SDFNSDTHSSTF		
SDFNSDTHSSTFDAGAGI		
SDFNSDTHSSTFDAGAGIALNDHFV		
SDFSNEERFTGFAA		
SDGIAALDLNAVANK		
SDGIAALDLNAVANKI		
SDGLAHLDN		
SDGLAHLDNL		
SDGLAHLDNLK		
SDGLAHLDNLKG		
SDGLAHLDNLKGT		
SDGLAHLDNLKGTF		
SDGLAHLDNLKGTFA		
SDGLAHLDNLKGTFAT		
SDGLAHLDNLKGTFATL		
SDGLAHLDNLKGTFS		
SDGVIKVFNDM		
SDGVIKVFNDMK		
SDKLPYKVADIGL		
SDKPDMAEIEKF		
SDKPDMAEIEKFDK		
SDKPDMAEIEKFDKSKL		
SDKPDMAEIEKFDKSKLK		
SDKPDMAEIEKFDKSKLKK		
SDKPDMAEIEKFDKSKLKKT		
SDKPDMAEIEKFDKSKLKKTET		
SDKYFHAR		
SDLDKVEGLTFQQN		
SDLEKIHLDEKSFR		
SDLEVAHYK		
SDLHAHKL		
SDLHAHKLRVD		
SDLHAHKLRVDP		
SDLHAHKLRVDPV		
SDLHAHKLRVDPVNFK		
SDLQAQSKGNPEQTPV		
SDLTGGGDLFVGNEK		
SDLTWDNLK		
SDLTWDNLKGK		
SDLTWDNLKGKK		
SDMREANYIGSDK		
SDMREANYIGSDKYFH		
SDMREANYIGSDKYFHAR		
SDMREANYIGSDKYFHARGN		
SDPEQGVEVTGQYEREKAGF		
SDPITVTVPVEV		
SDPLDTLGSEGALSPGGVA		
SDPLDTLGSEGALSPGGVAS		
SDPLDTLGSEGALSPGGVASL		
SDPNMIPDGDFNSYVR		
SDPVTLNVR		
SDQVPDTESETRILLQGTPV		
SDSDVPSGVTEVVVK		
SDSDVPSGVTEVVVKL		
SDSFENPVLQQHF		
SDTHSSTFDAGAGI		
SDTSLTWNSVKGK		
SDTSLTWNSVKGKK		
SDVIDSQELSKVSREFHSHEFH		
SDVMGRGHARL		
SDVSAGNILQLFHGK		
SDWLSVGHVD		
SDWLSVGHVDE		
SDWLSVGHVDEF		
SDYDILSLSNIQQHSV		
SDYFQAPSDYR		
SDYSNEKPFTG		
SDYSNEKPFTGFEA		
SDYSNEKPFTGFEAF		
SEAAAVQPVIGISQ		
SEAAAVQPVIGISQR		
SEAEDASLLSFMQG		
SEAEDASLLSFMQGYMK		
SEAGTAFIQTQQLHAA		
SEANLQAAQDFVR		
SEELNGAYKAIP		
SEELNGAYKAIPV		
SEELNGAYKAIPVAQD		
SEETKENEGFTV		
SEETKENEGFTVTA		
SEETKENEGFTVTAEGK		
SEETKENEGFTVTAEGKGQGTL		
SEETKENEGFTVTAEGKGQGTLS		
SEETKENEGFTVTAEGKGQGTLSV		
SEETKENEGFTVTAEGKGQGTLSVV		
SEETTTGVHNLYK		
SEGGTAAGAGLDSLHK		
SEGLKLVDK		
SEGLKLVDKF		
SEGLKLVDKFL		
SEGLKLVDKFLED		
SEGLKLVDKFLEDVK		
SEGLPALEFPNE		
SEGPLKGILGY		
SEGPLKGILGYTEHQV		
SEGTKAVTKY		
SEGTKAVTKYT		
SEGTKAVTKYTSA		
SEGTKAVTKYTSAK		
SEGTKAVTKYTSSK		
SEHPGLSIGDTA		
SEHPGLSIGDTAK		
SEHPGLSIGDTAKK		
SEIDAELKNIL		
SEKAKPALEDLR		
SEKAKPALEDLRQ		
SEKAKPALEDLRQG		
SEKAKPALEDLRQGL		
SEKAKPALEDLRQGLL		
SEKAKPALEDLRQGLLP		
SEKAKPALEDLRQGLLPV		
SEKAKPALEDLRQGLLPVL		
SEKAKPALEDLRQGLLPVLES		
SEKDIMAEIYK		
SEKTSDQIHF		
SELDAFLKEPALNEA		
SELEEQLTPVAEETR		
SELEEQLTPVAEETRARLSKELQAA		
SELEKHQLY		
SELQLSVSAGSPHPA		
SELQLSVSAGSPHPAIA		
SELSDPVELLVAES		
SELTQDPAVSVALGQTV		
SELTQQLNALF		
SELTQQLNALFQDK		
SELVYGAKLQPLDFKENAEQSR		
SENINHNSAFK		
SENPPASEVLRI		
SENYQTMSDTTFK		
SEPIRVLVTGAAGQIA		
SEPIRVLVTGAAGQIAYS		
SEQIKEVITFR		
SEQIKEVITFREK		
SERWKNFPSPV		
SERWKNFPSPVD		
SERWKNFPSPVDA		
SESGIFTNTK		
SESGIFTNTKESSSH		
SESGSFRPD		
SESGSFRPDSPGSGN		
SESGSFRPDSPGSGNARP		
SESGSFRPDSPGSGNARPN		
SESGSFRPDSPGSGNARPNNPDWG		
SESSVSGSTGQWH		
SESSVSGSTGQWHS		
SESSVSGSTGQWHSESGSFRPD		
SETAPAAPAAAPPAEKAPV		
SETAPAAPAAAPPAEKAPVK		
SETAPAAPAAAPPAEKAPVKK		
SETAPAAPAAAPPAEKAPVKKK		
SETAPAAPAAAPPAEKAPVKKKAA		
SETAPAAPAAAPPAEKAPVKKKAAK		
SETAPAAPAAPAPAEKTP		
SETAPAAPAAPAPAEKTPV		
SETAPAAPAAPAPAEKTPVK		
SETAPAAPAAPAPAEKTPVKK		
SETAPAAPAAPAPAEKTPVKKK		
SETAPAAPAAPAPAEKTPVKKKA		
SETAPAAPAAPAPAEKTPVKKKAR		
SETAPAETATPAPV		
SETAPAETATPAPVEKSPA		
SETAPAETATPAPVEKSPAK		
SETAPAETATPAPVEKSPAKK		
SETAPAETATPAPVEKSPAKKK		
SETAPAETATPAPVEKSPAKKKAT		
SETAPAETATPAPVEKSPAKKKATK		
SETAPLAPTIPAPA		
SETAPLAPTIPAPAEKTP		
SETAPLAPTIPAPAEKTPV		
SETAPLAPTIPAPAEKTPVK		
SETAPLAPTIPAPAEKTPVKK		
SETAPLAPTIPAPAEKTPVKKKA		
SETESPRNPSSAGSW		
SETESRGSESGIFT		
SETESRGSESGIFTN		
SETESRGSESGIFTNT		
SETESRGSESGIFTNTK		
SETESRGSESGIFTNTKES		
SETESRGSESGIFTNTKESS		
SETESRGSESGIFTNTKESSSH		
SETESRGSESGIFTNTKESSSHHPG		
SETFQKVKEKL		
SETGAGKHVPRAVFV		
SETKDLLFR		
SEVAHRFKDLGEEN		
SEVAHRFKDLGEENF		
SEVAHRFKDLGEENFK		
SEVAHRFKDLGEENFKA		
SEVAHRFKDLGEENFKAL		
SEVAHRFKDLGEENFKALVL		
SEVKQLIK		
SEVTRILDGKR		
SEYMEGNVRKVVA		
SEYQTFFNPR		
SFAEDASSSLR		
SFAGNGLSAL		
SFAGNGLSALR		
SFELFADKVPK		
SFFEAKVQAI		
SFGDLSTPDAVMGNPK		
SFGDLSTPDAVMGNPKVK		
SFGDLSTPDAVMGNPKVKAHGK		
SFGDLSTPDAVMGNPKVKAHGKK		
SFGDLSTPDAVMGNPKVKAHGKKV		
SFGPEDLQKTQ		
SFIKDYPVVSIE		
SFIVEATDPTIDLR		
SFKPTVAQQR		
SFKVADEAEKYNLV		
SFLEKDLR		
SFLETESTFMTNQLV		
SFLFLEPMEEK		
SFLFLEPMEEKLV		
SFLFLEPMEEKLVV		
SFLGEAFDGAR		
SFLLKELK		
SFLPKELAAQTI		
SFLSALEEYTK		
SFLSALEEYTKK		
SFLSALEEYTKKLNTQ		
SFNPNSPGKI		
SFQTGLFTAAR		
SFQTGLFTAARQST		
SFTPNQETQAQR		
SFTPNQETQAQRQV		
SFTPNQETQAQRQVDAR		
SFVEKVMQEQGTHPK		
SFVNDIFER		
SFVNDIFERI		
SGALDVLQMKEEDVLK		
SGALTSGVHTFPAVL		
SGALTSGVHTFPAVLQSSGL		
SGAQASSTPLSPTRI		
SGDGVTHTVPI		
SGDGVTHTVPIYE		
SGDGVTHTVPIYEG		
SGDGVTHTVPIYEGY		
SGDRGETGPAGPAGPVGPVG		
SGDSDDDEPPPLPRL		
SGEGDFLAEGGGVR		
SGENAGLVR		
SGETEDTFIADLV		
SGFHPSDIEV		
SGFHPSDIEVDLL		
SGFIPLKPTVK		
SGFSSVSVSR		
SGGGGGGGLGSGGSIR		
SGGGGGGGLGSGGSIRSSY		
SGGGLVQPGGSLR		
SGGTTMYPGIADR		
SGGTTMYPGIADRM		
SGGTTMYPGIADRMQ		
SGGTTMYPGIADRMQK		
SGGTTMYPGIADRMQKE		
SGGTTMYPGIADRMQKEI		
SGGTTMYPGIADRMQKEIT		
SGGYGSRAGGSYG		
SGIFTNTKESSSH		
SGIGTLDGFR		
SGIGTLDGFRHRHPDE		
SGIGTLDGFRHRHPDEA		
SGIGTLDGFRHRHPDEAAF		
SGIPIVTSPYQI		
SGKDPDRFRPDGLPKKY		
SGKDPNHFRPA		
SGKDPNHFRPAGLPEKY		
SGKYDLDFK		
SGLDSFGNLEVSPPVTVR		
SGLIYEETRGVLK		
SGLIYEETRGVLKV		
SGLKYVQHTYR		
SGLLTSLKDNVPK		
SGLLTSLKDNVPKAT		
SGLLTSLKDNVPKATGV		
SGLSYLELDNPAGNK		
SGLSYLELDNPAGNKR		
SGNARPNNPDWGTF		
SGNARPNNPDWGTFE		
SGNSQESVTEQDSKDSTY		
SGNVSPGTRREYHTEK		
SGNVSPGTRREYHTEKL		
SGNVSPGTRREYHTEKLV		
SGNVSPGTRREYHTEKLVT		
SGNVSPGTRREYHTEKLVTS		
SGNVSPGTRREYHTEKLVTSK		
SGNVSPGTRREYHTEKLVTSKGDK		
SGPGSTGSWNSGSSGTGSTGNQ		
SGPNQEQVSPLTLL		
SGPNQEQVSPLTLLK		
SGPPVSELITK		
SGPSIVHR		
SGRDPNHFRPA		
SGRDPNHFRPAGLPEKY		
SGRTTGIVMDS		
SGRTTGIVMDSGDGV		
SGSDEVQVGQQRT		
SGSDEVQVGQQRTF		
SGSDEVQVGQQRTFI		
SGSGISPSHSQRI		
SGSGSGTDFTLK		
SGSLENVPNVGVNK		
SGSSEEKQLYNKYP		
SGSSEEKQLYNKYPD		
SGSSEEKQLYNKYPDA		
SGSSEEKQLYNKYPDAVAT		
SGSSGTGSTGNQNPGSPRPGSTGTW		
SGSSSSRSLGSGGSV		
SGSSSSRSLGSGGSVS		
SGSSSSRSLGSGGSVSQ		
SGSSSVAAMKKVVQ		
SGSSSVAAMKKVVQQ		
SGSSSVAAMKKVVQQL		
SGSTGQWH		
SGSTGQWHS		
SGSTGQWHSESGSFRPD		
SGSTGQWHSESGSFRPDSPGSGN		
SGSVIDQSR		
SGSVIDQSRV		
SGSVIDQSRVL		
SGSVIDQSRVLN		
SGSVIDQSRVLNL		
SGSVIDQSRVLNLG		
SGSVIDQSRVLNLGP		
SGSVIDQSRVLNLGPI		
SGSVIDQSRVLNLGPIT		
SGSVIDQSRVLNLGPITR		
SGSVIDQSRVLNLGPITRK		
SGTGGTATWKPGS		
SGTGGTATWKPGSS		
SGTGGTATWKPGSSGP		
SGTGGTATWKPGSSGPGS		
SGTLVLLQGARG		
SGTNTKKALQAV		
SGTTGTYQEWK		
SGVHTFPAVL		
SGVHTFPAVLQSSGL		
SGVPSRFSGSGSGTDFT		
SGVTEEAPLKL		
SGVTEEAPLKLSKAVHKA		
SGVTEEAPLKLSKAVHKAVL		
SGWGRNANF		
SGWGRNANFK		
SGYRSGGGFSSGSAG		
SHAHLRVTAAPQSV		
SHALQLNNR		
SHALQLNNRQI		
SHALQLNNRQIR		
SHDASTNGLINFI		
SHEDLQRQLA		
SHELDSASSEVN		
SHFELPHYPGLLA		
SHHPGIAEFPSR		
SHHPGIAEFPSRG		
SHHPGIAEFPSRGK		
SHIANVERVPFDAA		
SHKWDRELI		
SHKWDRELISERWK		
SHMESEELNGAYKAIPVAQD		
SHSLTTNIME		
SHSLTTNIMEI		
SHSLTTNIMEIL		
SHSLTTNIMEILR		
SHSSGSVLPLGELEGR		
SHSSGSVLPLGELEGRR		
SHTSDSDVPSGVTEVVVK		
SHTSDSDVPSGVTEVVVKL		
SIHAHGVQTESSTV		
SIIDELFQDR		
SIIDTPGILSGEK		
SIIDTPGILSGEKQR		
SIIDVYHKY		
SIILGQEQDSFGGNFEGSQSLV		
SIIQEKTSNF		
SIIQEKTSNFNA		
SIIQEKTSNFNAA		
SIIQEKTSNFNAAI		
SIITPNILRL		
SIITPNILRLES		
SIITPNILRLESEET		
SIITPNILRLESEETM		
SILENLRSKI		
SILFLGKVVNPTEA		
SILGSDVRVPSYT		
SILKIHARE		
SILQMSLDHHIV		
SILQMSLDHHIVTPL		
SILSQADNTSKKVTVRPGESV		
SILTERSNAQRQLI		
SILTIEDGIFEVK		
SINHPIFPENSEV		
SINPDEAVAYGAAVQAA		
SINTHPSQKP		
SINTHPSQKPL		
SINTHPSQKPLS		
SINTHPSQKPLSI		
SINTHPSQKPLSIT		
SIPIIIPQTI		
SIPPEVKFNKP		
SIQDWVQK		
SIQDWVQKT		
SIQDWVQKTI		
SIQDWVQKTIAEN		
SIQEIQELDKDDESLRKYK		
SIQIKGPTQDFR		
SIQNNVREAV		
SIRVTQKSY		
SIRVTQKSYK		
SISIPVKSDIAPVARL		
SISRDYNLNDIL		
SITGTYDLKS		
SITGTYDLKSVL		
SITGTYDLKSVLG		
SIVSALKR		
SIVSALKREA		
SIVSALKREAL		
SIVSALKREALV		
SIYGEKFEDENFILK		
SKAIGYLNTGYQR		
SKAVHKAVLTIDEKGTEAAG		
SKAVHKAVLTIDEKGTEAAGAM		
SKAVHKAVLTIDEKGTEAAGAMF		
SKAVHKAVLTIDEKGTEAAGAMFL		
SKDIGYSFTVGGSEIL		
SKDLEEVKAK		
SKDLEEVKAKV		
SKEDPQTFYYA		
SKEDPQTFYYAVA		
SKEFQLFSSPHGK		
SKEFQLFSSPHGKDLLFK		
SKEIGGDVQKHAEMV		
SKEIGGDVQKHAEMVHT		
SKEQLTPLIK		
SKEQLTPLIKK		
SKEQLTPLIKKAGTELV		
SKFADLSEAANR		
SKFADLSEAANRNNDALR		
SKGKIYPVGY		
SKGTLVQTKGTGASGSFK		
SKHVEDVPAFQAL		
SKKLNVTEQEKI		
SKKLNVTEQEKIDKLMI		
SKLDAQASFLPK		
SKLDAQASFLPKELA		
SKLDAQASFLPKELAA		
SKLDAQASFLPKELAAQTI		
SKLEFSIYPAPQVSTA		
SKLGDVYVNDAFGTAHRAHSSM		
SKLKKTETQEKNPLPSKETI		
SKLPGIVAEGRDDLYVSDAFHK		
SKLPGIVAEGRDDLYVSDAFHKA		
SKLREQLGPVTQ		
SKLREQLGPVTQEF		
SKMIYASSKDAI		
SKMIYASSKDAIKK		
SKMLTPEHV		
SKNTVSSARF		
SKNTVSSARFR		
SKPHSEAGTAF		
SKPHSEAGTAFI		
SKPHSEAGTAFIQTQQ		
SKPHSEAGTAFIQTQQL		
SKPHSEAGTAFIQTQQLHA		
SKPHSEAGTAFIQTQQLHAA		
SKPHSEAGTAFIQTQQLHAAMADT		
SKQEYDESGPSIV		
SKQEYDESGPSIVHR		
SKQFTSSTSYNR		
SKQFTSSTSYNRGDS		
SKQFTSSTSYNRGDSTF		
SKQFTSSTSYNRGDSTFESK		
SKTNNHIMKLTK		
SKVLQIEKEGA		
SKVLQIEKEGAIHREEL		
SKVPPPRDFHI		
SLAALKKALAAAGYDV		
SLADAINTEFK		
SLADQAANEWGR		
SLAEAASKADGLAVIGVL		
SLAELGGHL		
SLAELGGHLDQQVE		
SLAELGGHLDQQVEEF		
SLAELGGHLDQQVEEFR		
SLAELGGHLDQQVEEFRR		
SLAGSSGPGASSGTSGDHGELVV		
SLAIQENANALAR		
SLAIQENANALARYA		
SLAKADAAPDEKVL		
SLAKADAAPDEKVLDSGFREIENK		
SLAQEQVGGSPEKL		
SLDEATNLNGGLLRG		
SLDFNTLVDNI		
SLDFTELDVAAEK		
SLDFTELDVAAEKI		
SLDFTELDVAAEKIDR		
SLDFTELDVAAEKIDRFMQAV		
SLDHHIVTPLT		
SLDHHIVTPLTS		
SLDHHIVTPLTSLV		
SLDKFLASVST		
SLDKFLASVSTV		
SLDLSDNPGLGER		
SLDLSDNPGLGERG		
SLDLSDNPGLGERGLMA		
SLDLSHNSL		
SLDRNLPSDSQDLGQHG		
SLDRNLPSDSQDLGQHGL		
SLDVNHFAPDELTVK		
SLDYGFVTPLTSM		
SLDYGFVTPLTSMSI		
SLEDKTERELLESYI		
SLEDKTERELLESYIDGR		
SLEDLQLTHNK		
SLEDLQLTHNKI		
SLEDLQLTHNKITK		
SLEKSYELPDGQVI		
SLEKSYELPDGQVIT		
SLESALKDLK		
SLEYLDLSFNQI		
SLFSVTKK		
SLGAEQRTESI		
SLGDDISSETSGDFR		
SLGDDISSETSGDFRK		
SLGLKGETHEQV		
SLGLKGETHEQVHSI		
SLGMGFDVDYDFLK		
SLGPALLLLQK		
SLGQPNWDMR		
SLGSKINVK		
SLGSKINVKVGGNSKG		
SLGSKINVKVGGNSKGTLK		
SLGSPSGEVSHP		
SLGSPSGEVSHPR		
SLGSPSGEVSHPRK		
SLGSPSGEVSHPRKT		
SLGSVQAPSYGARPV		
SLHLPKLSI		
SLHLPKLSIT		
SLIILLTDGDPTVGETNPR		
SLIILVSDGDPTVGELK		
SLIYETKGEK		
SLIYETKGEKNF		
SLKDNVPKAT		
SLKELQEMDKDDESLIKYK		
SLKFTPTETNK		
SLKKGYTVGAEA		
SLKKGYTVGAEASI		
SLKKGYTVGAEASII		
SLKPSEAPELDEDEGF		
SLKVVPEGI		
SLLDRFTEDAK		
SLLDRFTEDAKRLYGSEA		
SLLRSEETKENEGFTV		
SLLSFMQGYMK		
SLLTLYLDNNK		
SLLVTELGSSRTPETV		
SLLYDLENLPASK		
SLLYDLENLPASKDSI		
SLNEEAVKK		
SLNEEAVKKDNSV		
SLNLKDINYVNPV		
SLNLRETNLDSLPL		
SLNLRETNLDSLPLVDT		
SLNLRETNLDSLPLVDTHS		
SLNLRETNLDSLPLVDTHSK		
SLNLRETNLDSLPLVDTHSKR		
SLPEGVANGIEVYSTKI		
SLPELEQQQEQQQEQQ		
SLPELEQQQEQQQEQQQEQ		
SLPELEQQQEQQQEQQQEQV		
SLPELEQQQEQQQEQQQEQVQML		
SLPESLKRIPI		
SLPGAEGPDKPSVV		
SLPHRRPHF		
SLPIALSKNQEIVIE		
SLPLLMDSVIQA		
SLPLVDTHSKRTLL		
SLPTAPPAAGTESLI		
SLQELNPEMGTDNDSENWK		
SLQVPLKDAK		
SLRLQSSSA		
SLRLQSSSASY		
SLRPAPPPISGGGY		
SLRPAPPPISGGGYR		
SLRPHADELK		
SLRPHADELKAKIDQNVEELK		
SLSNKLTLDK		
SLSNKLTLDKL		
SLSNKLTLDKLDV		
SLSNKLTLDKLDVK		
SLSNKLTLDKLDVKGKRVVM		
SLSTFQQMWI		
SLSTGSTVTIK		
SLSVSYTGSR		
SLSVSYTGSRSASNMAI		
SLTETIEGVDAEDGHGPGEQQK		
SLTETIEGVDAEDGHGPGEQQKR		
SLTETIEGVDAEDGHGPGEQQKRK		
SLTETIEGVDAEDGHGPGEQQKRKI		
SLTNDWEDHLAV		
SLTNDWEDHLAVK		
SLTQGDGVAKL		
SLTTNIMEI		
SLTTNIMEILR		
SLVADENPFAQ		
SLVADENPFAQGALK		
SLVADENPFAQGALKSE		
SLVADENPFAQGALKSED		
SLVLDTKDLTI		
SLVLDTKDLTIEKV		
SLVLDTKDLTIEKVVI		
SLVNLGGSKSISIS		
SLVSKGTLV		
SLVSKGTLVQ		
SLVSKGTLVQT		
SLVSKGTLVQTK		
SLVSKGTLVQTKGTGA		
SLVSKGTLVQTKGTGASG		
SLVSKGTLVQTKGTGASGSF		
SLYGLGGSKR		
SLYLGALDHTADR		
SLYLGALDHTADRLQA		
SLYLGALDHTADRLQAI		
SMDGGGSPKGDVDPF		
SMDNNRNLDLDSIIA		
SMEDKGMTNINDGLLR		
SMKGAGTNEDALIEILTTR		
SMLEKIYIHPR		
SMMTGFAPDTDDLK		
SNALDIIFQTDLTGQK		
SNALDIIFQTDLTGQKK		
SNARENIQRL		
SNEIVRFPTDQLTPDQER		
SNFGYDLYR		
SNGADLSGVTEEAPL		
SNGADLSGVTEEAPLK		
SNGADLSGVTEEAPLKL		
SNGADLSGVTEEAPLKLS		
SNGADLSGVTEEAPLKLSK		
SNGADLSGVTEEAPLKLSKA		
SNGADLSGVTEEAPLKLSKAVH		
SNGADLSGVTEEAPLKLSKAVHK		
SNGADLSGVTEEAPLKLSKAVHKA		
SNLDEDIIAEENIV		
SNLDEDIIAEENIVSR		
SNLETGVPSRF		
SNNAKEAVEHLQKSELTQQL		
SNQQLENDLNLMDIK		
SNTQAERSIIGM		
SNTQAERSIIGMID		
SNTQAERSIIGMIDM		
SNVSDAVAQSTR		
SNVSDAVAQSTRI		
SNVSDAVAQSTRII		
SPADKTNVKAAWGK		
SPADKTNVKAAWGKVG		
SPADKTNVKAAWGKVGAHAG		
SPADKTNVKAAWGKVGAHAGE		
SPAFQHPPTEFI		
SPAFTDLHLR		
SPAGTEALFELHNI		
SPDDPSRYISPDQLADLYK		
SPDLPKLKPD		
SPDQLADLYK		
SPDSTHLLSASGDKTSK		
SPEASSRFGSSLI		
SPEHVVVTR		
SPELEETLTHTI		
SPELEETLTHTIT		
SPELEETLTHTITK		
SPELQAEAKSYFEK		
SPEQQETVLDGNLII		
SPFADLSELSATGR		
SPFHEHAEVV		
SPGDGRTFPKRG		
SPGNKDFLQSLK		
SPGSGNARPNNPDWGTF		
SPGSGNARPNNPDWGTFE		
SPGSGNARPNNPDWGTFEEV		
SPHGKDLLFK		
SPHWGSTYSV		
SPIVEEFQVPYNK		
SPIVEEFQVPYNKLQV		
SPIYNLVPVK		
SPKLLGELLQDNA		
SPLFMGKVVNPTQK		
SPLVLEVDPNIQAV		
SPMLGEFVSETESR		
SPMLGEFVSETESRGSESGIFTNTK		
SPPDSHVLLA		
SPPDSHVLLAAPPGHQLH		
SPPDSHVLLAAPPGHQLHR		
SPPLEMLGPR		
SPQQVFSTEFEVK		
SPQSSPDKKLTI		
SPRPGSTGTW		
SPRPGSTGTWNPGSSER		
SPSDLEAHFVPLVK		
SPSGEVSHPR		
SPSQADINKIVQ		
SPTDSDVSAGNILQLFHGK		
SPTGTTEFWLGNEKI		
SPTLGASNR		
SPTSPKVFPL		
SPVGVQPILNEHT		
SQDASDGLQRLHM		
SQDASDGLQRLHMLQ		
SQEFVIPQEV		
SQEQSKPPGPSGASTSAAVDHPPLP		
SQFEGSALGK		
SQFEGSALGKQL		
SQFEGSALGKQLN		
SQFEGSALGKQLNLK		
SQFTLPKSVSDGI		
SQFTLPKSVSDGIA		
SQGAALDKYAK		
SQGAALDKYAKK		
SQGSKGPGEDFRMATL		
SQIFHSPDL		
SQILKNVRNAI		
SQKGLDYASQQGTAALQKELK		
SQKQNLLAPQN		
SQLQKVPPEWK		
SQLQKVPPEWKALTDMPQM		
SQLTRMGPTEL		
SQLTRMGPTELLI		
SQPKIVKW		
SQPKIVKWDR		
SQPKIVKWDRDM		
SQRFPKAEF		
SQRFPKAEFAE		
SQRFPKAEFAEVSKL		
SQTSQAVTGGHTQIQAGSHTE		
SQTSSSSFQYM		
SQTSSSSFQYMY		
SQTSSSSFQYMYLL		
SQVVNTANEAREVA		
SQVVNTANEAREVAFD		
SQWGKEFLIEK		
SQWGKEFLIEKA		
SRFIQVGVI		
SRGASQAGAPQGRVPEARPNSM		
SRGIYETPAGTI		
SRIKQSELSAK		
SRKESYSVYVYK		
SRKNPKFMETVAEK		
SRLKELTLED		
SRMDKVERLKQV		
SRQLGLPGPPDVPDHA		
SRQSSVSFR		
SRSGGGGGGGLGSGGSIR		
SRSGGGGGGGLGSGGSIRSS		
SRSGGGGGGGLGSGGSIRSSY		
SRSLPEVPETI		
SRSLPEVPETIEL		
SRVLNLGPI		
SRVLNLGPIT		
SRVLNLGPITR		
SRVVAGEVQVQRLQGDAV		
SRWETGEVQAQS		
SRWETGEVQAQSA		
SSALDMENFR		
SSALDMENFRTEV		
SSARPGGLGSSSL		
SSATSSFGGLGGGSVR		
SSAVMALQEASEAYLV		
SSAVVGEPGITVT		
SSDFNSDTHSSTFDAGAGI		
SSDFNSDTHSSTFDAGAGIAL		
SSDLDGHPVPK		
SSDYFQAPSDYR		
SSEEKQLYNKYPD		
SSEFYDNANDLLSK		
SSEGGTAAGAGLDSLHK		
SSELEKHQLY		
SSFKDPKIST		
SSGLKYPGIK		
SSGNAKIGHPAPN		
SSGNAKIGHPAPNF		
SSGNAKIGHPAPNFK		
SSGSGPFTDVR		
SSGSGPFTDVRAA		
SSGSLLNNAIK		
SSGSSHAVMDI		
SSGTGGTATWKPG		
SSGVPPEVFTRV		
SSHHPGIAEFPSR		
SSHHPGIAEFPSRG		
SSHHPGIAEFPSRGK		
SSHIANVERVPFDA		
SSHIANVERVPFDAA		
SSHIANVERVPFDAATLHTSTA		
SSIIDELFQDR		
SSIKEKTVGR		
SSIKEKTVGRA		
SSIKEKTVGRALYA		
SSIKEKTVGRALYAQAR		
SSKELLLQPV		
SSKITHRIHWESA		
SSKLVSANRLFGDK		
SSLAWLDEHTLV		
SSLEKSYELPDGQVI		
SSLKDYWSTVKDK		
SSLLEKGLDGA		
SSLLEKGLDGAK		
SSLLEKGLDGAKK		
SSLLEKGLDGAKKA		
SSLLEKGLDGAKKAV		
SSLLEKGLDGAKKAVG		
SSLLEKGLDGAKKAVGGLGKLGKDA		
SSLPGAEGPDKPSVV		
SSLSPEGTLTVEAPMPK		
SSLTETIEGVDAEDGHGPGEQQ		
SSLTETIEGVDAEDGHGPGEQQK		
SSNNPHSPIVEEFQVPYNK		
SSNNPHSPIVEEFQVPYNKLQV		
SSPDIHGTYKELLDTV		
SSPGGVYATRSSAV		
SSPHGKDLLFK		
SSPVDLVTATDQKVEK		
SSQETAGIGASAHLV		
SSQQSAVSAKGFSK		
SSRTSNPYRVPA		
SSSERAHQVLR		
SSSERAHQVLRI		
SSSGLNSEKVAALIQKL		
SSSHHPGIAEFPSR		
SSSHHPGIAEFPSRGK		
SSSKGSLGGGFSSGGFSGGS		
SSSLEKSYELPDGQVI		
SSSLSPEGTLTVEAPMPK		
SSSNEEVMFLTV		
SSSNEEVMFLTVQVKGPTQEFK		
SSSSLEKSYELPDGQVI		
SSSSRSLGSGGSV		
SSSYSKQF		
SSSYSKQFT		
SSSYSKQFTS		
SSSYSKQFTSS		
SSSYSKQFTSST		
SSSYSKQFTSSTS		
SSSYSKQFTSSTSY		
SSSYSKQFTSSTSYN		
SSSYSKQFTSSTSYNR		
SSSYSKQFTSSTSYNRGDST		
SSSYSKQFTSSTSYNRGDSTFES		
SSSYSKQFTSSTSYNRGDSTFESK		
SSTLTLSKADYEKHK		
SSTNEKDMYSFLEDMGLK		
SSTQDTVVALHALSKYGAAT		
SSTQFNKGPSYGLSAEV		
SSTRGFPSVLR		
SSTSYNRGDSTF		
SSTSYNRGDSTFES		
SSVQESQVAQQAR		
SSVQESQVAQQARG		
SSVQESQVAQQARGWVT		
SSVQESQVAQQARGWVTDGF		
SSVSGSTGQWH		
SSVSGSTGQWHSESGSFRPD		
SSVVTVPSSNFGTQT		
SSVVTVPSSSLGTQT		
SSYLSLTPEQWK		
SSYSKQFTS		
SSYSKQFTSST		
SSYSKQFTSSTSY		
SSYSKQFTSSTSYN		
SSYSKQFTSSTSYNR		
STATDITGPIILQTYR		
STFTDEDNAMYLLV		
STFTDEDNAMYLLVVNHPDAK		
STGAAKAVGKVIPELNGKLT		
STGGAPTFNVTVTKTDK		
STGGAPTFNVTVTKTDKTLV		
STGGGASLELLEGKVLPGVDAL		
STGGGASLELLEGKVLPGVDALSNI		
STGKTFPGFF		
STGNQNPGSPRPGSTGTW		
STGQWHSESGSFRPD		
STGSWSTLKTQDQK		
STGTWNPGSSER		
STITSREIQT		
STITSREIQTA		
STITSREIQTAV		
STKGPSVFPLAPSSK		
STLSEKAKPALEDLR		
STLTLSKADYEKHK		
STLVLGEGATEAEI		
STLVLGEGATEAEISMT		
STLVLGEGATEAEISMTST		
STMIKGLYGIKDDV		
STPDAVMGNPKVK		
STPDAVMGNPKVKAHGKK		
STPDAVMGNPKVKAHGKKV		
STPDAVMGNPKVKAHGKKVLG		
STPLGQQQPAPRT		
STQDTVVALHALSKYGAAT		
STQSAIPYALR		
STQSAIPYALRV		
STQSAIPYALRVELE		
STSYNRGDSTF		
STSYNRGDSTFES		
STSYNRGDSTFESK		
STSYNRGDSTFESKS		
STSYNRGDSTFESKSY		
STTTGHLIYK		
STVAGESGSADTVRDPRGFAVKF		
STVELFKFQEEEK		
STVFYPSDGVATEKAVELAANT		
STVKDKFSEF		
STVLTSKYR		
SVADLAESIMK		
SVADLAESIMKNL		
SVAIEVDGRVYHV		
SVDLSGSKVTASSPV		
SVDLSGSKVTASSPVAV		
SVDTEHSNIYLQNGPDR		
SVDTEHSNIYLQNGPDRI		
SVEEGAEYTSHNNMQF		
SVEGSSTELNLPETANSV		
SVENTGPLEDHNWPQY		
SVETLKEMIK		
SVFPQQTGQL		
SVFPQQTGQLA		
SVFPQQTGQLAE		
SVFPQQTGQLAELQPQ		
SVFPQQTGQLAELQPQDR		
SVFPQQTGQLAELQPQDRAG		
SVGGGSSTIKYTTTSSSSRK		
SVGGGSSTIKYTTTSSSSRKS		
SVGGSGGGSFGDNLVTR		
SVHQLVENTDETY		
SVIDQSRV		
SVIDQSRVL		
SVIDQSRVLN		
SVIDQSRVLNL		
SVIDQSRVLNLG		
SVIDQSRVLNLGP		
SVIDQSRVLNLGPI		
SVIDQSRVLNLGPIT		
SVIDQSRVLNLGPITR		
SVIQALAELEQKVPAAK		
SVKLGHPDT		
SVKLGHPDTL		
SVKLGHPDTLNQGEF		
SVKLGHPDTLNQGEFK		
SVKLGHPDTLNQGEFKEL		
SVLGDILGSAMQNT		
SVLGDILGSAMQNTQNL		
SVLGQLGITKV		
SVLGQLGITKVF		
SVLGQLGITKVFS		
SVLPDKYQV		
SVLPEGGETPLFK		
SVLPEGGETPLFKQ		
SVLRTELRPGET		
SVNDLYIQK		
SVNDLYIQKQFPI		
SVNERVMPI		
SVNKYRGTAGNALMDGA		
SVPAAEPEYPKGIRA		
SVPTSTVFYPSDGVATEK		
SVPTSTVFYPSDGVATEKAV		
SVPTSTVFYPSDGVATEKAVEL		
SVPTSTVFYPSDGVATEKAVELA		
SVPYVIVPLKTGL		
SVPYVIVPLKTGLQE		
SVPYVIVPLKTGLQEVEVK		
SVPYVIVPLKTGLQEVEVKA		
SVQALNAKPDTA		
SVQALNAKPDTAELT		
SVQESQVAQQAR		
SVQLTEKR		
SVQLTEKRMDK		
SVQPNFQQDK		
SVRKGHFDTLSKGELK		
SVRKGHFDTLSKGELKQ		
SVSAGSPHPAIARL		
SVSAGSPHPAIARLTV		
SVSDGIAALDLNAVANK		
SVSGKPQYM		
SVSGKPQYMV		
SVSGKPQYMVL		
SVSGSTGQWHSESGSFRPD		
SVSSDLQPYLQTLPV		
SVSSDLQPYLQTLPVTTEI		
SVSSEQLAQFR		
SVSTVLTSKYR		
SVSYNPATAKEI		
SVSYNPATAKEII		
SVSYTGSRSASN		
SVSYTGSRSASNM		
SVSYTGSRSASNMAI		
SVTEQDSKDSTYSL		
SVTEQDSKDSTYSLSS		
SVTEQDSKDSTYSLSSTL		
SVTEQGAELSNEERNLL		
SVTEQGAELSNEERNLLSV		
SVTWSESGQGVTAR		
SVVLIPLGAVDDGEHSQNEK		
SVVPSPKVSDTVVEPY		
SVVTVPSSSLGTQT		
SVYNLLPEKDLT		
SWDVEKTAI		
SWITPGLKT		
SWITPGLKTT		
SWITPGLKTTA		
SWLDANTLAEKDEFEHK		
SWNSGALTSGVHTFPA		
SWNSGALTSGVHTFPAVL		
SWVPHTFE		
SWVPHTFESELS		
SWVPHTFESELSD		
SWVPHTFESELSDPV		
SWVPHTFESELSDPVELLVAES		
SWYDNEFGYSNR		
SWYDNEFGYSNRVV		
SYDLDPGAGSLEI		
SYEGEVTKSLQEM		
SYEGEVTKSLQEMK		
SYELPDGQVI		
SYELPDGQVITIGNER		
SYELTQPPSVSV		
SYELTQPPSVSVSPGQT		
SYELTQPPSVSVSPGQTA		
SYEPLEDPGVK		
SYFEKSKEQLTPLIK		
SYFEKSKEQLTPLIKK		
SYFVELGTQPAT		
SYFVELGTQPATQ		
SYGKSSGVPPEVFT		
SYKMADEAGSEADHEGTHSTKRG		
SYKMADEAGSEADHEGTHSTKRGHA		
SYLDDEKNWGLSF		
SYLSLTPEQWK		
SYNPATAKEI		
SYNPATAKEII		
SYNPATAKEIINV		
SYNPATAKEIINVGHSF		
SYNRGDSTF		
SYNRGDSTFES		
SYNRGDSTFESK		
SYNRGDSTFESKSY		
SYSFDEIRKNA		
SYSKQFTS		
SYSKQFTSS		
SYSTTAVVTNPKE		
SYVGDEAQSKR		
TAALQKELK		
TAAQNLYEKTYLPAVDEK		
TAASSSSLEKSYELPDGQVI		
TADGNAFIGDIKDK		
TADGNAFIGDIKDKV		
TADGNAFIGDIKDKVT		
TADGNAFIGDIKDKVTAWK		
TAEGKGQGTLSVV		
TAEGKGQGTLSVVT		
TAEGKGQGTLSVVTMYHAK		
TAEILELAGNAARDNK		
TAEILELAGNAARDNKK		
TAELTKVFEI		
TAEREIVRDI		
TAEVLELAGNASKDLK		
TAGYGINILGMDPL		
TAIGKAGYTDKV		
TAIGKAGYTDKVVI		
TAKDALSSVQESQV		
TAKDALSSVQESQVAQ		
TAKDALSSVQESQVAQQ		
TAKDALSSVQESQVAQQA		
TAKDALSSVQESQVAQQAR		
TAKDIAPTLT		
TALAPSTMK		
TALAPSTMKI		
TALAPSTMKIKI		
TALQPMVSALNIR		
TALSALSLGAEQRTESI		
TALWGKVNVDEV		
TAMDVVYALK		
TAMDVVYALKR		
TAMDVVYALKRQGR		
TAMLVGKDLKVD		
TANVGKGQPSVLQV		
TANVGKGQPSVLQVV		
TAPAAPAAPAPAEKTPV		
TAPAAPAAPAPAEKTPVKKK		
TAPAETATPAPVEKSPA		
TAPAETATPAPVEKSPAK		
TAPAETATPAPVEKSPAKK		
TAPAETATPAPVEKSPAKKKAT		
TAQPAPTSEDLTSATN		
TAQSTFNDLQDLREQI		
TARNFPPSQDASGDLYTT		
TASDFITKMDYPKQTQV		
TASDPLDTLGSEGALSPGGVASL		
TASRGASQAGAPQGRVPEARPNSM		
TASTGKTFPGFF		
TASTPTPDDKLFQK		
TATDFAYSSTVRQNMK		
TATDVVRGNPK		
TATDVVRGNPKLNLA		
TATESFASDPILYRPVA		
TATESFASDPILYRPVAV		
TATLRPYLS		
TATLRPYLSA		
TATLRPYLSAV		
TATQKTVDGPSGKLW		
TATQKTVDGPSGKLWR		
TATSEYQTFFNPR		
TAVVTNPKE		
TAYALTLTKAPA		
TAYALTLTKAPADLR		
TAYALTLTKAPV		
TDAPSFSDIPNPI		
TDAPSFSDIPNPIG		
TDDGFHFAGDGKLGA		
TDGDPTVGETNPRSI		
TDGDPTVGETNPRSIQNNVRE		
TDGLHNMGGDPITVIDEI		
TDKTIYTPGSTVL		
TDLKDLSSHQLNEF		
TDLMEKKFQGV		
TDLRFQSA		
TDLRFQSSAV		
TDLRFQSSAVMALQEASEA		
TDMPQMRM		
TDMPQMRMELERPGGNEI		
TDMPQMRMELERPGGNEITRGGST		
TDNQAIKALLQ		
TDQAFVTLTTNDAYAK		
TDQVLSVLKGEE		
TDTERLIGDAAKNQV		
TDTLREVQL		
TDTLREVQLR		
TDVTQNNFHNYFGGSEI		
TDVTQNNFHNYFGGSEIV		
TDYDQYALL		
TDYGKDLMEK		
TDYGKDLMEKV		
TDYGKDLMEKVK		
TDYGKDLMEKVKSPELQAEAK		
TEAESNMNDLVSEYQQY		
TEAPLNPK		
TEAPLNPKANR		
TEAPLNPKANREK		
TEAPLNPKANREKM		
TEAPLNPKANREKMT		
TEATKTVGSDTFY		
TEDAVDAERLK		
TEDELQDKIHP		
TEEAPLKLSK		
TEEAPLKLSKA		
TEEAPLKLSKAV		
TEEAPLKLSKAVHK		
TEEAPLKLSKAVHKA		
TEEAPLKLSKAVHKAV		
TEFTPTEKDEY		
TEFWLGNEKI		
TEGAELVDSVLDVVRK		
TEGDGVYTLNDKKQW		
TEGDGVYTLNDKKQWINK		
TEHLSTLSEK		
TEHQVVSSDFNSDTHSSTF		
TEHYEEQIEAF		
TEHYEEQIEAFK		
TEHYEEQIEAFKSI		
TEIPEAQIHEGFQ		
TEIPEAQIHEGFQEL		
TEKAPEPHVEE		
TEKLVTSKGDKEL		
TEKLVTSKGDKELR		
TEKLVTSKGDKELRTGK		
TELEKALNS		
TELEKALNSIID		
TELEKALNSIIDV		
TELEKALNSIIDVY		
TELETAMGMII		
TELNEPLSNEDRNLLSV		
TELRPGETLNV		
TEQGAELSNEERNLLSV		
TEQGHELSNEERNLLSV		
TERELLESYIDGR		
TESETRILLQGTPV		
TESRGSESGIFTNT		
TESRGSESGIFTNTK		
TESRGSESGIFTNTKESSSH		
TETGVEAAAASAISVAR		
TETGVEAAAASAISVART		
TETGVEAAAASAISVARTL		
TETQEKNPLPSKETI		
TEVNVLPGAKV		
TEVNVLPGAKVQF		
TFAPVNVTTEVK		
TFESRAQLGGPEAAKSDETAAK		
TFEYPSNAVEEV		
TFEYPSNAVEEVTQNN		
TFEYPSNAVEEVTQNNF		
TFEYPSNAVEEVTQNNFR		
TFGETHPFTK		
TFGQGTKVEI		
TFGQGTKVEIK		
TFHNKGAYPLSIEPI		
TFHPLRSEAYNT		
TFLSGGQSEEEASI		
TFLSGGQSEEEASINL		
TFLSGGQSEEEASINLNAI		
TFQMELPKKAFI		
TFQTESSVAEQEAEFQSPK		
TFSKLREQLGPVTQ		
TFSKLREQLGPVTQEF		
TFTIPANREFK		
TGARNLAVSQV		
TGARNLAVSQVV		
TGARNLAVSQVVHK		
TGASGSFKLN		
TGASGSFKLNK		
TGIFTDQVLSVLKGEE		
TGIVSGFGRTHEK		
TGIVSGFGRTHEKGRQST		
TGKEKVTSGSTTTTR		
TGKEKVTSGSTTTTRR		
TGKPIKLTQVEHR		
TGKTFPGFF		
TGLALSSLR		
TGLAWSKTGPVAKEL		
TGLIKGSGTAEVELK		
TGLIKGSGTAEVELKK		
TGLLLLSDPDKV		
TGLLLLSDPDKVTI		
TGLLSQSDSK		
TGLLSQSDSKSSK		
TGLQEVEVK		
TGLSMDGGGSPKGDVDP		
TGLSMDGGGSPKGDVDPF		
TGNGLFLSEGLK		
TGQLAELQPQDR		
TGQWHSESGSFRPD		
TGRGAEDSLADQAANKWG		
TGRGAEDSLADQAANKWGR		
TGSETESPRNPSSAGSW		
TGSETESPRNPSSAGSWN		
TGTHGLLVKQEDMK		
TGTITTFEHAHNMR		
TGTWNPGSSER		
TGTYDLKSV		
TGTYDLKSVL		
TGTYDLKSVLG		
TGTYDLKSVLGQLG		
TGVEAAAASAISVAR		
TGVEAAAASAISVARTL		
TGWGETQGTFGAGLL		
TGWGETQGTFGAGLLK		
TGWRPGSGFTNT		
TGYQRQLNYK		
THALKHVSDDMK		
THELGHSLGMGHSSDPN		
THKNPALKAQSGPVR		
THLAPYSDEL		
THLAPYSDELR		
THLAPYSDELRQR		
THLAPYSDELRQRL		
THLAPYSDELRQRLAA		
THLPEVFLS		
THLPEVFLSK		
THLPEVFLSKV		
THLPEVFLSKVLEPT		
THLPEVFLSKVLEPTLK		
THLPGFVEQAEALK		
THLPGFVEQAEALKAK		
THQGLSSPVTK		
THQGLSSPVTKS		
THRIHWESA		
THRIHWESAS		
THTVPIYEGY		
THYYAVAVVKK		
TIAQGGVLPNIQ		
TIAQGGVLPNIQA		
TIAQGGVLPNIQAV		
TIASGGVLPNIHPE		
TIASGGVLPNIHPEL		
TIDEKGTEAAGAM		
TIDEKGTEAAGAMF		
TIDEKGTEAAGAMFL		
TIDEKGTEAAGAMFLEA		
TIDEKGTEAAGAMFLEAI		
TIDEKGTEAAGAMFLEAIPM		
TIDTIVDMIKNNVEQVCCSF		
TIEELAAPPPPVLM		
TIFQERDPS		
TIFQERDPSK		
TIFQERDPSKI		
TIGEGQQHHLGGA		
TIGEGQQHHLGGAKQ		
TIGEGQQHHLGGAKQAG		
TIGIGPAGSPLLV		
TIGNERFR		
TIHLTMPQLV		
TIHLTVNPQS		
TIIQNLQPQYQ		
TILDDLRAEDHFSVI		
TIMPKDIQLA		
TIMPKDIQLAR		
TINQSLLQPLNV		
TIQNDIMLLQLSR		
TIQSSGTFSSKFQV		
TISEKTSDQIHFF		
TISRLEPEDF		
TIVMGASFR		
TIVNRDGTRYVQKGEYR		
TKAPADLRGVAHNNL		
TKAPVDLLGVAHNNL		
TKAPVDLLGVAHNNLMA		
TKENEGFTVTAEGKGQGTL		
TKENEGFTVTAEGKGQGTLSV		
TKESSSHHPGIAEFPSRGK		
TKEVYELLDSPGKV		
TKFLENEDR		
TKFLENEDRR		
TKFLENEDRRSA		
TKGTGASGSFKLN		
TKGVTSVSQIFHSPD		
TKKVPQVST		
TKKVPQVSTPT		
TKKVPQVSTPTL		
TKKVPQVSTPTLVE		
TKLEEHLEG		
TKLEEHLEGI		
TKLEEHLEGIVN		
TKMDYPKQTQV		
TKQLNEINYEDHKLK		
TKQQNAQGGFSSTQDTV		
TKQQNAQGGFSSTQDTVV		
TKSTGGAPTFNVTVTKTDK		
TKSTGGAPTFNVTVTKTDKTLV		
TKTAKDALSSVQESQVAQQARG		
TKTVIGPDGHKEVTKEVV		
TKTYFPHFDL		
TKVADSSPFALEL		
TKVEAFQTTI		
TKVFSNGADLSGVTEEAPLKLSK		
TKVREYYFAEAQIA		
TLAAHLPAEFTPA		
TLAAHLPAEFTPAV		
TLAAHLPAEFTPAVHA		
TLDAGLVYDAYLAPN		
TLDAGLVYDAYLAPNNL		
TLDAGLVYDAYLAPNNLKPV		
TLDAGLVYDAYLAPNNLKPVVA		
TLDAGLVYDAYLAPNNLKPVVAEF		
TLDGFRHRHPDEA		
TLDGGFIYEAGLAPYK		
TLDHNQLQEVK		
TLDLGENQLETLPPDLLR		
TLDPERLGR		
TLDPERLGREGVQK		
TLDPERLGREGVQKE		
TLDPERLGREGVQKEDIPPADLS		
TLDPRGIYGTI		
TLDTLVLKENQLEVLEV		
TLEAQLTPR		
TLEAQLTPRVV		
TLEAQLTPRVVERWQK		
TLEEGKGDLEEYGQDLLHTV		
TLEIPGNSDPNMIPDGDFNS		
TLEIPGNSDPNMIPDGDFNSY		
TLEIPGNSDPNMIPDGDFNSYVR		
TLEIPGNSDPNMIPDGDFNSYVRV		
TLEVERPLPM		
TLEVERPLPMEV		
TLGAHNIQR		
TLGLYGKDQQEA		
TLGLYGKDQQEAALV		
TLGPEVHPDTIY		
TLHEALAAAELLKKEK		
TLHEALAAAELLKKEKI		
TLHPDLGTDKDKEQWK		
TLHPDLGTDKDKEQWKEVHK		
TLHTSTAMAA		
TLHTSTAMAAQH		
TLIEKTNEER		
TLIEKTNEERK		
TLIEKTNEERKTLLSNLEEAK		
TLIEKTNEERKTLLSNLEEAKK		
TLINAEDPPMVV		
TLINEQWLLTT		
TLINEQWLLTTAK		
TLINEQWLLTTAKNL		
TLKIEGDHGARVV		
TLLAAVMSLPEEHNK		
TLLAVAKSQ		
TLLGDGPVVTDPKAPNVV		
TLLGDGPVVTDPKAPNVVV		
TLLGDGPVVTDPKAPNVVVT		
TLLIKTVETR		
TLLIKTVETRDGQVI		
TLLIKTVETRDGQVINE		
TLLPVSKPEIR		
TLLSALVETR		
TLLSALVETRTI		
TLLSNLEEAK		
TLLSNLEEAKK		
TLNQGEFKEL		
TLNQPDSQLQLT		
TLNQPDSQLQLTTGNG		
TLNQPDSQLQLTTGNGL		
TLNQPDSQLQLTTGNGLF		
TLNQPDSQLQLTTGNGLFL		
TLNRPFLFA		
TLPHPNLHGPEILDVPSTV		
TLPLNVNPALPLSPT		
TLPVDFVTADKFDENAK		
TLQELKKLTI		
TLREVQLR		
TLRVQGNDHSATR		
TLRVQGNDHSATRER		
TLSDATTKFVSENK		
TLSEKAKPALEDLR		
TLSGIGTLDGFR		
TLSLPELEQQQ		
TLSLPELEQQQEQQ		
TLSLPELEQQQEQQQ		
TLSQPKIV		
TLSQPKIVK		
TLSQPKIVKWDRDM		
TLTETRFK		
TLTFQEATGK		
TLTFQEATGKNV		
TLTGTAALTVQSQEDNLR		
TLTISRLEPEDF		
TLTKAPADLRGVAHNNL		
TLTKAPADLRGVAHNNLMA		
TLTKAPVDL		
TLTKAPVDLL		
TLTKAPVDLLGVAHNNL		
TLTKAPVDLLGVAHNNLMA		
TLTLVDTGIGMTK		
TLTLVDTGIGMTKA		
TLTSEEEARLK		
TLTSEEEARLKK		
TLTTNDAYAK		
TLTTNDAYAKGALV		
TLVLLMGKEGV		
TLVQTKGTGASGSF		
TLVQTKGTGASGSFK		
TLVWSEKEQVEK		
TLWNGQKLVTTV		
TLYVGKKQLV		
TLYVGKKQLVE		
TLYVGKKQLVEIE		
TLYVGKKQLVEIEKV		
TMDKSELVQK		
TMDKSELVQKA		
TMDLTGDLEALKK		
TMDLTGDLEALKKETI		
TMEIIQNCFEQL		
TMFIGGSQLSQK		
TMIQSKVV		
TMIQSKVVNNSPQPQNV		
TMSEVGGSVEDLIAKGPV		
TMTTDTSTSTAYMELR		
TNAVAHVDDMPNAL		
TNAVAHVDDMPNALS		
TNAVAHVDDMPNALSAL		
TNDLLGSALTK		
TNDLLGSALTKSFSGK		
TNFDNDIALVR		
TNHAGFLTI		
TNIDVVPFNVAEGKEVL		
TNIMEILR		
TNIMEILRGDFSSANN		
TNIMEILRGDFSSANNR		
TNKDTSKFPSPLVV		
TNMGIIIPDFAR		
TNNHIMKLTK		
TNPDGSPAYRVPV		
TNPDGSPAYRVPVAV		
TNTKESSSHHPGIAEF		
TNTKESSSHHPGIAEFPSR		
TNTKESSSHHPGIAEFPSRG		
TNTKESSSHHPGIAEFPSRGK		
TNTKESSSHHPGIAEFPSRGKS		
TNTKESSSHHPGIAEFPSRGKSS		
TNTKESSSHHPGIAEFPSRGKSSS		
TNTMTLGDIVFK		
TNVGDEGGFAPNIL		
TNVGDEGGFAPNILENKEG		
TNVGDEGGFAPNILENKEGLE		
TNVKAAWGK		
TNVKAAWGKV		
TNVKAAWGKVG		
TNVKAAWGKVGAHAGEYG		
TNVPRASVPDGFLSEL		
TNWDDMEKI		
TPAEVGVLVGKDR		
TPDVSSALDK		
TPDVSSALDKLKEFGNTLEDK		
TPEEKSAVTAL		
TPEEKSAVTALWG		
TPEEKSAVTALWGKVNVDEV		
TPENLQEARTFV		
TPKSPVGVQPI		
TPLGPKWPEPV		
TPLQLFEGR		
TPLTSLVIENEAGDER		
TPLTSLVIENEAGDERMLA		
TPNILRLESEET		
TPNILRLESEETM		
TPNILRLESEETMVLEAH		
TPPAVFDAKQLK		
TPTLPGETLTYV		
TPVAQMTEDAVDAERLK		
TPVLKPEEEAPAPEVGASKPEGI		
TPVLQAGKAEVT		
TPVVVPPFLQPE		
TPVVVPPFLQPEV		
TPYADEFK		
TQAIETAGRTPK		
TQDPAKAPNTPDILEI		
TQEKNPLPSKETI		
TQEPTQQHFSV		
TQEPTQQHFSVAQ		
TQEPTQQHFSVAQV		
TQKSLSLSPG		
TQKTVDGPSGKLWRDG		
TQNNFHNYFGGSEI		
TQNNFHNYFGGSEIV		
TQPYQGSSVTLSTEA		
TQQLAQATGKPPQYIAV		
TQQPQQDEMPSPTF		
TQQPQQDEMPSPTFL		
TQTLKLEDTPKINSR		
TQTPVVVPPFLQPE		
TQTPVVVPPFLQPEV		
TQVADAKRYIEK		
TQVKESLSSY		
TRAAFNSGKVDI		
TRDLPHITVDR		
TRGFPSVLR		
TRGGSTSYGTGSETESPRNPS		
TRISQGEADINIAF		
TRKVPQVSTPTL		
TRWYSMKK		
TRYERNIEKI		
TSAGTRQPQFI		
TSDFLKVLNR		
TSDNHGATYAFSGTH		
TSDNHGATYAFSGTHY		
TSDSDVPSGVTEVVVK		
TSDSDVPSGVTEVVVKL		
TSESGELHGLTTEEEFVEGIYK		
TSESGELHGLTTEEEFVEGIYKV		
TSESSVSGSTGQWH		
TSESSVSGSTGQWHSESGSFRPD		
TSEVKQLI		
TSEVKQLIK		
TSEVKQLIKA		
TSEVKQLIKAI		
TSEYQTFFNPR		
TSFTPNQETQAQR		
TSGSGISPSHSQRI		
TSGVHTFPAVL		
TSGVHTFPAVLQSSGL		
TSIQDWVQK		
TSIQDWVQKT		
TSIQDWVQKTI		
TSIQDWVQKTIAEN		
TSKTNKDTSKFPSPLVV		
TSLDLSDNPGLGERG		
TSLDLSDNPGLGERGLM		
TSLEDFYLDEERTV		
TSLEDFYLDEERTVRVPM		
TSLVIENEAGDER		
TSLVIENEAGDERMLA		
TSPVDEKALQDQLV		
TSPVDEKALQDQLVLV		
TSPVDEKALQDQLVLVAA		
TSQVVNTANEAREV		
TSQVVNTANEAREVA		
TSQVVNTANEAREVAFDLEIPK		
TSREIQTAV		
TSSFGGLGGGSVR		
TSSSFEVRTWDPEGV		
TSSTSYNRGDSTF		
TSSTSYNRGDSTFES		
TSSTSYNRGDSTFESK		
TSSTSYNRGDSTFESKSY		
TSTADYAMFK		
TSTFSKLREQL		
TSTFSKLREQLGPV		
TSVAEKTKEQANAVSEAV		
TSYNRGDSTFES		
TSYNRGDSTFESK		
TSYTAQEPDTFMEQK		
TTAEREIVRDI		
TTDDLTEAWLQEK		
TTDDLTEAWLQEKL		
TTDFIPSFR		
TTDTSTSTAYMELR		
TTEFWLGNEKI		
TTEIDSFADIDYSLVEAPR		
TTEIDSFADIDYSLVEAPRATA		
TTGIVMDSGDGVTHTVPIYEG		
TTGMDGGMSIWDVK		
TTIPTIGFNVETV		
TTKGVTSVSQIFHSPDL		
TTLEGGNLEAKVTM		
TTMEKAGAHLQGGAKRVII		
TTMKIIPFNR		
TTMKIIPFNRLTI		
TTNIMEILR		
TTNIMEILRGDFSSANN		
TTNIMEILRGDFSSANNR		
TTTVMNPKFAES		
TTVASHTSDSDVPSGVTEV		
TTVASHTSDSDVPSGVTEVV		
TTVKVPMMK		
TTWDYASDHGEKK		
TTYEKYLGPQYV		
TTYEKYLGPQYVAGI		
TVAAPPSGGPGFL		
TVAAPSVFIFPPSDEQLK		
TVAEKALQEYR		
TVALREIR		
TVASHTSDSDVPSGVTE		
TVASHTSDSDVPSGVTEVVV		
TVASHTSDSDVPSGVTEVVVK		
TVASHTSDSDVPSGVTEVVVKL		
TVAVRTLDPERLGR		
TVAWKADSSPV		
TVAWKADSSPVK		
TVAWKADSSPVKAGV		
TVDDKEHSIKVSVGGEKRD		
TVDGPSGKLW		
TVDGPSGKLWR		
TVDKSRWQQGNV		
TVETWQEGSLK		
TVFGVEPDLTREGGSIPV		
TVGPRGPLLVQDV		
TVGVPEHTY		
TVGVPEHTYR		
TVHAITATQKTV		
TVHAITATQKTVDGPSGKL		
TVHDFPGK		
TVHDFPGKK		
TVHDFPGKKLV		
TVHDFPGKKLVLSSEKT		
TVHDFPGKKLVLSSEKTV		
TVHDFPGKKLVLSSEKTVLTPA		
TVIGPDGHKEV		
TVIGPDGHKEVTK		
TVIGPDGHKEVTKE		
TVIGPDGHKEVTKEVV		
TVIGPDGHKEVTKEVVTSE		
TVIGPDGHKEVTKEVVTSEDGS		
TVILHSGSDMVQAER		
TVKVPMMKR		
TVLQNTDGNNNEAWAK		
TVLQNTDGNNNEAWAKDLK		
TVLSGGTTMYPGIADR		
TVMNPKFAES		
TVMVENSHGLR		
TVMVENSHGLRVR		
TVMVNIENPEGIPV		
TVNHKLLPVG		
TVNLNLWDTAGQEEYDR		
TVPESQLTVSQFTLPK		
TVPESQLTVSQFTLPKSV		
TVPESQLTVSQFTLPKSVSDGI		
TVPVEVSR		
TVPVEVSRKNP		
TVPVEVSRKNPK		
TVQELLPSSFGPEDLQK		
TVQELLPSSFGPEDLQKTQ		
TVQNEANKYQL		
TVQVKGPTQEFK		
TVQVKGPTQEFKKRTT		
TVRTKKQELSEAEQA		
TVRTKKQELSEAEQATR		
TVRTKKQELSEAEQATRT		
TVRTPGAAANLELI		
TVSKVDDFLANEAK		
TVSWNSGALTSGV		
TVSWNSGALTSGVHTFPA		
TVTAEGKGQGTLS		
TVTAEGKGQGTLSVV		
TVTAEGKGQGTLSVVT		
TVTAMDVVYALK		
TVTAMDVVYALKR		
TVTDYGKDLMEK		
TVTDYGKDLMEKVK		
TVTKTDKTLV		
TVTKTVIGPDGHKEV		
TVTKTVIGPDGHKEVT		
TVTKTVIGPDGHKEVTKEVV		
TVTKTVIGPDGHKEVTKEVVTSE		
TVTVGPAEPTLV		
TVTVHDFPGK		
TVTVPVEVSR		
TVTVPVEVSRK		
TVTVPVEVSRKNPK		
TVVALHALSKYGAAT		
TVVHQDWLNGKE		
TVVKQGFEPPS		
TVVKQGFEPPSFV		
TWDNLKGKK		
TWDYASDHGEKK		
TWDYASDHGEKKLI		
TWEQQQEVVSR		
TWESVAPYQGPSRDPDQK		
TWRNDLISATK		
TWSESGQGVTAR		
TWSGAVLAGRDAV		
TYDVNRESPGNVQIV		
TYEKYLGEEYVK		
TYEKYLGEEYVKAV		
TYFPHFDLSHGSAQVK		
TYLGGLPDVPFSATPV		
TYNPDESSKPNM		
TYNPDESSKPNMI		
TYNPDESSKPNMID		
TYNPDESSKPNMIDA		
TYNPDESSKPNMIDAA		
TYNPDESSKPNMIDAAT		
TYNPDESSKPNMIDAATL		
TYNPDESSKPNMIDAATLK		
TYPQGLALAKEIDSV		
TYSDHPEKV		
TYSDHPEKVNKDDEEFIESNK		
TYTGIFTDQVLSV		
TYTVLQNEDTK		
TYTVLQNEDTKSG		
TYTVLQNEGEYPDTK		
TYVLQNSMLPSIWDM		
TYVPKEFNAET		
TYVPKEFNAETFT		
VAAGAFQGLR		
VAAGAFQGLRQ		
VAAGVGEFEAGISK		
VAATPIPKL		
VADALTNAVAH		
VADALTNAVAHVDDMPNAL		
VADPTPFHI		
VADTPELQRI		
VAEEFLKNF		
VAEFYGSKEDPQTFYYA		
VAEFYGSKEDPQTFYYAV		
VAEFYGSKEDPQTFYYAVA		
VAEKALQEYR		
VAEKALQEYRKKHREE		
VAGKFDPAKLDQI		
VAGKFDPAKLDQIESV		
VAGKFDPAKLDQIESVI		
VAGKLQDRGPDVLTA		
VAGKLQDRGPDVLTATV		
VAGRIADNKQSSFK		
VAGRLVDEDMNSFK		
VAGVANALAH		
VAGVANALAHK		
VAGVANALAHKYH		
VAHALAEGLGVI		
VAHRFKDLGEEN		
VAHRFKDLGEENFK		
VAHRFKDLGEENFKA		
VAHRFKDLGEENFKAL		
VAHRFKDLGEENFKALVL		
VAHSPWLKDSL		
VAHVDDMPNA		
VAHVDDMPNAL		
VAHVDDMPNALS		
VAHVDDMPNALSA		
VAHVDDMPNALSAL		
VAHVDDMPNALSALS		
VAHVDDMPNALSALSD		
VAHVDDMPNALSALSDL		
VAHVDDMPNALSALSDLHAHK		
VAIALKAAHY		
VAIALKAAHYHTH		
VAIALKAAHYHTHKE		
VAILDINRLGQSDPAPL		
VAKNTNNKISRL		
VALDFEQEMATAASSSSLEK		
VALHALSKYGAA		
VANALAHKYH		
VAPEEHPVLLTEAPLNPK		
VAPEEHPVLLTEAPLNPKANR		
VAPEEHPVLLTEAPLNPKANREK		
VAPGKGILAADESTGSI		
VAPGKGILAADESTGSIAK		
VAPGKGILAADESTGSIAKR		
VAPGKGILAADESTGSIAKRLQSI		
VAPLNTDGRLL		
VAQELEEKLNI		
VAQELEEKLNILNNNYK		
VARLSQRFPKAEFAEVSKL		
VASHTSDSDVPSGVTEV		
VASLIYETKGEK		
VASYGVKPR		
VATALSALSLGAEQRTESI		
VATLSQLGLQEL		
VATWLNPDPSQKQN		
VAVSDGVIKVFNDM		
VAWKADSSPV		
VAWKADSSPVK		
VAWKADSSPVKAG		
VAWKADSSPVKAGV		
VAWKADSSPVKAGVE		
VDALRTHLAPYSDELR		
VDDIKALPT		
VDDLDFFIGDE		
VDDMLANDIARL		
VDDMPNALSAL		
VDDMPNALSALSDL		
VDDMPNALSALSDLHAHK		
VDDMPNALSALSDLHAHKLRVDPVN		
VDELNNNVEAV		
VDETYVPKEFNA		
VDETYVPKEFNAET		
VDETYVPKEFNAETFT		
VDEVGGEALGR		
VDEVGGEALGRL		
VDEVGGEALGRLL		
VDEVGGEALGRLLV		
VDFNVPMKNNQITNNQR		
VDGEPLGRVS		
VDGEPLGRVSF		
VDGEPLGRVSFEL		
VDGKGVPIPNK		
VDGPPPRPQL		
VDISQDNALRDEMRA		
VDKFLEDVKK		
VDKFLEDVKKL		
VDKFLEDVKKLYHSEA		
VDLEPTVIDEVRTGTY		
VDLSFSPAQSPPASHA		
VDLSFSPSQSLPASHA		
VDNALQSGNSQESVTEQDSK		
VDNALQSGNSQESVTEQDSKDS		
VDNALQSGNSQESVTEQDSKDSTY		
VDPENFRLLG		
VDPENFRLLGN		
VDPENFRLLGNV		
VDPENFRLLGNVL		
VDPKSKEEDKHLKFR		
VDPVNFKLLSH		
VDQATEAGQKAMDQLAK		
VDQSVLLMKPDAELS		
VDQSVLLMKPDAELSASSV		
VDSGSSEEQGGSSRALVST		
VDSGSSEEQGGSSRALVSTLVPL		
VDSGSSEEQGGSSRALVSTLVPLG		
VDTGIGMTKADLI		
VDTGTSLLTGPTSPI		
VDTGTSLLTGPTSPIAN		
VDTHSKRTLL		
VDVDLQYPQDAVL		
VDVLDSGDSAHLTL		
VDVLKDSGRD		
VDVLKDSGRDYV		
VDVLKDSGRDYVSQ		
VDVLKDSGRDYVSQF		
VDVLKDSGRDYVSQFEG		
VDVLKDSGRDYVSQFEGSAL		
VDVLKDSGRDYVSQFEGSALG		
VDVLKDSGRDYVSQFEGSALGKQ		
VDVLKDSGRDYVSQFEGSALGKQL		
VDVLKDSGRDYVSQFEGSALGKQLN		
VDVSKPDLT		
VEAVEQNTLQEFLKLA		
VEDIPLARI		
VEDLESVGKGAVHDV		
VEDLESVGKGAVHDVK		
VEDLESVGKGAVHDVKD		
VEDLESVGKGAVHDVKDV		
VEDLESVGKGAVHDVKDVLDS		
VEELKPTPE		
VEELKPTPEGDLE		
VEEVTQNNFR		
VEEVTQNNFRL		
VEEVTQNNFRLLFKGSE		
VEEVTQNNFRLLFKGSEM		
VEGIYKVEIDTK		
VEGSDAEIGMSPWQ		
VEGSDAEIGMSPWQV		
VEGSDAEIGMSPWQVM		
VEHLQKSELTQ		
VEHLQKSELTQQ		
VEHLQKSELTQQL		
VEHSDLSFSKDWS		
VEIDTKSYWK		
VEKVQAAVGTSAAPVPSDNH		
VELAPGKFQL		
VELEDWNGRTSTA		
VELEDWNGRTSTADYA		
VELGGGPGAGSLQ		
VELGGGPGAGSLQPL		
VELGGGPGAGSLQPLAL		
VELGGGPGAGSLQPLALEGS		
VELGGGPGAGSLQPLALEGSLQ		
VELGTQPATQ		
VELKSLLGKDVL		
VELVKHKPKATKEQL		
VELVKHKPKATKEQLK		
VELVKHKPKATKEQLKA		
VELVKHKPKATKEQLKAVM		
VELVKHKPKATKEQLKAVMD		
VELVKHKPKATKEQLKAVMDD		
VELVKHKPKATKEQLKAVMDDF		
VELVKHKPKATKEQLKAVMDDFAA		
VEPLRAELQEGAR		
VEPLRAELQEGARQK		
VEPYGENFNK		
VEQNTLQEFLK		
VEQNTLQEFLKLA		
VERVNEPSILEMSR		
VERVPFDAATL		
VERVPFDAATLHTST		
VERVPFDAATLHTSTA		
VERVPFDAATLHTSTAM		
VESGGGVVQPGRS		
VESTGVFTTMEK		
VESTGVFTTMEKAGA		
VETDYDQYALL		
VETGVLKPGMVV		
VEVLPKAGALNSNDA		
VEVNPKMVM		
VEVNPKMVMT		
VEVSRNLG		
VEVSRNLGK		
VEVSRNLGKVG		
VFALDQKMRPSTDTI		
VFDENESLLLEDNIR		
VFDENESLLLEDNIRMFT		
VFDNYSAQSAVDGR		
VFDNYSAQSAVDGRTV		
VFDVQIPKGA		
VFDVQIPKGAFI		
VFFEQGTTR		
VFFEQGTTRI		
VFLENVIRDA		
VFLENVIRDAV		
VFPSIVGRPR		
VFQALAQYQK		
VFQALAQYQKDAPDHQELNL		
VFQALAQYQKDAPDHQELNLDV		
VFSNGADLSGVTEEAPLK		
VFSNGADLSGVTEEAPLKL		
VFSNGADLSGVTEEAPLKLSK		
VFTANDSGPR		
VFTANDSGPRRYTI		
VFVSEGKILTT		
VFVTNPDGSPAYRVPV		
VFYPSDGVATEKAV		
VGAHAGEYGAEALER		
VGAHAGEYGAEALERM		
VGDDLTVTNPK		
VGDDLTVTNPKRI		
VGDEAQSKRGILT		
VGDEAQSKRGILTL		
VGDVGQTVDDPY		
VGDVGQTVDDPYATF		
VGDVGQTVDDPYATFVK		
VGEPGITVTHL		
VGFYESDVMGR		
VGFYESDVMGRGHA		
VGFYESDVMGRGHAR		
VGFYESDVMGRGHARLV		
VGGEALGRL		
VGGEALGRLL		
VGGERFEAPEALFQPHLI		
VGGGEQPPPAPAPRRE		
VGGGSSTIKYTTTSSSSRK		
VGGGSSTIKYTTTSSSSRKS		
VGGHAAEYGAEALERM		
VGGHAAEYGAEALERMFL		
VGGNSKGTLKVLR		
VGGNSKGTLKVLRT		
VGGTGMFTVRMA		
VGHQRNNRQVTL		
VGHQRNNRQVTLEVSGAEP		
VGINYQPPTVVPGGDLAK		
VGKGQPSVLQV		
VGKKQLVEIEKV		
VGMGQKDSYVGDEAQS		
VGMGQKDSYVGDEAQSK		
VGMGQKDSYVGDEAQSKR		
VGMGQKDSYVGDEAQSKRG		
VGMGQKDSYVGDEAQSKRGIL		
VGMGQKDSYVGDEAQSKRGILT		
VGMGQKDSYVGDEAQSKRGILTL		
VGNIEIKDLMVG		
VGNIEIKDLMVGDEASELR		
VGPEADKYR		
VGPEADKYRL		
VGPEADKYRLT		
VGPEADKYRLTYA		
VGPPGPPGPPGPPGPPS		
VGQVELGGGPGAGSLQ		
VGQVELGGGPGAGSLQPLALEGSLQ		
VGSELPPEGVLGAL		
VGSSGDIALHINPR		
VGTSAAPVPSDNH		
VGVNLPQKAGGFL		
VGVSDPNSQAGQQGLVEPTQF		
VGYVSGWGR		
VHASLDKF		
VHASLDKFLA		
VHDLEEDTWYAT		
VHDLEEDTWYATGI		
VHDVKDVLDS		
VHDVKDVLDSVL		
VHEVVTNHAGF		
VHITVLDVNEGP		
VHKAVLDVFEEGTEA		
VHKAVLDVFEEGTEASAA		
VHKAVLTIDEK		
VHKAVLTIDEKGTEAA		
VHKAVLTIDEKGTEAAGA		
VHLTPEEK		
VHLTPEEKS		
VHLTPEEKSA		
VHLTPEEKSAV		
VHLTPEEKSAVT		
VHLTPEEKSAVTA		
VHLTPEEKSAVTAL		
VHLTPEEKSAVTALWGKVNV		
VHLTPEEKSAVTALWGKVNVDEV		
VHLTPEEKTAV		
VHLTPEEKTAVN		
VHLTPEEKTAVNAL		
VHRFQSPAGTEA		
VHTFPAVLQSSGL		
VHTGLKLERALL		
VHVGDEDFVHL		
VHVGDEDFVHLR		
VIAELPPKVSV		
VIAVHYLDETEQWEK		
VIDEVRTGTY		
VIDKSGSMSGRKIQQTREAL		
VIDPNNAAVLQSSGKNL		
VIDQSRVL		
VIDQSRVLN		
VIDQSRVLNL		
VIDQSRVLNLG		
VIDQSRVLNLGP		
VIDQSRVLNLGPI		
VIDQSRVLNLGPIT		
VIDQSRVLNLGPITR		
VIDQSRVLNLGPITRK		
VIEPQGLRF		
VIESPPEIN		
VIESPPEINT		
VIGPDGHKEVTKEVV		
VIHDNFGIVEGLMT		
VIHDNFGIVEGLMTTV		
VIISAPSADAPMFV		
VIITAGARQQEGESR		
VIITAGARQQEGESRLNL		
VIKGARDSHAGL		
VIKGARDSHAGLYM		
VIKMGVAAHKKSHEESHKE		
VIKVKPKQLV		
VILGAHQEV		
VILGAHQEVNLEPHVQEI		
VILGAHQEVNLEPHVQEIEVS		
VILHSGSDMVQAER		
VIMLTDGDANVGESRPEKI		
VINGGSHAGNKLAMQE		
VINQAGDTIFNRAK		
VIRDAVTYTEHAKRKTVTAMD		
VIRESSSTTGMVVG		
VIRGWEEGVAQM		
VIRVYIASSSGSTA		
VKAHYGGFTVQNEAN		
VKAHYGGFTVQNEANK		
VKAHYGGFTVQNEANKYQI		
VKAQYEDIAQKSK		
VKAQYEDIAQKSKAE		
VKDISEVVTPR		
VKDLATVYVDVLK		
VKDMENLEDV		
VKDMENLEDVFY		
VKDMENLEDVFYQMI		
VKDYFPEPVTV		
VKEILKEQENRKGLIA		
VKEKLKIDS		
VKELDRDT		
VKELDRDTVFA		
VKELDRDTVFAL		
VKEQLSLLDRFTED		
VKGQTLLAVAKSQ		
VKHKPKATKEQLKAVMDD		
VKHSTIFENL		
VKIDQTVEELR		
VKIDQTVEELRR		
VKKGGSFQLNELQGLK		
VKKSASDLTWDNLK		
VKKSASDLTWDNLKGK		
VKKSASDLTWDNLKGKK		
VKLFDSDPI		
VKLFDSDPITV		
VKNEDSLVFVQT		
VKQADSGSSEEKQLYNKYPDA		
VKQADSGSSEEKQLYNKYPDAVAT		
VKQEDMKGHF		
VKQGFEPPSFV		
VKQLIKAIQ		
VKSPELQAEAK		
VKSPELQAEAKSYFEK		
VKSPISVPGGSAL		
VKVEPLYELV		
VKVLDAVRGSPAIN		
VKVLDAVRGSPAINV		
VKVLDAVRGSPAINVA		
VKVPMMKRLG		
VKVQLSNDFDEY		
VKVSEADSSNADWVTKQL		
VKVTSIQD		
VKVTSIQDW		
VKVTSIQDWVQKT		
VKVTSIQDWVQKTIAEN		
VKVWPQQPSGEL		
VKVWPQQPSGELFE		
VKWITKQQNAQGGFSSTQDTVV		
VLAGDKNFITAEELR		
VLAHHFGKE		
VLAHHFGKEFTPPVQ		
VLAHHFGKEFTPPVQAA		
VLALTQNHHK		
VLALTQNHHKQYYEGSEI		
VLAPDGSTVAVEPLLA		
VLARNFGKEFTPQMQAA		
VLDAVRGSPAIN		
VLDAVRGSPAINV		
VLDAVRGSPAINVA		
VLDAVRGSPAINVAV		
VLDKAMKAKVA		
VLDLPDLPEDK		
VLDLPDLPEDKLAQSV		
VLDLTRNAL		
VLDPFTIKPLDR		
VLDSGFREIENK		
VLDVFEEGTEASAA		
VLDVFEEGTEASAATAV		
VLDVFEEGTEASAATAVKI		
VLEAHDAQGDVPVTV		
VLEEEFQNISPEELK		
VLELEGKKWR		
VLEVDPNIQAVR		
VLFYVDSEKLK		
VLGAFSDGLAHLDNLK		
VLGAHNLSR		
VLGEGATEAEISM		
VLGEGATEAEISMT		
VLGEGATEAEISMTST		
VLGEHGDSSVPVWSGMNV		
VLGNPKSDEMNVK		
VLGQLGITKV		
VLGQYVGNPDGEGEATK		
VLHIGEKGTEA		
VLHPNYHQV		
VLHPNYHQVDIGL		
VLHPNYHQVDIGLI		
VLHPNYSQVDI		
VLHPNYSQVDIG		
VLHPNYSQVDIGL		
VLHPNYSQVDIGLI		
VLISPEASSRFGSSL		
VLITEHGDLGNSRF		
VLKATAPFK		
VLKATAPFKYE		
VLKDQVNTFDNI		
VLKDQVNTFDNIFIAPV		
VLKENQLEVL		
VLKENQLEVLE		
VLKGDVEKLSK		
VLKQVHPDTGI		
VLKQVHPDTGISS		
VLKQVHPDTGISSK		
VLKQVHPDTGISSKA		
VLKQVHPDTGISSKAM		
VLKQVHPDTGISSKAMG		
VLKQVHPDTGISSKAMGI		
VLKQVHPDTGISSKAMGIM		
VLKQVHPDTGISSKAMGIMN		
VLKQVHPDTGISSKAMGIMNS		
VLKSKDDQVTVI		
VLKTFAQARA		
VLLDGVQNPR		
VLLDGVQNPRAEDLVGK		
VLLDGVQNPRAEDLVGKSL		
VLLDGVQNPRAEDLVGKSLYV		
VLLPKKTESHH		
VLLPSKDVMQGTDE		
VLLQGARGFA		
VLLVFANKQDLPNAMNA		
VLNLGPITR		
VLNLGPITRK		
VLNRNPVNY		
VLPGGNLGAQNLSESA		
VLPGGNLGAQNLSESAAVK		
VLPGGNLGAQNLSESAAVKEI		
VLPRSLDFTELDVAAEKI		
VLQIEKEGA		
VLQIEKEGAIHR		
VLQIEKEGAIHREEL		
VLQLNEEGVDTAGSTGV		
VLQPSVEPTQPTPQAV		
VLQSSGLYSLSSV		
VLQSSGLYSLSSVV		
VLRDTDTGALL		
VLRENADSLQAS		
VLSGGTTMYPGIADR		
VLSGGTTMYPGIADRM		
VLSGGTTMYPGIADRMQ		
VLSGGTTMYPGIADRMQK		
VLSGGTTMYPGIADRMQKEI		
VLSGGTTMYPGIADRMQKEIT		
VLSLYASGRTT		
VLSLYASGRTTGIVMDS		
VLSPADKTN		
VLSPADKTNV		
VLSPADKTNVK		
VLSPADKTNVKA		
VLSPADKTNVKAA		
VLSPADKTNVKAAWGK		
VLSPADKTNVKAAWGKVG		
VLSPADKTNVKAAWGKVGA		
VLSPADKTNVKAAWGKVGAHA		
VLTGYQVDKNKDDE		
VLTGYQVDKNKDDELTGF		
VLTIDEKGTEA		
VLTIDEKGTEAA		
VLTIDEKGTEAAGA		
VLTIDEKGTEAAGAM		
VLTIDEKGTEAAGAMF		
VLTIDEKGTEAAGAMFL		
VLTIDEKGTEAAGAMFLEAI		
VLTIDEKGTEAAGAMFLEAIPM		
VLVAVDKGVFV		
VLVESYTLPDGR		
VLVESYTLPDGRII		
VLVESYTLPDGRIIK		
VLVPAGSARPVAF		
VLVPSLLHTEAPK		
VLVRGGASEHI		
VLYDVKREEK		
VMDKYTFELSR		
VMDSGDGVTHTVPIYEGY		
VMVGMGQKDCYVGDEAQSK		
VMVGMGQKDSYVGDEAQSK		
VNDIFERIAGEA		
VNDIFERIAGEAS		
VNDNEEGFFSAR		
VNDNEEGFFSARGHRPLD		
VNDNEEGFFSARGHRPLDK		
VNFAMNVGK		
VNIENPEGIPVKQDSLSSQNQL		
VNITPAEVGVLVGKDRS		
VNITPAEVGVLVGKDRSS		
VNITPAEVGVLVGKDRSSF		
VNKEIQNAVNGVKQ		
VNLEPHVQEIEVSRL		
VNLGGSKSISIS		
VNRNNLELSTPLKI		
VNRNNLELSTPLKIETI		
VNTANEAREVAFDLEIPK		
VNTANEAREVAFDLEIPKTAFI		
VNVDAVGGEALGRL		
VNVDAVGGEALGRLL		
VNVDEVGGEALG		
VNVDEVGGEALGR		
VNVDEVGGEALGRL		
VNVDEVGGEALGRLL		
VNVDEVGGEALGRLLV		
VNWIDSIIQR		
VPAPPPPPPPPPP		
VPDLVPGNF		
VPDLVPGNFK		
VPLKTGLQEVEV		
VPLKTGLQEVEVK		
VPLKTGLQEVEVKAA		
VPLVYGGETKMVET		
VPPFLQPEV		
VPVAVQGEDTVQSLTQGDGV		
VPVAVQGEDTVQSLTQGDGVAK		
VPVAVQGEDTVQSLTQGDGVAKLSI		
VPVERKAEEEHLGILGPQLH		
VPYVIVPLK		
VPYVIVPLKT		
VPYVIVPLKTGLQEVEVK		
VQAAVGTSAAPVPSDNH		
VQELLPSSFGPEDLQKTQ		
VQESQVAQQARG		
VQGEDTVQSLTQGDGVAK		
VQGEDTVQSLTQGDGVAKLSI		
VQGFFPQEPLSV		
VQGGVAQLVIKGARDS		
VQGGVAQLVIKGARDSHAG		
VQKAKLAEQAERY		
VQKAKLAEQAERYDDMAAAMKA		
VQLEGDNKLVTTFK		
VQLLDSSNQEERLPEGS		
VQLLDSSNQEERLPEGSVS		
VQLLDSSNQEERLPEGSVSL		
VQLQDVPRGQVV		
VQLQDVPRGQVVKGS		
VQLQDVPRGQVVKGSVF		
VQPYLDDFQK		
VQPYLDDFQKK		
VQQMEQLR		
VQQMEQLRQK		
VQRIFENGYDPVNL		
VQRIFENGYDPVNLLND		
VQRNVNIFK		
VQSTITSRMAT		
VQTKGTGASGSF		
VQTKGTGASGSFK		
VQTKGTGASGSFKLN		
VQTKGTGASGSFKLNK		
VQWKVDNALQSGNSQE		
VQWKVDNALQSGNSQESV		
VQWKVDNALQSGNSQESVTEQDSK		
VQYKTQVVAGTNY		
VRALGGVNAAR		
VRALGGVNAARR		
VRAWGPGLEGGVVGK		
VREIAQDFKTDL		
VREIAQDFKTDLRFQSS		
VRFLEQQNK		
VRFLEQQNKL		
VRFPTDQLTPDQER		
VRLLLPGELA		
VRLLLPGELAK		
VRLLLPGELAKHAV		
VRLRSSVPGVR		
VRSSTSPTTNV		
VRTLDPERLGR		
VRTLDPERLGREGV		
VRTPGAAANLEL		
VRVTASDPLDTLGSEGALSPGGVA		
VRVYSLNDDLKPAKRETV		
VRYTKKVPQVST		
VRYTKKVPQVSTPT		
VRYTKKVPQVSTPTL		
VRYTKKVPQVSTPTLV		
VRYTKKVPQVSTPTLVE		
VRYTKKVPQVSTPTLVEV		
VRYTRKVPQVSTPTL		
VSALLTPAEQTGTWK		
VSDATGQMNLTK		
VSDIRPGSDPTKPDATLV		
VSDPKFHPLHSK		
VSEADSSNADWVTK		
VSEADSSNADWVTKQLNEI		
VSEFLKQAW		
VSEGTKAVTKYT		
VSEGTKAVTKYTSAK		
VSEGTKAVTKYTSSK		
VSELQSGKWGAK		
VSEMKVRPA		
VSETESRGSESGIFT		
VSETESRGSESGIFTNT		
VSETESRGSESGIFTNTK		
VSETESRGSESGIFTNTKES		
VSFAEDASSSLR		
VSFELFADKVPK		
VSFLSALEEYTK		
VSFLSALEEYTKK		
VSFLSALEEYTKKLNTQ		
VSGFGVMEEKIAHDLR		
VSGFHPSDIE		
VSGFHPSDIEV		
VSGFHPSDIEVD		
VSKGTLVQT		
VSKGTLVQTK		
VSKGTLVQTKGTGA		
VSKGTLVQTKGTGASG		
VSKGTLVQTKGTGASGSF		
VSKKLNVTEQEKIDKL		
VSLGSPSGEVSHP		
VSLGSPSGEVSHPR		
VSLGSPSGEVSHPRKT		
VSLPFGIATNQDL		
VSPGTRREYHTEKLVTSKGDKEL		
VSQEQSKPPGPSGASTSAAV		
VSQFEGSALGKQLNL		
VSQFTLPKSVSDGI		
VSREFHSHEFH		
VSREFHSHEFHSHED		
VSREFHSHEFHSHEDM		
VSRMDKVERLKQV		
VSSRSELNQVDQVGYV		
VSTTYSGVTR		
VSTVLTSKYR		
VSVGGEKRDLEIEVV		
VSVNERVMPI		
VSYTGSRSASNM		
VTASDPLDTLGSEGALSPGGVA		
VTASDPLDTLGSEGALSPGGVASL		
VTDSSWSARKSQL		
VTFEYPSNAVEEVTQNN		
VTGSPFQFTVGPLGEG		
VTIAQGGVLPN		
VTIAQGGVLPNIQ		
VTIAQGGVLPNIQA		
VTIAQGGVLPNIQAV		
VTIKKDVDGAY		
VTIMPKDIQLA		
VTKFYFQEDE		
VTKTDKTLVLL		
VTLEGHTKR		
VTNPDGSPAYRVPV		
VTNPDGSPAYRVPVAV		
VTNPDGSPAYRVPVAVQGED		
VTNPDGSPAYRVPVAVQGEDT		
VTRNPQTARQAHL		
VTRNPQTARQAHLYRG		
VTRQEDLSVGSVL		
VTSIQDWVQK		
VTSIQDWVQKT		
VTSIQDWVQKTI		
VTSIQDWVQKTIAEN		
VTSQVVNTANEAREVA		
VTTVASHTSDSDVPSGVTEV		
VTVPSSNFGTQT		
VTVPSSSLGTQT		
VTVTKTDKTLVLL		
VTWIEGVMRNN		
VVAGKFDPAKLDQI		
VVAGKFDPAKLDQIESV		
VVAGKLQDRGPDVL		
VVAGKLQDRGPDVLT		
VVAGKLQDRGPDVLTA		
VVAGRIADNK		
VVAGRIADNKQSSFK		
VVAGRLVDEDMNSFK		
VVAGVANALAH		
VVAGVANALAHK		
VVAGVANALAHKY		
VVAGVANALAHKYH		
VVAQGVGIPEDSIFT		
VVARGSFEFPVGDAV		
VVATGADPSDLESGGLLHE		
VVDLMAHMASK		
VVDLMAHMASKE		
VVDLTDIDPDVAYSSVPYEKG		
VVDPKSKEEDKHL		
VVDPKSKEEDKHLK		
VVDPKSKEEDKHLKF		
VVDPKSKEEDKHLKFR		
VVDPKSKEEDKHLKFRISH		
VVDPKSKEEDKHLKFRISHELD		
VVDPKSKEEDKHLKFRISHELDS		
VVDVSHEDPEVKF		
VVDVSHEDPEVQFK		
VVEHPEFL		
VVENGESSQGRF		
VVENGESSQGRFS		
VVENGESSQGRFSVQM		
VVETDYDQYAL		
VVETDYDQYALL		
VVGAQSLKEMVSK		
VVGEPGITVTHL		
VVGGEDAKPGQFPWQV		
VVHQDWLNGKE		
VVHTNYDEYA		
VVHTNYDEYAIF		
VVITDGEKFGDPLGY		
VVITTLKVTDADAPNTPAWEAV		
VVKKDSGFQM		
VVKKDSGFQMNQL		
VVKKDSGFQMNQLR		
VVKKGGSFQL		
VVKKSASDLTWDNL		
VVKKSASDLTWDNLK		
VVKLFDSDPI		
VVKLFDSDPIT		
VVKLFDSDPITV		
VVKLFDSDPITVTVPVEV		
VVKQGFEPPSF		
VVLAPDGSTVAVEPLL		
VVLGAHNLSR		
VVLGAHNVRTQEPTQQHF		
VVLGAHNVRTQEPTQQHFS		
VVLGAHNVRTQEPTQQHFSVA		
VVLPTETEVAPAKDVTL		
VVLSQGSKMK		
VVNHPDAKSTVEL		
VVNNSPQPQNV		
VVNRANTVQEATF		
VVPPFLQPE		
VVPPFLQPEV		
VVRGNPKLNL		
VVRGNPKLNLAF		
VVSIVALNGREESPLL		
VVSLGSPSGEVSHP		
VVSLGSPSGEVSHPR		
VVSLGSPSGEVSHPRKT		
VVSMDENFHPLNELIPL		
VVSSDFNSDTHSSTF		
VVTNAAGGLNPKFE		
VVTNAAGGLNPKFEVG		
VVTNAAGGLNPKFEVGDIM		
VVTNAAGGLNPKFEVGDIML		
VVTSQVVNTANEAREVAF		
VVTSQVVNTANEAREVAFD		
VVTVPSSSLGTQT		
VVVDVSHEDPE		
VVVDVSHEDPEVKF		
VVVDVSHEDPEVQ		
VVVDVSHEDPEVQF		
VVVKLFDSDPIT		
VVVKLFDSDPITV		
VVVPPFLQPE		
VVVPPFLQPEV		
VVYPWTQR		
VWVHASPEHV		
VYALPEDLVEVNPK		
VYDAYLAPNNLKPV		
VYDAYLAPNNLKPVVA		
VYDQSATALHFLGR		
VYELDKNLKPIKPMQ		
VYELNPLDH		
VYELNPLDHR		
VYELNPLDHRG		
VYELNPLDHRGR		
VYHHFISDG		
VYHHFISDGV		
VYHHFISDGVR		
VYHHFISDGVRK		
VYIQDPKGNR		
VYIQDPKGNRI		
VYKVLKQVHPDT		
VYPFPGPIPN		
VYPWTQRFFESFGDLSTPDA		
VYQAGAREGAERGLSAI		
VYRDDLKKL		
VYSPSVEGSSTELNLPETA		
VYSPSVEGSSTELNLPETANSV		
VYVDVLKDSGRDYV		
WALSQSNPSALRETV		
WAPESAPLKSKM		
WDDMEKIWH		
WDESLAPKHPG		
WDESLAPKHPGS		
WDIQKDLKDL		
WDLDPEVRPTSA		
WDLDPEVRPTSAVAA		
WDNLEKETEGL		
WDNLEKETEGLRQE		
WDQQHKFPV		
WDRELISER		
WDRELISERWK		
WEDPGKQLYNVEAT		
WELLNQAQEHFGKDK		
WEMPFDPQDTHQSRF		
WERPFEVKDTEEED		
WERPFEVKDTEEEDF		
WESAKTAAQNL		
WESAKTAAQNLDL		
WFIENEEQEYVQTVK		
WFNEKSKEL		
WGKEIPLH		
WGKVGAHAGEYG		
WGKVGAHAGEYGAEA		
WGKVGAHAGEYGAEALERM		
WGKVNVDAVGGEA		
WGKVNVDAVGGEAL		
WGKVNVDAVGGEALGRL		
WGKVNVDE		
WGKVNVDEV		
WGKVNVDEVG		
WGKVNVDEVGGE		
WGKVNVDEVGGEA		
WGKVNVDEVGGEAL		
WGKVNVDEVGGEALG		
WGKVNVDEVGGEALGR		
WGKVNVDEVGGEALGRL		
WGKVNVDEVGGEALGRLL		
WGKVNVEDAGGETLGRL		
WGTFEEVSGNVSPGTR		
WIQKVIDQFGE		
WISKQEYDESGPSIV		
WISKQEYDESGPSIVH		
WISKQEYDESGPSIVHRK		
WITKQQNAQGGFSS		
WITKQQNAQGGFSSTQDT		
WKADSSPVKAGV		
WKADSSPVKAGVET		
WKADSSPVKAGVETTTPSKQSNNK		
WKNFPSPVDA		
WKTAQEGDHGSHVYTK		
WKVDNALQSGNSQESV		
WKVDNALQSGNSQESVTE		
WKVDNALQSGNSQESVTEQDSKDS		
WLGNDKISQ		
WLGNDNIHALTAQGTSE		
WLGNDNIHALTAQGTSELRVD		
WLGNEKIHL		
WLNPDPSQK		
WLNPDPSQKQ		
WLNPDPSQKQN		
WLNPDPSQKQNL		
WLNPDPSQKQNLL		
WLNPDPSQKQNLLAPQ		
WLNPDPSQKQNLLAPQN		
WLQGSQELPRE		
WMNGDRIDSLLEND		
WQEEMELYR		
WQEEMELYRQK		
WQPIPVHTVPLSEDQL		
WRDPDQTDGLGLSYL		
WRDSLEFR		
WRQVEGMED		
WRQVEGMEDWKQDSQL		
WRQVEGMEDWKQDSQLQKARED		
WRVENQENVSNLVIEDTELK		
WSGAVLAGRDAV		
WSTVKDKFS		
WSVDPLDRA		
WSVDPLDRAM		
WSVDPLDRAMA		
WSVDPLDRAMAE		
WSVDPLDRAMAEL		
WSVDPLDRAMAELAA		
WTQPFDLASTREEN		
WVAKNTNNKISR		
WVAKNTNNKISRL		
WVAPLNTDGRL		
WVAPLNTDGRLL		
WVAPLNTDGRLLE		
WVGTGASEAEKT		
WVGTGASEAEKTGAQE		
WVGTGASEAEKTGAQEL		
WVGTGASEAEKTGAQELL		
WVKEATEGKIQ		
WVKEATEGKIQE		
WVKEATEGKIQEF		
WVKVSEADSSN		
WVNGQVPDGVSK		
WVQKTIAEN		
WVRQAPGKGL		
WVTDGFSSLK		
YADKPETTKEQLG		
YALPEDLVEVNPK		
YALPEDLVEVNPKM		
YALPEDLVEVNPKMVM		
YALPHAILR		
YALPHAILRL		
YALPHAILRLD		
YALTLTKAPADLRGVAHNNL		
YALYDATYETK		
YAMAKKDPEGLFLQDNIVAE		
YANIRQGA		
YANIRQGASPI		
YANIRQGASPILR		
YASSPGGVYATRSSA		
YDAAKRGPGGA		
YDAAKRGPGGAW		
YDAAKRGPGGAWA		
YDAAKRGPGGAWAAEV		
YDAAQRGPGGVW		
YDAEISQIHQ		
YDAYLAPNNLKPV		
YDESGPSIVHR		
YDESGPSIVHRK		
YDGKGVGLGPGPMG		
YDGQVAVFGSDLQEK		
YDLDPGAGSLEI		
YDLGLQIHKD		
YDLSVLQKP		
YDNEFGYSNR		
YDNEFGYSNRVV		
YDNEFGYSNRVVD		
YDNEFGYSNRVVDL		
YDQSATALHFLGR		
YDSETKNANSLEAKLKE		
YDSETKNANSLEAKLKEMQKF		
YDSTHGKFHGTVK		
YDVEKNNSRI		
YDVEKNNSRIK		
YDVEKNNSRIKL		
YDVEKNNSRIKLG		
YDVEKNNSRIKLGLK		
YDYETVRNGG		
YEASILTHDSSI		
YEDHDATQQLQGFYSQV		
YEGSTVPEKKTPKSP		
YEGSTVPEKKTPKSPV		
YEKTDTDGKF		
YEKTYLPAVDEKL		
YELNPLDHR		
YELNPLDHRGR		
YELPDGQVITIGNERF		
YELTQPPSVSVSPGQTA		
YENEVALRQ		
YESDVMGR		
YESDVMGRGH		
YESDVMGRGHA		
YESDVMGRGHAR		
YESDVMGRGHARL		
YETVRNGGL		
YETVRNGGLI		
YEYARRHPDY		
YEYARRHPDYS		
YEYARRHPDYSV		
YFAGGDAGDAFDGFDFGDDPSDK		
YFEKSKEQLTPL		
YFEKSKEQLTPLIKKAGTEL		
YFKEKVSTQNL		
YFVELGTQPATQ		
YGAATFTR		
YGAATFTRTEK		
YGAATFTRTGK		
YGAATFTRTGKAAQV		
YGAATFTSARK		
YGAKLQPLDFKENAEQSR		
YGDFNKEVHK		
YGGFTVQNEANK		
YGGPVGAGIREV		
YGNQDTSSQLK		
YGNQDTSSQLKK		
YGPDAPTISPSDT		
YGPKTPPVK		
YGPYQPVPEQP		
YGPYQPVPEQPLYPQP		
YGPYQPVPEQPLYPQPYQP		
YGPYQPVPEQPLYPQPYQPQ		
YGQLPKFQDGDLTL		
YGQTIRPI		
YGRAPQLRE		
YGRAPQLRET		
YGRAPQLRETL		
YGRAPQLRETLLQD		
YGSKEDPQTF		
YGSKEDPQTFY		
YGSKEDPQTFYY		
YGSKEDPQTFYYA		
YGSKEDPQTFYYAV		
YGSKEDPQTFYYAVA		
YGSKEDPQTFYYAVAV		
YGTGSETESPRNPS		
YGTGSETESPRNPSSAGSW		
YGVLKTDEGIAYRG		
YGYGPYQPVPEQP		
YGYGPYQPVPEQPLYPQPYQPQ		
YHAKATEHL		
YHAKATEHLST		
YHAKATEHLSTL		
YHFEALADTGI		
YHHFISDGVRK		
YHSHIDAPK		
YHSHIDAPKDI		
YHSHIDAPKDIA		
YHTEKLVTSKGDKEL		
YHTEKLVTSKGDKELR		
YIEKIQPSGGTNINEA		
YIEKIQPSGGTNINEALLR		
YIETDPANRDRRTPI		
YIGGSPNTADL		
YIGSDKYFH		
YIGSDKYFHA		
YIGSDKYFHAR		
YKAIPVAQD		
YKEGFGHLSPTG		
YKEGFGHLSPTGTTEF		
YKILQADQEL		
YKSFSTALYGESDL		
YKTIDDLKNQ		
YKTIDDLKNQI		
YKTIDDLKNQIL		
YKVSDATGQMNL		
YKVSNGAGTMS		
YLADEIIIRDL		
YLAPNNLKPV		
YLAPNNLKPVV		
YLAPNNLKPVVA		
YLAPNNLKPVVAEF		
YLAPNNLKPVVAEFYGSKEDPQT		
YLDDEKNWG		
YLDNNKISNIPDEY		
YLDPALELGPRN		
YLDPALELGPRNVL		
YLGALDHTADRLQ		
YLGEEYVKAV		
YLGGPFSPNVLN		
YLIPNATQPESK		
YLKHQMDL		
YLQKGFPIKEDFLEQSEQL		
YLQKPGQSP		
YLQKPGQSPQL		
YLQKPGQSPQLL		
YLQNGPDR		
YLQNGPDRI		
YLQNGPDRIGR		
YLQYTDETFR		
YLRVTTVASHTSDSDVPSGVTE		
YLSEVASGDNKQTTV		
YLSLTPEQWK		
YLTAQPAPTSEDLTSATN		
YLTAQPAPTSEDLTSATNI		
YLTAQPAPTSGDLTSATNI		
YLVQGTQVY		
YLWVGTGASEAEKTGAQEL		
YLYDSETKNANSLEAKLKE		
YMKHATKTAKDAL		
YMKHATKTAKDALSS		
YMVTGNPASDEIK		
YNELRVAPEEHPVL		
YNILPEKEDSPFALK		
YNKRSTITSREIQT		
YNKYPDAVAT		
YNLLKEEQTPQNK		
YNLLPEKDLT		
YNLVPVKMK		
YNNNEDFQVGQAKV		
YNNNEDFQVGQAKVV		
YNPATAKEIINVGHSF		
YNPDESSKPNMI		
YNPDESSKPNMIDA		
YNPDESSKPNMIDAA		
YNPDESSKPNMIDAATLK		
YNQLLRIEEELGSK		
YNQLLRIEEELGSKAK		
YNRGDSTFESK		
YNWQGAQSTQDEVAASA		
YNWQGAQSTQDEVAASAI		
YNWRENLDRDIA		
YPIEHGIITNW		
YPIEHGIITNWDDMEKI		
YPPPPPPPPP		
YPQPYQPQYQQYTF		
YQAGAREGAERGLSAI		
YQEGGVESAFHK		
YQEPVLGPV		
YQGGTYSKASTPNGYDNG		
YQHLADSKNDNDNIFLSPLS		
YQHLADSKNDNDNIFLSPLSIST		
YQHLADSKNDNDNIFLSPLSISTA		
YQISVNKYR		
YQKDKKGISTSAASPAVGTV		
YQKVVAGVAN		
YQKVVAGVANA		
YQKVVAGVANAL		
YQKVVAGVANALAHK		
YQKVVAGVANALAHKYH		
YQPQYQQYTF		
YQPVPEQPLYPQP		
YQQKPGQAP		
YQQKPGQAPRL		
YQQKPGQAPRLL		
YQQKPGQAPV		
YQQKPGQAPVL		
YQQKPGQPPKLL		
YQQLPGTAPK		
YQQLPGTAPKL		
YQQLPGTAPKLL		
YQSKYEEL		
YRDDLKKL		
YRDDLKKLL		
YRDDLKKLLE		
YRGTAGNALMDGA		
YRGTAGNALMDGAS		
YRGTAGNALMDGASQL		
YRITEATKTVG		
YRITEATKTVGSDT		
YRITEATKTVGSDTF		
YRPKIKGEHPGL		
YRQKVEPL		
YRQKVEPLR		
YRQKVEPLRA		
YRQKVEPLRAE		
YRQKVEPLRAELQE		
YRQKVEPLRAELQEGAR		
YRVLKDQVNTFDN		
YSAIKSDTSGDYEITL		
YSDFLLYKSGVYQ		
YSDMREANYIGSDKY		
YSEDLPRAVIDD		
YSEDLPRAVIDDAF		
YSFTTTAEREIV		
YSGSEGSTQTLTKGELK		
YSIITPNIL		
YSIITPNILR		
YSIITPNILRL		
YSIITPNILRLESE		
YSIITPNILRLESEE		
YSIITPNILRLESEET		
YSIITPNILRLESEETM		
YSIQGQHTISPLDL		
YSKQFTSST		
YSKQFTSSTSYNR		
YSKQFTSSTSYNRGDS		
YSKQFTSSTSYNRGDSTFES		
YSKQFTSSTSYNRGDSTFESK		
YSLSSVVTVPSSSL		
YSLSSVVTVPSSSLGTQT		
YSMRKMSM		
YSNEKPFTG		
YSNEKPFTGFE		
YSNEKPFTGFEA		
YSNEKPFTGFEAF		
YSQGSKGPGEDFRM		
YSQGSKGPGEDFRMA		
YSQGSKGPGEDFRMAT		
YSQGSKGPGEDFRMATL		
YSRLKELTLED		
YSRTQTPRAEL		
YSTNYGQAPLSL		
YSTTAVVTNPKE		
YSVFNPSDHDLVL		
YSVKLGHPDTL		
YSVKLGHPDTLNQGEFK		
YSYKVQSTIT		
YTDAPSFSDIPNPI		
YTEFTPTEKDEY		
YTEHQVVSSDFNSDTHSSTFDAGAG		
YTKKVPQVS		
YTKKVPQVST		
YTKKVPQVSTP		
YTKKVPQVSTPT		
YTKKVPQVSTPTL		
YTKKVPQVSTPTLVE		
YTNYEAGKDDYVK		
YTPSGQAGAAASESL		
YTPVVLPRSLDFTEL		
YTQPYQGSSVTLSTE		
YTQQLAFR		
YTRKVPQVSTPTL		
YTVLQNEDTK		
YTVLQNEDTKSG		
YTVLQNEGEYPDTK		
YVDVLKDSGR		
YVDVLKDSGRDYV		
YVEKGTQGKIVD		
YVEKGTQGKIVDL		
YVGDEAQSKRG		
YVGDEAQSKRGILT		
YVGKKQLVE		
YVGKKQLVEIE		
YVGKKQLVEIEK		
YVGKKQLVEIEKV		
YVKVTSIQD		
YVNKEIQNAVNGVKQ		
YVSDAFHKAF		
YVSGFHPSDI		
YVSGFHPSDIE		
YVSGFHPSDIEV		
YVSGFHPSDIEVD		
YVSGFHPSDIEVDL		
YVSGFHPSDIEVDLL		
YVSQFEGSALGKQ		
YVSQFEGSALGKQL		
YVSQFEGSALGKQLN		
YVSQFEGSALGKQLNL		
YVTSAPMPEPQAPGR		
YVTTSTRTY		
YVVHTNYD		
YVVHTNYDE		
YVVHTNYDEY		
YVVHTNYDEYA		
YVVSVYAQNPSGESQPLVQT		
YVVSVYAQNPSGESQPLVQTA		
YWESAKTAAQNL		
YWVNGQVPDGVSK		
YYENSPQQVFSTEF		
YYLQGAKIPKPEAS		
YYQGGTYSK		
YYQGGTYSKA		
YYSPNYNPQSR		
YYSPQSSPDKKLT		
YYTEFTPTEKDEY		
