granularity,protocol,sequence,mic,target_species,is_active,metric,step,sample,value
all_atom,dual,AGYLLPKINLKPLAKLPKKIL,,,0,APLA12.5,1,dn,59.292
all_atom,dual,AGYLLPKINLKPLAKLPKKIL,,,0,APLA12.5,1,up,58.08
all_atom,dual,AGYLLPKINLKPLAKLPKKIL,,,0,APLA12.5,2,dn,59.831
all_atom,dual,AGYLLPKINLKPLAKLPKKIL,,,0,APLA12.5,2,up,61.66
all_atom,dual,AGYLLPKINLKPLAKLPKKIL,,,0,APLA12.5,3,dn,61.175
all_atom,dual,AGYLLPKINLKPLAKLPKKIL,,,0,APLA12.5,3,up,59.973
all_atom,dual,AGYLLPKINLKPLAKLPKKIL,,,0,APLA12.5,4,dn,60.233
all_atom,dual,AGYLLPKINLKPLAKLPKKIL,,,0,APLA12.5,4,up,60.063
all_atom,dual,AGYLLPKINLKPLAKLPKKIL,,,0,APLA12.5,5,dn,59.748
all_atom,dual,AGYLLPKINLKPLAKLPKKIL,,,0,APLA12.5,5,up,57.921
all_atom,dual,AGYLLPKINLKPLAKLPKKIL,,,0,APLA17.5,1,dn,61.679
all_atom,dual,AGYLLPKINLKPLAKLPKKIL,,,0,APLA17.5,1,up,59.876
all_atom,dual,AGYLLPKINLKPLAKLPKKIL,,,0,APLA17.5,2,dn,59.431
all_atom,dual,AGYLLPKINLKPLAKLPKKIL,,,0,APLA17.5,2,up,60.063
all_atom,dual,AGYLLPKINLKPLAKLPKKIL,,,0,APLA17.5,3,dn,59.535
all_atom,dual,AGYLLPKINLKPLAKLPKKIL,,,0,APLA17.5,3,up,58.622
all_atom,dual,AGYLLPKINLKPLAKLPKKIL,,,0,APLA17.5,4,dn,60.184
all_atom,dual,AGYLLPKINLKPLAKLPKKIL,,,0,APLA17.5,4,up,59.949
all_atom,dual,AGYLLPKINLKPLAKLPKKIL,,,0,APLA17.5,5,dn,58.193
all_atom,dual,AGYLLPKINLKPLAKLPKKIL,,,0,APLA17.5,5,up,59.119
all_atom,dual,AGYLLPKINLKPLAKLPKKIL,,,0,APLA2.5,1,dn,82.905
all_atom,dual,AGYLLPKINLKPLAKLPKKIL,,,0,APLA2.5,1,up,82.021
all_atom,dual,AGYLLPKINLKPLAKLPKKIL,,,0,APLA2.5,2,dn,81.105
all_atom,dual,AGYLLPKINLKPLAKLPKKIL,,,0,APLA2.5,2,up,76.321
all_atom,dual,AGYLLPKINLKPLAKLPKKIL,,,0,APLA2.5,3,dn,76.111
all_atom,dual,AGYLLPKINLKPLAKLPKKIL,,,0,APLA2.5,3,up,82.91
all_atom,dual,AGYLLPKINLKPLAKLPKKIL,,,0,APLA2.5,4,dn,83.091
all_atom,dual,AGYLLPKINLKPLAKLPKKIL,,,0,APLA2.5,4,up,81.698
all_atom,dual,AGYLLPKINLKPLAKLPKKIL,,,0,APLA2.5,5,dn,85.605
all_atom,dual,AGYLLPKINLKPLAKLPKKIL,,,0,APLA2.5,5,up,89.008
all_atom,dual,AGYLLPKINLKPLAKLPKKIL,,,0,APLA7.5,1,dn,59.872
all_atom,dual,AGYLLPKINLKPLAKLPKKIL,,,0,APLA7.5,1,up,61.251
all_atom,dual,AGYLLPKINLKPLAKLPKKIL,,,0,APLA7.5,2,dn,62.1
all_atom,dual,AGYLLPKINLKPLAKLPKKIL,,,0,APLA7.5,2,up,61.418
all_atom,dual,AGYLLPKINLKPLAKLPKKIL,,,0,APLA7.5,3,dn,63.292
all_atom,dual,AGYLLPKINLKPLAKLPKKIL,,,0,APLA7.5,3,up,65.092
all_atom,dual,AGYLLPKINLKPLAKLPKKIL,,,0,APLA7.5,4,dn,63.187
all_atom,dual,AGYLLPKINLKPLAKLPKKIL,,,0,APLA7.5,4,up,65.733
all_atom,dual,AGYLLPKINLKPLAKLPKKIL,,,0,APLA7.5,5,dn,67.394
all_atom,dual,AGYLLPKINLKPLAKLPKKIL,,,0,APLA7.5,5,up,63.385
all_atom,dual,AGYLLPKINLKPLAKLPKKIL,,,0,APLS12.5,1,dn,3.27
all_atom,dual,AGYLLPKINLKPLAKLPKKIL,,,0,APLS12.5,1,up,3.759
all_atom,dual,AGYLLPKINLKPLAKLPKKIL,,,0,APLS12.5,2,dn,3.793
all_atom,dual,AGYLLPKINLKPLAKLPKKIL,,,0,APLS12.5,2,up,4.362
all_atom,dual,AGYLLPKINLKPLAKLPKKIL,,,0,APLS12.5,3,dn,3.566
all_atom,dual,AGYLLPKINLKPLAKLPKKIL,,,0,APLS12.5,3,up,3.736
all_atom,dual,AGYLLPKINLKPLAKLPKKIL,,,0,APLS12.5,4,dn,4.112
all_atom,dual,AGYLLPKINLKPLAKLPKKIL,,,0,APLS12.5,4,up,4.285
all_atom,dual,AGYLLPKINLKPLAKLPKKIL,,,0,APLS12.5,5,dn,4.415
all_atom,dual,AGYLLPKINLKPLAKLPKKIL,,,0,APLS12.5,5,up,3.445
all_atom,dual,AGYLLPKINLKPLAKLPKKIL,,,0,APLS17.5,1,dn,3.341
all_atom,dual,AGYLLPKINLKPLAKLPKKIL,,,0,APLS17.5,1,up,3.682
all_atom,dual,AGYLLPKINLKPLAKLPKKIL,,,0,APLS17.5,2,dn,3.675
all_atom,dual,AGYLLPKINLKPLAKLPKKIL,,,0,APLS17.5,2,up,3.468
all_atom,dual,AGYLLPKINLKPLAKLPKKIL,,,0,APLS17.5,3,dn,3.311
all_atom,dual,AGYLLPKINLKPLAKLPKKIL,,,0,APLS17.5,3,up,4.312
all_atom,dual,AGYLLPKINLKPLAKLPKKIL,,,0,APLS17.5,4,dn,4.098
all_atom,dual,AGYLLPKINLKPLAKLPKKIL,,,0,APLS17.5,4,up,3.64
all_atom,dual,AGYLLPKINLKPLAKLPKKIL,,,0,APLS17.5,5,dn,3.57
all_atom,dual,AGYLLPKINLKPLAKLPKKIL,,,0,APLS17.5,5,up,2.881
all_atom,dual,AGYLLPKINLKPLAKLPKKIL,,,0,APLS2.5,1,dn,7.64
all_atom,dual,AGYLLPKINLKPLAKLPKKIL,,,0,APLS2.5,1,up,8.097
all_atom,dual,AGYLLPKINLKPLAKLPKKIL,,,0,APLS2.5,2,dn,7.935
all_atom,dual,AGYLLPKINLKPLAKLPKKIL,,,0,APLS2.5,2,up,6.749
all_atom,dual,AGYLLPKINLKPLAKLPKKIL,,,0,APLS2.5,3,dn,6.485
all_atom,dual,AGYLLPKINLKPLAKLPKKIL,,,0,APLS2.5,3,up,9.443
all_atom,dual,AGYLLPKINLKPLAKLPKKIL,,,0,APLS2.5,4,dn,7.827
all_atom,dual,AGYLLPKINLKPLAKLPKKIL,,,0,APLS2.5,4,up,9.165
all_atom,dual,AGYLLPKINLKPLAKLPKKIL,,,0,APLS2.5,5,dn,8.643
all_atom,dual,AGYLLPKINLKPLAKLPKKIL,,,0,APLS2.5,5,up,8.761
all_atom,dual,AGYLLPKINLKPLAKLPKKIL,,,0,APLS7.5,1,dn,5.422
all_atom,dual,AGYLLPKINLKPLAKLPKKIL,,,0,APLS7.5,1,up,4.998
all_atom,dual,AGYLLPKINLKPLAKLPKKIL,,,0,APLS7.5,2,dn,5.837
all_atom,dual,AGYLLPKINLKPLAKLPKKIL,,,0,APLS7.5,2,up,4.69
all_atom,dual,AGYLLPKINLKPLAKLPKKIL,,,0,APLS7.5,3,dn,4.849
all_atom,dual,AGYLLPKINLKPLAKLPKKIL,,,0,APLS7.5,3,up,5.721
all_atom,dual,AGYLLPKINLKPLAKLPKKIL,,,0,APLS7.5,4,dn,5.588
all_atom,dual,AGYLLPKINLKPLAKLPKKIL,,,0,APLS7.5,4,up,5.51
all_atom,dual,AGYLLPKINLKPLAKLPKKIL,,,0,APLS7.5,5,dn,5.815
all_atom,dual,AGYLLPKINLKPLAKLPKKIL,,,0,APLS7.5,5,up,6.264
all_atom,dual,AGYLLPKINLKPLAKLPKKIL,,,0,H0,1,dn,0.0
all_atom,dual,AGYLLPKINLKPLAKLPKKIL,,,0,H0,1,up,0.0
all_atom,dual,AGYLLPKINLKPLAKLPKKIL,,,0,H0,2,dn,0.0
all_atom,dual,AGYLLPKINLKPLAKLPKKIL,,,0,H0,2,up,0.0
all_atom,dual,AGYLLPKINLKPLAKLPKKIL,,,0,H0,3,dn,0.0
all_atom,dual,AGYLLPKINLKPLAKLPKKIL,,,0,H0,3,up,0.0
all_atom,dual,AGYLLPKINLKPLAKLPKKIL,,,0,H0,4,dn,0.0
all_atom,dual,AGYLLPKINLKPLAKLPKKIL,,,0,H0,4,up,0.0
all_atom,dual,AGYLLPKINLKPLAKLPKKIL,,,0,H0,5,dn,0.0
all_atom,dual,AGYLLPKINLKPLAKLPKKIL,,,0,H0,5,up,0.0
all_atom,dual,AGYLLPKINLKPLAKLPKKIL,,,0,H1,1,dn,0.01
all_atom,dual,AGYLLPKINLKPLAKLPKKIL,,,0,H1,1,up,0.079
all_atom,dual,AGYLLPKINLKPLAKLPKKIL,,,0,H1,2,dn,0.0
all_atom,dual,AGYLLPKINLKPLAKLPKKIL,,,0,H1,2,up,0.0
all_atom,dual,AGYLLPKINLKPLAKLPKKIL,,,0,H1,3,dn,0.0
all_atom,dual,AGYLLPKINLKPLAKLPKKIL,,,0,H1,3,up,0.0
all_atom,dual,AGYLLPKINLKPLAKLPKKIL,,,0,H1,4,dn,0.0
all_atom,dual,AGYLLPKINLKPLAKLPKKIL,,,0,H1,4,up,0.0
all_atom,dual,AGYLLPKINLKPLAKLPKKIL,,,0,H1,5,dn,0.0
all_atom,dual,AGYLLPKINLKPLAKLPKKIL,,,0,H1,5,up,0.149
all_atom,dual,AGYLLPKINLKPLAKLPKKIL,,,0,H10,1,dn,0.0
all_atom,dual,AGYLLPKINLKPLAKLPKKIL,,,0,H10,1,up,0.0
all_atom,dual,AGYLLPKINLKPLAKLPKKIL,,,0,H10,2,dn,0.0
all_atom,dual,AGYLLPKINLKPLAKLPKKIL,,,0,H10,2,up,0.0
all_atom,dual,AGYLLPKINLKPLAKLPKKIL,,,0,H10,3,dn,0.0
all_atom,dual,AGYLLPKINLKPLAKLPKKIL,,,0,H10,3,up,0.0
all_atom,dual,AGYLLPKINLKPLAKLPKKIL,,,0,H10,4,dn,0.0
all_atom,dual,AGYLLPKINLKPLAKLPKKIL,,,0,H10,4,up,0.0
all_atom,dual,AGYLLPKINLKPLAKLPKKIL,,,0,H10,5,dn,0.0
all_atom,dual,AGYLLPKINLKPLAKLPKKIL,,,0,H10,5,up,0.0
all_atom,dual,AGYLLPKINLKPLAKLPKKIL,,,0,H2,1,dn,1.0
all_atom,dual,AGYLLPKINLKPLAKLPKKIL,,,0,H2,1,up,1.0
all_atom,dual,AGYLLPKINLKPLAKLPKKIL,,,0,H2,2,dn,0.99
all_atom,dual,AGYLLPKINLKPLAKLPKKIL,,,0,H2,2,up,0.99
all_atom,dual,AGYLLPKINLKPLAKLPKKIL,,,0,H2,3,dn,0.99
all_atom,dual,AGYLLPKINLKPLAKLPKKIL,,,0,H2,3,up,1.0
all_atom,dual,AGYLLPKINLKPLAKLPKKIL,,,0,H2,4,dn,0.99
all_atom,dual,AGYLLPKINLKPLAKLPKKIL,,,0,H2,4,up,0.97
all_atom,dual,AGYLLPKINLKPLAKLPKKIL,,,0,H2,5,dn,1.0
all_atom,dual,AGYLLPKINLKPLAKLPKKIL,,,0,H2,5,up,1.0
all_atom,dual,AGYLLPKINLKPLAKLPKKIL,,,0,H3,1,dn,1.0
all_atom,dual,AGYLLPKINLKPLAKLPKKIL,,,0,H3,1,up,1.0
all_atom,dual,AGYLLPKINLKPLAKLPKKIL,,,0,H3,2,dn,1.0
all_atom,dual,AGYLLPKINLKPLAKLPKKIL,,,0,H3,2,up,1.0
all_atom,dual,AGYLLPKINLKPLAKLPKKIL,,,0,H3,3,dn,1.0
all_atom,dual,AGYLLPKINLKPLAKLPKKIL,,,0,H3,3,up,1.0
all_atom,dual,AGYLLPKINLKPLAKLPKKIL,,,0,H3,4,dn,1.0
all_atom,dual,AGYLLPKINLKPLAKLPKKIL,,,0,H3,4,up,1.0
all_atom,dual,AGYLLPKINLKPLAKLPKKIL,,,0,H3,5,dn,1.0
all_atom,dual,AGYLLPKINLKPLAKLPKKIL,,,0,H3,5,up,1.0
all_atom,dual,AGYLLPKINLKPLAKLPKKIL,,,0,H4,1,dn,0.921
all_atom,dual,AGYLLPKINLKPLAKLPKKIL,,,0,H4,1,up,0.95
all_atom,dual,AGYLLPKINLKPLAKLPKKIL,,,0,H4,2,dn,0.941
all_atom,dual,AGYLLPKINLKPLAKLPKKIL,,,0,H4,2,up,0.97
all_atom,dual,AGYLLPKINLKPLAKLPKKIL,,,0,H4,3,dn,0.386
all_atom,dual,AGYLLPKINLKPLAKLPKKIL,,,0,H4,3,up,0.99
all_atom,dual,AGYLLPKINLKPLAKLPKKIL,,,0,H4,4,dn,0.772
all_atom,dual,AGYLLPKINLKPLAKLPKKIL,,,0,H4,4,up,0.96
all_atom,dual,AGYLLPKINLKPLAKLPKKIL,,,0,H4,5,dn,0.941
all_atom,dual,AGYLLPKINLKPLAKLPKKIL,,,0,H4,5,up,0.96
all_atom,dual,AGYLLPKINLKPLAKLPKKIL,,,0,H5,1,dn,0.95
all_atom,dual,AGYLLPKINLKPLAKLPKKIL,,,0,H5,1,up,0.96
all_atom,dual,AGYLLPKINLKPLAKLPKKIL,,,0,H5,2,dn,0.98
all_atom,dual,AGYLLPKINLKPLAKLPKKIL,,,0,H5,2,up,0.99
all_atom,dual,AGYLLPKINLKPLAKLPKKIL,,,0,H5,3,dn,0.99
all_atom,dual,AGYLLPKINLKPLAKLPKKIL,,,0,H5,3,up,0.99
all_atom,dual,AGYLLPKINLKPLAKLPKKIL,,,0,H5,4,dn,0.99
all_atom,dual,AGYLLPKINLKPLAKLPKKIL,,,0,H5,4,up,0.98
all_atom,dual,AGYLLPKINLKPLAKLPKKIL,,,0,H5,5,dn,0.99
all_atom,dual,AGYLLPKINLKPLAKLPKKIL,,,0,H5,5,up,0.97
all_atom,dual,AGYLLPKINLKPLAKLPKKIL,,,0,H6,1,dn,0.99
all_atom,dual,AGYLLPKINLKPLAKLPKKIL,,,0,H6,1,up,0.99
all_atom,dual,AGYLLPKINLKPLAKLPKKIL,,,0,H6,2,dn,0.99
all_atom,dual,AGYLLPKINLKPLAKLPKKIL,,,0,H6,2,up,0.98
all_atom,dual,AGYLLPKINLKPLAKLPKKIL,,,0,H6,3,dn,1.0
all_atom,dual,AGYLLPKINLKPLAKLPKKIL,,,0,H6,3,up,0.99
all_atom,dual,AGYLLPKINLKPLAKLPKKIL,,,0,H6,4,dn,0.99
all_atom,dual,AGYLLPKINLKPLAKLPKKIL,,,0,H6,4,up,0.99
all_atom,dual,AGYLLPKINLKPLAKLPKKIL,,,0,H6,5,dn,0.98
all_atom,dual,AGYLLPKINLKPLAKLPKKIL,,,0,H6,5,up,0.97
all_atom,dual,AGYLLPKINLKPLAKLPKKIL,,,0,H7,1,dn,0.822
all_atom,dual,AGYLLPKINLKPLAKLPKKIL,,,0,H7,1,up,0.921
all_atom,dual,AGYLLPKINLKPLAKLPKKIL,,,0,H7,2,dn,0.881
all_atom,dual,AGYLLPKINLKPLAKLPKKIL,,,0,H7,2,up,0.891
all_atom,dual,AGYLLPKINLKPLAKLPKKIL,,,0,H7,3,dn,0.96
all_atom,dual,AGYLLPKINLKPLAKLPKKIL,,,0,H7,3,up,0.901
all_atom,dual,AGYLLPKINLKPLAKLPKKIL,,,0,H7,4,dn,0.733
all_atom,dual,AGYLLPKINLKPLAKLPKKIL,,,0,H7,4,up,0.812
all_atom,dual,AGYLLPKINLKPLAKLPKKIL,,,0,H7,5,dn,0.782
all_atom,dual,AGYLLPKINLKPLAKLPKKIL,,,0,H7,5,up,0.634
all_atom,dual,AGYLLPKINLKPLAKLPKKIL,,,0,H8,1,dn,0.99
all_atom,dual,AGYLLPKINLKPLAKLPKKIL,,,0,H8,1,up,0.97
all_atom,dual,AGYLLPKINLKPLAKLPKKIL,,,0,H8,2,dn,0.96
all_atom,dual,AGYLLPKINLKPLAKLPKKIL,,,0,H8,2,up,0.901
all_atom,dual,AGYLLPKINLKPLAKLPKKIL,,,0,H8,3,dn,0.97
all_atom,dual,AGYLLPKINLKPLAKLPKKIL,,,0,H8,3,up,0.95
all_atom,dual,AGYLLPKINLKPLAKLPKKIL,,,0,H8,4,dn,0.871
all_atom,dual,AGYLLPKINLKPLAKLPKKIL,,,0,H8,4,up,0.95
all_atom,dual,AGYLLPKINLKPLAKLPKKIL,,,0,H8,5,dn,0.881
all_atom,dual,AGYLLPKINLKPLAKLPKKIL,,,0,H8,5,up,0.98
all_atom,dual,AGYLLPKINLKPLAKLPKKIL,,,0,H9,1,dn,0.99
all_atom,dual,AGYLLPKINLKPLAKLPKKIL,,,0,H9,1,up,0.95
all_atom,dual,AGYLLPKINLKPLAKLPKKIL,,,0,H9,2,dn,0.901
all_atom,dual,AGYLLPKINLKPLAKLPKKIL,,,0,H9,2,up,0.812
all_atom,dual,AGYLLPKINLKPLAKLPKKIL,,,0,H9,3,dn,0.921
all_atom,dual,AGYLLPKINLKPLAKLPKKIL,,,0,H9,3,up,0.931
all_atom,dual,AGYLLPKINLKPLAKLPKKIL,,,0,H9,4,dn,0.772
all_atom,dual,AGYLLPKINLKPLAKLPKKIL,,,0,H9,4,up,0.861
all_atom,dual,AGYLLPKINLKPLAKLPKKIL,,,0,H9,5,dn,0.743
all_atom,dual,AGYLLPKINLKPLAKLPKKIL,,,0,H9,5,up,0.95
all_atom,dual,AGYLLPKINLKPLAKLPKKIL,,,0,HM,1,dn,0.76
all_atom,dual,AGYLLPKINLKPLAKLPKKIL,,,0,HM,1,up,0.785
all_atom,dual,AGYLLPKINLKPLAKLPKKIL,,,0,HM,2,dn,0.773
all_atom,dual,AGYLLPKINLKPLAKLPKKIL,,,0,HM,2,up,0.752
all_atom,dual,AGYLLPKINLKPLAKLPKKIL,,,0,HM,3,dn,0.746
all_atom,dual,AGYLLPKINLKPLAKLPKKIL,,,0,HM,3,up,0.779
all_atom,dual,AGYLLPKINLKPLAKLPKKIL,,,0,HM,4,dn,0.728
all_atom,dual,AGYLLPKINLKPLAKLPKKIL,,,0,HM,4,up,0.752
all_atom,dual,AGYLLPKINLKPLAKLPKKIL,,,0,HM,5,dn,0.733
all_atom,dual,AGYLLPKINLKPLAKLPKKIL,,,0,HM,5,up,0.772
all_atom,dual,AGYLLPKINLKPLAKLPKKIL,,,0,PEPT_BUR_MAX,1,dn,4.09
all_atom,dual,AGYLLPKINLKPLAKLPKKIL,,,0,PEPT_BUR_MAX,1,up,1.73
all_atom,dual,AGYLLPKINLKPLAKLPKKIL,,,0,PEPT_BUR_MAX,2,dn,2.01
all_atom,dual,AGYLLPKINLKPLAKLPKKIL,,,0,PEPT_BUR_MAX,2,up,1.76
all_atom,dual,AGYLLPKINLKPLAKLPKKIL,,,0,PEPT_BUR_MAX,3,dn,1.91
all_atom,dual,AGYLLPKINLKPLAKLPKKIL,,,0,PEPT_BUR_MAX,3,up,3.13
all_atom,dual,AGYLLPKINLKPLAKLPKKIL,,,0,PEPT_BUR_MAX,4,dn,1.91
all_atom,dual,AGYLLPKINLKPLAKLPKKIL,,,0,PEPT_BUR_MAX,4,up,1.99
all_atom,dual,AGYLLPKINLKPLAKLPKKIL,,,0,PEPT_BUR_MAX,5,dn,4.58
all_atom,dual,AGYLLPKINLKPLAKLPKKIL,,,0,PEPT_BUR_MAX,5,up,4.83
all_atom,dual,AGYLLPKINLKPLAKLPKKIL,,,0,S,1,dn,0.875
all_atom,dual,AGYLLPKINLKPLAKLPKKIL,,,0,S,1,up,0.963
all_atom,dual,AGYLLPKINLKPLAKLPKKIL,,,0,S,2,dn,0.993
all_atom,dual,AGYLLPKINLKPLAKLPKKIL,,,0,S,2,up,0.982
all_atom,dual,AGYLLPKINLKPLAKLPKKIL,,,0,S,3,dn,0.99
all_atom,dual,AGYLLPKINLKPLAKLPKKIL,,,0,S,3,up,0.948
all_atom,dual,AGYLLPKINLKPLAKLPKKIL,,,0,S,4,dn,0.97
all_atom,dual,AGYLLPKINLKPLAKLPKKIL,,,0,S,4,up,0.95
all_atom,dual,AGYLLPKINLKPLAKLPKKIL,,,0,S,5,dn,0.933
all_atom,dual,AGYLLPKINLKPLAKLPKKIL,,,0,S,5,up,0.915
all_atom,dual,AGYLLPKINLKPLAKLPKKIL,,,0,WAT_BUR_MAX,1,dn,7.62
all_atom,dual,AGYLLPKINLKPLAKLPKKIL,,,0,WAT_BUR_MAX,1,up,6.02
all_atom,dual,AGYLLPKINLKPLAKLPKKIL,,,0,WAT_BUR_MAX,2,dn,5.99
all_atom,dual,AGYLLPKINLKPLAKLPKKIL,,,0,WAT_BUR_MAX,2,up,1.57
all_atom,dual,AGYLLPKINLKPLAKLPKKIL,,,0,WAT_BUR_MAX,3,dn,5.74
all_atom,dual,AGYLLPKINLKPLAKLPKKIL,,,0,WAT_BUR_MAX,3,up,1.41
all_atom,dual,AGYLLPKINLKPLAKLPKKIL,,,0,WAT_BUR_MAX,4,dn,2.61
all_atom,dual,AGYLLPKINLKPLAKLPKKIL,,,0,WAT_BUR_MAX,4,up,5.69
all_atom,dual,AGYLLPKINLKPLAKLPKKIL,,,0,WAT_BUR_MAX,5,dn,7.28
all_atom,dual,AGYLLPKINLKPLAKLPKKIL,,,0,WAT_BUR_MAX,5,up,8.22
all_atom,dual,AGYLLPKINLKPLAKLPKKIL,,,0,WAT_BUR_REL,1,dn,3.49
all_atom,dual,AGYLLPKINLKPLAKLPKKIL,,,0,WAT_BUR_REL,1,up,4.7
all_atom,dual,AGYLLPKINLKPLAKLPKKIL,,,0,WAT_BUR_REL,2,dn,5.68
all_atom,dual,AGYLLPKINLKPLAKLPKKIL,,,0,WAT_BUR_REL,2,up,4.0
all_atom,dual,AGYLLPKINLKPLAKLPKKIL,,,0,WAT_BUR_REL,3,dn,5.02
all_atom,dual,AGYLLPKINLKPLAKLPKKIL,,,0,WAT_BUR_REL,3,up,4.89
all_atom,dual,AGYLLPKINLKPLAKLPKKIL,,,0,WAT_BUR_REL,4,dn,4.17
all_atom,dual,AGYLLPKINLKPLAKLPKKIL,,,0,WAT_BUR_REL,4,up,4.01
all_atom,dual,AGYLLPKINLKPLAKLPKKIL,,,0,WAT_BUR_REL,5,dn,3.2
all_atom,dual,AGYLLPKINLKPLAKLPKKIL,,,0,WAT_BUR_REL,5,up,4.01
all_atom,dual,AGYLLPKINLKPLAKLPKKIL,,,0,ZP-0.5,1,dn,0.129
all_atom,dual,AGYLLPKINLKPLAKLPKKIL,,,0,ZP-0.5,1,up,0.134
all_atom,dual,AGYLLPKINLKPLAKLPKKIL,,,0,ZP-0.5,2,dn,0.134
all_atom,dual,AGYLLPKINLKPLAKLPKKIL,,,0,ZP-0.5,2,up,0.112
all_atom,dual,AGYLLPKINLKPLAKLPKKIL,,,0,ZP-0.5,3,dn,0.125
all_atom,dual,AGYLLPKINLKPLAKLPKKIL,,,0,ZP-0.5,3,up,0.132
all_atom,dual,AGYLLPKINLKPLAKLPKKIL,,,0,ZP-0.5,4,dn,0.124
all_atom,dual,AGYLLPKINLKPLAKLPKKIL,,,0,ZP-0.5,4,up,0.149
all_atom,dual,AGYLLPKINLKPLAKLPKKIL,,,0,ZP-0.5,5,dn,0.155
all_atom,dual,AGYLLPKINLKPLAKLPKKIL,,,0,ZP-0.5,5,up,0.137
all_atom,dual,AGYLLPKINLKPLAKLPKKIL,,,0,ZP-1.5,1,dn,0.13
all_atom,dual,AGYLLPKINLKPLAKLPKKIL,,,0,ZP-1.5,1,up,0.159
all_atom,dual,AGYLLPKINLKPLAKLPKKIL,,,0,ZP-1.5,2,dn,0.118
all_atom,dual,AGYLLPKINLKPLAKLPKKIL,,,0,ZP-1.5,2,up,0.169
all_atom,dual,AGYLLPKINLKPLAKLPKKIL,,,0,ZP-1.5,3,dn,0.167
all_atom,dual,AGYLLPKINLKPLAKLPKKIL,,,0,ZP-1.5,3,up,0.131
all_atom,dual,AGYLLPKINLKPLAKLPKKIL,,,0,ZP-1.5,4,dn,0.146
all_atom,dual,AGYLLPKINLKPLAKLPKKIL,,,0,ZP-1.5,4,up,0.134
all_atom,dual,AGYLLPKINLKPLAKLPKKIL,,,0,ZP-1.5,5,dn,0.119
all_atom,dual,AGYLLPKINLKPLAKLPKKIL,,,0,ZP-1.5,5,up,0.126
all_atom,dual,AGYLLPKINLKPLAKLPKKIL,,,0,ZP-2.5,1,dn,0.114
all_atom,dual,AGYLLPKINLKPLAKLPKKIL,,,0,ZP-2.5,1,up,0.143
all_atom,dual,AGYLLPKINLKPLAKLPKKIL,,,0,ZP-2.5,2,dn,0.148
all_atom,dual,AGYLLPKINLKPLAKLPKKIL,,,0,ZP-2.5,2,up,0.141
all_atom,dual,AGYLLPKINLKPLAKLPKKIL,,,0,ZP-2.5,3,dn,0.143
all_atom,dual,AGYLLPKINLKPLAKLPKKIL,,,0,ZP-2.5,3,up,0.107
all_atom,dual,AGYLLPKINLKPLAKLPKKIL,,,0,ZP-2.5,4,dn,0.116
all_atom,dual,AGYLLPKINLKPLAKLPKKIL,,,0,ZP-2.5,4,up,0.117
all_atom,dual,AGYLLPKINLKPLAKLPKKIL,,,0,ZP-2.5,5,dn,0.092
all_atom,dual,AGYLLPKINLKPLAKLPKKIL,,,0,ZP-2.5,5,up,0.094
all_atom,dual,AGYLLPKINLKPLAKLPKKIL,,,0,ZP-3.5,1,dn,0.093
all_atom,dual,AGYLLPKINLKPLAKLPKKIL,,,0,ZP-3.5,1,up,0.109
all_atom,dual,AGYLLPKINLKPLAKLPKKIL,,,0,ZP-3.5,2,dn,0.122
all_atom,dual,AGYLLPKINLKPLAKLPKKIL,,,0,ZP-3.5,2,up,0.129
all_atom,dual,AGYLLPKINLKPLAKLPKKIL,,,0,ZP-3.5,3,dn,0.106
all_atom,dual,AGYLLPKINLKPLAKLPKKIL,,,0,ZP-3.5,3,up,0.082
all_atom,dual,AGYLLPKINLKPLAKLPKKIL,,,0,ZP-3.5,4,dn,0.095
all_atom,dual,AGYLLPKINLKPLAKLPKKIL,,,0,ZP-3.5,4,up,0.079
all_atom,dual,AGYLLPKINLKPLAKLPKKIL,,,0,ZP-3.5,5,dn,0.079
all_atom,dual,AGYLLPKINLKPLAKLPKKIL,,,0,ZP-3.5,5,up,0.068
all_atom,dual,AGYLLPKINLKPLAKLPKKIL,,,0,ZP-4.5,1,dn,0.063
all_atom,dual,AGYLLPKINLKPLAKLPKKIL,,,0,ZP-4.5,1,up,0.078
all_atom,dual,AGYLLPKINLKPLAKLPKKIL,,,0,ZP-4.5,2,dn,0.089
all_atom,dual,AGYLLPKINLKPLAKLPKKIL,,,0,ZP-4.5,2,up,0.107
all_atom,dual,AGYLLPKINLKPLAKLPKKIL,,,0,ZP-4.5,3,dn,0.079
all_atom,dual,AGYLLPKINLKPLAKLPKKIL,,,0,ZP-4.5,3,up,0.051
all_atom,dual,AGYLLPKINLKPLAKLPKKIL,,,0,ZP-4.5,4,dn,0.071
all_atom,dual,AGYLLPKINLKPLAKLPKKIL,,,0,ZP-4.5,4,up,0.037
all_atom,dual,AGYLLPKINLKPLAKLPKKIL,,,0,ZP-4.5,5,dn,0.042
all_atom,dual,AGYLLPKINLKPLAKLPKKIL,,,0,ZP-4.5,5,up,0.028
all_atom,dual,AGYLLPKINLKPLAKLPKKIL,,,0,ZP-5.5,1,dn,0.039
all_atom,dual,AGYLLPKINLKPLAKLPKKIL,,,0,ZP-5.5,1,up,0.044
all_atom,dual,AGYLLPKINLKPLAKLPKKIL,,,0,ZP-5.5,2,dn,0.068
all_atom,dual,AGYLLPKINLKPLAKLPKKIL,,,0,ZP-5.5,2,up,0.076
all_atom,dual,AGYLLPKINLKPLAKLPKKIL,,,0,ZP-5.5,3,dn,0.053
all_atom,dual,AGYLLPKINLKPLAKLPKKIL,,,0,ZP-5.5,3,up,0.032
all_atom,dual,AGYLLPKINLKPLAKLPKKIL,,,0,ZP-5.5,4,dn,0.032
all_atom,dual,AGYLLPKINLKPLAKLPKKIL,,,0,ZP-5.5,4,up,0.026
all_atom,dual,AGYLLPKINLKPLAKLPKKIL,,,0,ZP-5.5,5,dn,0.027
all_atom,dual,AGYLLPKINLKPLAKLPKKIL,,,0,ZP-5.5,5,up,0.02
all_atom,dual,AGYLLPKINLKPLAKLPKKIL,,,0,ZP-6.5,1,dn,0.029
all_atom,dual,AGYLLPKINLKPLAKLPKKIL,,,0,ZP-6.5,1,up,0.028
all_atom,dual,AGYLLPKINLKPLAKLPKKIL,,,0,ZP-6.5,2,dn,0.047
all_atom,dual,AGYLLPKINLKPLAKLPKKIL,,,0,ZP-6.5,2,up,0.046
all_atom,dual,AGYLLPKINLKPLAKLPKKIL,,,0,ZP-6.5,3,dn,0.047
all_atom,dual,AGYLLPKINLKPLAKLPKKIL,,,0,ZP-6.5,3,up,0.014
all_atom,dual,AGYLLPKINLKPLAKLPKKIL,,,0,ZP-6.5,4,dn,0.027
all_atom,dual,AGYLLPKINLKPLAKLPKKIL,,,0,ZP-6.5,4,up,0.02
all_atom,dual,AGYLLPKINLKPLAKLPKKIL,,,0,ZP-6.5,5,dn,0.014
all_atom,dual,AGYLLPKINLKPLAKLPKKIL,,,0,ZP-6.5,5,up,0.008
all_atom,dual,AGYLLPKINLKPLAKLPKKIL,,,0,ZP-7.5,1,dn,0.012
all_atom,dual,AGYLLPKINLKPLAKLPKKIL,,,0,ZP-7.5,1,up,0.012
all_atom,dual,AGYLLPKINLKPLAKLPKKIL,,,0,ZP-7.5,2,dn,0.023
all_atom,dual,AGYLLPKINLKPLAKLPKKIL,,,0,ZP-7.5,2,up,0.027
all_atom,dual,AGYLLPKINLKPLAKLPKKIL,,,0,ZP-7.5,3,dn,0.019
all_atom,dual,AGYLLPKINLKPLAKLPKKIL,,,0,ZP-7.5,3,up,0.008
all_atom,dual,AGYLLPKINLKPLAKLPKKIL,,,0,ZP-7.5,4,dn,0.014
all_atom,dual,AGYLLPKINLKPLAKLPKKIL,,,0,ZP-7.5,4,up,0.008
all_atom,dual,AGYLLPKINLKPLAKLPKKIL,,,0,ZP-7.5,5,dn,0.003
all_atom,dual,AGYLLPKINLKPLAKLPKKIL,,,0,ZP-7.5,5,up,0.002
all_atom,dual,AGYLLPKINLKPLAKLPKKIL,,,0,ZP-8.5,1,dn,0.004
all_atom,dual,AGYLLPKINLKPLAKLPKKIL,,,0,ZP-8.5,1,up,0.006
all_atom,dual,AGYLLPKINLKPLAKLPKKIL,,,0,ZP-8.5,2,dn,0.013
all_atom,dual,AGYLLPKINLKPLAKLPKKIL,,,0,ZP-8.5,2,up,0.014
all_atom,dual,AGYLLPKINLKPLAKLPKKIL,,,0,ZP-8.5,3,dn,0.011
all_atom,dual,AGYLLPKINLKPLAKLPKKIL,,,0,ZP-8.5,3,up,0.006
all_atom,dual,AGYLLPKINLKPLAKLPKKIL,,,0,ZP-8.5,4,dn,0.005
all_atom,dual,AGYLLPKINLKPLAKLPKKIL,,,0,ZP-8.5,4,up,0.01
all_atom,dual,AGYLLPKINLKPLAKLPKKIL,,,0,ZP-8.5,5,dn,0.002
all_atom,dual,AGYLLPKINLKPLAKLPKKIL,,,0,ZP-8.5,5,up,0.001
all_atom,dual,AGYLLPKINLKPLAKLPKKIL,,,0,ZP-9.5,1,dn,0.002
all_atom,dual,AGYLLPKINLKPLAKLPKKIL,,,0,ZP-9.5,1,up,0.002
all_atom,dual,AGYLLPKINLKPLAKLPKKIL,,,0,ZP-9.5,2,dn,0.008
all_atom,dual,AGYLLPKINLKPLAKLPKKIL,,,0,ZP-9.5,2,up,0.011
all_atom,dual,AGYLLPKINLKPLAKLPKKIL,,,0,ZP-9.5,3,dn,0.005
all_atom,dual,AGYLLPKINLKPLAKLPKKIL,,,0,ZP-9.5,3,up,0.003
all_atom,dual,AGYLLPKINLKPLAKLPKKIL,,,0,ZP-9.5,4,dn,0.001
all_atom,dual,AGYLLPKINLKPLAKLPKKIL,,,0,ZP-9.5,4,up,0.002
all_atom,dual,AGYLLPKINLKPLAKLPKKIL,,,0,ZP-9.5,5,dn,0.0
all_atom,dual,AGYLLPKINLKPLAKLPKKIL,,,0,ZP-9.5,5,up,0.0
all_atom,dual,AGYLLPKINLKPLAKLPKKIL,,,0,ZP0.5,1,dn,0.14
all_atom,dual,AGYLLPKINLKPLAKLPKKIL,,,0,ZP0.5,1,up,0.115
all_atom,dual,AGYLLPKINLKPLAKLPKKIL,,,0,ZP0.5,2,dn,0.095
all_atom,dual,AGYLLPKINLKPLAKLPKKIL,,,0,ZP0.5,2,up,0.071
all_atom,dual,AGYLLPKINLKPLAKLPKKIL,,,0,ZP0.5,3,dn,0.099
all_atom,dual,AGYLLPKINLKPLAKLPKKIL,,,0,ZP0.5,3,up,0.16
all_atom,dual,AGYLLPKINLKPLAKLPKKIL,,,0,ZP0.5,4,dn,0.112
all_atom,dual,AGYLLPKINLKPLAKLPKKIL,,,0,ZP0.5,4,up,0.126
all_atom,dual,AGYLLPKINLKPLAKLPKKIL,,,0,ZP0.5,5,dn,0.151
all_atom,dual,AGYLLPKINLKPLAKLPKKIL,,,0,ZP0.5,5,up,0.133
all_atom,dual,AGYLLPKINLKPLAKLPKKIL,,,0,ZP1.5,1,dn,0.112
all_atom,dual,AGYLLPKINLKPLAKLPKKIL,,,0,ZP1.5,1,up,0.07
all_atom,dual,AGYLLPKINLKPLAKLPKKIL,,,0,ZP1.5,2,dn,0.071
all_atom,dual,AGYLLPKINLKPLAKLPKKIL,,,0,ZP1.5,2,up,0.058
all_atom,dual,AGYLLPKINLKPLAKLPKKIL,,,0,ZP1.5,3,dn,0.086
all_atom,dual,AGYLLPKINLKPLAKLPKKIL,,,0,ZP1.5,3,up,0.107
all_atom,dual,AGYLLPKINLKPLAKLPKKIL,,,0,ZP1.5,4,dn,0.092
all_atom,dual,AGYLLPKINLKPLAKLPKKIL,,,0,ZP1.5,4,up,0.102
all_atom,dual,AGYLLPKINLKPLAKLPKKIL,,,0,ZP1.5,5,dn,0.113
all_atom,dual,AGYLLPKINLKPLAKLPKKIL,,,0,ZP1.5,5,up,0.14
all_atom,dual,AGYLLPKINLKPLAKLPKKIL,,,0,ZP2.5,1,dn,0.08
all_atom,dual,AGYLLPKINLKPLAKLPKKIL,,,0,ZP2.5,1,up,0.051
all_atom,dual,AGYLLPKINLKPLAKLPKKIL,,,0,ZP2.5,2,dn,0.038
all_atom,dual,AGYLLPKINLKPLAKLPKKIL,,,0,ZP2.5,2,up,0.018
all_atom,dual,AGYLLPKINLKPLAKLPKKIL,,,0,ZP2.5,3,dn,0.03
all_atom,dual,AGYLLPKINLKPLAKLPKKIL,,,0,ZP2.5,3,up,0.082
all_atom,dual,AGYLLPKINLKPLAKLPKKIL,,,0,ZP2.5,4,dn,0.08
all_atom,dual,AGYLLPKINLKPLAKLPKKIL,,,0,ZP2.5,4,up,0.1
all_atom,dual,AGYLLPKINLKPLAKLPKKIL,,,0,ZP2.5,5,dn,0.089
all_atom,dual,AGYLLPKINLKPLAKLPKKIL,,,0,ZP2.5,5,up,0.105
all_atom,dual,AGYLLPKINLKPLAKLPKKIL,,,0,ZP3.5,1,dn,0.027
all_atom,dual,AGYLLPKINLKPLAKLPKKIL,,,0,ZP3.5,1,up,0.03
all_atom,dual,AGYLLPKINLKPLAKLPKKIL,,,0,ZP3.5,2,dn,0.02
all_atom,dual,AGYLLPKINLKPLAKLPKKIL,,,0,ZP3.5,2,up,0.011
all_atom,dual,AGYLLPKINLKPLAKLPKKIL,,,0,ZP3.5,3,dn,0.02
all_atom,dual,AGYLLPKINLKPLAKLPKKIL,,,0,ZP3.5,3,up,0.043
all_atom,dual,AGYLLPKINLKPLAKLPKKIL,,,0,ZP3.5,4,dn,0.047
all_atom,dual,AGYLLPKINLKPLAKLPKKIL,,,0,ZP3.5,4,up,0.041
all_atom,dual,AGYLLPKINLKPLAKLPKKIL,,,0,ZP3.5,5,dn,0.053
all_atom,dual,AGYLLPKINLKPLAKLPKKIL,,,0,ZP3.5,5,up,0.063
all_atom,dual,AGYLLPKINLKPLAKLPKKIL,,,0,ZP4.5,1,dn,0.013
all_atom,dual,AGYLLPKINLKPLAKLPKKIL,,,0,ZP4.5,1,up,0.011
all_atom,dual,AGYLLPKINLKPLAKLPKKIL,,,0,ZP4.5,2,dn,0.007
all_atom,dual,AGYLLPKINLKPLAKLPKKIL,,,0,ZP4.5,2,up,0.007
all_atom,dual,AGYLLPKINLKPLAKLPKKIL,,,0,ZP4.5,3,dn,0.005
all_atom,dual,AGYLLPKINLKPLAKLPKKIL,,,0,ZP4.5,3,up,0.028
all_atom,dual,AGYLLPKINLKPLAKLPKKIL,,,0,ZP4.5,4,dn,0.026
all_atom,dual,AGYLLPKINLKPLAKLPKKIL,,,0,ZP4.5,4,up,0.024
all_atom,dual,AGYLLPKINLKPLAKLPKKIL,,,0,ZP4.5,5,dn,0.033
all_atom,dual,AGYLLPKINLKPLAKLPKKIL,,,0,ZP4.5,5,up,0.044
all_atom,dual,AGYLLPKINLKPLAKLPKKIL,,,0,ZP5.5,1,dn,0.008
all_atom,dual,AGYLLPKINLKPLAKLPKKIL,,,0,ZP5.5,1,up,0.007
all_atom,dual,AGYLLPKINLKPLAKLPKKIL,,,0,ZP5.5,2,dn,0.0
all_atom,dual,AGYLLPKINLKPLAKLPKKIL,,,0,ZP5.5,2,up,0.003
all_atom,dual,AGYLLPKINLKPLAKLPKKIL,,,0,ZP5.5,3,dn,0.003
all_atom,dual,AGYLLPKINLKPLAKLPKKIL,,,0,ZP5.5,3,up,0.01
all_atom,dual,AGYLLPKINLKPLAKLPKKIL,,,0,ZP5.5,4,dn,0.008
all_atom,dual,AGYLLPKINLKPLAKLPKKIL,,,0,ZP5.5,4,up,0.017
all_atom,dual,AGYLLPKINLKPLAKLPKKIL,,,0,ZP5.5,5,dn,0.013
all_atom,dual,AGYLLPKINLKPLAKLPKKIL,,,0,ZP5.5,5,up,0.019
all_atom,dual,AGYLLPKINLKPLAKLPKKIL,,,0,ZP6.5,1,dn,0.001
all_atom,dual,AGYLLPKINLKPLAKLPKKIL,,,0,ZP6.5,1,up,0.001
all_atom,dual,AGYLLPKINLKPLAKLPKKIL,,,0,ZP6.5,2,dn,0.0
all_atom,dual,AGYLLPKINLKPLAKLPKKIL,,,0,ZP6.5,2,up,0.0
all_atom,dual,AGYLLPKINLKPLAKLPKKIL,,,0,ZP6.5,3,dn,0.0
all_atom,dual,AGYLLPKINLKPLAKLPKKIL,,,0,ZP6.5,3,up,0.003
all_atom,dual,AGYLLPKINLKPLAKLPKKIL,,,0,ZP6.5,4,dn,0.002
all_atom,dual,AGYLLPKINLKPLAKLPKKIL,,,0,ZP6.5,4,up,0.003
all_atom,dual,AGYLLPKINLKPLAKLPKKIL,,,0,ZP6.5,5,dn,0.009
all_atom,dual,AGYLLPKINLKPLAKLPKKIL,,,0,ZP6.5,5,up,0.009
all_atom,dual,AGYLLPKINLKPLAKLPKKIL,,,0,ZP7.5,1,dn,0.001
all_atom,dual,AGYLLPKINLKPLAKLPKKIL,,,0,ZP7.5,1,up,0.002
all_atom,dual,AGYLLPKINLKPLAKLPKKIL,,,0,ZP7.5,2,dn,0.0
all_atom,dual,AGYLLPKINLKPLAKLPKKIL,,,0,ZP7.5,2,up,0.0
all_atom,dual,AGYLLPKINLKPLAKLPKKIL,,,0,ZP7.5,3,dn,0.0
all_atom,dual,AGYLLPKINLKPLAKLPKKIL,,,0,ZP7.5,3,up,0.001
all_atom,dual,AGYLLPKINLKPLAKLPKKIL,,,0,ZP7.5,4,dn,0.0
all_atom,dual,AGYLLPKINLKPLAKLPKKIL,,,0,ZP7.5,4,up,0.003
all_atom,dual,AGYLLPKINLKPLAKLPKKIL,,,0,ZP7.5,5,dn,0.004
all_atom,dual,AGYLLPKINLKPLAKLPKKIL,,,0,ZP7.5,5,up,0.001
all_atom,dual,AGYLLPKINLKPLAKLPKKIL,,,0,ZP8.5,1,dn,0.001
all_atom,dual,AGYLLPKINLKPLAKLPKKIL,,,0,ZP8.5,1,up,0.0
all_atom,dual,AGYLLPKINLKPLAKLPKKIL,,,0,ZP8.5,2,dn,0.0
all_atom,dual,AGYLLPKINLKPLAKLPKKIL,,,0,ZP8.5,2,up,0.0
all_atom,dual,AGYLLPKINLKPLAKLPKKIL,,,0,ZP8.5,3,dn,0.0
all_atom,dual,AGYLLPKINLKPLAKLPKKIL,,,0,ZP8.5,3,up,0.0
all_atom,dual,AGYLLPKINLKPLAKLPKKIL,,,0,ZP8.5,4,dn,0.001
all_atom,dual,AGYLLPKINLKPLAKLPKKIL,,,0,ZP8.5,4,up,0.001
all_atom,dual,AGYLLPKINLKPLAKLPKKIL,,,0,ZP8.5,5,dn,0.001
all_atom,dual,AGYLLPKINLKPLAKLPKKIL,,,0,ZP8.5,5,up,0.002
all_atom,dual,AGYLLPKINLKPLAKLPKKIL,,,0,ZP9.5,1,dn,0.0
all_atom,dual,AGYLLPKINLKPLAKLPKKIL,,,0,ZP9.5,1,up,0.0
all_atom,dual,AGYLLPKINLKPLAKLPKKIL,,,0,ZP9.5,2,dn,0.0
all_atom,dual,AGYLLPKINLKPLAKLPKKIL,,,0,ZP9.5,2,up,0.0
all_atom,dual,AGYLLPKINLKPLAKLPKKIL,,,0,ZP9.5,3,dn,0.0
all_atom,dual,AGYLLPKINLKPLAKLPKKIL,,,0,ZP9.5,3,up,0.0
all_atom,dual,AGYLLPKINLKPLAKLPKKIL,,,0,ZP9.5,4,dn,0.0
all_atom,dual,AGYLLPKINLKPLAKLPKKIL,,,0,ZP9.5,4,up,0.0
all_atom,dual,AGYLLPKINLKPLAKLPKKIL,,,0,ZP9.5,5,dn,0.0
all_atom,dual,AGYLLPKINLKPLAKLPKKIL,,,0,ZP9.5,5,up,0.0
all_atom,dual,AIVEQLRKRC,,,0,APLA12.5,1,dn,58.051
all_atom,dual,AIVEQLRKRC,,,0,APLA12.5,1,up,58.698
all_atom,dual,AIVEQLRKRC,,,0,APLA12.5,2,dn,60.265
all_atom,dual,AIVEQLRKRC,,,0,APLA12.5,2,up,58.923
all_atom,dual,AIVEQLRKRC,,,0,APLA12.5,3,dn,61.303
all_atom,dual,AIVEQLRKRC,,,0,APLA12.5,3,up,62.687
all_atom,dual,AIVEQLRKRC,,,0,APLA12.5,4,dn,60.45
all_atom,dual,AIVEQLRKRC,,,0,APLA12.5,4,up,60.505
all_atom,dual,AIVEQLRKRC,,,0,APLA12.5,5,dn,59.929
all_atom,dual,AIVEQLRKRC,,,0,APLA12.5,5,up,60.406
all_atom,dual,AIVEQLRKRC,,,0,APLA17.5,1,dn,58.754
all_atom,dual,AIVEQLRKRC,,,0,APLA17.5,1,up,59.388
all_atom,dual,AIVEQLRKRC,,,0,APLA17.5,2,dn,58.643
all_atom,dual,AIVEQLRKRC,,,0,APLA17.5,2,up,59.742
all_atom,dual,AIVEQLRKRC,,,0,APLA17.5,3,dn,59.975
all_atom,dual,AIVEQLRKRC,,,0,APLA17.5,3,up,59.494
all_atom,dual,AIVEQLRKRC,,,0,APLA17.5,4,dn,58.506
all_atom,dual,AIVEQLRKRC,,,0,APLA17.5,4,up,59.612
all_atom,dual,AIVEQLRKRC,,,0,APLA17.5,5,dn,58.056
all_atom,dual,AIVEQLRKRC,,,0,APLA17.5,5,up,57.788
all_atom,dual,AIVEQLRKRC,,,0,APLA2.5,1,dn,81.851
all_atom,dual,AIVEQLRKRC,,,0,APLA2.5,1,up,73.337
all_atom,dual,AIVEQLRKRC,,,0,APLA2.5,2,dn,77.497
all_atom,dual,AIVEQLRKRC,,,0,APLA2.5,2,up,76.346
all_atom,dual,AIVEQLRKRC,,,0,APLA2.5,3,dn,76.054
all_atom,dual,AIVEQLRKRC,,,0,APLA2.5,3,up,69.851
all_atom,dual,AIVEQLRKRC,,,0,APLA2.5,4,dn,72.755
all_atom,dual,AIVEQLRKRC,,,0,APLA2.5,4,up,65.519
all_atom,dual,AIVEQLRKRC,,,0,APLA2.5,5,dn,76.905
all_atom,dual,AIVEQLRKRC,,,0,APLA2.5,5,up,72.159
all_atom,dual,AIVEQLRKRC,,,0,APLA7.5,1,dn,63.729
all_atom,dual,AIVEQLRKRC,,,0,APLA7.5,1,up,58.503
all_atom,dual,AIVEQLRKRC,,,0,APLA7.5,2,dn,60.421
all_atom,dual,AIVEQLRKRC,,,0,APLA7.5,2,up,61.221
all_atom,dual,AIVEQLRKRC,,,0,APLA7.5,3,dn,61.343
all_atom,dual,AIVEQLRKRC,,,0,APLA7.5,3,up,62.034
all_atom,dual,AIVEQLRKRC,,,0,APLA7.5,4,dn,61.7
all_atom,dual,AIVEQLRKRC,,,0,APLA7.5,4,up,60.445
all_atom,dual,AIVEQLRKRC,,,0,APLA7.5,5,dn,60.308
all_atom,dual,AIVEQLRKRC,,,0,APLA7.5,5,up,60.519
all_atom,dual,AIVEQLRKRC,,,0,APLS12.5,1,dn,5.009
all_atom,dual,AIVEQLRKRC,,,0,APLS12.5,1,up,4.215
all_atom,dual,AIVEQLRKRC,,,0,APLS12.5,2,dn,5.399
all_atom,dual,AIVEQLRKRC,,,0,APLS12.5,2,up,4.919
all_atom,dual,AIVEQLRKRC,,,0,APLS12.5,3,dn,4.977
all_atom,dual,AIVEQLRKRC,,,0,APLS12.5,3,up,4.645
all_atom,dual,AIVEQLRKRC,,,0,APLS12.5,4,dn,4.281
all_atom,dual,AIVEQLRKRC,,,0,APLS12.5,4,up,5.132
all_atom,dual,AIVEQLRKRC,,,0,APLS12.5,5,dn,5.843
all_atom,dual,AIVEQLRKRC,,,0,APLS12.5,5,up,4.354
all_atom,dual,AIVEQLRKRC,,,0,APLS17.5,1,dn,4.246
all_atom,dual,AIVEQLRKRC,,,0,APLS17.5,1,up,3.831
all_atom,dual,AIVEQLRKRC,,,0,APLS17.5,2,dn,4.19
all_atom,dual,AIVEQLRKRC,,,0,APLS17.5,2,up,3.972
all_atom,dual,AIVEQLRKRC,,,0,APLS17.5,3,dn,4.578
all_atom,dual,AIVEQLRKRC,,,0,APLS17.5,3,up,4.277
all_atom,dual,AIVEQLRKRC,,,0,APLS17.5,4,dn,4.357
all_atom,dual,AIVEQLRKRC,,,0,APLS17.5,4,up,3.9
all_atom,dual,AIVEQLRKRC,,,0,APLS17.5,5,dn,3.646
all_atom,dual,AIVEQLRKRC,,,0,APLS17.5,5,up,4.168
all_atom,dual,AIVEQLRKRC,,,0,APLS2.5,1,dn,10.848
all_atom,dual,AIVEQLRKRC,,,0,APLS2.5,1,up,6.78
all_atom,dual,AIVEQLRKRC,,,0,APLS2.5,2,dn,9.888
all_atom,dual,AIVEQLRKRC,,,0,APLS2.5,2,up,7.981
all_atom,dual,AIVEQLRKRC,,,0,APLS2.5,3,dn,9.037
all_atom,dual,AIVEQLRKRC,,,0,APLS2.5,3,up,6.43
all_atom,dual,AIVEQLRKRC,,,0,APLS2.5,4,dn,5.499
all_atom,dual,AIVEQLRKRC,,,0,APLS2.5,4,up,4.76
all_atom,dual,AIVEQLRKRC,,,0,APLS2.5,5,dn,6.998
all_atom,dual,AIVEQLRKRC,,,0,APLS2.5,5,up,6.063
all_atom,dual,AIVEQLRKRC,,,0,APLS7.5,1,dn,6.716
all_atom,dual,AIVEQLRKRC,,,0,APLS7.5,1,up,5.215
all_atom,dual,AIVEQLRKRC,,,0,APLS7.5,2,dn,6.261
all_atom,dual,AIVEQLRKRC,,,0,APLS7.5,2,up,5.417
all_atom,dual,AIVEQLRKRC,,,0,APLS7.5,3,dn,6.35
all_atom,dual,AIVEQLRKRC,,,0,APLS7.5,3,up,6.891
all_atom,dual,AIVEQLRKRC,,,0,APLS7.5,4,dn,6.071
all_atom,dual,AIVEQLRKRC,,,0,APLS7.5,4,up,6.397
all_atom,dual,AIVEQLRKRC,,,0,APLS7.5,5,dn,5.277
all_atom,dual,AIVEQLRKRC,,,0,APLS7.5,5,up,6.64
all_atom,dual,AIVEQLRKRC,,,0,H0,1,dn,0.0
all_atom,dual,AIVEQLRKRC,,,0,H0,1,up,0.0
all_atom,dual,AIVEQLRKRC,,,0,H0,2,dn,0.0
all_atom,dual,AIVEQLRKRC,,,0,H0,2,up,0.0
all_atom,dual,AIVEQLRKRC,,,0,H0,3,dn,0.0
all_atom,dual,AIVEQLRKRC,,,0,H0,3,up,0.0
all_atom,dual,AIVEQLRKRC,,,0,H0,4,dn,0.0
all_atom,dual,AIVEQLRKRC,,,0,H0,4,up,0.0
all_atom,dual,AIVEQLRKRC,,,0,H0,5,dn,0.0
all_atom,dual,AIVEQLRKRC,,,0,H0,5,up,0.0
all_atom,dual,AIVEQLRKRC,,,0,H1,1,dn,0.855
all_atom,dual,AIVEQLRKRC,,,0,H1,1,up,0.891
all_atom,dual,AIVEQLRKRC,,,0,H1,2,dn,0.882
all_atom,dual,AIVEQLRKRC,,,0,H1,2,up,0.873
all_atom,dual,AIVEQLRKRC,,,0,H1,3,dn,0.9
all_atom,dual,AIVEQLRKRC,,,0,H1,3,up,0.873
all_atom,dual,AIVEQLRKRC,,,0,H1,4,dn,0.9
all_atom,dual,AIVEQLRKRC,,,0,H1,4,up,0.882
all_atom,dual,AIVEQLRKRC,,,0,H1,5,dn,0.9
all_atom,dual,AIVEQLRKRC,,,0,H1,5,up,0.9
all_atom,dual,AIVEQLRKRC,,,0,H10,1,dn,0.0
all_atom,dual,AIVEQLRKRC,,,0,H10,1,up,0.0
all_atom,dual,AIVEQLRKRC,,,0,H10,2,dn,0.0
all_atom,dual,AIVEQLRKRC,,,0,H10,2,up,0.0
all_atom,dual,AIVEQLRKRC,,,0,H10,3,dn,0.0
all_atom,dual,AIVEQLRKRC,,,0,H10,3,up,0.0
all_atom,dual,AIVEQLRKRC,,,0,H10,4,dn,0.0
all_atom,dual,AIVEQLRKRC,,,0,H10,4,up,0.0
all_atom,dual,AIVEQLRKRC,,,0,H10,5,dn,0.0
all_atom,dual,AIVEQLRKRC,,,0,H10,5,up,0.0
all_atom,dual,AIVEQLRKRC,,,0,H2,1,dn,0.966
all_atom,dual,AIVEQLRKRC,,,0,H2,1,up,0.998
all_atom,dual,AIVEQLRKRC,,,0,H2,2,dn,0.996
all_atom,dual,AIVEQLRKRC,,,0,H2,2,up,0.994
all_atom,dual,AIVEQLRKRC,,,0,H2,3,dn,1.0
all_atom,dual,AIVEQLRKRC,,,0,H2,3,up,0.978
all_atom,dual,AIVEQLRKRC,,,0,H2,4,dn,1.0
all_atom,dual,AIVEQLRKRC,,,0,H2,4,up,0.996
all_atom,dual,AIVEQLRKRC,,,0,H2,5,dn,1.0
all_atom,dual,AIVEQLRKRC,,,0,H2,5,up,1.0
all_atom,dual,AIVEQLRKRC,,,0,H3,1,dn,0.977
all_atom,dual,AIVEQLRKRC,,,0,H3,1,up,1.0
all_atom,dual,AIVEQLRKRC,,,0,H3,2,dn,1.0
all_atom,dual,AIVEQLRKRC,,,0,H3,2,up,1.0
all_atom,dual,AIVEQLRKRC,,,0,H3,3,dn,1.0
all_atom,dual,AIVEQLRKRC,,,0,H3,3,up,0.994
all_atom,dual,AIVEQLRKRC,,,0,H3,4,dn,1.0
all_atom,dual,AIVEQLRKRC,,,0,H3,4,up,1.0
all_atom,dual,AIVEQLRKRC,,,0,H3,5,dn,1.0
all_atom,dual,AIVEQLRKRC,,,0,H3,5,up,1.0
all_atom,dual,AIVEQLRKRC,,,0,H4,1,dn,0.98
all_atom,dual,AIVEQLRKRC,,,0,H4,1,up,1.0
all_atom,dual,AIVEQLRKRC,,,0,H4,2,dn,1.0
all_atom,dual,AIVEQLRKRC,,,0,H4,2,up,1.0
all_atom,dual,AIVEQLRKRC,,,0,H4,3,dn,1.0
all_atom,dual,AIVEQLRKRC,,,0,H4,3,up,1.0
all_atom,dual,AIVEQLRKRC,,,0,H4,4,dn,1.0
all_atom,dual,AIVEQLRKRC,,,0,H4,4,up,1.0
all_atom,dual,AIVEQLRKRC,,,0,H4,5,dn,1.0
all_atom,dual,AIVEQLRKRC,,,0,H4,5,up,1.0
all_atom,dual,AIVEQLRKRC,,,0,H5,1,dn,0.975
all_atom,dual,AIVEQLRKRC,,,0,H5,1,up,1.0
all_atom,dual,AIVEQLRKRC,,,0,H5,2,dn,1.0
all_atom,dual,AIVEQLRKRC,,,0,H5,2,up,1.0
all_atom,dual,AIVEQLRKRC,,,0,H5,3,dn,0.995
all_atom,dual,AIVEQLRKRC,,,0,H5,3,up,1.0
all_atom,dual,AIVEQLRKRC,,,0,H5,4,dn,1.0
all_atom,dual,AIVEQLRKRC,,,0,H5,4,up,0.995
all_atom,dual,AIVEQLRKRC,,,0,H5,5,dn,1.0
all_atom,dual,AIVEQLRKRC,,,0,H5,5,up,1.0
all_atom,dual,AIVEQLRKRC,,,0,H6,1,dn,0.927
all_atom,dual,AIVEQLRKRC,,,0,H6,1,up,0.996
all_atom,dual,AIVEQLRKRC,,,0,H6,2,dn,1.0
all_atom,dual,AIVEQLRKRC,,,0,H6,2,up,0.996
all_atom,dual,AIVEQLRKRC,,,0,H6,3,dn,0.986
all_atom,dual,AIVEQLRKRC,,,0,H6,3,up,1.0
all_atom,dual,AIVEQLRKRC,,,0,H6,4,dn,0.992
all_atom,dual,AIVEQLRKRC,,,0,H6,4,up,0.982
all_atom,dual,AIVEQLRKRC,,,0,H6,5,dn,0.984
all_atom,dual,AIVEQLRKRC,,,0,H6,5,up,0.98
all_atom,dual,AIVEQLRKRC,,,0,H7,1,dn,0.746
all_atom,dual,AIVEQLRKRC,,,0,H7,1,up,0.91
all_atom,dual,AIVEQLRKRC,,,0,H7,2,dn,0.941
all_atom,dual,AIVEQLRKRC,,,0,H7,2,up,0.931
all_atom,dual,AIVEQLRKRC,,,0,H7,3,dn,0.927
all_atom,dual,AIVEQLRKRC,,,0,H7,3,up,0.938
all_atom,dual,AIVEQLRKRC,,,0,H7,4,dn,0.921
all_atom,dual,AIVEQLRKRC,,,0,H7,4,up,0.899
all_atom,dual,AIVEQLRKRC,,,0,H7,5,dn,0.913
all_atom,dual,AIVEQLRKRC,,,0,H7,5,up,0.897
all_atom,dual,AIVEQLRKRC,,,0,H8,1,dn,0.446
all_atom,dual,AIVEQLRKRC,,,0,H8,1,up,0.663
all_atom,dual,AIVEQLRKRC,,,0,H8,2,dn,0.762
all_atom,dual,AIVEQLRKRC,,,0,H8,2,up,0.745
all_atom,dual,AIVEQLRKRC,,,0,H8,3,dn,0.754
all_atom,dual,AIVEQLRKRC,,,0,H8,3,up,0.752
all_atom,dual,AIVEQLRKRC,,,0,H8,4,dn,0.719
all_atom,dual,AIVEQLRKRC,,,0,H8,4,up,0.689
all_atom,dual,AIVEQLRKRC,,,0,H8,5,dn,0.743
all_atom,dual,AIVEQLRKRC,,,0,H8,5,up,0.721
all_atom,dual,AIVEQLRKRC,,,0,H9,1,dn,0.294
all_atom,dual,AIVEQLRKRC,,,0,H9,1,up,0.383
all_atom,dual,AIVEQLRKRC,,,0,H9,2,dn,0.544
all_atom,dual,AIVEQLRKRC,,,0,H9,2,up,0.499
all_atom,dual,AIVEQLRKRC,,,0,H9,3,dn,0.508
all_atom,dual,AIVEQLRKRC,,,0,H9,3,up,0.535
all_atom,dual,AIVEQLRKRC,,,0,H9,4,dn,0.419
all_atom,dual,AIVEQLRKRC,,,0,H9,4,up,0.463
all_atom,dual,AIVEQLRKRC,,,0,H9,5,dn,0.454
all_atom,dual,AIVEQLRKRC,,,0,H9,5,up,0.463
all_atom,dual,AIVEQLRKRC,,,0,HM,1,dn,0.651
all_atom,dual,AIVEQLRKRC,,,0,HM,1,up,0.713
all_atom,dual,AIVEQLRKRC,,,0,HM,2,dn,0.739
all_atom,dual,AIVEQLRKRC,,,0,HM,2,up,0.731
all_atom,dual,AIVEQLRKRC,,,0,HM,3,dn,0.734
all_atom,dual,AIVEQLRKRC,,,0,HM,3,up,0.734
all_atom,dual,AIVEQLRKRC,,,0,HM,4,dn,0.723
all_atom,dual,AIVEQLRKRC,,,0,HM,4,up,0.719
all_atom,dual,AIVEQLRKRC,,,0,HM,5,dn,0.727
all_atom,dual,AIVEQLRKRC,,,0,HM,5,up,0.724
all_atom,dual,AIVEQLRKRC,,,0,PEPT_BUR_MAX,1,dn,8.7
all_atom,dual,AIVEQLRKRC,,,0,PEPT_BUR_MAX,1,up,8.25
all_atom,dual,AIVEQLRKRC,,,0,PEPT_BUR_MAX,2,dn,7.5
all_atom,dual,AIVEQLRKRC,,,0,PEPT_BUR_MAX,2,up,9.9
all_atom,dual,AIVEQLRKRC,,,0,PEPT_BUR_MAX,3,dn,7.27
all_atom,dual,AIVEQLRKRC,,,0,PEPT_BUR_MAX,3,up,7.54
all_atom,dual,AIVEQLRKRC,,,0,PEPT_BUR_MAX,4,dn,7.31
all_atom,dual,AIVEQLRKRC,,,0,PEPT_BUR_MAX,4,up,6.58
all_atom,dual,AIVEQLRKRC,,,0,PEPT_BUR_MAX,5,dn,8.12
all_atom,dual,AIVEQLRKRC,,,0,PEPT_BUR_MAX,5,up,7.73
all_atom,dual,AIVEQLRKRC,,,0,S,1,dn,0.735
all_atom,dual,AIVEQLRKRC,,,0,S,1,up,0.695
all_atom,dual,AIVEQLRKRC,,,0,S,2,dn,0.753
all_atom,dual,AIVEQLRKRC,,,0,S,2,up,0.742
all_atom,dual,AIVEQLRKRC,,,0,S,3,dn,0.765
all_atom,dual,AIVEQLRKRC,,,0,S,3,up,0.86
all_atom,dual,AIVEQLRKRC,,,0,S,4,dn,0.946
all_atom,dual,AIVEQLRKRC,,,0,S,4,up,0.878
all_atom,dual,AIVEQLRKRC,,,0,S,5,dn,0.826
all_atom,dual,AIVEQLRKRC,,,0,S,5,up,0.828
all_atom,dual,AIVEQLRKRC,,,0,WAT_BUR_MAX,1,dn,9.62
all_atom,dual,AIVEQLRKRC,,,0,WAT_BUR_MAX,1,up,10.85
all_atom,dual,AIVEQLRKRC,,,0,WAT_BUR_MAX,2,dn,8.83
all_atom,dual,AIVEQLRKRC,,,0,WAT_BUR_MAX,2,up,10.9
all_atom,dual,AIVEQLRKRC,,,0,WAT_BUR_MAX,3,dn,11.84
all_atom,dual,AIVEQLRKRC,,,0,WAT_BUR_MAX,3,up,10.15
all_atom,dual,AIVEQLRKRC,,,0,WAT_BUR_MAX,4,dn,9.7
all_atom,dual,AIVEQLRKRC,,,0,WAT_BUR_MAX,4,up,8.42
all_atom,dual,AIVEQLRKRC,,,0,WAT_BUR_MAX,5,dn,10.09
all_atom,dual,AIVEQLRKRC,,,0,WAT_BUR_MAX,5,up,9.57
all_atom,dual,AIVEQLRKRC,,,0,WAT_BUR_REL,1,dn,1.36
all_atom,dual,AIVEQLRKRC,,,0,WAT_BUR_REL,1,up,1.67
all_atom,dual,AIVEQLRKRC,,,0,WAT_BUR_REL,2,dn,2.17
all_atom,dual,AIVEQLRKRC,,,0,WAT_BUR_REL,2,up,2.13
all_atom,dual,AIVEQLRKRC,,,0,WAT_BUR_REL,3,dn,3.05
all_atom,dual,AIVEQLRKRC,,,0,WAT_BUR_REL,3,up,2.87
all_atom,dual,AIVEQLRKRC,,,0,WAT_BUR_REL,4,dn,2.58
all_atom,dual,AIVEQLRKRC,,,0,WAT_BUR_REL,4,up,3.0
all_atom,dual,AIVEQLRKRC,,,0,WAT_BUR_REL,5,dn,2.08
all_atom,dual,AIVEQLRKRC,,,0,WAT_BUR_REL,5,up,2.39
all_atom,dual,AIVEQLRKRC,,,0,ZP-0.5,1,dn,0.156
all_atom,dual,AIVEQLRKRC,,,0,ZP-0.5,1,up,0.163
all_atom,dual,AIVEQLRKRC,,,0,ZP-0.5,2,dn,0.132
all_atom,dual,AIVEQLRKRC,,,0,ZP-0.5,2,up,0.137
all_atom,dual,AIVEQLRKRC,,,0,ZP-0.5,3,dn,0.139
all_atom,dual,AIVEQLRKRC,,,0,ZP-0.5,3,up,0.143
all_atom,dual,AIVEQLRKRC,,,0,ZP-0.5,4,dn,0.125
all_atom,dual,AIVEQLRKRC,,,0,ZP-0.5,4,up,0.155
all_atom,dual,AIVEQLRKRC,,,0,ZP-0.5,5,dn,0.154
all_atom,dual,AIVEQLRKRC,,,0,ZP-0.5,5,up,0.113
all_atom,dual,AIVEQLRKRC,,,0,ZP-1.5,1,dn,0.113
all_atom,dual,AIVEQLRKRC,,,0,ZP-1.5,1,up,0.134
all_atom,dual,AIVEQLRKRC,,,0,ZP-1.5,2,dn,0.085
all_atom,dual,AIVEQLRKRC,,,0,ZP-1.5,2,up,0.127
all_atom,dual,AIVEQLRKRC,,,0,ZP-1.5,3,dn,0.107
all_atom,dual,AIVEQLRKRC,,,0,ZP-1.5,3,up,0.137
all_atom,dual,AIVEQLRKRC,,,0,ZP-1.5,4,dn,0.127
all_atom,dual,AIVEQLRKRC,,,0,ZP-1.5,4,up,0.174
all_atom,dual,AIVEQLRKRC,,,0,ZP-1.5,5,dn,0.122
all_atom,dual,AIVEQLRKRC,,,0,ZP-1.5,5,up,0.128
all_atom,dual,AIVEQLRKRC,,,0,ZP-2.5,1,dn,0.142
all_atom,dual,AIVEQLRKRC,,,0,ZP-2.5,1,up,0.15
all_atom,dual,AIVEQLRKRC,,,0,ZP-2.5,2,dn,0.057
all_atom,dual,AIVEQLRKRC,,,0,ZP-2.5,2,up,0.1
all_atom,dual,AIVEQLRKRC,,,0,ZP-2.5,3,dn,0.071
all_atom,dual,AIVEQLRKRC,,,0,ZP-2.5,3,up,0.113
all_atom,dual,AIVEQLRKRC,,,0,ZP-2.5,4,dn,0.086
all_atom,dual,AIVEQLRKRC,,,0,ZP-2.5,4,up,0.134
all_atom,dual,AIVEQLRKRC,,,0,ZP-2.5,5,dn,0.083
all_atom,dual,AIVEQLRKRC,,,0,ZP-2.5,5,up,0.081
all_atom,dual,AIVEQLRKRC,,,0,ZP-3.5,1,dn,0.083
all_atom,dual,AIVEQLRKRC,,,0,ZP-3.5,1,up,0.068
all_atom,dual,AIVEQLRKRC,,,0,ZP-3.5,2,dn,0.049
all_atom,dual,AIVEQLRKRC,,,0,ZP-3.5,2,up,0.051
all_atom,dual,AIVEQLRKRC,,,0,ZP-3.5,3,dn,0.03
all_atom,dual,AIVEQLRKRC,,,0,ZP-3.5,3,up,0.084
all_atom,dual,AIVEQLRKRC,,,0,ZP-3.5,4,dn,0.075
all_atom,dual,AIVEQLRKRC,,,0,ZP-3.5,4,up,0.107
all_atom,dual,AIVEQLRKRC,,,0,ZP-3.5,5,dn,0.083
all_atom,dual,AIVEQLRKRC,,,0,ZP-3.5,5,up,0.096
all_atom,dual,AIVEQLRKRC,,,0,ZP-4.5,1,dn,0.044
all_atom,dual,AIVEQLRKRC,,,0,ZP-4.5,1,up,0.053
all_atom,dual,AIVEQLRKRC,,,0,ZP-4.5,2,dn,0.024
all_atom,dual,AIVEQLRKRC,,,0,ZP-4.5,2,up,0.027
all_atom,dual,AIVEQLRKRC,,,0,ZP-4.5,3,dn,0.017
all_atom,dual,AIVEQLRKRC,,,0,ZP-4.5,3,up,0.047
all_atom,dual,AIVEQLRKRC,,,0,ZP-4.5,4,dn,0.07
all_atom,dual,AIVEQLRKRC,,,0,ZP-4.5,4,up,0.069
all_atom,dual,AIVEQLRKRC,,,0,ZP-4.5,5,dn,0.036
all_atom,dual,AIVEQLRKRC,,,0,ZP-4.5,5,up,0.066
all_atom,dual,AIVEQLRKRC,,,0,ZP-5.5,1,dn,0.02
all_atom,dual,AIVEQLRKRC,,,0,ZP-5.5,1,up,0.032
all_atom,dual,AIVEQLRKRC,,,0,ZP-5.5,2,dn,0.016
all_atom,dual,AIVEQLRKRC,,,0,ZP-5.5,2,up,0.013
all_atom,dual,AIVEQLRKRC,,,0,ZP-5.5,3,dn,0.014
all_atom,dual,AIVEQLRKRC,,,0,ZP-5.5,3,up,0.036
all_atom,dual,AIVEQLRKRC,,,0,ZP-5.5,4,dn,0.038
all_atom,dual,AIVEQLRKRC,,,0,ZP-5.5,4,up,0.028
all_atom,dual,AIVEQLRKRC,,,0,ZP-5.5,5,dn,0.017
all_atom,dual,AIVEQLRKRC,,,0,ZP-5.5,5,up,0.023
all_atom,dual,AIVEQLRKRC,,,0,ZP-6.5,1,dn,0.011
all_atom,dual,AIVEQLRKRC,,,0,ZP-6.5,1,up,0.01
all_atom,dual,AIVEQLRKRC,,,0,ZP-6.5,2,dn,0.016
all_atom,dual,AIVEQLRKRC,,,0,ZP-6.5,2,up,0.012
all_atom,dual,AIVEQLRKRC,,,0,ZP-6.5,3,dn,0.006
all_atom,dual,AIVEQLRKRC,,,0,ZP-6.5,3,up,0.01
all_atom,dual,AIVEQLRKRC,,,0,ZP-6.5,4,dn,0.025
all_atom,dual,AIVEQLRKRC,,,0,ZP-6.5,4,up,0.007
all_atom,dual,AIVEQLRKRC,,,0,ZP-6.5,5,dn,0.009
all_atom,dual,AIVEQLRKRC,,,0,ZP-6.5,5,up,0.021
all_atom,dual,AIVEQLRKRC,,,0,ZP-7.5,1,dn,0.007
all_atom,dual,AIVEQLRKRC,,,0,ZP-7.5,1,up,0.01
all_atom,dual,AIVEQLRKRC,,,0,ZP-7.5,2,dn,0.01
all_atom,dual,AIVEQLRKRC,,,0,ZP-7.5,2,up,0.001
all_atom,dual,AIVEQLRKRC,,,0,ZP-7.5,3,dn,0.004
all_atom,dual,AIVEQLRKRC,,,0,ZP-7.5,3,up,0.004
all_atom,dual,AIVEQLRKRC,,,0,ZP-7.5,4,dn,0.007
all_atom,dual,AIVEQLRKRC,,,0,ZP-7.5,4,up,0.007
all_atom,dual,AIVEQLRKRC,,,0,ZP-7.5,5,dn,0.0
all_atom,dual,AIVEQLRKRC,,,0,ZP-7.5,5,up,0.008
all_atom,dual,AIVEQLRKRC,,,0,ZP-8.5,1,dn,0.0
all_atom,dual,AIVEQLRKRC,,,0,ZP-8.5,1,up,0.0
all_atom,dual,AIVEQLRKRC,,,0,ZP-8.5,2,dn,0.004
all_atom,dual,AIVEQLRKRC,,,0,ZP-8.5,2,up,0.0
all_atom,dual,AIVEQLRKRC,,,0,ZP-8.5,3,dn,0.001
all_atom,dual,AIVEQLRKRC,,,0,ZP-8.5,3,up,0.0
all_atom,dual,AIVEQLRKRC,,,0,ZP-8.5,4,dn,0.001
all_atom,dual,AIVEQLRKRC,,,0,ZP-8.5,4,up,0.001
all_atom,dual,AIVEQLRKRC,,,0,ZP-8.5,5,dn,0.0
all_atom,dual,AIVEQLRKRC,,,0,ZP-8.5,5,up,0.005
all_atom,dual,AIVEQLRKRC,,,0,ZP-9.5,1,dn,0.0
all_atom,dual,AIVEQLRKRC,,,0,ZP-9.5,1,up,0.0
all_atom,dual,AIVEQLRKRC,,,0,ZP-9.5,2,dn,0.0
all_atom,dual,AIVEQLRKRC,,,0,ZP-9.5,2,up,0.0
all_atom,dual,AIVEQLRKRC,,,0,ZP-9.5,3,dn,0.0
all_atom,dual,AIVEQLRKRC,,,0,ZP-9.5,3,up,0.0
all_atom,dual,AIVEQLRKRC,,,0,ZP-9.5,4,dn,0.0
all_atom,dual,AIVEQLRKRC,,,0,ZP-9.5,4,up,0.001
all_atom,dual,AIVEQLRKRC,,,0,ZP-9.5,5,dn,0.0
all_atom,dual,AIVEQLRKRC,,,0,ZP-9.5,5,up,0.0
all_atom,dual,AIVEQLRKRC,,,0,ZP0.5,1,dn,0.117
all_atom,dual,AIVEQLRKRC,,,0,ZP0.5,1,up,0.158
all_atom,dual,AIVEQLRKRC,,,0,ZP0.5,2,dn,0.146
all_atom,dual,AIVEQLRKRC,,,0,ZP0.5,2,up,0.156
all_atom,dual,AIVEQLRKRC,,,0,ZP0.5,3,dn,0.149
all_atom,dual,AIVEQLRKRC,,,0,ZP0.5,3,up,0.134
all_atom,dual,AIVEQLRKRC,,,0,ZP0.5,4,dn,0.137
all_atom,dual,AIVEQLRKRC,,,0,ZP0.5,4,up,0.117
all_atom,dual,AIVEQLRKRC,,,0,ZP0.5,5,dn,0.129
all_atom,dual,AIVEQLRKRC,,,0,ZP0.5,5,up,0.128
all_atom,dual,AIVEQLRKRC,,,0,ZP1.5,1,dn,0.108
all_atom,dual,AIVEQLRKRC,,,0,ZP1.5,1,up,0.088
all_atom,dual,AIVEQLRKRC,,,0,ZP1.5,2,dn,0.143
all_atom,dual,AIVEQLRKRC,,,0,ZP1.5,2,up,0.133
all_atom,dual,AIVEQLRKRC,,,0,ZP1.5,3,dn,0.152
all_atom,dual,AIVEQLRKRC,,,0,ZP1.5,3,up,0.115
all_atom,dual,AIVEQLRKRC,,,0,ZP1.5,4,dn,0.121
all_atom,dual,AIVEQLRKRC,,,0,ZP1.5,4,up,0.089
all_atom,dual,AIVEQLRKRC,,,0,ZP1.5,5,dn,0.125
all_atom,dual,AIVEQLRKRC,,,0,ZP1.5,5,up,0.113
all_atom,dual,AIVEQLRKRC,,,0,ZP2.5,1,dn,0.082
all_atom,dual,AIVEQLRKRC,,,0,ZP2.5,1,up,0.061
all_atom,dual,AIVEQLRKRC,,,0,ZP2.5,2,dn,0.121
all_atom,dual,AIVEQLRKRC,,,0,ZP2.5,2,up,0.088
all_atom,dual,AIVEQLRKRC,,,0,ZP2.5,3,dn,0.123
all_atom,dual,AIVEQLRKRC,,,0,ZP2.5,3,up,0.079
all_atom,dual,AIVEQLRKRC,,,0,ZP2.5,4,dn,0.09
all_atom,dual,AIVEQLRKRC,,,0,ZP2.5,4,up,0.068
all_atom,dual,AIVEQLRKRC,,,0,ZP2.5,5,dn,0.121
all_atom,dual,AIVEQLRKRC,,,0,ZP2.5,5,up,0.077
all_atom,dual,AIVEQLRKRC,,,0,ZP3.5,1,dn,0.059
all_atom,dual,AIVEQLRKRC,,,0,ZP3.5,1,up,0.035
all_atom,dual,AIVEQLRKRC,,,0,ZP3.5,2,dn,0.083
all_atom,dual,AIVEQLRKRC,,,0,ZP3.5,2,up,0.08
all_atom,dual,AIVEQLRKRC,,,0,ZP3.5,3,dn,0.072
all_atom,dual,AIVEQLRKRC,,,0,ZP3.5,3,up,0.049
all_atom,dual,AIVEQLRKRC,,,0,ZP3.5,4,dn,0.058
all_atom,dual,AIVEQLRKRC,,,0,ZP3.5,4,up,0.029
all_atom,dual,AIVEQLRKRC,,,0,ZP3.5,5,dn,0.063
all_atom,dual,AIVEQLRKRC,,,0,ZP3.5,5,up,0.063
all_atom,dual,AIVEQLRKRC,,,0,ZP4.5,1,dn,0.028
all_atom,dual,AIVEQLRKRC,,,0,ZP4.5,1,up,0.025
all_atom,dual,AIVEQLRKRC,,,0,ZP4.5,2,dn,0.062
all_atom,dual,AIVEQLRKRC,,,0,ZP4.5,2,up,0.042
all_atom,dual,AIVEQLRKRC,,,0,ZP4.5,3,dn,0.069
all_atom,dual,AIVEQLRKRC,,,0,ZP4.5,3,up,0.031
all_atom,dual,AIVEQLRKRC,,,0,ZP4.5,4,dn,0.026
all_atom,dual,AIVEQLRKRC,,,0,ZP4.5,4,up,0.012
all_atom,dual,AIVEQLRKRC,,,0,ZP4.5,5,dn,0.033
all_atom,dual,AIVEQLRKRC,,,0,ZP4.5,5,up,0.036
all_atom,dual,AIVEQLRKRC,,,0,ZP5.5,1,dn,0.011
all_atom,dual,AIVEQLRKRC,,,0,ZP5.5,1,up,0.012
all_atom,dual,AIVEQLRKRC,,,0,ZP5.5,2,dn,0.036
all_atom,dual,AIVEQLRKRC,,,0,ZP5.5,2,up,0.019
all_atom,dual,AIVEQLRKRC,,,0,ZP5.5,3,dn,0.033
all_atom,dual,AIVEQLRKRC,,,0,ZP5.5,3,up,0.013
all_atom,dual,AIVEQLRKRC,,,0,ZP5.5,4,dn,0.008
all_atom,dual,AIVEQLRKRC,,,0,ZP5.5,4,up,0.003
all_atom,dual,AIVEQLRKRC,,,0,ZP5.5,5,dn,0.013
all_atom,dual,AIVEQLRKRC,,,0,ZP5.5,5,up,0.023
all_atom,dual,AIVEQLRKRC,,,0,ZP6.5,1,dn,0.016
all_atom,dual,AIVEQLRKRC,,,0,ZP6.5,1,up,0.001
all_atom,dual,AIVEQLRKRC,,,0,ZP6.5,2,dn,0.009
all_atom,dual,AIVEQLRKRC,,,0,ZP6.5,2,up,0.01
all_atom,dual,AIVEQLRKRC,,,0,ZP6.5,3,dn,0.006
all_atom,dual,AIVEQLRKRC,,,0,ZP6.5,3,up,0.004
all_atom,dual,AIVEQLRKRC,,,0,ZP6.5,4,dn,0.005
all_atom,dual,AIVEQLRKRC,,,0,ZP6.5,4,up,0.0
all_atom,dual,AIVEQLRKRC,,,0,ZP6.5,5,dn,0.006
all_atom,dual,AIVEQLRKRC,,,0,ZP6.5,5,up,0.012
all_atom,dual,AIVEQLRKRC,,,0,ZP7.5,1,dn,0.002
all_atom,dual,AIVEQLRKRC,,,0,ZP7.5,1,up,0.0
all_atom,dual,AIVEQLRKRC,,,0,ZP7.5,2,dn,0.006
all_atom,dual,AIVEQLRKRC,,,0,ZP7.5,2,up,0.003
all_atom,dual,AIVEQLRKRC,,,0,ZP7.5,3,dn,0.004
all_atom,dual,AIVEQLRKRC,,,0,ZP7.5,3,up,0.001
all_atom,dual,AIVEQLRKRC,,,0,ZP7.5,4,dn,0.0
all_atom,dual,AIVEQLRKRC,,,0,ZP7.5,4,up,0.0
all_atom,dual,AIVEQLRKRC,,,0,ZP7.5,5,dn,0.001
all_atom,dual,AIVEQLRKRC,,,0,ZP7.5,5,up,0.006
all_atom,dual,AIVEQLRKRC,,,0,ZP8.5,1,dn,0.0
all_atom,dual,AIVEQLRKRC,,,0,ZP8.5,1,up,0.0
all_atom,dual,AIVEQLRKRC,,,0,ZP8.5,2,dn,0.001
all_atom,dual,AIVEQLRKRC,,,0,ZP8.5,2,up,0.0
all_atom,dual,AIVEQLRKRC,,,0,ZP8.5,3,dn,0.0
all_atom,dual,AIVEQLRKRC,,,0,ZP8.5,3,up,0.0
all_atom,dual,AIVEQLRKRC,,,0,ZP8.5,4,dn,0.0
all_atom,dual,AIVEQLRKRC,,,0,ZP8.5,4,up,0.0
all_atom,dual,AIVEQLRKRC,,,0,ZP8.5,5,dn,0.003
all_atom,dual,AIVEQLRKRC,,,0,ZP8.5,5,up,0.002
all_atom,dual,AIVEQLRKRC,,,0,ZP9.5,1,dn,0.002
all_atom,dual,AIVEQLRKRC,,,0,ZP9.5,1,up,0.0
all_atom,dual,AIVEQLRKRC,,,0,ZP9.5,2,dn,0.0
all_atom,dual,AIVEQLRKRC,,,0,ZP9.5,2,up,0.0
all_atom,dual,AIVEQLRKRC,,,0,ZP9.5,3,dn,0.0
all_atom,dual,AIVEQLRKRC,,,0,ZP9.5,3,up,0.0
all_atom,dual,AIVEQLRKRC,,,0,ZP9.5,4,dn,0.0
all_atom,dual,AIVEQLRKRC,,,0,ZP9.5,4,up,0.0
all_atom,dual,AIVEQLRKRC,,,0,ZP9.5,5,dn,0.0
all_atom,dual,AIVEQLRKRC,,,0,ZP9.5,5,up,0.002
all_atom,dual,ALCNCNRIIIPHMCWKKCGKK,,,0,APLA12.5,1,dn,59.566
all_atom,dual,ALCNCNRIIIPHMCWKKCGKK,,,0,APLA12.5,1,up,58.052
all_atom,dual,ALCNCNRIIIPHMCWKKCGKK,,,0,APLA12.5,2,dn,60.375
all_atom,dual,ALCNCNRIIIPHMCWKKCGKK,,,0,APLA12.5,2,up,58.562
all_atom,dual,ALCNCNRIIIPHMCWKKCGKK,,,0,APLA12.5,3,dn,60.286
all_atom,dual,ALCNCNRIIIPHMCWKKCGKK,,,0,APLA12.5,3,up,59.018
all_atom,dual,ALCNCNRIIIPHMCWKKCGKK,,,0,APLA12.5,4,dn,62.016
all_atom,dual,ALCNCNRIIIPHMCWKKCGKK,,,0,APLA12.5,4,up,59.141
all_atom,dual,ALCNCNRIIIPHMCWKKCGKK,,,0,APLA12.5,5,dn,60.406
all_atom,dual,ALCNCNRIIIPHMCWKKCGKK,,,0,APLA12.5,5,up,60.129
all_atom,dual,ALCNCNRIIIPHMCWKKCGKK,,,0,APLA17.5,1,dn,59.703
all_atom,dual,ALCNCNRIIIPHMCWKKCGKK,,,0,APLA17.5,1,up,56.687
all_atom,dual,ALCNCNRIIIPHMCWKKCGKK,,,0,APLA17.5,2,dn,60.158
all_atom,dual,ALCNCNRIIIPHMCWKKCGKK,,,0,APLA17.5,2,up,59.365
all_atom,dual,ALCNCNRIIIPHMCWKKCGKK,,,0,APLA17.5,3,dn,61.425
all_atom,dual,ALCNCNRIIIPHMCWKKCGKK,,,0,APLA17.5,3,up,60.164
all_atom,dual,ALCNCNRIIIPHMCWKKCGKK,,,0,APLA17.5,4,dn,60.689
all_atom,dual,ALCNCNRIIIPHMCWKKCGKK,,,0,APLA17.5,4,up,58.358
all_atom,dual,ALCNCNRIIIPHMCWKKCGKK,,,0,APLA17.5,5,dn,61.067
all_atom,dual,ALCNCNRIIIPHMCWKKCGKK,,,0,APLA17.5,5,up,59.246
all_atom,dual,ALCNCNRIIIPHMCWKKCGKK,,,0,APLA2.5,1,dn,58.187
all_atom,dual,ALCNCNRIIIPHMCWKKCGKK,,,0,APLA2.5,1,up,74.616
all_atom,dual,ALCNCNRIIIPHMCWKKCGKK,,,0,APLA2.5,2,dn,58.125
all_atom,dual,ALCNCNRIIIPHMCWKKCGKK,,,0,APLA2.5,2,up,62.152
all_atom,dual,ALCNCNRIIIPHMCWKKCGKK,,,0,APLA2.5,3,dn,58.441
all_atom,dual,ALCNCNRIIIPHMCWKKCGKK,,,0,APLA2.5,3,up,62.609
all_atom,dual,ALCNCNRIIIPHMCWKKCGKK,,,0,APLA2.5,4,dn,59.765
all_atom,dual,ALCNCNRIIIPHMCWKKCGKK,,,0,APLA2.5,4,up,64.267
all_atom,dual,ALCNCNRIIIPHMCWKKCGKK,,,0,APLA2.5,5,dn,60.287
all_atom,dual,ALCNCNRIIIPHMCWKKCGKK,,,0,APLA2.5,5,up,64.405
all_atom,dual,ALCNCNRIIIPHMCWKKCGKK,,,0,APLA7.5,1,dn,58.766
all_atom,dual,ALCNCNRIIIPHMCWKKCGKK,,,0,APLA7.5,1,up,60.115
all_atom,dual,ALCNCNRIIIPHMCWKKCGKK,,,0,APLA7.5,2,dn,58.909
all_atom,dual,ALCNCNRIIIPHMCWKKCGKK,,,0,APLA7.5,2,up,58.802
all_atom,dual,ALCNCNRIIIPHMCWKKCGKK,,,0,APLA7.5,3,dn,60.244
all_atom,dual,ALCNCNRIIIPHMCWKKCGKK,,,0,APLA7.5,3,up,61.512
all_atom,dual,ALCNCNRIIIPHMCWKKCGKK,,,0,APLA7.5,4,dn,62.215
all_atom,dual,ALCNCNRIIIPHMCWKKCGKK,,,0,APLA7.5,4,up,59.313
all_atom,dual,ALCNCNRIIIPHMCWKKCGKK,,,0,APLA7.5,5,dn,59.018
all_atom,dual,ALCNCNRIIIPHMCWKKCGKK,,,0,APLA7.5,5,up,61.138
all_atom,dual,ALCNCNRIIIPHMCWKKCGKK,,,0,APLS12.5,1,dn,4.513
all_atom,dual,ALCNCNRIIIPHMCWKKCGKK,,,0,APLS12.5,1,up,3.327
all_atom,dual,ALCNCNRIIIPHMCWKKCGKK,,,0,APLS12.5,2,dn,4.091
all_atom,dual,ALCNCNRIIIPHMCWKKCGKK,,,0,APLS12.5,2,up,3.525
all_atom,dual,ALCNCNRIIIPHMCWKKCGKK,,,0,APLS12.5,3,dn,3.502
all_atom,dual,ALCNCNRIIIPHMCWKKCGKK,,,0,APLS12.5,3,up,4.116
all_atom,dual,ALCNCNRIIIPHMCWKKCGKK,,,0,APLS12.5,4,dn,4.55
all_atom,dual,ALCNCNRIIIPHMCWKKCGKK,,,0,APLS12.5,4,up,4.09
all_atom,dual,ALCNCNRIIIPHMCWKKCGKK,,,0,APLS12.5,5,dn,3.867
all_atom,dual,ALCNCNRIIIPHMCWKKCGKK,,,0,APLS12.5,5,up,4.089
all_atom,dual,ALCNCNRIIIPHMCWKKCGKK,,,0,APLS17.5,1,dn,4.386
all_atom,dual,ALCNCNRIIIPHMCWKKCGKK,,,0,APLS17.5,1,up,3.816
all_atom,dual,ALCNCNRIIIPHMCWKKCGKK,,,0,APLS17.5,2,dn,3.641
all_atom,dual,ALCNCNRIIIPHMCWKKCGKK,,,0,APLS17.5,2,up,3.806
all_atom,dual,ALCNCNRIIIPHMCWKKCGKK,,,0,APLS17.5,3,dn,3.736
all_atom,dual,ALCNCNRIIIPHMCWKKCGKK,,,0,APLS17.5,3,up,4.165
all_atom,dual,ALCNCNRIIIPHMCWKKCGKK,,,0,APLS17.5,4,dn,4.135
all_atom,dual,ALCNCNRIIIPHMCWKKCGKK,,,0,APLS17.5,4,up,3.218
all_atom,dual,ALCNCNRIIIPHMCWKKCGKK,,,0,APLS17.5,5,dn,4.226
all_atom,dual,ALCNCNRIIIPHMCWKKCGKK,,,0,APLS17.5,5,up,4.347
all_atom,dual,ALCNCNRIIIPHMCWKKCGKK,,,0,APLS2.5,1,dn,4.505
all_atom,dual,ALCNCNRIIIPHMCWKKCGKK,,,0,APLS2.5,1,up,7.048
all_atom,dual,ALCNCNRIIIPHMCWKKCGKK,,,0,APLS2.5,2,dn,4.044
all_atom,dual,ALCNCNRIIIPHMCWKKCGKK,,,0,APLS2.5,2,up,3.816
all_atom,dual,ALCNCNRIIIPHMCWKKCGKK,,,0,APLS2.5,3,dn,3.596
all_atom,dual,ALCNCNRIIIPHMCWKKCGKK,,,0,APLS2.5,3,up,5.167
all_atom,dual,ALCNCNRIIIPHMCWKKCGKK,,,0,APLS2.5,4,dn,5.7
all_atom,dual,ALCNCNRIIIPHMCWKKCGKK,,,0,APLS2.5,4,up,4.231
all_atom,dual,ALCNCNRIIIPHMCWKKCGKK,,,0,APLS2.5,5,dn,5.048
all_atom,dual,ALCNCNRIIIPHMCWKKCGKK,,,0,APLS2.5,5,up,4.521
all_atom,dual,ALCNCNRIIIPHMCWKKCGKK,,,0,APLS7.5,1,dn,4.568
all_atom,dual,ALCNCNRIIIPHMCWKKCGKK,,,0,APLS7.5,1,up,4.602
all_atom,dual,ALCNCNRIIIPHMCWKKCGKK,,,0,APLS7.5,2,dn,4.422
all_atom,dual,ALCNCNRIIIPHMCWKKCGKK,,,0,APLS7.5,2,up,3.447
all_atom,dual,ALCNCNRIIIPHMCWKKCGKK,,,0,APLS7.5,3,dn,4.945
all_atom,dual,ALCNCNRIIIPHMCWKKCGKK,,,0,APLS7.5,3,up,4.047
all_atom,dual,ALCNCNRIIIPHMCWKKCGKK,,,0,APLS7.5,4,dn,5.566
all_atom,dual,ALCNCNRIIIPHMCWKKCGKK,,,0,APLS7.5,4,up,4.368
all_atom,dual,ALCNCNRIIIPHMCWKKCGKK,,,0,APLS7.5,5,dn,3.674
all_atom,dual,ALCNCNRIIIPHMCWKKCGKK,,,0,APLS7.5,5,up,4.297
all_atom,dual,ALCNCNRIIIPHMCWKKCGKK,,,0,H0,1,dn,0.0
all_atom,dual,ALCNCNRIIIPHMCWKKCGKK,,,0,H0,1,up,0.0
all_atom,dual,ALCNCNRIIIPHMCWKKCGKK,,,0,H0,2,dn,0.0
all_atom,dual,ALCNCNRIIIPHMCWKKCGKK,,,0,H0,2,up,0.0
all_atom,dual,ALCNCNRIIIPHMCWKKCGKK,,,0,H0,3,dn,0.0
all_atom,dual,ALCNCNRIIIPHMCWKKCGKK,,,0,H0,3,up,0.0
all_atom,dual,ALCNCNRIIIPHMCWKKCGKK,,,0,H0,4,dn,0.0
all_atom,dual,ALCNCNRIIIPHMCWKKCGKK,,,0,H0,4,up,0.0
all_atom,dual,ALCNCNRIIIPHMCWKKCGKK,,,0,H0,5,dn,0.0
all_atom,dual,ALCNCNRIIIPHMCWKKCGKK,,,0,H0,5,up,0.0
all_atom,dual,ALCNCNRIIIPHMCWKKCGKK,,,0,H1,1,dn,0.297
all_atom,dual,ALCNCNRIIIPHMCWKKCGKK,,,0,H1,1,up,0.99
all_atom,dual,ALCNCNRIIIPHMCWKKCGKK,,,0,H1,2,dn,0.0
all_atom,dual,ALCNCNRIIIPHMCWKKCGKK,,,0,H1,2,up,1.0
all_atom,dual,ALCNCNRIIIPHMCWKKCGKK,,,0,H1,3,dn,0.0
all_atom,dual,ALCNCNRIIIPHMCWKKCGKK,,,0,H1,3,up,1.0
all_atom,dual,ALCNCNRIIIPHMCWKKCGKK,,,0,H1,4,dn,0.0
all_atom,dual,ALCNCNRIIIPHMCWKKCGKK,,,0,H1,4,up,0.99
all_atom,dual,ALCNCNRIIIPHMCWKKCGKK,,,0,H1,5,dn,0.0
all_atom,dual,ALCNCNRIIIPHMCWKKCGKK,,,0,H1,5,up,1.0
all_atom,dual,ALCNCNRIIIPHMCWKKCGKK,,,0,H10,1,dn,0.0
all_atom,dual,ALCNCNRIIIPHMCWKKCGKK,,,0,H10,1,up,0.0
all_atom,dual,ALCNCNRIIIPHMCWKKCGKK,,,0,H10,2,dn,0.0
all_atom,dual,ALCNCNRIIIPHMCWKKCGKK,,,0,H10,2,up,0.0
all_atom,dual,ALCNCNRIIIPHMCWKKCGKK,,,0,H10,3,dn,0.0
all_atom,dual,ALCNCNRIIIPHMCWKKCGKK,,,0,H10,3,up,0.0
all_atom,dual,ALCNCNRIIIPHMCWKKCGKK,,,0,H10,4,dn,0.0
all_atom,dual,ALCNCNRIIIPHMCWKKCGKK,,,0,H10,4,up,0.0
all_atom,dual,ALCNCNRIIIPHMCWKKCGKK,,,0,H10,5,dn,0.0
all_atom,dual,ALCNCNRIIIPHMCWKKCGKK,,,0,H10,5,up,0.0
all_atom,dual,ALCNCNRIIIPHMCWKKCGKK,,,0,H2,1,dn,0.545
all_atom,dual,ALCNCNRIIIPHMCWKKCGKK,,,0,H2,1,up,0.99
all_atom,dual,ALCNCNRIIIPHMCWKKCGKK,,,0,H2,2,dn,0.158
all_atom,dual,ALCNCNRIIIPHMCWKKCGKK,,,0,H2,2,up,1.0
all_atom,dual,ALCNCNRIIIPHMCWKKCGKK,,,0,H2,3,dn,0.0
all_atom,dual,ALCNCNRIIIPHMCWKKCGKK,,,0,H2,3,up,1.0
all_atom,dual,ALCNCNRIIIPHMCWKKCGKK,,,0,H2,4,dn,0.0
all_atom,dual,ALCNCNRIIIPHMCWKKCGKK,,,0,H2,4,up,1.0
all_atom,dual,ALCNCNRIIIPHMCWKKCGKK,,,0,H2,5,dn,0.0
all_atom,dual,ALCNCNRIIIPHMCWKKCGKK,,,0,H2,5,up,1.0
all_atom,dual,ALCNCNRIIIPHMCWKKCGKK,,,0,H3,1,dn,0.653
all_atom,dual,ALCNCNRIIIPHMCWKKCGKK,,,0,H3,1,up,0.911
all_atom,dual,ALCNCNRIIIPHMCWKKCGKK,,,0,H3,2,dn,0.188
all_atom,dual,ALCNCNRIIIPHMCWKKCGKK,,,0,H3,2,up,0.921
all_atom,dual,ALCNCNRIIIPHMCWKKCGKK,,,0,H3,3,dn,0.129
all_atom,dual,ALCNCNRIIIPHMCWKKCGKK,,,0,H3,3,up,1.0
all_atom,dual,ALCNCNRIIIPHMCWKKCGKK,,,0,H3,4,dn,0.02
all_atom,dual,ALCNCNRIIIPHMCWKKCGKK,,,0,H3,4,up,0.921
all_atom,dual,ALCNCNRIIIPHMCWKKCGKK,,,0,H3,5,dn,0.297
all_atom,dual,ALCNCNRIIIPHMCWKKCGKK,,,0,H3,5,up,0.99
all_atom,dual,ALCNCNRIIIPHMCWKKCGKK,,,0,H4,1,dn,0.812
all_atom,dual,ALCNCNRIIIPHMCWKKCGKK,,,0,H4,1,up,0.554
all_atom,dual,ALCNCNRIIIPHMCWKKCGKK,,,0,H4,2,dn,0.495
all_atom,dual,ALCNCNRIIIPHMCWKKCGKK,,,0,H4,2,up,0.426
all_atom,dual,ALCNCNRIIIPHMCWKKCGKK,,,0,H4,3,dn,0.277
all_atom,dual,ALCNCNRIIIPHMCWKKCGKK,,,0,H4,3,up,0.653
all_atom,dual,ALCNCNRIIIPHMCWKKCGKK,,,0,H4,4,dn,0.208
all_atom,dual,ALCNCNRIIIPHMCWKKCGKK,,,0,H4,4,up,0.822
all_atom,dual,ALCNCNRIIIPHMCWKKCGKK,,,0,H4,5,dn,0.574
all_atom,dual,ALCNCNRIIIPHMCWKKCGKK,,,0,H4,5,up,0.911
all_atom,dual,ALCNCNRIIIPHMCWKKCGKK,,,0,H5,1,dn,1.0
all_atom,dual,ALCNCNRIIIPHMCWKKCGKK,,,0,H5,1,up,0.921
all_atom,dual,ALCNCNRIIIPHMCWKKCGKK,,,0,H5,2,dn,0.99
all_atom,dual,ALCNCNRIIIPHMCWKKCGKK,,,0,H5,2,up,0.931
all_atom,dual,ALCNCNRIIIPHMCWKKCGKK,,,0,H5,3,dn,0.99
all_atom,dual,ALCNCNRIIIPHMCWKKCGKK,,,0,H5,3,up,0.941
all_atom,dual,ALCNCNRIIIPHMCWKKCGKK,,,0,H5,4,dn,0.911
all_atom,dual,ALCNCNRIIIPHMCWKKCGKK,,,0,H5,4,up,0.98
all_atom,dual,ALCNCNRIIIPHMCWKKCGKK,,,0,H5,5,dn,1.0
all_atom,dual,ALCNCNRIIIPHMCWKKCGKK,,,0,H5,5,up,1.0
all_atom,dual,ALCNCNRIIIPHMCWKKCGKK,,,0,H6,1,dn,0.97
all_atom,dual,ALCNCNRIIIPHMCWKKCGKK,,,0,H6,1,up,0.663
all_atom,dual,ALCNCNRIIIPHMCWKKCGKK,,,0,H6,2,dn,0.941
all_atom,dual,ALCNCNRIIIPHMCWKKCGKK,,,0,H6,2,up,0.515
all_atom,dual,ALCNCNRIIIPHMCWKKCGKK,,,0,H6,3,dn,0.901
all_atom,dual,ALCNCNRIIIPHMCWKKCGKK,,,0,H6,3,up,0.485
all_atom,dual,ALCNCNRIIIPHMCWKKCGKK,,,0,H6,4,dn,0.594
all_atom,dual,ALCNCNRIIIPHMCWKKCGKK,,,0,H6,4,up,0.743
all_atom,dual,ALCNCNRIIIPHMCWKKCGKK,,,0,H6,5,dn,1.0
all_atom,dual,ALCNCNRIIIPHMCWKKCGKK,,,0,H6,5,up,0.792
all_atom,dual,ALCNCNRIIIPHMCWKKCGKK,,,0,H7,1,dn,0.911
all_atom,dual,ALCNCNRIIIPHMCWKKCGKK,,,0,H7,1,up,0.198
all_atom,dual,ALCNCNRIIIPHMCWKKCGKK,,,0,H7,2,dn,0.851
all_atom,dual,ALCNCNRIIIPHMCWKKCGKK,,,0,H7,2,up,0.0
all_atom,dual,ALCNCNRIIIPHMCWKKCGKK,,,0,H7,3,dn,0.0
all_atom,dual,ALCNCNRIIIPHMCWKKCGKK,,,0,H7,3,up,0.0
all_atom,dual,ALCNCNRIIIPHMCWKKCGKK,,,0,H7,4,dn,0.079
all_atom,dual,ALCNCNRIIIPHMCWKKCGKK,,,0,H7,4,up,0.0
all_atom,dual,ALCNCNRIIIPHMCWKKCGKK,,,0,H7,5,dn,0.97
all_atom,dual,ALCNCNRIIIPHMCWKKCGKK,,,0,H7,5,up,0.0
all_atom,dual,ALCNCNRIIIPHMCWKKCGKK,,,0,H8,1,dn,0.782
all_atom,dual,ALCNCNRIIIPHMCWKKCGKK,,,0,H8,1,up,0.178
all_atom,dual,ALCNCNRIIIPHMCWKKCGKK,,,0,H8,2,dn,0.228
all_atom,dual,ALCNCNRIIIPHMCWKKCGKK,,,0,H8,2,up,0.0
all_atom,dual,ALCNCNRIIIPHMCWKKCGKK,,,0,H8,3,dn,0.0
all_atom,dual,ALCNCNRIIIPHMCWKKCGKK,,,0,H8,3,up,0.03
all_atom,dual,ALCNCNRIIIPHMCWKKCGKK,,,0,H8,4,dn,0.0
all_atom,dual,ALCNCNRIIIPHMCWKKCGKK,,,0,H8,4,up,0.287
all_atom,dual,ALCNCNRIIIPHMCWKKCGKK,,,0,H8,5,dn,0.208
all_atom,dual,ALCNCNRIIIPHMCWKKCGKK,,,0,H8,5,up,0.0
all_atom,dual,ALCNCNRIIIPHMCWKKCGKK,,,0,H9,1,dn,0.119
all_atom,dual,ALCNCNRIIIPHMCWKKCGKK,,,0,H9,1,up,0.079
all_atom,dual,ALCNCNRIIIPHMCWKKCGKK,,,0,H9,2,dn,0.05
all_atom,dual,ALCNCNRIIIPHMCWKKCGKK,,,0,H9,2,up,0.0
all_atom,dual,ALCNCNRIIIPHMCWKKCGKK,,,0,H9,3,dn,0.0
all_atom,dual,ALCNCNRIIIPHMCWKKCGKK,,,0,H9,3,up,0.0
all_atom,dual,ALCNCNRIIIPHMCWKKCGKK,,,0,H9,4,dn,0.0
all_atom,dual,ALCNCNRIIIPHMCWKKCGKK,,,0,H9,4,up,0.287
all_atom,dual,ALCNCNRIIIPHMCWKKCGKK,,,0,H9,5,dn,0.0
all_atom,dual,ALCNCNRIIIPHMCWKKCGKK,,,0,H9,5,up,0.0
all_atom,dual,ALCNCNRIIIPHMCWKKCGKK,,,0,HM,1,dn,0.574
all_atom,dual,ALCNCNRIIIPHMCWKKCGKK,,,0,HM,1,up,0.522
all_atom,dual,ALCNCNRIIIPHMCWKKCGKK,,,0,HM,2,dn,0.36
all_atom,dual,ALCNCNRIIIPHMCWKKCGKK,,,0,HM,2,up,0.421
all_atom,dual,ALCNCNRIIIPHMCWKKCGKK,,,0,HM,3,dn,0.24
all_atom,dual,ALCNCNRIIIPHMCWKKCGKK,,,0,HM,3,up,0.456
all_atom,dual,ALCNCNRIIIPHMCWKKCGKK,,,0,HM,4,dn,0.187
all_atom,dual,ALCNCNRIIIPHMCWKKCGKK,,,0,HM,4,up,0.495
all_atom,dual,ALCNCNRIIIPHMCWKKCGKK,,,0,HM,5,dn,0.395
all_atom,dual,ALCNCNRIIIPHMCWKKCGKK,,,0,HM,5,up,0.464
all_atom,dual,ALCNCNRIIIPHMCWKKCGKK,,,0,S,1,dn,0.14
all_atom,dual,ALCNCNRIIIPHMCWKKCGKK,,,0,S,1,up,0.555
all_atom,dual,ALCNCNRIIIPHMCWKKCGKK,,,0,S,2,dn,0.0
all_atom,dual,ALCNCNRIIIPHMCWKKCGKK,,,0,S,2,up,0.0
all_atom,dual,ALCNCNRIIIPHMCWKKCGKK,,,0,S,3,dn,0.0
all_atom,dual,ALCNCNRIIIPHMCWKKCGKK,,,0,S,3,up,0.0
all_atom,dual,ALCNCNRIIIPHMCWKKCGKK,,,0,S,4,dn,0.0
all_atom,dual,ALCNCNRIIIPHMCWKKCGKK,,,0,S,4,up,0.0
all_atom,dual,ALCNCNRIIIPHMCWKKCGKK,,,0,S,5,dn,0.0
all_atom,dual,ALCNCNRIIIPHMCWKKCGKK,,,0,S,5,up,0.0
all_atom,dual,ALCNCNRIIIPHMCWKKCGKK,,,0,ZP-0.5,1,dn,0.159
all_atom,dual,ALCNCNRIIIPHMCWKKCGKK,,,0,ZP-0.5,1,up,0.126
all_atom,dual,ALCNCNRIIIPHMCWKKCGKK,,,0,ZP-0.5,2,dn,0.172
all_atom,dual,ALCNCNRIIIPHMCWKKCGKK,,,0,ZP-0.5,2,up,0.138
all_atom,dual,ALCNCNRIIIPHMCWKKCGKK,,,0,ZP-0.5,3,dn,0.146
all_atom,dual,ALCNCNRIIIPHMCWKKCGKK,,,0,ZP-0.5,3,up,0.136
all_atom,dual,ALCNCNRIIIPHMCWKKCGKK,,,0,ZP-0.5,4,dn,0.182
all_atom,dual,ALCNCNRIIIPHMCWKKCGKK,,,0,ZP-0.5,4,up,0.147
all_atom,dual,ALCNCNRIIIPHMCWKKCGKK,,,0,ZP-0.5,5,dn,0.154
all_atom,dual,ALCNCNRIIIPHMCWKKCGKK,,,0,ZP-0.5,5,up,0.136
all_atom,dual,ALCNCNRIIIPHMCWKKCGKK,,,0,ZP-1.5,1,dn,0.141
all_atom,dual,ALCNCNRIIIPHMCWKKCGKK,,,0,ZP-1.5,1,up,0.088
all_atom,dual,ALCNCNRIIIPHMCWKKCGKK,,,0,ZP-1.5,2,dn,0.144
all_atom,dual,ALCNCNRIIIPHMCWKKCGKK,,,0,ZP-1.5,2,up,0.137
all_atom,dual,ALCNCNRIIIPHMCWKKCGKK,,,0,ZP-1.5,3,dn,0.159
all_atom,dual,ALCNCNRIIIPHMCWKKCGKK,,,0,ZP-1.5,3,up,0.115
all_atom,dual,ALCNCNRIIIPHMCWKKCGKK,,,0,ZP-1.5,4,dn,0.147
all_atom,dual,ALCNCNRIIIPHMCWKKCGKK,,,0,ZP-1.5,4,up,0.128
all_atom,dual,ALCNCNRIIIPHMCWKKCGKK,,,0,ZP-1.5,5,dn,0.148
all_atom,dual,ALCNCNRIIIPHMCWKKCGKK,,,0,ZP-1.5,5,up,0.125
all_atom,dual,ALCNCNRIIIPHMCWKKCGKK,,,0,ZP-2.5,1,dn,0.112
all_atom,dual,ALCNCNRIIIPHMCWKKCGKK,,,0,ZP-2.5,1,up,0.099
all_atom,dual,ALCNCNRIIIPHMCWKKCGKK,,,0,ZP-2.5,2,dn,0.118
all_atom,dual,ALCNCNRIIIPHMCWKKCGKK,,,0,ZP-2.5,2,up,0.107
all_atom,dual,ALCNCNRIIIPHMCWKKCGKK,,,0,ZP-2.5,3,dn,0.136
all_atom,dual,ALCNCNRIIIPHMCWKKCGKK,,,0,ZP-2.5,3,up,0.106
all_atom,dual,ALCNCNRIIIPHMCWKKCGKK,,,0,ZP-2.5,4,dn,0.109
all_atom,dual,ALCNCNRIIIPHMCWKKCGKK,,,0,ZP-2.5,4,up,0.091
all_atom,dual,ALCNCNRIIIPHMCWKKCGKK,,,0,ZP-2.5,5,dn,0.126
all_atom,dual,ALCNCNRIIIPHMCWKKCGKK,,,0,ZP-2.5,5,up,0.11
all_atom,dual,ALCNCNRIIIPHMCWKKCGKK,,,0,ZP-3.5,1,dn,0.075
all_atom,dual,ALCNCNRIIIPHMCWKKCGKK,,,0,ZP-3.5,1,up,0.083
all_atom,dual,ALCNCNRIIIPHMCWKKCGKK,,,0,ZP-3.5,2,dn,0.094
all_atom,dual,ALCNCNRIIIPHMCWKKCGKK,,,0,ZP-3.5,2,up,0.088
all_atom,dual,ALCNCNRIIIPHMCWKKCGKK,,,0,ZP-3.5,3,dn,0.093
all_atom,dual,ALCNCNRIIIPHMCWKKCGKK,,,0,ZP-3.5,3,up,0.07
all_atom,dual,ALCNCNRIIIPHMCWKKCGKK,,,0,ZP-3.5,4,dn,0.075
all_atom,dual,ALCNCNRIIIPHMCWKKCGKK,,,0,ZP-3.5,4,up,0.054
all_atom,dual,ALCNCNRIIIPHMCWKKCGKK,,,0,ZP-3.5,5,dn,0.092
all_atom,dual,ALCNCNRIIIPHMCWKKCGKK,,,0,ZP-3.5,5,up,0.077
all_atom,dual,ALCNCNRIIIPHMCWKKCGKK,,,0,ZP-4.5,1,dn,0.052
all_atom,dual,ALCNCNRIIIPHMCWKKCGKK,,,0,ZP-4.5,1,up,0.055
all_atom,dual,ALCNCNRIIIPHMCWKKCGKK,,,0,ZP-4.5,2,dn,0.041
all_atom,dual,ALCNCNRIIIPHMCWKKCGKK,,,0,ZP-4.5,2,up,0.048
all_atom,dual,ALCNCNRIIIPHMCWKKCGKK,,,0,ZP-4.5,3,dn,0.061
all_atom,dual,ALCNCNRIIIPHMCWKKCGKK,,,0,ZP-4.5,3,up,0.031
all_atom,dual,ALCNCNRIIIPHMCWKKCGKK,,,0,ZP-4.5,4,dn,0.036
all_atom,dual,ALCNCNRIIIPHMCWKKCGKK,,,0,ZP-4.5,4,up,0.045
all_atom,dual,ALCNCNRIIIPHMCWKKCGKK,,,0,ZP-4.5,5,dn,0.054
all_atom,dual,ALCNCNRIIIPHMCWKKCGKK,,,0,ZP-4.5,5,up,0.06
all_atom,dual,ALCNCNRIIIPHMCWKKCGKK,,,0,ZP-5.5,1,dn,0.02
all_atom,dual,ALCNCNRIIIPHMCWKKCGKK,,,0,ZP-5.5,1,up,0.044
all_atom,dual,ALCNCNRIIIPHMCWKKCGKK,,,0,ZP-5.5,2,dn,0.024
all_atom,dual,ALCNCNRIIIPHMCWKKCGKK,,,0,ZP-5.5,2,up,0.03
all_atom,dual,ALCNCNRIIIPHMCWKKCGKK,,,0,ZP-5.5,3,dn,0.043
all_atom,dual,ALCNCNRIIIPHMCWKKCGKK,,,0,ZP-5.5,3,up,0.021
all_atom,dual,ALCNCNRIIIPHMCWKKCGKK,,,0,ZP-5.5,4,dn,0.021
all_atom,dual,ALCNCNRIIIPHMCWKKCGKK,,,0,ZP-5.5,4,up,0.018
all_atom,dual,ALCNCNRIIIPHMCWKKCGKK,,,0,ZP-5.5,5,dn,0.036
all_atom,dual,ALCNCNRIIIPHMCWKKCGKK,,,0,ZP-5.5,5,up,0.039
all_atom,dual,ALCNCNRIIIPHMCWKKCGKK,,,0,ZP-6.5,1,dn,0.01
all_atom,dual,ALCNCNRIIIPHMCWKKCGKK,,,0,ZP-6.5,1,up,0.019
all_atom,dual,ALCNCNRIIIPHMCWKKCGKK,,,0,ZP-6.5,2,dn,0.018
all_atom,dual,ALCNCNRIIIPHMCWKKCGKK,,,0,ZP-6.5,2,up,0.017
all_atom,dual,ALCNCNRIIIPHMCWKKCGKK,,,0,ZP-6.5,3,dn,0.016
all_atom,dual,ALCNCNRIIIPHMCWKKCGKK,,,0,ZP-6.5,3,up,0.007
all_atom,dual,ALCNCNRIIIPHMCWKKCGKK,,,0,ZP-6.5,4,dn,0.009
all_atom,dual,ALCNCNRIIIPHMCWKKCGKK,,,0,ZP-6.5,4,up,0.009
all_atom,dual,ALCNCNRIIIPHMCWKKCGKK,,,0,ZP-6.5,5,dn,0.014
all_atom,dual,ALCNCNRIIIPHMCWKKCGKK,,,0,ZP-6.5,5,up,0.017
all_atom,dual,ALCNCNRIIIPHMCWKKCGKK,,,0,ZP-7.5,1,dn,0.002
all_atom,dual,ALCNCNRIIIPHMCWKKCGKK,,,0,ZP-7.5,1,up,0.01
all_atom,dual,ALCNCNRIIIPHMCWKKCGKK,,,0,ZP-7.5,2,dn,0.005
all_atom,dual,ALCNCNRIIIPHMCWKKCGKK,,,0,ZP-7.5,2,up,0.005
all_atom,dual,ALCNCNRIIIPHMCWKKCGKK,,,0,ZP-7.5,3,dn,0.013
all_atom,dual,ALCNCNRIIIPHMCWKKCGKK,,,0,ZP-7.5,3,up,0.002
all_atom,dual,ALCNCNRIIIPHMCWKKCGKK,,,0,ZP-7.5,4,dn,0.003
all_atom,dual,ALCNCNRIIIPHMCWKKCGKK,,,0,ZP-7.5,4,up,0.001
all_atom,dual,ALCNCNRIIIPHMCWKKCGKK,,,0,ZP-7.5,5,dn,0.01
all_atom,dual,ALCNCNRIIIPHMCWKKCGKK,,,0,ZP-7.5,5,up,0.01
all_atom,dual,ALCNCNRIIIPHMCWKKCGKK,,,0,ZP-8.5,1,dn,0.001
all_atom,dual,ALCNCNRIIIPHMCWKKCGKK,,,0,ZP-8.5,1,up,0.002
all_atom,dual,ALCNCNRIIIPHMCWKKCGKK,,,0,ZP-8.5,2,dn,0.001
all_atom,dual,ALCNCNRIIIPHMCWKKCGKK,,,0,ZP-8.5,2,up,0.003
all_atom,dual,ALCNCNRIIIPHMCWKKCGKK,,,0,ZP-8.5,3,dn,0.001
all_atom,dual,ALCNCNRIIIPHMCWKKCGKK,,,0,ZP-8.5,3,up,0.001
all_atom,dual,ALCNCNRIIIPHMCWKKCGKK,,,0,ZP-8.5,4,dn,0.001
all_atom,dual,ALCNCNRIIIPHMCWKKCGKK,,,0,ZP-8.5,4,up,0.002
all_atom,dual,ALCNCNRIIIPHMCWKKCGKK,,,0,ZP-8.5,5,dn,0.002
all_atom,dual,ALCNCNRIIIPHMCWKKCGKK,,,0,ZP-8.5,5,up,0.005
all_atom,dual,ALCNCNRIIIPHMCWKKCGKK,,,0,ZP-9.5,1,dn,0.0
all_atom,dual,ALCNCNRIIIPHMCWKKCGKK,,,0,ZP-9.5,1,up,0.001
all_atom,dual,ALCNCNRIIIPHMCWKKCGKK,,,0,ZP-9.5,2,dn,0.001
all_atom,dual,ALCNCNRIIIPHMCWKKCGKK,,,0,ZP-9.5,2,up,0.001
all_atom,dual,ALCNCNRIIIPHMCWKKCGKK,,,0,ZP-9.5,3,dn,0.001
all_atom,dual,ALCNCNRIIIPHMCWKKCGKK,,,0,ZP-9.5,3,up,0.001
all_atom,dual,ALCNCNRIIIPHMCWKKCGKK,,,0,ZP-9.5,4,dn,0.001
all_atom,dual,ALCNCNRIIIPHMCWKKCGKK,,,0,ZP-9.5,4,up,0.001
all_atom,dual,ALCNCNRIIIPHMCWKKCGKK,,,0,ZP-9.5,5,dn,0.002
all_atom,dual,ALCNCNRIIIPHMCWKKCGKK,,,0,ZP-9.5,5,up,0.001
all_atom,dual,ALCNCNRIIIPHMCWKKCGKK,,,0,ZP0.5,1,dn,0.155
all_atom,dual,ALCNCNRIIIPHMCWKKCGKK,,,0,ZP0.5,1,up,0.135
all_atom,dual,ALCNCNRIIIPHMCWKKCGKK,,,0,ZP0.5,2,dn,0.135
all_atom,dual,ALCNCNRIIIPHMCWKKCGKK,,,0,ZP0.5,2,up,0.136
all_atom,dual,ALCNCNRIIIPHMCWKKCGKK,,,0,ZP0.5,3,dn,0.13
all_atom,dual,ALCNCNRIIIPHMCWKKCGKK,,,0,ZP0.5,3,up,0.149
all_atom,dual,ALCNCNRIIIPHMCWKKCGKK,,,0,ZP0.5,4,dn,0.143
all_atom,dual,ALCNCNRIIIPHMCWKKCGKK,,,0,ZP0.5,4,up,0.148
all_atom,dual,ALCNCNRIIIPHMCWKKCGKK,,,0,ZP0.5,5,dn,0.135
all_atom,dual,ALCNCNRIIIPHMCWKKCGKK,,,0,ZP0.5,5,up,0.132
all_atom,dual,ALCNCNRIIIPHMCWKKCGKK,,,0,ZP1.5,1,dn,0.121
all_atom,dual,ALCNCNRIIIPHMCWKKCGKK,,,0,ZP1.5,1,up,0.092
all_atom,dual,ALCNCNRIIIPHMCWKKCGKK,,,0,ZP1.5,2,dn,0.108
all_atom,dual,ALCNCNRIIIPHMCWKKCGKK,,,0,ZP1.5,2,up,0.114
all_atom,dual,ALCNCNRIIIPHMCWKKCGKK,,,0,ZP1.5,3,dn,0.096
all_atom,dual,ALCNCNRIIIPHMCWKKCGKK,,,0,ZP1.5,3,up,0.125
all_atom,dual,ALCNCNRIIIPHMCWKKCGKK,,,0,ZP1.5,4,dn,0.114
all_atom,dual,ALCNCNRIIIPHMCWKKCGKK,,,0,ZP1.5,4,up,0.122
all_atom,dual,ALCNCNRIIIPHMCWKKCGKK,,,0,ZP1.5,5,dn,0.096
all_atom,dual,ALCNCNRIIIPHMCWKKCGKK,,,0,ZP1.5,5,up,0.102
all_atom,dual,ALCNCNRIIIPHMCWKKCGKK,,,0,ZP2.5,1,dn,0.075
all_atom,dual,ALCNCNRIIIPHMCWKKCGKK,,,0,ZP2.5,1,up,0.08
all_atom,dual,ALCNCNRIIIPHMCWKKCGKK,,,0,ZP2.5,2,dn,0.072
all_atom,dual,ALCNCNRIIIPHMCWKKCGKK,,,0,ZP2.5,2,up,0.081
all_atom,dual,ALCNCNRIIIPHMCWKKCGKK,,,0,ZP2.5,3,dn,0.066
all_atom,dual,ALCNCNRIIIPHMCWKKCGKK,,,0,ZP2.5,3,up,0.097
all_atom,dual,ALCNCNRIIIPHMCWKKCGKK,,,0,ZP2.5,4,dn,0.066
all_atom,dual,ALCNCNRIIIPHMCWKKCGKK,,,0,ZP2.5,4,up,0.108
all_atom,dual,ALCNCNRIIIPHMCWKKCGKK,,,0,ZP2.5,5,dn,0.074
all_atom,dual,ALCNCNRIIIPHMCWKKCGKK,,,0,ZP2.5,5,up,0.079
all_atom,dual,ALCNCNRIIIPHMCWKKCGKK,,,0,ZP3.5,1,dn,0.041
all_atom,dual,ALCNCNRIIIPHMCWKKCGKK,,,0,ZP3.5,1,up,0.073
all_atom,dual,ALCNCNRIIIPHMCWKKCGKK,,,0,ZP3.5,2,dn,0.036
all_atom,dual,ALCNCNRIIIPHMCWKKCGKK,,,0,ZP3.5,2,up,0.049
all_atom,dual,ALCNCNRIIIPHMCWKKCGKK,,,0,ZP3.5,3,dn,0.02
all_atom,dual,ALCNCNRIIIPHMCWKKCGKK,,,0,ZP3.5,3,up,0.07
all_atom,dual,ALCNCNRIIIPHMCWKKCGKK,,,0,ZP3.5,4,dn,0.058
all_atom,dual,ALCNCNRIIIPHMCWKKCGKK,,,0,ZP3.5,4,up,0.068
all_atom,dual,ALCNCNRIIIPHMCWKKCGKK,,,0,ZP3.5,5,dn,0.038
all_atom,dual,ALCNCNRIIIPHMCWKKCGKK,,,0,ZP3.5,5,up,0.056
all_atom,dual,ALCNCNRIIIPHMCWKKCGKK,,,0,ZP4.5,1,dn,0.02
all_atom,dual,ALCNCNRIIIPHMCWKKCGKK,,,0,ZP4.5,1,up,0.044
all_atom,dual,ALCNCNRIIIPHMCWKKCGKK,,,0,ZP4.5,2,dn,0.025
all_atom,dual,ALCNCNRIIIPHMCWKKCGKK,,,0,ZP4.5,2,up,0.026
all_atom,dual,ALCNCNRIIIPHMCWKKCGKK,,,0,ZP4.5,3,dn,0.012
all_atom,dual,ALCNCNRIIIPHMCWKKCGKK,,,0,ZP4.5,3,up,0.041
all_atom,dual,ALCNCNRIIIPHMCWKKCGKK,,,0,ZP4.5,4,dn,0.02
all_atom,dual,ALCNCNRIIIPHMCWKKCGKK,,,0,ZP4.5,4,up,0.039
all_atom,dual,ALCNCNRIIIPHMCWKKCGKK,,,0,ZP4.5,5,dn,0.013
all_atom,dual,ALCNCNRIIIPHMCWKKCGKK,,,0,ZP4.5,5,up,0.028
all_atom,dual,ALCNCNRIIIPHMCWKKCGKK,,,0,ZP5.5,1,dn,0.011
all_atom,dual,ALCNCNRIIIPHMCWKKCGKK,,,0,ZP5.5,1,up,0.03
all_atom,dual,ALCNCNRIIIPHMCWKKCGKK,,,0,ZP5.5,2,dn,0.005
all_atom,dual,ALCNCNRIIIPHMCWKKCGKK,,,0,ZP5.5,2,up,0.012
all_atom,dual,ALCNCNRIIIPHMCWKKCGKK,,,0,ZP5.5,3,dn,0.005
all_atom,dual,ALCNCNRIIIPHMCWKKCGKK,,,0,ZP5.5,3,up,0.018
all_atom,dual,ALCNCNRIIIPHMCWKKCGKK,,,0,ZP5.5,4,dn,0.007
all_atom,dual,ALCNCNRIIIPHMCWKKCGKK,,,0,ZP5.5,4,up,0.014
all_atom,dual,ALCNCNRIIIPHMCWKKCGKK,,,0,ZP5.5,5,dn,0.004
all_atom,dual,ALCNCNRIIIPHMCWKKCGKK,,,0,ZP5.5,5,up,0.014
all_atom,dual,ALCNCNRIIIPHMCWKKCGKK,,,0,ZP6.5,1,dn,0.005
all_atom,dual,ALCNCNRIIIPHMCWKKCGKK,,,0,ZP6.5,1,up,0.014
all_atom,dual,ALCNCNRIIIPHMCWKKCGKK,,,0,ZP6.5,2,dn,0.002
all_atom,dual,ALCNCNRIIIPHMCWKKCGKK,,,0,ZP6.5,2,up,0.006
all_atom,dual,ALCNCNRIIIPHMCWKKCGKK,,,0,ZP6.5,3,dn,0.001
all_atom,dual,ALCNCNRIIIPHMCWKKCGKK,,,0,ZP6.5,3,up,0.007
all_atom,dual,ALCNCNRIIIPHMCWKKCGKK,,,0,ZP6.5,4,dn,0.004
all_atom,dual,ALCNCNRIIIPHMCWKKCGKK,,,0,ZP6.5,4,up,0.003
all_atom,dual,ALCNCNRIIIPHMCWKKCGKK,,,0,ZP6.5,5,dn,0.001
all_atom,dual,ALCNCNRIIIPHMCWKKCGKK,,,0,ZP6.5,5,up,0.007
all_atom,dual,ALCNCNRIIIPHMCWKKCGKK,,,0,ZP7.5,1,dn,0.0
all_atom,dual,ALCNCNRIIIPHMCWKKCGKK,,,0,ZP7.5,1,up,0.003
all_atom,dual,ALCNCNRIIIPHMCWKKCGKK,,,0,ZP7.5,2,dn,0.0
all_atom,dual,ALCNCNRIIIPHMCWKKCGKK,,,0,ZP7.5,2,up,0.001
all_atom,dual,ALCNCNRIIIPHMCWKKCGKK,,,0,ZP7.5,3,dn,0.001
all_atom,dual,ALCNCNRIIIPHMCWKKCGKK,,,0,ZP7.5,3,up,0.002
all_atom,dual,ALCNCNRIIIPHMCWKKCGKK,,,0,ZP7.5,4,dn,0.001
all_atom,dual,ALCNCNRIIIPHMCWKKCGKK,,,0,ZP7.5,4,up,0.001
all_atom,dual,ALCNCNRIIIPHMCWKKCGKK,,,0,ZP7.5,5,dn,0.001
all_atom,dual,ALCNCNRIIIPHMCWKKCGKK,,,0,ZP7.5,5,up,0.002
all_atom,dual,ALCNCNRIIIPHMCWKKCGKK,,,0,ZP8.5,1,dn,0.0
all_atom,dual,ALCNCNRIIIPHMCWKKCGKK,,,0,ZP8.5,1,up,0.003
all_atom,dual,ALCNCNRIIIPHMCWKKCGKK,,,0,ZP8.5,2,dn,0.0
all_atom,dual,ALCNCNRIIIPHMCWKKCGKK,,,0,ZP8.5,2,up,0.001
all_atom,dual,ALCNCNRIIIPHMCWKKCGKK,,,0,ZP8.5,3,dn,0.0
all_atom,dual,ALCNCNRIIIPHMCWKKCGKK,,,0,ZP8.5,3,up,0.001
all_atom,dual,ALCNCNRIIIPHMCWKKCGKK,,,0,ZP8.5,4,dn,0.002
all_atom,dual,ALCNCNRIIIPHMCWKKCGKK,,,0,ZP8.5,4,up,0.001
all_atom,dual,ALCNCNRIIIPHMCWKKCGKK,,,0,ZP8.5,5,dn,0.0
all_atom,dual,ALCNCNRIIIPHMCWKKCGKK,,,0,ZP8.5,5,up,0.001
all_atom,dual,ALCNCNRIIIPHMCWKKCGKK,,,0,ZP9.5,1,dn,0.0
all_atom,dual,ALCNCNRIIIPHMCWKKCGKK,,,0,ZP9.5,1,up,0.001
all_atom,dual,ALCNCNRIIIPHMCWKKCGKK,,,0,ZP9.5,2,dn,0.0
all_atom,dual,ALCNCNRIIIPHMCWKKCGKK,,,0,ZP9.5,2,up,0.0
all_atom,dual,ALCNCNRIIIPHMCWKKCGKK,,,0,ZP9.5,3,dn,0.0
all_atom,dual,ALCNCNRIIIPHMCWKKCGKK,,,0,ZP9.5,3,up,0.001
all_atom,dual,ALCNCNRIIIPHMCWKKCGKK,,,0,ZP9.5,4,dn,0.0
all_atom,dual,ALCNCNRIIIPHMCWKKCGKK,,,0,ZP9.5,4,up,0.0
all_atom,dual,ALCNCNRIIIPHMCWKKCGKK,,,0,ZP9.5,5,dn,0.0
all_atom,dual,ALCNCNRIIIPHMCWKKCGKK,,,0,ZP9.5,5,up,0.0
all_atom,dual,EDWNHLGAAVHTLKHVYK,,,0,APLA12.5,1,dn,58.026
all_atom,dual,EDWNHLGAAVHTLKHVYK,,,0,APLA12.5,1,up,56.467
all_atom,dual,EDWNHLGAAVHTLKHVYK,,,0,APLA12.5,2,dn,56.907
all_atom,dual,EDWNHLGAAVHTLKHVYK,,,0,APLA12.5,2,up,57.716
all_atom,dual,EDWNHLGAAVHTLKHVYK,,,0,APLA12.5,3,dn,57.263
all_atom,dual,EDWNHLGAAVHTLKHVYK,,,0,APLA12.5,3,up,58.075
all_atom,dual,EDWNHLGAAVHTLKHVYK,,,0,APLA12.5,4,dn,59.121
all_atom,dual,EDWNHLGAAVHTLKHVYK,,,0,APLA12.5,4,up,58.348
all_atom,dual,EDWNHLGAAVHTLKHVYK,,,0,APLA12.5,5,dn,58.318
all_atom,dual,EDWNHLGAAVHTLKHVYK,,,0,APLA12.5,5,up,59.451
all_atom,dual,EDWNHLGAAVHTLKHVYK,,,0,APLA17.5,1,dn,57.7
all_atom,dual,EDWNHLGAAVHTLKHVYK,,,0,APLA17.5,1,up,58.986
all_atom,dual,EDWNHLGAAVHTLKHVYK,,,0,APLA17.5,2,dn,56.561
all_atom,dual,EDWNHLGAAVHTLKHVYK,,,0,APLA17.5,2,up,58.69
all_atom,dual,EDWNHLGAAVHTLKHVYK,,,0,APLA17.5,3,dn,55.914
all_atom,dual,EDWNHLGAAVHTLKHVYK,,,0,APLA17.5,3,up,58.958
all_atom,dual,EDWNHLGAAVHTLKHVYK,,,0,APLA17.5,4,dn,57.547
all_atom,dual,EDWNHLGAAVHTLKHVYK,,,0,APLA17.5,4,up,57.912
all_atom,dual,EDWNHLGAAVHTLKHVYK,,,0,APLA17.5,5,dn,58.31
all_atom,dual,EDWNHLGAAVHTLKHVYK,,,0,APLA17.5,5,up,58.171
all_atom,dual,EDWNHLGAAVHTLKHVYK,,,0,APLA2.5,1,dn,85.766
all_atom,dual,EDWNHLGAAVHTLKHVYK,,,0,APLA2.5,1,up,79.53
all_atom,dual,EDWNHLGAAVHTLKHVYK,,,0,APLA2.5,2,dn,89.517
all_atom,dual,EDWNHLGAAVHTLKHVYK,,,0,APLA2.5,2,up,82.145
all_atom,dual,EDWNHLGAAVHTLKHVYK,,,0,APLA2.5,3,dn,91.943
all_atom,dual,EDWNHLGAAVHTLKHVYK,,,0,APLA2.5,3,up,84.909
all_atom,dual,EDWNHLGAAVHTLKHVYK,,,0,APLA2.5,4,dn,90.591
all_atom,dual,EDWNHLGAAVHTLKHVYK,,,0,APLA2.5,4,up,85.271
all_atom,dual,EDWNHLGAAVHTLKHVYK,,,0,APLA2.5,5,dn,88.95
all_atom,dual,EDWNHLGAAVHTLKHVYK,,,0,APLA2.5,5,up,89.229
all_atom,dual,EDWNHLGAAVHTLKHVYK,,,0,APLA7.5,1,dn,62.017
all_atom,dual,EDWNHLGAAVHTLKHVYK,,,0,APLA7.5,1,up,60.423
all_atom,dual,EDWNHLGAAVHTLKHVYK,,,0,APLA7.5,2,dn,65.391
all_atom,dual,EDWNHLGAAVHTLKHVYK,,,0,APLA7.5,2,up,62.625
all_atom,dual,EDWNHLGAAVHTLKHVYK,,,0,APLA7.5,3,dn,68.215
all_atom,dual,EDWNHLGAAVHTLKHVYK,,,0,APLA7.5,3,up,62.546
all_atom,dual,EDWNHLGAAVHTLKHVYK,,,0,APLA7.5,4,dn,67.584
all_atom,dual,EDWNHLGAAVHTLKHVYK,,,0,APLA7.5,4,up,63.497
all_atom,dual,EDWNHLGAAVHTLKHVYK,,,0,APLA7.5,5,dn,64.582
all_atom,dual,EDWNHLGAAVHTLKHVYK,,,0,APLA7.5,5,up,66.347
all_atom,dual,EDWNHLGAAVHTLKHVYK,,,0,APLS12.5,1,dn,3.715
all_atom,dual,EDWNHLGAAVHTLKHVYK,,,0,APLS12.5,1,up,4.219
all_atom,dual,EDWNHLGAAVHTLKHVYK,,,0,APLS12.5,2,dn,3.656
all_atom,dual,EDWNHLGAAVHTLKHVYK,,,0,APLS12.5,2,up,4.04
all_atom,dual,EDWNHLGAAVHTLKHVYK,,,0,APLS12.5,3,dn,3.634
all_atom,dual,EDWNHLGAAVHTLKHVYK,,,0,APLS12.5,3,up,4.3
all_atom,dual,EDWNHLGAAVHTLKHVYK,,,0,APLS12.5,4,dn,3.634
all_atom,dual,EDWNHLGAAVHTLKHVYK,,,0,APLS12.5,4,up,4.066
all_atom,dual,EDWNHLGAAVHTLKHVYK,,,0,APLS12.5,5,dn,3.6
all_atom,dual,EDWNHLGAAVHTLKHVYK,,,0,APLS12.5,5,up,3.998
all_atom,dual,EDWNHLGAAVHTLKHVYK,,,0,APLS17.5,1,dn,3.602
all_atom,dual,EDWNHLGAAVHTLKHVYK,,,0,APLS17.5,1,up,4.162
all_atom,dual,EDWNHLGAAVHTLKHVYK,,,0,APLS17.5,2,dn,3.24
all_atom,dual,EDWNHLGAAVHTLKHVYK,,,0,APLS17.5,2,up,3.76
all_atom,dual,EDWNHLGAAVHTLKHVYK,,,0,APLS17.5,3,dn,3.493
all_atom,dual,EDWNHLGAAVHTLKHVYK,,,0,APLS17.5,3,up,3.901
all_atom,dual,EDWNHLGAAVHTLKHVYK,,,0,APLS17.5,4,dn,3.37
all_atom,dual,EDWNHLGAAVHTLKHVYK,,,0,APLS17.5,4,up,3.669
all_atom,dual,EDWNHLGAAVHTLKHVYK,,,0,APLS17.5,5,dn,3.292
all_atom,dual,EDWNHLGAAVHTLKHVYK,,,0,APLS17.5,5,up,3.262
all_atom,dual,EDWNHLGAAVHTLKHVYK,,,0,APLS2.5,1,dn,7.779
all_atom,dual,EDWNHLGAAVHTLKHVYK,,,0,APLS2.5,1,up,8.128
all_atom,dual,EDWNHLGAAVHTLKHVYK,,,0,APLS2.5,2,dn,9.967
all_atom,dual,EDWNHLGAAVHTLKHVYK,,,0,APLS2.5,2,up,11.051
all_atom,dual,EDWNHLGAAVHTLKHVYK,,,0,APLS2.5,3,dn,10.543
all_atom,dual,EDWNHLGAAVHTLKHVYK,,,0,APLS2.5,3,up,8.542
all_atom,dual,EDWNHLGAAVHTLKHVYK,,,0,APLS2.5,4,dn,7.741
all_atom,dual,EDWNHLGAAVHTLKHVYK,,,0,APLS2.5,4,up,9.003
all_atom,dual,EDWNHLGAAVHTLKHVYK,,,0,APLS2.5,5,dn,9.731
all_atom,dual,EDWNHLGAAVHTLKHVYK,,,0,APLS2.5,5,up,9.653
all_atom,dual,EDWNHLGAAVHTLKHVYK,,,0,APLS7.5,1,dn,5.251
all_atom,dual,EDWNHLGAAVHTLKHVYK,,,0,APLS7.5,1,up,6.509
all_atom,dual,EDWNHLGAAVHTLKHVYK,,,0,APLS7.5,2,dn,6.816
all_atom,dual,EDWNHLGAAVHTLKHVYK,,,0,APLS7.5,2,up,7.589
all_atom,dual,EDWNHLGAAVHTLKHVYK,,,0,APLS7.5,3,dn,6.815
all_atom,dual,EDWNHLGAAVHTLKHVYK,,,0,APLS7.5,3,up,6.485
all_atom,dual,EDWNHLGAAVHTLKHVYK,,,0,APLS7.5,4,dn,6.007
all_atom,dual,EDWNHLGAAVHTLKHVYK,,,0,APLS7.5,4,up,6.77
all_atom,dual,EDWNHLGAAVHTLKHVYK,,,0,APLS7.5,5,dn,5.802
all_atom,dual,EDWNHLGAAVHTLKHVYK,,,0,APLS7.5,5,up,7.132
all_atom,dual,EDWNHLGAAVHTLKHVYK,,,0,H0,1,dn,0.0
all_atom,dual,EDWNHLGAAVHTLKHVYK,,,0,H0,1,up,0.0
all_atom,dual,EDWNHLGAAVHTLKHVYK,,,0,H0,2,dn,0.0
all_atom,dual,EDWNHLGAAVHTLKHVYK,,,0,H0,2,up,0.0
all_atom,dual,EDWNHLGAAVHTLKHVYK,,,0,H0,3,dn,0.0
all_atom,dual,EDWNHLGAAVHTLKHVYK,,,0,H0,3,up,0.0
all_atom,dual,EDWNHLGAAVHTLKHVYK,,,0,H0,4,dn,0.0
all_atom,dual,EDWNHLGAAVHTLKHVYK,,,0,H0,4,up,0.0
all_atom,dual,EDWNHLGAAVHTLKHVYK,,,0,H0,5,dn,0.0
all_atom,dual,EDWNHLGAAVHTLKHVYK,,,0,H0,5,up,0.0
all_atom,dual,EDWNHLGAAVHTLKHVYK,,,0,H1,1,dn,0.832
all_atom,dual,EDWNHLGAAVHTLKHVYK,,,0,H1,1,up,0.99
all_atom,dual,EDWNHLGAAVHTLKHVYK,,,0,H1,2,dn,0.0
all_atom,dual,EDWNHLGAAVHTLKHVYK,,,0,H1,2,up,1.0
all_atom,dual,EDWNHLGAAVHTLKHVYK,,,0,H1,3,dn,0.0
all_atom,dual,EDWNHLGAAVHTLKHVYK,,,0,H1,3,up,0.997
all_atom,dual,EDWNHLGAAVHTLKHVYK,,,0,H1,4,dn,0.0
all_atom,dual,EDWNHLGAAVHTLKHVYK,,,0,H1,4,up,1.0
all_atom,dual,EDWNHLGAAVHTLKHVYK,,,0,H1,5,dn,0.0
all_atom,dual,EDWNHLGAAVHTLKHVYK,,,0,H1,5,up,0.994
all_atom,dual,EDWNHLGAAVHTLKHVYK,,,0,H10,1,dn,0.0
all_atom,dual,EDWNHLGAAVHTLKHVYK,,,0,H10,1,up,0.0
all_atom,dual,EDWNHLGAAVHTLKHVYK,,,0,H10,2,dn,0.0
all_atom,dual,EDWNHLGAAVHTLKHVYK,,,0,H10,2,up,0.0
all_atom,dual,EDWNHLGAAVHTLKHVYK,,,0,H10,3,dn,0.0
all_atom,dual,EDWNHLGAAVHTLKHVYK,,,0,H10,3,up,0.0
all_atom,dual,EDWNHLGAAVHTLKHVYK,,,0,H10,4,dn,0.0
all_atom,dual,EDWNHLGAAVHTLKHVYK,,,0,H10,4,up,0.0
all_atom,dual,EDWNHLGAAVHTLKHVYK,,,0,H10,5,dn,0.0
all_atom,dual,EDWNHLGAAVHTLKHVYK,,,0,H10,5,up,0.0
all_atom,dual,EDWNHLGAAVHTLKHVYK,,,0,H2,1,dn,1.0
all_atom,dual,EDWNHLGAAVHTLKHVYK,,,0,H2,1,up,1.0
all_atom,dual,EDWNHLGAAVHTLKHVYK,,,0,H2,2,dn,0.857
all_atom,dual,EDWNHLGAAVHTLKHVYK,,,0,H2,2,up,1.0
all_atom,dual,EDWNHLGAAVHTLKHVYK,,,0,H2,3,dn,0.947
all_atom,dual,EDWNHLGAAVHTLKHVYK,,,0,H2,3,up,1.0
all_atom,dual,EDWNHLGAAVHTLKHVYK,,,0,H2,4,dn,0.958
all_atom,dual,EDWNHLGAAVHTLKHVYK,,,0,H2,4,up,1.0
all_atom,dual,EDWNHLGAAVHTLKHVYK,,,0,H2,5,dn,0.947
all_atom,dual,EDWNHLGAAVHTLKHVYK,,,0,H2,5,up,1.0
all_atom,dual,EDWNHLGAAVHTLKHVYK,,,0,H3,1,dn,1.0
all_atom,dual,EDWNHLGAAVHTLKHVYK,,,0,H3,1,up,1.0
all_atom,dual,EDWNHLGAAVHTLKHVYK,,,0,H3,2,dn,0.972
all_atom,dual,EDWNHLGAAVHTLKHVYK,,,0,H3,2,up,1.0
all_atom,dual,EDWNHLGAAVHTLKHVYK,,,0,H3,3,dn,1.0
all_atom,dual,EDWNHLGAAVHTLKHVYK,,,0,H3,3,up,1.0
all_atom,dual,EDWNHLGAAVHTLKHVYK,,,0,H3,4,dn,1.0
all_atom,dual,EDWNHLGAAVHTLKHVYK,,,0,H3,4,up,1.0
all_atom,dual,EDWNHLGAAVHTLKHVYK,,,0,H3,5,dn,1.0
all_atom,dual,EDWNHLGAAVHTLKHVYK,,,0,H3,5,up,1.0
all_atom,dual,EDWNHLGAAVHTLKHVYK,,,0,H4,1,dn,1.0
all_atom,dual,EDWNHLGAAVHTLKHVYK,,,0,H4,1,up,1.0
all_atom,dual,EDWNHLGAAVHTLKHVYK,,,0,H4,2,dn,0.982
all_atom,dual,EDWNHLGAAVHTLKHVYK,,,0,H4,2,up,1.0
all_atom,dual,EDWNHLGAAVHTLKHVYK,,,0,H4,3,dn,1.0
all_atom,dual,EDWNHLGAAVHTLKHVYK,,,0,H4,3,up,1.0
all_atom,dual,EDWNHLGAAVHTLKHVYK,,,0,H4,4,dn,1.0
all_atom,dual,EDWNHLGAAVHTLKHVYK,,,0,H4,4,up,1.0
all_atom,dual,EDWNHLGAAVHTLKHVYK,,,0,H4,5,dn,1.0
all_atom,dual,EDWNHLGAAVHTLKHVYK,,,0,H4,5,up,1.0
all_atom,dual,EDWNHLGAAVHTLKHVYK,,,0,H5,1,dn,1.0
all_atom,dual,EDWNHLGAAVHTLKHVYK,,,0,H5,1,up,1.0
all_atom,dual,EDWNHLGAAVHTLKHVYK,,,0,H5,2,dn,1.0
all_atom,dual,EDWNHLGAAVHTLKHVYK,,,0,H5,2,up,1.0
all_atom,dual,EDWNHLGAAVHTLKHVYK,,,0,H5,3,dn,1.0
all_atom,dual,EDWNHLGAAVHTLKHVYK,,,0,H5,3,up,1.0
all_atom,dual,EDWNHLGAAVHTLKHVYK,,,0,H5,4,dn,1.0
all_atom,dual,EDWNHLGAAVHTLKHVYK,,,0,H5,4,up,1.0
all_atom,dual,EDWNHLGAAVHTLKHVYK,,,0,H5,5,dn,1.0
all_atom,dual,EDWNHLGAAVHTLKHVYK,,,0,H5,5,up,1.0
all_atom,dual,EDWNHLGAAVHTLKHVYK,,,0,H6,1,dn,1.0
all_atom,dual,EDWNHLGAAVHTLKHVYK,,,0,H6,1,up,1.0
all_atom,dual,EDWNHLGAAVHTLKHVYK,,,0,H6,2,dn,1.0
all_atom,dual,EDWNHLGAAVHTLKHVYK,,,0,H6,2,up,1.0
all_atom,dual,EDWNHLGAAVHTLKHVYK,,,0,H6,3,dn,1.0
all_atom,dual,EDWNHLGAAVHTLKHVYK,,,0,H6,3,up,1.0
all_atom,dual,EDWNHLGAAVHTLKHVYK,,,0,H6,4,dn,1.0
all_atom,dual,EDWNHLGAAVHTLKHVYK,,,0,H6,4,up,1.0
all_atom,dual,EDWNHLGAAVHTLKHVYK,,,0,H6,5,dn,1.0
all_atom,dual,EDWNHLGAAVHTLKHVYK,,,0,H6,5,up,1.0
all_atom,dual,EDWNHLGAAVHTLKHVYK,,,0,H7,1,dn,0.982
all_atom,dual,EDWNHLGAAVHTLKHVYK,,,0,H7,1,up,1.0
all_atom,dual,EDWNHLGAAVHTLKHVYK,,,0,H7,2,dn,0.991
all_atom,dual,EDWNHLGAAVHTLKHVYK,,,0,H7,2,up,1.0
all_atom,dual,EDWNHLGAAVHTLKHVYK,,,0,H7,3,dn,0.982
all_atom,dual,EDWNHLGAAVHTLKHVYK,,,0,H7,3,up,1.0
all_atom,dual,EDWNHLGAAVHTLKHVYK,,,0,H7,4,dn,1.0
all_atom,dual,EDWNHLGAAVHTLKHVYK,,,0,H7,4,up,1.0
all_atom,dual,EDWNHLGAAVHTLKHVYK,,,0,H7,5,dn,1.0
all_atom,dual,EDWNHLGAAVHTLKHVYK,,,0,H7,5,up,0.973
all_atom,dual,EDWNHLGAAVHTLKHVYK,,,0,H8,1,dn,0.812
all_atom,dual,EDWNHLGAAVHTLKHVYK,,,0,H8,1,up,0.964
all_atom,dual,EDWNHLGAAVHTLKHVYK,,,0,H8,2,dn,0.697
all_atom,dual,EDWNHLGAAVHTLKHVYK,,,0,H8,2,up,1.0
all_atom,dual,EDWNHLGAAVHTLKHVYK,,,0,H8,3,dn,0.911
all_atom,dual,EDWNHLGAAVHTLKHVYK,,,0,H8,3,up,0.99
all_atom,dual,EDWNHLGAAVHTLKHVYK,,,0,H8,4,dn,0.764
all_atom,dual,EDWNHLGAAVHTLKHVYK,,,0,H8,4,up,0.95
all_atom,dual,EDWNHLGAAVHTLKHVYK,,,0,H8,5,dn,1.0
all_atom,dual,EDWNHLGAAVHTLKHVYK,,,0,H8,5,up,0.65
all_atom,dual,EDWNHLGAAVHTLKHVYK,,,0,H9,1,dn,0.432
all_atom,dual,EDWNHLGAAVHTLKHVYK,,,0,H9,1,up,0.548
all_atom,dual,EDWNHLGAAVHTLKHVYK,,,0,H9,2,dn,0.304
all_atom,dual,EDWNHLGAAVHTLKHVYK,,,0,H9,2,up,0.619
all_atom,dual,EDWNHLGAAVHTLKHVYK,,,0,H9,3,dn,0.777
all_atom,dual,EDWNHLGAAVHTLKHVYK,,,0,H9,3,up,0.648
all_atom,dual,EDWNHLGAAVHTLKHVYK,,,0,H9,4,dn,0.469
all_atom,dual,EDWNHLGAAVHTLKHVYK,,,0,H9,4,up,0.657
all_atom,dual,EDWNHLGAAVHTLKHVYK,,,0,H9,5,dn,0.971
all_atom,dual,EDWNHLGAAVHTLKHVYK,,,0,H9,5,up,0.313
all_atom,dual,EDWNHLGAAVHTLKHVYK,,,0,HM,1,dn,0.777
all_atom,dual,EDWNHLGAAVHTLKHVYK,,,0,HM,1,up,0.823
all_atom,dual,EDWNHLGAAVHTLKHVYK,,,0,HM,2,dn,0.644
all_atom,dual,EDWNHLGAAVHTLKHVYK,,,0,HM,2,up,0.839
all_atom,dual,EDWNHLGAAVHTLKHVYK,,,0,HM,3,dn,0.73
all_atom,dual,EDWNHLGAAVHTLKHVYK,,,0,HM,3,up,0.843
all_atom,dual,EDWNHLGAAVHTLKHVYK,,,0,HM,4,dn,0.69
all_atom,dual,EDWNHLGAAVHTLKHVYK,,,0,HM,4,up,0.839
all_atom,dual,EDWNHLGAAVHTLKHVYK,,,0,HM,5,dn,0.769
all_atom,dual,EDWNHLGAAVHTLKHVYK,,,0,HM,5,up,0.769
all_atom,dual,EDWNHLGAAVHTLKHVYK,,,0,PEPT_BUR_MAX,1,dn,8.35
all_atom,dual,EDWNHLGAAVHTLKHVYK,,,0,PEPT_BUR_MAX,1,up,8.49
all_atom,dual,EDWNHLGAAVHTLKHVYK,,,0,PEPT_BUR_MAX,2,dn,8.27
all_atom,dual,EDWNHLGAAVHTLKHVYK,,,0,PEPT_BUR_MAX,2,up,9.11
all_atom,dual,EDWNHLGAAVHTLKHVYK,,,0,PEPT_BUR_MAX,3,dn,9.14
all_atom,dual,EDWNHLGAAVHTLKHVYK,,,0,PEPT_BUR_MAX,3,up,9.15
all_atom,dual,EDWNHLGAAVHTLKHVYK,,,0,PEPT_BUR_MAX,4,dn,9.25
all_atom,dual,EDWNHLGAAVHTLKHVYK,,,0,PEPT_BUR_MAX,4,up,9.69
all_atom,dual,EDWNHLGAAVHTLKHVYK,,,0,PEPT_BUR_MAX,5,dn,8.77
all_atom,dual,EDWNHLGAAVHTLKHVYK,,,0,PEPT_BUR_MAX,5,up,8.36
all_atom,dual,EDWNHLGAAVHTLKHVYK,,,0,S,1,dn,0.512
all_atom,dual,EDWNHLGAAVHTLKHVYK,,,0,S,1,up,0.514
all_atom,dual,EDWNHLGAAVHTLKHVYK,,,0,S,2,dn,0.681
all_atom,dual,EDWNHLGAAVHTLKHVYK,,,0,S,2,up,0.457
all_atom,dual,EDWNHLGAAVHTLKHVYK,,,0,S,3,dn,0.763
all_atom,dual,EDWNHLGAAVHTLKHVYK,,,0,S,3,up,0.451
all_atom,dual,EDWNHLGAAVHTLKHVYK,,,0,S,4,dn,0.739
all_atom,dual,EDWNHLGAAVHTLKHVYK,,,0,S,4,up,0.483
all_atom,dual,EDWNHLGAAVHTLKHVYK,,,0,S,5,dn,0.665
all_atom,dual,EDWNHLGAAVHTLKHVYK,,,0,S,5,up,0.495
all_atom,dual,EDWNHLGAAVHTLKHVYK,,,0,WAT_BUR_MAX,1,dn,10.2
all_atom,dual,EDWNHLGAAVHTLKHVYK,,,0,WAT_BUR_MAX,1,up,10.68
all_atom,dual,EDWNHLGAAVHTLKHVYK,,,0,WAT_BUR_MAX,2,dn,9.57
all_atom,dual,EDWNHLGAAVHTLKHVYK,,,0,WAT_BUR_MAX,2,up,9.51
all_atom,dual,EDWNHLGAAVHTLKHVYK,,,0,WAT_BUR_MAX,3,dn,10.96
all_atom,dual,EDWNHLGAAVHTLKHVYK,,,0,WAT_BUR_MAX,3,up,9.22
all_atom,dual,EDWNHLGAAVHTLKHVYK,,,0,WAT_BUR_MAX,4,dn,11.14
all_atom,dual,EDWNHLGAAVHTLKHVYK,,,0,WAT_BUR_MAX,4,up,9.34
all_atom,dual,EDWNHLGAAVHTLKHVYK,,,0,WAT_BUR_MAX,5,dn,9.65
all_atom,dual,EDWNHLGAAVHTLKHVYK,,,0,WAT_BUR_MAX,5,up,11.17
all_atom,dual,EDWNHLGAAVHTLKHVYK,,,0,WAT_BUR_REL,1,dn,2.28
all_atom,dual,EDWNHLGAAVHTLKHVYK,,,0,WAT_BUR_REL,1,up,1.33
all_atom,dual,EDWNHLGAAVHTLKHVYK,,,0,WAT_BUR_REL,2,dn,2.63
all_atom,dual,EDWNHLGAAVHTLKHVYK,,,0,WAT_BUR_REL,2,up,1.37
all_atom,dual,EDWNHLGAAVHTLKHVYK,,,0,WAT_BUR_REL,3,dn,2.06
all_atom,dual,EDWNHLGAAVHTLKHVYK,,,0,WAT_BUR_REL,3,up,1.25
all_atom,dual,EDWNHLGAAVHTLKHVYK,,,0,WAT_BUR_REL,4,dn,2.45
all_atom,dual,EDWNHLGAAVHTLKHVYK,,,0,WAT_BUR_REL,4,up,1.14
all_atom,dual,EDWNHLGAAVHTLKHVYK,,,0,WAT_BUR_REL,5,dn,1.61
all_atom,dual,EDWNHLGAAVHTLKHVYK,,,0,WAT_BUR_REL,5,up,2.2
all_atom,dual,EDWNHLGAAVHTLKHVYK,,,0,ZP-0.5,1,dn,0.121
all_atom,dual,EDWNHLGAAVHTLKHVYK,,,0,ZP-0.5,1,up,0.117
all_atom,dual,EDWNHLGAAVHTLKHVYK,,,0,ZP-0.5,2,dn,0.116
all_atom,dual,EDWNHLGAAVHTLKHVYK,,,0,ZP-0.5,2,up,0.107
all_atom,dual,EDWNHLGAAVHTLKHVYK,,,0,ZP-0.5,3,dn,0.116
all_atom,dual,EDWNHLGAAVHTLKHVYK,,,0,ZP-0.5,3,up,0.073
all_atom,dual,EDWNHLGAAVHTLKHVYK,,,0,ZP-0.5,4,dn,0.089
all_atom,dual,EDWNHLGAAVHTLKHVYK,,,0,ZP-0.5,4,up,0.095
all_atom,dual,EDWNHLGAAVHTLKHVYK,,,0,ZP-0.5,5,dn,0.095
all_atom,dual,EDWNHLGAAVHTLKHVYK,,,0,ZP-0.5,5,up,0.087
all_atom,dual,EDWNHLGAAVHTLKHVYK,,,0,ZP-1.5,1,dn,0.07
all_atom,dual,EDWNHLGAAVHTLKHVYK,,,0,ZP-1.5,1,up,0.102
all_atom,dual,EDWNHLGAAVHTLKHVYK,,,0,ZP-1.5,2,dn,0.078
all_atom,dual,EDWNHLGAAVHTLKHVYK,,,0,ZP-1.5,2,up,0.073
all_atom,dual,EDWNHLGAAVHTLKHVYK,,,0,ZP-1.5,3,dn,0.075
all_atom,dual,EDWNHLGAAVHTLKHVYK,,,0,ZP-1.5,3,up,0.098
all_atom,dual,EDWNHLGAAVHTLKHVYK,,,0,ZP-1.5,4,dn,0.056
all_atom,dual,EDWNHLGAAVHTLKHVYK,,,0,ZP-1.5,4,up,0.068
all_atom,dual,EDWNHLGAAVHTLKHVYK,,,0,ZP-1.5,5,dn,0.072
all_atom,dual,EDWNHLGAAVHTLKHVYK,,,0,ZP-1.5,5,up,0.058
all_atom,dual,EDWNHLGAAVHTLKHVYK,,,0,ZP-2.5,1,dn,0.055
all_atom,dual,EDWNHLGAAVHTLKHVYK,,,0,ZP-2.5,1,up,0.09
all_atom,dual,EDWNHLGAAVHTLKHVYK,,,0,ZP-2.5,2,dn,0.034
all_atom,dual,EDWNHLGAAVHTLKHVYK,,,0,ZP-2.5,2,up,0.064
all_atom,dual,EDWNHLGAAVHTLKHVYK,,,0,ZP-2.5,3,dn,0.041
all_atom,dual,EDWNHLGAAVHTLKHVYK,,,0,ZP-2.5,3,up,0.03
all_atom,dual,EDWNHLGAAVHTLKHVYK,,,0,ZP-2.5,4,dn,0.021
all_atom,dual,EDWNHLGAAVHTLKHVYK,,,0,ZP-2.5,4,up,0.048
all_atom,dual,EDWNHLGAAVHTLKHVYK,,,0,ZP-2.5,5,dn,0.059
all_atom,dual,EDWNHLGAAVHTLKHVYK,,,0,ZP-2.5,5,up,0.026
all_atom,dual,EDWNHLGAAVHTLKHVYK,,,0,ZP-3.5,1,dn,0.013
all_atom,dual,EDWNHLGAAVHTLKHVYK,,,0,ZP-3.5,1,up,0.06
all_atom,dual,EDWNHLGAAVHTLKHVYK,,,0,ZP-3.5,2,dn,0.012
all_atom,dual,EDWNHLGAAVHTLKHVYK,,,0,ZP-3.5,2,up,0.036
all_atom,dual,EDWNHLGAAVHTLKHVYK,,,0,ZP-3.5,3,dn,0.033
all_atom,dual,EDWNHLGAAVHTLKHVYK,,,0,ZP-3.5,3,up,0.05
all_atom,dual,EDWNHLGAAVHTLKHVYK,,,0,ZP-3.5,4,dn,0.021
all_atom,dual,EDWNHLGAAVHTLKHVYK,,,0,ZP-3.5,4,up,0.035
all_atom,dual,EDWNHLGAAVHTLKHVYK,,,0,ZP-3.5,5,dn,0.044
all_atom,dual,EDWNHLGAAVHTLKHVYK,,,0,ZP-3.5,5,up,0.029
all_atom,dual,EDWNHLGAAVHTLKHVYK,,,0,ZP-4.5,1,dn,0.016
all_atom,dual,EDWNHLGAAVHTLKHVYK,,,0,ZP-4.5,1,up,0.051
all_atom,dual,EDWNHLGAAVHTLKHVYK,,,0,ZP-4.5,2,dn,0.016
all_atom,dual,EDWNHLGAAVHTLKHVYK,,,0,ZP-4.5,2,up,0.023
all_atom,dual,EDWNHLGAAVHTLKHVYK,,,0,ZP-4.5,3,dn,0.029
all_atom,dual,EDWNHLGAAVHTLKHVYK,,,0,ZP-4.5,3,up,0.024
all_atom,dual,EDWNHLGAAVHTLKHVYK,,,0,ZP-4.5,4,dn,0.001
all_atom,dual,EDWNHLGAAVHTLKHVYK,,,0,ZP-4.5,4,up,0.013
all_atom,dual,EDWNHLGAAVHTLKHVYK,,,0,ZP-4.5,5,dn,0.029
all_atom,dual,EDWNHLGAAVHTLKHVYK,,,0,ZP-4.5,5,up,0.012
all_atom,dual,EDWNHLGAAVHTLKHVYK,,,0,ZP-5.5,1,dn,0.009
all_atom,dual,EDWNHLGAAVHTLKHVYK,,,0,ZP-5.5,1,up,0.031
all_atom,dual,EDWNHLGAAVHTLKHVYK,,,0,ZP-5.5,2,dn,0.004
all_atom,dual,EDWNHLGAAVHTLKHVYK,,,0,ZP-5.5,2,up,0.01
all_atom,dual,EDWNHLGAAVHTLKHVYK,,,0,ZP-5.5,3,dn,0.022
all_atom,dual,EDWNHLGAAVHTLKHVYK,,,0,ZP-5.5,3,up,0.019
all_atom,dual,EDWNHLGAAVHTLKHVYK,,,0,ZP-5.5,4,dn,0.001
all_atom,dual,EDWNHLGAAVHTLKHVYK,,,0,ZP-5.5,4,up,0.003
all_atom,dual,EDWNHLGAAVHTLKHVYK,,,0,ZP-5.5,5,dn,0.017
all_atom,dual,EDWNHLGAAVHTLKHVYK,,,0,ZP-5.5,5,up,0.003
all_atom,dual,EDWNHLGAAVHTLKHVYK,,,0,ZP-6.5,1,dn,0.001
all_atom,dual,EDWNHLGAAVHTLKHVYK,,,0,ZP-6.5,1,up,0.015
all_atom,dual,EDWNHLGAAVHTLKHVYK,,,0,ZP-6.5,2,dn,0.0
all_atom,dual,EDWNHLGAAVHTLKHVYK,,,0,ZP-6.5,2,up,0.004
all_atom,dual,EDWNHLGAAVHTLKHVYK,,,0,ZP-6.5,3,dn,0.007
all_atom,dual,EDWNHLGAAVHTLKHVYK,,,0,ZP-6.5,3,up,0.007
all_atom,dual,EDWNHLGAAVHTLKHVYK,,,0,ZP-6.5,4,dn,0.001
all_atom,dual,EDWNHLGAAVHTLKHVYK,,,0,ZP-6.5,4,up,0.001
all_atom,dual,EDWNHLGAAVHTLKHVYK,,,0,ZP-6.5,5,dn,0.011
all_atom,dual,EDWNHLGAAVHTLKHVYK,,,0,ZP-6.5,5,up,0.001
all_atom,dual,EDWNHLGAAVHTLKHVYK,,,0,ZP-7.5,1,dn,0.003
all_atom,dual,EDWNHLGAAVHTLKHVYK,,,0,ZP-7.5,1,up,0.007
all_atom,dual,EDWNHLGAAVHTLKHVYK,,,0,ZP-7.5,2,dn,0.003
all_atom,dual,EDWNHLGAAVHTLKHVYK,,,0,ZP-7.5,2,up,0.001
all_atom,dual,EDWNHLGAAVHTLKHVYK,,,0,ZP-7.5,3,dn,0.007
all_atom,dual,EDWNHLGAAVHTLKHVYK,,,0,ZP-7.5,3,up,0.005
all_atom,dual,EDWNHLGAAVHTLKHVYK,,,0,ZP-7.5,4,dn,0.0
all_atom,dual,EDWNHLGAAVHTLKHVYK,,,0,ZP-7.5,4,up,0.0
all_atom,dual,EDWNHLGAAVHTLKHVYK,,,0,ZP-7.5,5,dn,0.007
all_atom,dual,EDWNHLGAAVHTLKHVYK,,,0,ZP-7.5,5,up,0.001
all_atom,dual,EDWNHLGAAVHTLKHVYK,,,0,ZP-8.5,1,dn,0.003
all_atom,dual,EDWNHLGAAVHTLKHVYK,,,0,ZP-8.5,1,up,0.001
all_atom,dual,EDWNHLGAAVHTLKHVYK,,,0,ZP-8.5,2,dn,0.001
all_atom,dual,EDWNHLGAAVHTLKHVYK,,,0,ZP-8.5,2,up,0.001
all_atom,dual,EDWNHLGAAVHTLKHVYK,,,0,ZP-8.5,3,dn,0.001
all_atom,dual,EDWNHLGAAVHTLKHVYK,,,0,ZP-8.5,3,up,0.004
all_atom,dual,EDWNHLGAAVHTLKHVYK,,,0,ZP-8.5,4,dn,0.0
all_atom,dual,EDWNHLGAAVHTLKHVYK,,,0,ZP-8.5,4,up,0.0
all_atom,dual,EDWNHLGAAVHTLKHVYK,,,0,ZP-8.5,5,dn,0.0
all_atom,dual,EDWNHLGAAVHTLKHVYK,,,0,ZP-8.5,5,up,0.0
all_atom,dual,EDWNHLGAAVHTLKHVYK,,,0,ZP-9.5,1,dn,0.001
all_atom,dual,EDWNHLGAAVHTLKHVYK,,,0,ZP-9.5,1,up,0.0
all_atom,dual,EDWNHLGAAVHTLKHVYK,,,0,ZP-9.5,2,dn,0.0
all_atom,dual,EDWNHLGAAVHTLKHVYK,,,0,ZP-9.5,2,up,0.0
all_atom,dual,EDWNHLGAAVHTLKHVYK,,,0,ZP-9.5,3,dn,0.001
all_atom,dual,EDWNHLGAAVHTLKHVYK,,,0,ZP-9.5,3,up,0.001
all_atom,dual,EDWNHLGAAVHTLKHVYK,,,0,ZP-9.5,4,dn,0.0
all_atom,dual,EDWNHLGAAVHTLKHVYK,,,0,ZP-9.5,4,up,0.0
all_atom,dual,EDWNHLGAAVHTLKHVYK,,,0,ZP-9.5,5,dn,0.0
all_atom,dual,EDWNHLGAAVHTLKHVYK,,,0,ZP-9.5,5,up,0.0
all_atom,dual,EDWNHLGAAVHTLKHVYK,,,0,ZP0.5,1,dn,0.156
all_atom,dual,EDWNHLGAAVHTLKHVYK,,,0,ZP0.5,1,up,0.115
all_atom,dual,EDWNHLGAAVHTLKHVYK,,,0,ZP0.5,2,dn,0.118
all_atom,dual,EDWNHLGAAVHTLKHVYK,,,0,ZP0.5,2,up,0.124
all_atom,dual,EDWNHLGAAVHTLKHVYK,,,0,ZP0.5,3,dn,0.103
all_atom,dual,EDWNHLGAAVHTLKHVYK,,,0,ZP0.5,3,up,0.105
all_atom,dual,EDWNHLGAAVHTLKHVYK,,,0,ZP0.5,4,dn,0.123
all_atom,dual,EDWNHLGAAVHTLKHVYK,,,0,ZP0.5,4,up,0.109
all_atom,dual,EDWNHLGAAVHTLKHVYK,,,0,ZP0.5,5,dn,0.11
all_atom,dual,EDWNHLGAAVHTLKHVYK,,,0,ZP0.5,5,up,0.128
all_atom,dual,EDWNHLGAAVHTLKHVYK,,,0,ZP1.5,1,dn,0.128
all_atom,dual,EDWNHLGAAVHTLKHVYK,,,0,ZP1.5,1,up,0.125
all_atom,dual,EDWNHLGAAVHTLKHVYK,,,0,ZP1.5,2,dn,0.173
all_atom,dual,EDWNHLGAAVHTLKHVYK,,,0,ZP1.5,2,up,0.133
all_atom,dual,EDWNHLGAAVHTLKHVYK,,,0,ZP1.5,3,dn,0.139
all_atom,dual,EDWNHLGAAVHTLKHVYK,,,0,ZP1.5,3,up,0.099
all_atom,dual,EDWNHLGAAVHTLKHVYK,,,0,ZP1.5,4,dn,0.136
all_atom,dual,EDWNHLGAAVHTLKHVYK,,,0,ZP1.5,4,up,0.138
all_atom,dual,EDWNHLGAAVHTLKHVYK,,,0,ZP1.5,5,dn,0.11
all_atom,dual,EDWNHLGAAVHTLKHVYK,,,0,ZP1.5,5,up,0.138
all_atom,dual,EDWNHLGAAVHTLKHVYK,,,0,ZP2.5,1,dn,0.131
all_atom,dual,EDWNHLGAAVHTLKHVYK,,,0,ZP2.5,1,up,0.089
all_atom,dual,EDWNHLGAAVHTLKHVYK,,,0,ZP2.5,2,dn,0.142
all_atom,dual,EDWNHLGAAVHTLKHVYK,,,0,ZP2.5,2,up,0.125
all_atom,dual,EDWNHLGAAVHTLKHVYK,,,0,ZP2.5,3,dn,0.131
all_atom,dual,EDWNHLGAAVHTLKHVYK,,,0,ZP2.5,3,up,0.13
all_atom,dual,EDWNHLGAAVHTLKHVYK,,,0,ZP2.5,4,dn,0.149
all_atom,dual,EDWNHLGAAVHTLKHVYK,,,0,ZP2.5,4,up,0.152
all_atom,dual,EDWNHLGAAVHTLKHVYK,,,0,ZP2.5,5,dn,0.113
all_atom,dual,EDWNHLGAAVHTLKHVYK,,,0,ZP2.5,5,up,0.146
all_atom,dual,EDWNHLGAAVHTLKHVYK,,,0,ZP3.5,1,dn,0.086
all_atom,dual,EDWNHLGAAVHTLKHVYK,,,0,ZP3.5,1,up,0.07
all_atom,dual,EDWNHLGAAVHTLKHVYK,,,0,ZP3.5,2,dn,0.09
all_atom,dual,EDWNHLGAAVHTLKHVYK,,,0,ZP3.5,2,up,0.114
all_atom,dual,EDWNHLGAAVHTLKHVYK,,,0,ZP3.5,3,dn,0.122
all_atom,dual,EDWNHLGAAVHTLKHVYK,,,0,ZP3.5,3,up,0.101
all_atom,dual,EDWNHLGAAVHTLKHVYK,,,0,ZP3.5,4,dn,0.17
all_atom,dual,EDWNHLGAAVHTLKHVYK,,,0,ZP3.5,4,up,0.112
all_atom,dual,EDWNHLGAAVHTLKHVYK,,,0,ZP3.5,5,dn,0.094
all_atom,dual,EDWNHLGAAVHTLKHVYK,,,0,ZP3.5,5,up,0.125
all_atom,dual,EDWNHLGAAVHTLKHVYK,,,0,ZP4.5,1,dn,0.067
all_atom,dual,EDWNHLGAAVHTLKHVYK,,,0,ZP4.5,1,up,0.05
all_atom,dual,EDWNHLGAAVHTLKHVYK,,,0,ZP4.5,2,dn,0.096
all_atom,dual,EDWNHLGAAVHTLKHVYK,,,0,ZP4.5,2,up,0.071
all_atom,dual,EDWNHLGAAVHTLKHVYK,,,0,ZP4.5,3,dn,0.075
all_atom,dual,EDWNHLGAAVHTLKHVYK,,,0,ZP4.5,3,up,0.065
all_atom,dual,EDWNHLGAAVHTLKHVYK,,,0,ZP4.5,4,dn,0.109
all_atom,dual,EDWNHLGAAVHTLKHVYK,,,0,ZP4.5,4,up,0.085
all_atom,dual,EDWNHLGAAVHTLKHVYK,,,0,ZP4.5,5,dn,0.099
all_atom,dual,EDWNHLGAAVHTLKHVYK,,,0,ZP4.5,5,up,0.091
all_atom,dual,EDWNHLGAAVHTLKHVYK,,,0,ZP5.5,1,dn,0.069
all_atom,dual,EDWNHLGAAVHTLKHVYK,,,0,ZP5.5,1,up,0.039
all_atom,dual,EDWNHLGAAVHTLKHVYK,,,0,ZP5.5,2,dn,0.06
all_atom,dual,EDWNHLGAAVHTLKHVYK,,,0,ZP5.5,2,up,0.046
all_atom,dual,EDWNHLGAAVHTLKHVYK,,,0,ZP5.5,3,dn,0.051
all_atom,dual,EDWNHLGAAVHTLKHVYK,,,0,ZP5.5,3,up,0.058
all_atom,dual,EDWNHLGAAVHTLKHVYK,,,0,ZP5.5,4,dn,0.063
all_atom,dual,EDWNHLGAAVHTLKHVYK,,,0,ZP5.5,4,up,0.074
all_atom,dual,EDWNHLGAAVHTLKHVYK,,,0,ZP5.5,5,dn,0.057
all_atom,dual,EDWNHLGAAVHTLKHVYK,,,0,ZP5.5,5,up,0.059
all_atom,dual,EDWNHLGAAVHTLKHVYK,,,0,ZP6.5,1,dn,0.04
all_atom,dual,EDWNHLGAAVHTLKHVYK,,,0,ZP6.5,1,up,0.01
all_atom,dual,EDWNHLGAAVHTLKHVYK,,,0,ZP6.5,2,dn,0.03
all_atom,dual,EDWNHLGAAVHTLKHVYK,,,0,ZP6.5,2,up,0.027
all_atom,dual,EDWNHLGAAVHTLKHVYK,,,0,ZP6.5,3,dn,0.028
all_atom,dual,EDWNHLGAAVHTLKHVYK,,,0,ZP6.5,3,up,0.052
all_atom,dual,EDWNHLGAAVHTLKHVYK,,,0,ZP6.5,4,dn,0.037
all_atom,dual,EDWNHLGAAVHTLKHVYK,,,0,ZP6.5,4,up,0.031
all_atom,dual,EDWNHLGAAVHTLKHVYK,,,0,ZP6.5,5,dn,0.04
all_atom,dual,EDWNHLGAAVHTLKHVYK,,,0,ZP6.5,5,up,0.047
all_atom,dual,EDWNHLGAAVHTLKHVYK,,,0,ZP7.5,1,dn,0.015
all_atom,dual,EDWNHLGAAVHTLKHVYK,,,0,ZP7.5,1,up,0.016
all_atom,dual,EDWNHLGAAVHTLKHVYK,,,0,ZP7.5,2,dn,0.02
all_atom,dual,EDWNHLGAAVHTLKHVYK,,,0,ZP7.5,2,up,0.019
all_atom,dual,EDWNHLGAAVHTLKHVYK,,,0,ZP7.5,3,dn,0.01
all_atom,dual,EDWNHLGAAVHTLKHVYK,,,0,ZP7.5,3,up,0.038
all_atom,dual,EDWNHLGAAVHTLKHVYK,,,0,ZP7.5,4,dn,0.013
all_atom,dual,EDWNHLGAAVHTLKHVYK,,,0,ZP7.5,4,up,0.018
all_atom,dual,EDWNHLGAAVHTLKHVYK,,,0,ZP7.5,5,dn,0.019
all_atom,dual,EDWNHLGAAVHTLKHVYK,,,0,ZP7.5,5,up,0.023
all_atom,dual,EDWNHLGAAVHTLKHVYK,,,0,ZP8.5,1,dn,0.009
all_atom,dual,EDWNHLGAAVHTLKHVYK,,,0,ZP8.5,1,up,0.009
all_atom,dual,EDWNHLGAAVHTLKHVYK,,,0,ZP8.5,2,dn,0.005
all_atom,dual,EDWNHLGAAVHTLKHVYK,,,0,ZP8.5,2,up,0.012
all_atom,dual,EDWNHLGAAVHTLKHVYK,,,0,ZP8.5,3,dn,0.003
all_atom,dual,EDWNHLGAAVHTLKHVYK,,,0,ZP8.5,3,up,0.029
all_atom,dual,EDWNHLGAAVHTLKHVYK,,,0,ZP8.5,4,dn,0.004
all_atom,dual,EDWNHLGAAVHTLKHVYK,,,0,ZP8.5,4,up,0.014
all_atom,dual,EDWNHLGAAVHTLKHVYK,,,0,ZP8.5,5,dn,0.015
all_atom,dual,EDWNHLGAAVHTLKHVYK,,,0,ZP8.5,5,up,0.011
all_atom,dual,EDWNHLGAAVHTLKHVYK,,,0,ZP9.5,1,dn,0.004
all_atom,dual,EDWNHLGAAVHTLKHVYK,,,0,ZP9.5,1,up,0.001
all_atom,dual,EDWNHLGAAVHTLKHVYK,,,0,ZP9.5,2,dn,0.004
all_atom,dual,EDWNHLGAAVHTLKHVYK,,,0,ZP9.5,2,up,0.009
all_atom,dual,EDWNHLGAAVHTLKHVYK,,,0,ZP9.5,3,dn,0.004
all_atom,dual,EDWNHLGAAVHTLKHVYK,,,0,ZP9.5,3,up,0.012
all_atom,dual,EDWNHLGAAVHTLKHVYK,,,0,ZP9.5,4,dn,0.004
all_atom,dual,EDWNHLGAAVHTLKHVYK,,,0,ZP9.5,4,up,0.003
all_atom,dual,EDWNHLGAAVHTLKHVYK,,,0,ZP9.5,5,dn,0.007
all_atom,dual,EDWNHLGAAVHTLKHVYK,,,0,ZP9.5,5,up,0.014
all_atom,dual,FIKKIAKLLKKIF,,,1,APLA12.5,1,dn,57.165
all_atom,dual,FIKKIAKLLKKIF,,,1,APLA12.5,1,up,59.386
all_atom,dual,FIKKIAKLLKKIF,,,1,APLA12.5,2,dn,59.033
all_atom,dual,FIKKIAKLLKKIF,,,1,APLA12.5,2,up,58.898
all_atom,dual,FIKKIAKLLKKIF,,,1,APLA12.5,3,dn,60.424
all_atom,dual,FIKKIAKLLKKIF,,,1,APLA12.5,3,up,58.538
all_atom,dual,FIKKIAKLLKKIF,,,1,APLA12.5,4,dn,59.919
all_atom,dual,FIKKIAKLLKKIF,,,1,APLA12.5,4,up,60.134
all_atom,dual,FIKKIAKLLKKIF,,,1,APLA12.5,5,dn,59.778
all_atom,dual,FIKKIAKLLKKIF,,,1,APLA12.5,5,up,60.114
all_atom,dual,FIKKIAKLLKKIF,,,1,APLA17.5,1,dn,57.596
all_atom,dual,FIKKIAKLLKKIF,,,1,APLA17.5,1,up,58.648
all_atom,dual,FIKKIAKLLKKIF,,,1,APLA17.5,2,dn,57.613
all_atom,dual,FIKKIAKLLKKIF,,,1,APLA17.5,2,up,59.5
all_atom,dual,FIKKIAKLLKKIF,,,1,APLA17.5,3,dn,60.914
all_atom,dual,FIKKIAKLLKKIF,,,1,APLA17.5,3,up,59.072
all_atom,dual,FIKKIAKLLKKIF,,,1,APLA17.5,4,dn,58.583
all_atom,dual,FIKKIAKLLKKIF,,,1,APLA17.5,4,up,59.436
all_atom,dual,FIKKIAKLLKKIF,,,1,APLA17.5,5,dn,59.312
all_atom,dual,FIKKIAKLLKKIF,,,1,APLA17.5,5,up,59.368
all_atom,dual,FIKKIAKLLKKIF,,,1,APLA2.5,1,dn,78.661
all_atom,dual,FIKKIAKLLKKIF,,,1,APLA2.5,1,up,73.504
all_atom,dual,FIKKIAKLLKKIF,,,1,APLA2.5,2,dn,79.301
all_atom,dual,FIKKIAKLLKKIF,,,1,APLA2.5,2,up,69.389
all_atom,dual,FIKKIAKLLKKIF,,,1,APLA2.5,3,dn,77.115
all_atom,dual,FIKKIAKLLKKIF,,,1,APLA2.5,3,up,71.149
all_atom,dual,FIKKIAKLLKKIF,,,1,APLA2.5,4,dn,81.308
all_atom,dual,FIKKIAKLLKKIF,,,1,APLA2.5,4,up,72.428
all_atom,dual,FIKKIAKLLKKIF,,,1,APLA2.5,5,dn,74.647
all_atom,dual,FIKKIAKLLKKIF,,,1,APLA2.5,5,up,74.94
all_atom,dual,FIKKIAKLLKKIF,,,1,APLA7.5,1,dn,59.619
all_atom,dual,FIKKIAKLLKKIF,,,1,APLA7.5,1,up,59.073
all_atom,dual,FIKKIAKLLKKIF,,,1,APLA7.5,2,dn,61.479
all_atom,dual,FIKKIAKLLKKIF,,,1,APLA7.5,2,up,59.555
all_atom,dual,FIKKIAKLLKKIF,,,1,APLA7.5,3,dn,60.733
all_atom,dual,FIKKIAKLLKKIF,,,1,APLA7.5,3,up,61.102
all_atom,dual,FIKKIAKLLKKIF,,,1,APLA7.5,4,dn,63.041
all_atom,dual,FIKKIAKLLKKIF,,,1,APLA7.5,4,up,63.385
all_atom,dual,FIKKIAKLLKKIF,,,1,APLA7.5,5,dn,60.578
all_atom,dual,FIKKIAKLLKKIF,,,1,APLA7.5,5,up,63.056
all_atom,dual,FIKKIAKLLKKIF,,,1,APLS12.5,1,dn,4.158
all_atom,dual,FIKKIAKLLKKIF,,,1,APLS12.5,1,up,4.553
all_atom,dual,FIKKIAKLLKKIF,,,1,APLS12.5,2,dn,3.762
all_atom,dual,FIKKIAKLLKKIF,,,1,APLS12.5,2,up,4.437
all_atom,dual,FIKKIAKLLKKIF,,,1,APLS12.5,3,dn,3.836
all_atom,dual,FIKKIAKLLKKIF,,,1,APLS12.5,3,up,3.519
all_atom,dual,FIKKIAKLLKKIF,,,1,APLS12.5,4,dn,4.592
all_atom,dual,FIKKIAKLLKKIF,,,1,APLS12.5,4,up,4.368
all_atom,dual,FIKKIAKLLKKIF,,,1,APLS12.5,5,dn,4.447
all_atom,dual,FIKKIAKLLKKIF,,,1,APLS12.5,5,up,4.144
all_atom,dual,FIKKIAKLLKKIF,,,1,APLS17.5,1,dn,3.825
all_atom,dual,FIKKIAKLLKKIF,,,1,APLS17.5,1,up,3.964
all_atom,dual,FIKKIAKLLKKIF,,,1,APLS17.5,2,dn,4.081
all_atom,dual,FIKKIAKLLKKIF,,,1,APLS17.5,2,up,3.872
all_atom,dual,FIKKIAKLLKKIF,,,1,APLS17.5,3,dn,3.956
all_atom,dual,FIKKIAKLLKKIF,,,1,APLS17.5,3,up,3.22
all_atom,dual,FIKKIAKLLKKIF,,,1,APLS17.5,4,dn,3.712
all_atom,dual,FIKKIAKLLKKIF,,,1,APLS17.5,4,up,3.987
all_atom,dual,FIKKIAKLLKKIF,,,1,APLS17.5,5,dn,3.786
all_atom,dual,FIKKIAKLLKKIF,,,1,APLS17.5,5,up,3.515
all_atom,dual,FIKKIAKLLKKIF,,,1,APLS2.5,1,dn,8.764
all_atom,dual,FIKKIAKLLKKIF,,,1,APLS2.5,1,up,6.875
all_atom,dual,FIKKIAKLLKKIF,,,1,APLS2.5,2,dn,9.725
all_atom,dual,FIKKIAKLLKKIF,,,1,APLS2.5,2,up,7.655
all_atom,dual,FIKKIAKLLKKIF,,,1,APLS2.5,3,dn,8.064
all_atom,dual,FIKKIAKLLKKIF,,,1,APLS2.5,3,up,6.762
all_atom,dual,FIKKIAKLLKKIF,,,1,APLS2.5,4,dn,8.351
all_atom,dual,FIKKIAKLLKKIF,,,1,APLS2.5,4,up,6.321
all_atom,dual,FIKKIAKLLKKIF,,,1,APLS2.5,5,dn,8.584
all_atom,dual,FIKKIAKLLKKIF,,,1,APLS2.5,5,up,6.734
all_atom,dual,FIKKIAKLLKKIF,,,1,APLS7.5,1,dn,5.406
all_atom,dual,FIKKIAKLLKKIF,,,1,APLS7.5,1,up,4.921
all_atom,dual,FIKKIAKLLKKIF,,,1,APLS7.5,2,dn,6.537
all_atom,dual,FIKKIAKLLKKIF,,,1,APLS7.5,2,up,5.687
all_atom,dual,FIKKIAKLLKKIF,,,1,APLS7.5,3,dn,5.285
all_atom,dual,FIKKIAKLLKKIF,,,1,APLS7.5,3,up,6.78
all_atom,dual,FIKKIAKLLKKIF,,,1,APLS7.5,4,dn,7.669
all_atom,dual,FIKKIAKLLKKIF,,,1,APLS7.5,4,up,5.788
all_atom,dual,FIKKIAKLLKKIF,,,1,APLS7.5,5,dn,7.344
all_atom,dual,FIKKIAKLLKKIF,,,1,APLS7.5,5,up,6.231
all_atom,dual,FIKKIAKLLKKIF,,,1,H0,1,dn,0.0
all_atom,dual,FIKKIAKLLKKIF,,,1,H0,1,up,0.0
all_atom,dual,FIKKIAKLLKKIF,,,1,H0,2,dn,0.0
all_atom,dual,FIKKIAKLLKKIF,,,1,H0,2,up,0.0
all_atom,dual,FIKKIAKLLKKIF,,,1,H0,3,dn,0.0
all_atom,dual,FIKKIAKLLKKIF,,,1,H0,3,up,0.0
all_atom,dual,FIKKIAKLLKKIF,,,1,H0,4,dn,0.0
all_atom,dual,FIKKIAKLLKKIF,,,1,H0,4,up,0.0
all_atom,dual,FIKKIAKLLKKIF,,,1,H0,5,dn,0.0
all_atom,dual,FIKKIAKLLKKIF,,,1,H0,5,up,0.0
all_atom,dual,FIKKIAKLLKKIF,,,1,H1,1,dn,0.905
all_atom,dual,FIKKIAKLLKKIF,,,1,H1,1,up,0.958
all_atom,dual,FIKKIAKLLKKIF,,,1,H1,2,dn,0.976
all_atom,dual,FIKKIAKLLKKIF,,,1,H1,2,up,0.198
all_atom,dual,FIKKIAKLLKKIF,,,1,H1,3,dn,0.96
all_atom,dual,FIKKIAKLLKKIF,,,1,H1,3,up,0.198
all_atom,dual,FIKKIAKLLKKIF,,,1,H1,4,dn,0.937
all_atom,dual,FIKKIAKLLKKIF,,,1,H1,4,up,0.198
all_atom,dual,FIKKIAKLLKKIF,,,1,H1,5,dn,0.889
all_atom,dual,FIKKIAKLLKKIF,,,1,H1,5,up,0.2
all_atom,dual,FIKKIAKLLKKIF,,,1,H10,1,dn,0.0
all_atom,dual,FIKKIAKLLKKIF,,,1,H10,1,up,0.0
all_atom,dual,FIKKIAKLLKKIF,,,1,H10,2,dn,0.0
all_atom,dual,FIKKIAKLLKKIF,,,1,H10,2,up,0.0
all_atom,dual,FIKKIAKLLKKIF,,,1,H10,3,dn,0.0
all_atom,dual,FIKKIAKLLKKIF,,,1,H10,3,up,0.0
all_atom,dual,FIKKIAKLLKKIF,,,1,H10,4,dn,0.0
all_atom,dual,FIKKIAKLLKKIF,,,1,H10,4,up,0.0
all_atom,dual,FIKKIAKLLKKIF,,,1,H10,5,dn,0.0
all_atom,dual,FIKKIAKLLKKIF,,,1,H10,5,up,0.0
all_atom,dual,FIKKIAKLLKKIF,,,1,H2,1,dn,1.0
all_atom,dual,FIKKIAKLLKKIF,,,1,H2,1,up,0.994
all_atom,dual,FIKKIAKLLKKIF,,,1,H2,2,dn,1.0
all_atom,dual,FIKKIAKLLKKIF,,,1,H2,2,up,0.99
all_atom,dual,FIKKIAKLLKKIF,,,1,H2,3,dn,1.0
all_atom,dual,FIKKIAKLLKKIF,,,1,H2,3,up,0.99
all_atom,dual,FIKKIAKLLKKIF,,,1,H2,4,dn,1.0
all_atom,dual,FIKKIAKLLKKIF,,,1,H2,4,up,0.99
all_atom,dual,FIKKIAKLLKKIF,,,1,H2,5,dn,1.0
all_atom,dual,FIKKIAKLLKKIF,,,1,H2,5,up,1.0
all_atom,dual,FIKKIAKLLKKIF,,,1,H3,1,dn,1.0
all_atom,dual,FIKKIAKLLKKIF,,,1,H3,1,up,1.0
all_atom,dual,FIKKIAKLLKKIF,,,1,H3,2,dn,1.0
all_atom,dual,FIKKIAKLLKKIF,,,1,H3,2,up,0.996
all_atom,dual,FIKKIAKLLKKIF,,,1,H3,3,dn,1.0
all_atom,dual,FIKKIAKLLKKIF,,,1,H3,3,up,0.996
all_atom,dual,FIKKIAKLLKKIF,,,1,H3,4,dn,1.0
all_atom,dual,FIKKIAKLLKKIF,,,1,H3,4,up,0.996
all_atom,dual,FIKKIAKLLKKIF,,,1,H3,5,dn,1.0
all_atom,dual,FIKKIAKLLKKIF,,,1,H3,5,up,1.0
all_atom,dual,FIKKIAKLLKKIF,,,1,H4,1,dn,1.0
all_atom,dual,FIKKIAKLLKKIF,,,1,H4,1,up,1.0
all_atom,dual,FIKKIAKLLKKIF,,,1,H4,2,dn,1.0
all_atom,dual,FIKKIAKLLKKIF,,,1,H4,2,up,1.0
all_atom,dual,FIKKIAKLLKKIF,,,1,H4,3,dn,1.0
all_atom,dual,FIKKIAKLLKKIF,,,1,H4,3,up,1.0
all_atom,dual,FIKKIAKLLKKIF,,,1,H4,4,dn,1.0
all_atom,dual,FIKKIAKLLKKIF,,,1,H4,4,up,1.0
all_atom,dual,FIKKIAKLLKKIF,,,1,H4,5,dn,1.0
all_atom,dual,FIKKIAKLLKKIF,,,1,H4,5,up,1.0
all_atom,dual,FIKKIAKLLKKIF,,,1,H5,1,dn,1.0
all_atom,dual,FIKKIAKLLKKIF,,,1,H5,1,up,1.0
all_atom,dual,FIKKIAKLLKKIF,,,1,H5,2,dn,1.0
all_atom,dual,FIKKIAKLLKKIF,,,1,H5,2,up,1.0
all_atom,dual,FIKKIAKLLKKIF,,,1,H5,3,dn,1.0
all_atom,dual,FIKKIAKLLKKIF,,,1,H5,3,up,1.0
all_atom,dual,FIKKIAKLLKKIF,,,1,H5,4,dn,1.0
all_atom,dual,FIKKIAKLLKKIF,,,1,H5,4,up,1.0
all_atom,dual,FIKKIAKLLKKIF,,,1,H5,5,dn,1.0
all_atom,dual,FIKKIAKLLKKIF,,,1,H5,5,up,1.0
all_atom,dual,FIKKIAKLLKKIF,,,1,H6,1,dn,0.998
all_atom,dual,FIKKIAKLLKKIF,,,1,H6,1,up,1.0
all_atom,dual,FIKKIAKLLKKIF,,,1,H6,2,dn,1.0
all_atom,dual,FIKKIAKLLKKIF,,,1,H6,2,up,1.0
all_atom,dual,FIKKIAKLLKKIF,,,1,H6,3,dn,1.0
all_atom,dual,FIKKIAKLLKKIF,,,1,H6,3,up,1.0
all_atom,dual,FIKKIAKLLKKIF,,,1,H6,4,dn,0.998
all_atom,dual,FIKKIAKLLKKIF,,,1,H6,4,up,1.0
all_atom,dual,FIKKIAKLLKKIF,,,1,H6,5,dn,0.998
all_atom,dual,FIKKIAKLLKKIF,,,1,H6,5,up,1.0
all_atom,dual,FIKKIAKLLKKIF,,,1,H7,1,dn,0.982
all_atom,dual,FIKKIAKLLKKIF,,,1,H7,1,up,0.988
all_atom,dual,FIKKIAKLLKKIF,,,1,H7,2,dn,1.0
all_atom,dual,FIKKIAKLLKKIF,,,1,H7,2,up,1.0
all_atom,dual,FIKKIAKLLKKIF,,,1,H7,3,dn,0.996
all_atom,dual,FIKKIAKLLKKIF,,,1,H7,3,up,1.0
all_atom,dual,FIKKIAKLLKKIF,,,1,H7,4,dn,0.99
all_atom,dual,FIKKIAKLLKKIF,,,1,H7,4,up,1.0
all_atom,dual,FIKKIAKLLKKIF,,,1,H7,5,dn,0.982
all_atom,dual,FIKKIAKLLKKIF,,,1,H7,5,up,1.0
all_atom,dual,FIKKIAKLLKKIF,,,1,H8,1,dn,0.947
all_atom,dual,FIKKIAKLLKKIF,,,1,H8,1,up,0.952
all_atom,dual,FIKKIAKLLKKIF,,,1,H8,2,dn,1.0
all_atom,dual,FIKKIAKLLKKIF,,,1,H8,2,up,0.994
all_atom,dual,FIKKIAKLLKKIF,,,1,H8,3,dn,0.99
all_atom,dual,FIKKIAKLLKKIF,,,1,H8,3,up,0.988
all_atom,dual,FIKKIAKLLKKIF,,,1,H8,4,dn,0.978
all_atom,dual,FIKKIAKLLKKIF,,,1,H8,4,up,1.0
all_atom,dual,FIKKIAKLLKKIF,,,1,H8,5,dn,0.929
all_atom,dual,FIKKIAKLLKKIF,,,1,H8,5,up,0.988
all_atom,dual,FIKKIAKLLKKIF,,,1,H9,1,dn,0.931
all_atom,dual,FIKKIAKLLKKIF,,,1,H9,1,up,0.917
all_atom,dual,FIKKIAKLLKKIF,,,1,H9,2,dn,1.0
all_atom,dual,FIKKIAKLLKKIF,,,1,H9,2,up,0.99
all_atom,dual,FIKKIAKLLKKIF,,,1,H9,3,dn,0.99
all_atom,dual,FIKKIAKLLKKIF,,,1,H9,3,up,0.972
all_atom,dual,FIKKIAKLLKKIF,,,1,H9,4,dn,0.962
all_atom,dual,FIKKIAKLLKKIF,,,1,H9,4,up,0.976
all_atom,dual,FIKKIAKLLKKIF,,,1,H9,5,dn,0.901
all_atom,dual,FIKKIAKLLKKIF,,,1,H9,5,up,0.941
all_atom,dual,FIKKIAKLLKKIF,,,1,HM,1,dn,0.823
all_atom,dual,FIKKIAKLLKKIF,,,1,HM,1,up,0.828
all_atom,dual,FIKKIAKLLKKIF,,,1,HM,2,dn,0.844
all_atom,dual,FIKKIAKLLKKIF,,,1,HM,2,up,0.766
all_atom,dual,FIKKIAKLLKKIF,,,1,HM,3,dn,0.84
all_atom,dual,FIKKIAKLLKKIF,,,1,HM,3,up,0.764
all_atom,dual,FIKKIAKLLKKIF,,,1,HM,4,dn,0.833
all_atom,dual,FIKKIAKLLKKIF,,,1,HM,4,up,0.765
all_atom,dual,FIKKIAKLLKKIF,,,1,HM,5,dn,0.817
all_atom,dual,FIKKIAKLLKKIF,,,1,HM,5,up,0.762
all_atom,dual,FIKKIAKLLKKIF,,,1,PEPT_BUR_MAX,1,dn,4.85
all_atom,dual,FIKKIAKLLKKIF,,,1,PEPT_BUR_MAX,1,up,2.35
all_atom,dual,FIKKIAKLLKKIF,,,1,PEPT_BUR_MAX,2,dn,3.18
all_atom,dual,FIKKIAKLLKKIF,,,1,PEPT_BUR_MAX,2,up,3.42
all_atom,dual,FIKKIAKLLKKIF,,,1,PEPT_BUR_MAX,3,dn,4.91
all_atom,dual,FIKKIAKLLKKIF,,,1,PEPT_BUR_MAX,3,up,4.39
all_atom,dual,FIKKIAKLLKKIF,,,1,PEPT_BUR_MAX,4,dn,4.11
all_atom,dual,FIKKIAKLLKKIF,,,1,PEPT_BUR_MAX,4,up,4.27
all_atom,dual,FIKKIAKLLKKIF,,,1,PEPT_BUR_MAX,5,dn,3.0
all_atom,dual,FIKKIAKLLKKIF,,,1,PEPT_BUR_MAX,5,up,4.02
all_atom,dual,FIKKIAKLLKKIF,,,1,S,1,dn,0.943
all_atom,dual,FIKKIAKLLKKIF,,,1,S,1,up,0.967
all_atom,dual,FIKKIAKLLKKIF,,,1,S,2,dn,0.966
all_atom,dual,FIKKIAKLLKKIF,,,1,S,2,up,0.979
all_atom,dual,FIKKIAKLLKKIF,,,1,S,3,dn,0.968
all_atom,dual,FIKKIAKLLKKIF,,,1,S,3,up,0.976
all_atom,dual,FIKKIAKLLKKIF,,,1,S,4,dn,0.969
all_atom,dual,FIKKIAKLLKKIF,,,1,S,4,up,0.975
all_atom,dual,FIKKIAKLLKKIF,,,1,S,5,dn,0.958
all_atom,dual,FIKKIAKLLKKIF,,,1,S,5,up,0.972
all_atom,dual,FIKKIAKLLKKIF,,,1,WAT_BUR_MAX,1,dn,8.71
all_atom,dual,FIKKIAKLLKKIF,,,1,WAT_BUR_MAX,1,up,5.52
all_atom,dual,FIKKIAKLLKKIF,,,1,WAT_BUR_MAX,2,dn,8.47
all_atom,dual,FIKKIAKLLKKIF,,,1,WAT_BUR_MAX,2,up,7.23
all_atom,dual,FIKKIAKLLKKIF,,,1,WAT_BUR_MAX,3,dn,8.09
all_atom,dual,FIKKIAKLLKKIF,,,1,WAT_BUR_MAX,3,up,7.68
all_atom,dual,FIKKIAKLLKKIF,,,1,WAT_BUR_MAX,4,dn,7.87
all_atom,dual,FIKKIAKLLKKIF,,,1,WAT_BUR_MAX,4,up,8.71
all_atom,dual,FIKKIAKLLKKIF,,,1,WAT_BUR_MAX,5,dn,7.67
all_atom,dual,FIKKIAKLLKKIF,,,1,WAT_BUR_MAX,5,up,5.59
all_atom,dual,FIKKIAKLLKKIF,,,1,WAT_BUR_REL,1,dn,4.35
all_atom,dual,FIKKIAKLLKKIF,,,1,WAT_BUR_REL,1,up,5.14
all_atom,dual,FIKKIAKLLKKIF,,,1,WAT_BUR_REL,2,dn,5.56
all_atom,dual,FIKKIAKLLKKIF,,,1,WAT_BUR_REL,2,up,4.18
all_atom,dual,FIKKIAKLLKKIF,,,1,WAT_BUR_REL,3,dn,4.88
all_atom,dual,FIKKIAKLLKKIF,,,1,WAT_BUR_REL,3,up,4.35
all_atom,dual,FIKKIAKLLKKIF,,,1,WAT_BUR_REL,4,dn,5.36
all_atom,dual,FIKKIAKLLKKIF,,,1,WAT_BUR_REL,4,up,4.74
all_atom,dual,FIKKIAKLLKKIF,,,1,WAT_BUR_REL,5,dn,4.98
all_atom,dual,FIKKIAKLLKKIF,,,1,WAT_BUR_REL,5,up,4.53
all_atom,dual,FIKKIAKLLKKIF,,,1,ZP-0.5,1,dn,0.145
all_atom,dual,FIKKIAKLLKKIF,,,1,ZP-0.5,1,up,0.159
all_atom,dual,FIKKIAKLLKKIF,,,1,ZP-0.5,2,dn,0.127
all_atom,dual,FIKKIAKLLKKIF,,,1,ZP-0.5,2,up,0.1
all_atom,dual,FIKKIAKLLKKIF,,,1,ZP-0.5,3,dn,0.166
all_atom,dual,FIKKIAKLLKKIF,,,1,ZP-0.5,3,up,0.099
all_atom,dual,FIKKIAKLLKKIF,,,1,ZP-0.5,4,dn,0.154
all_atom,dual,FIKKIAKLLKKIF,,,1,ZP-0.5,4,up,0.115
all_atom,dual,FIKKIAKLLKKIF,,,1,ZP-0.5,5,dn,0.144
all_atom,dual,FIKKIAKLLKKIF,,,1,ZP-0.5,5,up,0.103
all_atom,dual,FIKKIAKLLKKIF,,,1,ZP-1.5,1,dn,0.148
all_atom,dual,FIKKIAKLLKKIF,,,1,ZP-1.5,1,up,0.127
all_atom,dual,FIKKIAKLLKKIF,,,1,ZP-1.5,2,dn,0.166
all_atom,dual,FIKKIAKLLKKIF,,,1,ZP-1.5,2,up,0.107
all_atom,dual,FIKKIAKLLKKIF,,,1,ZP-1.5,3,dn,0.123
all_atom,dual,FIKKIAKLLKKIF,,,1,ZP-1.5,3,up,0.103
all_atom,dual,FIKKIAKLLKKIF,,,1,ZP-1.5,4,dn,0.137
all_atom,dual,FIKKIAKLLKKIF,,,1,ZP-1.5,4,up,0.094
all_atom,dual,FIKKIAKLLKKIF,,,1,ZP-1.5,5,dn,0.122
all_atom,dual,FIKKIAKLLKKIF,,,1,ZP-1.5,5,up,0.119
all_atom,dual,FIKKIAKLLKKIF,,,1,ZP-2.5,1,dn,0.103
all_atom,dual,FIKKIAKLLKKIF,,,1,ZP-2.5,1,up,0.138
all_atom,dual,FIKKIAKLLKKIF,,,1,ZP-2.5,2,dn,0.136
all_atom,dual,FIKKIAKLLKKIF,,,1,ZP-2.5,2,up,0.113
all_atom,dual,FIKKIAKLLKKIF,,,1,ZP-2.5,3,dn,0.103
all_atom,dual,FIKKIAKLLKKIF,,,1,ZP-2.5,3,up,0.138
all_atom,dual,FIKKIAKLLKKIF,,,1,ZP-2.5,4,dn,0.136
all_atom,dual,FIKKIAKLLKKIF,,,1,ZP-2.5,4,up,0.107
all_atom,dual,FIKKIAKLLKKIF,,,1,ZP-2.5,5,dn,0.11
all_atom,dual,FIKKIAKLLKKIF,,,1,ZP-2.5,5,up,0.12
all_atom,dual,FIKKIAKLLKKIF,,,1,ZP-3.5,1,dn,0.094
all_atom,dual,FIKKIAKLLKKIF,,,1,ZP-3.5,1,up,0.103
all_atom,dual,FIKKIAKLLKKIF,,,1,ZP-3.5,2,dn,0.106
all_atom,dual,FIKKIAKLLKKIF,,,1,ZP-3.5,2,up,0.111
all_atom,dual,FIKKIAKLLKKIF,,,1,ZP-3.5,3,dn,0.109
all_atom,dual,FIKKIAKLLKKIF,,,1,ZP-3.5,3,up,0.111
all_atom,dual,FIKKIAKLLKKIF,,,1,ZP-3.5,4,dn,0.11
all_atom,dual,FIKKIAKLLKKIF,,,1,ZP-3.5,4,up,0.099
all_atom,dual,FIKKIAKLLKKIF,,,1,ZP-3.5,5,dn,0.085
all_atom,dual,FIKKIAKLLKKIF,,,1,ZP-3.5,5,up,0.122
all_atom,dual,FIKKIAKLLKKIF,,,1,ZP-4.5,1,dn,0.052
all_atom,dual,FIKKIAKLLKKIF,,,1,ZP-4.5,1,up,0.072
all_atom,dual,FIKKIAKLLKKIF,,,1,ZP-4.5,2,dn,0.058
all_atom,dual,FIKKIAKLLKKIF,,,1,ZP-4.5,2,up,0.105
all_atom,dual,FIKKIAKLLKKIF,,,1,ZP-4.5,3,dn,0.058
all_atom,dual,FIKKIAKLLKKIF,,,1,ZP-4.5,3,up,0.104
all_atom,dual,FIKKIAKLLKKIF,,,1,ZP-4.5,4,dn,0.07
all_atom,dual,FIKKIAKLLKKIF,,,1,ZP-4.5,4,up,0.109
all_atom,dual,FIKKIAKLLKKIF,,,1,ZP-4.5,5,dn,0.074
all_atom,dual,FIKKIAKLLKKIF,,,1,ZP-4.5,5,up,0.085
all_atom,dual,FIKKIAKLLKKIF,,,1,ZP-5.5,1,dn,0.03
all_atom,dual,FIKKIAKLLKKIF,,,1,ZP-5.5,1,up,0.048
all_atom,dual,FIKKIAKLLKKIF,,,1,ZP-5.5,2,dn,0.042
all_atom,dual,FIKKIAKLLKKIF,,,1,ZP-5.5,2,up,0.07
all_atom,dual,FIKKIAKLLKKIF,,,1,ZP-5.5,3,dn,0.03
all_atom,dual,FIKKIAKLLKKIF,,,1,ZP-5.5,3,up,0.088
all_atom,dual,FIKKIAKLLKKIF,,,1,ZP-5.5,4,dn,0.024
all_atom,dual,FIKKIAKLLKKIF,,,1,ZP-5.5,4,up,0.088
all_atom,dual,FIKKIAKLLKKIF,,,1,ZP-5.5,5,dn,0.057
all_atom,dual,FIKKIAKLLKKIF,,,1,ZP-5.5,5,up,0.069
all_atom,dual,FIKKIAKLLKKIF,,,1,ZP-6.5,1,dn,0.018
all_atom,dual,FIKKIAKLLKKIF,,,1,ZP-6.5,1,up,0.031
all_atom,dual,FIKKIAKLLKKIF,,,1,ZP-6.5,2,dn,0.023
all_atom,dual,FIKKIAKLLKKIF,,,1,ZP-6.5,2,up,0.051
all_atom,dual,FIKKIAKLLKKIF,,,1,ZP-6.5,3,dn,0.012
all_atom,dual,FIKKIAKLLKKIF,,,1,ZP-6.5,3,up,0.073
all_atom,dual,FIKKIAKLLKKIF,,,1,ZP-6.5,4,dn,0.017
all_atom,dual,FIKKIAKLLKKIF,,,1,ZP-6.5,4,up,0.046
all_atom,dual,FIKKIAKLLKKIF,,,1,ZP-6.5,5,dn,0.026
all_atom,dual,FIKKIAKLLKKIF,,,1,ZP-6.5,5,up,0.054
all_atom,dual,FIKKIAKLLKKIF,,,1,ZP-7.5,1,dn,0.01
all_atom,dual,FIKKIAKLLKKIF,,,1,ZP-7.5,1,up,0.004
all_atom,dual,FIKKIAKLLKKIF,,,1,ZP-7.5,2,dn,0.013
all_atom,dual,FIKKIAKLLKKIF,,,1,ZP-7.5,2,up,0.04
all_atom,dual,FIKKIAKLLKKIF,,,1,ZP-7.5,3,dn,0.004
all_atom,dual,FIKKIAKLLKKIF,,,1,ZP-7.5,3,up,0.04
all_atom,dual,FIKKIAKLLKKIF,,,1,ZP-7.5,4,dn,0.003
all_atom,dual,FIKKIAKLLKKIF,,,1,ZP-7.5,4,up,0.029
all_atom,dual,FIKKIAKLLKKIF,,,1,ZP-7.5,5,dn,0.013
all_atom,dual,FIKKIAKLLKKIF,,,1,ZP-7.5,5,up,0.03
all_atom,dual,FIKKIAKLLKKIF,,,1,ZP-8.5,1,dn,0.006
all_atom,dual,FIKKIAKLLKKIF,,,1,ZP-8.5,1,up,0.01
all_atom,dual,FIKKIAKLLKKIF,,,1,ZP-8.5,2,dn,0.003
all_atom,dual,FIKKIAKLLKKIF,,,1,ZP-8.5,2,up,0.025
all_atom,dual,FIKKIAKLLKKIF,,,1,ZP-8.5,3,dn,0.0
all_atom,dual,FIKKIAKLLKKIF,,,1,ZP-8.5,3,up,0.015
all_atom,dual,FIKKIAKLLKKIF,,,1,ZP-8.5,4,dn,0.002
all_atom,dual,FIKKIAKLLKKIF,,,1,ZP-8.5,4,up,0.015
all_atom,dual,FIKKIAKLLKKIF,,,1,ZP-8.5,5,dn,0.001
all_atom,dual,FIKKIAKLLKKIF,,,1,ZP-8.5,5,up,0.011
all_atom,dual,FIKKIAKLLKKIF,,,1,ZP-9.5,1,dn,0.001
all_atom,dual,FIKKIAKLLKKIF,,,1,ZP-9.5,1,up,0.006
all_atom,dual,FIKKIAKLLKKIF,,,1,ZP-9.5,2,dn,0.0
all_atom,dual,FIKKIAKLLKKIF,,,1,ZP-9.5,2,up,0.016
all_atom,dual,FIKKIAKLLKKIF,,,1,ZP-9.5,3,dn,0.0
all_atom,dual,FIKKIAKLLKKIF,,,1,ZP-9.5,3,up,0.004
all_atom,dual,FIKKIAKLLKKIF,,,1,ZP-9.5,4,dn,0.003
all_atom,dual,FIKKIAKLLKKIF,,,1,ZP-9.5,4,up,0.001
all_atom,dual,FIKKIAKLLKKIF,,,1,ZP-9.5,5,dn,0.003
all_atom,dual,FIKKIAKLLKKIF,,,1,ZP-9.5,5,up,0.007
all_atom,dual,FIKKIAKLLKKIF,,,1,ZP0.5,1,dn,0.131
all_atom,dual,FIKKIAKLLKKIF,,,1,ZP0.5,1,up,0.118
all_atom,dual,FIKKIAKLLKKIF,,,1,ZP0.5,2,dn,0.107
all_atom,dual,FIKKIAKLLKKIF,,,1,ZP0.5,2,up,0.087
all_atom,dual,FIKKIAKLLKKIF,,,1,ZP0.5,3,dn,0.134
all_atom,dual,FIKKIAKLLKKIF,,,1,ZP0.5,3,up,0.09
all_atom,dual,FIKKIAKLLKKIF,,,1,ZP0.5,4,dn,0.111
all_atom,dual,FIKKIAKLLKKIF,,,1,ZP0.5,4,up,0.088
all_atom,dual,FIKKIAKLLKKIF,,,1,ZP0.5,5,dn,0.116
all_atom,dual,FIKKIAKLLKKIF,,,1,ZP0.5,5,up,0.112
all_atom,dual,FIKKIAKLLKKIF,,,1,ZP1.5,1,dn,0.12
all_atom,dual,FIKKIAKLLKKIF,,,1,ZP1.5,1,up,0.084
all_atom,dual,FIKKIAKLLKKIF,,,1,ZP1.5,2,dn,0.075
all_atom,dual,FIKKIAKLLKKIF,,,1,ZP1.5,2,up,0.091
all_atom,dual,FIKKIAKLLKKIF,,,1,ZP1.5,3,dn,0.114
all_atom,dual,FIKKIAKLLKKIF,,,1,ZP1.5,3,up,0.051
all_atom,dual,FIKKIAKLLKKIF,,,1,ZP1.5,4,dn,0.099
all_atom,dual,FIKKIAKLLKKIF,,,1,ZP1.5,4,up,0.083
all_atom,dual,FIKKIAKLLKKIF,,,1,ZP1.5,5,dn,0.114
all_atom,dual,FIKKIAKLLKKIF,,,1,ZP1.5,5,up,0.073
all_atom,dual,FIKKIAKLLKKIF,,,1,ZP2.5,1,dn,0.069
all_atom,dual,FIKKIAKLLKKIF,,,1,ZP2.5,1,up,0.051
all_atom,dual,FIKKIAKLLKKIF,,,1,ZP2.5,2,dn,0.074
all_atom,dual,FIKKIAKLLKKIF,,,1,ZP2.5,2,up,0.044
all_atom,dual,FIKKIAKLLKKIF,,,1,ZP2.5,3,dn,0.095
all_atom,dual,FIKKIAKLLKKIF,,,1,ZP2.5,3,up,0.046
all_atom,dual,FIKKIAKLLKKIF,,,1,ZP2.5,4,dn,0.061
all_atom,dual,FIKKIAKLLKKIF,,,1,ZP2.5,4,up,0.053
all_atom,dual,FIKKIAKLLKKIF,,,1,ZP2.5,5,dn,0.059
all_atom,dual,FIKKIAKLLKKIF,,,1,ZP2.5,5,up,0.049
all_atom,dual,FIKKIAKLLKKIF,,,1,ZP3.5,1,dn,0.03
all_atom,dual,FIKKIAKLLKKIF,,,1,ZP3.5,1,up,0.031
all_atom,dual,FIKKIAKLLKKIF,,,1,ZP3.5,2,dn,0.039
all_atom,dual,FIKKIAKLLKKIF,,,1,ZP3.5,2,up,0.026
all_atom,dual,FIKKIAKLLKKIF,,,1,ZP3.5,3,dn,0.032
all_atom,dual,FIKKIAKLLKKIF,,,1,ZP3.5,3,up,0.027
all_atom,dual,FIKKIAKLLKKIF,,,1,ZP3.5,4,dn,0.049
all_atom,dual,FIKKIAKLLKKIF,,,1,ZP3.5,4,up,0.04
all_atom,dual,FIKKIAKLLKKIF,,,1,ZP3.5,5,dn,0.042
all_atom,dual,FIKKIAKLLKKIF,,,1,ZP3.5,5,up,0.022
all_atom,dual,FIKKIAKLLKKIF,,,1,ZP4.5,1,dn,0.021
all_atom,dual,FIKKIAKLLKKIF,,,1,ZP4.5,1,up,0.013
all_atom,dual,FIKKIAKLLKKIF,,,1,ZP4.5,2,dn,0.014
all_atom,dual,FIKKIAKLLKKIF,,,1,ZP4.5,2,up,0.009
all_atom,dual,FIKKIAKLLKKIF,,,1,ZP4.5,3,dn,0.012
all_atom,dual,FIKKIAKLLKKIF,,,1,ZP4.5,3,up,0.006
all_atom,dual,FIKKIAKLLKKIF,,,1,ZP4.5,4,dn,0.015
all_atom,dual,FIKKIAKLLKKIF,,,1,ZP4.5,4,up,0.026
all_atom,dual,FIKKIAKLLKKIF,,,1,ZP4.5,5,dn,0.016
all_atom,dual,FIKKIAKLLKKIF,,,1,ZP4.5,5,up,0.013
all_atom,dual,FIKKIAKLLKKIF,,,1,ZP5.5,1,dn,0.011
all_atom,dual,FIKKIAKLLKKIF,,,1,ZP5.5,1,up,0.004
all_atom,dual,FIKKIAKLLKKIF,,,1,ZP5.5,2,dn,0.013
all_atom,dual,FIKKIAKLLKKIF,,,1,ZP5.5,2,up,0.002
all_atom,dual,FIKKIAKLLKKIF,,,1,ZP5.5,3,dn,0.003
all_atom,dual,FIKKIAKLLKKIF,,,1,ZP5.5,3,up,0.006
all_atom,dual,FIKKIAKLLKKIF,,,1,ZP5.5,4,dn,0.005
all_atom,dual,FIKKIAKLLKKIF,,,1,ZP5.5,4,up,0.005
all_atom,dual,FIKKIAKLLKKIF,,,1,ZP5.5,5,dn,0.008
all_atom,dual,FIKKIAKLLKKIF,,,1,ZP5.5,5,up,0.009
all_atom,dual,FIKKIAKLLKKIF,,,1,ZP6.5,1,dn,0.011
all_atom,dual,FIKKIAKLLKKIF,,,1,ZP6.5,1,up,0.001
all_atom,dual,FIKKIAKLLKKIF,,,1,ZP6.5,2,dn,0.003
all_atom,dual,FIKKIAKLLKKIF,,,1,ZP6.5,2,up,0.002
all_atom,dual,FIKKIAKLLKKIF,,,1,ZP6.5,3,dn,0.004
all_atom,dual,FIKKIAKLLKKIF,,,1,ZP6.5,3,up,0.0
all_atom,dual,FIKKIAKLLKKIF,,,1,ZP6.5,4,dn,0.002
all_atom,dual,FIKKIAKLLKKIF,,,1,ZP6.5,4,up,0.003
all_atom,dual,FIKKIAKLLKKIF,,,1,ZP6.5,5,dn,0.004
all_atom,dual,FIKKIAKLLKKIF,,,1,ZP6.5,5,up,0.001
all_atom,dual,FIKKIAKLLKKIF,,,1,ZP7.5,1,dn,0.0
all_atom,dual,FIKKIAKLLKKIF,,,1,ZP7.5,1,up,0.0
all_atom,dual,FIKKIAKLLKKIF,,,1,ZP7.5,2,dn,0.0
all_atom,dual,FIKKIAKLLKKIF,,,1,ZP7.5,2,up,0.0
all_atom,dual,FIKKIAKLLKKIF,,,1,ZP7.5,3,dn,0.0
all_atom,dual,FIKKIAKLLKKIF,,,1,ZP7.5,3,up,0.0
all_atom,dual,FIKKIAKLLKKIF,,,1,ZP7.5,4,dn,0.002
all_atom,dual,FIKKIAKLLKKIF,,,1,ZP7.5,4,up,0.0
all_atom,dual,FIKKIAKLLKKIF,,,1,ZP7.5,5,dn,0.004
all_atom,dual,FIKKIAKLLKKIF,,,1,ZP7.5,5,up,0.0
all_atom,dual,FIKKIAKLLKKIF,,,1,ZP8.5,1,dn,0.0
all_atom,dual,FIKKIAKLLKKIF,,,1,ZP8.5,1,up,0.0
all_atom,dual,FIKKIAKLLKKIF,,,1,ZP8.5,2,dn,0.0
all_atom,dual,FIKKIAKLLKKIF,,,1,ZP8.5,2,up,0.0
all_atom,dual,FIKKIAKLLKKIF,,,1,ZP8.5,3,dn,0.0
all_atom,dual,FIKKIAKLLKKIF,,,1,ZP8.5,3,up,0.0
all_atom,dual,FIKKIAKLLKKIF,,,1,ZP8.5,4,dn,0.002
all_atom,dual,FIKKIAKLLKKIF,,,1,ZP8.5,4,up,0.0
all_atom,dual,FIKKIAKLLKKIF,,,1,ZP8.5,5,dn,0.0
all_atom,dual,FIKKIAKLLKKIF,,,1,ZP8.5,5,up,0.0
all_atom,dual,FIKKIAKLLKKIF,,,1,ZP9.5,1,dn,0.0
all_atom,dual,FIKKIAKLLKKIF,,,1,ZP9.5,1,up,0.0
all_atom,dual,FIKKIAKLLKKIF,,,1,ZP9.5,2,dn,0.0
all_atom,dual,FIKKIAKLLKKIF,,,1,ZP9.5,2,up,0.0
all_atom,dual,FIKKIAKLLKKIF,,,1,ZP9.5,3,dn,0.0
all_atom,dual,FIKKIAKLLKKIF,,,1,ZP9.5,3,up,0.0
all_atom,dual,FIKKIAKLLKKIF,,,1,ZP9.5,4,dn,0.0
all_atom,dual,FIKKIAKLLKKIF,,,1,ZP9.5,4,up,0.0
all_atom,dual,FIKKIAKLLKKIF,,,1,ZP9.5,5,dn,0.001
all_atom,dual,FIKKIAKLLKKIF,,,1,ZP9.5,5,up,0.0
all_atom,dual,FLWKLIPKAIKKVKSLIKK,,,1,APLA12.5,1,dn,58.954
all_atom,dual,FLWKLIPKAIKKVKSLIKK,,,1,APLA12.5,1,up,58.783
all_atom,dual,FLWKLIPKAIKKVKSLIKK,,,1,APLA12.5,2,dn,59.078
all_atom,dual,FLWKLIPKAIKKVKSLIKK,,,1,APLA12.5,2,up,59.954
all_atom,dual,FLWKLIPKAIKKVKSLIKK,,,1,APLA12.5,3,dn,59.477
all_atom,dual,FLWKLIPKAIKKVKSLIKK,,,1,APLA12.5,3,up,60.528
all_atom,dual,FLWKLIPKAIKKVKSLIKK,,,1,APLA12.5,4,dn,60.981
all_atom,dual,FLWKLIPKAIKKVKSLIKK,,,1,APLA12.5,4,up,58.559
all_atom,dual,FLWKLIPKAIKKVKSLIKK,,,1,APLA12.5,5,dn,61.173
all_atom,dual,FLWKLIPKAIKKVKSLIKK,,,1,APLA12.5,5,up,60.274
all_atom,dual,FLWKLIPKAIKKVKSLIKK,,,1,APLA17.5,1,dn,60.313
all_atom,dual,FLWKLIPKAIKKVKSLIKK,,,1,APLA17.5,1,up,59.631
all_atom,dual,FLWKLIPKAIKKVKSLIKK,,,1,APLA17.5,2,dn,57.784
all_atom,dual,FLWKLIPKAIKKVKSLIKK,,,1,APLA17.5,2,up,59.243
all_atom,dual,FLWKLIPKAIKKVKSLIKK,,,1,APLA17.5,3,dn,59.645
all_atom,dual,FLWKLIPKAIKKVKSLIKK,,,1,APLA17.5,3,up,59.289
all_atom,dual,FLWKLIPKAIKKVKSLIKK,,,1,APLA17.5,4,dn,58.576
all_atom,dual,FLWKLIPKAIKKVKSLIKK,,,1,APLA17.5,4,up,59.529
all_atom,dual,FLWKLIPKAIKKVKSLIKK,,,1,APLA17.5,5,dn,60.387
all_atom,dual,FLWKLIPKAIKKVKSLIKK,,,1,APLA17.5,5,up,60.919
all_atom,dual,FLWKLIPKAIKKVKSLIKK,,,1,APLA2.5,1,dn,81.681
all_atom,dual,FLWKLIPKAIKKVKSLIKK,,,1,APLA2.5,1,up,84.004
all_atom,dual,FLWKLIPKAIKKVKSLIKK,,,1,APLA2.5,2,dn,80.064
all_atom,dual,FLWKLIPKAIKKVKSLIKK,,,1,APLA2.5,2,up,76.44
all_atom,dual,FLWKLIPKAIKKVKSLIKK,,,1,APLA2.5,3,dn,82.84
all_atom,dual,FLWKLIPKAIKKVKSLIKK,,,1,APLA2.5,3,up,74.204
all_atom,dual,FLWKLIPKAIKKVKSLIKK,,,1,APLA2.5,4,dn,79.001
all_atom,dual,FLWKLIPKAIKKVKSLIKK,,,1,APLA2.5,4,up,76.474
all_atom,dual,FLWKLIPKAIKKVKSLIKK,,,1,APLA2.5,5,dn,81.169
all_atom,dual,FLWKLIPKAIKKVKSLIKK,,,1,APLA2.5,5,up,75.006
all_atom,dual,FLWKLIPKAIKKVKSLIKK,,,1,APLA7.5,1,dn,62.182
all_atom,dual,FLWKLIPKAIKKVKSLIKK,,,1,APLA7.5,1,up,62.077
all_atom,dual,FLWKLIPKAIKKVKSLIKK,,,1,APLA7.5,2,dn,62.883
all_atom,dual,FLWKLIPKAIKKVKSLIKK,,,1,APLA7.5,2,up,60.483
all_atom,dual,FLWKLIPKAIKKVKSLIKK,,,1,APLA7.5,3,dn,63.145
all_atom,dual,FLWKLIPKAIKKVKSLIKK,,,1,APLA7.5,3,up,63.611
all_atom,dual,FLWKLIPKAIKKVKSLIKK,,,1,APLA7.5,4,dn,64.882
all_atom,dual,FLWKLIPKAIKKVKSLIKK,,,1,APLA7.5,4,up,60.643
all_atom,dual,FLWKLIPKAIKKVKSLIKK,,,1,APLA7.5,5,dn,63.659
all_atom,dual,FLWKLIPKAIKKVKSLIKK,,,1,APLA7.5,5,up,62.607
all_atom,dual,FLWKLIPKAIKKVKSLIKK,,,1,APLS12.5,1,dn,4.637
all_atom,dual,FLWKLIPKAIKKVKSLIKK,,,1,APLS12.5,1,up,3.369
all_atom,dual,FLWKLIPKAIKKVKSLIKK,,,1,APLS12.5,2,dn,4.492
all_atom,dual,FLWKLIPKAIKKVKSLIKK,,,1,APLS12.5,2,up,4.486
all_atom,dual,FLWKLIPKAIKKVKSLIKK,,,1,APLS12.5,3,dn,4.586
all_atom,dual,FLWKLIPKAIKKVKSLIKK,,,1,APLS12.5,3,up,5.074
all_atom,dual,FLWKLIPKAIKKVKSLIKK,,,1,APLS12.5,4,dn,4.163
all_atom,dual,FLWKLIPKAIKKVKSLIKK,,,1,APLS12.5,4,up,4.051
all_atom,dual,FLWKLIPKAIKKVKSLIKK,,,1,APLS12.5,5,dn,4.349
all_atom,dual,FLWKLIPKAIKKVKSLIKK,,,1,APLS12.5,5,up,4.458
all_atom,dual,FLWKLIPKAIKKVKSLIKK,,,1,APLS17.5,1,dn,3.689
all_atom,dual,FLWKLIPKAIKKVKSLIKK,,,1,APLS17.5,1,up,4.007
all_atom,dual,FLWKLIPKAIKKVKSLIKK,,,1,APLS17.5,2,dn,3.841
all_atom,dual,FLWKLIPKAIKKVKSLIKK,,,1,APLS17.5,2,up,3.467
all_atom,dual,FLWKLIPKAIKKVKSLIKK,,,1,APLS17.5,3,dn,3.971
all_atom,dual,FLWKLIPKAIKKVKSLIKK,,,1,APLS17.5,3,up,3.205
all_atom,dual,FLWKLIPKAIKKVKSLIKK,,,1,APLS17.5,4,dn,3.781
all_atom,dual,FLWKLIPKAIKKVKSLIKK,,,1,APLS17.5,4,up,3.598
all_atom,dual,FLWKLIPKAIKKVKSLIKK,,,1,APLS17.5,5,dn,3.896
all_atom,dual,FLWKLIPKAIKKVKSLIKK,,,1,APLS17.5,5,up,3.651
all_atom,dual,FLWKLIPKAIKKVKSLIKK,,,1,APLS2.5,1,dn,8.626
all_atom,dual,FLWKLIPKAIKKVKSLIKK,,,1,APLS2.5,1,up,6.851
all_atom,dual,FLWKLIPKAIKKVKSLIKK,,,1,APLS2.5,2,dn,7.392
all_atom,dual,FLWKLIPKAIKKVKSLIKK,,,1,APLS2.5,2,up,8.11
all_atom,dual,FLWKLIPKAIKKVKSLIKK,,,1,APLS2.5,3,dn,7.999
all_atom,dual,FLWKLIPKAIKKVKSLIKK,,,1,APLS2.5,3,up,6.853
all_atom,dual,FLWKLIPKAIKKVKSLIKK,,,1,APLS2.5,4,dn,7.655
all_atom,dual,FLWKLIPKAIKKVKSLIKK,,,1,APLS2.5,4,up,6.556
all_atom,dual,FLWKLIPKAIKKVKSLIKK,,,1,APLS2.5,5,dn,9.879
all_atom,dual,FLWKLIPKAIKKVKSLIKK,,,1,APLS2.5,5,up,7.077
all_atom,dual,FLWKLIPKAIKKVKSLIKK,,,1,APLS7.5,1,dn,4.594
all_atom,dual,FLWKLIPKAIKKVKSLIKK,,,1,APLS7.5,1,up,5.506
all_atom,dual,FLWKLIPKAIKKVKSLIKK,,,1,APLS7.5,2,dn,5.836
all_atom,dual,FLWKLIPKAIKKVKSLIKK,,,1,APLS7.5,2,up,5.08
all_atom,dual,FLWKLIPKAIKKVKSLIKK,,,1,APLS7.5,3,dn,5.815
all_atom,dual,FLWKLIPKAIKKVKSLIKK,,,1,APLS7.5,3,up,6.791
all_atom,dual,FLWKLIPKAIKKVKSLIKK,,,1,APLS7.5,4,dn,6.515
all_atom,dual,FLWKLIPKAIKKVKSLIKK,,,1,APLS7.5,4,up,5.499
all_atom,dual,FLWKLIPKAIKKVKSLIKK,,,1,APLS7.5,5,dn,5.814
all_atom,dual,FLWKLIPKAIKKVKSLIKK,,,1,APLS7.5,5,up,5.67
all_atom,dual,FLWKLIPKAIKKVKSLIKK,,,1,H0,1,dn,0.0
all_atom,dual,FLWKLIPKAIKKVKSLIKK,,,1,H0,1,up,0.0
all_atom,dual,FLWKLIPKAIKKVKSLIKK,,,1,H0,2,dn,0.0
all_atom,dual,FLWKLIPKAIKKVKSLIKK,,,1,H0,2,up,0.0
all_atom,dual,FLWKLIPKAIKKVKSLIKK,,,1,H0,3,dn,0.0
all_atom,dual,FLWKLIPKAIKKVKSLIKK,,,1,H0,3,up,0.0
all_atom,dual,FLWKLIPKAIKKVKSLIKK,,,1,H0,4,dn,0.0
all_atom,dual,FLWKLIPKAIKKVKSLIKK,,,1,H0,4,up,0.0
all_atom,dual,FLWKLIPKAIKKVKSLIKK,,,1,H0,5,dn,0.0
all_atom,dual,FLWKLIPKAIKKVKSLIKK,,,1,H0,5,up,0.0
all_atom,dual,FLWKLIPKAIKKVKSLIKK,,,1,H1,1,dn,0.715
all_atom,dual,FLWKLIPKAIKKVKSLIKK,,,1,H1,1,up,0.822
all_atom,dual,FLWKLIPKAIKKVKSLIKK,,,1,H1,2,dn,0.632
all_atom,dual,FLWKLIPKAIKKVKSLIKK,,,1,H1,2,up,0.265
all_atom,dual,FLWKLIPKAIKKVKSLIKK,,,1,H1,3,dn,0.812
all_atom,dual,FLWKLIPKAIKKVKSLIKK,,,1,H1,3,up,0.481
all_atom,dual,FLWKLIPKAIKKVKSLIKK,,,1,H1,4,dn,0.929
all_atom,dual,FLWKLIPKAIKKVKSLIKK,,,1,H1,4,up,0.693
all_atom,dual,FLWKLIPKAIKKVKSLIKK,,,1,H1,5,dn,0.931
all_atom,dual,FLWKLIPKAIKKVKSLIKK,,,1,H1,5,up,0.285
all_atom,dual,FLWKLIPKAIKKVKSLIKK,,,1,H10,1,dn,0.0
all_atom,dual,FLWKLIPKAIKKVKSLIKK,,,1,H10,1,up,0.0
all_atom,dual,FLWKLIPKAIKKVKSLIKK,,,1,H10,2,dn,0.0
all_atom,dual,FLWKLIPKAIKKVKSLIKK,,,1,H10,2,up,0.0
all_atom,dual,FLWKLIPKAIKKVKSLIKK,,,1,H10,3,dn,0.0
all_atom,dual,FLWKLIPKAIKKVKSLIKK,,,1,H10,3,up,0.0
all_atom,dual,FLWKLIPKAIKKVKSLIKK,,,1,H10,4,dn,0.0
all_atom,dual,FLWKLIPKAIKKVKSLIKK,,,1,H10,4,up,0.0
all_atom,dual,FLWKLIPKAIKKVKSLIKK,,,1,H10,5,dn,0.0
all_atom,dual,FLWKLIPKAIKKVKSLIKK,,,1,H10,5,up,0.0
all_atom,dual,FLWKLIPKAIKKVKSLIKK,,,1,H2,1,dn,0.881
all_atom,dual,FLWKLIPKAIKKVKSLIKK,,,1,H2,1,up,0.905
all_atom,dual,FLWKLIPKAIKKVKSLIKK,,,1,H2,2,dn,0.848
all_atom,dual,FLWKLIPKAIKKVKSLIKK,,,1,H2,2,up,0.711
all_atom,dual,FLWKLIPKAIKKVKSLIKK,,,1,H2,3,dn,0.949
all_atom,dual,FLWKLIPKAIKKVKSLIKK,,,1,H2,3,up,0.778
all_atom,dual,FLWKLIPKAIKKVKSLIKK,,,1,H2,4,dn,0.976
all_atom,dual,FLWKLIPKAIKKVKSLIKK,,,1,H2,4,up,0.879
all_atom,dual,FLWKLIPKAIKKVKSLIKK,,,1,H2,5,dn,0.976
all_atom,dual,FLWKLIPKAIKKVKSLIKK,,,1,H2,5,up,0.719
all_atom,dual,FLWKLIPKAIKKVKSLIKK,,,1,H3,1,dn,0.986
all_atom,dual,FLWKLIPKAIKKVKSLIKK,,,1,H3,1,up,0.996
all_atom,dual,FLWKLIPKAIKKVKSLIKK,,,1,H3,2,dn,1.0
all_atom,dual,FLWKLIPKAIKKVKSLIKK,,,1,H3,2,up,1.0
all_atom,dual,FLWKLIPKAIKKVKSLIKK,,,1,H3,3,dn,1.0
all_atom,dual,FLWKLIPKAIKKVKSLIKK,,,1,H3,3,up,1.0
all_atom,dual,FLWKLIPKAIKKVKSLIKK,,,1,H3,4,dn,1.0
all_atom,dual,FLWKLIPKAIKKVKSLIKK,,,1,H3,4,up,1.0
all_atom,dual,FLWKLIPKAIKKVKSLIKK,,,1,H3,5,dn,1.0
all_atom,dual,FLWKLIPKAIKKVKSLIKK,,,1,H3,5,up,1.0
all_atom,dual,FLWKLIPKAIKKVKSLIKK,,,1,H4,1,dn,0.982
all_atom,dual,FLWKLIPKAIKKVKSLIKK,,,1,H4,1,up,1.0
all_atom,dual,FLWKLIPKAIKKVKSLIKK,,,1,H4,2,dn,1.0
all_atom,dual,FLWKLIPKAIKKVKSLIKK,,,1,H4,2,up,1.0
all_atom,dual,FLWKLIPKAIKKVKSLIKK,,,1,H4,3,dn,1.0
all_atom,dual,FLWKLIPKAIKKVKSLIKK,,,1,H4,3,up,1.0
all_atom,dual,FLWKLIPKAIKKVKSLIKK,,,1,H4,4,dn,1.0
all_atom,dual,FLWKLIPKAIKKVKSLIKK,,,1,H4,4,up,1.0
all_atom,dual,FLWKLIPKAIKKVKSLIKK,,,1,H4,5,dn,1.0
all_atom,dual,FLWKLIPKAIKKVKSLIKK,,,1,H4,5,up,1.0
all_atom,dual,FLWKLIPKAIKKVKSLIKK,,,1,H5,1,dn,0.802
all_atom,dual,FLWKLIPKAIKKVKSLIKK,,,1,H5,1,up,1.0
all_atom,dual,FLWKLIPKAIKKVKSLIKK,,,1,H5,2,dn,1.0
all_atom,dual,FLWKLIPKAIKKVKSLIKK,,,1,H5,2,up,1.0
all_atom,dual,FLWKLIPKAIKKVKSLIKK,,,1,H5,3,dn,1.0
all_atom,dual,FLWKLIPKAIKKVKSLIKK,,,1,H5,3,up,1.0
all_atom,dual,FLWKLIPKAIKKVKSLIKK,,,1,H5,4,dn,1.0
all_atom,dual,FLWKLIPKAIKKVKSLIKK,,,1,H5,4,up,1.0
all_atom,dual,FLWKLIPKAIKKVKSLIKK,,,1,H5,5,dn,1.0
all_atom,dual,FLWKLIPKAIKKVKSLIKK,,,1,H5,5,up,1.0
all_atom,dual,FLWKLIPKAIKKVKSLIKK,,,1,H6,1,dn,0.98
all_atom,dual,FLWKLIPKAIKKVKSLIKK,,,1,H6,1,up,1.0
all_atom,dual,FLWKLIPKAIKKVKSLIKK,,,1,H6,2,dn,1.0
all_atom,dual,FLWKLIPKAIKKVKSLIKK,,,1,H6,2,up,1.0
all_atom,dual,FLWKLIPKAIKKVKSLIKK,,,1,H6,3,dn,1.0
all_atom,dual,FLWKLIPKAIKKVKSLIKK,,,1,H6,3,up,1.0
all_atom,dual,FLWKLIPKAIKKVKSLIKK,,,1,H6,4,dn,1.0
all_atom,dual,FLWKLIPKAIKKVKSLIKK,,,1,H6,4,up,1.0
all_atom,dual,FLWKLIPKAIKKVKSLIKK,,,1,H6,5,dn,1.0
all_atom,dual,FLWKLIPKAIKKVKSLIKK,,,1,H6,5,up,1.0
all_atom,dual,FLWKLIPKAIKKVKSLIKK,,,1,H7,1,dn,1.0
all_atom,dual,FLWKLIPKAIKKVKSLIKK,,,1,H7,1,up,1.0
all_atom,dual,FLWKLIPKAIKKVKSLIKK,,,1,H7,2,dn,1.0
all_atom,dual,FLWKLIPKAIKKVKSLIKK,,,1,H7,2,up,1.0
all_atom,dual,FLWKLIPKAIKKVKSLIKK,,,1,H7,3,dn,1.0
all_atom,dual,FLWKLIPKAIKKVKSLIKK,,,1,H7,3,up,1.0
all_atom,dual,FLWKLIPKAIKKVKSLIKK,,,1,H7,4,dn,1.0
all_atom,dual,FLWKLIPKAIKKVKSLIKK,,,1,H7,4,up,1.0
all_atom,dual,FLWKLIPKAIKKVKSLIKK,,,1,H7,5,dn,1.0
all_atom,dual,FLWKLIPKAIKKVKSLIKK,,,1,H7,5,up,1.0
all_atom,dual,FLWKLIPKAIKKVKSLIKK,,,1,H8,1,dn,0.996
all_atom,dual,FLWKLIPKAIKKVKSLIKK,,,1,H8,1,up,1.0
all_atom,dual,FLWKLIPKAIKKVKSLIKK,,,1,H8,2,dn,1.0
all_atom,dual,FLWKLIPKAIKKVKSLIKK,,,1,H8,2,up,1.0
all_atom,dual,FLWKLIPKAIKKVKSLIKK,,,1,H8,3,dn,1.0
all_atom,dual,FLWKLIPKAIKKVKSLIKK,,,1,H8,3,up,1.0
all_atom,dual,FLWKLIPKAIKKVKSLIKK,,,1,H8,4,dn,1.0
all_atom,dual,FLWKLIPKAIKKVKSLIKK,,,1,H8,4,up,1.0
all_atom,dual,FLWKLIPKAIKKVKSLIKK,,,1,H8,5,dn,1.0
all_atom,dual,FLWKLIPKAIKKVKSLIKK,,,1,H8,5,up,1.0
all_atom,dual,FLWKLIPKAIKKVKSLIKK,,,1,H9,1,dn,0.921
all_atom,dual,FLWKLIPKAIKKVKSLIKK,,,1,H9,1,up,0.95
all_atom,dual,FLWKLIPKAIKKVKSLIKK,,,1,H9,2,dn,0.956
all_atom,dual,FLWKLIPKAIKKVKSLIKK,,,1,H9,2,up,0.99
all_atom,dual,FLWKLIPKAIKKVKSLIKK,,,1,H9,3,dn,0.992
all_atom,dual,FLWKLIPKAIKKVKSLIKK,,,1,H9,3,up,0.978
all_atom,dual,FLWKLIPKAIKKVKSLIKK,,,1,H9,4,dn,0.984
all_atom,dual,FLWKLIPKAIKKVKSLIKK,,,1,H9,4,up,0.984
all_atom,dual,FLWKLIPKAIKKVKSLIKK,,,1,H9,5,dn,0.998
all_atom,dual,FLWKLIPKAIKKVKSLIKK,,,1,H9,5,up,0.95
all_atom,dual,FLWKLIPKAIKKVKSLIKK,,,1,HM,1,dn,0.821
all_atom,dual,FLWKLIPKAIKKVKSLIKK,,,1,HM,1,up,0.855
all_atom,dual,FLWKLIPKAIKKVKSLIKK,,,1,HM,2,dn,0.825
all_atom,dual,FLWKLIPKAIKKVKSLIKK,,,1,HM,2,up,0.771
all_atom,dual,FLWKLIPKAIKKVKSLIKK,,,1,HM,3,dn,0.862
all_atom,dual,FLWKLIPKAIKKVKSLIKK,,,1,HM,3,up,0.803
all_atom,dual,FLWKLIPKAIKKVKSLIKK,,,1,HM,4,dn,0.88
all_atom,dual,FLWKLIPKAIKKVKSLIKK,,,1,HM,4,up,0.841
all_atom,dual,FLWKLIPKAIKKVKSLIKK,,,1,HM,5,dn,0.883
all_atom,dual,FLWKLIPKAIKKVKSLIKK,,,1,HM,5,up,0.767
all_atom,dual,FLWKLIPKAIKKVKSLIKK,,,1,PEPT_BUR_MAX,1,dn,4.06
all_atom,dual,FLWKLIPKAIKKVKSLIKK,,,1,PEPT_BUR_MAX,1,up,6.01
all_atom,dual,FLWKLIPKAIKKVKSLIKK,,,1,PEPT_BUR_MAX,2,dn,3.12
all_atom,dual,FLWKLIPKAIKKVKSLIKK,,,1,PEPT_BUR_MAX,2,up,2.39
all_atom,dual,FLWKLIPKAIKKVKSLIKK,,,1,PEPT_BUR_MAX,3,dn,4.68
all_atom,dual,FLWKLIPKAIKKVKSLIKK,,,1,PEPT_BUR_MAX,3,up,1.19
all_atom,dual,FLWKLIPKAIKKVKSLIKK,,,1,PEPT_BUR_MAX,4,dn,3.02
all_atom,dual,FLWKLIPKAIKKVKSLIKK,,,1,PEPT_BUR_MAX,4,up,0.2
all_atom,dual,FLWKLIPKAIKKVKSLIKK,,,1,PEPT_BUR_MAX,5,dn,1.59
all_atom,dual,FLWKLIPKAIKKVKSLIKK,,,1,PEPT_BUR_MAX,5,up,0.12
all_atom,dual,FLWKLIPKAIKKVKSLIKK,,,1,S,1,dn,0.954
all_atom,dual,FLWKLIPKAIKKVKSLIKK,,,1,S,1,up,0.935
all_atom,dual,FLWKLIPKAIKKVKSLIKK,,,1,S,2,dn,0.905
all_atom,dual,FLWKLIPKAIKKVKSLIKK,,,1,S,2,up,0.935
all_atom,dual,FLWKLIPKAIKKVKSLIKK,,,1,S,3,dn,0.906
all_atom,dual,FLWKLIPKAIKKVKSLIKK,,,1,S,3,up,0.936
all_atom,dual,FLWKLIPKAIKKVKSLIKK,,,1,S,4,dn,0.948
all_atom,dual,FLWKLIPKAIKKVKSLIKK,,,1,S,4,up,0.942
all_atom,dual,FLWKLIPKAIKKVKSLIKK,,,1,S,5,dn,0.914
all_atom,dual,FLWKLIPKAIKKVKSLIKK,,,1,S,5,up,0.951
all_atom,dual,FLWKLIPKAIKKVKSLIKK,,,1,WAT_BUR_MAX,1,dn,5.11
all_atom,dual,FLWKLIPKAIKKVKSLIKK,,,1,WAT_BUR_MAX,1,up,8.16
all_atom,dual,FLWKLIPKAIKKVKSLIKK,,,1,WAT_BUR_MAX,2,dn,3.25
all_atom,dual,FLWKLIPKAIKKVKSLIKK,,,1,WAT_BUR_MAX,2,up,7.26
all_atom,dual,FLWKLIPKAIKKVKSLIKK,,,1,WAT_BUR_MAX,3,dn,8.09
all_atom,dual,FLWKLIPKAIKKVKSLIKK,,,1,WAT_BUR_MAX,3,up,6.06
all_atom,dual,FLWKLIPKAIKKVKSLIKK,,,1,WAT_BUR_MAX,4,dn,7.33
all_atom,dual,FLWKLIPKAIKKVKSLIKK,,,1,WAT_BUR_MAX,4,up,4.28
all_atom,dual,FLWKLIPKAIKKVKSLIKK,,,1,WAT_BUR_MAX,5,dn,3.08
all_atom,dual,FLWKLIPKAIKKVKSLIKK,,,1,WAT_BUR_MAX,5,up,3.59
all_atom,dual,FLWKLIPKAIKKVKSLIKK,,,1,WAT_BUR_REL,1,dn,3.13
all_atom,dual,FLWKLIPKAIKKVKSLIKK,,,1,WAT_BUR_REL,1,up,2.96
all_atom,dual,FLWKLIPKAIKKVKSLIKK,,,1,WAT_BUR_REL,2,dn,3.75
all_atom,dual,FLWKLIPKAIKKVKSLIKK,,,1,WAT_BUR_REL,2,up,4.14
all_atom,dual,FLWKLIPKAIKKVKSLIKK,,,1,WAT_BUR_REL,3,dn,4.07
all_atom,dual,FLWKLIPKAIKKVKSLIKK,,,1,WAT_BUR_REL,3,up,4.63
all_atom,dual,FLWKLIPKAIKKVKSLIKK,,,1,WAT_BUR_REL,4,dn,4.7
all_atom,dual,FLWKLIPKAIKKVKSLIKK,,,1,WAT_BUR_REL,4,up,3.8
all_atom,dual,FLWKLIPKAIKKVKSLIKK,,,1,WAT_BUR_REL,5,dn,3.38
all_atom,dual,FLWKLIPKAIKKVKSLIKK,,,1,WAT_BUR_REL,5,up,4.23
all_atom,dual,FLWKLIPKAIKKVKSLIKK,,,1,ZP-0.5,1,dn,0.136
all_atom,dual,FLWKLIPKAIKKVKSLIKK,,,1,ZP-0.5,1,up,0.146
all_atom,dual,FLWKLIPKAIKKVKSLIKK,,,1,ZP-0.5,2,dn,0.148
all_atom,dual,FLWKLIPKAIKKVKSLIKK,,,1,ZP-0.5,2,up,0.124
all_atom,dual,FLWKLIPKAIKKVKSLIKK,,,1,ZP-0.5,3,dn,0.12
all_atom,dual,FLWKLIPKAIKKVKSLIKK,,,1,ZP-0.5,3,up,0.099
all_atom,dual,FLWKLIPKAIKKVKSLIKK,,,1,ZP-0.5,4,dn,0.157
all_atom,dual,FLWKLIPKAIKKVKSLIKK,,,1,ZP-0.5,4,up,0.139
all_atom,dual,FLWKLIPKAIKKVKSLIKK,,,1,ZP-0.5,5,dn,0.121
all_atom,dual,FLWKLIPKAIKKVKSLIKK,,,1,ZP-0.5,5,up,0.086
all_atom,dual,FLWKLIPKAIKKVKSLIKK,,,1,ZP-1.5,1,dn,0.128
all_atom,dual,FLWKLIPKAIKKVKSLIKK,,,1,ZP-1.5,1,up,0.117
all_atom,dual,FLWKLIPKAIKKVKSLIKK,,,1,ZP-1.5,2,dn,0.129
all_atom,dual,FLWKLIPKAIKKVKSLIKK,,,1,ZP-1.5,2,up,0.098
all_atom,dual,FLWKLIPKAIKKVKSLIKK,,,1,ZP-1.5,3,dn,0.108
all_atom,dual,FLWKLIPKAIKKVKSLIKK,,,1,ZP-1.5,3,up,0.095
all_atom,dual,FLWKLIPKAIKKVKSLIKK,,,1,ZP-1.5,4,dn,0.123
all_atom,dual,FLWKLIPKAIKKVKSLIKK,,,1,ZP-1.5,4,up,0.115
all_atom,dual,FLWKLIPKAIKKVKSLIKK,,,1,ZP-1.5,5,dn,0.108
all_atom,dual,FLWKLIPKAIKKVKSLIKK,,,1,ZP-1.5,5,up,0.109
all_atom,dual,FLWKLIPKAIKKVKSLIKK,,,1,ZP-2.5,1,dn,0.121
all_atom,dual,FLWKLIPKAIKKVKSLIKK,,,1,ZP-2.5,1,up,0.113
all_atom,dual,FLWKLIPKAIKKVKSLIKK,,,1,ZP-2.5,2,dn,0.102
all_atom,dual,FLWKLIPKAIKKVKSLIKK,,,1,ZP-2.5,2,up,0.097
all_atom,dual,FLWKLIPKAIKKVKSLIKK,,,1,ZP-2.5,3,dn,0.085
all_atom,dual,FLWKLIPKAIKKVKSLIKK,,,1,ZP-2.5,3,up,0.093
all_atom,dual,FLWKLIPKAIKKVKSLIKK,,,1,ZP-2.5,4,dn,0.109
all_atom,dual,FLWKLIPKAIKKVKSLIKK,,,1,ZP-2.5,4,up,0.092
all_atom,dual,FLWKLIPKAIKKVKSLIKK,,,1,ZP-2.5,5,dn,0.065
all_atom,dual,FLWKLIPKAIKKVKSLIKK,,,1,ZP-2.5,5,up,0.096
all_atom,dual,FLWKLIPKAIKKVKSLIKK,,,1,ZP-3.5,1,dn,0.096
all_atom,dual,FLWKLIPKAIKKVKSLIKK,,,1,ZP-3.5,1,up,0.074
all_atom,dual,FLWKLIPKAIKKVKSLIKK,,,1,ZP-3.5,2,dn,0.069
all_atom,dual,FLWKLIPKAIKKVKSLIKK,,,1,ZP-3.5,2,up,0.07
all_atom,dual,FLWKLIPKAIKKVKSLIKK,,,1,ZP-3.5,3,dn,0.058
all_atom,dual,FLWKLIPKAIKKVKSLIKK,,,1,ZP-3.5,3,up,0.097
all_atom,dual,FLWKLIPKAIKKVKSLIKK,,,1,ZP-3.5,4,dn,0.082
all_atom,dual,FLWKLIPKAIKKVKSLIKK,,,1,ZP-3.5,4,up,0.098
all_atom,dual,FLWKLIPKAIKKVKSLIKK,,,1,ZP-3.5,5,dn,0.065
all_atom,dual,FLWKLIPKAIKKVKSLIKK,,,1,ZP-3.5,5,up,0.088
all_atom,dual,FLWKLIPKAIKKVKSLIKK,,,1,ZP-4.5,1,dn,0.069
all_atom,dual,FLWKLIPKAIKKVKSLIKK,,,1,ZP-4.5,1,up,0.057
all_atom,dual,FLWKLIPKAIKKVKSLIKK,,,1,ZP-4.5,2,dn,0.063
all_atom,dual,FLWKLIPKAIKKVKSLIKK,,,1,ZP-4.5,2,up,0.059
all_atom,dual,FLWKLIPKAIKKVKSLIKK,,,1,ZP-4.5,3,dn,0.047
all_atom,dual,FLWKLIPKAIKKVKSLIKK,,,1,ZP-4.5,3,up,0.086
all_atom,dual,FLWKLIPKAIKKVKSLIKK,,,1,ZP-4.5,4,dn,0.045
all_atom,dual,FLWKLIPKAIKKVKSLIKK,,,1,ZP-4.5,4,up,0.09
all_atom,dual,FLWKLIPKAIKKVKSLIKK,,,1,ZP-4.5,5,dn,0.035
all_atom,dual,FLWKLIPKAIKKVKSLIKK,,,1,ZP-4.5,5,up,0.083
all_atom,dual,FLWKLIPKAIKKVKSLIKK,,,1,ZP-5.5,1,dn,0.053
all_atom,dual,FLWKLIPKAIKKVKSLIKK,,,1,ZP-5.5,1,up,0.039
all_atom,dual,FLWKLIPKAIKKVKSLIKK,,,1,ZP-5.5,2,dn,0.026
all_atom,dual,FLWKLIPKAIKKVKSLIKK,,,1,ZP-5.5,2,up,0.069
all_atom,dual,FLWKLIPKAIKKVKSLIKK,,,1,ZP-5.5,3,dn,0.041
all_atom,dual,FLWKLIPKAIKKVKSLIKK,,,1,ZP-5.5,3,up,0.064
all_atom,dual,FLWKLIPKAIKKVKSLIKK,,,1,ZP-5.5,4,dn,0.051
all_atom,dual,FLWKLIPKAIKKVKSLIKK,,,1,ZP-5.5,4,up,0.061
all_atom,dual,FLWKLIPKAIKKVKSLIKK,,,1,ZP-5.5,5,dn,0.033
all_atom,dual,FLWKLIPKAIKKVKSLIKK,,,1,ZP-5.5,5,up,0.081
all_atom,dual,FLWKLIPKAIKKVKSLIKK,,,1,ZP-6.5,1,dn,0.04
all_atom,dual,FLWKLIPKAIKKVKSLIKK,,,1,ZP-6.5,1,up,0.021
all_atom,dual,FLWKLIPKAIKKVKSLIKK,,,1,ZP-6.5,2,dn,0.017
all_atom,dual,FLWKLIPKAIKKVKSLIKK,,,1,ZP-6.5,2,up,0.047
all_atom,dual,FLWKLIPKAIKKVKSLIKK,,,1,ZP-6.5,3,dn,0.029
all_atom,dual,FLWKLIPKAIKKVKSLIKK,,,1,ZP-6.5,3,up,0.055
all_atom,dual,FLWKLIPKAIKKVKSLIKK,,,1,ZP-6.5,4,dn,0.031
all_atom,dual,FLWKLIPKAIKKVKSLIKK,,,1,ZP-6.5,4,up,0.055
all_atom,dual,FLWKLIPKAIKKVKSLIKK,,,1,ZP-6.5,5,dn,0.028
all_atom,dual,FLWKLIPKAIKKVKSLIKK,,,1,ZP-6.5,5,up,0.068
all_atom,dual,FLWKLIPKAIKKVKSLIKK,,,1,ZP-7.5,1,dn,0.028
all_atom,dual,FLWKLIPKAIKKVKSLIKK,,,1,ZP-7.5,1,up,0.021
all_atom,dual,FLWKLIPKAIKKVKSLIKK,,,1,ZP-7.5,2,dn,0.018
all_atom,dual,FLWKLIPKAIKKVKSLIKK,,,1,ZP-7.5,2,up,0.036
all_atom,dual,FLWKLIPKAIKKVKSLIKK,,,1,ZP-7.5,3,dn,0.016
all_atom,dual,FLWKLIPKAIKKVKSLIKK,,,1,ZP-7.5,3,up,0.04
all_atom,dual,FLWKLIPKAIKKVKSLIKK,,,1,ZP-7.5,4,dn,0.015
all_atom,dual,FLWKLIPKAIKKVKSLIKK,,,1,ZP-7.5,4,up,0.045
all_atom,dual,FLWKLIPKAIKKVKSLIKK,,,1,ZP-7.5,5,dn,0.017
all_atom,dual,FLWKLIPKAIKKVKSLIKK,,,1,ZP-7.5,5,up,0.077
all_atom,dual,FLWKLIPKAIKKVKSLIKK,,,1,ZP-8.5,1,dn,0.009
all_atom,dual,FLWKLIPKAIKKVKSLIKK,,,1,ZP-8.5,1,up,0.003
all_atom,dual,FLWKLIPKAIKKVKSLIKK,,,1,ZP-8.5,2,dn,0.012
all_atom,dual,FLWKLIPKAIKKVKSLIKK,,,1,ZP-8.5,2,up,0.026
all_atom,dual,FLWKLIPKAIKKVKSLIKK,,,1,ZP-8.5,3,dn,0.01
all_atom,dual,FLWKLIPKAIKKVKSLIKK,,,1,ZP-8.5,3,up,0.039
all_atom,dual,FLWKLIPKAIKKVKSLIKK,,,1,ZP-8.5,4,dn,0.011
all_atom,dual,FLWKLIPKAIKKVKSLIKK,,,1,ZP-8.5,4,up,0.043
all_atom,dual,FLWKLIPKAIKKVKSLIKK,,,1,ZP-8.5,5,dn,0.013
all_atom,dual,FLWKLIPKAIKKVKSLIKK,,,1,ZP-8.5,5,up,0.049
all_atom,dual,FLWKLIPKAIKKVKSLIKK,,,1,ZP-9.5,1,dn,0.004
all_atom,dual,FLWKLIPKAIKKVKSLIKK,,,1,ZP-9.5,1,up,0.001
all_atom,dual,FLWKLIPKAIKKVKSLIKK,,,1,ZP-9.5,2,dn,0.003
all_atom,dual,FLWKLIPKAIKKVKSLIKK,,,1,ZP-9.5,2,up,0.017
all_atom,dual,FLWKLIPKAIKKVKSLIKK,,,1,ZP-9.5,3,dn,0.008
all_atom,dual,FLWKLIPKAIKKVKSLIKK,,,1,ZP-9.5,3,up,0.025
all_atom,dual,FLWKLIPKAIKKVKSLIKK,,,1,ZP-9.5,4,dn,0.009
all_atom,dual,FLWKLIPKAIKKVKSLIKK,,,1,ZP-9.5,4,up,0.031
all_atom,dual,FLWKLIPKAIKKVKSLIKK,,,1,ZP-9.5,5,dn,0.01
all_atom,dual,FLWKLIPKAIKKVKSLIKK,,,1,ZP-9.5,5,up,0.026
all_atom,dual,FLWKLIPKAIKKVKSLIKK,,,1,ZP0.5,1,dn,0.118
all_atom,dual,FLWKLIPKAIKKVKSLIKK,,,1,ZP0.5,1,up,0.133
all_atom,dual,FLWKLIPKAIKKVKSLIKK,,,1,ZP0.5,2,dn,0.141
all_atom,dual,FLWKLIPKAIKKVKSLIKK,,,1,ZP0.5,2,up,0.109
all_atom,dual,FLWKLIPKAIKKVKSLIKK,,,1,ZP0.5,3,dn,0.113
all_atom,dual,FLWKLIPKAIKKVKSLIKK,,,1,ZP0.5,3,up,0.104
all_atom,dual,FLWKLIPKAIKKVKSLIKK,,,1,ZP0.5,4,dn,0.138
all_atom,dual,FLWKLIPKAIKKVKSLIKK,,,1,ZP0.5,4,up,0.085
all_atom,dual,FLWKLIPKAIKKVKSLIKK,,,1,ZP0.5,5,dn,0.143
all_atom,dual,FLWKLIPKAIKKVKSLIKK,,,1,ZP0.5,5,up,0.079
all_atom,dual,FLWKLIPKAIKKVKSLIKK,,,1,ZP1.5,1,dn,0.096
all_atom,dual,FLWKLIPKAIKKVKSLIKK,,,1,ZP1.5,1,up,0.107
all_atom,dual,FLWKLIPKAIKKVKSLIKK,,,1,ZP1.5,2,dn,0.11
all_atom,dual,FLWKLIPKAIKKVKSLIKK,,,1,ZP1.5,2,up,0.098
all_atom,dual,FLWKLIPKAIKKVKSLIKK,,,1,ZP1.5,3,dn,0.118
all_atom,dual,FLWKLIPKAIKKVKSLIKK,,,1,ZP1.5,3,up,0.079
all_atom,dual,FLWKLIPKAIKKVKSLIKK,,,1,ZP1.5,4,dn,0.093
all_atom,dual,FLWKLIPKAIKKVKSLIKK,,,1,ZP1.5,4,up,0.064
all_atom,dual,FLWKLIPKAIKKVKSLIKK,,,1,ZP1.5,5,dn,0.116
all_atom,dual,FLWKLIPKAIKKVKSLIKK,,,1,ZP1.5,5,up,0.058
all_atom,dual,FLWKLIPKAIKKVKSLIKK,,,1,ZP2.5,1,dn,0.053
all_atom,dual,FLWKLIPKAIKKVKSLIKK,,,1,ZP2.5,1,up,0.079
all_atom,dual,FLWKLIPKAIKKVKSLIKK,,,1,ZP2.5,2,dn,0.076
all_atom,dual,FLWKLIPKAIKKVKSLIKK,,,1,ZP2.5,2,up,0.069
all_atom,dual,FLWKLIPKAIKKVKSLIKK,,,1,ZP2.5,3,dn,0.11
all_atom,dual,FLWKLIPKAIKKVKSLIKK,,,1,ZP2.5,3,up,0.06
all_atom,dual,FLWKLIPKAIKKVKSLIKK,,,1,ZP2.5,4,dn,0.057
all_atom,dual,FLWKLIPKAIKKVKSLIKK,,,1,ZP2.5,4,up,0.043
all_atom,dual,FLWKLIPKAIKKVKSLIKK,,,1,ZP2.5,5,dn,0.104
all_atom,dual,FLWKLIPKAIKKVKSLIKK,,,1,ZP2.5,5,up,0.05
all_atom,dual,FLWKLIPKAIKKVKSLIKK,,,1,ZP3.5,1,dn,0.032
all_atom,dual,FLWKLIPKAIKKVKSLIKK,,,1,ZP3.5,1,up,0.057
all_atom,dual,FLWKLIPKAIKKVKSLIKK,,,1,ZP3.5,2,dn,0.039
all_atom,dual,FLWKLIPKAIKKVKSLIKK,,,1,ZP3.5,2,up,0.039
all_atom,dual,FLWKLIPKAIKKVKSLIKK,,,1,ZP3.5,3,dn,0.053
all_atom,dual,FLWKLIPKAIKKVKSLIKK,,,1,ZP3.5,3,up,0.037
all_atom,dual,FLWKLIPKAIKKVKSLIKK,,,1,ZP3.5,4,dn,0.031
all_atom,dual,FLWKLIPKAIKKVKSLIKK,,,1,ZP3.5,4,up,0.023
all_atom,dual,FLWKLIPKAIKKVKSLIKK,,,1,ZP3.5,5,dn,0.074
all_atom,dual,FLWKLIPKAIKKVKSLIKK,,,1,ZP3.5,5,up,0.026
all_atom,dual,FLWKLIPKAIKKVKSLIKK,,,1,ZP4.5,1,dn,0.009
all_atom,dual,FLWKLIPKAIKKVKSLIKK,,,1,ZP4.5,1,up,0.018
all_atom,dual,FLWKLIPKAIKKVKSLIKK,,,1,ZP4.5,2,dn,0.028
all_atom,dual,FLWKLIPKAIKKVKSLIKK,,,1,ZP4.5,2,up,0.024
all_atom,dual,FLWKLIPKAIKKVKSLIKK,,,1,ZP4.5,3,dn,0.043
all_atom,dual,FLWKLIPKAIKKVKSLIKK,,,1,ZP4.5,3,up,0.017
all_atom,dual,FLWKLIPKAIKKVKSLIKK,,,1,ZP4.5,4,dn,0.037
all_atom,dual,FLWKLIPKAIKKVKSLIKK,,,1,ZP4.5,4,up,0.01
all_atom,dual,FLWKLIPKAIKKVKSLIKK,,,1,ZP4.5,5,dn,0.041
all_atom,dual,FLWKLIPKAIKKVKSLIKK,,,1,ZP4.5,5,up,0.018
all_atom,dual,FLWKLIPKAIKKVKSLIKK,,,1,ZP5.5,1,dn,0.005
all_atom,dual,FLWKLIPKAIKKVKSLIKK,,,1,ZP5.5,1,up,0.012
all_atom,dual,FLWKLIPKAIKKVKSLIKK,,,1,ZP5.5,2,dn,0.013
all_atom,dual,FLWKLIPKAIKKVKSLIKK,,,1,ZP5.5,2,up,0.012
all_atom,dual,FLWKLIPKAIKKVKSLIKK,,,1,ZP5.5,3,dn,0.024
all_atom,dual,FLWKLIPKAIKKVKSLIKK,,,1,ZP5.5,3,up,0.008
all_atom,dual,FLWKLIPKAIKKVKSLIKK,,,1,ZP5.5,4,dn,0.004
all_atom,dual,FLWKLIPKAIKKVKSLIKK,,,1,ZP5.5,4,up,0.006
all_atom,dual,FLWKLIPKAIKKVKSLIKK,,,1,ZP5.5,5,dn,0.018
all_atom,dual,FLWKLIPKAIKKVKSLIKK,,,1,ZP5.5,5,up,0.006
all_atom,dual,FLWKLIPKAIKKVKSLIKK,,,1,ZP6.5,1,dn,0.001
all_atom,dual,FLWKLIPKAIKKVKSLIKK,,,1,ZP6.5,1,up,0.002
all_atom,dual,FLWKLIPKAIKKVKSLIKK,,,1,ZP6.5,2,dn,0.003
all_atom,dual,FLWKLIPKAIKKVKSLIKK,,,1,ZP6.5,2,up,0.006
all_atom,dual,FLWKLIPKAIKKVKSLIKK,,,1,ZP6.5,3,dn,0.011
all_atom,dual,FLWKLIPKAIKKVKSLIKK,,,1,ZP6.5,3,up,0.001
all_atom,dual,FLWKLIPKAIKKVKSLIKK,,,1,ZP6.5,4,dn,0.006
all_atom,dual,FLWKLIPKAIKKVKSLIKK,,,1,ZP6.5,4,up,0.001
all_atom,dual,FLWKLIPKAIKKVKSLIKK,,,1,ZP6.5,5,dn,0.005
all_atom,dual,FLWKLIPKAIKKVKSLIKK,,,1,ZP6.5,5,up,0.0
all_atom,dual,FLWKLIPKAIKKVKSLIKK,,,1,ZP7.5,1,dn,0.0
all_atom,dual,FLWKLIPKAIKKVKSLIKK,,,1,ZP7.5,1,up,0.0
all_atom,dual,FLWKLIPKAIKKVKSLIKK,,,1,ZP7.5,2,dn,0.001
all_atom,dual,FLWKLIPKAIKKVKSLIKK,,,1,ZP7.5,2,up,0.001
all_atom,dual,FLWKLIPKAIKKVKSLIKK,,,1,ZP7.5,3,dn,0.002
all_atom,dual,FLWKLIPKAIKKVKSLIKK,,,1,ZP7.5,3,up,0.001
all_atom,dual,FLWKLIPKAIKKVKSLIKK,,,1,ZP7.5,4,dn,0.002
all_atom,dual,FLWKLIPKAIKKVKSLIKK,,,1,ZP7.5,4,up,0.0
all_atom,dual,FLWKLIPKAIKKVKSLIKK,,,1,ZP7.5,5,dn,0.003
all_atom,dual,FLWKLIPKAIKKVKSLIKK,,,1,ZP7.5,5,up,0.001
all_atom,dual,FLWKLIPKAIKKVKSLIKK,,,1,ZP8.5,1,dn,0.0
all_atom,dual,FLWKLIPKAIKKVKSLIKK,,,1,ZP8.5,1,up,0.0
all_atom,dual,FLWKLIPKAIKKVKSLIKK,,,1,ZP8.5,2,dn,0.001
all_atom,dual,FLWKLIPKAIKKVKSLIKK,,,1,ZP8.5,2,up,0.001
all_atom,dual,FLWKLIPKAIKKVKSLIKK,,,1,ZP8.5,3,dn,0.002
all_atom,dual,FLWKLIPKAIKKVKSLIKK,,,1,ZP8.5,3,up,0.0
all_atom,dual,FLWKLIPKAIKKVKSLIKK,,,1,ZP8.5,4,dn,0.0
all_atom,dual,FLWKLIPKAIKKVKSLIKK,,,1,ZP8.5,4,up,0.0
all_atom,dual,FLWKLIPKAIKKVKSLIKK,,,1,ZP8.5,5,dn,0.002
all_atom,dual,FLWKLIPKAIKKVKSLIKK,,,1,ZP8.5,5,up,0.0
all_atom,dual,FLWKLIPKAIKKVKSLIKK,,,1,ZP9.5,1,dn,0.0
all_atom,dual,FLWKLIPKAIKKVKSLIKK,,,1,ZP9.5,1,up,0.0
all_atom,dual,FLWKLIPKAIKKVKSLIKK,,,1,ZP9.5,2,dn,0.0
all_atom,dual,FLWKLIPKAIKKVKSLIKK,,,1,ZP9.5,2,up,0.0
all_atom,dual,FLWKLIPKAIKKVKSLIKK,,,1,ZP9.5,3,dn,0.002
all_atom,dual,FLWKLIPKAIKKVKSLIKK,,,1,ZP9.5,3,up,0.0
all_atom,dual,FLWKLIPKAIKKVKSLIKK,,,1,ZP9.5,4,dn,0.0
all_atom,dual,FLWKLIPKAIKKVKSLIKK,,,1,ZP9.5,4,up,0.0
all_atom,dual,FLWKLIPKAIKKVKSLIKK,,,1,ZP9.5,5,dn,0.0
all_atom,dual,FLWKLIPKAIKKVKSLIKK,,,1,ZP9.5,5,up,0.0
all_atom,dual,GEEEYQKMLENLREAEVKKNA,,,0,APLA12.5,1,dn,61.43
all_atom,dual,GEEEYQKMLENLREAEVKKNA,,,0,APLA12.5,1,up,56.338
all_atom,dual,GEEEYQKMLENLREAEVKKNA,,,0,APLA12.5,2,dn,60.318
all_atom,dual,GEEEYQKMLENLREAEVKKNA,,,0,APLA12.5,2,up,57.664
all_atom,dual,GEEEYQKMLENLREAEVKKNA,,,0,APLA12.5,3,dn,60.416
all_atom,dual,GEEEYQKMLENLREAEVKKNA,,,0,APLA12.5,3,up,61.91
all_atom,dual,GEEEYQKMLENLREAEVKKNA,,,0,APLA12.5,4,dn,60.3
all_atom,dual,GEEEYQKMLENLREAEVKKNA,,,0,APLA12.5,4,up,61.88
all_atom,dual,GEEEYQKMLENLREAEVKKNA,,,0,APLA12.5,5,dn,59.805
all_atom,dual,GEEEYQKMLENLREAEVKKNA,,,0,APLA12.5,5,up,59.126
all_atom,dual,GEEEYQKMLENLREAEVKKNA,,,0,APLA17.5,1,dn,62.77
all_atom,dual,GEEEYQKMLENLREAEVKKNA,,,0,APLA17.5,1,up,57.044
all_atom,dual,GEEEYQKMLENLREAEVKKNA,,,0,APLA17.5,2,dn,59.817
all_atom,dual,GEEEYQKMLENLREAEVKKNA,,,0,APLA17.5,2,up,58.101
all_atom,dual,GEEEYQKMLENLREAEVKKNA,,,0,APLA17.5,3,dn,60.572
all_atom,dual,GEEEYQKMLENLREAEVKKNA,,,0,APLA17.5,3,up,59.458
all_atom,dual,GEEEYQKMLENLREAEVKKNA,,,0,APLA17.5,4,dn,60.824
all_atom,dual,GEEEYQKMLENLREAEVKKNA,,,0,APLA17.5,4,up,59.076
all_atom,dual,GEEEYQKMLENLREAEVKKNA,,,0,APLA17.5,5,dn,60.458
all_atom,dual,GEEEYQKMLENLREAEVKKNA,,,0,APLA17.5,5,up,57.483
all_atom,dual,GEEEYQKMLENLREAEVKKNA,,,0,APLA2.5,1,dn,56.034
all_atom,dual,GEEEYQKMLENLREAEVKKNA,,,0,APLA2.5,1,up,68.005
all_atom,dual,GEEEYQKMLENLREAEVKKNA,,,0,APLA2.5,2,dn,60.512
all_atom,dual,GEEEYQKMLENLREAEVKKNA,,,0,APLA2.5,2,up,74.545
all_atom,dual,GEEEYQKMLENLREAEVKKNA,,,0,APLA2.5,3,dn,57.543
all_atom,dual,GEEEYQKMLENLREAEVKKNA,,,0,APLA2.5,3,up,60.647
all_atom,dual,GEEEYQKMLENLREAEVKKNA,,,0,APLA2.5,4,dn,57.982
all_atom,dual,GEEEYQKMLENLREAEVKKNA,,,0,APLA2.5,4,up,64.054
all_atom,dual,GEEEYQKMLENLREAEVKKNA,,,0,APLA2.5,5,dn,58.52
all_atom,dual,GEEEYQKMLENLREAEVKKNA,,,0,APLA2.5,5,up,67.366
all_atom,dual,GEEEYQKMLENLREAEVKKNA,,,0,APLA7.5,1,dn,59.716
all_atom,dual,GEEEYQKMLENLREAEVKKNA,,,0,APLA7.5,1,up,58.209
all_atom,dual,GEEEYQKMLENLREAEVKKNA,,,0,APLA7.5,2,dn,61.099
all_atom,dual,GEEEYQKMLENLREAEVKKNA,,,0,APLA7.5,2,up,58.641
all_atom,dual,GEEEYQKMLENLREAEVKKNA,,,0,APLA7.5,3,dn,59.606
all_atom,dual,GEEEYQKMLENLREAEVKKNA,,,0,APLA7.5,3,up,61.922
all_atom,dual,GEEEYQKMLENLREAEVKKNA,,,0,APLA7.5,4,dn,59.454
all_atom,dual,GEEEYQKMLENLREAEVKKNA,,,0,APLA7.5,4,up,62.961
all_atom,dual,GEEEYQKMLENLREAEVKKNA,,,0,APLA7.5,5,dn,59.034
all_atom,dual,GEEEYQKMLENLREAEVKKNA,,,0,APLA7.5,5,up,62.523
all_atom,dual,GEEEYQKMLENLREAEVKKNA,,,0,APLS12.5,1,dn,4.518
all_atom,dual,GEEEYQKMLENLREAEVKKNA,,,0,APLS12.5,1,up,3.958
all_atom,dual,GEEEYQKMLENLREAEVKKNA,,,0,APLS12.5,2,dn,3.595
all_atom,dual,GEEEYQKMLENLREAEVKKNA,,,0,APLS12.5,2,up,3.772
all_atom,dual,GEEEYQKMLENLREAEVKKNA,,,0,APLS12.5,3,dn,4.505
all_atom,dual,GEEEYQKMLENLREAEVKKNA,,,0,APLS12.5,3,up,5.229
all_atom,dual,GEEEYQKMLENLREAEVKKNA,,,0,APLS12.5,4,dn,4.435
all_atom,dual,GEEEYQKMLENLREAEVKKNA,,,0,APLS12.5,4,up,5.599
all_atom,dual,GEEEYQKMLENLREAEVKKNA,,,0,APLS12.5,5,dn,3.958
all_atom,dual,GEEEYQKMLENLREAEVKKNA,,,0,APLS12.5,5,up,4.172
all_atom,dual,GEEEYQKMLENLREAEVKKNA,,,0,APLS17.5,1,dn,4.576
all_atom,dual,GEEEYQKMLENLREAEVKKNA,,,0,APLS17.5,1,up,3.573
all_atom,dual,GEEEYQKMLENLREAEVKKNA,,,0,APLS17.5,2,dn,3.563
all_atom,dual,GEEEYQKMLENLREAEVKKNA,,,0,APLS17.5,2,up,3.249
all_atom,dual,GEEEYQKMLENLREAEVKKNA,,,0,APLS17.5,3,dn,4.318
all_atom,dual,GEEEYQKMLENLREAEVKKNA,,,0,APLS17.5,3,up,4.176
all_atom,dual,GEEEYQKMLENLREAEVKKNA,,,0,APLS17.5,4,dn,4.346
all_atom,dual,GEEEYQKMLENLREAEVKKNA,,,0,APLS17.5,4,up,3.451
all_atom,dual,GEEEYQKMLENLREAEVKKNA,,,0,APLS17.5,5,dn,3.743
all_atom,dual,GEEEYQKMLENLREAEVKKNA,,,0,APLS17.5,5,up,4.064
all_atom,dual,GEEEYQKMLENLREAEVKKNA,,,0,APLS2.5,1,dn,5.935
all_atom,dual,GEEEYQKMLENLREAEVKKNA,,,0,APLS2.5,1,up,5.252
all_atom,dual,GEEEYQKMLENLREAEVKKNA,,,0,APLS2.5,2,dn,4.484
all_atom,dual,GEEEYQKMLENLREAEVKKNA,,,0,APLS2.5,2,up,7.775
all_atom,dual,GEEEYQKMLENLREAEVKKNA,,,0,APLS2.5,3,dn,3.491
all_atom,dual,GEEEYQKMLENLREAEVKKNA,,,0,APLS2.5,3,up,6.91
all_atom,dual,GEEEYQKMLENLREAEVKKNA,,,0,APLS2.5,4,dn,4.052
all_atom,dual,GEEEYQKMLENLREAEVKKNA,,,0,APLS2.5,4,up,6.894
all_atom,dual,GEEEYQKMLENLREAEVKKNA,,,0,APLS2.5,5,dn,4.34
all_atom,dual,GEEEYQKMLENLREAEVKKNA,,,0,APLS2.5,5,up,7.895
all_atom,dual,GEEEYQKMLENLREAEVKKNA,,,0,APLS7.5,1,dn,5.934
all_atom,dual,GEEEYQKMLENLREAEVKKNA,,,0,APLS7.5,1,up,5.131
all_atom,dual,GEEEYQKMLENLREAEVKKNA,,,0,APLS7.5,2,dn,5.13
all_atom,dual,GEEEYQKMLENLREAEVKKNA,,,0,APLS7.5,2,up,5.336
all_atom,dual,GEEEYQKMLENLREAEVKKNA,,,0,APLS7.5,3,dn,4.647
all_atom,dual,GEEEYQKMLENLREAEVKKNA,,,0,APLS7.5,3,up,6.304
all_atom,dual,GEEEYQKMLENLREAEVKKNA,,,0,APLS7.5,4,dn,4.362
all_atom,dual,GEEEYQKMLENLREAEVKKNA,,,0,APLS7.5,4,up,6.733
all_atom,dual,GEEEYQKMLENLREAEVKKNA,,,0,APLS7.5,5,dn,4.458
all_atom,dual,GEEEYQKMLENLREAEVKKNA,,,0,APLS7.5,5,up,6.142
all_atom,dual,GEEEYQKMLENLREAEVKKNA,,,0,H0,1,dn,0.0
all_atom,dual,GEEEYQKMLENLREAEVKKNA,,,0,H0,1,up,0.0
all_atom,dual,GEEEYQKMLENLREAEVKKNA,,,0,H0,2,dn,0.0
all_atom,dual,GEEEYQKMLENLREAEVKKNA,,,0,H0,2,up,0.0
all_atom,dual,GEEEYQKMLENLREAEVKKNA,,,0,H0,3,dn,0.0
all_atom,dual,GEEEYQKMLENLREAEVKKNA,,,0,H0,3,up,0.0
all_atom,dual,GEEEYQKMLENLREAEVKKNA,,,0,H0,4,dn,0.0
all_atom,dual,GEEEYQKMLENLREAEVKKNA,,,0,H0,4,up,0.0
all_atom,dual,GEEEYQKMLENLREAEVKKNA,,,0,H0,5,dn,0.0
all_atom,dual,GEEEYQKMLENLREAEVKKNA,,,0,H0,5,up,0.0
all_atom,dual,GEEEYQKMLENLREAEVKKNA,,,0,H1,1,dn,0.861
all_atom,dual,GEEEYQKMLENLREAEVKKNA,,,0,H1,1,up,1.0
all_atom,dual,GEEEYQKMLENLREAEVKKNA,,,0,H1,2,dn,0.95
all_atom,dual,GEEEYQKMLENLREAEVKKNA,,,0,H1,2,up,0.98
all_atom,dual,GEEEYQKMLENLREAEVKKNA,,,0,H1,3,dn,0.99
all_atom,dual,GEEEYQKMLENLREAEVKKNA,,,0,H1,3,up,0.99
all_atom,dual,GEEEYQKMLENLREAEVKKNA,,,0,H1,4,dn,0.95
all_atom,dual,GEEEYQKMLENLREAEVKKNA,,,0,H1,4,up,0.911
all_atom,dual,GEEEYQKMLENLREAEVKKNA,,,0,H1,5,dn,0.98
all_atom,dual,GEEEYQKMLENLREAEVKKNA,,,0,H1,5,up,1.0
all_atom,dual,GEEEYQKMLENLREAEVKKNA,,,0,H10,1,dn,0.0
all_atom,dual,GEEEYQKMLENLREAEVKKNA,,,0,H10,1,up,0.0
all_atom,dual,GEEEYQKMLENLREAEVKKNA,,,0,H10,2,dn,0.0
all_atom,dual,GEEEYQKMLENLREAEVKKNA,,,0,H10,2,up,0.0
all_atom,dual,GEEEYQKMLENLREAEVKKNA,,,0,H10,3,dn,0.0
all_atom,dual,GEEEYQKMLENLREAEVKKNA,,,0,H10,3,up,0.0
all_atom,dual,GEEEYQKMLENLREAEVKKNA,,,0,H10,4,dn,0.0
all_atom,dual,GEEEYQKMLENLREAEVKKNA,,,0,H10,4,up,0.0
all_atom,dual,GEEEYQKMLENLREAEVKKNA,,,0,H10,5,dn,0.0
all_atom,dual,GEEEYQKMLENLREAEVKKNA,,,0,H10,5,up,0.0
all_atom,dual,GEEEYQKMLENLREAEVKKNA,,,0,H2,1,dn,1.0
all_atom,dual,GEEEYQKMLENLREAEVKKNA,,,0,H2,1,up,1.0
all_atom,dual,GEEEYQKMLENLREAEVKKNA,,,0,H2,2,dn,1.0
all_atom,dual,GEEEYQKMLENLREAEVKKNA,,,0,H2,2,up,1.0
all_atom,dual,GEEEYQKMLENLREAEVKKNA,,,0,H2,3,dn,1.0
all_atom,dual,GEEEYQKMLENLREAEVKKNA,,,0,H2,3,up,1.0
all_atom,dual,GEEEYQKMLENLREAEVKKNA,,,0,H2,4,dn,1.0
all_atom,dual,GEEEYQKMLENLREAEVKKNA,,,0,H2,4,up,0.901
all_atom,dual,GEEEYQKMLENLREAEVKKNA,,,0,H2,5,dn,1.0
all_atom,dual,GEEEYQKMLENLREAEVKKNA,,,0,H2,5,up,1.0
all_atom,dual,GEEEYQKMLENLREAEVKKNA,,,0,H3,1,dn,1.0
all_atom,dual,GEEEYQKMLENLREAEVKKNA,,,0,H3,1,up,1.0
all_atom,dual,GEEEYQKMLENLREAEVKKNA,,,0,H3,2,dn,1.0
all_atom,dual,GEEEYQKMLENLREAEVKKNA,,,0,H3,2,up,1.0
all_atom,dual,GEEEYQKMLENLREAEVKKNA,,,0,H3,3,dn,1.0
all_atom,dual,GEEEYQKMLENLREAEVKKNA,,,0,H3,3,up,0.99
all_atom,dual,GEEEYQKMLENLREAEVKKNA,,,0,H3,4,dn,1.0
all_atom,dual,GEEEYQKMLENLREAEVKKNA,,,0,H3,4,up,1.0
all_atom,dual,GEEEYQKMLENLREAEVKKNA,,,0,H3,5,dn,1.0
all_atom,dual,GEEEYQKMLENLREAEVKKNA,,,0,H3,5,up,1.0
all_atom,dual,GEEEYQKMLENLREAEVKKNA,,,0,H4,1,dn,1.0
all_atom,dual,GEEEYQKMLENLREAEVKKNA,,,0,H4,1,up,1.0
all_atom,dual,GEEEYQKMLENLREAEVKKNA,,,0,H4,2,dn,1.0
all_atom,dual,GEEEYQKMLENLREAEVKKNA,,,0,H4,2,up,1.0
all_atom,dual,GEEEYQKMLENLREAEVKKNA,,,0,H4,3,dn,1.0
all_atom,dual,GEEEYQKMLENLREAEVKKNA,,,0,H4,3,up,1.0
all_atom,dual,GEEEYQKMLENLREAEVKKNA,,,0,H4,4,dn,1.0
all_atom,dual,GEEEYQKMLENLREAEVKKNA,,,0,H4,4,up,1.0
all_atom,dual,GEEEYQKMLENLREAEVKKNA,,,0,H4,5,dn,1.0
all_atom,dual,GEEEYQKMLENLREAEVKKNA,,,0,H4,5,up,1.0
all_atom,dual,GEEEYQKMLENLREAEVKKNA,,,0,H5,1,dn,1.0
all_atom,dual,GEEEYQKMLENLREAEVKKNA,,,0,H5,1,up,1.0
all_atom,dual,GEEEYQKMLENLREAEVKKNA,,,0,H5,2,dn,1.0
all_atom,dual,GEEEYQKMLENLREAEVKKNA,,,0,H5,2,up,1.0
all_atom,dual,GEEEYQKMLENLREAEVKKNA,,,0,H5,3,dn,1.0
all_atom,dual,GEEEYQKMLENLREAEVKKNA,,,0,H5,3,up,1.0
all_atom,dual,GEEEYQKMLENLREAEVKKNA,,,0,H5,4,dn,1.0
all_atom,dual,GEEEYQKMLENLREAEVKKNA,,,0,H5,4,up,1.0
all_atom,dual,GEEEYQKMLENLREAEVKKNA,,,0,H5,5,dn,1.0
all_atom,dual,GEEEYQKMLENLREAEVKKNA,,,0,H5,5,up,1.0
all_atom,dual,GEEEYQKMLENLREAEVKKNA,,,0,H6,1,dn,1.0
all_atom,dual,GEEEYQKMLENLREAEVKKNA,,,0,H6,1,up,1.0
all_atom,dual,GEEEYQKMLENLREAEVKKNA,,,0,H6,2,dn,0.99
all_atom,dual,GEEEYQKMLENLREAEVKKNA,,,0,H6,2,up,1.0
all_atom,dual,GEEEYQKMLENLREAEVKKNA,,,0,H6,3,dn,0.95
all_atom,dual,GEEEYQKMLENLREAEVKKNA,,,0,H6,3,up,1.0
all_atom,dual,GEEEYQKMLENLREAEVKKNA,,,0,H6,4,dn,0.99
all_atom,dual,GEEEYQKMLENLREAEVKKNA,,,0,H6,4,up,1.0
all_atom,dual,GEEEYQKMLENLREAEVKKNA,,,0,H6,5,dn,0.99
all_atom,dual,GEEEYQKMLENLREAEVKKNA,,,0,H6,5,up,1.0
all_atom,dual,GEEEYQKMLENLREAEVKKNA,,,0,H7,1,dn,1.0
all_atom,dual,GEEEYQKMLENLREAEVKKNA,,,0,H7,1,up,1.0
all_atom,dual,GEEEYQKMLENLREAEVKKNA,,,0,H7,2,dn,0.98
all_atom,dual,GEEEYQKMLENLREAEVKKNA,,,0,H7,2,up,0.95
all_atom,dual,GEEEYQKMLENLREAEVKKNA,,,0,H7,3,dn,0.881
all_atom,dual,GEEEYQKMLENLREAEVKKNA,,,0,H7,3,up,1.0
all_atom,dual,GEEEYQKMLENLREAEVKKNA,,,0,H7,4,dn,0.99
all_atom,dual,GEEEYQKMLENLREAEVKKNA,,,0,H7,4,up,1.0
all_atom,dual,GEEEYQKMLENLREAEVKKNA,,,0,H7,5,dn,0.99
all_atom,dual,GEEEYQKMLENLREAEVKKNA,,,0,H7,5,up,1.0
all_atom,dual,GEEEYQKMLENLREAEVKKNA,,,0,H8,1,dn,0.99
all_atom,dual,GEEEYQKMLENLREAEVKKNA,,,0,H8,1,up,1.0
all_atom,dual,GEEEYQKMLENLREAEVKKNA,,,0,H8,2,dn,0.822
all_atom,dual,GEEEYQKMLENLREAEVKKNA,,,0,H8,2,up,0.96
all_atom,dual,GEEEYQKMLENLREAEVKKNA,,,0,H8,3,dn,0.673
all_atom,dual,GEEEYQKMLENLREAEVKKNA,,,0,H8,3,up,0.901
all_atom,dual,GEEEYQKMLENLREAEVKKNA,,,0,H8,4,dn,0.95
all_atom,dual,GEEEYQKMLENLREAEVKKNA,,,0,H8,4,up,1.0
all_atom,dual,GEEEYQKMLENLREAEVKKNA,,,0,H8,5,dn,0.97
all_atom,dual,GEEEYQKMLENLREAEVKKNA,,,0,H8,5,up,0.99
all_atom,dual,GEEEYQKMLENLREAEVKKNA,,,0,H9,1,dn,0.614
all_atom,dual,GEEEYQKMLENLREAEVKKNA,,,0,H9,1,up,0.812
all_atom,dual,GEEEYQKMLENLREAEVKKNA,,,0,H9,2,dn,0.119
all_atom,dual,GEEEYQKMLENLREAEVKKNA,,,0,H9,2,up,0.861
all_atom,dual,GEEEYQKMLENLREAEVKKNA,,,0,H9,3,dn,0.208
all_atom,dual,GEEEYQKMLENLREAEVKKNA,,,0,H9,3,up,0.238
all_atom,dual,GEEEYQKMLENLREAEVKKNA,,,0,H9,4,dn,0.198
all_atom,dual,GEEEYQKMLENLREAEVKKNA,,,0,H9,4,up,0.931
all_atom,dual,GEEEYQKMLENLREAEVKKNA,,,0,H9,5,dn,0.0
all_atom,dual,GEEEYQKMLENLREAEVKKNA,,,0,H9,5,up,0.644
all_atom,dual,GEEEYQKMLENLREAEVKKNA,,,0,HM,1,dn,0.805
all_atom,dual,GEEEYQKMLENLREAEVKKNA,,,0,HM,1,up,0.859
all_atom,dual,GEEEYQKMLENLREAEVKKNA,,,0,HM,2,dn,0.757
all_atom,dual,GEEEYQKMLENLREAEVKKNA,,,0,HM,2,up,0.844
all_atom,dual,GEEEYQKMLENLREAEVKKNA,,,0,HM,3,dn,0.752
all_atom,dual,GEEEYQKMLENLREAEVKKNA,,,0,HM,3,up,0.8
all_atom,dual,GEEEYQKMLENLREAEVKKNA,,,0,HM,4,dn,0.797
all_atom,dual,GEEEYQKMLENLREAEVKKNA,,,0,HM,4,up,0.868
all_atom,dual,GEEEYQKMLENLREAEVKKNA,,,0,HM,5,dn,0.786
all_atom,dual,GEEEYQKMLENLREAEVKKNA,,,0,HM,5,up,0.858
all_atom,dual,GEEEYQKMLENLREAEVKKNA,,,0,S,1,dn,0.061
all_atom,dual,GEEEYQKMLENLREAEVKKNA,,,0,S,1,up,0.267
all_atom,dual,GEEEYQKMLENLREAEVKKNA,,,0,S,2,dn,0.0
all_atom,dual,GEEEYQKMLENLREAEVKKNA,,,0,S,2,up,0.167
all_atom,dual,GEEEYQKMLENLREAEVKKNA,,,0,S,3,dn,0.0
all_atom,dual,GEEEYQKMLENLREAEVKKNA,,,0,S,3,up,0.0
all_atom,dual,GEEEYQKMLENLREAEVKKNA,,,0,S,4,dn,0.0
all_atom,dual,GEEEYQKMLENLREAEVKKNA,,,0,S,4,up,0.0
all_atom,dual,GEEEYQKMLENLREAEVKKNA,,,0,S,5,up,0.001
all_atom,dual,GEEEYQKMLENLREAEVKKNA,,,0,ZP-0.5,1,dn,0.137
all_atom,dual,GEEEYQKMLENLREAEVKKNA,,,0,ZP-0.5,1,up,0.119
all_atom,dual,GEEEYQKMLENLREAEVKKNA,,,0,ZP-0.5,2,dn,0.129
all_atom,dual,GEEEYQKMLENLREAEVKKNA,,,0,ZP-0.5,2,up,0.146
all_atom,dual,GEEEYQKMLENLREAEVKKNA,,,0,ZP-0.5,3,dn,0.142
all_atom,dual,GEEEYQKMLENLREAEVKKNA,,,0,ZP-0.5,3,up,0.151
all_atom,dual,GEEEYQKMLENLREAEVKKNA,,,0,ZP-0.5,4,dn,0.159
all_atom,dual,GEEEYQKMLENLREAEVKKNA,,,0,ZP-0.5,4,up,0.134
all_atom,dual,GEEEYQKMLENLREAEVKKNA,,,0,ZP-0.5,5,dn,0.145
all_atom,dual,GEEEYQKMLENLREAEVKKNA,,,0,ZP-0.5,5,up,0.141
all_atom,dual,GEEEYQKMLENLREAEVKKNA,,,0,ZP-1.5,1,dn,0.162
all_atom,dual,GEEEYQKMLENLREAEVKKNA,,,0,ZP-1.5,1,up,0.118
all_atom,dual,GEEEYQKMLENLREAEVKKNA,,,0,ZP-1.5,2,dn,0.11
all_atom,dual,GEEEYQKMLENLREAEVKKNA,,,0,ZP-1.5,2,up,0.104
all_atom,dual,GEEEYQKMLENLREAEVKKNA,,,0,ZP-1.5,3,dn,0.141
all_atom,dual,GEEEYQKMLENLREAEVKKNA,,,0,ZP-1.5,3,up,0.135
all_atom,dual,GEEEYQKMLENLREAEVKKNA,,,0,ZP-1.5,4,dn,0.149
all_atom,dual,GEEEYQKMLENLREAEVKKNA,,,0,ZP-1.5,4,up,0.137
all_atom,dual,GEEEYQKMLENLREAEVKKNA,,,0,ZP-1.5,5,dn,0.134
all_atom,dual,GEEEYQKMLENLREAEVKKNA,,,0,ZP-1.5,5,up,0.133
all_atom,dual,GEEEYQKMLENLREAEVKKNA,,,0,ZP-2.5,1,dn,0.132
all_atom,dual,GEEEYQKMLENLREAEVKKNA,,,0,ZP-2.5,1,up,0.096
all_atom,dual,GEEEYQKMLENLREAEVKKNA,,,0,ZP-2.5,2,dn,0.09
all_atom,dual,GEEEYQKMLENLREAEVKKNA,,,0,ZP-2.5,2,up,0.089
all_atom,dual,GEEEYQKMLENLREAEVKKNA,,,0,ZP-2.5,3,dn,0.107
all_atom,dual,GEEEYQKMLENLREAEVKKNA,,,0,ZP-2.5,3,up,0.086
all_atom,dual,GEEEYQKMLENLREAEVKKNA,,,0,ZP-2.5,4,dn,0.14
all_atom,dual,GEEEYQKMLENLREAEVKKNA,,,0,ZP-2.5,4,up,0.084
all_atom,dual,GEEEYQKMLENLREAEVKKNA,,,0,ZP-2.5,5,dn,0.134
all_atom,dual,GEEEYQKMLENLREAEVKKNA,,,0,ZP-2.5,5,up,0.097
all_atom,dual,GEEEYQKMLENLREAEVKKNA,,,0,ZP-3.5,1,dn,0.097
all_atom,dual,GEEEYQKMLENLREAEVKKNA,,,0,ZP-3.5,1,up,0.074
all_atom,dual,GEEEYQKMLENLREAEVKKNA,,,0,ZP-3.5,2,dn,0.048
all_atom,dual,GEEEYQKMLENLREAEVKKNA,,,0,ZP-3.5,2,up,0.039
all_atom,dual,GEEEYQKMLENLREAEVKKNA,,,0,ZP-3.5,3,dn,0.064
all_atom,dual,GEEEYQKMLENLREAEVKKNA,,,0,ZP-3.5,3,up,0.051
all_atom,dual,GEEEYQKMLENLREAEVKKNA,,,0,ZP-3.5,4,dn,0.116
all_atom,dual,GEEEYQKMLENLREAEVKKNA,,,0,ZP-3.5,4,up,0.074
all_atom,dual,GEEEYQKMLENLREAEVKKNA,,,0,ZP-3.5,5,dn,0.104
all_atom,dual,GEEEYQKMLENLREAEVKKNA,,,0,ZP-3.5,5,up,0.058
all_atom,dual,GEEEYQKMLENLREAEVKKNA,,,0,ZP-4.5,1,dn,0.077
all_atom,dual,GEEEYQKMLENLREAEVKKNA,,,0,ZP-4.5,1,up,0.047
all_atom,dual,GEEEYQKMLENLREAEVKKNA,,,0,ZP-4.5,2,dn,0.025
all_atom,dual,GEEEYQKMLENLREAEVKKNA,,,0,ZP-4.5,2,up,0.023
all_atom,dual,GEEEYQKMLENLREAEVKKNA,,,0,ZP-4.5,3,dn,0.047
all_atom,dual,GEEEYQKMLENLREAEVKKNA,,,0,ZP-4.5,3,up,0.033
all_atom,dual,GEEEYQKMLENLREAEVKKNA,,,0,ZP-4.5,4,dn,0.077
all_atom,dual,GEEEYQKMLENLREAEVKKNA,,,0,ZP-4.5,4,up,0.052
all_atom,dual,GEEEYQKMLENLREAEVKKNA,,,0,ZP-4.5,5,dn,0.067
all_atom,dual,GEEEYQKMLENLREAEVKKNA,,,0,ZP-4.5,5,up,0.03
all_atom,dual,GEEEYQKMLENLREAEVKKNA,,,0,ZP-5.5,1,dn,0.036
all_atom,dual,GEEEYQKMLENLREAEVKKNA,,,0,ZP-5.5,1,up,0.028
all_atom,dual,GEEEYQKMLENLREAEVKKNA,,,0,ZP-5.5,2,dn,0.013
all_atom,dual,GEEEYQKMLENLREAEVKKNA,,,0,ZP-5.5,2,up,0.02
all_atom,dual,GEEEYQKMLENLREAEVKKNA,,,0,ZP-5.5,3,dn,0.024
all_atom,dual,GEEEYQKMLENLREAEVKKNA,,,0,ZP-5.5,3,up,0.019
all_atom,dual,GEEEYQKMLENLREAEVKKNA,,,0,ZP-5.5,4,dn,0.047
all_atom,dual,GEEEYQKMLENLREAEVKKNA,,,0,ZP-5.5,4,up,0.033
all_atom,dual,GEEEYQKMLENLREAEVKKNA,,,0,ZP-5.5,5,dn,0.034
all_atom,dual,GEEEYQKMLENLREAEVKKNA,,,0,ZP-5.5,5,up,0.016
all_atom,dual,GEEEYQKMLENLREAEVKKNA,,,0,ZP-6.5,1,dn,0.016
all_atom,dual,GEEEYQKMLENLREAEVKKNA,,,0,ZP-6.5,1,up,0.017
all_atom,dual,GEEEYQKMLENLREAEVKKNA,,,0,ZP-6.5,2,dn,0.005
all_atom,dual,GEEEYQKMLENLREAEVKKNA,,,0,ZP-6.5,2,up,0.005
all_atom,dual,GEEEYQKMLENLREAEVKKNA,,,0,ZP-6.5,3,dn,0.017
all_atom,dual,GEEEYQKMLENLREAEVKKNA,,,0,ZP-6.5,3,up,0.005
all_atom,dual,GEEEYQKMLENLREAEVKKNA,,,0,ZP-6.5,4,dn,0.023
all_atom,dual,GEEEYQKMLENLREAEVKKNA,,,0,ZP-6.5,4,up,0.015
all_atom,dual,GEEEYQKMLENLREAEVKKNA,,,0,ZP-6.5,5,dn,0.023
all_atom,dual,GEEEYQKMLENLREAEVKKNA,,,0,ZP-6.5,5,up,0.009
all_atom,dual,GEEEYQKMLENLREAEVKKNA,,,0,ZP-7.5,1,dn,0.008
all_atom,dual,GEEEYQKMLENLREAEVKKNA,,,0,ZP-7.5,1,up,0.009
all_atom,dual,GEEEYQKMLENLREAEVKKNA,,,0,ZP-7.5,2,dn,0.0
all_atom,dual,GEEEYQKMLENLREAEVKKNA,,,0,ZP-7.5,2,up,0.001
all_atom,dual,GEEEYQKMLENLREAEVKKNA,,,0,ZP-7.5,3,dn,0.004
all_atom,dual,GEEEYQKMLENLREAEVKKNA,,,0,ZP-7.5,3,up,0.003
all_atom,dual,GEEEYQKMLENLREAEVKKNA,,,0,ZP-7.5,4,dn,0.01
all_atom,dual,GEEEYQKMLENLREAEVKKNA,,,0,ZP-7.5,4,up,0.006
all_atom,dual,GEEEYQKMLENLREAEVKKNA,,,0,ZP-7.5,5,dn,0.011
all_atom,dual,GEEEYQKMLENLREAEVKKNA,,,0,ZP-7.5,5,up,0.002
all_atom,dual,GEEEYQKMLENLREAEVKKNA,,,0,ZP-8.5,1,dn,0.003
all_atom,dual,GEEEYQKMLENLREAEVKKNA,,,0,ZP-8.5,1,up,0.002
all_atom,dual,GEEEYQKMLENLREAEVKKNA,,,0,ZP-8.5,2,dn,0.0
all_atom,dual,GEEEYQKMLENLREAEVKKNA,,,0,ZP-8.5,2,up,0.0
all_atom,dual,GEEEYQKMLENLREAEVKKNA,,,0,ZP-8.5,3,dn,0.002
all_atom,dual,GEEEYQKMLENLREAEVKKNA,,,0,ZP-8.5,3,up,0.0
all_atom,dual,GEEEYQKMLENLREAEVKKNA,,,0,ZP-8.5,4,dn,0.002
all_atom,dual,GEEEYQKMLENLREAEVKKNA,,,0,ZP-8.5,4,up,0.006
all_atom,dual,GEEEYQKMLENLREAEVKKNA,,,0,ZP-8.5,5,dn,0.001
all_atom,dual,GEEEYQKMLENLREAEVKKNA,,,0,ZP-8.5,5,up,0.0
all_atom,dual,GEEEYQKMLENLREAEVKKNA,,,0,ZP-9.5,1,dn,0.0
all_atom,dual,GEEEYQKMLENLREAEVKKNA,,,0,ZP-9.5,1,up,0.002
all_atom,dual,GEEEYQKMLENLREAEVKKNA,,,0,ZP-9.5,2,dn,0.0
all_atom,dual,GEEEYQKMLENLREAEVKKNA,,,0,ZP-9.5,2,up,0.0
all_atom,dual,GEEEYQKMLENLREAEVKKNA,,,0,ZP-9.5,3,dn,0.0
all_atom,dual,GEEEYQKMLENLREAEVKKNA,,,0,ZP-9.5,3,up,0.0
all_atom,dual,GEEEYQKMLENLREAEVKKNA,,,0,ZP-9.5,4,dn,0.002
all_atom,dual,GEEEYQKMLENLREAEVKKNA,,,0,ZP-9.5,4,up,0.005
all_atom,dual,GEEEYQKMLENLREAEVKKNA,,,0,ZP-9.5,5,dn,0.001
all_atom,dual,GEEEYQKMLENLREAEVKKNA,,,0,ZP-9.5,5,up,0.0
all_atom,dual,GEEEYQKMLENLREAEVKKNA,,,0,ZP0.5,1,dn,0.122
all_atom,dual,GEEEYQKMLENLREAEVKKNA,,,0,ZP0.5,1,up,0.117
all_atom,dual,GEEEYQKMLENLREAEVKKNA,,,0,ZP0.5,2,dn,0.178
all_atom,dual,GEEEYQKMLENLREAEVKKNA,,,0,ZP0.5,2,up,0.119
all_atom,dual,GEEEYQKMLENLREAEVKKNA,,,0,ZP0.5,3,dn,0.147
all_atom,dual,GEEEYQKMLENLREAEVKKNA,,,0,ZP0.5,3,up,0.137
all_atom,dual,GEEEYQKMLENLREAEVKKNA,,,0,ZP0.5,4,dn,0.118
all_atom,dual,GEEEYQKMLENLREAEVKKNA,,,0,ZP0.5,4,up,0.145
all_atom,dual,GEEEYQKMLENLREAEVKKNA,,,0,ZP0.5,5,dn,0.144
all_atom,dual,GEEEYQKMLENLREAEVKKNA,,,0,ZP0.5,5,up,0.13
all_atom,dual,GEEEYQKMLENLREAEVKKNA,,,0,ZP1.5,1,dn,0.1
all_atom,dual,GEEEYQKMLENLREAEVKKNA,,,0,ZP1.5,1,up,0.098
all_atom,dual,GEEEYQKMLENLREAEVKKNA,,,0,ZP1.5,2,dn,0.133
all_atom,dual,GEEEYQKMLENLREAEVKKNA,,,0,ZP1.5,2,up,0.137
all_atom,dual,GEEEYQKMLENLREAEVKKNA,,,0,ZP1.5,3,dn,0.127
all_atom,dual,GEEEYQKMLENLREAEVKKNA,,,0,ZP1.5,3,up,0.135
all_atom,dual,GEEEYQKMLENLREAEVKKNA,,,0,ZP1.5,4,dn,0.073
all_atom,dual,GEEEYQKMLENLREAEVKKNA,,,0,ZP1.5,4,up,0.111
all_atom,dual,GEEEYQKMLENLREAEVKKNA,,,0,ZP1.5,5,dn,0.098
all_atom,dual,GEEEYQKMLENLREAEVKKNA,,,0,ZP1.5,5,up,0.127
all_atom,dual,GEEEYQKMLENLREAEVKKNA,,,0,ZP2.5,1,dn,0.058
all_atom,dual,GEEEYQKMLENLREAEVKKNA,,,0,ZP2.5,1,up,0.09
all_atom,dual,GEEEYQKMLENLREAEVKKNA,,,0,ZP2.5,2,dn,0.101
all_atom,dual,GEEEYQKMLENLREAEVKKNA,,,0,ZP2.5,2,up,0.101
all_atom,dual,GEEEYQKMLENLREAEVKKNA,,,0,ZP2.5,3,dn,0.085
all_atom,dual,GEEEYQKMLENLREAEVKKNA,,,0,ZP2.5,3,up,0.104
all_atom,dual,GEEEYQKMLENLREAEVKKNA,,,0,ZP2.5,4,dn,0.046
all_atom,dual,GEEEYQKMLENLREAEVKKNA,,,0,ZP2.5,4,up,0.083
all_atom,dual,GEEEYQKMLENLREAEVKKNA,,,0,ZP2.5,5,dn,0.053
all_atom,dual,GEEEYQKMLENLREAEVKKNA,,,0,ZP2.5,5,up,0.092
all_atom,dual,GEEEYQKMLENLREAEVKKNA,,,0,ZP3.5,1,dn,0.027
all_atom,dual,GEEEYQKMLENLREAEVKKNA,,,0,ZP3.5,1,up,0.056
all_atom,dual,GEEEYQKMLENLREAEVKKNA,,,0,ZP3.5,2,dn,0.079
all_atom,dual,GEEEYQKMLENLREAEVKKNA,,,0,ZP3.5,2,up,0.086
all_atom,dual,GEEEYQKMLENLREAEVKKNA,,,0,ZP3.5,3,dn,0.049
all_atom,dual,GEEEYQKMLENLREAEVKKNA,,,0,ZP3.5,3,up,0.074
all_atom,dual,GEEEYQKMLENLREAEVKKNA,,,0,ZP3.5,4,dn,0.02
all_atom,dual,GEEEYQKMLENLREAEVKKNA,,,0,ZP3.5,4,up,0.053
all_atom,dual,GEEEYQKMLENLREAEVKKNA,,,0,ZP3.5,5,dn,0.032
all_atom,dual,GEEEYQKMLENLREAEVKKNA,,,0,ZP3.5,5,up,0.065
all_atom,dual,GEEEYQKMLENLREAEVKKNA,,,0,ZP4.5,1,dn,0.015
all_atom,dual,GEEEYQKMLENLREAEVKKNA,,,0,ZP4.5,1,up,0.044
all_atom,dual,GEEEYQKMLENLREAEVKKNA,,,0,ZP4.5,2,dn,0.044
all_atom,dual,GEEEYQKMLENLREAEVKKNA,,,0,ZP4.5,2,up,0.058
all_atom,dual,GEEEYQKMLENLREAEVKKNA,,,0,ZP4.5,3,dn,0.024
all_atom,dual,GEEEYQKMLENLREAEVKKNA,,,0,ZP4.5,3,up,0.031
all_atom,dual,GEEEYQKMLENLREAEVKKNA,,,0,ZP4.5,4,dn,0.013
all_atom,dual,GEEEYQKMLENLREAEVKKNA,,,0,ZP4.5,4,up,0.029
all_atom,dual,GEEEYQKMLENLREAEVKKNA,,,0,ZP4.5,5,dn,0.013
all_atom,dual,GEEEYQKMLENLREAEVKKNA,,,0,ZP4.5,5,up,0.056
all_atom,dual,GEEEYQKMLENLREAEVKKNA,,,0,ZP5.5,1,dn,0.008
all_atom,dual,GEEEYQKMLENLREAEVKKNA,,,0,ZP5.5,1,up,0.038
all_atom,dual,GEEEYQKMLENLREAEVKKNA,,,0,ZP5.5,2,dn,0.026
all_atom,dual,GEEEYQKMLENLREAEVKKNA,,,0,ZP5.5,2,up,0.032
all_atom,dual,GEEEYQKMLENLREAEVKKNA,,,0,ZP5.5,3,dn,0.01
all_atom,dual,GEEEYQKMLENLREAEVKKNA,,,0,ZP5.5,3,up,0.017
all_atom,dual,GEEEYQKMLENLREAEVKKNA,,,0,ZP5.5,4,dn,0.004
all_atom,dual,GEEEYQKMLENLREAEVKKNA,,,0,ZP5.5,4,up,0.012
all_atom,dual,GEEEYQKMLENLREAEVKKNA,,,0,ZP5.5,5,dn,0.005
all_atom,dual,GEEEYQKMLENLREAEVKKNA,,,0,ZP5.5,5,up,0.027
all_atom,dual,GEEEYQKMLENLREAEVKKNA,,,0,ZP6.5,1,dn,0.003
all_atom,dual,GEEEYQKMLENLREAEVKKNA,,,0,ZP6.5,1,up,0.021
all_atom,dual,GEEEYQKMLENLREAEVKKNA,,,0,ZP6.5,2,dn,0.014
all_atom,dual,GEEEYQKMLENLREAEVKKNA,,,0,ZP6.5,2,up,0.02
all_atom,dual,GEEEYQKMLENLREAEVKKNA,,,0,ZP6.5,3,dn,0.004
all_atom,dual,GEEEYQKMLENLREAEVKKNA,,,0,ZP6.5,3,up,0.005
all_atom,dual,GEEEYQKMLENLREAEVKKNA,,,0,ZP6.5,4,dn,0.004
all_atom,dual,GEEEYQKMLENLREAEVKKNA,,,0,ZP6.5,4,up,0.009
all_atom,dual,GEEEYQKMLENLREAEVKKNA,,,0,ZP6.5,5,dn,0.001
all_atom,dual,GEEEYQKMLENLREAEVKKNA,,,0,ZP6.5,5,up,0.011
all_atom,dual,GEEEYQKMLENLREAEVKKNA,,,0,ZP7.5,1,dn,0.0
all_atom,dual,GEEEYQKMLENLREAEVKKNA,,,0,ZP7.5,1,up,0.015
all_atom,dual,GEEEYQKMLENLREAEVKKNA,,,0,ZP7.5,2,dn,0.005
all_atom,dual,GEEEYQKMLENLREAEVKKNA,,,0,ZP7.5,2,up,0.013
all_atom,dual,GEEEYQKMLENLREAEVKKNA,,,0,ZP7.5,3,dn,0.004
all_atom,dual,GEEEYQKMLENLREAEVKKNA,,,0,ZP7.5,3,up,0.008
all_atom,dual,GEEEYQKMLENLREAEVKKNA,,,0,ZP7.5,4,dn,0.0
all_atom,dual,GEEEYQKMLENLREAEVKKNA,,,0,ZP7.5,4,up,0.007
all_atom,dual,GEEEYQKMLENLREAEVKKNA,,,0,ZP7.5,5,dn,0.0
all_atom,dual,GEEEYQKMLENLREAEVKKNA,,,0,ZP7.5,5,up,0.004
all_atom,dual,GEEEYQKMLENLREAEVKKNA,,,0,ZP8.5,1,dn,0.0
all_atom,dual,GEEEYQKMLENLREAEVKKNA,,,0,ZP8.5,1,up,0.008
all_atom,dual,GEEEYQKMLENLREAEVKKNA,,,0,ZP8.5,2,dn,0.001
all_atom,dual,GEEEYQKMLENLREAEVKKNA,,,0,ZP8.5,2,up,0.005
all_atom,dual,GEEEYQKMLENLREAEVKKNA,,,0,ZP8.5,3,dn,0.001
all_atom,dual,GEEEYQKMLENLREAEVKKNA,,,0,ZP8.5,3,up,0.005
all_atom,dual,GEEEYQKMLENLREAEVKKNA,,,0,ZP8.5,4,dn,0.0
all_atom,dual,GEEEYQKMLENLREAEVKKNA,,,0,ZP8.5,4,up,0.002
all_atom,dual,GEEEYQKMLENLREAEVKKNA,,,0,ZP8.5,5,dn,0.001
all_atom,dual,GEEEYQKMLENLREAEVKKNA,,,0,ZP8.5,5,up,0.003
all_atom,dual,GEEEYQKMLENLREAEVKKNA,,,0,ZP9.5,1,dn,0.0
all_atom,dual,GEEEYQKMLENLREAEVKKNA,,,0,ZP9.5,1,up,0.002
all_atom,dual,GEEEYQKMLENLREAEVKKNA,,,0,ZP9.5,2,dn,0.0
all_atom,dual,GEEEYQKMLENLREAEVKKNA,,,0,ZP9.5,2,up,0.002
all_atom,dual,GEEEYQKMLENLREAEVKKNA,,,0,ZP9.5,3,dn,0.0
all_atom,dual,GEEEYQKMLENLREAEVKKNA,,,0,ZP9.5,3,up,0.0
all_atom,dual,GEEEYQKMLENLREAEVKKNA,,,0,ZP9.5,4,dn,0.0
all_atom,dual,GEEEYQKMLENLREAEVKKNA,,,0,ZP9.5,4,up,0.002
all_atom,dual,GEEEYQKMLENLREAEVKKNA,,,0,ZP9.5,5,dn,0.001
all_atom,dual,GEEEYQKMLENLREAEVKKNA,,,0,ZP9.5,5,up,0.0
all_atom,dual,GFCWNVCVYRNGVRVCHRRCN,,,1,APLA12.5,1,dn,58.362
all_atom,dual,GFCWNVCVYRNGVRVCHRRCN,,,1,APLA12.5,1,up,59.425
all_atom,dual,GFCWNVCVYRNGVRVCHRRCN,,,1,APLA12.5,2,dn,59.405
all_atom,dual,GFCWNVCVYRNGVRVCHRRCN,,,1,APLA12.5,2,up,56.522
all_atom,dual,GFCWNVCVYRNGVRVCHRRCN,,,1,APLA12.5,3,dn,59.772
all_atom,dual,GFCWNVCVYRNGVRVCHRRCN,,,1,APLA12.5,3,up,57.651
all_atom,dual,GFCWNVCVYRNGVRVCHRRCN,,,1,APLA12.5,4,dn,58.877
all_atom,dual,GFCWNVCVYRNGVRVCHRRCN,,,1,APLA12.5,4,up,58.203
all_atom,dual,GFCWNVCVYRNGVRVCHRRCN,,,1,APLA12.5,5,dn,57.437
all_atom,dual,GFCWNVCVYRNGVRVCHRRCN,,,1,APLA12.5,5,up,58.983
all_atom,dual,GFCWNVCVYRNGVRVCHRRCN,,,1,APLA17.5,1,dn,59.339
all_atom,dual,GFCWNVCVYRNGVRVCHRRCN,,,1,APLA17.5,1,up,60.199
all_atom,dual,GFCWNVCVYRNGVRVCHRRCN,,,1,APLA17.5,2,dn,56.582
all_atom,dual,GFCWNVCVYRNGVRVCHRRCN,,,1,APLA17.5,2,up,58.824
all_atom,dual,GFCWNVCVYRNGVRVCHRRCN,,,1,APLA17.5,3,dn,58.642
all_atom,dual,GFCWNVCVYRNGVRVCHRRCN,,,1,APLA17.5,3,up,57.189
all_atom,dual,GFCWNVCVYRNGVRVCHRRCN,,,1,APLA17.5,4,dn,58.164
all_atom,dual,GFCWNVCVYRNGVRVCHRRCN,,,1,APLA17.5,4,up,58.59
all_atom,dual,GFCWNVCVYRNGVRVCHRRCN,,,1,APLA17.5,5,dn,58.614
all_atom,dual,GFCWNVCVYRNGVRVCHRRCN,,,1,APLA17.5,5,up,58.098
all_atom,dual,GFCWNVCVYRNGVRVCHRRCN,,,1,APLA2.5,1,dn,85.706
all_atom,dual,GFCWNVCVYRNGVRVCHRRCN,,,1,APLA2.5,1,up,80.937
all_atom,dual,GFCWNVCVYRNGVRVCHRRCN,,,1,APLA2.5,2,dn,89.71
all_atom,dual,GFCWNVCVYRNGVRVCHRRCN,,,1,APLA2.5,2,up,78.718
all_atom,dual,GFCWNVCVYRNGVRVCHRRCN,,,1,APLA2.5,3,dn,85.529
all_atom,dual,GFCWNVCVYRNGVRVCHRRCN,,,1,APLA2.5,3,up,83.515
all_atom,dual,GFCWNVCVYRNGVRVCHRRCN,,,1,APLA2.5,4,dn,81.719
all_atom,dual,GFCWNVCVYRNGVRVCHRRCN,,,1,APLA2.5,4,up,80.493
all_atom,dual,GFCWNVCVYRNGVRVCHRRCN,,,1,APLA2.5,5,dn,83.936
all_atom,dual,GFCWNVCVYRNGVRVCHRRCN,,,1,APLA2.5,5,up,76.462
all_atom,dual,GFCWNVCVYRNGVRVCHRRCN,,,1,APLA7.5,1,dn,61.921
all_atom,dual,GFCWNVCVYRNGVRVCHRRCN,,,1,APLA7.5,1,up,58.87
all_atom,dual,GFCWNVCVYRNGVRVCHRRCN,,,1,APLA7.5,2,dn,61.578
all_atom,dual,GFCWNVCVYRNGVRVCHRRCN,,,1,APLA7.5,2,up,57.779
all_atom,dual,GFCWNVCVYRNGVRVCHRRCN,,,1,APLA7.5,3,dn,61.833
all_atom,dual,GFCWNVCVYRNGVRVCHRRCN,,,1,APLA7.5,3,up,61.196
all_atom,dual,GFCWNVCVYRNGVRVCHRRCN,,,1,APLA7.5,4,dn,61.506
all_atom,dual,GFCWNVCVYRNGVRVCHRRCN,,,1,APLA7.5,4,up,61.21
all_atom,dual,GFCWNVCVYRNGVRVCHRRCN,,,1,APLA7.5,5,dn,60.292
all_atom,dual,GFCWNVCVYRNGVRVCHRRCN,,,1,APLA7.5,5,up,60.376
all_atom,dual,GFCWNVCVYRNGVRVCHRRCN,,,1,APLS12.5,1,dn,3.466
all_atom,dual,GFCWNVCVYRNGVRVCHRRCN,,,1,APLS12.5,1,up,3.938
all_atom,dual,GFCWNVCVYRNGVRVCHRRCN,,,1,APLS12.5,2,dn,3.722
all_atom,dual,GFCWNVCVYRNGVRVCHRRCN,,,1,APLS12.5,2,up,3.762
all_atom,dual,GFCWNVCVYRNGVRVCHRRCN,,,1,APLS12.5,3,dn,3.663
all_atom,dual,GFCWNVCVYRNGVRVCHRRCN,,,1,APLS12.5,3,up,3.972
all_atom,dual,GFCWNVCVYRNGVRVCHRRCN,,,1,APLS12.5,4,dn,3.808
all_atom,dual,GFCWNVCVYRNGVRVCHRRCN,,,1,APLS12.5,4,up,3.57
all_atom,dual,GFCWNVCVYRNGVRVCHRRCN,,,1,APLS12.5,5,dn,3.164
all_atom,dual,GFCWNVCVYRNGVRVCHRRCN,,,1,APLS12.5,5,up,3.86
all_atom,dual,GFCWNVCVYRNGVRVCHRRCN,,,1,APLS17.5,1,dn,3.738
all_atom,dual,GFCWNVCVYRNGVRVCHRRCN,,,1,APLS17.5,1,up,3.664
all_atom,dual,GFCWNVCVYRNGVRVCHRRCN,,,1,APLS17.5,2,dn,3.325
all_atom,dual,GFCWNVCVYRNGVRVCHRRCN,,,1,APLS17.5,2,up,3.265
all_atom,dual,GFCWNVCVYRNGVRVCHRRCN,,,1,APLS17.5,3,dn,3.882
all_atom,dual,GFCWNVCVYRNGVRVCHRRCN,,,1,APLS17.5,3,up,3.26
all_atom,dual,GFCWNVCVYRNGVRVCHRRCN,,,1,APLS17.5,4,dn,4.023
all_atom,dual,GFCWNVCVYRNGVRVCHRRCN,,,1,APLS17.5,4,up,3.484
all_atom,dual,GFCWNVCVYRNGVRVCHRRCN,,,1,APLS17.5,5,dn,3.84
all_atom,dual,GFCWNVCVYRNGVRVCHRRCN,,,1,APLS17.5,5,up,3.229
all_atom,dual,GFCWNVCVYRNGVRVCHRRCN,,,1,APLS2.5,1,dn,7.344
all_atom,dual,GFCWNVCVYRNGVRVCHRRCN,,,1,APLS2.5,1,up,6.194
all_atom,dual,GFCWNVCVYRNGVRVCHRRCN,,,1,APLS2.5,2,dn,7.376
all_atom,dual,GFCWNVCVYRNGVRVCHRRCN,,,1,APLS2.5,2,up,6.594
all_atom,dual,GFCWNVCVYRNGVRVCHRRCN,,,1,APLS2.5,3,dn,8.53
all_atom,dual,GFCWNVCVYRNGVRVCHRRCN,,,1,APLS2.5,3,up,7.406
all_atom,dual,GFCWNVCVYRNGVRVCHRRCN,,,1,APLS2.5,4,dn,6.678
all_atom,dual,GFCWNVCVYRNGVRVCHRRCN,,,1,APLS2.5,4,up,6.79
all_atom,dual,GFCWNVCVYRNGVRVCHRRCN,,,1,APLS2.5,5,dn,8.098
all_atom,dual,GFCWNVCVYRNGVRVCHRRCN,,,1,APLS2.5,5,up,6.823
all_atom,dual,GFCWNVCVYRNGVRVCHRRCN,,,1,APLS7.5,1,dn,5.784
all_atom,dual,GFCWNVCVYRNGVRVCHRRCN,,,1,APLS7.5,1,up,5.333
all_atom,dual,GFCWNVCVYRNGVRVCHRRCN,,,1,APLS7.5,2,dn,5.112
all_atom,dual,GFCWNVCVYRNGVRVCHRRCN,,,1,APLS7.5,2,up,5.996
all_atom,dual,GFCWNVCVYRNGVRVCHRRCN,,,1,APLS7.5,3,dn,5.044
all_atom,dual,GFCWNVCVYRNGVRVCHRRCN,,,1,APLS7.5,3,up,6.384
all_atom,dual,GFCWNVCVYRNGVRVCHRRCN,,,1,APLS7.5,4,dn,5.467
all_atom,dual,GFCWNVCVYRNGVRVCHRRCN,,,1,APLS7.5,4,up,5.043
all_atom,dual,GFCWNVCVYRNGVRVCHRRCN,,,1,APLS7.5,5,dn,5.624
all_atom,dual,GFCWNVCVYRNGVRVCHRRCN,,,1,APLS7.5,5,up,5.367
all_atom,dual,GFCWNVCVYRNGVRVCHRRCN,,,1,H0,1,dn,0.0
all_atom,dual,GFCWNVCVYRNGVRVCHRRCN,,,1,H0,1,up,0.0
all_atom,dual,GFCWNVCVYRNGVRVCHRRCN,,,1,H0,2,dn,0.0
all_atom,dual,GFCWNVCVYRNGVRVCHRRCN,,,1,H0,2,up,0.0
all_atom,dual,GFCWNVCVYRNGVRVCHRRCN,,,1,H0,3,dn,0.0
all_atom,dual,GFCWNVCVYRNGVRVCHRRCN,,,1,H0,3,up,0.0
all_atom,dual,GFCWNVCVYRNGVRVCHRRCN,,,1,H0,4,dn,0.0
all_atom,dual,GFCWNVCVYRNGVRVCHRRCN,,,1,H0,4,up,0.0
all_atom,dual,GFCWNVCVYRNGVRVCHRRCN,,,1,H0,5,dn,0.0
all_atom,dual,GFCWNVCVYRNGVRVCHRRCN,,,1,H0,5,up,0.0
all_atom,dual,GFCWNVCVYRNGVRVCHRRCN,,,1,H1,1,dn,1.0
all_atom,dual,GFCWNVCVYRNGVRVCHRRCN,,,1,H1,1,up,1.0
all_atom,dual,GFCWNVCVYRNGVRVCHRRCN,,,1,H1,2,dn,1.0
all_atom,dual,GFCWNVCVYRNGVRVCHRRCN,,,1,H1,2,up,1.0
all_atom,dual,GFCWNVCVYRNGVRVCHRRCN,,,1,H1,3,dn,0.96
all_atom,dual,GFCWNVCVYRNGVRVCHRRCN,,,1,H1,3,up,1.0
all_atom,dual,GFCWNVCVYRNGVRVCHRRCN,,,1,H1,4,dn,0.99
all_atom,dual,GFCWNVCVYRNGVRVCHRRCN,,,1,H1,4,up,0.99
all_atom,dual,GFCWNVCVYRNGVRVCHRRCN,,,1,H1,5,dn,1.0
all_atom,dual,GFCWNVCVYRNGVRVCHRRCN,,,1,H1,5,up,1.0
all_atom,dual,GFCWNVCVYRNGVRVCHRRCN,,,1,H10,1,dn,0.0
all_atom,dual,GFCWNVCVYRNGVRVCHRRCN,,,1,H10,1,up,0.0
all_atom,dual,GFCWNVCVYRNGVRVCHRRCN,,,1,H10,2,dn,0.0
all_atom,dual,GFCWNVCVYRNGVRVCHRRCN,,,1,H10,2,up,0.0
all_atom,dual,GFCWNVCVYRNGVRVCHRRCN,,,1,H10,3,dn,0.0
all_atom,dual,GFCWNVCVYRNGVRVCHRRCN,,,1,H10,3,up,0.0
all_atom,dual,GFCWNVCVYRNGVRVCHRRCN,,,1,H10,4,dn,0.0
all_atom,dual,GFCWNVCVYRNGVRVCHRRCN,,,1,H10,4,up,0.0
all_atom,dual,GFCWNVCVYRNGVRVCHRRCN,,,1,H10,5,dn,0.0
all_atom,dual,GFCWNVCVYRNGVRVCHRRCN,,,1,H10,5,up,0.0
all_atom,dual,GFCWNVCVYRNGVRVCHRRCN,,,1,H2,1,dn,1.0
all_atom,dual,GFCWNVCVYRNGVRVCHRRCN,,,1,H2,1,up,1.0
all_atom,dual,GFCWNVCVYRNGVRVCHRRCN,,,1,H2,2,dn,1.0
all_atom,dual,GFCWNVCVYRNGVRVCHRRCN,,,1,H2,2,up,1.0
all_atom,dual,GFCWNVCVYRNGVRVCHRRCN,,,1,H2,3,dn,0.98
all_atom,dual,GFCWNVCVYRNGVRVCHRRCN,,,1,H2,3,up,1.0
all_atom,dual,GFCWNVCVYRNGVRVCHRRCN,,,1,H2,4,dn,1.0
all_atom,dual,GFCWNVCVYRNGVRVCHRRCN,,,1,H2,4,up,1.0
all_atom,dual,GFCWNVCVYRNGVRVCHRRCN,,,1,H2,5,dn,1.0
all_atom,dual,GFCWNVCVYRNGVRVCHRRCN,,,1,H2,5,up,1.0
all_atom,dual,GFCWNVCVYRNGVRVCHRRCN,,,1,H3,1,dn,1.0
all_atom,dual,GFCWNVCVYRNGVRVCHRRCN,,,1,H3,1,up,1.0
all_atom,dual,GFCWNVCVYRNGVRVCHRRCN,,,1,H3,2,dn,1.0
all_atom,dual,GFCWNVCVYRNGVRVCHRRCN,,,1,H3,2,up,1.0
all_atom,dual,GFCWNVCVYRNGVRVCHRRCN,,,1,H3,3,dn,1.0
all_atom,dual,GFCWNVCVYRNGVRVCHRRCN,,,1,H3,3,up,1.0
all_atom,dual,GFCWNVCVYRNGVRVCHRRCN,,,1,H3,4,dn,1.0
all_atom,dual,GFCWNVCVYRNGVRVCHRRCN,,,1,H3,4,up,1.0
all_atom,dual,GFCWNVCVYRNGVRVCHRRCN,,,1,H3,5,dn,1.0
all_atom,dual,GFCWNVCVYRNGVRVCHRRCN,,,1,H3,5,up,1.0
all_atom,dual,GFCWNVCVYRNGVRVCHRRCN,,,1,H4,1,dn,1.0
all_atom,dual,GFCWNVCVYRNGVRVCHRRCN,,,1,H4,1,up,1.0
all_atom,dual,GFCWNVCVYRNGVRVCHRRCN,,,1,H4,2,dn,1.0
all_atom,dual,GFCWNVCVYRNGVRVCHRRCN,,,1,H4,2,up,1.0
all_atom,dual,GFCWNVCVYRNGVRVCHRRCN,,,1,H4,3,dn,1.0
all_atom,dual,GFCWNVCVYRNGVRVCHRRCN,,,1,H4,3,up,1.0
all_atom,dual,GFCWNVCVYRNGVRVCHRRCN,,,1,H4,4,dn,1.0
all_atom,dual,GFCWNVCVYRNGVRVCHRRCN,,,1,H4,4,up,1.0
all_atom,dual,GFCWNVCVYRNGVRVCHRRCN,,,1,H4,5,dn,1.0
all_atom,dual,GFCWNVCVYRNGVRVCHRRCN,,,1,H4,5,up,1.0
all_atom,dual,GFCWNVCVYRNGVRVCHRRCN,,,1,H5,1,dn,1.0
all_atom,dual,GFCWNVCVYRNGVRVCHRRCN,,,1,H5,1,up,1.0
all_atom,dual,GFCWNVCVYRNGVRVCHRRCN,,,1,H5,2,dn,1.0
all_atom,dual,GFCWNVCVYRNGVRVCHRRCN,,,1,H5,2,up,1.0
all_atom,dual,GFCWNVCVYRNGVRVCHRRCN,,,1,H5,3,dn,1.0
all_atom,dual,GFCWNVCVYRNGVRVCHRRCN,,,1,H5,3,up,1.0
all_atom,dual,GFCWNVCVYRNGVRVCHRRCN,,,1,H5,4,dn,1.0
all_atom,dual,GFCWNVCVYRNGVRVCHRRCN,,,1,H5,4,up,1.0
all_atom,dual,GFCWNVCVYRNGVRVCHRRCN,,,1,H5,5,dn,1.0
all_atom,dual,GFCWNVCVYRNGVRVCHRRCN,,,1,H5,5,up,1.0
all_atom,dual,GFCWNVCVYRNGVRVCHRRCN,,,1,H6,1,dn,1.0
all_atom,dual,GFCWNVCVYRNGVRVCHRRCN,,,1,H6,1,up,1.0
all_atom,dual,GFCWNVCVYRNGVRVCHRRCN,,,1,H6,2,dn,1.0
all_atom,dual,GFCWNVCVYRNGVRVCHRRCN,,,1,H6,2,up,1.0
all_atom,dual,GFCWNVCVYRNGVRVCHRRCN,,,1,H6,3,dn,1.0
all_atom,dual,GFCWNVCVYRNGVRVCHRRCN,,,1,H6,3,up,1.0
all_atom,dual,GFCWNVCVYRNGVRVCHRRCN,,,1,H6,4,dn,1.0
all_atom,dual,GFCWNVCVYRNGVRVCHRRCN,,,1,H6,4,up,1.0
all_atom,dual,GFCWNVCVYRNGVRVCHRRCN,,,1,H6,5,dn,1.0
all_atom,dual,GFCWNVCVYRNGVRVCHRRCN,,,1,H6,5,up,1.0
all_atom,dual,GFCWNVCVYRNGVRVCHRRCN,,,1,H7,1,dn,1.0
all_atom,dual,GFCWNVCVYRNGVRVCHRRCN,,,1,H7,1,up,1.0
all_atom,dual,GFCWNVCVYRNGVRVCHRRCN,,,1,H7,2,dn,1.0
all_atom,dual,GFCWNVCVYRNGVRVCHRRCN,,,1,H7,2,up,1.0
all_atom,dual,GFCWNVCVYRNGVRVCHRRCN,,,1,H7,3,dn,1.0
all_atom,dual,GFCWNVCVYRNGVRVCHRRCN,,,1,H7,3,up,1.0
all_atom,dual,GFCWNVCVYRNGVRVCHRRCN,,,1,H7,4,dn,1.0
all_atom,dual,GFCWNVCVYRNGVRVCHRRCN,,,1,H7,4,up,1.0
all_atom,dual,GFCWNVCVYRNGVRVCHRRCN,,,1,H7,5,dn,1.0
all_atom,dual,GFCWNVCVYRNGVRVCHRRCN,,,1,H7,5,up,1.0
all_atom,dual,GFCWNVCVYRNGVRVCHRRCN,,,1,H8,1,dn,1.0
all_atom,dual,GFCWNVCVYRNGVRVCHRRCN,,,1,H8,1,up,0.99
all_atom,dual,GFCWNVCVYRNGVRVCHRRCN,,,1,H8,2,dn,1.0
all_atom,dual,GFCWNVCVYRNGVRVCHRRCN,,,1,H8,2,up,1.0
all_atom,dual,GFCWNVCVYRNGVRVCHRRCN,,,1,H8,3,dn,1.0
all_atom,dual,GFCWNVCVYRNGVRVCHRRCN,,,1,H8,3,up,0.99
all_atom,dual,GFCWNVCVYRNGVRVCHRRCN,,,1,H8,4,dn,1.0
all_atom,dual,GFCWNVCVYRNGVRVCHRRCN,,,1,H8,4,up,1.0
all_atom,dual,GFCWNVCVYRNGVRVCHRRCN,,,1,H8,5,dn,1.0
all_atom,dual,GFCWNVCVYRNGVRVCHRRCN,,,1,H8,5,up,1.0
all_atom,dual,GFCWNVCVYRNGVRVCHRRCN,,,1,H9,1,dn,0.782
all_atom,dual,GFCWNVCVYRNGVRVCHRRCN,,,1,H9,1,up,0.842
all_atom,dual,GFCWNVCVYRNGVRVCHRRCN,,,1,H9,2,dn,0.842
all_atom,dual,GFCWNVCVYRNGVRVCHRRCN,,,1,H9,2,up,0.792
all_atom,dual,GFCWNVCVYRNGVRVCHRRCN,,,1,H9,3,dn,0.891
all_atom,dual,GFCWNVCVYRNGVRVCHRRCN,,,1,H9,3,up,0.802
all_atom,dual,GFCWNVCVYRNGVRVCHRRCN,,,1,H9,4,dn,0.941
all_atom,dual,GFCWNVCVYRNGVRVCHRRCN,,,1,H9,4,up,0.861
all_atom,dual,GFCWNVCVYRNGVRVCHRRCN,,,1,H9,5,dn,0.871
all_atom,dual,GFCWNVCVYRNGVRVCHRRCN,,,1,H9,5,up,0.812
all_atom,dual,GFCWNVCVYRNGVRVCHRRCN,,,1,HM,1,dn,0.856
all_atom,dual,GFCWNVCVYRNGVRVCHRRCN,,,1,HM,1,up,0.869
all_atom,dual,GFCWNVCVYRNGVRVCHRRCN,,,1,HM,2,dn,0.875
all_atom,dual,GFCWNVCVYRNGVRVCHRRCN,,,1,HM,2,up,0.861
all_atom,dual,GFCWNVCVYRNGVRVCHRRCN,,,1,HM,3,dn,0.869
all_atom,dual,GFCWNVCVYRNGVRVCHRRCN,,,1,HM,3,up,0.849
all_atom,dual,GFCWNVCVYRNGVRVCHRRCN,,,1,HM,4,dn,0.888
all_atom,dual,GFCWNVCVYRNGVRVCHRRCN,,,1,HM,4,up,0.833
all_atom,dual,GFCWNVCVYRNGVRVCHRRCN,,,1,HM,5,dn,0.874
all_atom,dual,GFCWNVCVYRNGVRVCHRRCN,,,1,HM,5,up,0.819
all_atom,dual,GFCWNVCVYRNGVRVCHRRCN,,,1,PEPT_BUR_MAX,1,dn,8.93
all_atom,dual,GFCWNVCVYRNGVRVCHRRCN,,,1,PEPT_BUR_MAX,1,up,6.98
all_atom,dual,GFCWNVCVYRNGVRVCHRRCN,,,1,PEPT_BUR_MAX,2,dn,9.65
all_atom,dual,GFCWNVCVYRNGVRVCHRRCN,,,1,PEPT_BUR_MAX,2,up,5.68
all_atom,dual,GFCWNVCVYRNGVRVCHRRCN,,,1,PEPT_BUR_MAX,3,dn,6.67
all_atom,dual,GFCWNVCVYRNGVRVCHRRCN,,,1,PEPT_BUR_MAX,3,up,5.36
all_atom,dual,GFCWNVCVYRNGVRVCHRRCN,,,1,PEPT_BUR_MAX,4,dn,5.46
all_atom,dual,GFCWNVCVYRNGVRVCHRRCN,,,1,PEPT_BUR_MAX,4,up,6.41
all_atom,dual,GFCWNVCVYRNGVRVCHRRCN,,,1,PEPT_BUR_MAX,5,dn,5.87
all_atom,dual,GFCWNVCVYRNGVRVCHRRCN,,,1,PEPT_BUR_MAX,5,up,6.09
all_atom,dual,GFCWNVCVYRNGVRVCHRRCN,,,1,S,1,dn,0.648
all_atom,dual,GFCWNVCVYRNGVRVCHRRCN,,,1,S,1,up,0.735
all_atom,dual,GFCWNVCVYRNGVRVCHRRCN,,,1,S,2,dn,0.697
all_atom,dual,GFCWNVCVYRNGVRVCHRRCN,,,1,S,2,up,0.81
all_atom,dual,GFCWNVCVYRNGVRVCHRRCN,,,1,S,3,dn,0.728
all_atom,dual,GFCWNVCVYRNGVRVCHRRCN,,,1,S,3,up,0.775
all_atom,dual,GFCWNVCVYRNGVRVCHRRCN,,,1,S,4,dn,0.875
all_atom,dual,GFCWNVCVYRNGVRVCHRRCN,,,1,S,4,up,0.837
all_atom,dual,GFCWNVCVYRNGVRVCHRRCN,,,1,S,5,dn,0.841
all_atom,dual,GFCWNVCVYRNGVRVCHRRCN,,,1,S,5,up,0.846
all_atom,dual,GFCWNVCVYRNGVRVCHRRCN,,,1,WAT_BUR_MAX,1,dn,8.41
all_atom,dual,GFCWNVCVYRNGVRVCHRRCN,,,1,WAT_BUR_MAX,1,up,6.29
all_atom,dual,GFCWNVCVYRNGVRVCHRRCN,,,1,WAT_BUR_MAX,2,dn,10.76
all_atom,dual,GFCWNVCVYRNGVRVCHRRCN,,,1,WAT_BUR_MAX,2,up,4.17
all_atom,dual,GFCWNVCVYRNGVRVCHRRCN,,,1,WAT_BUR_MAX,3,dn,9.57
all_atom,dual,GFCWNVCVYRNGVRVCHRRCN,,,1,WAT_BUR_MAX,3,up,5.92
all_atom,dual,GFCWNVCVYRNGVRVCHRRCN,,,1,WAT_BUR_MAX,4,dn,10.38
all_atom,dual,GFCWNVCVYRNGVRVCHRRCN,,,1,WAT_BUR_MAX,4,up,7.54
all_atom,dual,GFCWNVCVYRNGVRVCHRRCN,,,1,WAT_BUR_MAX,5,dn,8.2
all_atom,dual,GFCWNVCVYRNGVRVCHRRCN,,,1,WAT_BUR_MAX,5,up,6.79
all_atom,dual,GFCWNVCVYRNGVRVCHRRCN,,,1,WAT_BUR_REL,1,dn,0.5
all_atom,dual,GFCWNVCVYRNGVRVCHRRCN,,,1,WAT_BUR_REL,1,up,-0.1
all_atom,dual,GFCWNVCVYRNGVRVCHRRCN,,,1,WAT_BUR_REL,2,dn,1.43
all_atom,dual,GFCWNVCVYRNGVRVCHRRCN,,,1,WAT_BUR_REL,2,up,-0.16
all_atom,dual,GFCWNVCVYRNGVRVCHRRCN,,,1,WAT_BUR_REL,3,dn,1.2
all_atom,dual,GFCWNVCVYRNGVRVCHRRCN,,,1,WAT_BUR_REL,3,up,0.42
all_atom,dual,GFCWNVCVYRNGVRVCHRRCN,,,1,WAT_BUR_REL,4,dn,2.6
all_atom,dual,GFCWNVCVYRNGVRVCHRRCN,,,1,WAT_BUR_REL,4,up,2.18
all_atom,dual,GFCWNVCVYRNGVRVCHRRCN,,,1,WAT_BUR_REL,5,dn,2.41
all_atom,dual,GFCWNVCVYRNGVRVCHRRCN,,,1,WAT_BUR_REL,5,up,2.41
all_atom,dual,GFCWNVCVYRNGVRVCHRRCN,,,1,ZP-0.5,1,dn,0.117
all_atom,dual,GFCWNVCVYRNGVRVCHRRCN,,,1,ZP-0.5,1,up,0.137
all_atom,dual,GFCWNVCVYRNGVRVCHRRCN,,,1,ZP-0.5,2,dn,0.131
all_atom,dual,GFCWNVCVYRNGVRVCHRRCN,,,1,ZP-0.5,2,up,0.118
all_atom,dual,GFCWNVCVYRNGVRVCHRRCN,,,1,ZP-0.5,3,dn,0.129
all_atom,dual,GFCWNVCVYRNGVRVCHRRCN,,,1,ZP-0.5,3,up,0.121
all_atom,dual,GFCWNVCVYRNGVRVCHRRCN,,,1,ZP-0.5,4,dn,0.132
all_atom,dual,GFCWNVCVYRNGVRVCHRRCN,,,1,ZP-0.5,4,up,0.144
all_atom,dual,GFCWNVCVYRNGVRVCHRRCN,,,1,ZP-0.5,5,dn,0.123
all_atom,dual,GFCWNVCVYRNGVRVCHRRCN,,,1,ZP-0.5,5,up,0.134
all_atom,dual,GFCWNVCVYRNGVRVCHRRCN,,,1,ZP-1.5,1,dn,0.103
all_atom,dual,GFCWNVCVYRNGVRVCHRRCN,,,1,ZP-1.5,1,up,0.133
all_atom,dual,GFCWNVCVYRNGVRVCHRRCN,,,1,ZP-1.5,2,dn,0.087
all_atom,dual,GFCWNVCVYRNGVRVCHRRCN,,,1,ZP-1.5,2,up,0.089
all_atom,dual,GFCWNVCVYRNGVRVCHRRCN,,,1,ZP-1.5,3,dn,0.122
all_atom,dual,GFCWNVCVYRNGVRVCHRRCN,,,1,ZP-1.5,3,up,0.115
all_atom,dual,GFCWNVCVYRNGVRVCHRRCN,,,1,ZP-1.5,4,dn,0.118
all_atom,dual,GFCWNVCVYRNGVRVCHRRCN,,,1,ZP-1.5,4,up,0.122
all_atom,dual,GFCWNVCVYRNGVRVCHRRCN,,,1,ZP-1.5,5,dn,0.113
all_atom,dual,GFCWNVCVYRNGVRVCHRRCN,,,1,ZP-1.5,5,up,0.115
all_atom,dual,GFCWNVCVYRNGVRVCHRRCN,,,1,ZP-2.5,1,dn,0.083
all_atom,dual,GFCWNVCVYRNGVRVCHRRCN,,,1,ZP-2.5,1,up,0.101
all_atom,dual,GFCWNVCVYRNGVRVCHRRCN,,,1,ZP-2.5,2,dn,0.083
all_atom,dual,GFCWNVCVYRNGVRVCHRRCN,,,1,ZP-2.5,2,up,0.08
all_atom,dual,GFCWNVCVYRNGVRVCHRRCN,,,1,ZP-2.5,3,dn,0.099
all_atom,dual,GFCWNVCVYRNGVRVCHRRCN,,,1,ZP-2.5,3,up,0.081
all_atom,dual,GFCWNVCVYRNGVRVCHRRCN,,,1,ZP-2.5,4,dn,0.092
all_atom,dual,GFCWNVCVYRNGVRVCHRRCN,,,1,ZP-2.5,4,up,0.118
all_atom,dual,GFCWNVCVYRNGVRVCHRRCN,,,1,ZP-2.5,5,dn,0.081
all_atom,dual,GFCWNVCVYRNGVRVCHRRCN,,,1,ZP-2.5,5,up,0.094
all_atom,dual,GFCWNVCVYRNGVRVCHRRCN,,,1,ZP-3.5,1,dn,0.053
all_atom,dual,GFCWNVCVYRNGVRVCHRRCN,,,1,ZP-3.5,1,up,0.08
all_atom,dual,GFCWNVCVYRNGVRVCHRRCN,,,1,ZP-3.5,2,dn,0.036
all_atom,dual,GFCWNVCVYRNGVRVCHRRCN,,,1,ZP-3.5,2,up,0.059
all_atom,dual,GFCWNVCVYRNGVRVCHRRCN,,,1,ZP-3.5,3,dn,0.066
all_atom,dual,GFCWNVCVYRNGVRVCHRRCN,,,1,ZP-3.5,3,up,0.06
all_atom,dual,GFCWNVCVYRNGVRVCHRRCN,,,1,ZP-3.5,4,dn,0.079
all_atom,dual,GFCWNVCVYRNGVRVCHRRCN,,,1,ZP-3.5,4,up,0.08
all_atom,dual,GFCWNVCVYRNGVRVCHRRCN,,,1,ZP-3.5,5,dn,0.068
all_atom,dual,GFCWNVCVYRNGVRVCHRRCN,,,1,ZP-3.5,5,up,0.056
all_atom,dual,GFCWNVCVYRNGVRVCHRRCN,,,1,ZP-4.5,1,dn,0.054
all_atom,dual,GFCWNVCVYRNGVRVCHRRCN,,,1,ZP-4.5,1,up,0.065
all_atom,dual,GFCWNVCVYRNGVRVCHRRCN,,,1,ZP-4.5,2,dn,0.015
all_atom,dual,GFCWNVCVYRNGVRVCHRRCN,,,1,ZP-4.5,2,up,0.045
all_atom,dual,GFCWNVCVYRNGVRVCHRRCN,,,1,ZP-4.5,3,dn,0.045
all_atom,dual,GFCWNVCVYRNGVRVCHRRCN,,,1,ZP-4.5,3,up,0.052
all_atom,dual,GFCWNVCVYRNGVRVCHRRCN,,,1,ZP-4.5,4,dn,0.055
all_atom,dual,GFCWNVCVYRNGVRVCHRRCN,,,1,ZP-4.5,4,up,0.065
all_atom,dual,GFCWNVCVYRNGVRVCHRRCN,,,1,ZP-4.5,5,dn,0.051
all_atom,dual,GFCWNVCVYRNGVRVCHRRCN,,,1,ZP-4.5,5,up,0.059
all_atom,dual,GFCWNVCVYRNGVRVCHRRCN,,,1,ZP-5.5,1,dn,0.027
all_atom,dual,GFCWNVCVYRNGVRVCHRRCN,,,1,ZP-5.5,1,up,0.045
all_atom,dual,GFCWNVCVYRNGVRVCHRRCN,,,1,ZP-5.5,2,dn,0.007
all_atom,dual,GFCWNVCVYRNGVRVCHRRCN,,,1,ZP-5.5,2,up,0.046
all_atom,dual,GFCWNVCVYRNGVRVCHRRCN,,,1,ZP-5.5,3,dn,0.006
all_atom,dual,GFCWNVCVYRNGVRVCHRRCN,,,1,ZP-5.5,3,up,0.045
all_atom,dual,GFCWNVCVYRNGVRVCHRRCN,,,1,ZP-5.5,4,dn,0.016
all_atom,dual,GFCWNVCVYRNGVRVCHRRCN,,,1,ZP-5.5,4,up,0.037
all_atom,dual,GFCWNVCVYRNGVRVCHRRCN,,,1,ZP-5.5,5,dn,0.041
all_atom,dual,GFCWNVCVYRNGVRVCHRRCN,,,1,ZP-5.5,5,up,0.054
all_atom,dual,GFCWNVCVYRNGVRVCHRRCN,,,1,ZP-6.5,1,dn,0.016
all_atom,dual,GFCWNVCVYRNGVRVCHRRCN,,,1,ZP-6.5,1,up,0.034
all_atom,dual,GFCWNVCVYRNGVRVCHRRCN,,,1,ZP-6.5,2,dn,0.007
all_atom,dual,GFCWNVCVYRNGVRVCHRRCN,,,1,ZP-6.5,2,up,0.039
all_atom,dual,GFCWNVCVYRNGVRVCHRRCN,,,1,ZP-6.5,3,dn,0.003
all_atom,dual,GFCWNVCVYRNGVRVCHRRCN,,,1,ZP-6.5,3,up,0.032
all_atom,dual,GFCWNVCVYRNGVRVCHRRCN,,,1,ZP-6.5,4,dn,0.014
all_atom,dual,GFCWNVCVYRNGVRVCHRRCN,,,1,ZP-6.5,4,up,0.012
all_atom,dual,GFCWNVCVYRNGVRVCHRRCN,,,1,ZP-6.5,5,dn,0.015
all_atom,dual,GFCWNVCVYRNGVRVCHRRCN,,,1,ZP-6.5,5,up,0.017
all_atom,dual,GFCWNVCVYRNGVRVCHRRCN,,,1,ZP-7.5,1,dn,0.008
all_atom,dual,GFCWNVCVYRNGVRVCHRRCN,,,1,ZP-7.5,1,up,0.021
all_atom,dual,GFCWNVCVYRNGVRVCHRRCN,,,1,ZP-7.5,2,dn,0.003
all_atom,dual,GFCWNVCVYRNGVRVCHRRCN,,,1,ZP-7.5,2,up,0.04
all_atom,dual,GFCWNVCVYRNGVRVCHRRCN,,,1,ZP-7.5,3,dn,0.002
all_atom,dual,GFCWNVCVYRNGVRVCHRRCN,,,1,ZP-7.5,3,up,0.023
all_atom,dual,GFCWNVCVYRNGVRVCHRRCN,,,1,ZP-7.5,4,dn,0.007
all_atom,dual,GFCWNVCVYRNGVRVCHRRCN,,,1,ZP-7.5,4,up,0.003
all_atom,dual,GFCWNVCVYRNGVRVCHRRCN,,,1,ZP-7.5,5,dn,0.024
all_atom,dual,GFCWNVCVYRNGVRVCHRRCN,,,1,ZP-7.5,5,up,0.017
all_atom,dual,GFCWNVCVYRNGVRVCHRRCN,,,1,ZP-8.5,1,dn,0.007
all_atom,dual,GFCWNVCVYRNGVRVCHRRCN,,,1,ZP-8.5,1,up,0.009
all_atom,dual,GFCWNVCVYRNGVRVCHRRCN,,,1,ZP-8.5,2,dn,0.0
all_atom,dual,GFCWNVCVYRNGVRVCHRRCN,,,1,ZP-8.5,2,up,0.029
all_atom,dual,GFCWNVCVYRNGVRVCHRRCN,,,1,ZP-8.5,3,dn,0.0
all_atom,dual,GFCWNVCVYRNGVRVCHRRCN,,,1,ZP-8.5,3,up,0.013
all_atom,dual,GFCWNVCVYRNGVRVCHRRCN,,,1,ZP-8.5,4,dn,0.003
all_atom,dual,GFCWNVCVYRNGVRVCHRRCN,,,1,ZP-8.5,4,up,0.001
all_atom,dual,GFCWNVCVYRNGVRVCHRRCN,,,1,ZP-8.5,5,dn,0.009
all_atom,dual,GFCWNVCVYRNGVRVCHRRCN,,,1,ZP-8.5,5,up,0.009
all_atom,dual,GFCWNVCVYRNGVRVCHRRCN,,,1,ZP-9.5,1,dn,0.001
all_atom,dual,GFCWNVCVYRNGVRVCHRRCN,,,1,ZP-9.5,1,up,0.003
all_atom,dual,GFCWNVCVYRNGVRVCHRRCN,,,1,ZP-9.5,2,dn,0.0
all_atom,dual,GFCWNVCVYRNGVRVCHRRCN,,,1,ZP-9.5,2,up,0.016
all_atom,dual,GFCWNVCVYRNGVRVCHRRCN,,,1,ZP-9.5,3,dn,0.0
all_atom,dual,GFCWNVCVYRNGVRVCHRRCN,,,1,ZP-9.5,3,up,0.004
all_atom,dual,GFCWNVCVYRNGVRVCHRRCN,,,1,ZP-9.5,4,dn,0.0
all_atom,dual,GFCWNVCVYRNGVRVCHRRCN,,,1,ZP-9.5,4,up,0.0
all_atom,dual,GFCWNVCVYRNGVRVCHRRCN,,,1,ZP-9.5,5,dn,0.011
all_atom,dual,GFCWNVCVYRNGVRVCHRRCN,,,1,ZP-9.5,5,up,0.0
all_atom,dual,GFCWNVCVYRNGVRVCHRRCN,,,1,ZP0.5,1,dn,0.133
all_atom,dual,GFCWNVCVYRNGVRVCHRRCN,,,1,ZP0.5,1,up,0.108
all_atom,dual,GFCWNVCVYRNGVRVCHRRCN,,,1,ZP0.5,2,dn,0.11
all_atom,dual,GFCWNVCVYRNGVRVCHRRCN,,,1,ZP0.5,2,up,0.128
all_atom,dual,GFCWNVCVYRNGVRVCHRRCN,,,1,ZP0.5,3,dn,0.156
all_atom,dual,GFCWNVCVYRNGVRVCHRRCN,,,1,ZP0.5,3,up,0.129
all_atom,dual,GFCWNVCVYRNGVRVCHRRCN,,,1,ZP0.5,4,dn,0.163
all_atom,dual,GFCWNVCVYRNGVRVCHRRCN,,,1,ZP0.5,4,up,0.094
all_atom,dual,GFCWNVCVYRNGVRVCHRRCN,,,1,ZP0.5,5,dn,0.1
all_atom,dual,GFCWNVCVYRNGVRVCHRRCN,,,1,ZP0.5,5,up,0.128
all_atom,dual,GFCWNVCVYRNGVRVCHRRCN,,,1,ZP1.5,1,dn,0.118
all_atom,dual,GFCWNVCVYRNGVRVCHRRCN,,,1,ZP1.5,1,up,0.109
all_atom,dual,GFCWNVCVYRNGVRVCHRRCN,,,1,ZP1.5,2,dn,0.141
all_atom,dual,GFCWNVCVYRNGVRVCHRRCN,,,1,ZP1.5,2,up,0.11
all_atom,dual,GFCWNVCVYRNGVRVCHRRCN,,,1,ZP1.5,3,dn,0.121
all_atom,dual,GFCWNVCVYRNGVRVCHRRCN,,,1,ZP1.5,3,up,0.095
all_atom,dual,GFCWNVCVYRNGVRVCHRRCN,,,1,ZP1.5,4,dn,0.115
all_atom,dual,GFCWNVCVYRNGVRVCHRRCN,,,1,ZP1.5,4,up,0.104
all_atom,dual,GFCWNVCVYRNGVRVCHRRCN,,,1,ZP1.5,5,dn,0.109
all_atom,dual,GFCWNVCVYRNGVRVCHRRCN,,,1,ZP1.5,5,up,0.117
all_atom,dual,GFCWNVCVYRNGVRVCHRRCN,,,1,ZP2.5,1,dn,0.099
all_atom,dual,GFCWNVCVYRNGVRVCHRRCN,,,1,ZP2.5,1,up,0.067
all_atom,dual,GFCWNVCVYRNGVRVCHRRCN,,,1,ZP2.5,2,dn,0.131
all_atom,dual,GFCWNVCVYRNGVRVCHRRCN,,,1,ZP2.5,2,up,0.078
all_atom,dual,GFCWNVCVYRNGVRVCHRRCN,,,1,ZP2.5,3,dn,0.107
all_atom,dual,GFCWNVCVYRNGVRVCHRRCN,,,1,ZP2.5,3,up,0.08
all_atom,dual,GFCWNVCVYRNGVRVCHRRCN,,,1,ZP2.5,4,dn,0.07
all_atom,dual,GFCWNVCVYRNGVRVCHRRCN,,,1,ZP2.5,4,up,0.08
all_atom,dual,GFCWNVCVYRNGVRVCHRRCN,,,1,ZP2.5,5,dn,0.09
all_atom,dual,GFCWNVCVYRNGVRVCHRRCN,,,1,ZP2.5,5,up,0.096
all_atom,dual,GFCWNVCVYRNGVRVCHRRCN,,,1,ZP3.5,1,dn,0.071
all_atom,dual,GFCWNVCVYRNGVRVCHRRCN,,,1,ZP3.5,1,up,0.045
all_atom,dual,GFCWNVCVYRNGVRVCHRRCN,,,1,ZP3.5,2,dn,0.107
all_atom,dual,GFCWNVCVYRNGVRVCHRRCN,,,1,ZP3.5,2,up,0.057
all_atom,dual,GFCWNVCVYRNGVRVCHRRCN,,,1,ZP3.5,3,dn,0.068
all_atom,dual,GFCWNVCVYRNGVRVCHRRCN,,,1,ZP3.5,3,up,0.06
all_atom,dual,GFCWNVCVYRNGVRVCHRRCN,,,1,ZP3.5,4,dn,0.075
all_atom,dual,GFCWNVCVYRNGVRVCHRRCN,,,1,ZP3.5,4,up,0.069
all_atom,dual,GFCWNVCVYRNGVRVCHRRCN,,,1,ZP3.5,5,dn,0.062
all_atom,dual,GFCWNVCVYRNGVRVCHRRCN,,,1,ZP3.5,5,up,0.052
all_atom,dual,GFCWNVCVYRNGVRVCHRRCN,,,1,ZP4.5,1,dn,0.047
all_atom,dual,GFCWNVCVYRNGVRVCHRRCN,,,1,ZP4.5,1,up,0.027
all_atom,dual,GFCWNVCVYRNGVRVCHRRCN,,,1,ZP4.5,2,dn,0.071
all_atom,dual,GFCWNVCVYRNGVRVCHRRCN,,,1,ZP4.5,2,up,0.041
all_atom,dual,GFCWNVCVYRNGVRVCHRRCN,,,1,ZP4.5,3,dn,0.036
all_atom,dual,GFCWNVCVYRNGVRVCHRRCN,,,1,ZP4.5,3,up,0.055
all_atom,dual,GFCWNVCVYRNGVRVCHRRCN,,,1,ZP4.5,4,dn,0.027
all_atom,dual,GFCWNVCVYRNGVRVCHRRCN,,,1,ZP4.5,4,up,0.042
all_atom,dual,GFCWNVCVYRNGVRVCHRRCN,,,1,ZP4.5,5,dn,0.052
all_atom,dual,GFCWNVCVYRNGVRVCHRRCN,,,1,ZP4.5,5,up,0.033
all_atom,dual,GFCWNVCVYRNGVRVCHRRCN,,,1,ZP5.5,1,dn,0.024
all_atom,dual,GFCWNVCVYRNGVRVCHRRCN,,,1,ZP5.5,1,up,0.008
all_atom,dual,GFCWNVCVYRNGVRVCHRRCN,,,1,ZP5.5,2,dn,0.03
all_atom,dual,GFCWNVCVYRNGVRVCHRRCN,,,1,ZP5.5,2,up,0.016
all_atom,dual,GFCWNVCVYRNGVRVCHRRCN,,,1,ZP5.5,3,dn,0.028
all_atom,dual,GFCWNVCVYRNGVRVCHRRCN,,,1,ZP5.5,3,up,0.02
all_atom,dual,GFCWNVCVYRNGVRVCHRRCN,,,1,ZP5.5,4,dn,0.023
all_atom,dual,GFCWNVCVYRNGVRVCHRRCN,,,1,ZP5.5,4,up,0.016
all_atom,dual,GFCWNVCVYRNGVRVCHRRCN,,,1,ZP5.5,5,dn,0.027
all_atom,dual,GFCWNVCVYRNGVRVCHRRCN,,,1,ZP5.5,5,up,0.012
all_atom,dual,GFCWNVCVYRNGVRVCHRRCN,,,1,ZP6.5,1,dn,0.016
all_atom,dual,GFCWNVCVYRNGVRVCHRRCN,,,1,ZP6.5,1,up,0.005
all_atom,dual,GFCWNVCVYRNGVRVCHRRCN,,,1,ZP6.5,2,dn,0.027
all_atom,dual,GFCWNVCVYRNGVRVCHRRCN,,,1,ZP6.5,2,up,0.006
all_atom,dual,GFCWNVCVYRNGVRVCHRRCN,,,1,ZP6.5,3,dn,0.008
all_atom,dual,GFCWNVCVYRNGVRVCHRRCN,,,1,ZP6.5,3,up,0.01
all_atom,dual,GFCWNVCVYRNGVRVCHRRCN,,,1,ZP6.5,4,dn,0.009
all_atom,dual,GFCWNVCVYRNGVRVCHRRCN,,,1,ZP6.5,4,up,0.007
all_atom,dual,GFCWNVCVYRNGVRVCHRRCN,,,1,ZP6.5,5,dn,0.015
all_atom,dual,GFCWNVCVYRNGVRVCHRRCN,,,1,ZP6.5,5,up,0.003
all_atom,dual,GFCWNVCVYRNGVRVCHRRCN,,,1,ZP7.5,1,dn,0.018
all_atom,dual,GFCWNVCVYRNGVRVCHRRCN,,,1,ZP7.5,1,up,0.002
all_atom,dual,GFCWNVCVYRNGVRVCHRRCN,,,1,ZP7.5,2,dn,0.005
all_atom,dual,GFCWNVCVYRNGVRVCHRRCN,,,1,ZP7.5,2,up,0.001
all_atom,dual,GFCWNVCVYRNGVRVCHRRCN,,,1,ZP7.5,3,dn,0.003
all_atom,dual,GFCWNVCVYRNGVRVCHRRCN,,,1,ZP7.5,3,up,0.003
all_atom,dual,GFCWNVCVYRNGVRVCHRRCN,,,1,ZP7.5,4,dn,0.002
all_atom,dual,GFCWNVCVYRNGVRVCHRRCN,,,1,ZP7.5,4,up,0.004
all_atom,dual,GFCWNVCVYRNGVRVCHRRCN,,,1,ZP7.5,5,dn,0.005
all_atom,dual,GFCWNVCVYRNGVRVCHRRCN,,,1,ZP7.5,5,up,0.001
all_atom,dual,GFCWNVCVYRNGVRVCHRRCN,,,1,ZP8.5,1,dn,0.004
all_atom,dual,GFCWNVCVYRNGVRVCHRRCN,,,1,ZP8.5,1,up,0.0
all_atom,dual,GFCWNVCVYRNGVRVCHRRCN,,,1,ZP8.5,2,dn,0.007
all_atom,dual,GFCWNVCVYRNGVRVCHRRCN,,,1,ZP8.5,2,up,0.003
all_atom,dual,GFCWNVCVYRNGVRVCHRRCN,,,1,ZP8.5,3,dn,0.001
all_atom,dual,GFCWNVCVYRNGVRVCHRRCN,,,1,ZP8.5,3,up,0.001
all_atom,dual,GFCWNVCVYRNGVRVCHRRCN,,,1,ZP8.5,4,dn,0.001
all_atom,dual,GFCWNVCVYRNGVRVCHRRCN,,,1,ZP8.5,4,up,0.001
all_atom,dual,GFCWNVCVYRNGVRVCHRRCN,,,1,ZP8.5,5,dn,0.002
all_atom,dual,GFCWNVCVYRNGVRVCHRRCN,,,1,ZP8.5,5,up,0.0
all_atom,dual,GFCWNVCVYRNGVRVCHRRCN,,,1,ZP9.5,1,dn,0.001
all_atom,dual,GFCWNVCVYRNGVRVCHRRCN,,,1,ZP9.5,1,up,0.0
all_atom,dual,GFCWNVCVYRNGVRVCHRRCN,,,1,ZP9.5,2,dn,0.002
all_atom,dual,GFCWNVCVYRNGVRVCHRRCN,,,1,ZP9.5,2,up,0.0
all_atom,dual,GFCWNVCVYRNGVRVCHRRCN,,,1,ZP9.5,3,dn,0.0
all_atom,dual,GFCWNVCVYRNGVRVCHRRCN,,,1,ZP9.5,3,up,0.001
all_atom,dual,GFCWNVCVYRNGVRVCHRRCN,,,1,ZP9.5,4,dn,0.0
all_atom,dual,GFCWNVCVYRNGVRVCHRRCN,,,1,ZP9.5,4,up,0.0
all_atom,dual,GFCWNVCVYRNGVRVCHRRCN,,,1,ZP9.5,5,dn,0.0
all_atom,dual,GFCWNVCVYRNGVRVCHRRCN,,,1,ZP9.5,5,up,0.0
all_atom,dual,GIWKTIKSMGKVFAGKILQNL,,,1,APLA12.5,1,dn,60.11
all_atom,dual,GIWKTIKSMGKVFAGKILQNL,,,1,APLA12.5,1,up,59.586
all_atom,dual,GIWKTIKSMGKVFAGKILQNL,,,1,APLA12.5,2,dn,59.903
all_atom,dual,GIWKTIKSMGKVFAGKILQNL,,,1,APLA12.5,2,up,61.762
all_atom,dual,GIWKTIKSMGKVFAGKILQNL,,,1,APLA12.5,3,dn,59.346
all_atom,dual,GIWKTIKSMGKVFAGKILQNL,,,1,APLA12.5,3,up,60.791
all_atom,dual,GIWKTIKSMGKVFAGKILQNL,,,1,APLA12.5,4,dn,61.091
all_atom,dual,GIWKTIKSMGKVFAGKILQNL,,,1,APLA12.5,4,up,60.406
all_atom,dual,GIWKTIKSMGKVFAGKILQNL,,,1,APLA12.5,5,dn,60.468
all_atom,dual,GIWKTIKSMGKVFAGKILQNL,,,1,APLA12.5,5,up,60.697
all_atom,dual,GIWKTIKSMGKVFAGKILQNL,,,1,APLA17.5,1,dn,58.561
all_atom,dual,GIWKTIKSMGKVFAGKILQNL,,,1,APLA17.5,1,up,61.269
all_atom,dual,GIWKTIKSMGKVFAGKILQNL,,,1,APLA17.5,2,dn,58.886
all_atom,dual,GIWKTIKSMGKVFAGKILQNL,,,1,APLA17.5,2,up,59.61
all_atom,dual,GIWKTIKSMGKVFAGKILQNL,,,1,APLA17.5,3,dn,58.298
all_atom,dual,GIWKTIKSMGKVFAGKILQNL,,,1,APLA17.5,3,up,58.855
all_atom,dual,GIWKTIKSMGKVFAGKILQNL,,,1,APLA17.5,4,dn,60.008
all_atom,dual,GIWKTIKSMGKVFAGKILQNL,,,1,APLA17.5,4,up,58.121
all_atom,dual,GIWKTIKSMGKVFAGKILQNL,,,1,APLA17.5,5,dn,60.44
all_atom,dual,GIWKTIKSMGKVFAGKILQNL,,,1,APLA17.5,5,up,58.237
all_atom,dual,GIWKTIKSMGKVFAGKILQNL,,,1,APLA2.5,1,dn,90.014
all_atom,dual,GIWKTIKSMGKVFAGKILQNL,,,1,APLA2.5,1,up,84.719
all_atom,dual,GIWKTIKSMGKVFAGKILQNL,,,1,APLA2.5,2,dn,87.549
all_atom,dual,GIWKTIKSMGKVFAGKILQNL,,,1,APLA2.5,2,up,85.655
all_atom,dual,GIWKTIKSMGKVFAGKILQNL,,,1,APLA2.5,3,dn,90.062
all_atom,dual,GIWKTIKSMGKVFAGKILQNL,,,1,APLA2.5,3,up,87.111
all_atom,dual,GIWKTIKSMGKVFAGKILQNL,,,1,APLA2.5,4,dn,86.131
all_atom,dual,GIWKTIKSMGKVFAGKILQNL,,,1,APLA2.5,4,up,90.059
all_atom,dual,GIWKTIKSMGKVFAGKILQNL,,,1,APLA2.5,5,dn,87.473
all_atom,dual,GIWKTIKSMGKVFAGKILQNL,,,1,APLA2.5,5,up,93.51
all_atom,dual,GIWKTIKSMGKVFAGKILQNL,,,1,APLA7.5,1,dn,66.406
all_atom,dual,GIWKTIKSMGKVFAGKILQNL,,,1,APLA7.5,1,up,62.705
all_atom,dual,GIWKTIKSMGKVFAGKILQNL,,,1,APLA7.5,2,dn,66.984
all_atom,dual,GIWKTIKSMGKVFAGKILQNL,,,1,APLA7.5,2,up,65.736
all_atom,dual,GIWKTIKSMGKVFAGKILQNL,,,1,APLA7.5,3,dn,66.22
all_atom,dual,GIWKTIKSMGKVFAGKILQNL,,,1,APLA7.5,3,up,66.629
all_atom,dual,GIWKTIKSMGKVFAGKILQNL,,,1,APLA7.5,4,dn,65.224
all_atom,dual,GIWKTIKSMGKVFAGKILQNL,,,1,APLA7.5,4,up,68.325
all_atom,dual,GIWKTIKSMGKVFAGKILQNL,,,1,APLA7.5,5,dn,65.144
all_atom,dual,GIWKTIKSMGKVFAGKILQNL,,,1,APLA7.5,5,up,68.447
all_atom,dual,GIWKTIKSMGKVFAGKILQNL,,,1,APLS12.5,1,dn,4.915
all_atom,dual,GIWKTIKSMGKVFAGKILQNL,,,1,APLS12.5,1,up,3.542
all_atom,dual,GIWKTIKSMGKVFAGKILQNL,,,1,APLS12.5,2,dn,3.987
all_atom,dual,GIWKTIKSMGKVFAGKILQNL,,,1,APLS12.5,2,up,4.519
all_atom,dual,GIWKTIKSMGKVFAGKILQNL,,,1,APLS12.5,3,dn,4.204
all_atom,dual,GIWKTIKSMGKVFAGKILQNL,,,1,APLS12.5,3,up,3.869
all_atom,dual,GIWKTIKSMGKVFAGKILQNL,,,1,APLS12.5,4,dn,4.026
all_atom,dual,GIWKTIKSMGKVFAGKILQNL,,,1,APLS12.5,4,up,3.744
all_atom,dual,GIWKTIKSMGKVFAGKILQNL,,,1,APLS12.5,5,dn,3.648
all_atom,dual,GIWKTIKSMGKVFAGKILQNL,,,1,APLS12.5,5,up,4.158
all_atom,dual,GIWKTIKSMGKVFAGKILQNL,,,1,APLS17.5,1,dn,4.42
all_atom,dual,GIWKTIKSMGKVFAGKILQNL,,,1,APLS17.5,1,up,4.353
all_atom,dual,GIWKTIKSMGKVFAGKILQNL,,,1,APLS17.5,2,dn,3.444
all_atom,dual,GIWKTIKSMGKVFAGKILQNL,,,1,APLS17.5,2,up,3.34
all_atom,dual,GIWKTIKSMGKVFAGKILQNL,,,1,APLS17.5,3,dn,3.472
all_atom,dual,GIWKTIKSMGKVFAGKILQNL,,,1,APLS17.5,3,up,3.638
all_atom,dual,GIWKTIKSMGKVFAGKILQNL,,,1,APLS17.5,4,dn,3.473
all_atom,dual,GIWKTIKSMGKVFAGKILQNL,,,1,APLS17.5,4,up,3.743
all_atom,dual,GIWKTIKSMGKVFAGKILQNL,,,1,APLS17.5,5,dn,3.97
all_atom,dual,GIWKTIKSMGKVFAGKILQNL,,,1,APLS17.5,5,up,3.768
all_atom,dual,GIWKTIKSMGKVFAGKILQNL,,,1,APLS2.5,1,dn,8.711
all_atom,dual,GIWKTIKSMGKVFAGKILQNL,,,1,APLS2.5,1,up,6.37
all_atom,dual,GIWKTIKSMGKVFAGKILQNL,,,1,APLS2.5,2,dn,9.307
all_atom,dual,GIWKTIKSMGKVFAGKILQNL,,,1,APLS2.5,2,up,8.294
all_atom,dual,GIWKTIKSMGKVFAGKILQNL,,,1,APLS2.5,3,dn,8.361
all_atom,dual,GIWKTIKSMGKVFAGKILQNL,,,1,APLS2.5,3,up,9.386
all_atom,dual,GIWKTIKSMGKVFAGKILQNL,,,1,APLS2.5,4,dn,9.72
all_atom,dual,GIWKTIKSMGKVFAGKILQNL,,,1,APLS2.5,4,up,9.198
all_atom,dual,GIWKTIKSMGKVFAGKILQNL,,,1,APLS2.5,5,dn,9.999
all_atom,dual,GIWKTIKSMGKVFAGKILQNL,,,1,APLS2.5,5,up,10.415
all_atom,dual,GIWKTIKSMGKVFAGKILQNL,,,1,APLS7.5,1,dn,6.9
all_atom,dual,GIWKTIKSMGKVFAGKILQNL,,,1,APLS7.5,1,up,5.517
all_atom,dual,GIWKTIKSMGKVFAGKILQNL,,,1,APLS7.5,2,dn,6.535
all_atom,dual,GIWKTIKSMGKVFAGKILQNL,,,1,APLS7.5,2,up,6.821
all_atom,dual,GIWKTIKSMGKVFAGKILQNL,,,1,APLS7.5,3,dn,6.363
all_atom,dual,GIWKTIKSMGKVFAGKILQNL,,,1,APLS7.5,3,up,7.233
all_atom,dual,GIWKTIKSMGKVFAGKILQNL,,,1,APLS7.5,4,dn,6.546
all_atom,dual,GIWKTIKSMGKVFAGKILQNL,,,1,APLS7.5,4,up,6.879
all_atom,dual,GIWKTIKSMGKVFAGKILQNL,,,1,APLS7.5,5,dn,6.469
all_atom,dual,GIWKTIKSMGKVFAGKILQNL,,,1,APLS7.5,5,up,7.913
all_atom,dual,GIWKTIKSMGKVFAGKILQNL,,,1,H0,1,dn,0.0
all_atom,dual,GIWKTIKSMGKVFAGKILQNL,,,1,H0,1,up,0.0
all_atom,dual,GIWKTIKSMGKVFAGKILQNL,,,1,H0,2,dn,0.0
all_atom,dual,GIWKTIKSMGKVFAGKILQNL,,,1,H0,2,up,0.0
all_atom,dual,GIWKTIKSMGKVFAGKILQNL,,,1,H0,3,dn,0.0
all_atom,dual,GIWKTIKSMGKVFAGKILQNL,,,1,H0,3,up,0.0
all_atom,dual,GIWKTIKSMGKVFAGKILQNL,,,1,H0,4,dn,0.0
all_atom,dual,GIWKTIKSMGKVFAGKILQNL,,,1,H0,4,up,0.0
all_atom,dual,GIWKTIKSMGKVFAGKILQNL,,,1,H0,5,dn,0.0
all_atom,dual,GIWKTIKSMGKVFAGKILQNL,,,1,H0,5,up,0.0
all_atom,dual,GIWKTIKSMGKVFAGKILQNL,,,1,H1,1,dn,1.0
all_atom,dual,GIWKTIKSMGKVFAGKILQNL,,,1,H1,1,up,1.0
all_atom,dual,GIWKTIKSMGKVFAGKILQNL,,,1,H1,2,dn,0.842
all_atom,dual,GIWKTIKSMGKVFAGKILQNL,,,1,H1,2,up,1.0
all_atom,dual,GIWKTIKSMGKVFAGKILQNL,,,1,H1,3,dn,1.0
all_atom,dual,GIWKTIKSMGKVFAGKILQNL,,,1,H1,3,up,1.0
all_atom,dual,GIWKTIKSMGKVFAGKILQNL,,,1,H1,4,dn,1.0
all_atom,dual,GIWKTIKSMGKVFAGKILQNL,,,1,H1,4,up,1.0
all_atom,dual,GIWKTIKSMGKVFAGKILQNL,,,1,H1,5,dn,1.0
all_atom,dual,GIWKTIKSMGKVFAGKILQNL,,,1,H1,5,up,1.0
all_atom,dual,GIWKTIKSMGKVFAGKILQNL,,,1,H10,1,dn,0.0
all_atom,dual,GIWKTIKSMGKVFAGKILQNL,,,1,H10,1,up,0.0
all_atom,dual,GIWKTIKSMGKVFAGKILQNL,,,1,H10,2,dn,0.0
all_atom,dual,GIWKTIKSMGKVFAGKILQNL,,,1,H10,2,up,0.0
all_atom,dual,GIWKTIKSMGKVFAGKILQNL,,,1,H10,3,dn,0.0
all_atom,dual,GIWKTIKSMGKVFAGKILQNL,,,1,H10,3,up,0.0
all_atom,dual,GIWKTIKSMGKVFAGKILQNL,,,1,H10,4,dn,0.0
all_atom,dual,GIWKTIKSMGKVFAGKILQNL,,,1,H10,4,up,0.0
all_atom,dual,GIWKTIKSMGKVFAGKILQNL,,,1,H10,5,dn,0.0
all_atom,dual,GIWKTIKSMGKVFAGKILQNL,,,1,H10,5,up,0.0
all_atom,dual,GIWKTIKSMGKVFAGKILQNL,,,1,H2,1,dn,1.0
all_atom,dual,GIWKTIKSMGKVFAGKILQNL,,,1,H2,1,up,1.0
all_atom,dual,GIWKTIKSMGKVFAGKILQNL,,,1,H2,2,dn,1.0
all_atom,dual,GIWKTIKSMGKVFAGKILQNL,,,1,H2,2,up,1.0
all_atom,dual,GIWKTIKSMGKVFAGKILQNL,,,1,H2,3,dn,1.0
all_atom,dual,GIWKTIKSMGKVFAGKILQNL,,,1,H2,3,up,1.0
all_atom,dual,GIWKTIKSMGKVFAGKILQNL,,,1,H2,4,dn,1.0
all_atom,dual,GIWKTIKSMGKVFAGKILQNL,,,1,H2,4,up,1.0
all_atom,dual,GIWKTIKSMGKVFAGKILQNL,,,1,H2,5,dn,1.0
all_atom,dual,GIWKTIKSMGKVFAGKILQNL,,,1,H2,5,up,1.0
all_atom,dual,GIWKTIKSMGKVFAGKILQNL,,,1,H3,1,dn,1.0
all_atom,dual,GIWKTIKSMGKVFAGKILQNL,,,1,H3,1,up,1.0
all_atom,dual,GIWKTIKSMGKVFAGKILQNL,,,1,H3,2,dn,1.0
all_atom,dual,GIWKTIKSMGKVFAGKILQNL,,,1,H3,2,up,1.0
all_atom,dual,GIWKTIKSMGKVFAGKILQNL,,,1,H3,3,dn,1.0
all_atom,dual,GIWKTIKSMGKVFAGKILQNL,,,1,H3,3,up,1.0
all_atom,dual,GIWKTIKSMGKVFAGKILQNL,,,1,H3,4,dn,1.0
all_atom,dual,GIWKTIKSMGKVFAGKILQNL,,,1,H3,4,up,1.0
all_atom,dual,GIWKTIKSMGKVFAGKILQNL,,,1,H3,5,dn,1.0
all_atom,dual,GIWKTIKSMGKVFAGKILQNL,,,1,H3,5,up,1.0
all_atom,dual,GIWKTIKSMGKVFAGKILQNL,,,1,H4,1,dn,1.0
all_atom,dual,GIWKTIKSMGKVFAGKILQNL,,,1,H4,1,up,1.0
all_atom,dual,GIWKTIKSMGKVFAGKILQNL,,,1,H4,2,dn,1.0
all_atom,dual,GIWKTIKSMGKVFAGKILQNL,,,1,H4,2,up,1.0
all_atom,dual,GIWKTIKSMGKVFAGKILQNL,,,1,H4,3,dn,1.0
all_atom,dual,GIWKTIKSMGKVFAGKILQNL,,,1,H4,3,up,1.0
all_atom,dual,GIWKTIKSMGKVFAGKILQNL,,,1,H4,4,dn,1.0
all_atom,dual,GIWKTIKSMGKVFAGKILQNL,,,1,H4,4,up,1.0
all_atom,dual,GIWKTIKSMGKVFAGKILQNL,,,1,H4,5,dn,0.99
all_atom,dual,GIWKTIKSMGKVFAGKILQNL,,,1,H4,5,up,1.0
all_atom,dual,GIWKTIKSMGKVFAGKILQNL,,,1,H5,1,dn,1.0
all_atom,dual,GIWKTIKSMGKVFAGKILQNL,,,1,H5,1,up,1.0
all_atom,dual,GIWKTIKSMGKVFAGKILQNL,,,1,H5,2,dn,1.0
all_atom,dual,GIWKTIKSMGKVFAGKILQNL,,,1,H5,2,up,1.0
all_atom,dual,GIWKTIKSMGKVFAGKILQNL,,,1,H5,3,dn,1.0
all_atom,dual,GIWKTIKSMGKVFAGKILQNL,,,1,H5,3,up,1.0
all_atom,dual,GIWKTIKSMGKVFAGKILQNL,,,1,H5,4,dn,1.0
all_atom,dual,GIWKTIKSMGKVFAGKILQNL,,,1,H5,4,up,1.0
all_atom,dual,GIWKTIKSMGKVFAGKILQNL,,,1,H5,5,dn,1.0
all_atom,dual,GIWKTIKSMGKVFAGKILQNL,,,1,H5,5,up,1.0
all_atom,dual,GIWKTIKSMGKVFAGKILQNL,,,1,H6,1,dn,1.0
all_atom,dual,GIWKTIKSMGKVFAGKILQNL,,,1,H6,1,up,1.0
all_atom,dual,GIWKTIKSMGKVFAGKILQNL,,,1,H6,2,dn,1.0
all_atom,dual,GIWKTIKSMGKVFAGKILQNL,,,1,H6,2,up,1.0
all_atom,dual,GIWKTIKSMGKVFAGKILQNL,,,1,H6,3,dn,1.0
all_atom,dual,GIWKTIKSMGKVFAGKILQNL,,,1,H6,3,up,1.0
all_atom,dual,GIWKTIKSMGKVFAGKILQNL,,,1,H6,4,dn,1.0
all_atom,dual,GIWKTIKSMGKVFAGKILQNL,,,1,H6,4,up,1.0
all_atom,dual,GIWKTIKSMGKVFAGKILQNL,,,1,H6,5,dn,1.0
all_atom,dual,GIWKTIKSMGKVFAGKILQNL,,,1,H6,5,up,1.0
all_atom,dual,GIWKTIKSMGKVFAGKILQNL,,,1,H7,1,dn,0.99
all_atom,dual,GIWKTIKSMGKVFAGKILQNL,,,1,H7,1,up,1.0
all_atom,dual,GIWKTIKSMGKVFAGKILQNL,,,1,H7,2,dn,1.0
all_atom,dual,GIWKTIKSMGKVFAGKILQNL,,,1,H7,2,up,1.0
all_atom,dual,GIWKTIKSMGKVFAGKILQNL,,,1,H7,3,dn,1.0
all_atom,dual,GIWKTIKSMGKVFAGKILQNL,,,1,H7,3,up,1.0
all_atom,dual,GIWKTIKSMGKVFAGKILQNL,,,1,H7,4,dn,1.0
all_atom,dual,GIWKTIKSMGKVFAGKILQNL,,,1,H7,4,up,1.0
all_atom,dual,GIWKTIKSMGKVFAGKILQNL,,,1,H7,5,dn,0.99
all_atom,dual,GIWKTIKSMGKVFAGKILQNL,,,1,H7,5,up,1.0
all_atom,dual,GIWKTIKSMGKVFAGKILQNL,,,1,H8,1,dn,0.911
all_atom,dual,GIWKTIKSMGKVFAGKILQNL,,,1,H8,1,up,1.0
all_atom,dual,GIWKTIKSMGKVFAGKILQNL,,,1,H8,2,dn,0.97
all_atom,dual,GIWKTIKSMGKVFAGKILQNL,,,1,H8,2,up,1.0
all_atom,dual,GIWKTIKSMGKVFAGKILQNL,,,1,H8,3,dn,1.0
all_atom,dual,GIWKTIKSMGKVFAGKILQNL,,,1,H8,3,up,1.0
all_atom,dual,GIWKTIKSMGKVFAGKILQNL,,,1,H8,4,dn,1.0
all_atom,dual,GIWKTIKSMGKVFAGKILQNL,,,1,H8,4,up,0.99
all_atom,dual,GIWKTIKSMGKVFAGKILQNL,,,1,H8,5,dn,0.871
all_atom,dual,GIWKTIKSMGKVFAGKILQNL,,,1,H8,5,up,1.0
all_atom,dual,GIWKTIKSMGKVFAGKILQNL,,,1,H9,1,dn,0.851
all_atom,dual,GIWKTIKSMGKVFAGKILQNL,,,1,H9,1,up,0.96
all_atom,dual,GIWKTIKSMGKVFAGKILQNL,,,1,H9,2,dn,0.752
all_atom,dual,GIWKTIKSMGKVFAGKILQNL,,,1,H9,2,up,0.891
all_atom,dual,GIWKTIKSMGKVFAGKILQNL,,,1,H9,3,dn,0.941
all_atom,dual,GIWKTIKSMGKVFAGKILQNL,,,1,H9,3,up,0.95
all_atom,dual,GIWKTIKSMGKVFAGKILQNL,,,1,H9,4,dn,0.931
all_atom,dual,GIWKTIKSMGKVFAGKILQNL,,,1,H9,4,up,0.96
all_atom,dual,GIWKTIKSMGKVFAGKILQNL,,,1,H9,5,dn,0.762
all_atom,dual,GIWKTIKSMGKVFAGKILQNL,,,1,H9,5,up,0.95
all_atom,dual,GIWKTIKSMGKVFAGKILQNL,,,1,HM,1,dn,0.868
all_atom,dual,GIWKTIKSMGKVFAGKILQNL,,,1,HM,1,up,0.897
all_atom,dual,GIWKTIKSMGKVFAGKILQNL,,,1,HM,2,dn,0.854
all_atom,dual,GIWKTIKSMGKVFAGKILQNL,,,1,HM,2,up,0.89
all_atom,dual,GIWKTIKSMGKVFAGKILQNL,,,1,HM,3,dn,0.895
all_atom,dual,GIWKTIKSMGKVFAGKILQNL,,,1,HM,3,up,0.894
all_atom,dual,GIWKTIKSMGKVFAGKILQNL,,,1,HM,4,dn,0.89
all_atom,dual,GIWKTIKSMGKVFAGKILQNL,,,1,HM,4,up,0.895
all_atom,dual,GIWKTIKSMGKVFAGKILQNL,,,1,HM,5,dn,0.86
all_atom,dual,GIWKTIKSMGKVFAGKILQNL,,,1,HM,5,up,0.895
all_atom,dual,GIWKTIKSMGKVFAGKILQNL,,,1,PEPT_BUR_MAX,1,dn,5.88
all_atom,dual,GIWKTIKSMGKVFAGKILQNL,,,1,PEPT_BUR_MAX,1,up,5.13
all_atom,dual,GIWKTIKSMGKVFAGKILQNL,,,1,PEPT_BUR_MAX,2,dn,5.16
all_atom,dual,GIWKTIKSMGKVFAGKILQNL,,,1,PEPT_BUR_MAX,2,up,4.19
all_atom,dual,GIWKTIKSMGKVFAGKILQNL,,,1,PEPT_BUR_MAX,3,dn,5.18
all_atom,dual,GIWKTIKSMGKVFAGKILQNL,,,1,PEPT_BUR_MAX,3,up,6.73
all_atom,dual,GIWKTIKSMGKVFAGKILQNL,,,1,PEPT_BUR_MAX,4,dn,5.5
all_atom,dual,GIWKTIKSMGKVFAGKILQNL,,,1,PEPT_BUR_MAX,4,up,4.9
all_atom,dual,GIWKTIKSMGKVFAGKILQNL,,,1,PEPT_BUR_MAX,5,dn,2.96
all_atom,dual,GIWKTIKSMGKVFAGKILQNL,,,1,PEPT_BUR_MAX,5,up,4.66
all_atom,dual,GIWKTIKSMGKVFAGKILQNL,,,1,S,1,dn,0.932
all_atom,dual,GIWKTIKSMGKVFAGKILQNL,,,1,S,1,up,0.922
all_atom,dual,GIWKTIKSMGKVFAGKILQNL,,,1,S,2,dn,0.912
all_atom,dual,GIWKTIKSMGKVFAGKILQNL,,,1,S,2,up,0.925
all_atom,dual,GIWKTIKSMGKVFAGKILQNL,,,1,S,3,dn,0.961
all_atom,dual,GIWKTIKSMGKVFAGKILQNL,,,1,S,3,up,0.844
all_atom,dual,GIWKTIKSMGKVFAGKILQNL,,,1,S,4,dn,0.935
all_atom,dual,GIWKTIKSMGKVFAGKILQNL,,,1,S,4,up,0.899
all_atom,dual,GIWKTIKSMGKVFAGKILQNL,,,1,S,5,dn,0.957
all_atom,dual,GIWKTIKSMGKVFAGKILQNL,,,1,S,5,up,0.911
all_atom,dual,GIWKTIKSMGKVFAGKILQNL,,,1,WAT_BUR_MAX,1,dn,9.03
all_atom,dual,GIWKTIKSMGKVFAGKILQNL,,,1,WAT_BUR_MAX,1,up,6.68
all_atom,dual,GIWKTIKSMGKVFAGKILQNL,,,1,WAT_BUR_MAX,2,dn,6.17
all_atom,dual,GIWKTIKSMGKVFAGKILQNL,,,1,WAT_BUR_MAX,2,up,5.6
all_atom,dual,GIWKTIKSMGKVFAGKILQNL,,,1,WAT_BUR_MAX,3,dn,5.95
all_atom,dual,GIWKTIKSMGKVFAGKILQNL,,,1,WAT_BUR_MAX,3,up,8.68
all_atom,dual,GIWKTIKSMGKVFAGKILQNL,,,1,WAT_BUR_MAX,4,dn,7.71
all_atom,dual,GIWKTIKSMGKVFAGKILQNL,,,1,WAT_BUR_MAX,4,up,9.93
all_atom,dual,GIWKTIKSMGKVFAGKILQNL,,,1,WAT_BUR_MAX,5,dn,7.78
all_atom,dual,GIWKTIKSMGKVFAGKILQNL,,,1,WAT_BUR_MAX,5,up,8.61
all_atom,dual,GIWKTIKSMGKVFAGKILQNL,,,1,WAT_BUR_REL,1,dn,3.79
all_atom,dual,GIWKTIKSMGKVFAGKILQNL,,,1,WAT_BUR_REL,1,up,3.47
all_atom,dual,GIWKTIKSMGKVFAGKILQNL,,,1,WAT_BUR_REL,2,dn,3.33
all_atom,dual,GIWKTIKSMGKVFAGKILQNL,,,1,WAT_BUR_REL,2,up,3.99
all_atom,dual,GIWKTIKSMGKVFAGKILQNL,,,1,WAT_BUR_REL,3,dn,4.54
all_atom,dual,GIWKTIKSMGKVFAGKILQNL,,,1,WAT_BUR_REL,3,up,2.88
all_atom,dual,GIWKTIKSMGKVFAGKILQNL,,,1,WAT_BUR_REL,4,dn,4.58
all_atom,dual,GIWKTIKSMGKVFAGKILQNL,,,1,WAT_BUR_REL,4,up,3.68
all_atom,dual,GIWKTIKSMGKVFAGKILQNL,,,1,WAT_BUR_REL,5,dn,4.54
all_atom,dual,GIWKTIKSMGKVFAGKILQNL,,,1,WAT_BUR_REL,5,up,3.66
all_atom,dual,GIWKTIKSMGKVFAGKILQNL,,,1,ZP-0.5,1,dn,0.135
all_atom,dual,GIWKTIKSMGKVFAGKILQNL,,,1,ZP-0.5,1,up,0.131
all_atom,dual,GIWKTIKSMGKVFAGKILQNL,,,1,ZP-0.5,2,dn,0.118
all_atom,dual,GIWKTIKSMGKVFAGKILQNL,,,1,ZP-0.5,2,up,0.129
all_atom,dual,GIWKTIKSMGKVFAGKILQNL,,,1,ZP-0.5,3,dn,0.136
all_atom,dual,GIWKTIKSMGKVFAGKILQNL,,,1,ZP-0.5,3,up,0.086
all_atom,dual,GIWKTIKSMGKVFAGKILQNL,,,1,ZP-0.5,4,dn,0.139
all_atom,dual,GIWKTIKSMGKVFAGKILQNL,,,1,ZP-0.5,4,up,0.132
all_atom,dual,GIWKTIKSMGKVFAGKILQNL,,,1,ZP-0.5,5,dn,0.125
all_atom,dual,GIWKTIKSMGKVFAGKILQNL,,,1,ZP-0.5,5,up,0.112
all_atom,dual,GIWKTIKSMGKVFAGKILQNL,,,1,ZP-1.5,1,dn,0.113
all_atom,dual,GIWKTIKSMGKVFAGKILQNL,,,1,ZP-1.5,1,up,0.128
all_atom,dual,GIWKTIKSMGKVFAGKILQNL,,,1,ZP-1.5,2,dn,0.102
all_atom,dual,GIWKTIKSMGKVFAGKILQNL,,,1,ZP-1.5,2,up,0.075
all_atom,dual,GIWKTIKSMGKVFAGKILQNL,,,1,ZP-1.5,3,dn,0.113
all_atom,dual,GIWKTIKSMGKVFAGKILQNL,,,1,ZP-1.5,3,up,0.1
all_atom,dual,GIWKTIKSMGKVFAGKILQNL,,,1,ZP-1.5,4,dn,0.119
all_atom,dual,GIWKTIKSMGKVFAGKILQNL,,,1,ZP-1.5,4,up,0.101
all_atom,dual,GIWKTIKSMGKVFAGKILQNL,,,1,ZP-1.5,5,dn,0.097
all_atom,dual,GIWKTIKSMGKVFAGKILQNL,,,1,ZP-1.5,5,up,0.112
all_atom,dual,GIWKTIKSMGKVFAGKILQNL,,,1,ZP-2.5,1,dn,0.079
all_atom,dual,GIWKTIKSMGKVFAGKILQNL,,,1,ZP-2.5,1,up,0.102
all_atom,dual,GIWKTIKSMGKVFAGKILQNL,,,1,ZP-2.5,2,dn,0.089
all_atom,dual,GIWKTIKSMGKVFAGKILQNL,,,1,ZP-2.5,2,up,0.074
all_atom,dual,GIWKTIKSMGKVFAGKILQNL,,,1,ZP-2.5,3,dn,0.091
all_atom,dual,GIWKTIKSMGKVFAGKILQNL,,,1,ZP-2.5,3,up,0.072
all_atom,dual,GIWKTIKSMGKVFAGKILQNL,,,1,ZP-2.5,4,dn,0.08
all_atom,dual,GIWKTIKSMGKVFAGKILQNL,,,1,ZP-2.5,4,up,0.084
all_atom,dual,GIWKTIKSMGKVFAGKILQNL,,,1,ZP-2.5,5,dn,0.069
all_atom,dual,GIWKTIKSMGKVFAGKILQNL,,,1,ZP-2.5,5,up,0.062
all_atom,dual,GIWKTIKSMGKVFAGKILQNL,,,1,ZP-3.5,1,dn,0.056
all_atom,dual,GIWKTIKSMGKVFAGKILQNL,,,1,ZP-3.5,1,up,0.078
all_atom,dual,GIWKTIKSMGKVFAGKILQNL,,,1,ZP-3.5,2,dn,0.045
all_atom,dual,GIWKTIKSMGKVFAGKILQNL,,,1,ZP-3.5,2,up,0.064
all_atom,dual,GIWKTIKSMGKVFAGKILQNL,,,1,ZP-3.5,3,dn,0.065
all_atom,dual,GIWKTIKSMGKVFAGKILQNL,,,1,ZP-3.5,3,up,0.065
all_atom,dual,GIWKTIKSMGKVFAGKILQNL,,,1,ZP-3.5,4,dn,0.056
all_atom,dual,GIWKTIKSMGKVFAGKILQNL,,,1,ZP-3.5,4,up,0.056
all_atom,dual,GIWKTIKSMGKVFAGKILQNL,,,1,ZP-3.5,5,dn,0.066
all_atom,dual,GIWKTIKSMGKVFAGKILQNL,,,1,ZP-3.5,5,up,0.045
all_atom,dual,GIWKTIKSMGKVFAGKILQNL,,,1,ZP-4.5,1,dn,0.026
all_atom,dual,GIWKTIKSMGKVFAGKILQNL,,,1,ZP-4.5,1,up,0.055
all_atom,dual,GIWKTIKSMGKVFAGKILQNL,,,1,ZP-4.5,2,dn,0.032
all_atom,dual,GIWKTIKSMGKVFAGKILQNL,,,1,ZP-4.5,2,up,0.038
all_atom,dual,GIWKTIKSMGKVFAGKILQNL,,,1,ZP-4.5,3,dn,0.029
all_atom,dual,GIWKTIKSMGKVFAGKILQNL,,,1,ZP-4.5,3,up,0.048
all_atom,dual,GIWKTIKSMGKVFAGKILQNL,,,1,ZP-4.5,4,dn,0.035
all_atom,dual,GIWKTIKSMGKVFAGKILQNL,,,1,ZP-4.5,4,up,0.026
all_atom,dual,GIWKTIKSMGKVFAGKILQNL,,,1,ZP-4.5,5,dn,0.042
all_atom,dual,GIWKTIKSMGKVFAGKILQNL,,,1,ZP-4.5,5,up,0.027
all_atom,dual,GIWKTIKSMGKVFAGKILQNL,,,1,ZP-5.5,1,dn,0.019
all_atom,dual,GIWKTIKSMGKVFAGKILQNL,,,1,ZP-5.5,1,up,0.029
all_atom,dual,GIWKTIKSMGKVFAGKILQNL,,,1,ZP-5.5,2,dn,0.022
all_atom,dual,GIWKTIKSMGKVFAGKILQNL,,,1,ZP-5.5,2,up,0.018
all_atom,dual,GIWKTIKSMGKVFAGKILQNL,,,1,ZP-5.5,3,dn,0.016
all_atom,dual,GIWKTIKSMGKVFAGKILQNL,,,1,ZP-5.5,3,up,0.017
all_atom,dual,GIWKTIKSMGKVFAGKILQNL,,,1,ZP-5.5,4,dn,0.017
all_atom,dual,GIWKTIKSMGKVFAGKILQNL,,,1,ZP-5.5,4,up,0.011
all_atom,dual,GIWKTIKSMGKVFAGKILQNL,,,1,ZP-5.5,5,dn,0.045
all_atom,dual,GIWKTIKSMGKVFAGKILQNL,,,1,ZP-5.5,5,up,0.01
all_atom,dual,GIWKTIKSMGKVFAGKILQNL,,,1,ZP-6.5,1,dn,0.011
all_atom,dual,GIWKTIKSMGKVFAGKILQNL,,,1,ZP-6.5,1,up,0.007
all_atom,dual,GIWKTIKSMGKVFAGKILQNL,,,1,ZP-6.5,2,dn,0.012
all_atom,dual,GIWKTIKSMGKVFAGKILQNL,,,1,ZP-6.5,2,up,0.009
all_atom,dual,GIWKTIKSMGKVFAGKILQNL,,,1,ZP-6.5,3,dn,0.009
all_atom,dual,GIWKTIKSMGKVFAGKILQNL,,,1,ZP-6.5,3,up,0.013
all_atom,dual,GIWKTIKSMGKVFAGKILQNL,,,1,ZP-6.5,4,dn,0.007
all_atom,dual,GIWKTIKSMGKVFAGKILQNL,,,1,ZP-6.5,4,up,0.004
all_atom,dual,GIWKTIKSMGKVFAGKILQNL,,,1,ZP-6.5,5,dn,0.023
all_atom,dual,GIWKTIKSMGKVFAGKILQNL,,,1,ZP-6.5,5,up,0.003
all_atom,dual,GIWKTIKSMGKVFAGKILQNL,,,1,ZP-7.5,1,dn,0.005
all_atom,dual,GIWKTIKSMGKVFAGKILQNL,,,1,ZP-7.5,1,up,0.003
all_atom,dual,GIWKTIKSMGKVFAGKILQNL,,,1,ZP-7.5,2,dn,0.006
all_atom,dual,GIWKTIKSMGKVFAGKILQNL,,,1,ZP-7.5,2,up,0.0
all_atom,dual,GIWKTIKSMGKVFAGKILQNL,,,1,ZP-7.5,3,dn,0.006
all_atom,dual,GIWKTIKSMGKVFAGKILQNL,,,1,ZP-7.5,3,up,0.005
all_atom,dual,GIWKTIKSMGKVFAGKILQNL,,,1,ZP-7.5,4,dn,0.003
all_atom,dual,GIWKTIKSMGKVFAGKILQNL,,,1,ZP-7.5,4,up,0.0
all_atom,dual,GIWKTIKSMGKVFAGKILQNL,,,1,ZP-7.5,5,dn,0.015
all_atom,dual,GIWKTIKSMGKVFAGKILQNL,,,1,ZP-7.5,5,up,0.001
all_atom,dual,GIWKTIKSMGKVFAGKILQNL,,,1,ZP-8.5,1,dn,0.0
all_atom,dual,GIWKTIKSMGKVFAGKILQNL,,,1,ZP-8.5,1,up,0.002
all_atom,dual,GIWKTIKSMGKVFAGKILQNL,,,1,ZP-8.5,2,dn,0.006
all_atom,dual,GIWKTIKSMGKVFAGKILQNL,,,1,ZP-8.5,2,up,0.003
all_atom,dual,GIWKTIKSMGKVFAGKILQNL,,,1,ZP-8.5,3,dn,0.002
all_atom,dual,GIWKTIKSMGKVFAGKILQNL,,,1,ZP-8.5,3,up,0.002
all_atom,dual,GIWKTIKSMGKVFAGKILQNL,,,1,ZP-8.5,4,dn,0.0
all_atom,dual,GIWKTIKSMGKVFAGKILQNL,,,1,ZP-8.5,4,up,0.0
all_atom,dual,GIWKTIKSMGKVFAGKILQNL,,,1,ZP-8.5,5,dn,0.008
all_atom,dual,GIWKTIKSMGKVFAGKILQNL,,,1,ZP-8.5,5,up,0.0
all_atom,dual,GIWKTIKSMGKVFAGKILQNL,,,1,ZP-9.5,1,dn,0.0
all_atom,dual,GIWKTIKSMGKVFAGKILQNL,,,1,ZP-9.5,1,up,0.006
all_atom,dual,GIWKTIKSMGKVFAGKILQNL,,,1,ZP-9.5,2,dn,0.001
all_atom,dual,GIWKTIKSMGKVFAGKILQNL,,,1,ZP-9.5,2,up,0.0
all_atom,dual,GIWKTIKSMGKVFAGKILQNL,,,1,ZP-9.5,3,dn,0.0
all_atom,dual,GIWKTIKSMGKVFAGKILQNL,,,1,ZP-9.5,3,up,0.0
all_atom,dual,GIWKTIKSMGKVFAGKILQNL,,,1,ZP-9.5,4,dn,0.0
all_atom,dual,GIWKTIKSMGKVFAGKILQNL,,,1,ZP-9.5,4,up,0.0
all_atom,dual,GIWKTIKSMGKVFAGKILQNL,,,1,ZP-9.5,5,dn,0.005
all_atom,dual,GIWKTIKSMGKVFAGKILQNL,,,1,ZP-9.5,5,up,0.0
all_atom,dual,GIWKTIKSMGKVFAGKILQNL,,,1,ZP0.5,1,dn,0.155
all_atom,dual,GIWKTIKSMGKVFAGKILQNL,,,1,ZP0.5,1,up,0.138
all_atom,dual,GIWKTIKSMGKVFAGKILQNL,,,1,ZP0.5,2,dn,0.112
all_atom,dual,GIWKTIKSMGKVFAGKILQNL,,,1,ZP0.5,2,up,0.128
all_atom,dual,GIWKTIKSMGKVFAGKILQNL,,,1,ZP0.5,3,dn,0.141
all_atom,dual,GIWKTIKSMGKVFAGKILQNL,,,1,ZP0.5,3,up,0.123
all_atom,dual,GIWKTIKSMGKVFAGKILQNL,,,1,ZP0.5,4,dn,0.128
all_atom,dual,GIWKTIKSMGKVFAGKILQNL,,,1,ZP0.5,4,up,0.133
all_atom,dual,GIWKTIKSMGKVFAGKILQNL,,,1,ZP0.5,5,dn,0.131
all_atom,dual,GIWKTIKSMGKVFAGKILQNL,,,1,ZP0.5,5,up,0.117
all_atom,dual,GIWKTIKSMGKVFAGKILQNL,,,1,ZP1.5,1,dn,0.129
all_atom,dual,GIWKTIKSMGKVFAGKILQNL,,,1,ZP1.5,1,up,0.111
all_atom,dual,GIWKTIKSMGKVFAGKILQNL,,,1,ZP1.5,2,dn,0.111
all_atom,dual,GIWKTIKSMGKVFAGKILQNL,,,1,ZP1.5,2,up,0.132
all_atom,dual,GIWKTIKSMGKVFAGKILQNL,,,1,ZP1.5,3,dn,0.131
all_atom,dual,GIWKTIKSMGKVFAGKILQNL,,,1,ZP1.5,3,up,0.119
all_atom,dual,GIWKTIKSMGKVFAGKILQNL,,,1,ZP1.5,4,dn,0.129
all_atom,dual,GIWKTIKSMGKVFAGKILQNL,,,1,ZP1.5,4,up,0.161
all_atom,dual,GIWKTIKSMGKVFAGKILQNL,,,1,ZP1.5,5,dn,0.107
all_atom,dual,GIWKTIKSMGKVFAGKILQNL,,,1,ZP1.5,5,up,0.14
all_atom,dual,GIWKTIKSMGKVFAGKILQNL,,,1,ZP2.5,1,dn,0.088
all_atom,dual,GIWKTIKSMGKVFAGKILQNL,,,1,ZP2.5,1,up,0.08
all_atom,dual,GIWKTIKSMGKVFAGKILQNL,,,1,ZP2.5,2,dn,0.108
all_atom,dual,GIWKTIKSMGKVFAGKILQNL,,,1,ZP2.5,2,up,0.114
all_atom,dual,GIWKTIKSMGKVFAGKILQNL,,,1,ZP2.5,3,dn,0.097
all_atom,dual,GIWKTIKSMGKVFAGKILQNL,,,1,ZP2.5,3,up,0.092
all_atom,dual,GIWKTIKSMGKVFAGKILQNL,,,1,ZP2.5,4,dn,0.11
all_atom,dual,GIWKTIKSMGKVFAGKILQNL,,,1,ZP2.5,4,up,0.107
all_atom,dual,GIWKTIKSMGKVFAGKILQNL,,,1,ZP2.5,5,dn,0.088
all_atom,dual,GIWKTIKSMGKVFAGKILQNL,,,1,ZP2.5,5,up,0.135
all_atom,dual,GIWKTIKSMGKVFAGKILQNL,,,1,ZP3.5,1,dn,0.08
all_atom,dual,GIWKTIKSMGKVFAGKILQNL,,,1,ZP3.5,1,up,0.06
all_atom,dual,GIWKTIKSMGKVFAGKILQNL,,,1,ZP3.5,2,dn,0.086
all_atom,dual,GIWKTIKSMGKVFAGKILQNL,,,1,ZP3.5,2,up,0.091
all_atom,dual,GIWKTIKSMGKVFAGKILQNL,,,1,ZP3.5,3,dn,0.075
all_atom,dual,GIWKTIKSMGKVFAGKILQNL,,,1,ZP3.5,3,up,0.082
all_atom,dual,GIWKTIKSMGKVFAGKILQNL,,,1,ZP3.5,4,dn,0.078
all_atom,dual,GIWKTIKSMGKVFAGKILQNL,,,1,ZP3.5,4,up,0.074
all_atom,dual,GIWKTIKSMGKVFAGKILQNL,,,1,ZP3.5,5,dn,0.083
all_atom,dual,GIWKTIKSMGKVFAGKILQNL,,,1,ZP3.5,5,up,0.096
all_atom,dual,GIWKTIKSMGKVFAGKILQNL,,,1,ZP4.5,1,dn,0.043
all_atom,dual,GIWKTIKSMGKVFAGKILQNL,,,1,ZP4.5,1,up,0.031
all_atom,dual,GIWKTIKSMGKVFAGKILQNL,,,1,ZP4.5,2,dn,0.081
all_atom,dual,GIWKTIKSMGKVFAGKILQNL,,,1,ZP4.5,2,up,0.064
all_atom,dual,GIWKTIKSMGKVFAGKILQNL,,,1,ZP4.5,3,dn,0.045
all_atom,dual,GIWKTIKSMGKVFAGKILQNL,,,1,ZP4.5,3,up,0.078
all_atom,dual,GIWKTIKSMGKVFAGKILQNL,,,1,ZP4.5,4,dn,0.039
all_atom,dual,GIWKTIKSMGKVFAGKILQNL,,,1,ZP4.5,4,up,0.056
all_atom,dual,GIWKTIKSMGKVFAGKILQNL,,,1,ZP4.5,5,dn,0.051
all_atom,dual,GIWKTIKSMGKVFAGKILQNL,,,1,ZP4.5,5,up,0.062
all_atom,dual,GIWKTIKSMGKVFAGKILQNL,,,1,ZP5.5,1,dn,0.041
all_atom,dual,GIWKTIKSMGKVFAGKILQNL,,,1,ZP5.5,1,up,0.018
all_atom,dual,GIWKTIKSMGKVFAGKILQNL,,,1,ZP5.5,2,dn,0.027
all_atom,dual,GIWKTIKSMGKVFAGKILQNL,,,1,ZP5.5,2,up,0.032
all_atom,dual,GIWKTIKSMGKVFAGKILQNL,,,1,ZP5.5,3,dn,0.023
all_atom,dual,GIWKTIKSMGKVFAGKILQNL,,,1,ZP5.5,3,up,0.041
all_atom,dual,GIWKTIKSMGKVFAGKILQNL,,,1,ZP5.5,4,dn,0.036
all_atom,dual,GIWKTIKSMGKVFAGKILQNL,,,1,ZP5.5,4,up,0.035
all_atom,dual,GIWKTIKSMGKVFAGKILQNL,,,1,ZP5.5,5,dn,0.027
all_atom,dual,GIWKTIKSMGKVFAGKILQNL,,,1,ZP5.5,5,up,0.048
all_atom,dual,GIWKTIKSMGKVFAGKILQNL,,,1,ZP6.5,1,dn,0.013
all_atom,dual,GIWKTIKSMGKVFAGKILQNL,,,1,ZP6.5,1,up,0.011
all_atom,dual,GIWKTIKSMGKVFAGKILQNL,,,1,ZP6.5,2,dn,0.028
all_atom,dual,GIWKTIKSMGKVFAGKILQNL,,,1,ZP6.5,2,up,0.017
all_atom,dual,GIWKTIKSMGKVFAGKILQNL,,,1,ZP6.5,3,dn,0.013
all_atom,dual,GIWKTIKSMGKVFAGKILQNL,,,1,ZP6.5,3,up,0.028
all_atom,dual,GIWKTIKSMGKVFAGKILQNL,,,1,ZP6.5,4,dn,0.012
all_atom,dual,GIWKTIKSMGKVFAGKILQNL,,,1,ZP6.5,4,up,0.009
all_atom,dual,GIWKTIKSMGKVFAGKILQNL,,,1,ZP6.5,5,dn,0.014
all_atom,dual,GIWKTIKSMGKVFAGKILQNL,,,1,ZP6.5,5,up,0.021
all_atom,dual,GIWKTIKSMGKVFAGKILQNL,,,1,ZP7.5,1,dn,0.005
all_atom,dual,GIWKTIKSMGKVFAGKILQNL,,,1,ZP7.5,1,up,0.006
all_atom,dual,GIWKTIKSMGKVFAGKILQNL,,,1,ZP7.5,2,dn,0.006
all_atom,dual,GIWKTIKSMGKVFAGKILQNL,,,1,ZP7.5,2,up,0.01
all_atom,dual,GIWKTIKSMGKVFAGKILQNL,,,1,ZP7.5,3,dn,0.007
all_atom,dual,GIWKTIKSMGKVFAGKILQNL,,,1,ZP7.5,3,up,0.018
all_atom,dual,GIWKTIKSMGKVFAGKILQNL,,,1,ZP7.5,4,dn,0.008
all_atom,dual,GIWKTIKSMGKVFAGKILQNL,,,1,ZP7.5,4,up,0.006
all_atom,dual,GIWKTIKSMGKVFAGKILQNL,,,1,ZP7.5,5,dn,0.001
all_atom,dual,GIWKTIKSMGKVFAGKILQNL,,,1,ZP7.5,5,up,0.008
all_atom,dual,GIWKTIKSMGKVFAGKILQNL,,,1,ZP8.5,1,dn,0.001
all_atom,dual,GIWKTIKSMGKVFAGKILQNL,,,1,ZP8.5,1,up,0.001
all_atom,dual,GIWKTIKSMGKVFAGKILQNL,,,1,ZP8.5,2,dn,0.007
all_atom,dual,GIWKTIKSMGKVFAGKILQNL,,,1,ZP8.5,2,up,0.002
all_atom,dual,GIWKTIKSMGKVFAGKILQNL,,,1,ZP8.5,3,dn,0.001
all_atom,dual,GIWKTIKSMGKVFAGKILQNL,,,1,ZP8.5,3,up,0.007
all_atom,dual,GIWKTIKSMGKVFAGKILQNL,,,1,ZP8.5,4,dn,0.003
all_atom,dual,GIWKTIKSMGKVFAGKILQNL,,,1,ZP8.5,4,up,0.004
all_atom,dual,GIWKTIKSMGKVFAGKILQNL,,,1,ZP8.5,5,dn,0.0
all_atom,dual,GIWKTIKSMGKVFAGKILQNL,,,1,ZP8.5,5,up,0.001
all_atom,dual,GIWKTIKSMGKVFAGKILQNL,,,1,ZP9.5,1,dn,0.0
all_atom,dual,GIWKTIKSMGKVFAGKILQNL,,,1,ZP9.5,1,up,0.001
all_atom,dual,GIWKTIKSMGKVFAGKILQNL,,,1,ZP9.5,2,dn,0.002
all_atom,dual,GIWKTIKSMGKVFAGKILQNL,,,1,ZP9.5,2,up,0.0
all_atom,dual,GIWKTIKSMGKVFAGKILQNL,,,1,ZP9.5,3,dn,0.0
all_atom,dual,GIWKTIKSMGKVFAGKILQNL,,,1,ZP9.5,3,up,0.004
all_atom,dual,GIWKTIKSMGKVFAGKILQNL,,,1,ZP9.5,4,dn,0.0
all_atom,dual,GIWKTIKSMGKVFAGKILQNL,,,1,ZP9.5,4,up,0.002
all_atom,dual,GIWKTIKSMGKVFAGKILQNL,,,1,ZP9.5,5,dn,0.001
all_atom,dual,GIWKTIKSMGKVFAGKILQNL,,,1,ZP9.5,5,up,0.0
all_atom,dual,GLGSVFGRLARILGRVIPKV,,,1,APLA12.5,1,dn,61.804
all_atom,dual,GLGSVFGRLARILGRVIPKV,,,1,APLA12.5,1,up,61.287
all_atom,dual,GLGSVFGRLARILGRVIPKV,,,1,APLA12.5,2,dn,60.13
all_atom,dual,GLGSVFGRLARILGRVIPKV,,,1,APLA12.5,2,up,61.707
all_atom,dual,GLGSVFGRLARILGRVIPKV,,,1,APLA12.5,3,dn,61.893
all_atom,dual,GLGSVFGRLARILGRVIPKV,,,1,APLA12.5,3,up,60.072
all_atom,dual,GLGSVFGRLARILGRVIPKV,,,1,APLA12.5,4,dn,60.09
all_atom,dual,GLGSVFGRLARILGRVIPKV,,,1,APLA12.5,4,up,60.817
all_atom,dual,GLGSVFGRLARILGRVIPKV,,,1,APLA12.5,5,dn,59.736
all_atom,dual,GLGSVFGRLARILGRVIPKV,,,1,APLA12.5,5,up,62.753
all_atom,dual,GLGSVFGRLARILGRVIPKV,,,1,APLA17.5,1,dn,59.976
all_atom,dual,GLGSVFGRLARILGRVIPKV,,,1,APLA17.5,1,up,60.909
all_atom,dual,GLGSVFGRLARILGRVIPKV,,,1,APLA17.5,2,dn,59.385
all_atom,dual,GLGSVFGRLARILGRVIPKV,,,1,APLA17.5,2,up,59.845
all_atom,dual,GLGSVFGRLARILGRVIPKV,,,1,APLA17.5,3,dn,59.882
all_atom,dual,GLGSVFGRLARILGRVIPKV,,,1,APLA17.5,3,up,59.407
all_atom,dual,GLGSVFGRLARILGRVIPKV,,,1,APLA17.5,4,dn,59.911
all_atom,dual,GLGSVFGRLARILGRVIPKV,,,1,APLA17.5,4,up,59.602
all_atom,dual,GLGSVFGRLARILGRVIPKV,,,1,APLA17.5,5,dn,60.034
all_atom,dual,GLGSVFGRLARILGRVIPKV,,,1,APLA17.5,5,up,58.826
all_atom,dual,GLGSVFGRLARILGRVIPKV,,,1,APLA2.5,1,dn,72.764
all_atom,dual,GLGSVFGRLARILGRVIPKV,,,1,APLA2.5,1,up,72.239
all_atom,dual,GLGSVFGRLARILGRVIPKV,,,1,APLA2.5,2,dn,75.457
all_atom,dual,GLGSVFGRLARILGRVIPKV,,,1,APLA2.5,2,up,70.058
all_atom,dual,GLGSVFGRLARILGRVIPKV,,,1,APLA2.5,3,dn,67.715
all_atom,dual,GLGSVFGRLARILGRVIPKV,,,1,APLA2.5,3,up,76.687
all_atom,dual,GLGSVFGRLARILGRVIPKV,,,1,APLA2.5,4,dn,71.708
all_atom,dual,GLGSVFGRLARILGRVIPKV,,,1,APLA2.5,4,up,70.184
all_atom,dual,GLGSVFGRLARILGRVIPKV,,,1,APLA2.5,5,dn,78.836
all_atom,dual,GLGSVFGRLARILGRVIPKV,,,1,APLA2.5,5,up,77.739
all_atom,dual,GLGSVFGRLARILGRVIPKV,,,1,APLA7.5,1,dn,63.531
all_atom,dual,GLGSVFGRLARILGRVIPKV,,,1,APLA7.5,1,up,61.248
all_atom,dual,GLGSVFGRLARILGRVIPKV,,,1,APLA7.5,2,dn,63.675
all_atom,dual,GLGSVFGRLARILGRVIPKV,,,1,APLA7.5,2,up,65.081
all_atom,dual,GLGSVFGRLARILGRVIPKV,,,1,APLA7.5,3,dn,63.778
all_atom,dual,GLGSVFGRLARILGRVIPKV,,,1,APLA7.5,3,up,65.611
all_atom,dual,GLGSVFGRLARILGRVIPKV,,,1,APLA7.5,4,dn,62.009
all_atom,dual,GLGSVFGRLARILGRVIPKV,,,1,APLA7.5,4,up,63.078
all_atom,dual,GLGSVFGRLARILGRVIPKV,,,1,APLA7.5,5,dn,63.553
all_atom,dual,GLGSVFGRLARILGRVIPKV,,,1,APLA7.5,5,up,63.907
all_atom,dual,GLGSVFGRLARILGRVIPKV,,,1,APLS12.5,1,dn,4.214
all_atom,dual,GLGSVFGRLARILGRVIPKV,,,1,APLS12.5,1,up,4.373
all_atom,dual,GLGSVFGRLARILGRVIPKV,,,1,APLS12.5,2,dn,4.605
all_atom,dual,GLGSVFGRLARILGRVIPKV,,,1,APLS12.5,2,up,4.756
all_atom,dual,GLGSVFGRLARILGRVIPKV,,,1,APLS12.5,3,dn,4.315
all_atom,dual,GLGSVFGRLARILGRVIPKV,,,1,APLS12.5,3,up,4.301
all_atom,dual,GLGSVFGRLARILGRVIPKV,,,1,APLS12.5,4,dn,4.804
all_atom,dual,GLGSVFGRLARILGRVIPKV,,,1,APLS12.5,4,up,4.791
all_atom,dual,GLGSVFGRLARILGRVIPKV,,,1,APLS12.5,5,dn,4.136
all_atom,dual,GLGSVFGRLARILGRVIPKV,,,1,APLS12.5,5,up,4.679
all_atom,dual,GLGSVFGRLARILGRVIPKV,,,1,APLS17.5,1,dn,3.573
all_atom,dual,GLGSVFGRLARILGRVIPKV,,,1,APLS17.5,1,up,3.768
all_atom,dual,GLGSVFGRLARILGRVIPKV,,,1,APLS17.5,2,dn,3.814
all_atom,dual,GLGSVFGRLARILGRVIPKV,,,1,APLS17.5,2,up,4.061
all_atom,dual,GLGSVFGRLARILGRVIPKV,,,1,APLS17.5,3,dn,3.769
all_atom,dual,GLGSVFGRLARILGRVIPKV,,,1,APLS17.5,3,up,3.184
all_atom,dual,GLGSVFGRLARILGRVIPKV,,,1,APLS17.5,4,dn,3.786
all_atom,dual,GLGSVFGRLARILGRVIPKV,,,1,APLS17.5,4,up,4.238
all_atom,dual,GLGSVFGRLARILGRVIPKV,,,1,APLS17.5,5,dn,3.418
all_atom,dual,GLGSVFGRLARILGRVIPKV,,,1,APLS17.5,5,up,3.798
all_atom,dual,GLGSVFGRLARILGRVIPKV,,,1,APLS2.5,1,dn,8.22
all_atom,dual,GLGSVFGRLARILGRVIPKV,,,1,APLS2.5,1,up,9.513
all_atom,dual,GLGSVFGRLARILGRVIPKV,,,1,APLS2.5,2,dn,7.628
all_atom,dual,GLGSVFGRLARILGRVIPKV,,,1,APLS2.5,2,up,5.41
all_atom,dual,GLGSVFGRLARILGRVIPKV,,,1,APLS2.5,3,dn,5.366
all_atom,dual,GLGSVFGRLARILGRVIPKV,,,1,APLS2.5,3,up,6.423
all_atom,dual,GLGSVFGRLARILGRVIPKV,,,1,APLS2.5,4,dn,6.797
all_atom,dual,GLGSVFGRLARILGRVIPKV,,,1,APLS2.5,4,up,4.925
all_atom,dual,GLGSVFGRLARILGRVIPKV,,,1,APLS2.5,5,dn,8.318
all_atom,dual,GLGSVFGRLARILGRVIPKV,,,1,APLS2.5,5,up,9.292
all_atom,dual,GLGSVFGRLARILGRVIPKV,,,1,APLS7.5,1,dn,5.524
all_atom,dual,GLGSVFGRLARILGRVIPKV,,,1,APLS7.5,1,up,4.64
all_atom,dual,GLGSVFGRLARILGRVIPKV,,,1,APLS7.5,2,dn,6.219
all_atom,dual,GLGSVFGRLARILGRVIPKV,,,1,APLS7.5,2,up,6.333
all_atom,dual,GLGSVFGRLARILGRVIPKV,,,1,APLS7.5,3,dn,5.758
all_atom,dual,GLGSVFGRLARILGRVIPKV,,,1,APLS7.5,3,up,7.419
all_atom,dual,GLGSVFGRLARILGRVIPKV,,,1,APLS7.5,4,dn,5.825
all_atom,dual,GLGSVFGRLARILGRVIPKV,,,1,APLS7.5,4,up,5.928
all_atom,dual,GLGSVFGRLARILGRVIPKV,,,1,APLS7.5,5,dn,6.086
all_atom,dual,GLGSVFGRLARILGRVIPKV,,,1,APLS7.5,5,up,4.854
all_atom,dual,GLGSVFGRLARILGRVIPKV,,,1,H0,1,dn,0.0
all_atom,dual,GLGSVFGRLARILGRVIPKV,,,1,H0,1,up,0.0
all_atom,dual,GLGSVFGRLARILGRVIPKV,,,1,H0,2,dn,0.0
all_atom,dual,GLGSVFGRLARILGRVIPKV,,,1,H0,2,up,0.0
all_atom,dual,GLGSVFGRLARILGRVIPKV,,,1,H0,3,dn,0.0
all_atom,dual,GLGSVFGRLARILGRVIPKV,,,1,H0,3,up,0.0
all_atom,dual,GLGSVFGRLARILGRVIPKV,,,1,H0,4,dn,0.0
all_atom,dual,GLGSVFGRLARILGRVIPKV,,,1,H0,4,up,0.0
all_atom,dual,GLGSVFGRLARILGRVIPKV,,,1,H0,5,dn,0.0
all_atom,dual,GLGSVFGRLARILGRVIPKV,,,1,H0,5,up,0.0
all_atom,dual,GLGSVFGRLARILGRVIPKV,,,1,H1,1,dn,0.948
all_atom,dual,GLGSVFGRLARILGRVIPKV,,,1,H1,1,up,0.967
all_atom,dual,GLGSVFGRLARILGRVIPKV,,,1,H1,2,dn,0.938
all_atom,dual,GLGSVFGRLARILGRVIPKV,,,1,H1,2,up,0.985
all_atom,dual,GLGSVFGRLARILGRVIPKV,,,1,H1,3,dn,1.0
all_atom,dual,GLGSVFGRLARILGRVIPKV,,,1,H1,3,up,0.888
all_atom,dual,GLGSVFGRLARILGRVIPKV,,,1,H1,4,dn,0.98
all_atom,dual,GLGSVFGRLARILGRVIPKV,,,1,H1,4,up,0.989
all_atom,dual,GLGSVFGRLARILGRVIPKV,,,1,H1,5,dn,0.919
all_atom,dual,GLGSVFGRLARILGRVIPKV,,,1,H1,5,up,0.767
all_atom,dual,GLGSVFGRLARILGRVIPKV,,,1,H10,1,dn,0.0
all_atom,dual,GLGSVFGRLARILGRVIPKV,,,1,H10,1,up,0.0
all_atom,dual,GLGSVFGRLARILGRVIPKV,,,1,H10,2,dn,0.0
all_atom,dual,GLGSVFGRLARILGRVIPKV,,,1,H10,2,up,0.0
all_atom,dual,GLGSVFGRLARILGRVIPKV,,,1,H10,3,dn,0.0
all_atom,dual,GLGSVFGRLARILGRVIPKV,,,1,H10,3,up,0.0
all_atom,dual,GLGSVFGRLARILGRVIPKV,,,1,H10,4,dn,0.0
all_atom,dual,GLGSVFGRLARILGRVIPKV,,,1,H10,4,up,0.0
all_atom,dual,GLGSVFGRLARILGRVIPKV,,,1,H10,5,dn,0.0
all_atom,dual,GLGSVFGRLARILGRVIPKV,,,1,H10,5,up,0.0
all_atom,dual,GLGSVFGRLARILGRVIPKV,,,1,H2,1,dn,0.998
all_atom,dual,GLGSVFGRLARILGRVIPKV,,,1,H2,1,up,0.998
all_atom,dual,GLGSVFGRLARILGRVIPKV,,,1,H2,2,dn,1.0
all_atom,dual,GLGSVFGRLARILGRVIPKV,,,1,H2,2,up,1.0
all_atom,dual,GLGSVFGRLARILGRVIPKV,,,1,H2,3,dn,1.0
all_atom,dual,GLGSVFGRLARILGRVIPKV,,,1,H2,3,up,1.0
all_atom,dual,GLGSVFGRLARILGRVIPKV,,,1,H2,4,dn,1.0
all_atom,dual,GLGSVFGRLARILGRVIPKV,,,1,H2,4,up,1.0
all_atom,dual,GLGSVFGRLARILGRVIPKV,,,1,H2,5,dn,1.0
all_atom,dual,GLGSVFGRLARILGRVIPKV,,,1,H2,5,up,1.0
all_atom,dual,GLGSVFGRLARILGRVIPKV,,,1,H3,1,dn,1.0
all_atom,dual,GLGSVFGRLARILGRVIPKV,,,1,H3,1,up,1.0
all_atom,dual,GLGSVFGRLARILGRVIPKV,,,1,H3,2,dn,1.0
all_atom,dual,GLGSVFGRLARILGRVIPKV,,,1,H3,2,up,1.0
all_atom,dual,GLGSVFGRLARILGRVIPKV,,,1,H3,3,dn,1.0
all_atom,dual,GLGSVFGRLARILGRVIPKV,,,1,H3,3,up,1.0
all_atom,dual,GLGSVFGRLARILGRVIPKV,,,1,H3,4,dn,1.0
all_atom,dual,GLGSVFGRLARILGRVIPKV,,,1,H3,4,up,1.0
all_atom,dual,GLGSVFGRLARILGRVIPKV,,,1,H3,5,dn,1.0
all_atom,dual,GLGSVFGRLARILGRVIPKV,,,1,H3,5,up,1.0
all_atom,dual,GLGSVFGRLARILGRVIPKV,,,1,H4,1,dn,1.0
all_atom,dual,GLGSVFGRLARILGRVIPKV,,,1,H4,1,up,1.0
all_atom,dual,GLGSVFGRLARILGRVIPKV,,,1,H4,2,dn,1.0
all_atom,dual,GLGSVFGRLARILGRVIPKV,,,1,H4,2,up,1.0
all_atom,dual,GLGSVFGRLARILGRVIPKV,,,1,H4,3,dn,1.0
all_atom,dual,GLGSVFGRLARILGRVIPKV,,,1,H4,3,up,1.0
all_atom,dual,GLGSVFGRLARILGRVIPKV,,,1,H4,4,dn,1.0
all_atom,dual,GLGSVFGRLARILGRVIPKV,,,1,H4,4,up,1.0
all_atom,dual,GLGSVFGRLARILGRVIPKV,,,1,H4,5,dn,1.0
all_atom,dual,GLGSVFGRLARILGRVIPKV,,,1,H4,5,up,1.0
all_atom,dual,GLGSVFGRLARILGRVIPKV,,,1,H5,1,dn,1.0
all_atom,dual,GLGSVFGRLARILGRVIPKV,,,1,H5,1,up,1.0
all_atom,dual,GLGSVFGRLARILGRVIPKV,,,1,H5,2,dn,1.0
all_atom,dual,GLGSVFGRLARILGRVIPKV,,,1,H5,2,up,1.0
all_atom,dual,GLGSVFGRLARILGRVIPKV,,,1,H5,3,dn,1.0
all_atom,dual,GLGSVFGRLARILGRVIPKV,,,1,H5,3,up,1.0
all_atom,dual,GLGSVFGRLARILGRVIPKV,,,1,H5,4,dn,1.0
all_atom,dual,GLGSVFGRLARILGRVIPKV,,,1,H5,4,up,1.0
all_atom,dual,GLGSVFGRLARILGRVIPKV,,,1,H5,5,dn,1.0
all_atom,dual,GLGSVFGRLARILGRVIPKV,,,1,H5,5,up,1.0
all_atom,dual,GLGSVFGRLARILGRVIPKV,,,1,H6,1,dn,0.996
all_atom,dual,GLGSVFGRLARILGRVIPKV,,,1,H6,1,up,1.0
all_atom,dual,GLGSVFGRLARILGRVIPKV,,,1,H6,2,dn,1.0
all_atom,dual,GLGSVFGRLARILGRVIPKV,,,1,H6,2,up,1.0
all_atom,dual,GLGSVFGRLARILGRVIPKV,,,1,H6,3,dn,0.992
all_atom,dual,GLGSVFGRLARILGRVIPKV,,,1,H6,3,up,1.0
all_atom,dual,GLGSVFGRLARILGRVIPKV,,,1,H6,4,dn,1.0
all_atom,dual,GLGSVFGRLARILGRVIPKV,,,1,H6,4,up,1.0
all_atom,dual,GLGSVFGRLARILGRVIPKV,,,1,H6,5,dn,0.996
all_atom,dual,GLGSVFGRLARILGRVIPKV,,,1,H6,5,up,0.992
all_atom,dual,GLGSVFGRLARILGRVIPKV,,,1,H7,1,dn,0.948
all_atom,dual,GLGSVFGRLARILGRVIPKV,,,1,H7,1,up,0.972
all_atom,dual,GLGSVFGRLARILGRVIPKV,,,1,H7,2,dn,0.929
all_atom,dual,GLGSVFGRLARILGRVIPKV,,,1,H7,2,up,0.963
all_atom,dual,GLGSVFGRLARILGRVIPKV,,,1,H7,3,dn,0.847
all_atom,dual,GLGSVFGRLARILGRVIPKV,,,1,H7,3,up,0.879
all_atom,dual,GLGSVFGRLARILGRVIPKV,,,1,H7,4,dn,0.909
all_atom,dual,GLGSVFGRLARILGRVIPKV,,,1,H7,4,up,0.988
all_atom,dual,GLGSVFGRLARILGRVIPKV,,,1,H7,5,dn,0.927
all_atom,dual,GLGSVFGRLARILGRVIPKV,,,1,H7,5,up,0.912
all_atom,dual,GLGSVFGRLARILGRVIPKV,,,1,H8,1,dn,0.818
all_atom,dual,GLGSVFGRLARILGRVIPKV,,,1,H8,1,up,0.891
all_atom,dual,GLGSVFGRLARILGRVIPKV,,,1,H8,2,dn,0.859
all_atom,dual,GLGSVFGRLARILGRVIPKV,,,1,H8,2,up,0.958
all_atom,dual,GLGSVFGRLARILGRVIPKV,,,1,H8,3,dn,0.63
all_atom,dual,GLGSVFGRLARILGRVIPKV,,,1,H8,3,up,0.855
all_atom,dual,GLGSVFGRLARILGRVIPKV,,,1,H8,4,dn,0.824
all_atom,dual,GLGSVFGRLARILGRVIPKV,,,1,H8,4,up,0.899
all_atom,dual,GLGSVFGRLARILGRVIPKV,,,1,H8,5,dn,0.57
all_atom,dual,GLGSVFGRLARILGRVIPKV,,,1,H8,5,up,0.774
all_atom,dual,GLGSVFGRLARILGRVIPKV,,,1,H9,1,dn,0.594
all_atom,dual,GLGSVFGRLARILGRVIPKV,,,1,H9,1,up,0.733
all_atom,dual,GLGSVFGRLARILGRVIPKV,,,1,H9,2,dn,0.525
all_atom,dual,GLGSVFGRLARILGRVIPKV,,,1,H9,2,up,0.752
all_atom,dual,GLGSVFGRLARILGRVIPKV,,,1,H9,3,dn,0.683
all_atom,dual,GLGSVFGRLARILGRVIPKV,,,1,H9,3,up,0.792
all_atom,dual,GLGSVFGRLARILGRVIPKV,,,1,H9,4,dn,0.703
all_atom,dual,GLGSVFGRLARILGRVIPKV,,,1,H9,4,up,0.752
all_atom,dual,GLGSVFGRLARILGRVIPKV,,,1,H9,5,dn,0.693
all_atom,dual,GLGSVFGRLARILGRVIPKV,,,1,H9,5,up,0.604
all_atom,dual,GLGSVFGRLARILGRVIPKV,,,1,HM,1,dn,0.829
all_atom,dual,GLGSVFGRLARILGRVIPKV,,,1,HM,1,up,0.853
all_atom,dual,GLGSVFGRLARILGRVIPKV,,,1,HM,2,dn,0.821
all_atom,dual,GLGSVFGRLARILGRVIPKV,,,1,HM,2,up,0.862
all_atom,dual,GLGSVFGRLARILGRVIPKV,,,1,HM,3,dn,0.814
all_atom,dual,GLGSVFGRLARILGRVIPKV,,,1,HM,3,up,0.84
all_atom,dual,GLGSVFGRLARILGRVIPKV,,,1,HM,4,dn,0.841
all_atom,dual,GLGSVFGRLARILGRVIPKV,,,1,HM,4,up,0.863
all_atom,dual,GLGSVFGRLARILGRVIPKV,,,1,HM,5,dn,0.813
all_atom,dual,GLGSVFGRLARILGRVIPKV,,,1,HM,5,up,0.8
all_atom,dual,GLGSVFGRLARILGRVIPKV,,,1,PEPT_BUR_MAX,1,dn,1.01
all_atom,dual,GLGSVFGRLARILGRVIPKV,,,1,PEPT_BUR_MAX,1,up,2.5
all_atom,dual,GLGSVFGRLARILGRVIPKV,,,1,PEPT_BUR_MAX,2,dn,2.02
all_atom,dual,GLGSVFGRLARILGRVIPKV,,,1,PEPT_BUR_MAX,2,up,3.1
all_atom,dual,GLGSVFGRLARILGRVIPKV,,,1,PEPT_BUR_MAX,3,dn,-0.04
all_atom,dual,GLGSVFGRLARILGRVIPKV,,,1,PEPT_BUR_MAX,3,up,3.91
all_atom,dual,GLGSVFGRLARILGRVIPKV,,,1,PEPT_BUR_MAX,4,dn,3.2
all_atom,dual,GLGSVFGRLARILGRVIPKV,,,1,PEPT_BUR_MAX,4,up,1.2
all_atom,dual,GLGSVFGRLARILGRVIPKV,,,1,PEPT_BUR_MAX,5,dn,4.16
all_atom,dual,GLGSVFGRLARILGRVIPKV,,,1,PEPT_BUR_MAX,5,up,4.23
all_atom,dual,GLGSVFGRLARILGRVIPKV,,,1,S,1,dn,0.976
all_atom,dual,GLGSVFGRLARILGRVIPKV,,,1,S,1,up,0.987
all_atom,dual,GLGSVFGRLARILGRVIPKV,,,1,S,2,dn,0.982
all_atom,dual,GLGSVFGRLARILGRVIPKV,,,1,S,2,up,0.98
all_atom,dual,GLGSVFGRLARILGRVIPKV,,,1,S,3,dn,0.999
all_atom,dual,GLGSVFGRLARILGRVIPKV,,,1,S,3,up,0.963
all_atom,dual,GLGSVFGRLARILGRVIPKV,,,1,S,4,dn,0.994
all_atom,dual,GLGSVFGRLARILGRVIPKV,,,1,S,4,up,0.996
all_atom,dual,GLGSVFGRLARILGRVIPKV,,,1,S,5,dn,0.984
all_atom,dual,GLGSVFGRLARILGRVIPKV,,,1,S,5,up,0.962
all_atom,dual,GLGSVFGRLARILGRVIPKV,,,1,WAT_BUR_MAX,1,dn,5.82
all_atom,dual,GLGSVFGRLARILGRVIPKV,,,1,WAT_BUR_MAX,1,up,7.23
all_atom,dual,GLGSVFGRLARILGRVIPKV,,,1,WAT_BUR_MAX,2,dn,3.61
all_atom,dual,GLGSVFGRLARILGRVIPKV,,,1,WAT_BUR_MAX,2,up,7.12
all_atom,dual,GLGSVFGRLARILGRVIPKV,,,1,WAT_BUR_MAX,3,dn,6.2
all_atom,dual,GLGSVFGRLARILGRVIPKV,,,1,WAT_BUR_MAX,3,up,7.3
all_atom,dual,GLGSVFGRLARILGRVIPKV,,,1,WAT_BUR_MAX,4,dn,6.2
all_atom,dual,GLGSVFGRLARILGRVIPKV,,,1,WAT_BUR_MAX,4,up,7.13
all_atom,dual,GLGSVFGRLARILGRVIPKV,,,1,WAT_BUR_MAX,5,dn,6.06
all_atom,dual,GLGSVFGRLARILGRVIPKV,,,1,WAT_BUR_MAX,5,up,7.28
all_atom,dual,GLGSVFGRLARILGRVIPKV,,,1,WAT_BUR_REL,1,dn,4.43
all_atom,dual,GLGSVFGRLARILGRVIPKV,,,1,WAT_BUR_REL,1,up,4.89
all_atom,dual,GLGSVFGRLARILGRVIPKV,,,1,WAT_BUR_REL,2,dn,4.98
all_atom,dual,GLGSVFGRLARILGRVIPKV,,,1,WAT_BUR_REL,2,up,5.29
all_atom,dual,GLGSVFGRLARILGRVIPKV,,,1,WAT_BUR_REL,3,dn,5.63
all_atom,dual,GLGSVFGRLARILGRVIPKV,,,1,WAT_BUR_REL,3,up,4.7
all_atom,dual,GLGSVFGRLARILGRVIPKV,,,1,WAT_BUR_REL,4,dn,4.79
all_atom,dual,GLGSVFGRLARILGRVIPKV,,,1,WAT_BUR_REL,4,up,5.38
all_atom,dual,GLGSVFGRLARILGRVIPKV,,,1,WAT_BUR_REL,5,dn,5.23
all_atom,dual,GLGSVFGRLARILGRVIPKV,,,1,WAT_BUR_REL,5,up,4.84
all_atom,dual,GLGSVFGRLARILGRVIPKV,,,1,ZP-0.5,1,dn,0.13
all_atom,dual,GLGSVFGRLARILGRVIPKV,,,1,ZP-0.5,1,up,0.138
all_atom,dual,GLGSVFGRLARILGRVIPKV,,,1,ZP-0.5,2,dn,0.121
all_atom,dual,GLGSVFGRLARILGRVIPKV,,,1,ZP-0.5,2,up,0.113
all_atom,dual,GLGSVFGRLARILGRVIPKV,,,1,ZP-0.5,3,dn,0.121
all_atom,dual,GLGSVFGRLARILGRVIPKV,,,1,ZP-0.5,3,up,0.152
all_atom,dual,GLGSVFGRLARILGRVIPKV,,,1,ZP-0.5,4,dn,0.111
all_atom,dual,GLGSVFGRLARILGRVIPKV,,,1,ZP-0.5,4,up,0.141
all_atom,dual,GLGSVFGRLARILGRVIPKV,,,1,ZP-0.5,5,dn,0.162
all_atom,dual,GLGSVFGRLARILGRVIPKV,,,1,ZP-0.5,5,up,0.133
all_atom,dual,GLGSVFGRLARILGRVIPKV,,,1,ZP-1.5,1,dn,0.116
all_atom,dual,GLGSVFGRLARILGRVIPKV,,,1,ZP-1.5,1,up,0.138
all_atom,dual,GLGSVFGRLARILGRVIPKV,,,1,ZP-1.5,2,dn,0.133
all_atom,dual,GLGSVFGRLARILGRVIPKV,,,1,ZP-1.5,2,up,0.117
all_atom,dual,GLGSVFGRLARILGRVIPKV,,,1,ZP-1.5,3,dn,0.174
all_atom,dual,GLGSVFGRLARILGRVIPKV,,,1,ZP-1.5,3,up,0.093
all_atom,dual,GLGSVFGRLARILGRVIPKV,,,1,ZP-1.5,4,dn,0.128
all_atom,dual,GLGSVFGRLARILGRVIPKV,,,1,ZP-1.5,4,up,0.147
all_atom,dual,GLGSVFGRLARILGRVIPKV,,,1,ZP-1.5,5,dn,0.122
all_atom,dual,GLGSVFGRLARILGRVIPKV,,,1,ZP-1.5,5,up,0.128
all_atom,dual,GLGSVFGRLARILGRVIPKV,,,1,ZP-2.5,1,dn,0.123
all_atom,dual,GLGSVFGRLARILGRVIPKV,,,1,ZP-2.5,1,up,0.128
all_atom,dual,GLGSVFGRLARILGRVIPKV,,,1,ZP-2.5,2,dn,0.104
all_atom,dual,GLGSVFGRLARILGRVIPKV,,,1,ZP-2.5,2,up,0.117
all_atom,dual,GLGSVFGRLARILGRVIPKV,,,1,ZP-2.5,3,dn,0.166
all_atom,dual,GLGSVFGRLARILGRVIPKV,,,1,ZP-2.5,3,up,0.093
all_atom,dual,GLGSVFGRLARILGRVIPKV,,,1,ZP-2.5,4,dn,0.158
all_atom,dual,GLGSVFGRLARILGRVIPKV,,,1,ZP-2.5,4,up,0.126
all_atom,dual,GLGSVFGRLARILGRVIPKV,,,1,ZP-2.5,5,dn,0.114
all_atom,dual,GLGSVFGRLARILGRVIPKV,,,1,ZP-2.5,5,up,0.085
all_atom,dual,GLGSVFGRLARILGRVIPKV,,,1,ZP-3.5,1,dn,0.096
all_atom,dual,GLGSVFGRLARILGRVIPKV,,,1,ZP-3.5,1,up,0.12
all_atom,dual,GLGSVFGRLARILGRVIPKV,,,1,ZP-3.5,2,dn,0.081
all_atom,dual,GLGSVFGRLARILGRVIPKV,,,1,ZP-3.5,2,up,0.084
all_atom,dual,GLGSVFGRLARILGRVIPKV,,,1,ZP-3.5,3,dn,0.154
all_atom,dual,GLGSVFGRLARILGRVIPKV,,,1,ZP-3.5,3,up,0.072
all_atom,dual,GLGSVFGRLARILGRVIPKV,,,1,ZP-3.5,4,dn,0.128
all_atom,dual,GLGSVFGRLARILGRVIPKV,,,1,ZP-3.5,4,up,0.108
all_atom,dual,GLGSVFGRLARILGRVIPKV,,,1,ZP-3.5,5,dn,0.068
all_atom,dual,GLGSVFGRLARILGRVIPKV,,,1,ZP-3.5,5,up,0.097
all_atom,dual,GLGSVFGRLARILGRVIPKV,,,1,ZP-4.5,1,dn,0.103
all_atom,dual,GLGSVFGRLARILGRVIPKV,,,1,ZP-4.5,1,up,0.088
all_atom,dual,GLGSVFGRLARILGRVIPKV,,,1,ZP-4.5,2,dn,0.072
all_atom,dual,GLGSVFGRLARILGRVIPKV,,,1,ZP-4.5,2,up,0.079
all_atom,dual,GLGSVFGRLARILGRVIPKV,,,1,ZP-4.5,3,dn,0.1
all_atom,dual,GLGSVFGRLARILGRVIPKV,,,1,ZP-4.5,3,up,0.056
all_atom,dual,GLGSVFGRLARILGRVIPKV,,,1,ZP-4.5,4,dn,0.108
all_atom,dual,GLGSVFGRLARILGRVIPKV,,,1,ZP-4.5,4,up,0.082
all_atom,dual,GLGSVFGRLARILGRVIPKV,,,1,ZP-4.5,5,dn,0.044
all_atom,dual,GLGSVFGRLARILGRVIPKV,,,1,ZP-4.5,5,up,0.064
all_atom,dual,GLGSVFGRLARILGRVIPKV,,,1,ZP-5.5,1,dn,0.053
all_atom,dual,GLGSVFGRLARILGRVIPKV,,,1,ZP-5.5,1,up,0.068
all_atom,dual,GLGSVFGRLARILGRVIPKV,,,1,ZP-5.5,2,dn,0.034
all_atom,dual,GLGSVFGRLARILGRVIPKV,,,1,ZP-5.5,2,up,0.046
all_atom,dual,GLGSVFGRLARILGRVIPKV,,,1,ZP-5.5,3,dn,0.064
all_atom,dual,GLGSVFGRLARILGRVIPKV,,,1,ZP-5.5,3,up,0.052
all_atom,dual,GLGSVFGRLARILGRVIPKV,,,1,ZP-5.5,4,dn,0.086
all_atom,dual,GLGSVFGRLARILGRVIPKV,,,1,ZP-5.5,4,up,0.069
all_atom,dual,GLGSVFGRLARILGRVIPKV,,,1,ZP-5.5,5,dn,0.028
all_atom,dual,GLGSVFGRLARILGRVIPKV,,,1,ZP-5.5,5,up,0.041
all_atom,dual,GLGSVFGRLARILGRVIPKV,,,1,ZP-6.5,1,dn,0.044
all_atom,dual,GLGSVFGRLARILGRVIPKV,,,1,ZP-6.5,1,up,0.045
all_atom,dual,GLGSVFGRLARILGRVIPKV,,,1,ZP-6.5,2,dn,0.031
all_atom,dual,GLGSVFGRLARILGRVIPKV,,,1,ZP-6.5,2,up,0.029
all_atom,dual,GLGSVFGRLARILGRVIPKV,,,1,ZP-6.5,3,dn,0.033
all_atom,dual,GLGSVFGRLARILGRVIPKV,,,1,ZP-6.5,3,up,0.017
all_atom,dual,GLGSVFGRLARILGRVIPKV,,,1,ZP-6.5,4,dn,0.039
all_atom,dual,GLGSVFGRLARILGRVIPKV,,,1,ZP-6.5,4,up,0.031
all_atom,dual,GLGSVFGRLARILGRVIPKV,,,1,ZP-6.5,5,dn,0.015
all_atom,dual,GLGSVFGRLARILGRVIPKV,,,1,ZP-6.5,5,up,0.017
all_atom,dual,GLGSVFGRLARILGRVIPKV,,,1,ZP-7.5,1,dn,0.017
all_atom,dual,GLGSVFGRLARILGRVIPKV,,,1,ZP-7.5,1,up,0.022
all_atom,dual,GLGSVFGRLARILGRVIPKV,,,1,ZP-7.5,2,dn,0.013
all_atom,dual,GLGSVFGRLARILGRVIPKV,,,1,ZP-7.5,2,up,0.019
all_atom,dual,GLGSVFGRLARILGRVIPKV,,,1,ZP-7.5,3,dn,0.01
all_atom,dual,GLGSVFGRLARILGRVIPKV,,,1,ZP-7.5,3,up,0.006
all_atom,dual,GLGSVFGRLARILGRVIPKV,,,1,ZP-7.5,4,dn,0.013
all_atom,dual,GLGSVFGRLARILGRVIPKV,,,1,ZP-7.5,4,up,0.028
all_atom,dual,GLGSVFGRLARILGRVIPKV,,,1,ZP-7.5,5,dn,0.001
all_atom,dual,GLGSVFGRLARILGRVIPKV,,,1,ZP-7.5,5,up,0.011
all_atom,dual,GLGSVFGRLARILGRVIPKV,,,1,ZP-8.5,1,dn,0.008
all_atom,dual,GLGSVFGRLARILGRVIPKV,,,1,ZP-8.5,1,up,0.002
all_atom,dual,GLGSVFGRLARILGRVIPKV,,,1,ZP-8.5,2,dn,0.005
all_atom,dual,GLGSVFGRLARILGRVIPKV,,,1,ZP-8.5,2,up,0.003
all_atom,dual,GLGSVFGRLARILGRVIPKV,,,1,ZP-8.5,3,dn,0.004
all_atom,dual,GLGSVFGRLARILGRVIPKV,,,1,ZP-8.5,3,up,0.0
all_atom,dual,GLGSVFGRLARILGRVIPKV,,,1,ZP-8.5,4,dn,0.007
all_atom,dual,GLGSVFGRLARILGRVIPKV,,,1,ZP-8.5,4,up,0.007
all_atom,dual,GLGSVFGRLARILGRVIPKV,,,1,ZP-8.5,5,dn,0.004
all_atom,dual,GLGSVFGRLARILGRVIPKV,,,1,ZP-8.5,5,up,0.002
all_atom,dual,GLGSVFGRLARILGRVIPKV,,,1,ZP-9.5,1,dn,0.004
all_atom,dual,GLGSVFGRLARILGRVIPKV,,,1,ZP-9.5,1,up,0.001
all_atom,dual,GLGSVFGRLARILGRVIPKV,,,1,ZP-9.5,2,dn,0.001
all_atom,dual,GLGSVFGRLARILGRVIPKV,,,1,ZP-9.5,2,up,0.004
all_atom,dual,GLGSVFGRLARILGRVIPKV,,,1,ZP-9.5,3,dn,0.002
all_atom,dual,GLGSVFGRLARILGRVIPKV,,,1,ZP-9.5,3,up,0.0
all_atom,dual,GLGSVFGRLARILGRVIPKV,,,1,ZP-9.5,4,dn,0.001
all_atom,dual,GLGSVFGRLARILGRVIPKV,,,1,ZP-9.5,4,up,0.002
all_atom,dual,GLGSVFGRLARILGRVIPKV,,,1,ZP-9.5,5,dn,0.002
all_atom,dual,GLGSVFGRLARILGRVIPKV,,,1,ZP-9.5,5,up,0.0
all_atom,dual,GLGSVFGRLARILGRVIPKV,,,1,ZP0.5,1,dn,0.086
all_atom,dual,GLGSVFGRLARILGRVIPKV,,,1,ZP0.5,1,up,0.094
all_atom,dual,GLGSVFGRLARILGRVIPKV,,,1,ZP0.5,2,dn,0.129
all_atom,dual,GLGSVFGRLARILGRVIPKV,,,1,ZP0.5,2,up,0.128
all_atom,dual,GLGSVFGRLARILGRVIPKV,,,1,ZP0.5,3,dn,0.088
all_atom,dual,GLGSVFGRLARILGRVIPKV,,,1,ZP0.5,3,up,0.139
all_atom,dual,GLGSVFGRLARILGRVIPKV,,,1,ZP0.5,4,dn,0.097
all_atom,dual,GLGSVFGRLARILGRVIPKV,,,1,ZP0.5,4,up,0.12
all_atom,dual,GLGSVFGRLARILGRVIPKV,,,1,ZP0.5,5,dn,0.159
all_atom,dual,GLGSVFGRLARILGRVIPKV,,,1,ZP0.5,5,up,0.131
all_atom,dual,GLGSVFGRLARILGRVIPKV,,,1,ZP1.5,1,dn,0.088
all_atom,dual,GLGSVFGRLARILGRVIPKV,,,1,ZP1.5,1,up,0.077
all_atom,dual,GLGSVFGRLARILGRVIPKV,,,1,ZP1.5,2,dn,0.099
all_atom,dual,GLGSVFGRLARILGRVIPKV,,,1,ZP1.5,2,up,0.095
all_atom,dual,GLGSVFGRLARILGRVIPKV,,,1,ZP1.5,3,dn,0.043
all_atom,dual,GLGSVFGRLARILGRVIPKV,,,1,ZP1.5,3,up,0.125
all_atom,dual,GLGSVFGRLARILGRVIPKV,,,1,ZP1.5,4,dn,0.048
all_atom,dual,GLGSVFGRLARILGRVIPKV,,,1,ZP1.5,4,up,0.058
all_atom,dual,GLGSVFGRLARILGRVIPKV,,,1,ZP1.5,5,dn,0.122
all_atom,dual,GLGSVFGRLARILGRVIPKV,,,1,ZP1.5,5,up,0.11
all_atom,dual,GLGSVFGRLARILGRVIPKV,,,1,ZP2.5,1,dn,0.067
all_atom,dual,GLGSVFGRLARILGRVIPKV,,,1,ZP2.5,1,up,0.042
all_atom,dual,GLGSVFGRLARILGRVIPKV,,,1,ZP2.5,2,dn,0.068
all_atom,dual,GLGSVFGRLARILGRVIPKV,,,1,ZP2.5,2,up,0.086
all_atom,dual,GLGSVFGRLARILGRVIPKV,,,1,ZP2.5,3,dn,0.027
all_atom,dual,GLGSVFGRLARILGRVIPKV,,,1,ZP2.5,3,up,0.1
all_atom,dual,GLGSVFGRLARILGRVIPKV,,,1,ZP2.5,4,dn,0.048
all_atom,dual,GLGSVFGRLARILGRVIPKV,,,1,ZP2.5,4,up,0.031
all_atom,dual,GLGSVFGRLARILGRVIPKV,,,1,ZP2.5,5,dn,0.061
all_atom,dual,GLGSVFGRLARILGRVIPKV,,,1,ZP2.5,5,up,0.079
all_atom,dual,GLGSVFGRLARILGRVIPKV,,,1,ZP3.5,1,dn,0.03
all_atom,dual,GLGSVFGRLARILGRVIPKV,,,1,ZP3.5,1,up,0.022
all_atom,dual,GLGSVFGRLARILGRVIPKV,,,1,ZP3.5,2,dn,0.052
all_atom,dual,GLGSVFGRLARILGRVIPKV,,,1,ZP3.5,2,up,0.046
all_atom,dual,GLGSVFGRLARILGRVIPKV,,,1,ZP3.5,3,dn,0.011
all_atom,dual,GLGSVFGRLARILGRVIPKV,,,1,ZP3.5,3,up,0.056
all_atom,dual,GLGSVFGRLARILGRVIPKV,,,1,ZP3.5,4,dn,0.02
all_atom,dual,GLGSVFGRLARILGRVIPKV,,,1,ZP3.5,4,up,0.024
all_atom,dual,GLGSVFGRLARILGRVIPKV,,,1,ZP3.5,5,dn,0.055
all_atom,dual,GLGSVFGRLARILGRVIPKV,,,1,ZP3.5,5,up,0.065
all_atom,dual,GLGSVFGRLARILGRVIPKV,,,1,ZP4.5,1,dn,0.018
all_atom,dual,GLGSVFGRLARILGRVIPKV,,,1,ZP4.5,1,up,0.009
all_atom,dual,GLGSVFGRLARILGRVIPKV,,,1,ZP4.5,2,dn,0.025
all_atom,dual,GLGSVFGRLARILGRVIPKV,,,1,ZP4.5,2,up,0.026
all_atom,dual,GLGSVFGRLARILGRVIPKV,,,1,ZP4.5,3,dn,0.004
all_atom,dual,GLGSVFGRLARILGRVIPKV,,,1,ZP4.5,3,up,0.023
all_atom,dual,GLGSVFGRLARILGRVIPKV,,,1,ZP4.5,4,dn,0.006
all_atom,dual,GLGSVFGRLARILGRVIPKV,,,1,ZP4.5,4,up,0.011
all_atom,dual,GLGSVFGRLARILGRVIPKV,,,1,ZP4.5,5,dn,0.026
all_atom,dual,GLGSVFGRLARILGRVIPKV,,,1,ZP4.5,5,up,0.021
all_atom,dual,GLGSVFGRLARILGRVIPKV,,,1,ZP5.5,1,dn,0.007
all_atom,dual,GLGSVFGRLARILGRVIPKV,,,1,ZP5.5,1,up,0.004
all_atom,dual,GLGSVFGRLARILGRVIPKV,,,1,ZP5.5,2,dn,0.022
all_atom,dual,GLGSVFGRLARILGRVIPKV,,,1,ZP5.5,2,up,0.004
all_atom,dual,GLGSVFGRLARILGRVIPKV,,,1,ZP5.5,3,dn,0.001
all_atom,dual,GLGSVFGRLARILGRVIPKV,,,1,ZP5.5,3,up,0.01
all_atom,dual,GLGSVFGRLARILGRVIPKV,,,1,ZP5.5,4,dn,0.001
all_atom,dual,GLGSVFGRLARILGRVIPKV,,,1,ZP5.5,4,up,0.012
all_atom,dual,GLGSVFGRLARILGRVIPKV,,,1,ZP5.5,5,dn,0.012
all_atom,dual,GLGSVFGRLARILGRVIPKV,,,1,ZP5.5,5,up,0.012
all_atom,dual,GLGSVFGRLARILGRVIPKV,,,1,ZP6.5,1,dn,0.005
all_atom,dual,GLGSVFGRLARILGRVIPKV,,,1,ZP6.5,1,up,0.0
all_atom,dual,GLGSVFGRLARILGRVIPKV,,,1,ZP6.5,2,dn,0.002
all_atom,dual,GLGSVFGRLARILGRVIPKV,,,1,ZP6.5,2,up,0.002
all_atom,dual,GLGSVFGRLARILGRVIPKV,,,1,ZP6.5,3,dn,0.0
all_atom,dual,GLGSVFGRLARILGRVIPKV,,,1,ZP6.5,3,up,0.003
all_atom,dual,GLGSVFGRLARILGRVIPKV,,,1,ZP6.5,4,dn,0.002
all_atom,dual,GLGSVFGRLARILGRVIPKV,,,1,ZP6.5,4,up,0.003
all_atom,dual,GLGSVFGRLARILGRVIPKV,,,1,ZP6.5,5,dn,0.004
all_atom,dual,GLGSVFGRLARILGRVIPKV,,,1,ZP6.5,5,up,0.003
all_atom,dual,GLGSVFGRLARILGRVIPKV,,,1,ZP7.5,1,dn,0.003
all_atom,dual,GLGSVFGRLARILGRVIPKV,,,1,ZP7.5,1,up,0.001
all_atom,dual,GLGSVFGRLARILGRVIPKV,,,1,ZP7.5,2,dn,0.005
all_atom,dual,GLGSVFGRLARILGRVIPKV,,,1,ZP7.5,2,up,0.001
all_atom,dual,GLGSVFGRLARILGRVIPKV,,,1,ZP7.5,3,dn,0.0
all_atom,dual,GLGSVFGRLARILGRVIPKV,,,1,ZP7.5,3,up,0.002
all_atom,dual,GLGSVFGRLARILGRVIPKV,,,1,ZP7.5,4,dn,0.0
all_atom,dual,GLGSVFGRLARILGRVIPKV,,,1,ZP7.5,4,up,0.001
all_atom,dual,GLGSVFGRLARILGRVIPKV,,,1,ZP7.5,5,dn,0.001
all_atom,dual,GLGSVFGRLARILGRVIPKV,,,1,ZP7.5,5,up,0.002
all_atom,dual,GLGSVFGRLARILGRVIPKV,,,1,ZP8.5,1,dn,0.001
all_atom,dual,GLGSVFGRLARILGRVIPKV,,,1,ZP8.5,1,up,0.0
all_atom,dual,GLGSVFGRLARILGRVIPKV,,,1,ZP8.5,2,dn,0.002
all_atom,dual,GLGSVFGRLARILGRVIPKV,,,1,ZP8.5,2,up,0.0
all_atom,dual,GLGSVFGRLARILGRVIPKV,,,1,ZP8.5,3,dn,0.0
all_atom,dual,GLGSVFGRLARILGRVIPKV,,,1,ZP8.5,3,up,0.0
all_atom,dual,GLGSVFGRLARILGRVIPKV,,,1,ZP8.5,4,dn,0.0
all_atom,dual,GLGSVFGRLARILGRVIPKV,,,1,ZP8.5,4,up,0.0
all_atom,dual,GLGSVFGRLARILGRVIPKV,,,1,ZP8.5,5,dn,0.0
all_atom,dual,GLGSVFGRLARILGRVIPKV,,,1,ZP8.5,5,up,0.0
all_atom,dual,GLGSVFGRLARILGRVIPKV,,,1,ZP9.5,1,dn,0.0
all_atom,dual,GLGSVFGRLARILGRVIPKV,,,1,ZP9.5,1,up,0.0
all_atom,dual,GLGSVFGRLARILGRVIPKV,,,1,ZP9.5,2,dn,0.0
all_atom,dual,GLGSVFGRLARILGRVIPKV,,,1,ZP9.5,2,up,0.0
all_atom,dual,GLGSVFGRLARILGRVIPKV,,,1,ZP9.5,3,dn,0.0
all_atom,dual,GLGSVFGRLARILGRVIPKV,,,1,ZP9.5,3,up,0.0
all_atom,dual,GLGSVFGRLARILGRVIPKV,,,1,ZP9.5,4,dn,0.0
all_atom,dual,GLGSVFGRLARILGRVIPKV,,,1,ZP9.5,4,up,0.0
all_atom,dual,GLGSVFGRLARILGRVIPKV,,,1,ZP9.5,5,dn,0.0
all_atom,dual,GLGSVFGRLARILGRVIPKV,,,1,ZP9.5,5,up,0.0
all_atom,dual,GLNALKKVFQKIHEAIKKINNHVQ,,,1,APLA12.5,1,dn,56.515
all_atom,dual,GLNALKKVFQKIHEAIKKINNHVQ,,,1,APLA12.5,1,up,57.45
all_atom,dual,GLNALKKVFQKIHEAIKKINNHVQ,,,1,APLA12.5,2,dn,57.642
all_atom,dual,GLNALKKVFQKIHEAIKKINNHVQ,,,1,APLA12.5,2,up,57.883
all_atom,dual,GLNALKKVFQKIHEAIKKINNHVQ,,,1,APLA12.5,3,dn,58.016
all_atom,dual,GLNALKKVFQKIHEAIKKINNHVQ,,,1,APLA12.5,3,up,59.855
all_atom,dual,GLNALKKVFQKIHEAIKKINNHVQ,,,1,APLA12.5,4,dn,58.409
all_atom,dual,GLNALKKVFQKIHEAIKKINNHVQ,,,1,APLA12.5,4,up,59.454
all_atom,dual,GLNALKKVFQKIHEAIKKINNHVQ,,,1,APLA12.5,5,dn,58.522
all_atom,dual,GLNALKKVFQKIHEAIKKINNHVQ,,,1,APLA12.5,5,up,58.47
all_atom,dual,GLNALKKVFQKIHEAIKKINNHVQ,,,1,APLA17.5,1,dn,58.537
all_atom,dual,GLNALKKVFQKIHEAIKKINNHVQ,,,1,APLA17.5,1,up,57.576
all_atom,dual,GLNALKKVFQKIHEAIKKINNHVQ,,,1,APLA17.5,2,dn,57.022
all_atom,dual,GLNALKKVFQKIHEAIKKINNHVQ,,,1,APLA17.5,2,up,56.358
all_atom,dual,GLNALKKVFQKIHEAIKKINNHVQ,,,1,APLA17.5,3,dn,56.675
all_atom,dual,GLNALKKVFQKIHEAIKKINNHVQ,,,1,APLA17.5,3,up,59.04
all_atom,dual,GLNALKKVFQKIHEAIKKINNHVQ,,,1,APLA17.5,4,dn,56.429
all_atom,dual,GLNALKKVFQKIHEAIKKINNHVQ,,,1,APLA17.5,4,up,59.969
all_atom,dual,GLNALKKVFQKIHEAIKKINNHVQ,,,1,APLA17.5,5,dn,56.094
all_atom,dual,GLNALKKVFQKIHEAIKKINNHVQ,,,1,APLA17.5,5,up,58.448
all_atom,dual,GLNALKKVFQKIHEAIKKINNHVQ,,,1,APLA2.5,1,dn,88.211
all_atom,dual,GLNALKKVFQKIHEAIKKINNHVQ,,,1,APLA2.5,1,up,90.731
all_atom,dual,GLNALKKVFQKIHEAIKKINNHVQ,,,1,APLA2.5,2,dn,90.133
all_atom,dual,GLNALKKVFQKIHEAIKKINNHVQ,,,1,APLA2.5,2,up,91.777
all_atom,dual,GLNALKKVFQKIHEAIKKINNHVQ,,,1,APLA2.5,3,dn,95.812
all_atom,dual,GLNALKKVFQKIHEAIKKINNHVQ,,,1,APLA2.5,3,up,89.753
all_atom,dual,GLNALKKVFQKIHEAIKKINNHVQ,,,1,APLA2.5,4,dn,97.106
all_atom,dual,GLNALKKVFQKIHEAIKKINNHVQ,,,1,APLA2.5,4,up,85.216
all_atom,dual,GLNALKKVFQKIHEAIKKINNHVQ,,,1,APLA2.5,5,dn,92.253
all_atom,dual,GLNALKKVFQKIHEAIKKINNHVQ,,,1,APLA2.5,5,up,85.296
all_atom,dual,GLNALKKVFQKIHEAIKKINNHVQ,,,1,APLA7.5,1,dn,64.752
all_atom,dual,GLNALKKVFQKIHEAIKKINNHVQ,,,1,APLA7.5,1,up,65.193
all_atom,dual,GLNALKKVFQKIHEAIKKINNHVQ,,,1,APLA7.5,2,dn,65.216
all_atom,dual,GLNALKKVFQKIHEAIKKINNHVQ,,,1,APLA7.5,2,up,66.162
all_atom,dual,GLNALKKVFQKIHEAIKKINNHVQ,,,1,APLA7.5,3,dn,67.532
all_atom,dual,GLNALKKVFQKIHEAIKKINNHVQ,,,1,APLA7.5,3,up,65.265
all_atom,dual,GLNALKKVFQKIHEAIKKINNHVQ,,,1,APLA7.5,4,dn,68.136
all_atom,dual,GLNALKKVFQKIHEAIKKINNHVQ,,,1,APLA7.5,4,up,63.008
all_atom,dual,GLNALKKVFQKIHEAIKKINNHVQ,,,1,APLA7.5,5,dn,64.125
all_atom,dual,GLNALKKVFQKIHEAIKKINNHVQ,,,1,APLA7.5,5,up,63.319
all_atom,dual,GLNALKKVFQKIHEAIKKINNHVQ,,,1,APLS12.5,1,dn,3.389
all_atom,dual,GLNALKKVFQKIHEAIKKINNHVQ,,,1,APLS12.5,1,up,3.655
all_atom,dual,GLNALKKVFQKIHEAIKKINNHVQ,,,1,APLS12.5,2,dn,3.399
all_atom,dual,GLNALKKVFQKIHEAIKKINNHVQ,,,1,APLS12.5,2,up,3.54
all_atom,dual,GLNALKKVFQKIHEAIKKINNHVQ,,,1,APLS12.5,3,dn,3.469
all_atom,dual,GLNALKKVFQKIHEAIKKINNHVQ,,,1,APLS12.5,3,up,3.558
all_atom,dual,GLNALKKVFQKIHEAIKKINNHVQ,,,1,APLS12.5,4,dn,3.704
all_atom,dual,GLNALKKVFQKIHEAIKKINNHVQ,,,1,APLS12.5,4,up,3.822
all_atom,dual,GLNALKKVFQKIHEAIKKINNHVQ,,,1,APLS12.5,5,dn,4.07
all_atom,dual,GLNALKKVFQKIHEAIKKINNHVQ,,,1,APLS12.5,5,up,3.704
all_atom,dual,GLNALKKVFQKIHEAIKKINNHVQ,,,1,APLS17.5,1,dn,3.84
all_atom,dual,GLNALKKVFQKIHEAIKKINNHVQ,,,1,APLS17.5,1,up,3.611
all_atom,dual,GLNALKKVFQKIHEAIKKINNHVQ,,,1,APLS17.5,2,dn,3.556
all_atom,dual,GLNALKKVFQKIHEAIKKINNHVQ,,,1,APLS17.5,2,up,3.719
all_atom,dual,GLNALKKVFQKIHEAIKKINNHVQ,,,1,APLS17.5,3,dn,3.503
all_atom,dual,GLNALKKVFQKIHEAIKKINNHVQ,,,1,APLS17.5,3,up,3.658
all_atom,dual,GLNALKKVFQKIHEAIKKINNHVQ,,,1,APLS17.5,4,dn,3.563
all_atom,dual,GLNALKKVFQKIHEAIKKINNHVQ,,,1,APLS17.5,4,up,3.658
all_atom,dual,GLNALKKVFQKIHEAIKKINNHVQ,,,1,APLS17.5,5,dn,3.941
all_atom,dual,GLNALKKVFQKIHEAIKKINNHVQ,,,1,APLS17.5,5,up,3.775
all_atom,dual,GLNALKKVFQKIHEAIKKINNHVQ,,,1,APLS2.5,1,dn,8.703
all_atom,dual,GLNALKKVFQKIHEAIKKINNHVQ,,,1,APLS2.5,1,up,8.278
all_atom,dual,GLNALKKVFQKIHEAIKKINNHVQ,,,1,APLS2.5,2,dn,8.236
all_atom,dual,GLNALKKVFQKIHEAIKKINNHVQ,,,1,APLS2.5,2,up,9.602
all_atom,dual,GLNALKKVFQKIHEAIKKINNHVQ,,,1,APLS2.5,3,dn,7.875
all_atom,dual,GLNALKKVFQKIHEAIKKINNHVQ,,,1,APLS2.5,3,up,9.819
all_atom,dual,GLNALKKVFQKIHEAIKKINNHVQ,,,1,APLS2.5,4,dn,10.212
all_atom,dual,GLNALKKVFQKIHEAIKKINNHVQ,,,1,APLS2.5,4,up,8.92
all_atom,dual,GLNALKKVFQKIHEAIKKINNHVQ,,,1,APLS2.5,5,dn,10.226
all_atom,dual,GLNALKKVFQKIHEAIKKINNHVQ,,,1,APLS2.5,5,up,7.652
all_atom,dual,GLNALKKVFQKIHEAIKKINNHVQ,,,1,APLS7.5,1,dn,5.637
all_atom,dual,GLNALKKVFQKIHEAIKKINNHVQ,,,1,APLS7.5,1,up,5.479
all_atom,dual,GLNALKKVFQKIHEAIKKINNHVQ,,,1,APLS7.5,2,dn,6.314
all_atom,dual,GLNALKKVFQKIHEAIKKINNHVQ,,,1,APLS7.5,2,up,6.863
all_atom,dual,GLNALKKVFQKIHEAIKKINNHVQ,,,1,APLS7.5,3,dn,7.398
all_atom,dual,GLNALKKVFQKIHEAIKKINNHVQ,,,1,APLS7.5,3,up,6.042
all_atom,dual,GLNALKKVFQKIHEAIKKINNHVQ,,,1,APLS7.5,4,dn,7.547
all_atom,dual,GLNALKKVFQKIHEAIKKINNHVQ,,,1,APLS7.5,4,up,6.554
all_atom,dual,GLNALKKVFQKIHEAIKKINNHVQ,,,1,APLS7.5,5,dn,7.119
all_atom,dual,GLNALKKVFQKIHEAIKKINNHVQ,,,1,APLS7.5,5,up,4.534
all_atom,dual,GLNALKKVFQKIHEAIKKINNHVQ,,,1,H0,1,dn,0.0
all_atom,dual,GLNALKKVFQKIHEAIKKINNHVQ,,,1,H0,1,up,0.0
all_atom,dual,GLNALKKVFQKIHEAIKKINNHVQ,,,1,H0,2,dn,0.0
all_atom,dual,GLNALKKVFQKIHEAIKKINNHVQ,,,1,H0,2,up,0.0
all_atom,dual,GLNALKKVFQKIHEAIKKINNHVQ,,,1,H0,3,dn,0.0
all_atom,dual,GLNALKKVFQKIHEAIKKINNHVQ,,,1,H0,3,up,0.0
all_atom,dual,GLNALKKVFQKIHEAIKKINNHVQ,,,1,H0,4,dn,0.0
all_atom,dual,GLNALKKVFQKIHEAIKKINNHVQ,,,1,H0,4,up,0.0
all_atom,dual,GLNALKKVFQKIHEAIKKINNHVQ,,,1,H0,5,dn,0.0
all_atom,dual,GLNALKKVFQKIHEAIKKINNHVQ,,,1,H0,5,up,0.0
all_atom,dual,GLNALKKVFQKIHEAIKKINNHVQ,,,1,H1,1,dn,0.98
all_atom,dual,GLNALKKVFQKIHEAIKKINNHVQ,,,1,H1,1,up,0.638
all_atom,dual,GLNALKKVFQKIHEAIKKINNHVQ,,,1,H1,2,dn,0.947
all_atom,dual,GLNALKKVFQKIHEAIKKINNHVQ,,,1,H1,2,up,0.983
all_atom,dual,GLNALKKVFQKIHEAIKKINNHVQ,,,1,H1,3,dn,0.827
all_atom,dual,GLNALKKVFQKIHEAIKKINNHVQ,,,1,H1,3,up,0.99
all_atom,dual,GLNALKKVFQKIHEAIKKINNHVQ,,,1,H1,4,dn,1.0
all_atom,dual,GLNALKKVFQKIHEAIKKINNHVQ,,,1,H1,4,up,1.0
all_atom,dual,GLNALKKVFQKIHEAIKKINNHVQ,,,1,H1,5,dn,0.955
all_atom,dual,GLNALKKVFQKIHEAIKKINNHVQ,,,1,H1,5,up,0.98
all_atom,dual,GLNALKKVFQKIHEAIKKINNHVQ,,,1,H10,1,dn,0.0
all_atom,dual,GLNALKKVFQKIHEAIKKINNHVQ,,,1,H10,1,up,0.0
all_atom,dual,GLNALKKVFQKIHEAIKKINNHVQ,,,1,H10,2,dn,0.0
all_atom,dual,GLNALKKVFQKIHEAIKKINNHVQ,,,1,H10,2,up,0.0
all_atom,dual,GLNALKKVFQKIHEAIKKINNHVQ,,,1,H10,3,dn,0.0
all_atom,dual,GLNALKKVFQKIHEAIKKINNHVQ,,,1,H10,3,up,0.0
all_atom,dual,GLNALKKVFQKIHEAIKKINNHVQ,,,1,H10,4,dn,0.0
all_atom,dual,GLNALKKVFQKIHEAIKKINNHVQ,,,1,H10,4,up,0.0
all_atom,dual,GLNALKKVFQKIHEAIKKINNHVQ,,,1,H10,5,dn,0.0
all_atom,dual,GLNALKKVFQKIHEAIKKINNHVQ,,,1,H10,5,up,0.0
all_atom,dual,GLNALKKVFQKIHEAIKKINNHVQ,,,1,H2,1,dn,0.996
all_atom,dual,GLNALKKVFQKIHEAIKKINNHVQ,,,1,H2,1,up,0.909
all_atom,dual,GLNALKKVFQKIHEAIKKINNHVQ,,,1,H2,2,dn,0.984
all_atom,dual,GLNALKKVFQKIHEAIKKINNHVQ,,,1,H2,2,up,1.0
all_atom,dual,GLNALKKVFQKIHEAIKKINNHVQ,,,1,H2,3,dn,1.0
all_atom,dual,GLNALKKVFQKIHEAIKKINNHVQ,,,1,H2,3,up,1.0
all_atom,dual,GLNALKKVFQKIHEAIKKINNHVQ,,,1,H2,4,dn,1.0
all_atom,dual,GLNALKKVFQKIHEAIKKINNHVQ,,,1,H2,4,up,1.0
all_atom,dual,GLNALKKVFQKIHEAIKKINNHVQ,,,1,H2,5,dn,0.99
all_atom,dual,GLNALKKVFQKIHEAIKKINNHVQ,,,1,H2,5,up,1.0
all_atom,dual,GLNALKKVFQKIHEAIKKINNHVQ,,,1,H3,1,dn,1.0
all_atom,dual,GLNALKKVFQKIHEAIKKINNHVQ,,,1,H3,1,up,0.987
all_atom,dual,GLNALKKVFQKIHEAIKKINNHVQ,,,1,H3,2,dn,1.0
all_atom,dual,GLNALKKVFQKIHEAIKKINNHVQ,,,1,H3,2,up,1.0
all_atom,dual,GLNALKKVFQKIHEAIKKINNHVQ,,,1,H3,3,dn,1.0
all_atom,dual,GLNALKKVFQKIHEAIKKINNHVQ,,,1,H3,3,up,1.0
all_atom,dual,GLNALKKVFQKIHEAIKKINNHVQ,,,1,H3,4,dn,1.0
all_atom,dual,GLNALKKVFQKIHEAIKKINNHVQ,,,1,H3,4,up,1.0
all_atom,dual,GLNALKKVFQKIHEAIKKINNHVQ,,,1,H3,5,dn,1.0
all_atom,dual,GLNALKKVFQKIHEAIKKINNHVQ,,,1,H3,5,up,1.0
all_atom,dual,GLNALKKVFQKIHEAIKKINNHVQ,,,1,H4,1,dn,1.0
all_atom,dual,GLNALKKVFQKIHEAIKKINNHVQ,,,1,H4,1,up,1.0
all_atom,dual,GLNALKKVFQKIHEAIKKINNHVQ,,,1,H4,2,dn,1.0
all_atom,dual,GLNALKKVFQKIHEAIKKINNHVQ,,,1,H4,2,up,1.0
all_atom,dual,GLNALKKVFQKIHEAIKKINNHVQ,,,1,H4,3,dn,1.0
all_atom,dual,GLNALKKVFQKIHEAIKKINNHVQ,,,1,H4,3,up,1.0
all_atom,dual,GLNALKKVFQKIHEAIKKINNHVQ,,,1,H4,4,dn,1.0
all_atom,dual,GLNALKKVFQKIHEAIKKINNHVQ,,,1,H4,4,up,1.0
all_atom,dual,GLNALKKVFQKIHEAIKKINNHVQ,,,1,H4,5,dn,1.0
all_atom,dual,GLNALKKVFQKIHEAIKKINNHVQ,,,1,H4,5,up,1.0
all_atom,dual,GLNALKKVFQKIHEAIKKINNHVQ,,,1,H5,1,dn,1.0
all_atom,dual,GLNALKKVFQKIHEAIKKINNHVQ,,,1,H5,1,up,1.0
all_atom,dual,GLNALKKVFQKIHEAIKKINNHVQ,,,1,H5,2,dn,1.0
all_atom,dual,GLNALKKVFQKIHEAIKKINNHVQ,,,1,H5,2,up,1.0
all_atom,dual,GLNALKKVFQKIHEAIKKINNHVQ,,,1,H5,3,dn,1.0
all_atom,dual,GLNALKKVFQKIHEAIKKINNHVQ,,,1,H5,3,up,1.0
all_atom,dual,GLNALKKVFQKIHEAIKKINNHVQ,,,1,H5,4,dn,1.0
all_atom,dual,GLNALKKVFQKIHEAIKKINNHVQ,,,1,H5,4,up,1.0
all_atom,dual,GLNALKKVFQKIHEAIKKINNHVQ,,,1,H5,5,dn,1.0
all_atom,dual,GLNALKKVFQKIHEAIKKINNHVQ,,,1,H5,5,up,1.0
all_atom,dual,GLNALKKVFQKIHEAIKKINNHVQ,,,1,H6,1,dn,1.0
all_atom,dual,GLNALKKVFQKIHEAIKKINNHVQ,,,1,H6,1,up,1.0
all_atom,dual,GLNALKKVFQKIHEAIKKINNHVQ,,,1,H6,2,dn,1.0
all_atom,dual,GLNALKKVFQKIHEAIKKINNHVQ,,,1,H6,2,up,1.0
all_atom,dual,GLNALKKVFQKIHEAIKKINNHVQ,,,1,H6,3,dn,1.0
all_atom,dual,GLNALKKVFQKIHEAIKKINNHVQ,,,1,H6,3,up,1.0
all_atom,dual,GLNALKKVFQKIHEAIKKINNHVQ,,,1,H6,4,dn,1.0
all_atom,dual,GLNALKKVFQKIHEAIKKINNHVQ,,,1,H6,4,up,1.0
all_atom,dual,GLNALKKVFQKIHEAIKKINNHVQ,,,1,H6,5,dn,1.0
all_atom,dual,GLNALKKVFQKIHEAIKKINNHVQ,,,1,H6,5,up,1.0
all_atom,dual,GLNALKKVFQKIHEAIKKINNHVQ,,,1,H7,1,dn,1.0
all_atom,dual,GLNALKKVFQKIHEAIKKINNHVQ,,,1,H7,1,up,1.0
all_atom,dual,GLNALKKVFQKIHEAIKKINNHVQ,,,1,H7,2,dn,1.0
all_atom,dual,GLNALKKVFQKIHEAIKKINNHVQ,,,1,H7,2,up,1.0
all_atom,dual,GLNALKKVFQKIHEAIKKINNHVQ,,,1,H7,3,dn,1.0
all_atom,dual,GLNALKKVFQKIHEAIKKINNHVQ,,,1,H7,3,up,1.0
all_atom,dual,GLNALKKVFQKIHEAIKKINNHVQ,,,1,H7,4,dn,1.0
all_atom,dual,GLNALKKVFQKIHEAIKKINNHVQ,,,1,H7,4,up,0.937
all_atom,dual,GLNALKKVFQKIHEAIKKINNHVQ,,,1,H7,5,dn,1.0
all_atom,dual,GLNALKKVFQKIHEAIKKINNHVQ,,,1,H7,5,up,0.941
all_atom,dual,GLNALKKVFQKIHEAIKKINNHVQ,,,1,H8,1,dn,1.0
all_atom,dual,GLNALKKVFQKIHEAIKKINNHVQ,,,1,H8,1,up,1.0
all_atom,dual,GLNALKKVFQKIHEAIKKINNHVQ,,,1,H8,2,dn,1.0
all_atom,dual,GLNALKKVFQKIHEAIKKINNHVQ,,,1,H8,2,up,1.0
all_atom,dual,GLNALKKVFQKIHEAIKKINNHVQ,,,1,H8,3,dn,1.0
all_atom,dual,GLNALKKVFQKIHEAIKKINNHVQ,,,1,H8,3,up,1.0
all_atom,dual,GLNALKKVFQKIHEAIKKINNHVQ,,,1,H8,4,dn,1.0
all_atom,dual,GLNALKKVFQKIHEAIKKINNHVQ,,,1,H8,4,up,0.509
all_atom,dual,GLNALKKVFQKIHEAIKKINNHVQ,,,1,H8,5,dn,1.0
all_atom,dual,GLNALKKVFQKIHEAIKKINNHVQ,,,1,H8,5,up,0.525
all_atom,dual,GLNALKKVFQKIHEAIKKINNHVQ,,,1,H9,1,dn,0.986
all_atom,dual,GLNALKKVFQKIHEAIKKINNHVQ,,,1,H9,1,up,1.0
all_atom,dual,GLNALKKVFQKIHEAIKKINNHVQ,,,1,H9,2,dn,0.986
all_atom,dual,GLNALKKVFQKIHEAIKKINNHVQ,,,1,H9,2,up,0.979
all_atom,dual,GLNALKKVFQKIHEAIKKINNHVQ,,,1,H9,3,dn,0.976
all_atom,dual,GLNALKKVFQKIHEAIKKINNHVQ,,,1,H9,3,up,0.979
all_atom,dual,GLNALKKVFQKIHEAIKKINNHVQ,,,1,H9,4,dn,1.0
all_atom,dual,GLNALKKVFQKIHEAIKKINNHVQ,,,1,H9,4,up,0.198
all_atom,dual,GLNALKKVFQKIHEAIKKINNHVQ,,,1,H9,5,dn,0.976
all_atom,dual,GLNALKKVFQKIHEAIKKINNHVQ,,,1,H9,5,up,0.0
all_atom,dual,GLNALKKVFQKIHEAIKKINNHVQ,,,1,HM,1,dn,0.863
all_atom,dual,GLNALKKVFQKIHEAIKKINNHVQ,,,1,HM,1,up,0.84
all_atom,dual,GLNALKKVFQKIHEAIKKINNHVQ,,,1,HM,2,dn,0.862
all_atom,dual,GLNALKKVFQKIHEAIKKINNHVQ,,,1,HM,2,up,0.87
all_atom,dual,GLNALKKVFQKIHEAIKKINNHVQ,,,1,HM,3,dn,0.859
all_atom,dual,GLNALKKVFQKIHEAIKKINNHVQ,,,1,HM,3,up,0.871
all_atom,dual,GLNALKKVFQKIHEAIKKINNHVQ,,,1,HM,4,dn,0.875
all_atom,dual,GLNALKKVFQKIHEAIKKINNHVQ,,,1,HM,4,up,0.719
all_atom,dual,GLNALKKVFQKIHEAIKKINNHVQ,,,1,HM,5,dn,0.868
all_atom,dual,GLNALKKVFQKIHEAIKKINNHVQ,,,1,HM,5,up,0.698
all_atom,dual,GLNALKKVFQKIHEAIKKINNHVQ,,,1,PEPT_BUR_MAX,1,dn,6.71
all_atom,dual,GLNALKKVFQKIHEAIKKINNHVQ,,,1,PEPT_BUR_MAX,1,up,2.24
all_atom,dual,GLNALKKVFQKIHEAIKKINNHVQ,,,1,PEPT_BUR_MAX,2,dn,6.07
all_atom,dual,GLNALKKVFQKIHEAIKKINNHVQ,,,1,PEPT_BUR_MAX,2,up,4.32
all_atom,dual,GLNALKKVFQKIHEAIKKINNHVQ,,,1,PEPT_BUR_MAX,3,dn,6.61
all_atom,dual,GLNALKKVFQKIHEAIKKINNHVQ,,,1,PEPT_BUR_MAX,3,up,5.93
all_atom,dual,GLNALKKVFQKIHEAIKKINNHVQ,,,1,PEPT_BUR_MAX,4,dn,4.45
all_atom,dual,GLNALKKVFQKIHEAIKKINNHVQ,,,1,PEPT_BUR_MAX,4,up,3.69
all_atom,dual,GLNALKKVFQKIHEAIKKINNHVQ,,,1,PEPT_BUR_MAX,5,dn,4.78
all_atom,dual,GLNALKKVFQKIHEAIKKINNHVQ,,,1,PEPT_BUR_MAX,5,up,5.79
all_atom,dual,GLNALKKVFQKIHEAIKKINNHVQ,,,1,S,1,dn,0.872
all_atom,dual,GLNALKKVFQKIHEAIKKINNHVQ,,,1,S,1,up,0.872
all_atom,dual,GLNALKKVFQKIHEAIKKINNHVQ,,,1,S,2,dn,0.897
all_atom,dual,GLNALKKVFQKIHEAIKKINNHVQ,,,1,S,2,up,0.863
all_atom,dual,GLNALKKVFQKIHEAIKKINNHVQ,,,1,S,3,dn,0.855
all_atom,dual,GLNALKKVFQKIHEAIKKINNHVQ,,,1,S,3,up,0.871
all_atom,dual,GLNALKKVFQKIHEAIKKINNHVQ,,,1,S,4,dn,0.87
all_atom,dual,GLNALKKVFQKIHEAIKKINNHVQ,,,1,S,4,up,0.839
all_atom,dual,GLNALKKVFQKIHEAIKKINNHVQ,,,1,S,5,dn,0.868
all_atom,dual,GLNALKKVFQKIHEAIKKINNHVQ,,,1,S,5,up,0.695
all_atom,dual,GLNALKKVFQKIHEAIKKINNHVQ,,,1,WAT_BUR_MAX,1,dn,7.25
all_atom,dual,GLNALKKVFQKIHEAIKKINNHVQ,,,1,WAT_BUR_MAX,1,up,7.07
all_atom,dual,GLNALKKVFQKIHEAIKKINNHVQ,,,1,WAT_BUR_MAX,2,dn,8.39
all_atom,dual,GLNALKKVFQKIHEAIKKINNHVQ,,,1,WAT_BUR_MAX,2,up,7.62
all_atom,dual,GLNALKKVFQKIHEAIKKINNHVQ,,,1,WAT_BUR_MAX,3,dn,9.73
all_atom,dual,GLNALKKVFQKIHEAIKKINNHVQ,,,1,WAT_BUR_MAX,3,up,6.68
all_atom,dual,GLNALKKVFQKIHEAIKKINNHVQ,,,1,WAT_BUR_MAX,4,dn,7.27
all_atom,dual,GLNALKKVFQKIHEAIKKINNHVQ,,,1,WAT_BUR_MAX,4,up,5.25
all_atom,dual,GLNALKKVFQKIHEAIKKINNHVQ,,,1,WAT_BUR_MAX,5,dn,8.98
all_atom,dual,GLNALKKVFQKIHEAIKKINNHVQ,,,1,WAT_BUR_MAX,5,up,8.19
all_atom,dual,GLNALKKVFQKIHEAIKKINNHVQ,,,1,WAT_BUR_REL,1,dn,2.85
all_atom,dual,GLNALKKVFQKIHEAIKKINNHVQ,,,1,WAT_BUR_REL,1,up,3.32
all_atom,dual,GLNALKKVFQKIHEAIKKINNHVQ,,,1,WAT_BUR_REL,2,dn,2.71
all_atom,dual,GLNALKKVFQKIHEAIKKINNHVQ,,,1,WAT_BUR_REL,2,up,2.8
all_atom,dual,GLNALKKVFQKIHEAIKKINNHVQ,,,1,WAT_BUR_REL,3,dn,3.18
all_atom,dual,GLNALKKVFQKIHEAIKKINNHVQ,,,1,WAT_BUR_REL,3,up,2.72
all_atom,dual,GLNALKKVFQKIHEAIKKINNHVQ,,,1,WAT_BUR_REL,4,dn,2.86
all_atom,dual,GLNALKKVFQKIHEAIKKINNHVQ,,,1,WAT_BUR_REL,4,up,2.23
all_atom,dual,GLNALKKVFQKIHEAIKKINNHVQ,,,1,WAT_BUR_REL,5,dn,2.85
all_atom,dual,GLNALKKVFQKIHEAIKKINNHVQ,,,1,WAT_BUR_REL,5,up,2.47
all_atom,dual,GLNALKKVFQKIHEAIKKINNHVQ,,,1,ZP-0.5,1,dn,0.145
all_atom,dual,GLNALKKVFQKIHEAIKKINNHVQ,,,1,ZP-0.5,1,up,0.155
all_atom,dual,GLNALKKVFQKIHEAIKKINNHVQ,,,1,ZP-0.5,2,dn,0.122
all_atom,dual,GLNALKKVFQKIHEAIKKINNHVQ,,,1,ZP-0.5,2,up,0.125
all_atom,dual,GLNALKKVFQKIHEAIKKINNHVQ,,,1,ZP-0.5,3,dn,0.137
all_atom,dual,GLNALKKVFQKIHEAIKKINNHVQ,,,1,ZP-0.5,3,up,0.093
all_atom,dual,GLNALKKVFQKIHEAIKKINNHVQ,,,1,ZP-0.5,4,dn,0.104
all_atom,dual,GLNALKKVFQKIHEAIKKINNHVQ,,,1,ZP-0.5,4,up,0.097
all_atom,dual,GLNALKKVFQKIHEAIKKINNHVQ,,,1,ZP-0.5,5,dn,0.135
all_atom,dual,GLNALKKVFQKIHEAIKKINNHVQ,,,1,ZP-0.5,5,up,0.104
all_atom,dual,GLNALKKVFQKIHEAIKKINNHVQ,,,1,ZP-1.5,1,dn,0.134
all_atom,dual,GLNALKKVFQKIHEAIKKINNHVQ,,,1,ZP-1.5,1,up,0.13
all_atom,dual,GLNALKKVFQKIHEAIKKINNHVQ,,,1,ZP-1.5,2,dn,0.134
all_atom,dual,GLNALKKVFQKIHEAIKKINNHVQ,,,1,ZP-1.5,2,up,0.123
all_atom,dual,GLNALKKVFQKIHEAIKKINNHVQ,,,1,ZP-1.5,3,dn,0.099
all_atom,dual,GLNALKKVFQKIHEAIKKINNHVQ,,,1,ZP-1.5,3,up,0.083
all_atom,dual,GLNALKKVFQKIHEAIKKINNHVQ,,,1,ZP-1.5,4,dn,0.103
all_atom,dual,GLNALKKVFQKIHEAIKKINNHVQ,,,1,ZP-1.5,4,up,0.096
all_atom,dual,GLNALKKVFQKIHEAIKKINNHVQ,,,1,ZP-1.5,5,dn,0.099
all_atom,dual,GLNALKKVFQKIHEAIKKINNHVQ,,,1,ZP-1.5,5,up,0.074
all_atom,dual,GLNALKKVFQKIHEAIKKINNHVQ,,,1,ZP-2.5,1,dn,0.099
all_atom,dual,GLNALKKVFQKIHEAIKKINNHVQ,,,1,ZP-2.5,1,up,0.111
all_atom,dual,GLNALKKVFQKIHEAIKKINNHVQ,,,1,ZP-2.5,2,dn,0.093
all_atom,dual,GLNALKKVFQKIHEAIKKINNHVQ,,,1,ZP-2.5,2,up,0.08
all_atom,dual,GLNALKKVFQKIHEAIKKINNHVQ,,,1,ZP-2.5,3,dn,0.073
all_atom,dual,GLNALKKVFQKIHEAIKKINNHVQ,,,1,ZP-2.5,3,up,0.064
all_atom,dual,GLNALKKVFQKIHEAIKKINNHVQ,,,1,ZP-2.5,4,dn,0.089
all_atom,dual,GLNALKKVFQKIHEAIKKINNHVQ,,,1,ZP-2.5,4,up,0.098
all_atom,dual,GLNALKKVFQKIHEAIKKINNHVQ,,,1,ZP-2.5,5,dn,0.089
all_atom,dual,GLNALKKVFQKIHEAIKKINNHVQ,,,1,ZP-2.5,5,up,0.066
all_atom,dual,GLNALKKVFQKIHEAIKKINNHVQ,,,1,ZP-3.5,1,dn,0.066
all_atom,dual,GLNALKKVFQKIHEAIKKINNHVQ,,,1,ZP-3.5,1,up,0.079
all_atom,dual,GLNALKKVFQKIHEAIKKINNHVQ,,,1,ZP-3.5,2,dn,0.062
all_atom,dual,GLNALKKVFQKIHEAIKKINNHVQ,,,1,ZP-3.5,2,up,0.082
all_atom,dual,GLNALKKVFQKIHEAIKKINNHVQ,,,1,ZP-3.5,3,dn,0.061
all_atom,dual,GLNALKKVFQKIHEAIKKINNHVQ,,,1,ZP-3.5,3,up,0.07
all_atom,dual,GLNALKKVFQKIHEAIKKINNHVQ,,,1,ZP-3.5,4,dn,0.059
all_atom,dual,GLNALKKVFQKIHEAIKKINNHVQ,,,1,ZP-3.5,4,up,0.075
all_atom,dual,GLNALKKVFQKIHEAIKKINNHVQ,,,1,ZP-3.5,5,dn,0.053
all_atom,dual,GLNALKKVFQKIHEAIKKINNHVQ,,,1,ZP-3.5,5,up,0.041
all_atom,dual,GLNALKKVFQKIHEAIKKINNHVQ,,,1,ZP-4.5,1,dn,0.049
all_atom,dual,GLNALKKVFQKIHEAIKKINNHVQ,,,1,ZP-4.5,1,up,0.047
all_atom,dual,GLNALKKVFQKIHEAIKKINNHVQ,,,1,ZP-4.5,2,dn,0.047
all_atom,dual,GLNALKKVFQKIHEAIKKINNHVQ,,,1,ZP-4.5,2,up,0.045
all_atom,dual,GLNALKKVFQKIHEAIKKINNHVQ,,,1,ZP-4.5,3,dn,0.032
all_atom,dual,GLNALKKVFQKIHEAIKKINNHVQ,,,1,ZP-4.5,3,up,0.051
all_atom,dual,GLNALKKVFQKIHEAIKKINNHVQ,,,1,ZP-4.5,4,dn,0.039
all_atom,dual,GLNALKKVFQKIHEAIKKINNHVQ,,,1,ZP-4.5,4,up,0.066
all_atom,dual,GLNALKKVFQKIHEAIKKINNHVQ,,,1,ZP-4.5,5,dn,0.035
all_atom,dual,GLNALKKVFQKIHEAIKKINNHVQ,,,1,ZP-4.5,5,up,0.033
all_atom,dual,GLNALKKVFQKIHEAIKKINNHVQ,,,1,ZP-5.5,1,dn,0.039
all_atom,dual,GLNALKKVFQKIHEAIKKINNHVQ,,,1,ZP-5.5,1,up,0.036
all_atom,dual,GLNALKKVFQKIHEAIKKINNHVQ,,,1,ZP-5.5,2,dn,0.038
all_atom,dual,GLNALKKVFQKIHEAIKKINNHVQ,,,1,ZP-5.5,2,up,0.021
all_atom,dual,GLNALKKVFQKIHEAIKKINNHVQ,,,1,ZP-5.5,3,dn,0.018
all_atom,dual,GLNALKKVFQKIHEAIKKINNHVQ,,,1,ZP-5.5,3,up,0.042
all_atom,dual,GLNALKKVFQKIHEAIKKINNHVQ,,,1,ZP-5.5,4,dn,0.039
all_atom,dual,GLNALKKVFQKIHEAIKKINNHVQ,,,1,ZP-5.5,4,up,0.057
all_atom,dual,GLNALKKVFQKIHEAIKKINNHVQ,,,1,ZP-5.5,5,dn,0.019
all_atom,dual,GLNALKKVFQKIHEAIKKINNHVQ,,,1,ZP-5.5,5,up,0.023
all_atom,dual,GLNALKKVFQKIHEAIKKINNHVQ,,,1,ZP-6.5,1,dn,0.015
all_atom,dual,GLNALKKVFQKIHEAIKKINNHVQ,,,1,ZP-6.5,1,up,0.023
all_atom,dual,GLNALKKVFQKIHEAIKKINNHVQ,,,1,ZP-6.5,2,dn,0.013
all_atom,dual,GLNALKKVFQKIHEAIKKINNHVQ,,,1,ZP-6.5,2,up,0.022
all_atom,dual,GLNALKKVFQKIHEAIKKINNHVQ,,,1,ZP-6.5,3,dn,0.005
all_atom,dual,GLNALKKVFQKIHEAIKKINNHVQ,,,1,ZP-6.5,3,up,0.024
all_atom,dual,GLNALKKVFQKIHEAIKKINNHVQ,,,1,ZP-6.5,4,dn,0.033
all_atom,dual,GLNALKKVFQKIHEAIKKINNHVQ,,,1,ZP-6.5,4,up,0.037
all_atom,dual,GLNALKKVFQKIHEAIKKINNHVQ,,,1,ZP-6.5,5,dn,0.009
all_atom,dual,GLNALKKVFQKIHEAIKKINNHVQ,,,1,ZP-6.5,5,up,0.011
all_atom,dual,GLNALKKVFQKIHEAIKKINNHVQ,,,1,ZP-7.5,1,dn,0.009
all_atom,dual,GLNALKKVFQKIHEAIKKINNHVQ,,,1,ZP-7.5,1,up,0.009
all_atom,dual,GLNALKKVFQKIHEAIKKINNHVQ,,,1,ZP-7.5,2,dn,0.012
all_atom,dual,GLNALKKVFQKIHEAIKKINNHVQ,,,1,ZP-7.5,2,up,0.004
all_atom,dual,GLNALKKVFQKIHEAIKKINNHVQ,,,1,ZP-7.5,3,dn,0.002
all_atom,dual,GLNALKKVFQKIHEAIKKINNHVQ,,,1,ZP-7.5,3,up,0.015
all_atom,dual,GLNALKKVFQKIHEAIKKINNHVQ,,,1,ZP-7.5,4,dn,0.019
all_atom,dual,GLNALKKVFQKIHEAIKKINNHVQ,,,1,ZP-7.5,4,up,0.025
all_atom,dual,GLNALKKVFQKIHEAIKKINNHVQ,,,1,ZP-7.5,5,dn,0.004
all_atom,dual,GLNALKKVFQKIHEAIKKINNHVQ,,,1,ZP-7.5,5,up,0.004
all_atom,dual,GLNALKKVFQKIHEAIKKINNHVQ,,,1,ZP-8.5,1,dn,0.005
all_atom,dual,GLNALKKVFQKIHEAIKKINNHVQ,,,1,ZP-8.5,1,up,0.008
all_atom,dual,GLNALKKVFQKIHEAIKKINNHVQ,,,1,ZP-8.5,2,dn,0.004
all_atom,dual,GLNALKKVFQKIHEAIKKINNHVQ,,,1,ZP-8.5,2,up,0.001
all_atom,dual,GLNALKKVFQKIHEAIKKINNHVQ,,,1,ZP-8.5,3,dn,0.001
all_atom,dual,GLNALKKVFQKIHEAIKKINNHVQ,,,1,ZP-8.5,3,up,0.003
all_atom,dual,GLNALKKVFQKIHEAIKKINNHVQ,,,1,ZP-8.5,4,dn,0.014
all_atom,dual,GLNALKKVFQKIHEAIKKINNHVQ,,,1,ZP-8.5,4,up,0.021
all_atom,dual,GLNALKKVFQKIHEAIKKINNHVQ,,,1,ZP-8.5,5,dn,0.002
all_atom,dual,GLNALKKVFQKIHEAIKKINNHVQ,,,1,ZP-8.5,5,up,0.005
all_atom,dual,GLNALKKVFQKIHEAIKKINNHVQ,,,1,ZP-9.5,1,dn,0.003
all_atom,dual,GLNALKKVFQKIHEAIKKINNHVQ,,,1,ZP-9.5,1,up,0.009
all_atom,dual,GLNALKKVFQKIHEAIKKINNHVQ,,,1,ZP-9.5,2,dn,0.004
all_atom,dual,GLNALKKVFQKIHEAIKKINNHVQ,,,1,ZP-9.5,2,up,0.001
all_atom,dual,GLNALKKVFQKIHEAIKKINNHVQ,,,1,ZP-9.5,3,dn,0.0
all_atom,dual,GLNALKKVFQKIHEAIKKINNHVQ,,,1,ZP-9.5,3,up,0.003
all_atom,dual,GLNALKKVFQKIHEAIKKINNHVQ,,,1,ZP-9.5,4,dn,0.003
all_atom,dual,GLNALKKVFQKIHEAIKKINNHVQ,,,1,ZP-9.5,4,up,0.009
all_atom,dual,GLNALKKVFQKIHEAIKKINNHVQ,,,1,ZP-9.5,5,dn,0.002
all_atom,dual,GLNALKKVFQKIHEAIKKINNHVQ,,,1,ZP-9.5,5,up,0.001
all_atom,dual,GLNALKKVFQKIHEAIKKINNHVQ,,,1,ZP0.5,1,dn,0.154
all_atom,dual,GLNALKKVFQKIHEAIKKINNHVQ,,,1,ZP0.5,1,up,0.14
all_atom,dual,GLNALKKVFQKIHEAIKKINNHVQ,,,1,ZP0.5,2,dn,0.127
all_atom,dual,GLNALKKVFQKIHEAIKKINNHVQ,,,1,ZP0.5,2,up,0.138
all_atom,dual,GLNALKKVFQKIHEAIKKINNHVQ,,,1,ZP0.5,3,dn,0.157
all_atom,dual,GLNALKKVFQKIHEAIKKINNHVQ,,,1,ZP0.5,3,up,0.125
all_atom,dual,GLNALKKVFQKIHEAIKKINNHVQ,,,1,ZP0.5,4,dn,0.113
all_atom,dual,GLNALKKVFQKIHEAIKKINNHVQ,,,1,ZP0.5,4,up,0.106
all_atom,dual,GLNALKKVFQKIHEAIKKINNHVQ,,,1,ZP0.5,5,dn,0.104
all_atom,dual,GLNALKKVFQKIHEAIKKINNHVQ,,,1,ZP0.5,5,up,0.126
all_atom,dual,GLNALKKVFQKIHEAIKKINNHVQ,,,1,ZP1.5,1,dn,0.103
all_atom,dual,GLNALKKVFQKIHEAIKKINNHVQ,,,1,ZP1.5,1,up,0.124
all_atom,dual,GLNALKKVFQKIHEAIKKINNHVQ,,,1,ZP1.5,2,dn,0.116
all_atom,dual,GLNALKKVFQKIHEAIKKINNHVQ,,,1,ZP1.5,2,up,0.109
all_atom,dual,GLNALKKVFQKIHEAIKKINNHVQ,,,1,ZP1.5,3,dn,0.138
all_atom,dual,GLNALKKVFQKIHEAIKKINNHVQ,,,1,ZP1.5,3,up,0.12
all_atom,dual,GLNALKKVFQKIHEAIKKINNHVQ,,,1,ZP1.5,4,dn,0.123
all_atom,dual,GLNALKKVFQKIHEAIKKINNHVQ,,,1,ZP1.5,4,up,0.103
all_atom,dual,GLNALKKVFQKIHEAIKKINNHVQ,,,1,ZP1.5,5,dn,0.109
all_atom,dual,GLNALKKVFQKIHEAIKKINNHVQ,,,1,ZP1.5,5,up,0.128
all_atom,dual,GLNALKKVFQKIHEAIKKINNHVQ,,,1,ZP2.5,1,dn,0.091
all_atom,dual,GLNALKKVFQKIHEAIKKINNHVQ,,,1,ZP2.5,1,up,0.056
all_atom,dual,GLNALKKVFQKIHEAIKKINNHVQ,,,1,ZP2.5,2,dn,0.091
all_atom,dual,GLNALKKVFQKIHEAIKKINNHVQ,,,1,ZP2.5,2,up,0.088
all_atom,dual,GLNALKKVFQKIHEAIKKINNHVQ,,,1,ZP2.5,3,dn,0.116
all_atom,dual,GLNALKKVFQKIHEAIKKINNHVQ,,,1,ZP2.5,3,up,0.108
all_atom,dual,GLNALKKVFQKIHEAIKKINNHVQ,,,1,ZP2.5,4,dn,0.101
all_atom,dual,GLNALKKVFQKIHEAIKKINNHVQ,,,1,ZP2.5,4,up,0.089
all_atom,dual,GLNALKKVFQKIHEAIKKINNHVQ,,,1,ZP2.5,5,dn,0.114
all_atom,dual,GLNALKKVFQKIHEAIKKINNHVQ,,,1,ZP2.5,5,up,0.119
all_atom,dual,GLNALKKVFQKIHEAIKKINNHVQ,,,1,ZP3.5,1,dn,0.057
all_atom,dual,GLNALKKVFQKIHEAIKKINNHVQ,,,1,ZP3.5,1,up,0.037
all_atom,dual,GLNALKKVFQKIHEAIKKINNHVQ,,,1,ZP3.5,2,dn,0.065
all_atom,dual,GLNALKKVFQKIHEAIKKINNHVQ,,,1,ZP3.5,2,up,0.075
all_atom,dual,GLNALKKVFQKIHEAIKKINNHVQ,,,1,ZP3.5,3,dn,0.08
all_atom,dual,GLNALKKVFQKIHEAIKKINNHVQ,,,1,ZP3.5,3,up,0.077
all_atom,dual,GLNALKKVFQKIHEAIKKINNHVQ,,,1,ZP3.5,4,dn,0.065
all_atom,dual,GLNALKKVFQKIHEAIKKINNHVQ,,,1,ZP3.5,4,up,0.047
all_atom,dual,GLNALKKVFQKIHEAIKKINNHVQ,,,1,ZP3.5,5,dn,0.101
all_atom,dual,GLNALKKVFQKIHEAIKKINNHVQ,,,1,ZP3.5,5,up,0.103
all_atom,dual,GLNALKKVFQKIHEAIKKINNHVQ,,,1,ZP4.5,1,dn,0.025
all_atom,dual,GLNALKKVFQKIHEAIKKINNHVQ,,,1,ZP4.5,1,up,0.018
all_atom,dual,GLNALKKVFQKIHEAIKKINNHVQ,,,1,ZP4.5,2,dn,0.03
all_atom,dual,GLNALKKVFQKIHEAIKKINNHVQ,,,1,ZP4.5,2,up,0.047
all_atom,dual,GLNALKKVFQKIHEAIKKINNHVQ,,,1,ZP4.5,3,dn,0.04
all_atom,dual,GLNALKKVFQKIHEAIKKINNHVQ,,,1,ZP4.5,3,up,0.064
all_atom,dual,GLNALKKVFQKIHEAIKKINNHVQ,,,1,ZP4.5,4,dn,0.041
all_atom,dual,GLNALKKVFQKIHEAIKKINNHVQ,,,1,ZP4.5,4,up,0.034
all_atom,dual,GLNALKKVFQKIHEAIKKINNHVQ,,,1,ZP4.5,5,dn,0.053
all_atom,dual,GLNALKKVFQKIHEAIKKINNHVQ,,,1,ZP4.5,5,up,0.072
all_atom,dual,GLNALKKVFQKIHEAIKKINNHVQ,,,1,ZP5.5,1,dn,0.002
all_atom,dual,GLNALKKVFQKIHEAIKKINNHVQ,,,1,ZP5.5,1,up,0.01
all_atom,dual,GLNALKKVFQKIHEAIKKINNHVQ,,,1,ZP5.5,2,dn,0.027
all_atom,dual,GLNALKKVFQKIHEAIKKINNHVQ,,,1,ZP5.5,2,up,0.02
all_atom,dual,GLNALKKVFQKIHEAIKKINNHVQ,,,1,ZP5.5,3,dn,0.021
all_atom,dual,GLNALKKVFQKIHEAIKKINNHVQ,,,1,ZP5.5,3,up,0.026
all_atom,dual,GLNALKKVFQKIHEAIKKINNHVQ,,,1,ZP5.5,4,dn,0.035
all_atom,dual,GLNALKKVFQKIHEAIKKINNHVQ,,,1,ZP5.5,4,up,0.019
all_atom,dual,GLNALKKVFQKIHEAIKKINNHVQ,,,1,ZP5.5,5,dn,0.046
all_atom,dual,GLNALKKVFQKIHEAIKKINNHVQ,,,1,ZP5.5,5,up,0.049
all_atom,dual,GLNALKKVFQKIHEAIKKINNHVQ,,,1,ZP6.5,1,dn,0.001
all_atom,dual,GLNALKKVFQKIHEAIKKINNHVQ,,,1,ZP6.5,1,up,0.006
all_atom,dual,GLNALKKVFQKIHEAIKKINNHVQ,,,1,ZP6.5,2,dn,0.01
all_atom,dual,GLNALKKVFQKIHEAIKKINNHVQ,,,1,ZP6.5,2,up,0.011
all_atom,dual,GLNALKKVFQKIHEAIKKINNHVQ,,,1,ZP6.5,3,dn,0.011
all_atom,dual,GLNALKKVFQKIHEAIKKINNHVQ,,,1,ZP6.5,3,up,0.02
all_atom,dual,GLNALKKVFQKIHEAIKKINNHVQ,,,1,ZP6.5,4,dn,0.011
all_atom,dual,GLNALKKVFQKIHEAIKKINNHVQ,,,1,ZP6.5,4,up,0.011
all_atom,dual,GLNALKKVFQKIHEAIKKINNHVQ,,,1,ZP6.5,5,dn,0.015
all_atom,dual,GLNALKKVFQKIHEAIKKINNHVQ,,,1,ZP6.5,5,up,0.027
all_atom,dual,GLNALKKVFQKIHEAIKKINNHVQ,,,1,ZP7.5,1,dn,0.003
all_atom,dual,GLNALKKVFQKIHEAIKKINNHVQ,,,1,ZP7.5,1,up,0.001
all_atom,dual,GLNALKKVFQKIHEAIKKINNHVQ,,,1,ZP7.5,2,dn,0.003
all_atom,dual,GLNALKKVFQKIHEAIKKINNHVQ,,,1,ZP7.5,2,up,0.002
all_atom,dual,GLNALKKVFQKIHEAIKKINNHVQ,,,1,ZP7.5,3,dn,0.007
all_atom,dual,GLNALKKVFQKIHEAIKKINNHVQ,,,1,ZP7.5,3,up,0.008
all_atom,dual,GLNALKKVFQKIHEAIKKINNHVQ,,,1,ZP7.5,4,dn,0.006
all_atom,dual,GLNALKKVFQKIHEAIKKINNHVQ,,,1,ZP7.5,4,up,0.004
all_atom,dual,GLNALKKVFQKIHEAIKKINNHVQ,,,1,ZP7.5,5,dn,0.009
all_atom,dual,GLNALKKVFQKIHEAIKKINNHVQ,,,1,ZP7.5,5,up,0.008
all_atom,dual,GLNALKKVFQKIHEAIKKINNHVQ,,,1,ZP8.5,1,dn,0.0
all_atom,dual,GLNALKKVFQKIHEAIKKINNHVQ,,,1,ZP8.5,1,up,0.0
all_atom,dual,GLNALKKVFQKIHEAIKKINNHVQ,,,1,ZP8.5,2,dn,0.001
all_atom,dual,GLNALKKVFQKIHEAIKKINNHVQ,,,1,ZP8.5,2,up,0.003
all_atom,dual,GLNALKKVFQKIHEAIKKINNHVQ,,,1,ZP8.5,3,dn,0.002
all_atom,dual,GLNALKKVFQKIHEAIKKINNHVQ,,,1,ZP8.5,3,up,0.003
all_atom,dual,GLNALKKVFQKIHEAIKKINNHVQ,,,1,ZP8.5,4,dn,0.003
all_atom,dual,GLNALKKVFQKIHEAIKKINNHVQ,,,1,ZP8.5,4,up,0.003
all_atom,dual,GLNALKKVFQKIHEAIKKINNHVQ,,,1,ZP8.5,5,dn,0.001
all_atom,dual,GLNALKKVFQKIHEAIKKINNHVQ,,,1,ZP8.5,5,up,0.002
all_atom,dual,GLNALKKVFQKIHEAIKKINNHVQ,,,1,ZP9.5,1,dn,0.0
all_atom,dual,GLNALKKVFQKIHEAIKKINNHVQ,,,1,ZP9.5,1,up,0.0
all_atom,dual,GLNALKKVFQKIHEAIKKINNHVQ,,,1,ZP9.5,2,dn,0.0
all_atom,dual,GLNALKKVFQKIHEAIKKINNHVQ,,,1,ZP9.5,2,up,0.001
all_atom,dual,GLNALKKVFQKIHEAIKKINNHVQ,,,1,ZP9.5,3,dn,0.0
all_atom,dual,GLNALKKVFQKIHEAIKKINNHVQ,,,1,ZP9.5,3,up,0.001
all_atom,dual,GLNALKKVFQKIHEAIKKINNHVQ,,,1,ZP9.5,4,dn,0.0
all_atom,dual,GLNALKKVFQKIHEAIKKINNHVQ,,,1,ZP9.5,4,up,0.0
all_atom,dual,GLNALKKVFQKIHEAIKKINNHVQ,,,1,ZP9.5,5,dn,0.0
all_atom,dual,GLNALKKVFQKIHEAIKKINNHVQ,,,1,ZP9.5,5,up,0.002
all_atom,dual,GNNKPVYRPQPRPPHPRL,,,1,APLA12.5,1,dn,58.273
all_atom,dual,GNNKPVYRPQPRPPHPRL,,,1,APLA12.5,1,up,58.081
all_atom,dual,GNNKPVYRPQPRPPHPRL,,,1,APLA12.5,2,dn,58.952
all_atom,dual,GNNKPVYRPQPRPPHPRL,,,1,APLA12.5,2,up,58.545
all_atom,dual,GNNKPVYRPQPRPPHPRL,,,1,APLA12.5,3,dn,57.054
all_atom,dual,GNNKPVYRPQPRPPHPRL,,,1,APLA12.5,3,up,58.44
all_atom,dual,GNNKPVYRPQPRPPHPRL,,,1,APLA12.5,4,dn,57.61
all_atom,dual,GNNKPVYRPQPRPPHPRL,,,1,APLA12.5,4,up,55.855
all_atom,dual,GNNKPVYRPQPRPPHPRL,,,1,APLA12.5,5,dn,57.061
all_atom,dual,GNNKPVYRPQPRPPHPRL,,,1,APLA12.5,5,up,59.046
all_atom,dual,GNNKPVYRPQPRPPHPRL,,,1,APLA17.5,1,dn,58.476
all_atom,dual,GNNKPVYRPQPRPPHPRL,,,1,APLA17.5,1,up,59.074
all_atom,dual,GNNKPVYRPQPRPPHPRL,,,1,APLA17.5,2,dn,59.294
all_atom,dual,GNNKPVYRPQPRPPHPRL,,,1,APLA17.5,2,up,57.966
all_atom,dual,GNNKPVYRPQPRPPHPRL,,,1,APLA17.5,3,dn,58.917
all_atom,dual,GNNKPVYRPQPRPPHPRL,,,1,APLA17.5,3,up,58.042
all_atom,dual,GNNKPVYRPQPRPPHPRL,,,1,APLA17.5,4,dn,57.054
all_atom,dual,GNNKPVYRPQPRPPHPRL,,,1,APLA17.5,4,up,58.878
all_atom,dual,GNNKPVYRPQPRPPHPRL,,,1,APLA17.5,5,dn,58.165
all_atom,dual,GNNKPVYRPQPRPPHPRL,,,1,APLA17.5,5,up,61.533
all_atom,dual,GNNKPVYRPQPRPPHPRL,,,1,APLA2.5,1,dn,81.404
all_atom,dual,GNNKPVYRPQPRPPHPRL,,,1,APLA2.5,1,up,76.57
all_atom,dual,GNNKPVYRPQPRPPHPRL,,,1,APLA2.5,2,dn,76.436
all_atom,dual,GNNKPVYRPQPRPPHPRL,,,1,APLA2.5,2,up,82.007
all_atom,dual,GNNKPVYRPQPRPPHPRL,,,1,APLA2.5,3,dn,82.14
all_atom,dual,GNNKPVYRPQPRPPHPRL,,,1,APLA2.5,3,up,81.745
all_atom,dual,GNNKPVYRPQPRPPHPRL,,,1,APLA2.5,4,dn,82.506
all_atom,dual,GNNKPVYRPQPRPPHPRL,,,1,APLA2.5,4,up,80.346
all_atom,dual,GNNKPVYRPQPRPPHPRL,,,1,APLA2.5,5,dn,81.377
all_atom,dual,GNNKPVYRPQPRPPHPRL,,,1,APLA2.5,5,up,72.299
all_atom,dual,GNNKPVYRPQPRPPHPRL,,,1,APLA7.5,1,dn,63.71
all_atom,dual,GNNKPVYRPQPRPPHPRL,,,1,APLA7.5,1,up,62.605
all_atom,dual,GNNKPVYRPQPRPPHPRL,,,1,APLA7.5,2,dn,60.856
all_atom,dual,GNNKPVYRPQPRPPHPRL,,,1,APLA7.5,2,up,62.242
all_atom,dual,GNNKPVYRPQPRPPHPRL,,,1,APLA7.5,3,dn,61.684
all_atom,dual,GNNKPVYRPQPRPPHPRL,,,1,APLA7.5,3,up,63.098
all_atom,dual,GNNKPVYRPQPRPPHPRL,,,1,APLA7.5,4,dn,61.728
all_atom,dual,GNNKPVYRPQPRPPHPRL,,,1,APLA7.5,4,up,57.858
all_atom,dual,GNNKPVYRPQPRPPHPRL,,,1,APLA7.5,5,dn,61.565
all_atom,dual,GNNKPVYRPQPRPPHPRL,,,1,APLA7.5,5,up,57.856
all_atom,dual,GNNKPVYRPQPRPPHPRL,,,1,APLS12.5,1,dn,4.04
all_atom,dual,GNNKPVYRPQPRPPHPRL,,,1,APLS12.5,1,up,3.983
all_atom,dual,GNNKPVYRPQPRPPHPRL,,,1,APLS12.5,2,dn,3.19
all_atom,dual,GNNKPVYRPQPRPPHPRL,,,1,APLS12.5,2,up,3.871
all_atom,dual,GNNKPVYRPQPRPPHPRL,,,1,APLS12.5,3,dn,3.565
all_atom,dual,GNNKPVYRPQPRPPHPRL,,,1,APLS12.5,3,up,3.64
all_atom,dual,GNNKPVYRPQPRPPHPRL,,,1,APLS12.5,4,dn,3.76
all_atom,dual,GNNKPVYRPQPRPPHPRL,,,1,APLS12.5,4,up,3.616
all_atom,dual,GNNKPVYRPQPRPPHPRL,,,1,APLS12.5,5,dn,3.844
all_atom,dual,GNNKPVYRPQPRPPHPRL,,,1,APLS12.5,5,up,3.876
all_atom,dual,GNNKPVYRPQPRPPHPRL,,,1,APLS17.5,1,dn,3.728
all_atom,dual,GNNKPVYRPQPRPPHPRL,,,1,APLS17.5,1,up,3.733
all_atom,dual,GNNKPVYRPQPRPPHPRL,,,1,APLS17.5,2,dn,3.51
all_atom,dual,GNNKPVYRPQPRPPHPRL,,,1,APLS17.5,2,up,3.402
all_atom,dual,GNNKPVYRPQPRPPHPRL,,,1,APLS17.5,3,dn,3.554
all_atom,dual,GNNKPVYRPQPRPPHPRL,,,1,APLS17.5,3,up,3.385
all_atom,dual,GNNKPVYRPQPRPPHPRL,,,1,APLS17.5,4,dn,4.055
all_atom,dual,GNNKPVYRPQPRPPHPRL,,,1,APLS17.5,4,up,3.409
all_atom,dual,GNNKPVYRPQPRPPHPRL,,,1,APLS17.5,5,dn,3.234
all_atom,dual,GNNKPVYRPQPRPPHPRL,,,1,APLS17.5,5,up,4.038
all_atom,dual,GNNKPVYRPQPRPPHPRL,,,1,APLS2.5,1,dn,8.32
all_atom,dual,GNNKPVYRPQPRPPHPRL,,,1,APLS2.5,1,up,7.212
all_atom,dual,GNNKPVYRPQPRPPHPRL,,,1,APLS2.5,2,dn,6.5
all_atom,dual,GNNKPVYRPQPRPPHPRL,,,1,APLS2.5,2,up,7.704
all_atom,dual,GNNKPVYRPQPRPPHPRL,,,1,APLS2.5,3,dn,10.369
all_atom,dual,GNNKPVYRPQPRPPHPRL,,,1,APLS2.5,3,up,8.659
all_atom,dual,GNNKPVYRPQPRPPHPRL,,,1,APLS2.5,4,dn,7.902
all_atom,dual,GNNKPVYRPQPRPPHPRL,,,1,APLS2.5,4,up,7.648
all_atom,dual,GNNKPVYRPQPRPPHPRL,,,1,APLS2.5,5,dn,6.252
all_atom,dual,GNNKPVYRPQPRPPHPRL,,,1,APLS2.5,5,up,6.657
all_atom,dual,GNNKPVYRPQPRPPHPRL,,,1,APLS7.5,1,dn,6.009
all_atom,dual,GNNKPVYRPQPRPPHPRL,,,1,APLS7.5,1,up,4.963
all_atom,dual,GNNKPVYRPQPRPPHPRL,,,1,APLS7.5,2,dn,4.777
all_atom,dual,GNNKPVYRPQPRPPHPRL,,,1,APLS7.5,2,up,5.828
all_atom,dual,GNNKPVYRPQPRPPHPRL,,,1,APLS7.5,3,dn,6.509
all_atom,dual,GNNKPVYRPQPRPPHPRL,,,1,APLS7.5,3,up,5.147
all_atom,dual,GNNKPVYRPQPRPPHPRL,,,1,APLS7.5,4,dn,5.419
all_atom,dual,GNNKPVYRPQPRPPHPRL,,,1,APLS7.5,4,up,4.998
all_atom,dual,GNNKPVYRPQPRPPHPRL,,,1,APLS7.5,5,dn,5.551
all_atom,dual,GNNKPVYRPQPRPPHPRL,,,1,APLS7.5,5,up,4.622
all_atom,dual,GNNKPVYRPQPRPPHPRL,,,1,H0,1,dn,0.0
all_atom,dual,GNNKPVYRPQPRPPHPRL,,,1,H0,1,up,0.0
all_atom,dual,GNNKPVYRPQPRPPHPRL,,,1,H0,2,dn,0.0
all_atom,dual,GNNKPVYRPQPRPPHPRL,,,1,H0,2,up,0.0
all_atom,dual,GNNKPVYRPQPRPPHPRL,,,1,H0,3,dn,0.0
all_atom,dual,GNNKPVYRPQPRPPHPRL,,,1,H0,3,up,0.0
all_atom,dual,GNNKPVYRPQPRPPHPRL,,,1,H0,4,dn,0.0
all_atom,dual,GNNKPVYRPQPRPPHPRL,,,1,H0,4,up,0.0
all_atom,dual,GNNKPVYRPQPRPPHPRL,,,1,H0,5,dn,0.0
all_atom,dual,GNNKPVYRPQPRPPHPRL,,,1,H0,5,up,0.0
all_atom,dual,GNNKPVYRPQPRPPHPRL,,,1,H1,1,dn,0.097
all_atom,dual,GNNKPVYRPQPRPPHPRL,,,1,H1,1,up,0.058
all_atom,dual,GNNKPVYRPQPRPPHPRL,,,1,H1,2,dn,0.069
all_atom,dual,GNNKPVYRPQPRPPHPRL,,,1,H1,2,up,0.028
all_atom,dual,GNNKPVYRPQPRPPHPRL,,,1,H1,3,dn,0.021
all_atom,dual,GNNKPVYRPQPRPPHPRL,,,1,H1,3,up,0.075
all_atom,dual,GNNKPVYRPQPRPPHPRL,,,1,H1,4,dn,0.146
all_atom,dual,GNNKPVYRPQPRPPHPRL,,,1,H1,4,up,0.055
all_atom,dual,GNNKPVYRPQPRPPHPRL,,,1,H1,5,dn,0.049
all_atom,dual,GNNKPVYRPQPRPPHPRL,,,1,H1,5,up,0.158
all_atom,dual,GNNKPVYRPQPRPPHPRL,,,1,H10,1,dn,0.0
all_atom,dual,GNNKPVYRPQPRPPHPRL,,,1,H10,1,up,0.0
all_atom,dual,GNNKPVYRPQPRPPHPRL,,,1,H10,2,dn,0.0
all_atom,dual,GNNKPVYRPQPRPPHPRL,,,1,H10,2,up,0.0
all_atom,dual,GNNKPVYRPQPRPPHPRL,,,1,H10,3,dn,0.0
all_atom,dual,GNNKPVYRPQPRPPHPRL,,,1,H10,3,up,0.0
all_atom,dual,GNNKPVYRPQPRPPHPRL,,,1,H10,4,dn,0.0
all_atom,dual,GNNKPVYRPQPRPPHPRL,,,1,H10,4,up,0.0
all_atom,dual,GNNKPVYRPQPRPPHPRL,,,1,H10,5,dn,0.0
all_atom,dual,GNNKPVYRPQPRPPHPRL,,,1,H10,5,up,0.0
all_atom,dual,GNNKPVYRPQPRPPHPRL,,,1,H2,1,dn,0.943
all_atom,dual,GNNKPVYRPQPRPPHPRL,,,1,H2,1,up,0.76
all_atom,dual,GNNKPVYRPQPRPPHPRL,,,1,H2,2,dn,0.632
all_atom,dual,GNNKPVYRPQPRPPHPRL,,,1,H2,2,up,0.903
all_atom,dual,GNNKPVYRPQPRPPHPRL,,,1,H2,3,dn,0.43
all_atom,dual,GNNKPVYRPQPRPPHPRL,,,1,H2,3,up,0.923
all_atom,dual,GNNKPVYRPQPRPPHPRL,,,1,H2,4,dn,0.881
all_atom,dual,GNNKPVYRPQPRPPHPRL,,,1,H2,4,up,0.697
all_atom,dual,GNNKPVYRPQPRPPHPRL,,,1,H2,5,dn,0.85
all_atom,dual,GNNKPVYRPQPRPPHPRL,,,1,H2,5,up,0.56
all_atom,dual,GNNKPVYRPQPRPPHPRL,,,1,H3,1,dn,0.931
all_atom,dual,GNNKPVYRPQPRPPHPRL,,,1,H3,1,up,0.841
all_atom,dual,GNNKPVYRPQPRPPHPRL,,,1,H3,2,dn,0.653
all_atom,dual,GNNKPVYRPQPRPPHPRL,,,1,H3,2,up,0.938
all_atom,dual,GNNKPVYRPQPRPPHPRL,,,1,H3,3,dn,0.45
all_atom,dual,GNNKPVYRPQPRPPHPRL,,,1,H3,3,up,0.938
all_atom,dual,GNNKPVYRPQPRPPHPRL,,,1,H3,4,dn,0.898
all_atom,dual,GNNKPVYRPQPRPPHPRL,,,1,H3,4,up,0.781
all_atom,dual,GNNKPVYRPQPRPPHPRL,,,1,H3,5,dn,0.872
all_atom,dual,GNNKPVYRPQPRPPHPRL,,,1,H3,5,up,0.565
all_atom,dual,GNNKPVYRPQPRPPHPRL,,,1,H4,1,dn,0.354
all_atom,dual,GNNKPVYRPQPRPPHPRL,,,1,H4,1,up,0.45
all_atom,dual,GNNKPVYRPQPRPPHPRL,,,1,H4,2,dn,0.408
all_atom,dual,GNNKPVYRPQPRPPHPRL,,,1,H4,2,up,0.562
all_atom,dual,GNNKPVYRPQPRPPHPRL,,,1,H4,3,dn,0.23
all_atom,dual,GNNKPVYRPQPRPPHPRL,,,1,H4,3,up,0.562
all_atom,dual,GNNKPVYRPQPRPPHPRL,,,1,H4,4,dn,0.507
all_atom,dual,GNNKPVYRPQPRPPHPRL,,,1,H4,4,up,0.471
all_atom,dual,GNNKPVYRPQPRPPHPRL,,,1,H4,5,dn,0.549
all_atom,dual,GNNKPVYRPQPRPPHPRL,,,1,H4,5,up,0.325
all_atom,dual,GNNKPVYRPQPRPPHPRL,,,1,H5,1,dn,0.401
all_atom,dual,GNNKPVYRPQPRPPHPRL,,,1,H5,1,up,0.371
all_atom,dual,GNNKPVYRPQPRPPHPRL,,,1,H5,2,dn,0.243
all_atom,dual,GNNKPVYRPQPRPPHPRL,,,1,H5,2,up,0.376
all_atom,dual,GNNKPVYRPQPRPPHPRL,,,1,H5,3,dn,0.297
all_atom,dual,GNNKPVYRPQPRPPHPRL,,,1,H5,3,up,0.262
all_atom,dual,GNNKPVYRPQPRPPHPRL,,,1,H5,4,dn,0.302
all_atom,dual,GNNKPVYRPQPRPPHPRL,,,1,H5,4,up,0.208
all_atom,dual,GNNKPVYRPQPRPPHPRL,,,1,H5,5,dn,0.376
all_atom,dual,GNNKPVYRPQPRPPHPRL,,,1,H5,5,up,0.153
all_atom,dual,GNNKPVYRPQPRPPHPRL,,,1,H6,1,dn,0.63
all_atom,dual,GNNKPVYRPQPRPPHPRL,,,1,H6,1,up,0.541
all_atom,dual,GNNKPVYRPQPRPPHPRL,,,1,H6,2,dn,0.402
all_atom,dual,GNNKPVYRPQPRPPHPRL,,,1,H6,2,up,0.57
all_atom,dual,GNNKPVYRPQPRPPHPRL,,,1,H6,3,dn,0.479
all_atom,dual,GNNKPVYRPQPRPPHPRL,,,1,H6,3,up,0.347
all_atom,dual,GNNKPVYRPQPRPPHPRL,,,1,H6,4,dn,0.523
all_atom,dual,GNNKPVYRPQPRPPHPRL,,,1,H6,4,up,0.119
all_atom,dual,GNNKPVYRPQPRPPHPRL,,,1,H6,5,dn,0.549
all_atom,dual,GNNKPVYRPQPRPPHPRL,,,1,H6,5,up,0.087
all_atom,dual,GNNKPVYRPQPRPPHPRL,,,1,H7,1,dn,0.603
all_atom,dual,GNNKPVYRPQPRPPHPRL,,,1,H7,1,up,0.638
all_atom,dual,GNNKPVYRPQPRPPHPRL,,,1,H7,2,dn,0.552
all_atom,dual,GNNKPVYRPQPRPPHPRL,,,1,H7,2,up,0.698
all_atom,dual,GNNKPVYRPQPRPPHPRL,,,1,H7,3,dn,0.569
all_atom,dual,GNNKPVYRPQPRPPHPRL,,,1,H7,3,up,0.252
all_atom,dual,GNNKPVYRPQPRPPHPRL,,,1,H7,4,dn,0.486
all_atom,dual,GNNKPVYRPQPRPPHPRL,,,1,H7,4,up,0.018
all_atom,dual,GNNKPVYRPQPRPPHPRL,,,1,H7,5,dn,0.638
all_atom,dual,GNNKPVYRPQPRPPHPRL,,,1,H7,5,up,0.018
all_atom,dual,GNNKPVYRPQPRPPHPRL,,,1,H8,1,dn,0.754
all_atom,dual,GNNKPVYRPQPRPPHPRL,,,1,H8,1,up,0.804
all_atom,dual,GNNKPVYRPQPRPPHPRL,,,1,H8,2,dn,0.766
all_atom,dual,GNNKPVYRPQPRPPHPRL,,,1,H8,2,up,0.836
all_atom,dual,GNNKPVYRPQPRPPHPRL,,,1,H8,3,dn,0.768
all_atom,dual,GNNKPVYRPQPRPPHPRL,,,1,H8,3,up,0.604
all_atom,dual,GNNKPVYRPQPRPPHPRL,,,1,H8,4,dn,0.719
all_atom,dual,GNNKPVYRPQPRPPHPRL,,,1,H8,4,up,0.168
all_atom,dual,GNNKPVYRPQPRPPHPRL,,,1,H8,5,dn,0.796
all_atom,dual,GNNKPVYRPQPRPPHPRL,,,1,H8,5,up,0.02
all_atom,dual,GNNKPVYRPQPRPPHPRL,,,1,H9,1,dn,0.502
all_atom,dual,GNNKPVYRPQPRPPHPRL,,,1,H9,1,up,0.383
all_atom,dual,GNNKPVYRPQPRPPHPRL,,,1,H9,2,dn,0.631
all_atom,dual,GNNKPVYRPQPRPPHPRL,,,1,H9,2,up,0.337
all_atom,dual,GNNKPVYRPQPRPPHPRL,,,1,H9,3,dn,0.476
all_atom,dual,GNNKPVYRPQPRPPHPRL,,,1,H9,3,up,0.762
all_atom,dual,GNNKPVYRPQPRPPHPRL,,,1,H9,4,dn,0.588
all_atom,dual,GNNKPVYRPQPRPPHPRL,,,1,H9,4,up,0.261
all_atom,dual,GNNKPVYRPQPRPPHPRL,,,1,H9,5,dn,0.466
all_atom,dual,GNNKPVYRPQPRPPHPRL,,,1,H9,5,up,0.0
all_atom,dual,GNNKPVYRPQPRPPHPRL,,,1,HM,1,dn,0.508
all_atom,dual,GNNKPVYRPQPRPPHPRL,,,1,HM,1,up,0.474
all_atom,dual,GNNKPVYRPQPRPPHPRL,,,1,HM,2,dn,0.43
all_atom,dual,GNNKPVYRPQPRPPHPRL,,,1,HM,2,up,0.514
all_atom,dual,GNNKPVYRPQPRPPHPRL,,,1,HM,3,dn,0.365
all_atom,dual,GNNKPVYRPQPRPPHPRL,,,1,HM,3,up,0.466
all_atom,dual,GNNKPVYRPQPRPPHPRL,,,1,HM,4,dn,0.495
all_atom,dual,GNNKPVYRPQPRPPHPRL,,,1,HM,4,up,0.268
all_atom,dual,GNNKPVYRPQPRPPHPRL,,,1,HM,5,dn,0.504
all_atom,dual,GNNKPVYRPQPRPPHPRL,,,1,HM,5,up,0.174
all_atom,dual,GNNKPVYRPQPRPPHPRL,,,1,PEPT_BUR_MAX,1,dn,8.86
all_atom,dual,GNNKPVYRPQPRPPHPRL,,,1,PEPT_BUR_MAX,1,up,9.62
all_atom,dual,GNNKPVYRPQPRPPHPRL,,,1,PEPT_BUR_MAX,2,dn,10.07
all_atom,dual,GNNKPVYRPQPRPPHPRL,,,1,PEPT_BUR_MAX,2,up,9.18
all_atom,dual,GNNKPVYRPQPRPPHPRL,,,1,PEPT_BUR_MAX,3,dn,9.55
all_atom,dual,GNNKPVYRPQPRPPHPRL,,,1,PEPT_BUR_MAX,3,up,7.96
all_atom,dual,GNNKPVYRPQPRPPHPRL,,,1,PEPT_BUR_MAX,4,dn,6.43
all_atom,dual,GNNKPVYRPQPRPPHPRL,,,1,PEPT_BUR_MAX,4,up,7.8
all_atom,dual,GNNKPVYRPQPRPPHPRL,,,1,PEPT_BUR_MAX,5,dn,9.49
all_atom,dual,GNNKPVYRPQPRPPHPRL,,,1,PEPT_BUR_MAX,5,up,9.2
all_atom,dual,GNNKPVYRPQPRPPHPRL,,,1,S,1,dn,0.879
all_atom,dual,GNNKPVYRPQPRPPHPRL,,,1,S,1,up,0.725
all_atom,dual,GNNKPVYRPQPRPPHPRL,,,1,S,2,dn,0.689
all_atom,dual,GNNKPVYRPQPRPPHPRL,,,1,S,2,up,0.801
all_atom,dual,GNNKPVYRPQPRPPHPRL,,,1,S,3,dn,0.578
all_atom,dual,GNNKPVYRPQPRPPHPRL,,,1,S,3,up,0.717
all_atom,dual,GNNKPVYRPQPRPPHPRL,,,1,S,4,dn,0.821
all_atom,dual,GNNKPVYRPQPRPPHPRL,,,1,S,4,up,0.507
all_atom,dual,GNNKPVYRPQPRPPHPRL,,,1,S,5,dn,0.701
all_atom,dual,GNNKPVYRPQPRPPHPRL,,,1,S,5,up,0.369
all_atom,dual,GNNKPVYRPQPRPPHPRL,,,1,WAT_BUR_MAX,1,dn,9.0
all_atom,dual,GNNKPVYRPQPRPPHPRL,,,1,WAT_BUR_MAX,1,up,9.23
all_atom,dual,GNNKPVYRPQPRPPHPRL,,,1,WAT_BUR_MAX,2,dn,10.84
all_atom,dual,GNNKPVYRPQPRPPHPRL,,,1,WAT_BUR_MAX,2,up,10.92
all_atom,dual,GNNKPVYRPQPRPPHPRL,,,1,WAT_BUR_MAX,3,dn,10.58
all_atom,dual,GNNKPVYRPQPRPPHPRL,,,1,WAT_BUR_MAX,3,up,9.44
all_atom,dual,GNNKPVYRPQPRPPHPRL,,,1,WAT_BUR_MAX,4,dn,5.16
all_atom,dual,GNNKPVYRPQPRPPHPRL,,,1,WAT_BUR_MAX,4,up,8.58
all_atom,dual,GNNKPVYRPQPRPPHPRL,,,1,WAT_BUR_MAX,5,dn,10.03
all_atom,dual,GNNKPVYRPQPRPPHPRL,,,1,WAT_BUR_MAX,5,up,10.5
all_atom,dual,GNNKPVYRPQPRPPHPRL,,,1,WAT_BUR_REL,1,dn,1.97
all_atom,dual,GNNKPVYRPQPRPPHPRL,,,1,WAT_BUR_REL,1,up,0.71
all_atom,dual,GNNKPVYRPQPRPPHPRL,,,1,WAT_BUR_REL,2,dn,1.44
all_atom,dual,GNNKPVYRPQPRPPHPRL,,,1,WAT_BUR_REL,2,up,1.79
all_atom,dual,GNNKPVYRPQPRPPHPRL,,,1,WAT_BUR_REL,3,dn,0.7
all_atom,dual,GNNKPVYRPQPRPPHPRL,,,1,WAT_BUR_REL,3,up,1.8
all_atom,dual,GNNKPVYRPQPRPPHPRL,,,1,WAT_BUR_REL,4,dn,0.91
all_atom,dual,GNNKPVYRPQPRPPHPRL,,,1,WAT_BUR_REL,4,up,0.67
all_atom,dual,GNNKPVYRPQPRPPHPRL,,,1,WAT_BUR_REL,5,dn,0.32
all_atom,dual,GNNKPVYRPQPRPPHPRL,,,1,WAT_BUR_REL,5,up,1.0
all_atom,dual,GNNKPVYRPQPRPPHPRL,,,1,ZP-0.5,1,dn,0.144
all_atom,dual,GNNKPVYRPQPRPPHPRL,,,1,ZP-0.5,1,up,0.149
all_atom,dual,GNNKPVYRPQPRPPHPRL,,,1,ZP-0.5,2,dn,0.159
all_atom,dual,GNNKPVYRPQPRPPHPRL,,,1,ZP-0.5,2,up,0.101
all_atom,dual,GNNKPVYRPQPRPPHPRL,,,1,ZP-0.5,3,dn,0.116
all_atom,dual,GNNKPVYRPQPRPPHPRL,,,1,ZP-0.5,3,up,0.123
all_atom,dual,GNNKPVYRPQPRPPHPRL,,,1,ZP-0.5,4,dn,0.142
all_atom,dual,GNNKPVYRPQPRPPHPRL,,,1,ZP-0.5,4,up,0.149
all_atom,dual,GNNKPVYRPQPRPPHPRL,,,1,ZP-0.5,5,dn,0.117
all_atom,dual,GNNKPVYRPQPRPPHPRL,,,1,ZP-0.5,5,up,0.142
all_atom,dual,GNNKPVYRPQPRPPHPRL,,,1,ZP-1.5,1,dn,0.116
all_atom,dual,GNNKPVYRPQPRPPHPRL,,,1,ZP-1.5,1,up,0.126
all_atom,dual,GNNKPVYRPQPRPPHPRL,,,1,ZP-1.5,2,dn,0.125
all_atom,dual,GNNKPVYRPQPRPPHPRL,,,1,ZP-1.5,2,up,0.114
all_atom,dual,GNNKPVYRPQPRPPHPRL,,,1,ZP-1.5,3,dn,0.086
all_atom,dual,GNNKPVYRPQPRPPHPRL,,,1,ZP-1.5,3,up,0.093
all_atom,dual,GNNKPVYRPQPRPPHPRL,,,1,ZP-1.5,4,dn,0.129
all_atom,dual,GNNKPVYRPQPRPPHPRL,,,1,ZP-1.5,4,up,0.105
all_atom,dual,GNNKPVYRPQPRPPHPRL,,,1,ZP-1.5,5,dn,0.122
all_atom,dual,GNNKPVYRPQPRPPHPRL,,,1,ZP-1.5,5,up,0.138
all_atom,dual,GNNKPVYRPQPRPPHPRL,,,1,ZP-2.5,1,dn,0.132
all_atom,dual,GNNKPVYRPQPRPPHPRL,,,1,ZP-2.5,1,up,0.119
all_atom,dual,GNNKPVYRPQPRPPHPRL,,,1,ZP-2.5,2,dn,0.098
all_atom,dual,GNNKPVYRPQPRPPHPRL,,,1,ZP-2.5,2,up,0.094
all_atom,dual,GNNKPVYRPQPRPPHPRL,,,1,ZP-2.5,3,dn,0.094
all_atom,dual,GNNKPVYRPQPRPPHPRL,,,1,ZP-2.5,3,up,0.06
all_atom,dual,GNNKPVYRPQPRPPHPRL,,,1,ZP-2.5,4,dn,0.097
all_atom,dual,GNNKPVYRPQPRPPHPRL,,,1,ZP-2.5,4,up,0.093
all_atom,dual,GNNKPVYRPQPRPPHPRL,,,1,ZP-2.5,5,dn,0.09
all_atom,dual,GNNKPVYRPQPRPPHPRL,,,1,ZP-2.5,5,up,0.066
all_atom,dual,GNNKPVYRPQPRPPHPRL,,,1,ZP-3.5,1,dn,0.077
all_atom,dual,GNNKPVYRPQPRPPHPRL,,,1,ZP-3.5,1,up,0.078
all_atom,dual,GNNKPVYRPQPRPPHPRL,,,1,ZP-3.5,2,dn,0.069
all_atom,dual,GNNKPVYRPQPRPPHPRL,,,1,ZP-3.5,2,up,0.047
all_atom,dual,GNNKPVYRPQPRPPHPRL,,,1,ZP-3.5,3,dn,0.041
all_atom,dual,GNNKPVYRPQPRPPHPRL,,,1,ZP-3.5,3,up,0.049
all_atom,dual,GNNKPVYRPQPRPPHPRL,,,1,ZP-3.5,4,dn,0.073
all_atom,dual,GNNKPVYRPQPRPPHPRL,,,1,ZP-3.5,4,up,0.051
all_atom,dual,GNNKPVYRPQPRPPHPRL,,,1,ZP-3.5,5,dn,0.069
all_atom,dual,GNNKPVYRPQPRPPHPRL,,,1,ZP-3.5,5,up,0.051
all_atom,dual,GNNKPVYRPQPRPPHPRL,,,1,ZP-4.5,1,dn,0.069
all_atom,dual,GNNKPVYRPQPRPPHPRL,,,1,ZP-4.5,1,up,0.057
all_atom,dual,GNNKPVYRPQPRPPHPRL,,,1,ZP-4.5,2,dn,0.038
all_atom,dual,GNNKPVYRPQPRPPHPRL,,,1,ZP-4.5,2,up,0.04
all_atom,dual,GNNKPVYRPQPRPPHPRL,,,1,ZP-4.5,3,dn,0.033
all_atom,dual,GNNKPVYRPQPRPPHPRL,,,1,ZP-4.5,3,up,0.028
all_atom,dual,GNNKPVYRPQPRPPHPRL,,,1,ZP-4.5,4,dn,0.048
all_atom,dual,GNNKPVYRPQPRPPHPRL,,,1,ZP-4.5,4,up,0.029
all_atom,dual,GNNKPVYRPQPRPPHPRL,,,1,ZP-4.5,5,dn,0.037
all_atom,dual,GNNKPVYRPQPRPPHPRL,,,1,ZP-4.5,5,up,0.039
all_atom,dual,GNNKPVYRPQPRPPHPRL,,,1,ZP-5.5,1,dn,0.044
all_atom,dual,GNNKPVYRPQPRPPHPRL,,,1,ZP-5.5,1,up,0.025
all_atom,dual,GNNKPVYRPQPRPPHPRL,,,1,ZP-5.5,2,dn,0.027
all_atom,dual,GNNKPVYRPQPRPPHPRL,,,1,ZP-5.5,2,up,0.014
all_atom,dual,GNNKPVYRPQPRPPHPRL,,,1,ZP-5.5,3,dn,0.011
all_atom,dual,GNNKPVYRPQPRPPHPRL,,,1,ZP-5.5,3,up,0.013
all_atom,dual,GNNKPVYRPQPRPPHPRL,,,1,ZP-5.5,4,dn,0.037
all_atom,dual,GNNKPVYRPQPRPPHPRL,,,1,ZP-5.5,4,up,0.019
all_atom,dual,GNNKPVYRPQPRPPHPRL,,,1,ZP-5.5,5,dn,0.02
all_atom,dual,GNNKPVYRPQPRPPHPRL,,,1,ZP-5.5,5,up,0.031
all_atom,dual,GNNKPVYRPQPRPPHPRL,,,1,ZP-6.5,1,dn,0.019
all_atom,dual,GNNKPVYRPQPRPPHPRL,,,1,ZP-6.5,1,up,0.015
all_atom,dual,GNNKPVYRPQPRPPHPRL,,,1,ZP-6.5,2,dn,0.011
all_atom,dual,GNNKPVYRPQPRPPHPRL,,,1,ZP-6.5,2,up,0.012
all_atom,dual,GNNKPVYRPQPRPPHPRL,,,1,ZP-6.5,3,dn,0.009
all_atom,dual,GNNKPVYRPQPRPPHPRL,,,1,ZP-6.5,3,up,0.007
all_atom,dual,GNNKPVYRPQPRPPHPRL,,,1,ZP-6.5,4,dn,0.014
all_atom,dual,GNNKPVYRPQPRPPHPRL,,,1,ZP-6.5,4,up,0.006
all_atom,dual,GNNKPVYRPQPRPPHPRL,,,1,ZP-6.5,5,dn,0.007
all_atom,dual,GNNKPVYRPQPRPPHPRL,,,1,ZP-6.5,5,up,0.016
all_atom,dual,GNNKPVYRPQPRPPHPRL,,,1,ZP-7.5,1,dn,0.009
all_atom,dual,GNNKPVYRPQPRPPHPRL,,,1,ZP-7.5,1,up,0.008
all_atom,dual,GNNKPVYRPQPRPPHPRL,,,1,ZP-7.5,2,dn,0.006
all_atom,dual,GNNKPVYRPQPRPPHPRL,,,1,ZP-7.5,2,up,0.001
all_atom,dual,GNNKPVYRPQPRPPHPRL,,,1,ZP-7.5,3,dn,0.002
all_atom,dual,GNNKPVYRPQPRPPHPRL,,,1,ZP-7.5,3,up,0.001
all_atom,dual,GNNKPVYRPQPRPPHPRL,,,1,ZP-7.5,4,dn,0.012
all_atom,dual,GNNKPVYRPQPRPPHPRL,,,1,ZP-7.5,4,up,0.0
all_atom,dual,GNNKPVYRPQPRPPHPRL,,,1,ZP-7.5,5,dn,0.001
all_atom,dual,GNNKPVYRPQPRPPHPRL,,,1,ZP-7.5,5,up,0.006
all_atom,dual,GNNKPVYRPQPRPPHPRL,,,1,ZP-8.5,1,dn,0.003
all_atom,dual,GNNKPVYRPQPRPPHPRL,,,1,ZP-8.5,1,up,0.004
all_atom,dual,GNNKPVYRPQPRPPHPRL,,,1,ZP-8.5,2,dn,0.002
all_atom,dual,GNNKPVYRPQPRPPHPRL,,,1,ZP-8.5,2,up,0.0
all_atom,dual,GNNKPVYRPQPRPPHPRL,,,1,ZP-8.5,3,dn,0.002
all_atom,dual,GNNKPVYRPQPRPPHPRL,,,1,ZP-8.5,3,up,0.001
all_atom,dual,GNNKPVYRPQPRPPHPRL,,,1,ZP-8.5,4,dn,0.003
all_atom,dual,GNNKPVYRPQPRPPHPRL,,,1,ZP-8.5,4,up,0.0
all_atom,dual,GNNKPVYRPQPRPPHPRL,,,1,ZP-8.5,5,dn,0.001
all_atom,dual,GNNKPVYRPQPRPPHPRL,,,1,ZP-8.5,5,up,0.0
all_atom,dual,GNNKPVYRPQPRPPHPRL,,,1,ZP-9.5,1,dn,0.003
all_atom,dual,GNNKPVYRPQPRPPHPRL,,,1,ZP-9.5,1,up,0.0
all_atom,dual,GNNKPVYRPQPRPPHPRL,,,1,ZP-9.5,2,dn,0.001
all_atom,dual,GNNKPVYRPQPRPPHPRL,,,1,ZP-9.5,2,up,0.0
all_atom,dual,GNNKPVYRPQPRPPHPRL,,,1,ZP-9.5,3,dn,0.0
all_atom,dual,GNNKPVYRPQPRPPHPRL,,,1,ZP-9.5,3,up,0.0
all_atom,dual,GNNKPVYRPQPRPPHPRL,,,1,ZP-9.5,4,dn,0.001
all_atom,dual,GNNKPVYRPQPRPPHPRL,,,1,ZP-9.5,4,up,0.0
all_atom,dual,GNNKPVYRPQPRPPHPRL,,,1,ZP-9.5,5,dn,0.0
all_atom,dual,GNNKPVYRPQPRPPHPRL,,,1,ZP-9.5,5,up,0.0
all_atom,dual,GNNKPVYRPQPRPPHPRL,,,1,ZP0.5,1,dn,0.112
all_atom,dual,GNNKPVYRPQPRPPHPRL,,,1,ZP0.5,1,up,0.147
all_atom,dual,GNNKPVYRPQPRPPHPRL,,,1,ZP0.5,2,dn,0.114
all_atom,dual,GNNKPVYRPQPRPPHPRL,,,1,ZP0.5,2,up,0.122
all_atom,dual,GNNKPVYRPQPRPPHPRL,,,1,ZP0.5,3,dn,0.151
all_atom,dual,GNNKPVYRPQPRPPHPRL,,,1,ZP0.5,3,up,0.134
all_atom,dual,GNNKPVYRPQPRPPHPRL,,,1,ZP0.5,4,dn,0.117
all_atom,dual,GNNKPVYRPQPRPPHPRL,,,1,ZP0.5,4,up,0.102
all_atom,dual,GNNKPVYRPQPRPPHPRL,,,1,ZP0.5,5,dn,0.146
all_atom,dual,GNNKPVYRPQPRPPHPRL,,,1,ZP0.5,5,up,0.142
all_atom,dual,GNNKPVYRPQPRPPHPRL,,,1,ZP1.5,1,dn,0.096
all_atom,dual,GNNKPVYRPQPRPPHPRL,,,1,ZP1.5,1,up,0.105
all_atom,dual,GNNKPVYRPQPRPPHPRL,,,1,ZP1.5,2,dn,0.107
all_atom,dual,GNNKPVYRPQPRPPHPRL,,,1,ZP1.5,2,up,0.13
all_atom,dual,GNNKPVYRPQPRPPHPRL,,,1,ZP1.5,3,dn,0.13
all_atom,dual,GNNKPVYRPQPRPPHPRL,,,1,ZP1.5,3,up,0.145
all_atom,dual,GNNKPVYRPQPRPPHPRL,,,1,ZP1.5,4,dn,0.1
all_atom,dual,GNNKPVYRPQPRPPHPRL,,,1,ZP1.5,4,up,0.111
all_atom,dual,GNNKPVYRPQPRPPHPRL,,,1,ZP1.5,5,dn,0.107
all_atom,dual,GNNKPVYRPQPRPPHPRL,,,1,ZP1.5,5,up,0.116
all_atom,dual,GNNKPVYRPQPRPPHPRL,,,1,ZP2.5,1,dn,0.075
all_atom,dual,GNNKPVYRPQPRPPHPRL,,,1,ZP2.5,1,up,0.066
all_atom,dual,GNNKPVYRPQPRPPHPRL,,,1,ZP2.5,2,dn,0.097
all_atom,dual,GNNKPVYRPQPRPPHPRL,,,1,ZP2.5,2,up,0.122
all_atom,dual,GNNKPVYRPQPRPPHPRL,,,1,ZP2.5,3,dn,0.108
all_atom,dual,GNNKPVYRPQPRPPHPRL,,,1,ZP2.5,3,up,0.126
all_atom,dual,GNNKPVYRPQPRPPHPRL,,,1,ZP2.5,4,dn,0.087
all_atom,dual,GNNKPVYRPQPRPPHPRL,,,1,ZP2.5,4,up,0.099
all_atom,dual,GNNKPVYRPQPRPPHPRL,,,1,ZP2.5,5,dn,0.112
all_atom,dual,GNNKPVYRPQPRPPHPRL,,,1,ZP2.5,5,up,0.091
all_atom,dual,GNNKPVYRPQPRPPHPRL,,,1,ZP3.5,1,dn,0.052
all_atom,dual,GNNKPVYRPQPRPPHPRL,,,1,ZP3.5,1,up,0.043
all_atom,dual,GNNKPVYRPQPRPPHPRL,,,1,ZP3.5,2,dn,0.07
all_atom,dual,GNNKPVYRPQPRPPHPRL,,,1,ZP3.5,2,up,0.084
all_atom,dual,GNNKPVYRPQPRPPHPRL,,,1,ZP3.5,3,dn,0.106
all_atom,dual,GNNKPVYRPQPRPPHPRL,,,1,ZP3.5,3,up,0.094
all_atom,dual,GNNKPVYRPQPRPPHPRL,,,1,ZP3.5,4,dn,0.059
all_atom,dual,GNNKPVYRPQPRPPHPRL,,,1,ZP3.5,4,up,0.099
all_atom,dual,GNNKPVYRPQPRPPHPRL,,,1,ZP3.5,5,dn,0.076
all_atom,dual,GNNKPVYRPQPRPPHPRL,,,1,ZP3.5,5,up,0.075
all_atom,dual,GNNKPVYRPQPRPPHPRL,,,1,ZP4.5,1,dn,0.024
all_atom,dual,GNNKPVYRPQPRPPHPRL,,,1,ZP4.5,1,up,0.031
all_atom,dual,GNNKPVYRPQPRPPHPRL,,,1,ZP4.5,2,dn,0.047
all_atom,dual,GNNKPVYRPQPRPPHPRL,,,1,ZP4.5,2,up,0.065
all_atom,dual,GNNKPVYRPQPRPPHPRL,,,1,ZP4.5,3,dn,0.052
all_atom,dual,GNNKPVYRPQPRPPHPRL,,,1,ZP4.5,3,up,0.054
all_atom,dual,GNNKPVYRPQPRPPHPRL,,,1,ZP4.5,4,dn,0.028
all_atom,dual,GNNKPVYRPQPRPPHPRL,,,1,ZP4.5,4,up,0.068
all_atom,dual,GNNKPVYRPQPRPPHPRL,,,1,ZP4.5,5,dn,0.047
all_atom,dual,GNNKPVYRPQPRPPHPRL,,,1,ZP4.5,5,up,0.038
all_atom,dual,GNNKPVYRPQPRPPHPRL,,,1,ZP5.5,1,dn,0.014
all_atom,dual,GNNKPVYRPQPRPPHPRL,,,1,ZP5.5,1,up,0.015
all_atom,dual,GNNKPVYRPQPRPPHPRL,,,1,ZP5.5,2,dn,0.02
all_atom,dual,GNNKPVYRPQPRPPHPRL,,,1,ZP5.5,2,up,0.032
all_atom,dual,GNNKPVYRPQPRPPHPRL,,,1,ZP5.5,3,dn,0.037
all_atom,dual,GNNKPVYRPQPRPPHPRL,,,1,ZP5.5,3,up,0.039
all_atom,dual,GNNKPVYRPQPRPPHPRL,,,1,ZP5.5,4,dn,0.028
all_atom,dual,GNNKPVYRPQPRPPHPRL,,,1,ZP5.5,4,up,0.036
all_atom,dual,GNNKPVYRPQPRPPHPRL,,,1,ZP5.5,5,dn,0.025
all_atom,dual,GNNKPVYRPQPRPPHPRL,,,1,ZP5.5,5,up,0.022
all_atom,dual,GNNKPVYRPQPRPPHPRL,,,1,ZP6.5,1,dn,0.006
all_atom,dual,GNNKPVYRPQPRPPHPRL,,,1,ZP6.5,1,up,0.011
all_atom,dual,GNNKPVYRPQPRPPHPRL,,,1,ZP6.5,2,dn,0.005
all_atom,dual,GNNKPVYRPQPRPPHPRL,,,1,ZP6.5,2,up,0.015
all_atom,dual,GNNKPVYRPQPRPPHPRL,,,1,ZP6.5,3,dn,0.016
all_atom,dual,GNNKPVYRPQPRPPHPRL,,,1,ZP6.5,3,up,0.02
all_atom,dual,GNNKPVYRPQPRPPHPRL,,,1,ZP6.5,4,dn,0.016
all_atom,dual,GNNKPVYRPQPRPPHPRL,,,1,ZP6.5,4,up,0.016
all_atom,dual,GNNKPVYRPQPRPPHPRL,,,1,ZP6.5,5,dn,0.012
all_atom,dual,GNNKPVYRPQPRPPHPRL,,,1,ZP6.5,5,up,0.01
all_atom,dual,GNNKPVYRPQPRPPHPRL,,,1,ZP7.5,1,dn,0.003
all_atom,dual,GNNKPVYRPQPRPPHPRL,,,1,ZP7.5,1,up,0.002
all_atom,dual,GNNKPVYRPQPRPPHPRL,,,1,ZP7.5,2,dn,0.004
all_atom,dual,GNNKPVYRPQPRPPHPRL,,,1,ZP7.5,2,up,0.005
all_atom,dual,GNNKPVYRPQPRPPHPRL,,,1,ZP7.5,3,dn,0.003
all_atom,dual,GNNKPVYRPQPRPPHPRL,,,1,ZP7.5,3,up,0.011
all_atom,dual,GNNKPVYRPQPRPPHPRL,,,1,ZP7.5,4,dn,0.006
all_atom,dual,GNNKPVYRPQPRPPHPRL,,,1,ZP7.5,4,up,0.008
all_atom,dual,GNNKPVYRPQPRPPHPRL,,,1,ZP7.5,5,dn,0.009
all_atom,dual,GNNKPVYRPQPRPPHPRL,,,1,ZP7.5,5,up,0.007
all_atom,dual,GNNKPVYRPQPRPPHPRL,,,1,ZP8.5,1,dn,0.001
all_atom,dual,GNNKPVYRPQPRPPHPRL,,,1,ZP8.5,1,up,0.001
all_atom,dual,GNNKPVYRPQPRPPHPRL,,,1,ZP8.5,2,dn,0.001
all_atom,dual,GNNKPVYRPQPRPPHPRL,,,1,ZP8.5,2,up,0.001
all_atom,dual,GNNKPVYRPQPRPPHPRL,,,1,ZP8.5,3,dn,0.0
all_atom,dual,GNNKPVYRPQPRPPHPRL,,,1,ZP8.5,3,up,0.001
all_atom,dual,GNNKPVYRPQPRPPHPRL,,,1,ZP8.5,4,dn,0.001
all_atom,dual,GNNKPVYRPQPRPPHPRL,,,1,ZP8.5,4,up,0.005
all_atom,dual,GNNKPVYRPQPRPPHPRL,,,1,ZP8.5,5,dn,0.001
all_atom,dual,GNNKPVYRPQPRPPHPRL,,,1,ZP8.5,5,up,0.006
all_atom,dual,GNNKPVYRPQPRPPHPRL,,,1,ZP9.5,1,dn,0.0
all_atom,dual,GNNKPVYRPQPRPPHPRL,,,1,ZP9.5,1,up,0.0
all_atom,dual,GNNKPVYRPQPRPPHPRL,,,1,ZP9.5,2,dn,0.001
all_atom,dual,GNNKPVYRPQPRPPHPRL,,,1,ZP9.5,2,up,0.0
all_atom,dual,GNNKPVYRPQPRPPHPRL,,,1,ZP9.5,3,dn,0.001
all_atom,dual,GNNKPVYRPQPRPPHPRL,,,1,ZP9.5,3,up,0.0
all_atom,dual,GNNKPVYRPQPRPPHPRL,,,1,ZP9.5,4,dn,0.002
all_atom,dual,GNNKPVYRPQPRPPHPRL,,,1,ZP9.5,4,up,0.004
all_atom,dual,GNNKPVYRPQPRPPHPRL,,,1,ZP9.5,5,dn,0.002
all_atom,dual,GNNKPVYRPQPRPPHPRL,,,1,ZP9.5,5,up,0.003
all_atom,dual,GRNGKSQSIIVGPWGDRVTN,,,0,APLA12.5,1,dn,61.002
all_atom,dual,GRNGKSQSIIVGPWGDRVTN,,,0,APLA12.5,1,up,59.605
all_atom,dual,GRNGKSQSIIVGPWGDRVTN,,,0,APLA12.5,2,dn,61.221
all_atom,dual,GRNGKSQSIIVGPWGDRVTN,,,0,APLA12.5,2,up,59.267
all_atom,dual,GRNGKSQSIIVGPWGDRVTN,,,0,APLA12.5,3,dn,59.78
all_atom,dual,GRNGKSQSIIVGPWGDRVTN,,,0,APLA12.5,3,up,60.106
all_atom,dual,GRNGKSQSIIVGPWGDRVTN,,,0,APLA12.5,4,dn,58.582
all_atom,dual,GRNGKSQSIIVGPWGDRVTN,,,0,APLA12.5,4,up,58.004
all_atom,dual,GRNGKSQSIIVGPWGDRVTN,,,0,APLA12.5,5,dn,60.208
all_atom,dual,GRNGKSQSIIVGPWGDRVTN,,,0,APLA12.5,5,up,58.869
all_atom,dual,GRNGKSQSIIVGPWGDRVTN,,,0,APLA17.5,1,dn,59.79
all_atom,dual,GRNGKSQSIIVGPWGDRVTN,,,0,APLA17.5,1,up,59.336
all_atom,dual,GRNGKSQSIIVGPWGDRVTN,,,0,APLA17.5,2,dn,57.859
all_atom,dual,GRNGKSQSIIVGPWGDRVTN,,,0,APLA17.5,2,up,58.952
all_atom,dual,GRNGKSQSIIVGPWGDRVTN,,,0,APLA17.5,3,dn,59.167
all_atom,dual,GRNGKSQSIIVGPWGDRVTN,,,0,APLA17.5,3,up,57.39
all_atom,dual,GRNGKSQSIIVGPWGDRVTN,,,0,APLA17.5,4,dn,58.341
all_atom,dual,GRNGKSQSIIVGPWGDRVTN,,,0,APLA17.5,4,up,58.172
all_atom,dual,GRNGKSQSIIVGPWGDRVTN,,,0,APLA17.5,5,dn,58.739
all_atom,dual,GRNGKSQSIIVGPWGDRVTN,,,0,APLA17.5,5,up,59.066
all_atom,dual,GRNGKSQSIIVGPWGDRVTN,,,0,APLA2.5,1,dn,77.636
all_atom,dual,GRNGKSQSIIVGPWGDRVTN,,,0,APLA2.5,1,up,82.537
all_atom,dual,GRNGKSQSIIVGPWGDRVTN,,,0,APLA2.5,2,dn,79.57
all_atom,dual,GRNGKSQSIIVGPWGDRVTN,,,0,APLA2.5,2,up,79.104
all_atom,dual,GRNGKSQSIIVGPWGDRVTN,,,0,APLA2.5,3,dn,79.394
all_atom,dual,GRNGKSQSIIVGPWGDRVTN,,,0,APLA2.5,3,up,84.356
all_atom,dual,GRNGKSQSIIVGPWGDRVTN,,,0,APLA2.5,4,dn,74.665
all_atom,dual,GRNGKSQSIIVGPWGDRVTN,,,0,APLA2.5,4,up,79.392
all_atom,dual,GRNGKSQSIIVGPWGDRVTN,,,0,APLA2.5,5,dn,73.101
all_atom,dual,GRNGKSQSIIVGPWGDRVTN,,,0,APLA2.5,5,up,77.36
all_atom,dual,GRNGKSQSIIVGPWGDRVTN,,,0,APLA7.5,1,dn,61.391
all_atom,dual,GRNGKSQSIIVGPWGDRVTN,,,0,APLA7.5,1,up,64.818
all_atom,dual,GRNGKSQSIIVGPWGDRVTN,,,0,APLA7.5,2,dn,62.485
all_atom,dual,GRNGKSQSIIVGPWGDRVTN,,,0,APLA7.5,2,up,62.297
all_atom,dual,GRNGKSQSIIVGPWGDRVTN,,,0,APLA7.5,3,dn,60.799
all_atom,dual,GRNGKSQSIIVGPWGDRVTN,,,0,APLA7.5,3,up,66.469
all_atom,dual,GRNGKSQSIIVGPWGDRVTN,,,0,APLA7.5,4,dn,59.362
all_atom,dual,GRNGKSQSIIVGPWGDRVTN,,,0,APLA7.5,4,up,63.894
all_atom,dual,GRNGKSQSIIVGPWGDRVTN,,,0,APLA7.5,5,dn,61.456
all_atom,dual,GRNGKSQSIIVGPWGDRVTN,,,0,APLA7.5,5,up,62.989
all_atom,dual,GRNGKSQSIIVGPWGDRVTN,,,0,APLS12.5,1,dn,4.463
all_atom,dual,GRNGKSQSIIVGPWGDRVTN,,,0,APLS12.5,1,up,4.275
all_atom,dual,GRNGKSQSIIVGPWGDRVTN,,,0,APLS12.5,2,dn,4.308
all_atom,dual,GRNGKSQSIIVGPWGDRVTN,,,0,APLS12.5,2,up,3.928
all_atom,dual,GRNGKSQSIIVGPWGDRVTN,,,0,APLS12.5,3,dn,3.523
all_atom,dual,GRNGKSQSIIVGPWGDRVTN,,,0,APLS12.5,3,up,4.624
all_atom,dual,GRNGKSQSIIVGPWGDRVTN,,,0,APLS12.5,4,dn,3.965
all_atom,dual,GRNGKSQSIIVGPWGDRVTN,,,0,APLS12.5,4,up,3.893
all_atom,dual,GRNGKSQSIIVGPWGDRVTN,,,0,APLS12.5,5,dn,3.839
all_atom,dual,GRNGKSQSIIVGPWGDRVTN,,,0,APLS12.5,5,up,3.953
all_atom,dual,GRNGKSQSIIVGPWGDRVTN,,,0,APLS17.5,1,dn,4.522
all_atom,dual,GRNGKSQSIIVGPWGDRVTN,,,0,APLS17.5,1,up,3.771
all_atom,dual,GRNGKSQSIIVGPWGDRVTN,,,0,APLS17.5,2,dn,3.439
all_atom,dual,GRNGKSQSIIVGPWGDRVTN,,,0,APLS17.5,2,up,3.545
all_atom,dual,GRNGKSQSIIVGPWGDRVTN,,,0,APLS17.5,3,dn,3.271
all_atom,dual,GRNGKSQSIIVGPWGDRVTN,,,0,APLS17.5,3,up,3.749
all_atom,dual,GRNGKSQSIIVGPWGDRVTN,,,0,APLS17.5,4,dn,3.453
all_atom,dual,GRNGKSQSIIVGPWGDRVTN,,,0,APLS17.5,4,up,3.374
all_atom,dual,GRNGKSQSIIVGPWGDRVTN,,,0,APLS17.5,5,dn,3.453
all_atom,dual,GRNGKSQSIIVGPWGDRVTN,,,0,APLS17.5,5,up,3.478
all_atom,dual,GRNGKSQSIIVGPWGDRVTN,,,0,APLS2.5,1,dn,7.222
all_atom,dual,GRNGKSQSIIVGPWGDRVTN,,,0,APLS2.5,1,up,7.76
all_atom,dual,GRNGKSQSIIVGPWGDRVTN,,,0,APLS2.5,2,dn,9.452
all_atom,dual,GRNGKSQSIIVGPWGDRVTN,,,0,APLS2.5,2,up,6.692
all_atom,dual,GRNGKSQSIIVGPWGDRVTN,,,0,APLS2.5,3,dn,6.785
all_atom,dual,GRNGKSQSIIVGPWGDRVTN,,,0,APLS2.5,3,up,6.846
all_atom,dual,GRNGKSQSIIVGPWGDRVTN,,,0,APLS2.5,4,dn,6.593
all_atom,dual,GRNGKSQSIIVGPWGDRVTN,,,0,APLS2.5,4,up,8.145
all_atom,dual,GRNGKSQSIIVGPWGDRVTN,,,0,APLS2.5,5,dn,6.808
all_atom,dual,GRNGKSQSIIVGPWGDRVTN,,,0,APLS2.5,5,up,8.336
all_atom,dual,GRNGKSQSIIVGPWGDRVTN,,,0,APLS7.5,1,dn,6.225
all_atom,dual,GRNGKSQSIIVGPWGDRVTN,,,0,APLS7.5,1,up,5.17
all_atom,dual,GRNGKSQSIIVGPWGDRVTN,,,0,APLS7.5,2,dn,5.621
all_atom,dual,GRNGKSQSIIVGPWGDRVTN,,,0,APLS7.5,2,up,5.265
all_atom,dual,GRNGKSQSIIVGPWGDRVTN,,,0,APLS7.5,3,dn,4.863
all_atom,dual,GRNGKSQSIIVGPWGDRVTN,,,0,APLS7.5,3,up,6.236
all_atom,dual,GRNGKSQSIIVGPWGDRVTN,,,0,APLS7.5,4,dn,5.179
all_atom,dual,GRNGKSQSIIVGPWGDRVTN,,,0,APLS7.5,4,up,5.998
all_atom,dual,GRNGKSQSIIVGPWGDRVTN,,,0,APLS7.5,5,dn,4.971
all_atom,dual,GRNGKSQSIIVGPWGDRVTN,,,0,APLS7.5,5,up,5.369
all_atom,dual,GRNGKSQSIIVGPWGDRVTN,,,0,H0,1,dn,0.0
all_atom,dual,GRNGKSQSIIVGPWGDRVTN,,,0,H0,1,up,0.0
all_atom,dual,GRNGKSQSIIVGPWGDRVTN,,,0,H0,2,dn,0.0
all_atom,dual,GRNGKSQSIIVGPWGDRVTN,,,0,H0,2,up,0.0
all_atom,dual,GRNGKSQSIIVGPWGDRVTN,,,0,H0,3,dn,0.0
all_atom,dual,GRNGKSQSIIVGPWGDRVTN,,,0,H0,3,up,0.0
all_atom,dual,GRNGKSQSIIVGPWGDRVTN,,,0,H0,4,dn,0.0
all_atom,dual,GRNGKSQSIIVGPWGDRVTN,,,0,H0,4,up,0.0
all_atom,dual,GRNGKSQSIIVGPWGDRVTN,,,0,H0,5,dn,0.0
all_atom,dual,GRNGKSQSIIVGPWGDRVTN,,,0,H0,5,up,0.0
all_atom,dual,GRNGKSQSIIVGPWGDRVTN,,,0,H1,1,dn,0.105
all_atom,dual,GRNGKSQSIIVGPWGDRVTN,,,0,H1,1,up,0.955
all_atom,dual,GRNGKSQSIIVGPWGDRVTN,,,0,H1,2,dn,0.0
all_atom,dual,GRNGKSQSIIVGPWGDRVTN,,,0,H1,2,up,0.976
all_atom,dual,GRNGKSQSIIVGPWGDRVTN,,,0,H1,3,dn,0.0
all_atom,dual,GRNGKSQSIIVGPWGDRVTN,,,0,H1,3,up,0.708
all_atom,dual,GRNGKSQSIIVGPWGDRVTN,,,0,H1,4,dn,0.0
all_atom,dual,GRNGKSQSIIVGPWGDRVTN,,,0,H1,4,up,0.713
all_atom,dual,GRNGKSQSIIVGPWGDRVTN,,,0,H1,5,dn,0.0
all_atom,dual,GRNGKSQSIIVGPWGDRVTN,,,0,H1,5,up,0.0
all_atom,dual,GRNGKSQSIIVGPWGDRVTN,,,0,H10,1,dn,0.0
all_atom,dual,GRNGKSQSIIVGPWGDRVTN,,,0,H10,1,up,0.0
all_atom,dual,GRNGKSQSIIVGPWGDRVTN,,,0,H10,2,dn,0.0
all_atom,dual,GRNGKSQSIIVGPWGDRVTN,,,0,H10,2,up,0.0
all_atom,dual,GRNGKSQSIIVGPWGDRVTN,,,0,H10,3,dn,0.0
all_atom,dual,GRNGKSQSIIVGPWGDRVTN,,,0,H10,3,up,0.0
all_atom,dual,GRNGKSQSIIVGPWGDRVTN,,,0,H10,4,dn,0.0
all_atom,dual,GRNGKSQSIIVGPWGDRVTN,,,0,H10,4,up,0.0
all_atom,dual,GRNGKSQSIIVGPWGDRVTN,,,0,H10,5,dn,0.0
all_atom,dual,GRNGKSQSIIVGPWGDRVTN,,,0,H10,5,up,0.0
all_atom,dual,GRNGKSQSIIVGPWGDRVTN,,,0,H2,1,dn,0.655
all_atom,dual,GRNGKSQSIIVGPWGDRVTN,,,0,H2,1,up,1.0
all_atom,dual,GRNGKSQSIIVGPWGDRVTN,,,0,H2,2,dn,0.513
all_atom,dual,GRNGKSQSIIVGPWGDRVTN,,,0,H2,2,up,1.0
all_atom,dual,GRNGKSQSIIVGPWGDRVTN,,,0,H2,3,dn,0.309
all_atom,dual,GRNGKSQSIIVGPWGDRVTN,,,0,H2,3,up,0.988
all_atom,dual,GRNGKSQSIIVGPWGDRVTN,,,0,H2,4,dn,0.317
all_atom,dual,GRNGKSQSIIVGPWGDRVTN,,,0,H2,4,up,0.988
all_atom,dual,GRNGKSQSIIVGPWGDRVTN,,,0,H2,5,dn,0.317
all_atom,dual,GRNGKSQSIIVGPWGDRVTN,,,0,H2,5,up,0.02
all_atom,dual,GRNGKSQSIIVGPWGDRVTN,,,0,H3,1,dn,0.821
all_atom,dual,GRNGKSQSIIVGPWGDRVTN,,,0,H3,1,up,0.986
all_atom,dual,GRNGKSQSIIVGPWGDRVTN,,,0,H3,2,dn,0.653
all_atom,dual,GRNGKSQSIIVGPWGDRVTN,,,0,H3,2,up,1.0
all_atom,dual,GRNGKSQSIIVGPWGDRVTN,,,0,H3,3,dn,0.455
all_atom,dual,GRNGKSQSIIVGPWGDRVTN,,,0,H3,3,up,0.94
all_atom,dual,GRNGKSQSIIVGPWGDRVTN,,,0,H3,4,dn,0.485
all_atom,dual,GRNGKSQSIIVGPWGDRVTN,,,0,H3,4,up,1.0
all_atom,dual,GRNGKSQSIIVGPWGDRVTN,,,0,H3,5,dn,0.525
all_atom,dual,GRNGKSQSIIVGPWGDRVTN,,,0,H3,5,up,0.106
all_atom,dual,GRNGKSQSIIVGPWGDRVTN,,,0,H4,1,dn,0.208
all_atom,dual,GRNGKSQSIIVGPWGDRVTN,,,0,H4,1,up,0.96
all_atom,dual,GRNGKSQSIIVGPWGDRVTN,,,0,H4,2,dn,0.194
all_atom,dual,GRNGKSQSIIVGPWGDRVTN,,,0,H4,2,up,0.984
all_atom,dual,GRNGKSQSIIVGPWGDRVTN,,,0,H4,3,dn,0.075
all_atom,dual,GRNGKSQSIIVGPWGDRVTN,,,0,H4,3,up,0.903
all_atom,dual,GRNGKSQSIIVGPWGDRVTN,,,0,H4,4,dn,0.154
all_atom,dual,GRNGKSQSIIVGPWGDRVTN,,,0,H4,4,up,0.984
all_atom,dual,GRNGKSQSIIVGPWGDRVTN,,,0,H4,5,dn,0.107
all_atom,dual,GRNGKSQSIIVGPWGDRVTN,,,0,H4,5,up,0.941
all_atom,dual,GRNGKSQSIIVGPWGDRVTN,,,0,H5,1,dn,0.03
all_atom,dual,GRNGKSQSIIVGPWGDRVTN,,,0,H5,1,up,0.832
all_atom,dual,GRNGKSQSIIVGPWGDRVTN,,,0,H5,2,dn,0.0
all_atom,dual,GRNGKSQSIIVGPWGDRVTN,,,0,H5,2,up,0.866
all_atom,dual,GRNGKSQSIIVGPWGDRVTN,,,0,H5,3,dn,0.0
all_atom,dual,GRNGKSQSIIVGPWGDRVTN,,,0,H5,3,up,0.752
all_atom,dual,GRNGKSQSIIVGPWGDRVTN,,,0,H5,4,dn,0.0
all_atom,dual,GRNGKSQSIIVGPWGDRVTN,,,0,H5,4,up,0.931
all_atom,dual,GRNGKSQSIIVGPWGDRVTN,,,0,H5,5,dn,0.0
all_atom,dual,GRNGKSQSIIVGPWGDRVTN,,,0,H5,5,up,0.941
all_atom,dual,GRNGKSQSIIVGPWGDRVTN,,,0,H6,1,dn,0.238
all_atom,dual,GRNGKSQSIIVGPWGDRVTN,,,0,H6,1,up,0.588
all_atom,dual,GRNGKSQSIIVGPWGDRVTN,,,0,H6,2,dn,0.25
all_atom,dual,GRNGKSQSIIVGPWGDRVTN,,,0,H6,2,up,0.99
all_atom,dual,GRNGKSQSIIVGPWGDRVTN,,,0,H6,3,dn,0.392
all_atom,dual,GRNGKSQSIIVGPWGDRVTN,,,0,H6,3,up,0.804
all_atom,dual,GRNGKSQSIIVGPWGDRVTN,,,0,H6,4,dn,0.048
all_atom,dual,GRNGKSQSIIVGPWGDRVTN,,,0,H6,4,up,0.731
all_atom,dual,GRNGKSQSIIVGPWGDRVTN,,,0,H6,5,dn,0.0
all_atom,dual,GRNGKSQSIIVGPWGDRVTN,,,0,H6,5,up,0.941
all_atom,dual,GRNGKSQSIIVGPWGDRVTN,,,0,H7,1,dn,0.957
all_atom,dual,GRNGKSQSIIVGPWGDRVTN,,,0,H7,1,up,0.937
all_atom,dual,GRNGKSQSIIVGPWGDRVTN,,,0,H7,2,dn,0.753
all_atom,dual,GRNGKSQSIIVGPWGDRVTN,,,0,H7,2,up,1.0
all_atom,dual,GRNGKSQSIIVGPWGDRVTN,,,0,H7,3,dn,0.579
all_atom,dual,GRNGKSQSIIVGPWGDRVTN,,,0,H7,3,up,0.96
all_atom,dual,GRNGKSQSIIVGPWGDRVTN,,,0,H7,4,dn,0.248
all_atom,dual,GRNGKSQSIIVGPWGDRVTN,,,0,H7,4,up,0.977
all_atom,dual,GRNGKSQSIIVGPWGDRVTN,,,0,H7,5,dn,0.0
all_atom,dual,GRNGKSQSIIVGPWGDRVTN,,,0,H7,5,up,1.0
all_atom,dual,GRNGKSQSIIVGPWGDRVTN,,,0,H8,1,dn,0.968
all_atom,dual,GRNGKSQSIIVGPWGDRVTN,,,0,H8,1,up,0.891
all_atom,dual,GRNGKSQSIIVGPWGDRVTN,,,0,H8,2,dn,0.84
all_atom,dual,GRNGKSQSIIVGPWGDRVTN,,,0,H8,2,up,1.0
all_atom,dual,GRNGKSQSIIVGPWGDRVTN,,,0,H8,3,dn,0.568
all_atom,dual,GRNGKSQSIIVGPWGDRVTN,,,0,H8,3,up,0.749
all_atom,dual,GRNGKSQSIIVGPWGDRVTN,,,0,H8,4,dn,0.273
all_atom,dual,GRNGKSQSIIVGPWGDRVTN,,,0,H8,4,up,0.903
all_atom,dual,GRNGKSQSIIVGPWGDRVTN,,,0,H8,5,dn,0.0
all_atom,dual,GRNGKSQSIIVGPWGDRVTN,,,0,H8,5,up,0.943
all_atom,dual,GRNGKSQSIIVGPWGDRVTN,,,0,H9,1,dn,0.81
all_atom,dual,GRNGKSQSIIVGPWGDRVTN,,,0,H9,1,up,0.581
all_atom,dual,GRNGKSQSIIVGPWGDRVTN,,,0,H9,2,dn,0.52
all_atom,dual,GRNGKSQSIIVGPWGDRVTN,,,0,H9,2,up,0.876
all_atom,dual,GRNGKSQSIIVGPWGDRVTN,,,0,H9,3,dn,0.33
all_atom,dual,GRNGKSQSIIVGPWGDRVTN,,,0,H9,3,up,0.354
all_atom,dual,GRNGKSQSIIVGPWGDRVTN,,,0,H9,4,dn,0.0
all_atom,dual,GRNGKSQSIIVGPWGDRVTN,,,0,H9,4,up,0.692
all_atom,dual,GRNGKSQSIIVGPWGDRVTN,,,0,H9,5,dn,0.0
all_atom,dual,GRNGKSQSIIVGPWGDRVTN,,,0,H9,5,up,0.566
all_atom,dual,GRNGKSQSIIVGPWGDRVTN,,,0,HM,1,dn,0.466
all_atom,dual,GRNGKSQSIIVGPWGDRVTN,,,0,HM,1,up,0.753
all_atom,dual,GRNGKSQSIIVGPWGDRVTN,,,0,HM,2,dn,0.345
all_atom,dual,GRNGKSQSIIVGPWGDRVTN,,,0,HM,2,up,0.846
all_atom,dual,GRNGKSQSIIVGPWGDRVTN,,,0,HM,3,dn,0.243
all_atom,dual,GRNGKSQSIIVGPWGDRVTN,,,0,HM,3,up,0.691
all_atom,dual,GRNGKSQSIIVGPWGDRVTN,,,0,HM,4,dn,0.144
all_atom,dual,GRNGKSQSIIVGPWGDRVTN,,,0,HM,4,up,0.767
all_atom,dual,GRNGKSQSIIVGPWGDRVTN,,,0,HM,5,dn,0.086
all_atom,dual,GRNGKSQSIIVGPWGDRVTN,,,0,HM,5,up,0.524
all_atom,dual,GRNGKSQSIIVGPWGDRVTN,,,0,PEPT_BUR_MAX,1,dn,6.29
all_atom,dual,GRNGKSQSIIVGPWGDRVTN,,,0,PEPT_BUR_MAX,1,up,10.03
all_atom,dual,GRNGKSQSIIVGPWGDRVTN,,,0,PEPT_BUR_MAX,2,dn,7.92
all_atom,dual,GRNGKSQSIIVGPWGDRVTN,,,0,PEPT_BUR_MAX,2,up,8.49
all_atom,dual,GRNGKSQSIIVGPWGDRVTN,,,0,PEPT_BUR_MAX,3,dn,3.51
all_atom,dual,GRNGKSQSIIVGPWGDRVTN,,,0,PEPT_BUR_MAX,3,up,8.74
all_atom,dual,GRNGKSQSIIVGPWGDRVTN,,,0,PEPT_BUR_MAX,4,dn,7.82
all_atom,dual,GRNGKSQSIIVGPWGDRVTN,,,0,PEPT_BUR_MAX,4,up,8.31
all_atom,dual,GRNGKSQSIIVGPWGDRVTN,,,0,PEPT_BUR_MAX,5,dn,8.79
all_atom,dual,GRNGKSQSIIVGPWGDRVTN,,,0,PEPT_BUR_MAX,5,up,6.75
all_atom,dual,GRNGKSQSIIVGPWGDRVTN,,,0,S,1,dn,0.81
all_atom,dual,GRNGKSQSIIVGPWGDRVTN,,,0,S,1,up,0.391
all_atom,dual,GRNGKSQSIIVGPWGDRVTN,,,0,S,2,dn,0.645
all_atom,dual,GRNGKSQSIIVGPWGDRVTN,,,0,S,2,up,0.534
all_atom,dual,GRNGKSQSIIVGPWGDRVTN,,,0,S,3,dn,0.732
all_atom,dual,GRNGKSQSIIVGPWGDRVTN,,,0,S,3,up,0.607
all_atom,dual,GRNGKSQSIIVGPWGDRVTN,,,0,S,4,dn,0.718
all_atom,dual,GRNGKSQSIIVGPWGDRVTN,,,0,S,4,up,0.644
all_atom,dual,GRNGKSQSIIVGPWGDRVTN,,,0,S,5,dn,0.578
all_atom,dual,GRNGKSQSIIVGPWGDRVTN,,,0,S,5,up,0.693
all_atom,dual,GRNGKSQSIIVGPWGDRVTN,,,0,WAT_BUR_MAX,1,dn,9.94
all_atom,dual,GRNGKSQSIIVGPWGDRVTN,,,0,WAT_BUR_MAX,1,up,9.9
all_atom,dual,GRNGKSQSIIVGPWGDRVTN,,,0,WAT_BUR_MAX,2,dn,9.44
all_atom,dual,GRNGKSQSIIVGPWGDRVTN,,,0,WAT_BUR_MAX,2,up,9.46
all_atom,dual,GRNGKSQSIIVGPWGDRVTN,,,0,WAT_BUR_MAX,3,dn,8.97
all_atom,dual,GRNGKSQSIIVGPWGDRVTN,,,0,WAT_BUR_MAX,3,up,8.32
all_atom,dual,GRNGKSQSIIVGPWGDRVTN,,,0,WAT_BUR_MAX,4,dn,9.03
all_atom,dual,GRNGKSQSIIVGPWGDRVTN,,,0,WAT_BUR_MAX,4,up,10.09
all_atom,dual,GRNGKSQSIIVGPWGDRVTN,,,0,WAT_BUR_MAX,5,dn,10.19
all_atom,dual,GRNGKSQSIIVGPWGDRVTN,,,0,WAT_BUR_MAX,5,up,10.06
all_atom,dual,GRNGKSQSIIVGPWGDRVTN,,,0,WAT_BUR_REL,1,dn,2.63
all_atom,dual,GRNGKSQSIIVGPWGDRVTN,,,0,WAT_BUR_REL,1,up,0.3
all_atom,dual,GRNGKSQSIIVGPWGDRVTN,,,0,WAT_BUR_REL,2,dn,2.51
all_atom,dual,GRNGKSQSIIVGPWGDRVTN,,,0,WAT_BUR_REL,2,up,2.24
all_atom,dual,GRNGKSQSIIVGPWGDRVTN,,,0,WAT_BUR_REL,3,dn,3.03
all_atom,dual,GRNGKSQSIIVGPWGDRVTN,,,0,WAT_BUR_REL,3,up,2.27
all_atom,dual,GRNGKSQSIIVGPWGDRVTN,,,0,WAT_BUR_REL,4,dn,1.99
all_atom,dual,GRNGKSQSIIVGPWGDRVTN,,,0,WAT_BUR_REL,4,up,1.7
all_atom,dual,GRNGKSQSIIVGPWGDRVTN,,,0,WAT_BUR_REL,5,dn,1.73
all_atom,dual,GRNGKSQSIIVGPWGDRVTN,,,0,WAT_BUR_REL,5,up,3.85
all_atom,dual,GRNGKSQSIIVGPWGDRVTN,,,0,ZP-0.5,1,dn,0.135
all_atom,dual,GRNGKSQSIIVGPWGDRVTN,,,0,ZP-0.5,1,up,0.113
all_atom,dual,GRNGKSQSIIVGPWGDRVTN,,,0,ZP-0.5,2,dn,0.113
all_atom,dual,GRNGKSQSIIVGPWGDRVTN,,,0,ZP-0.5,2,up,0.093
all_atom,dual,GRNGKSQSIIVGPWGDRVTN,,,0,ZP-0.5,3,dn,0.117
all_atom,dual,GRNGKSQSIIVGPWGDRVTN,,,0,ZP-0.5,3,up,0.121
all_atom,dual,GRNGKSQSIIVGPWGDRVTN,,,0,ZP-0.5,4,dn,0.137
all_atom,dual,GRNGKSQSIIVGPWGDRVTN,,,0,ZP-0.5,4,up,0.1
all_atom,dual,GRNGKSQSIIVGPWGDRVTN,,,0,ZP-0.5,5,dn,0.14
all_atom,dual,GRNGKSQSIIVGPWGDRVTN,,,0,ZP-0.5,5,up,0.128
all_atom,dual,GRNGKSQSIIVGPWGDRVTN,,,0,ZP-1.5,1,dn,0.126
all_atom,dual,GRNGKSQSIIVGPWGDRVTN,,,0,ZP-1.5,1,up,0.052
all_atom,dual,GRNGKSQSIIVGPWGDRVTN,,,0,ZP-1.5,2,dn,0.111
all_atom,dual,GRNGKSQSIIVGPWGDRVTN,,,0,ZP-1.5,2,up,0.073
all_atom,dual,GRNGKSQSIIVGPWGDRVTN,,,0,ZP-1.5,3,dn,0.103
all_atom,dual,GRNGKSQSIIVGPWGDRVTN,,,0,ZP-1.5,3,up,0.088
all_atom,dual,GRNGKSQSIIVGPWGDRVTN,,,0,ZP-1.5,4,dn,0.118
all_atom,dual,GRNGKSQSIIVGPWGDRVTN,,,0,ZP-1.5,4,up,0.121
all_atom,dual,GRNGKSQSIIVGPWGDRVTN,,,0,ZP-1.5,5,dn,0.106
all_atom,dual,GRNGKSQSIIVGPWGDRVTN,,,0,ZP-1.5,5,up,0.132
all_atom,dual,GRNGKSQSIIVGPWGDRVTN,,,0,ZP-2.5,1,dn,0.101
all_atom,dual,GRNGKSQSIIVGPWGDRVTN,,,0,ZP-2.5,1,up,0.062
all_atom,dual,GRNGKSQSIIVGPWGDRVTN,,,0,ZP-2.5,2,dn,0.087
all_atom,dual,GRNGKSQSIIVGPWGDRVTN,,,0,ZP-2.5,2,up,0.037
all_atom,dual,GRNGKSQSIIVGPWGDRVTN,,,0,ZP-2.5,3,dn,0.071
all_atom,dual,GRNGKSQSIIVGPWGDRVTN,,,0,ZP-2.5,3,up,0.071
all_atom,dual,GRNGKSQSIIVGPWGDRVTN,,,0,ZP-2.5,4,dn,0.09
all_atom,dual,GRNGKSQSIIVGPWGDRVTN,,,0,ZP-2.5,4,up,0.068
all_atom,dual,GRNGKSQSIIVGPWGDRVTN,,,0,ZP-2.5,5,dn,0.076
all_atom,dual,GRNGKSQSIIVGPWGDRVTN,,,0,ZP-2.5,5,up,0.095
all_atom,dual,GRNGKSQSIIVGPWGDRVTN,,,0,ZP-3.5,1,dn,0.082
all_atom,dual,GRNGKSQSIIVGPWGDRVTN,,,0,ZP-3.5,1,up,0.035
all_atom,dual,GRNGKSQSIIVGPWGDRVTN,,,0,ZP-3.5,2,dn,0.049
all_atom,dual,GRNGKSQSIIVGPWGDRVTN,,,0,ZP-3.5,2,up,0.034
all_atom,dual,GRNGKSQSIIVGPWGDRVTN,,,0,ZP-3.5,3,dn,0.035
all_atom,dual,GRNGKSQSIIVGPWGDRVTN,,,0,ZP-3.5,3,up,0.019
all_atom,dual,GRNGKSQSIIVGPWGDRVTN,,,0,ZP-3.5,4,dn,0.082
all_atom,dual,GRNGKSQSIIVGPWGDRVTN,,,0,ZP-3.5,4,up,0.049
all_atom,dual,GRNGKSQSIIVGPWGDRVTN,,,0,ZP-3.5,5,dn,0.041
all_atom,dual,GRNGKSQSIIVGPWGDRVTN,,,0,ZP-3.5,5,up,0.083
all_atom,dual,GRNGKSQSIIVGPWGDRVTN,,,0,ZP-4.5,1,dn,0.061
all_atom,dual,GRNGKSQSIIVGPWGDRVTN,,,0,ZP-4.5,1,up,0.012
all_atom,dual,GRNGKSQSIIVGPWGDRVTN,,,0,ZP-4.5,2,dn,0.023
all_atom,dual,GRNGKSQSIIVGPWGDRVTN,,,0,ZP-4.5,2,up,0.025
all_atom,dual,GRNGKSQSIIVGPWGDRVTN,,,0,ZP-4.5,3,dn,0.033
all_atom,dual,GRNGKSQSIIVGPWGDRVTN,,,0,ZP-4.5,3,up,0.006
all_atom,dual,GRNGKSQSIIVGPWGDRVTN,,,0,ZP-4.5,4,dn,0.042
all_atom,dual,GRNGKSQSIIVGPWGDRVTN,,,0,ZP-4.5,4,up,0.032
all_atom,dual,GRNGKSQSIIVGPWGDRVTN,,,0,ZP-4.5,5,dn,0.027
all_atom,dual,GRNGKSQSIIVGPWGDRVTN,,,0,ZP-4.5,5,up,0.038
all_atom,dual,GRNGKSQSIIVGPWGDRVTN,,,0,ZP-5.5,1,dn,0.039
all_atom,dual,GRNGKSQSIIVGPWGDRVTN,,,0,ZP-5.5,1,up,0.004
all_atom,dual,GRNGKSQSIIVGPWGDRVTN,,,0,ZP-5.5,2,dn,0.002
all_atom,dual,GRNGKSQSIIVGPWGDRVTN,,,0,ZP-5.5,2,up,0.014
all_atom,dual,GRNGKSQSIIVGPWGDRVTN,,,0,ZP-5.5,3,dn,0.01
all_atom,dual,GRNGKSQSIIVGPWGDRVTN,,,0,ZP-5.5,3,up,0.005
all_atom,dual,GRNGKSQSIIVGPWGDRVTN,,,0,ZP-5.5,4,dn,0.028
all_atom,dual,GRNGKSQSIIVGPWGDRVTN,,,0,ZP-5.5,4,up,0.017
all_atom,dual,GRNGKSQSIIVGPWGDRVTN,,,0,ZP-5.5,5,dn,0.014
all_atom,dual,GRNGKSQSIIVGPWGDRVTN,,,0,ZP-5.5,5,up,0.027
all_atom,dual,GRNGKSQSIIVGPWGDRVTN,,,0,ZP-6.5,1,dn,0.019
all_atom,dual,GRNGKSQSIIVGPWGDRVTN,,,0,ZP-6.5,1,up,0.004
all_atom,dual,GRNGKSQSIIVGPWGDRVTN,,,0,ZP-6.5,2,dn,0.006
all_atom,dual,GRNGKSQSIIVGPWGDRVTN,,,0,ZP-6.5,2,up,0.006
all_atom,dual,GRNGKSQSIIVGPWGDRVTN,,,0,ZP-6.5,3,dn,0.013
all_atom,dual,GRNGKSQSIIVGPWGDRVTN,,,0,ZP-6.5,3,up,0.001
all_atom,dual,GRNGKSQSIIVGPWGDRVTN,,,0,ZP-6.5,4,dn,0.009
all_atom,dual,GRNGKSQSIIVGPWGDRVTN,,,0,ZP-6.5,4,up,0.008
all_atom,dual,GRNGKSQSIIVGPWGDRVTN,,,0,ZP-6.5,5,dn,0.005
all_atom,dual,GRNGKSQSIIVGPWGDRVTN,,,0,ZP-6.5,5,up,0.008
all_atom,dual,GRNGKSQSIIVGPWGDRVTN,,,0,ZP-7.5,1,dn,0.012
all_atom,dual,GRNGKSQSIIVGPWGDRVTN,,,0,ZP-7.5,1,up,0.0
all_atom,dual,GRNGKSQSIIVGPWGDRVTN,,,0,ZP-7.5,2,dn,0.002
all_atom,dual,GRNGKSQSIIVGPWGDRVTN,,,0,ZP-7.5,2,up,0.002
all_atom,dual,GRNGKSQSIIVGPWGDRVTN,,,0,ZP-7.5,3,dn,0.002
all_atom,dual,GRNGKSQSIIVGPWGDRVTN,,,0,ZP-7.5,3,up,0.001
all_atom,dual,GRNGKSQSIIVGPWGDRVTN,,,0,ZP-7.5,4,dn,0.004
all_atom,dual,GRNGKSQSIIVGPWGDRVTN,,,0,ZP-7.5,4,up,0.001
all_atom,dual,GRNGKSQSIIVGPWGDRVTN,,,0,ZP-7.5,5,dn,0.002
all_atom,dual,GRNGKSQSIIVGPWGDRVTN,,,0,ZP-7.5,5,up,0.002
all_atom,dual,GRNGKSQSIIVGPWGDRVTN,,,0,ZP-8.5,1,dn,0.006
all_atom,dual,GRNGKSQSIIVGPWGDRVTN,,,0,ZP-8.5,1,up,0.0
all_atom,dual,GRNGKSQSIIVGPWGDRVTN,,,0,ZP-8.5,2,dn,0.002
all_atom,dual,GRNGKSQSIIVGPWGDRVTN,,,0,ZP-8.5,2,up,0.001
all_atom,dual,GRNGKSQSIIVGPWGDRVTN,,,0,ZP-8.5,3,dn,0.001
all_atom,dual,GRNGKSQSIIVGPWGDRVTN,,,0,ZP-8.5,3,up,0.0
all_atom,dual,GRNGKSQSIIVGPWGDRVTN,,,0,ZP-8.5,4,dn,0.004
all_atom,dual,GRNGKSQSIIVGPWGDRVTN,,,0,ZP-8.5,4,up,0.0
all_atom,dual,GRNGKSQSIIVGPWGDRVTN,,,0,ZP-8.5,5,dn,0.0
all_atom,dual,GRNGKSQSIIVGPWGDRVTN,,,0,ZP-8.5,5,up,0.001
all_atom,dual,GRNGKSQSIIVGPWGDRVTN,,,0,ZP-9.5,1,dn,0.0
all_atom,dual,GRNGKSQSIIVGPWGDRVTN,,,0,ZP-9.5,1,up,0.0
all_atom,dual,GRNGKSQSIIVGPWGDRVTN,,,0,ZP-9.5,2,dn,0.0
all_atom,dual,GRNGKSQSIIVGPWGDRVTN,,,0,ZP-9.5,2,up,0.002
all_atom,dual,GRNGKSQSIIVGPWGDRVTN,,,0,ZP-9.5,3,dn,0.0
all_atom,dual,GRNGKSQSIIVGPWGDRVTN,,,0,ZP-9.5,3,up,0.0
all_atom,dual,GRNGKSQSIIVGPWGDRVTN,,,0,ZP-9.5,4,dn,0.0
all_atom,dual,GRNGKSQSIIVGPWGDRVTN,,,0,ZP-9.5,4,up,0.0
all_atom,dual,GRNGKSQSIIVGPWGDRVTN,,,0,ZP-9.5,5,dn,0.0
all_atom,dual,GRNGKSQSIIVGPWGDRVTN,,,0,ZP-9.5,5,up,0.0
all_atom,dual,GRNGKSQSIIVGPWGDRVTN,,,0,ZP0.5,1,dn,0.128
all_atom,dual,GRNGKSQSIIVGPWGDRVTN,,,0,ZP0.5,1,up,0.114
all_atom,dual,GRNGKSQSIIVGPWGDRVTN,,,0,ZP0.5,2,dn,0.178
all_atom,dual,GRNGKSQSIIVGPWGDRVTN,,,0,ZP0.5,2,up,0.115
all_atom,dual,GRNGKSQSIIVGPWGDRVTN,,,0,ZP0.5,3,dn,0.14
all_atom,dual,GRNGKSQSIIVGPWGDRVTN,,,0,ZP0.5,3,up,0.152
all_atom,dual,GRNGKSQSIIVGPWGDRVTN,,,0,ZP0.5,4,dn,0.148
all_atom,dual,GRNGKSQSIIVGPWGDRVTN,,,0,ZP0.5,4,up,0.131
all_atom,dual,GRNGKSQSIIVGPWGDRVTN,,,0,ZP0.5,5,dn,0.138
all_atom,dual,GRNGKSQSIIVGPWGDRVTN,,,0,ZP0.5,5,up,0.132
all_atom,dual,GRNGKSQSIIVGPWGDRVTN,,,0,ZP1.5,1,dn,0.103
all_atom,dual,GRNGKSQSIIVGPWGDRVTN,,,0,ZP1.5,1,up,0.136
all_atom,dual,GRNGKSQSIIVGPWGDRVTN,,,0,ZP1.5,2,dn,0.146
all_atom,dual,GRNGKSQSIIVGPWGDRVTN,,,0,ZP1.5,2,up,0.126
all_atom,dual,GRNGKSQSIIVGPWGDRVTN,,,0,ZP1.5,3,dn,0.12
all_atom,dual,GRNGKSQSIIVGPWGDRVTN,,,0,ZP1.5,3,up,0.162
all_atom,dual,GRNGKSQSIIVGPWGDRVTN,,,0,ZP1.5,4,dn,0.117
all_atom,dual,GRNGKSQSIIVGPWGDRVTN,,,0,ZP1.5,4,up,0.152
all_atom,dual,GRNGKSQSIIVGPWGDRVTN,,,0,ZP1.5,5,dn,0.163
all_atom,dual,GRNGKSQSIIVGPWGDRVTN,,,0,ZP1.5,5,up,0.124
all_atom,dual,GRNGKSQSIIVGPWGDRVTN,,,0,ZP2.5,1,dn,0.083
all_atom,dual,GRNGKSQSIIVGPWGDRVTN,,,0,ZP2.5,1,up,0.122
all_atom,dual,GRNGKSQSIIVGPWGDRVTN,,,0,ZP2.5,2,dn,0.102
all_atom,dual,GRNGKSQSIIVGPWGDRVTN,,,0,ZP2.5,2,up,0.128
all_atom,dual,GRNGKSQSIIVGPWGDRVTN,,,0,ZP2.5,3,dn,0.117
all_atom,dual,GRNGKSQSIIVGPWGDRVTN,,,0,ZP2.5,3,up,0.138
all_atom,dual,GRNGKSQSIIVGPWGDRVTN,,,0,ZP2.5,4,dn,0.092
all_atom,dual,GRNGKSQSIIVGPWGDRVTN,,,0,ZP2.5,4,up,0.106
all_atom,dual,GRNGKSQSIIVGPWGDRVTN,,,0,ZP2.5,5,dn,0.106
all_atom,dual,GRNGKSQSIIVGPWGDRVTN,,,0,ZP2.5,5,up,0.093
all_atom,dual,GRNGKSQSIIVGPWGDRVTN,,,0,ZP3.5,1,dn,0.043
all_atom,dual,GRNGKSQSIIVGPWGDRVTN,,,0,ZP3.5,1,up,0.114
all_atom,dual,GRNGKSQSIIVGPWGDRVTN,,,0,ZP3.5,2,dn,0.082
all_atom,dual,GRNGKSQSIIVGPWGDRVTN,,,0,ZP3.5,2,up,0.119
all_atom,dual,GRNGKSQSIIVGPWGDRVTN,,,0,ZP3.5,3,dn,0.096
all_atom,dual,GRNGKSQSIIVGPWGDRVTN,,,0,ZP3.5,3,up,0.08
all_atom,dual,GRNGKSQSIIVGPWGDRVTN,,,0,ZP3.5,4,dn,0.058
all_atom,dual,GRNGKSQSIIVGPWGDRVTN,,,0,ZP3.5,4,up,0.092
all_atom,dual,GRNGKSQSIIVGPWGDRVTN,,,0,ZP3.5,5,dn,0.08
all_atom,dual,GRNGKSQSIIVGPWGDRVTN,,,0,ZP3.5,5,up,0.074
all_atom,dual,GRNGKSQSIIVGPWGDRVTN,,,0,ZP4.5,1,dn,0.033
all_atom,dual,GRNGKSQSIIVGPWGDRVTN,,,0,ZP4.5,1,up,0.093
all_atom,dual,GRNGKSQSIIVGPWGDRVTN,,,0,ZP4.5,2,dn,0.048
all_atom,dual,GRNGKSQSIIVGPWGDRVTN,,,0,ZP4.5,2,up,0.087
all_atom,dual,GRNGKSQSIIVGPWGDRVTN,,,0,ZP4.5,3,dn,0.059
all_atom,dual,GRNGKSQSIIVGPWGDRVTN,,,0,ZP4.5,3,up,0.073
all_atom,dual,GRNGKSQSIIVGPWGDRVTN,,,0,ZP4.5,4,dn,0.032
all_atom,dual,GRNGKSQSIIVGPWGDRVTN,,,0,ZP4.5,4,up,0.074
all_atom,dual,GRNGKSQSIIVGPWGDRVTN,,,0,ZP4.5,5,dn,0.051
all_atom,dual,GRNGKSQSIIVGPWGDRVTN,,,0,ZP4.5,5,up,0.033
all_atom,dual,GRNGKSQSIIVGPWGDRVTN,,,0,ZP5.5,1,dn,0.014
all_atom,dual,GRNGKSQSIIVGPWGDRVTN,,,0,ZP5.5,1,up,0.055
all_atom,dual,GRNGKSQSIIVGPWGDRVTN,,,0,ZP5.5,2,dn,0.03
all_atom,dual,GRNGKSQSIIVGPWGDRVTN,,,0,ZP5.5,2,up,0.056
all_atom,dual,GRNGKSQSIIVGPWGDRVTN,,,0,ZP5.5,3,dn,0.039
all_atom,dual,GRNGKSQSIIVGPWGDRVTN,,,0,ZP5.5,3,up,0.043
all_atom,dual,GRNGKSQSIIVGPWGDRVTN,,,0,ZP5.5,4,dn,0.021
all_atom,dual,GRNGKSQSIIVGPWGDRVTN,,,0,ZP5.5,4,up,0.029
all_atom,dual,GRNGKSQSIIVGPWGDRVTN,,,0,ZP5.5,5,dn,0.029
all_atom,dual,GRNGKSQSIIVGPWGDRVTN,,,0,ZP5.5,5,up,0.023
all_atom,dual,GRNGKSQSIIVGPWGDRVTN,,,0,ZP6.5,1,dn,0.009
all_atom,dual,GRNGKSQSIIVGPWGDRVTN,,,0,ZP6.5,1,up,0.033
all_atom,dual,GRNGKSQSIIVGPWGDRVTN,,,0,ZP6.5,2,dn,0.013
all_atom,dual,GRNGKSQSIIVGPWGDRVTN,,,0,ZP6.5,2,up,0.045
all_atom,dual,GRNGKSQSIIVGPWGDRVTN,,,0,ZP6.5,3,dn,0.028
all_atom,dual,GRNGKSQSIIVGPWGDRVTN,,,0,ZP6.5,3,up,0.02
all_atom,dual,GRNGKSQSIIVGPWGDRVTN,,,0,ZP6.5,4,dn,0.01
all_atom,dual,GRNGKSQSIIVGPWGDRVTN,,,0,ZP6.5,4,up,0.011
all_atom,dual,GRNGKSQSIIVGPWGDRVTN,,,0,ZP6.5,5,dn,0.012
all_atom,dual,GRNGKSQSIIVGPWGDRVTN,,,0,ZP6.5,5,up,0.006
all_atom,dual,GRNGKSQSIIVGPWGDRVTN,,,0,ZP7.5,1,dn,0.004
all_atom,dual,GRNGKSQSIIVGPWGDRVTN,,,0,ZP7.5,1,up,0.029
all_atom,dual,GRNGKSQSIIVGPWGDRVTN,,,0,ZP7.5,2,dn,0.004
all_atom,dual,GRNGKSQSIIVGPWGDRVTN,,,0,ZP7.5,2,up,0.022
all_atom,dual,GRNGKSQSIIVGPWGDRVTN,,,0,ZP7.5,3,dn,0.008
all_atom,dual,GRNGKSQSIIVGPWGDRVTN,,,0,ZP7.5,3,up,0.007
all_atom,dual,GRNGKSQSIIVGPWGDRVTN,,,0,ZP7.5,4,dn,0.005
all_atom,dual,GRNGKSQSIIVGPWGDRVTN,,,0,ZP7.5,4,up,0.011
all_atom,dual,GRNGKSQSIIVGPWGDRVTN,,,0,ZP7.5,5,dn,0.005
all_atom,dual,GRNGKSQSIIVGPWGDRVTN,,,0,ZP7.5,5,up,0.001
all_atom,dual,GRNGKSQSIIVGPWGDRVTN,,,0,ZP8.5,1,dn,0.001
all_atom,dual,GRNGKSQSIIVGPWGDRVTN,,,0,ZP8.5,1,up,0.016
all_atom,dual,GRNGKSQSIIVGPWGDRVTN,,,0,ZP8.5,2,dn,0.002
all_atom,dual,GRNGKSQSIIVGPWGDRVTN,,,0,ZP8.5,2,up,0.011
all_atom,dual,GRNGKSQSIIVGPWGDRVTN,,,0,ZP8.5,3,dn,0.005
all_atom,dual,GRNGKSQSIIVGPWGDRVTN,,,0,ZP8.5,3,up,0.007
all_atom,dual,GRNGKSQSIIVGPWGDRVTN,,,0,ZP8.5,4,dn,0.003
all_atom,dual,GRNGKSQSIIVGPWGDRVTN,,,0,ZP8.5,4,up,0.0
all_atom,dual,GRNGKSQSIIVGPWGDRVTN,,,0,ZP8.5,5,dn,0.003
all_atom,dual,GRNGKSQSIIVGPWGDRVTN,,,0,ZP8.5,5,up,0.0
all_atom,dual,GRNGKSQSIIVGPWGDRVTN,,,0,ZP9.5,1,dn,0.0
all_atom,dual,GRNGKSQSIIVGPWGDRVTN,,,0,ZP9.5,1,up,0.005
all_atom,dual,GRNGKSQSIIVGPWGDRVTN,,,0,ZP9.5,2,dn,0.0
all_atom,dual,GRNGKSQSIIVGPWGDRVTN,,,0,ZP9.5,2,up,0.004
all_atom,dual,GRNGKSQSIIVGPWGDRVTN,,,0,ZP9.5,3,dn,0.001
all_atom,dual,GRNGKSQSIIVGPWGDRVTN,,,0,ZP9.5,3,up,0.004
all_atom,dual,GRNGKSQSIIVGPWGDRVTN,,,0,ZP9.5,4,dn,0.0
all_atom,dual,GRNGKSQSIIVGPWGDRVTN,,,0,ZP9.5,4,up,0.0
all_atom,dual,GRNGKSQSIIVGPWGDRVTN,,,0,ZP9.5,5,dn,0.001
all_atom,dual,GRNGKSQSIIVGPWGDRVTN,,,0,ZP9.5,5,up,0.001
all_atom,dual,GWWRRTVDKVRNAGRKV,,,0,APLA12.5,1,dn,59.736
all_atom,dual,GWWRRTVDKVRNAGRKV,,,0,APLA12.5,1,up,58.329
all_atom,dual,GWWRRTVDKVRNAGRKV,,,0,APLA12.5,2,dn,59.763
all_atom,dual,GWWRRTVDKVRNAGRKV,,,0,APLA12.5,2,up,58.517
all_atom,dual,GWWRRTVDKVRNAGRKV,,,0,APLA12.5,3,dn,61.206
all_atom,dual,GWWRRTVDKVRNAGRKV,,,0,APLA12.5,3,up,60.385
all_atom,dual,GWWRRTVDKVRNAGRKV,,,0,APLA12.5,4,dn,57.916
all_atom,dual,GWWRRTVDKVRNAGRKV,,,0,APLA12.5,4,up,60.987
all_atom,dual,GWWRRTVDKVRNAGRKV,,,0,APLA12.5,5,dn,60.796
all_atom,dual,GWWRRTVDKVRNAGRKV,,,0,APLA12.5,5,up,58.644
all_atom,dual,GWWRRTVDKVRNAGRKV,,,0,APLA17.5,1,dn,59.665
all_atom,dual,GWWRRTVDKVRNAGRKV,,,0,APLA17.5,1,up,61.471
all_atom,dual,GWWRRTVDKVRNAGRKV,,,0,APLA17.5,2,dn,59.493
all_atom,dual,GWWRRTVDKVRNAGRKV,,,0,APLA17.5,2,up,58.585
all_atom,dual,GWWRRTVDKVRNAGRKV,,,0,APLA17.5,3,dn,60.52
all_atom,dual,GWWRRTVDKVRNAGRKV,,,0,APLA17.5,3,up,59.884
all_atom,dual,GWWRRTVDKVRNAGRKV,,,0,APLA17.5,4,dn,57.225
all_atom,dual,GWWRRTVDKVRNAGRKV,,,0,APLA17.5,4,up,58.988
all_atom,dual,GWWRRTVDKVRNAGRKV,,,0,APLA17.5,5,dn,57.866
all_atom,dual,GWWRRTVDKVRNAGRKV,,,0,APLA17.5,5,up,59.067
all_atom,dual,GWWRRTVDKVRNAGRKV,,,0,APLA2.5,1,dn,72.137
all_atom,dual,GWWRRTVDKVRNAGRKV,,,0,APLA2.5,1,up,75.664
all_atom,dual,GWWRRTVDKVRNAGRKV,,,0,APLA2.5,2,dn,81.039
all_atom,dual,GWWRRTVDKVRNAGRKV,,,0,APLA2.5,2,up,78.906
all_atom,dual,GWWRRTVDKVRNAGRKV,,,0,APLA2.5,3,dn,79.624
all_atom,dual,GWWRRTVDKVRNAGRKV,,,0,APLA2.5,3,up,75.468
all_atom,dual,GWWRRTVDKVRNAGRKV,,,0,APLA2.5,4,dn,82.727
all_atom,dual,GWWRRTVDKVRNAGRKV,,,0,APLA2.5,4,up,78.947
all_atom,dual,GWWRRTVDKVRNAGRKV,,,0,APLA2.5,5,dn,81.704
all_atom,dual,GWWRRTVDKVRNAGRKV,,,0,APLA2.5,5,up,76.79
all_atom,dual,GWWRRTVDKVRNAGRKV,,,0,APLA7.5,1,dn,59.237
all_atom,dual,GWWRRTVDKVRNAGRKV,,,0,APLA7.5,1,up,55.918
all_atom,dual,GWWRRTVDKVRNAGRKV,,,0,APLA7.5,2,dn,61.618
all_atom,dual,GWWRRTVDKVRNAGRKV,,,0,APLA7.5,2,up,59.029
all_atom,dual,GWWRRTVDKVRNAGRKV,,,0,APLA7.5,3,dn,60.605
all_atom,dual,GWWRRTVDKVRNAGRKV,,,0,APLA7.5,3,up,59.054
all_atom,dual,GWWRRTVDKVRNAGRKV,,,0,APLA7.5,4,dn,59.413
all_atom,dual,GWWRRTVDKVRNAGRKV,,,0,APLA7.5,4,up,61.507
all_atom,dual,GWWRRTVDKVRNAGRKV,,,0,APLA7.5,5,dn,60.5
all_atom,dual,GWWRRTVDKVRNAGRKV,,,0,APLA7.5,5,up,57.689
all_atom,dual,GWWRRTVDKVRNAGRKV,,,0,APLS12.5,1,dn,4.005
all_atom,dual,GWWRRTVDKVRNAGRKV,,,0,APLS12.5,1,up,4.027
all_atom,dual,GWWRRTVDKVRNAGRKV,,,0,APLS12.5,2,dn,3.495
all_atom,dual,GWWRRTVDKVRNAGRKV,,,0,APLS12.5,2,up,3.929
all_atom,dual,GWWRRTVDKVRNAGRKV,,,0,APLS12.5,3,dn,4.578
all_atom,dual,GWWRRTVDKVRNAGRKV,,,0,APLS12.5,3,up,4.364
all_atom,dual,GWWRRTVDKVRNAGRKV,,,0,APLS12.5,4,dn,3.577
all_atom,dual,GWWRRTVDKVRNAGRKV,,,0,APLS12.5,4,up,4.692
all_atom,dual,GWWRRTVDKVRNAGRKV,,,0,APLS12.5,5,dn,4.304
all_atom,dual,GWWRRTVDKVRNAGRKV,,,0,APLS12.5,5,up,4.221
all_atom,dual,GWWRRTVDKVRNAGRKV,,,0,APLS17.5,1,dn,3.718
all_atom,dual,GWWRRTVDKVRNAGRKV,,,0,APLS17.5,1,up,4.351
all_atom,dual,GWWRRTVDKVRNAGRKV,,,0,APLS17.5,2,dn,4.09
all_atom,dual,GWWRRTVDKVRNAGRKV,,,0,APLS17.5,2,up,3.728
all_atom,dual,GWWRRTVDKVRNAGRKV,,,0,APLS17.5,3,dn,3.825
all_atom,dual,GWWRRTVDKVRNAGRKV,,,0,APLS17.5,3,up,3.682
all_atom,dual,GWWRRTVDKVRNAGRKV,,,0,APLS17.5,4,dn,3.516
all_atom,dual,GWWRRTVDKVRNAGRKV,,,0,APLS17.5,4,up,4.33
all_atom,dual,GWWRRTVDKVRNAGRKV,,,0,APLS17.5,5,dn,3.892
all_atom,dual,GWWRRTVDKVRNAGRKV,,,0,APLS17.5,5,up,3.857
all_atom,dual,GWWRRTVDKVRNAGRKV,,,0,APLS2.5,1,dn,5.58
all_atom,dual,GWWRRTVDKVRNAGRKV,,,0,APLS2.5,1,up,6.639
all_atom,dual,GWWRRTVDKVRNAGRKV,,,0,APLS2.5,2,dn,7.059
all_atom,dual,GWWRRTVDKVRNAGRKV,,,0,APLS2.5,2,up,6.454
all_atom,dual,GWWRRTVDKVRNAGRKV,,,0,APLS2.5,3,dn,5.521
all_atom,dual,GWWRRTVDKVRNAGRKV,,,0,APLS2.5,3,up,6.901
all_atom,dual,GWWRRTVDKVRNAGRKV,,,0,APLS2.5,4,dn,8.171
all_atom,dual,GWWRRTVDKVRNAGRKV,,,0,APLS2.5,4,up,6.837
all_atom,dual,GWWRRTVDKVRNAGRKV,,,0,APLS2.5,5,dn,8.096
all_atom,dual,GWWRRTVDKVRNAGRKV,,,0,APLS2.5,5,up,6.361
all_atom,dual,GWWRRTVDKVRNAGRKV,,,0,APLS7.5,1,dn,5.49
all_atom,dual,GWWRRTVDKVRNAGRKV,,,0,APLS7.5,1,up,5.541
all_atom,dual,GWWRRTVDKVRNAGRKV,,,0,APLS7.5,2,dn,5.891
all_atom,dual,GWWRRTVDKVRNAGRKV,,,0,APLS7.5,2,up,4.474
all_atom,dual,GWWRRTVDKVRNAGRKV,,,0,APLS7.5,3,dn,4.721
all_atom,dual,GWWRRTVDKVRNAGRKV,,,0,APLS7.5,3,up,4.723
all_atom,dual,GWWRRTVDKVRNAGRKV,,,0,APLS7.5,4,dn,4.102
all_atom,dual,GWWRRTVDKVRNAGRKV,,,0,APLS7.5,4,up,5.277
all_atom,dual,GWWRRTVDKVRNAGRKV,,,0,APLS7.5,5,dn,5.444
all_atom,dual,GWWRRTVDKVRNAGRKV,,,0,APLS7.5,5,up,5.327
all_atom,dual,GWWRRTVDKVRNAGRKV,,,0,H0,1,dn,0.0
all_atom,dual,GWWRRTVDKVRNAGRKV,,,0,H0,1,up,0.0
all_atom,dual,GWWRRTVDKVRNAGRKV,,,0,H0,2,dn,0.0
all_atom,dual,GWWRRTVDKVRNAGRKV,,,0,H0,2,up,0.0
all_atom,dual,GWWRRTVDKVRNAGRKV,,,0,H0,3,dn,0.0
all_atom,dual,GWWRRTVDKVRNAGRKV,,,0,H0,3,up,0.0
all_atom,dual,GWWRRTVDKVRNAGRKV,,,0,H0,4,dn,0.0
all_atom,dual,GWWRRTVDKVRNAGRKV,,,0,H0,4,up,0.0
all_atom,dual,GWWRRTVDKVRNAGRKV,,,0,H0,5,dn,0.0
all_atom,dual,GWWRRTVDKVRNAGRKV,,,0,H0,5,up,0.0
all_atom,dual,GWWRRTVDKVRNAGRKV,,,0,H1,1,dn,1.0
all_atom,dual,GWWRRTVDKVRNAGRKV,,,0,H1,1,up,1.0
all_atom,dual,GWWRRTVDKVRNAGRKV,,,0,H1,2,dn,1.0
all_atom,dual,GWWRRTVDKVRNAGRKV,,,0,H1,2,up,1.0
all_atom,dual,GWWRRTVDKVRNAGRKV,,,0,H1,3,dn,1.0
all_atom,dual,GWWRRTVDKVRNAGRKV,,,0,H1,3,up,1.0
all_atom,dual,GWWRRTVDKVRNAGRKV,,,0,H1,4,dn,0.996
all_atom,dual,GWWRRTVDKVRNAGRKV,,,0,H1,4,up,1.0
all_atom,dual,GWWRRTVDKVRNAGRKV,,,0,H1,5,dn,1.0
all_atom,dual,GWWRRTVDKVRNAGRKV,,,0,H1,5,up,1.0
all_atom,dual,GWWRRTVDKVRNAGRKV,,,0,H10,1,dn,0.0
all_atom,dual,GWWRRTVDKVRNAGRKV,,,0,H10,1,up,0.0
all_atom,dual,GWWRRTVDKVRNAGRKV,,,0,H10,2,dn,0.0
all_atom,dual,GWWRRTVDKVRNAGRKV,,,0,H10,2,up,0.0
all_atom,dual,GWWRRTVDKVRNAGRKV,,,0,H10,3,dn,0.0
all_atom,dual,GWWRRTVDKVRNAGRKV,,,0,H10,3,up,0.0
all_atom,dual,GWWRRTVDKVRNAGRKV,,,0,H10,4,dn,0.0
all_atom,dual,GWWRRTVDKVRNAGRKV,,,0,H10,4,up,0.0
all_atom,dual,GWWRRTVDKVRNAGRKV,,,0,H10,5,dn,0.0
all_atom,dual,GWWRRTVDKVRNAGRKV,,,0,H10,5,up,0.0
all_atom,dual,GWWRRTVDKVRNAGRKV,,,0,H2,1,dn,1.0
all_atom,dual,GWWRRTVDKVRNAGRKV,,,0,H2,1,up,1.0
all_atom,dual,GWWRRTVDKVRNAGRKV,,,0,H2,2,dn,1.0
all_atom,dual,GWWRRTVDKVRNAGRKV,,,0,H2,2,up,1.0
all_atom,dual,GWWRRTVDKVRNAGRKV,,,0,H2,3,dn,1.0
all_atom,dual,GWWRRTVDKVRNAGRKV,,,0,H2,3,up,1.0
all_atom,dual,GWWRRTVDKVRNAGRKV,,,0,H2,4,dn,1.0
all_atom,dual,GWWRRTVDKVRNAGRKV,,,0,H2,4,up,1.0
all_atom,dual,GWWRRTVDKVRNAGRKV,,,0,H2,5,dn,1.0
all_atom,dual,GWWRRTVDKVRNAGRKV,,,0,H2,5,up,1.0
all_atom,dual,GWWRRTVDKVRNAGRKV,,,0,H3,1,dn,1.0
all_atom,dual,GWWRRTVDKVRNAGRKV,,,0,H3,1,up,1.0
all_atom,dual,GWWRRTVDKVRNAGRKV,,,0,H3,2,dn,1.0
all_atom,dual,GWWRRTVDKVRNAGRKV,,,0,H3,2,up,1.0
all_atom,dual,GWWRRTVDKVRNAGRKV,,,0,H3,3,dn,1.0
all_atom,dual,GWWRRTVDKVRNAGRKV,,,0,H3,3,up,1.0
all_atom,dual,GWWRRTVDKVRNAGRKV,,,0,H3,4,dn,1.0
all_atom,dual,GWWRRTVDKVRNAGRKV,,,0,H3,4,up,1.0
all_atom,dual,GWWRRTVDKVRNAGRKV,,,0,H3,5,dn,1.0
all_atom,dual,GWWRRTVDKVRNAGRKV,,,0,H3,5,up,1.0
all_atom,dual,GWWRRTVDKVRNAGRKV,,,0,H4,1,dn,1.0
all_atom,dual,GWWRRTVDKVRNAGRKV,,,0,H4,1,up,1.0
all_atom,dual,GWWRRTVDKVRNAGRKV,,,0,H4,2,dn,1.0
all_atom,dual,GWWRRTVDKVRNAGRKV,,,0,H4,2,up,1.0
all_atom,dual,GWWRRTVDKVRNAGRKV,,,0,H4,3,dn,1.0
all_atom,dual,GWWRRTVDKVRNAGRKV,,,0,H4,3,up,1.0
all_atom,dual,GWWRRTVDKVRNAGRKV,,,0,H4,4,dn,1.0
all_atom,dual,GWWRRTVDKVRNAGRKV,,,0,H4,4,up,1.0
all_atom,dual,GWWRRTVDKVRNAGRKV,,,0,H4,5,dn,1.0
all_atom,dual,GWWRRTVDKVRNAGRKV,,,0,H4,5,up,1.0
all_atom,dual,GWWRRTVDKVRNAGRKV,,,0,H5,1,dn,1.0
all_atom,dual,GWWRRTVDKVRNAGRKV,,,0,H5,1,up,1.0
all_atom,dual,GWWRRTVDKVRNAGRKV,,,0,H5,2,dn,1.0
all_atom,dual,GWWRRTVDKVRNAGRKV,,,0,H5,2,up,1.0
all_atom,dual,GWWRRTVDKVRNAGRKV,,,0,H5,3,dn,1.0
all_atom,dual,GWWRRTVDKVRNAGRKV,,,0,H5,3,up,1.0
all_atom,dual,GWWRRTVDKVRNAGRKV,,,0,H5,4,dn,1.0
all_atom,dual,GWWRRTVDKVRNAGRKV,,,0,H5,4,up,1.0
all_atom,dual,GWWRRTVDKVRNAGRKV,,,0,H5,5,dn,1.0
all_atom,dual,GWWRRTVDKVRNAGRKV,,,0,H5,5,up,1.0
all_atom,dual,GWWRRTVDKVRNAGRKV,,,0,H6,1,dn,1.0
all_atom,dual,GWWRRTVDKVRNAGRKV,,,0,H6,1,up,1.0
all_atom,dual,GWWRRTVDKVRNAGRKV,,,0,H6,2,dn,1.0
all_atom,dual,GWWRRTVDKVRNAGRKV,,,0,H6,2,up,1.0
all_atom,dual,GWWRRTVDKVRNAGRKV,,,0,H6,3,dn,1.0
all_atom,dual,GWWRRTVDKVRNAGRKV,,,0,H6,3,up,1.0
all_atom,dual,GWWRRTVDKVRNAGRKV,,,0,H6,4,dn,1.0
all_atom,dual,GWWRRTVDKVRNAGRKV,,,0,H6,4,up,1.0
all_atom,dual,GWWRRTVDKVRNAGRKV,,,0,H6,5,dn,1.0
all_atom,dual,GWWRRTVDKVRNAGRKV,,,0,H6,5,up,1.0
all_atom,dual,GWWRRTVDKVRNAGRKV,,,0,H7,1,dn,1.0
all_atom,dual,GWWRRTVDKVRNAGRKV,,,0,H7,1,up,1.0
all_atom,dual,GWWRRTVDKVRNAGRKV,,,0,H7,2,dn,1.0
all_atom,dual,GWWRRTVDKVRNAGRKV,,,0,H7,2,up,1.0
all_atom,dual,GWWRRTVDKVRNAGRKV,,,0,H7,3,dn,1.0
all_atom,dual,GWWRRTVDKVRNAGRKV,,,0,H7,3,up,1.0
all_atom,dual,GWWRRTVDKVRNAGRKV,,,0,H7,4,dn,1.0
all_atom,dual,GWWRRTVDKVRNAGRKV,,,0,H7,4,up,1.0
all_atom,dual,GWWRRTVDKVRNAGRKV,,,0,H7,5,dn,1.0
all_atom,dual,GWWRRTVDKVRNAGRKV,,,0,H7,5,up,1.0
all_atom,dual,GWWRRTVDKVRNAGRKV,,,0,H8,1,dn,0.992
all_atom,dual,GWWRRTVDKVRNAGRKV,,,0,H8,1,up,1.0
all_atom,dual,GWWRRTVDKVRNAGRKV,,,0,H8,2,dn,0.984
all_atom,dual,GWWRRTVDKVRNAGRKV,,,0,H8,2,up,1.0
all_atom,dual,GWWRRTVDKVRNAGRKV,,,0,H8,3,dn,0.992
all_atom,dual,GWWRRTVDKVRNAGRKV,,,0,H8,3,up,1.0
all_atom,dual,GWWRRTVDKVRNAGRKV,,,0,H8,4,dn,1.0
all_atom,dual,GWWRRTVDKVRNAGRKV,,,0,H8,4,up,1.0
all_atom,dual,GWWRRTVDKVRNAGRKV,,,0,H8,5,dn,0.992
all_atom,dual,GWWRRTVDKVRNAGRKV,,,0,H8,5,up,1.0
all_atom,dual,GWWRRTVDKVRNAGRKV,,,0,H9,1,dn,0.857
all_atom,dual,GWWRRTVDKVRNAGRKV,,,0,H9,1,up,0.733
all_atom,dual,GWWRRTVDKVRNAGRKV,,,0,H9,2,dn,0.891
all_atom,dual,GWWRRTVDKVRNAGRKV,,,0,H9,2,up,0.889
all_atom,dual,GWWRRTVDKVRNAGRKV,,,0,H9,3,dn,0.927
all_atom,dual,GWWRRTVDKVRNAGRKV,,,0,H9,3,up,0.984
all_atom,dual,GWWRRTVDKVRNAGRKV,,,0,H9,4,dn,0.927
all_atom,dual,GWWRRTVDKVRNAGRKV,,,0,H9,4,up,0.992
all_atom,dual,GWWRRTVDKVRNAGRKV,,,0,H9,5,dn,0.903
all_atom,dual,GWWRRTVDKVRNAGRKV,,,0,H9,5,up,1.0
all_atom,dual,GWWRRTVDKVRNAGRKV,,,0,HM,1,dn,0.864
all_atom,dual,GWWRRTVDKVRNAGRKV,,,0,HM,1,up,0.849
all_atom,dual,GWWRRTVDKVRNAGRKV,,,0,HM,2,dn,0.868
all_atom,dual,GWWRRTVDKVRNAGRKV,,,0,HM,2,up,0.869
all_atom,dual,GWWRRTVDKVRNAGRKV,,,0,HM,3,dn,0.872
all_atom,dual,GWWRRTVDKVRNAGRKV,,,0,HM,3,up,0.88
all_atom,dual,GWWRRTVDKVRNAGRKV,,,0,HM,4,dn,0.872
all_atom,dual,GWWRRTVDKVRNAGRKV,,,0,HM,4,up,0.881
all_atom,dual,GWWRRTVDKVRNAGRKV,,,0,HM,5,dn,0.87
all_atom,dual,GWWRRTVDKVRNAGRKV,,,0,HM,5,up,0.882
all_atom,dual,GWWRRTVDKVRNAGRKV,,,0,PEPT_BUR_MAX,1,dn,5.92
all_atom,dual,GWWRRTVDKVRNAGRKV,,,0,PEPT_BUR_MAX,1,up,5.97
all_atom,dual,GWWRRTVDKVRNAGRKV,,,0,PEPT_BUR_MAX,2,dn,6.7
all_atom,dual,GWWRRTVDKVRNAGRKV,,,0,PEPT_BUR_MAX,2,up,7.23
all_atom,dual,GWWRRTVDKVRNAGRKV,,,0,PEPT_BUR_MAX,3,dn,7.54
all_atom,dual,GWWRRTVDKVRNAGRKV,,,0,PEPT_BUR_MAX,3,up,5.88
all_atom,dual,GWWRRTVDKVRNAGRKV,,,0,PEPT_BUR_MAX,4,dn,5.25
all_atom,dual,GWWRRTVDKVRNAGRKV,,,0,PEPT_BUR_MAX,4,up,7.21
all_atom,dual,GWWRRTVDKVRNAGRKV,,,0,PEPT_BUR_MAX,5,dn,5.62
all_atom,dual,GWWRRTVDKVRNAGRKV,,,0,PEPT_BUR_MAX,5,up,5.85
all_atom,dual,GWWRRTVDKVRNAGRKV,,,0,S,1,dn,0.941
all_atom,dual,GWWRRTVDKVRNAGRKV,,,0,S,1,up,0.9
all_atom,dual,GWWRRTVDKVRNAGRKV,,,0,S,2,dn,0.899
all_atom,dual,GWWRRTVDKVRNAGRKV,,,0,S,2,up,0.838
all_atom,dual,GWWRRTVDKVRNAGRKV,,,0,S,3,dn,0.877
all_atom,dual,GWWRRTVDKVRNAGRKV,,,0,S,3,up,0.924
all_atom,dual,GWWRRTVDKVRNAGRKV,,,0,S,4,dn,0.907
all_atom,dual,GWWRRTVDKVRNAGRKV,,,0,S,4,up,0.804
all_atom,dual,GWWRRTVDKVRNAGRKV,,,0,S,5,dn,0.88
all_atom,dual,GWWRRTVDKVRNAGRKV,,,0,S,5,up,0.883
all_atom,dual,GWWRRTVDKVRNAGRKV,,,0,WAT_BUR_MAX,1,dn,8.43
all_atom,dual,GWWRRTVDKVRNAGRKV,,,0,WAT_BUR_MAX,1,up,8.45
all_atom,dual,GWWRRTVDKVRNAGRKV,,,0,WAT_BUR_MAX,2,dn,10.26
all_atom,dual,GWWRRTVDKVRNAGRKV,,,0,WAT_BUR_MAX,2,up,10.09
all_atom,dual,GWWRRTVDKVRNAGRKV,,,0,WAT_BUR_MAX,3,dn,9.92
all_atom,dual,GWWRRTVDKVRNAGRKV,,,0,WAT_BUR_MAX,3,up,8.47
all_atom,dual,GWWRRTVDKVRNAGRKV,,,0,WAT_BUR_MAX,4,dn,7.6
all_atom,dual,GWWRRTVDKVRNAGRKV,,,0,WAT_BUR_MAX,4,up,10.55
all_atom,dual,GWWRRTVDKVRNAGRKV,,,0,WAT_BUR_MAX,5,dn,9.19
all_atom,dual,GWWRRTVDKVRNAGRKV,,,0,WAT_BUR_MAX,5,up,8.74
all_atom,dual,GWWRRTVDKVRNAGRKV,,,0,WAT_BUR_REL,1,dn,4.17
all_atom,dual,GWWRRTVDKVRNAGRKV,,,0,WAT_BUR_REL,1,up,3.94
all_atom,dual,GWWRRTVDKVRNAGRKV,,,0,WAT_BUR_REL,2,dn,4.32
all_atom,dual,GWWRRTVDKVRNAGRKV,,,0,WAT_BUR_REL,2,up,3.68
all_atom,dual,GWWRRTVDKVRNAGRKV,,,0,WAT_BUR_REL,3,dn,3.44
all_atom,dual,GWWRRTVDKVRNAGRKV,,,0,WAT_BUR_REL,3,up,4.55
all_atom,dual,GWWRRTVDKVRNAGRKV,,,0,WAT_BUR_REL,4,dn,3.58
all_atom,dual,GWWRRTVDKVRNAGRKV,,,0,WAT_BUR_REL,4,up,3.55
all_atom,dual,GWWRRTVDKVRNAGRKV,,,0,WAT_BUR_REL,5,dn,3.74
all_atom,dual,GWWRRTVDKVRNAGRKV,,,0,WAT_BUR_REL,5,up,3.16
all_atom,dual,GWWRRTVDKVRNAGRKV,,,0,ZP-0.5,1,dn,0.111
all_atom,dual,GWWRRTVDKVRNAGRKV,,,0,ZP-0.5,1,up,0.152
all_atom,dual,GWWRRTVDKVRNAGRKV,,,0,ZP-0.5,2,dn,0.152
all_atom,dual,GWWRRTVDKVRNAGRKV,,,0,ZP-0.5,2,up,0.144
all_atom,dual,GWWRRTVDKVRNAGRKV,,,0,ZP-0.5,3,dn,0.149
all_atom,dual,GWWRRTVDKVRNAGRKV,,,0,ZP-0.5,3,up,0.158
all_atom,dual,GWWRRTVDKVRNAGRKV,,,0,ZP-0.5,4,dn,0.152
all_atom,dual,GWWRRTVDKVRNAGRKV,,,0,ZP-0.5,4,up,0.132
all_atom,dual,GWWRRTVDKVRNAGRKV,,,0,ZP-0.5,5,dn,0.117
all_atom,dual,GWWRRTVDKVRNAGRKV,,,0,ZP-0.5,5,up,0.174
all_atom,dual,GWWRRTVDKVRNAGRKV,,,0,ZP-1.5,1,dn,0.114
all_atom,dual,GWWRRTVDKVRNAGRKV,,,0,ZP-1.5,1,up,0.153
all_atom,dual,GWWRRTVDKVRNAGRKV,,,0,ZP-1.5,2,dn,0.12
all_atom,dual,GWWRRTVDKVRNAGRKV,,,0,ZP-1.5,2,up,0.126
all_atom,dual,GWWRRTVDKVRNAGRKV,,,0,ZP-1.5,3,dn,0.139
all_atom,dual,GWWRRTVDKVRNAGRKV,,,0,ZP-1.5,3,up,0.151
all_atom,dual,GWWRRTVDKVRNAGRKV,,,0,ZP-1.5,4,dn,0.142
all_atom,dual,GWWRRTVDKVRNAGRKV,,,0,ZP-1.5,4,up,0.124
all_atom,dual,GWWRRTVDKVRNAGRKV,,,0,ZP-1.5,5,dn,0.109
all_atom,dual,GWWRRTVDKVRNAGRKV,,,0,ZP-1.5,5,up,0.152
all_atom,dual,GWWRRTVDKVRNAGRKV,,,0,ZP-2.5,1,dn,0.119
all_atom,dual,GWWRRTVDKVRNAGRKV,,,0,ZP-2.5,1,up,0.112
all_atom,dual,GWWRRTVDKVRNAGRKV,,,0,ZP-2.5,2,dn,0.113
all_atom,dual,GWWRRTVDKVRNAGRKV,,,0,ZP-2.5,2,up,0.108
all_atom,dual,GWWRRTVDKVRNAGRKV,,,0,ZP-2.5,3,dn,0.082
all_atom,dual,GWWRRTVDKVRNAGRKV,,,0,ZP-2.5,3,up,0.125
all_atom,dual,GWWRRTVDKVRNAGRKV,,,0,ZP-2.5,4,dn,0.124
all_atom,dual,GWWRRTVDKVRNAGRKV,,,0,ZP-2.5,4,up,0.076
all_atom,dual,GWWRRTVDKVRNAGRKV,,,0,ZP-2.5,5,dn,0.078
all_atom,dual,GWWRRTVDKVRNAGRKV,,,0,ZP-2.5,5,up,0.112
all_atom,dual,GWWRRTVDKVRNAGRKV,,,0,ZP-3.5,1,dn,0.112
all_atom,dual,GWWRRTVDKVRNAGRKV,,,0,ZP-3.5,1,up,0.107
all_atom,dual,GWWRRTVDKVRNAGRKV,,,0,ZP-3.5,2,dn,0.058
all_atom,dual,GWWRRTVDKVRNAGRKV,,,0,ZP-3.5,2,up,0.08
all_atom,dual,GWWRRTVDKVRNAGRKV,,,0,ZP-3.5,3,dn,0.052
all_atom,dual,GWWRRTVDKVRNAGRKV,,,0,ZP-3.5,3,up,0.082
all_atom,dual,GWWRRTVDKVRNAGRKV,,,0,ZP-3.5,4,dn,0.058
all_atom,dual,GWWRRTVDKVRNAGRKV,,,0,ZP-3.5,4,up,0.053
all_atom,dual,GWWRRTVDKVRNAGRKV,,,0,ZP-3.5,5,dn,0.063
all_atom,dual,GWWRRTVDKVRNAGRKV,,,0,ZP-3.5,5,up,0.076
all_atom,dual,GWWRRTVDKVRNAGRKV,,,0,ZP-4.5,1,dn,0.095
all_atom,dual,GWWRRTVDKVRNAGRKV,,,0,ZP-4.5,1,up,0.077
all_atom,dual,GWWRRTVDKVRNAGRKV,,,0,ZP-4.5,2,dn,0.05
all_atom,dual,GWWRRTVDKVRNAGRKV,,,0,ZP-4.5,2,up,0.04
all_atom,dual,GWWRRTVDKVRNAGRKV,,,0,ZP-4.5,3,dn,0.033
all_atom,dual,GWWRRTVDKVRNAGRKV,,,0,ZP-4.5,3,up,0.057
all_atom,dual,GWWRRTVDKVRNAGRKV,,,0,ZP-4.5,4,dn,0.041
all_atom,dual,GWWRRTVDKVRNAGRKV,,,0,ZP-4.5,4,up,0.026
all_atom,dual,GWWRRTVDKVRNAGRKV,,,0,ZP-4.5,5,dn,0.038
all_atom,dual,GWWRRTVDKVRNAGRKV,,,0,ZP-4.5,5,up,0.039
all_atom,dual,GWWRRTVDKVRNAGRKV,,,0,ZP-5.5,1,dn,0.068
all_atom,dual,GWWRRTVDKVRNAGRKV,,,0,ZP-5.5,1,up,0.035
all_atom,dual,GWWRRTVDKVRNAGRKV,,,0,ZP-5.5,2,dn,0.022
all_atom,dual,GWWRRTVDKVRNAGRKV,,,0,ZP-5.5,2,up,0.032
all_atom,dual,GWWRRTVDKVRNAGRKV,,,0,ZP-5.5,3,dn,0.011
all_atom,dual,GWWRRTVDKVRNAGRKV,,,0,ZP-5.5,3,up,0.027
all_atom,dual,GWWRRTVDKVRNAGRKV,,,0,ZP-5.5,4,dn,0.023
all_atom,dual,GWWRRTVDKVRNAGRKV,,,0,ZP-5.5,4,up,0.008
all_atom,dual,GWWRRTVDKVRNAGRKV,,,0,ZP-5.5,5,dn,0.028
all_atom,dual,GWWRRTVDKVRNAGRKV,,,0,ZP-5.5,5,up,0.018
all_atom,dual,GWWRRTVDKVRNAGRKV,,,0,ZP-6.5,1,dn,0.043
all_atom,dual,GWWRRTVDKVRNAGRKV,,,0,ZP-6.5,1,up,0.03
all_atom,dual,GWWRRTVDKVRNAGRKV,,,0,ZP-6.5,2,dn,0.006
all_atom,dual,GWWRRTVDKVRNAGRKV,,,0,ZP-6.5,2,up,0.007
all_atom,dual,GWWRRTVDKVRNAGRKV,,,0,ZP-6.5,3,dn,0.003
all_atom,dual,GWWRRTVDKVRNAGRKV,,,0,ZP-6.5,3,up,0.012
all_atom,dual,GWWRRTVDKVRNAGRKV,,,0,ZP-6.5,4,dn,0.008
all_atom,dual,GWWRRTVDKVRNAGRKV,,,0,ZP-6.5,4,up,0.002
all_atom,dual,GWWRRTVDKVRNAGRKV,,,0,ZP-6.5,5,dn,0.011
all_atom,dual,GWWRRTVDKVRNAGRKV,,,0,ZP-6.5,5,up,0.007
all_atom,dual,GWWRRTVDKVRNAGRKV,,,0,ZP-7.5,1,dn,0.021
all_atom,dual,GWWRRTVDKVRNAGRKV,,,0,ZP-7.5,1,up,0.013
all_atom,dual,GWWRRTVDKVRNAGRKV,,,0,ZP-7.5,2,dn,0.002
all_atom,dual,GWWRRTVDKVRNAGRKV,,,0,ZP-7.5,2,up,0.006
all_atom,dual,GWWRRTVDKVRNAGRKV,,,0,ZP-7.5,3,dn,0.002
all_atom,dual,GWWRRTVDKVRNAGRKV,,,0,ZP-7.5,3,up,0.003
all_atom,dual,GWWRRTVDKVRNAGRKV,,,0,ZP-7.5,4,dn,0.005
all_atom,dual,GWWRRTVDKVRNAGRKV,,,0,ZP-7.5,4,up,0.0
all_atom,dual,GWWRRTVDKVRNAGRKV,,,0,ZP-7.5,5,dn,0.008
all_atom,dual,GWWRRTVDKVRNAGRKV,,,0,ZP-7.5,5,up,0.003
all_atom,dual,GWWRRTVDKVRNAGRKV,,,0,ZP-8.5,1,dn,0.013
all_atom,dual,GWWRRTVDKVRNAGRKV,,,0,ZP-8.5,1,up,0.004
all_atom,dual,GWWRRTVDKVRNAGRKV,,,0,ZP-8.5,2,dn,0.0
all_atom,dual,GWWRRTVDKVRNAGRKV,,,0,ZP-8.5,2,up,0.0
all_atom,dual,GWWRRTVDKVRNAGRKV,,,0,ZP-8.5,3,dn,0.0
all_atom,dual,GWWRRTVDKVRNAGRKV,,,0,ZP-8.5,3,up,0.0
all_atom,dual,GWWRRTVDKVRNAGRKV,,,0,ZP-8.5,4,dn,0.002
all_atom,dual,GWWRRTVDKVRNAGRKV,,,0,ZP-8.5,4,up,0.0
all_atom,dual,GWWRRTVDKVRNAGRKV,,,0,ZP-8.5,5,dn,0.002
all_atom,dual,GWWRRTVDKVRNAGRKV,,,0,ZP-8.5,5,up,0.002
all_atom,dual,GWWRRTVDKVRNAGRKV,,,0,ZP-9.5,1,dn,0.002
all_atom,dual,GWWRRTVDKVRNAGRKV,,,0,ZP-9.5,1,up,0.0
all_atom,dual,GWWRRTVDKVRNAGRKV,,,0,ZP-9.5,2,dn,0.0
all_atom,dual,GWWRRTVDKVRNAGRKV,,,0,ZP-9.5,2,up,0.0
all_atom,dual,GWWRRTVDKVRNAGRKV,,,0,ZP-9.5,3,dn,0.0
all_atom,dual,GWWRRTVDKVRNAGRKV,,,0,ZP-9.5,3,up,0.0
all_atom,dual,GWWRRTVDKVRNAGRKV,,,0,ZP-9.5,4,dn,0.0
all_atom,dual,GWWRRTVDKVRNAGRKV,,,0,ZP-9.5,4,up,0.0
all_atom,dual,GWWRRTVDKVRNAGRKV,,,0,ZP-9.5,5,dn,0.003
all_atom,dual,GWWRRTVDKVRNAGRKV,,,0,ZP-9.5,5,up,0.0
all_atom,dual,GWWRRTVDKVRNAGRKV,,,0,ZP0.5,1,dn,0.091
all_atom,dual,GWWRRTVDKVRNAGRKV,,,0,ZP0.5,1,up,0.126
all_atom,dual,GWWRRTVDKVRNAGRKV,,,0,ZP0.5,2,dn,0.162
all_atom,dual,GWWRRTVDKVRNAGRKV,,,0,ZP0.5,2,up,0.143
all_atom,dual,GWWRRTVDKVRNAGRKV,,,0,ZP0.5,3,dn,0.166
all_atom,dual,GWWRRTVDKVRNAGRKV,,,0,ZP0.5,3,up,0.137
all_atom,dual,GWWRRTVDKVRNAGRKV,,,0,ZP0.5,4,dn,0.148
all_atom,dual,GWWRRTVDKVRNAGRKV,,,0,ZP0.5,4,up,0.133
all_atom,dual,GWWRRTVDKVRNAGRKV,,,0,ZP0.5,5,dn,0.156
all_atom,dual,GWWRRTVDKVRNAGRKV,,,0,ZP0.5,5,up,0.156
all_atom,dual,GWWRRTVDKVRNAGRKV,,,0,ZP1.5,1,dn,0.09
all_atom,dual,GWWRRTVDKVRNAGRKV,,,0,ZP1.5,1,up,0.082
all_atom,dual,GWWRRTVDKVRNAGRKV,,,0,ZP1.5,2,dn,0.126
all_atom,dual,GWWRRTVDKVRNAGRKV,,,0,ZP1.5,2,up,0.134
all_atom,dual,GWWRRTVDKVRNAGRKV,,,0,ZP1.5,3,dn,0.152
all_atom,dual,GWWRRTVDKVRNAGRKV,,,0,ZP1.5,3,up,0.122
all_atom,dual,GWWRRTVDKVRNAGRKV,,,0,ZP1.5,4,dn,0.119
all_atom,dual,GWWRRTVDKVRNAGRKV,,,0,ZP1.5,4,up,0.138
all_atom,dual,GWWRRTVDKVRNAGRKV,,,0,ZP1.5,5,dn,0.127
all_atom,dual,GWWRRTVDKVRNAGRKV,,,0,ZP1.5,5,up,0.107
all_atom,dual,GWWRRTVDKVRNAGRKV,,,0,ZP2.5,1,dn,0.06
all_atom,dual,GWWRRTVDKVRNAGRKV,,,0,ZP2.5,1,up,0.053
all_atom,dual,GWWRRTVDKVRNAGRKV,,,0,ZP2.5,2,dn,0.079
all_atom,dual,GWWRRTVDKVRNAGRKV,,,0,ZP2.5,2,up,0.096
all_atom,dual,GWWRRTVDKVRNAGRKV,,,0,ZP2.5,3,dn,0.107
all_atom,dual,GWWRRTVDKVRNAGRKV,,,0,ZP2.5,3,up,0.073
all_atom,dual,GWWRRTVDKVRNAGRKV,,,0,ZP2.5,4,dn,0.083
all_atom,dual,GWWRRTVDKVRNAGRKV,,,0,ZP2.5,4,up,0.133
all_atom,dual,GWWRRTVDKVRNAGRKV,,,0,ZP2.5,5,dn,0.107
all_atom,dual,GWWRRTVDKVRNAGRKV,,,0,ZP2.5,5,up,0.074
all_atom,dual,GWWRRTVDKVRNAGRKV,,,0,ZP3.5,1,dn,0.032
all_atom,dual,GWWRRTVDKVRNAGRKV,,,0,ZP3.5,1,up,0.03
all_atom,dual,GWWRRTVDKVRNAGRKV,,,0,ZP3.5,2,dn,0.052
all_atom,dual,GWWRRTVDKVRNAGRKV,,,0,ZP3.5,2,up,0.055
all_atom,dual,GWWRRTVDKVRNAGRKV,,,0,ZP3.5,3,dn,0.059
all_atom,dual,GWWRRTVDKVRNAGRKV,,,0,ZP3.5,3,up,0.031
all_atom,dual,GWWRRTVDKVRNAGRKV,,,0,ZP3.5,4,dn,0.051
all_atom,dual,GWWRRTVDKVRNAGRKV,,,0,ZP3.5,4,up,0.077
all_atom,dual,GWWRRTVDKVRNAGRKV,,,0,ZP3.5,5,dn,0.057
all_atom,dual,GWWRRTVDKVRNAGRKV,,,0,ZP3.5,5,up,0.035
all_atom,dual,GWWRRTVDKVRNAGRKV,,,0,ZP4.5,1,dn,0.011
all_atom,dual,GWWRRTVDKVRNAGRKV,,,0,ZP4.5,1,up,0.016
all_atom,dual,GWWRRTVDKVRNAGRKV,,,0,ZP4.5,2,dn,0.035
all_atom,dual,GWWRRTVDKVRNAGRKV,,,0,ZP4.5,2,up,0.02
all_atom,dual,GWWRRTVDKVRNAGRKV,,,0,ZP4.5,3,dn,0.029
all_atom,dual,GWWRRTVDKVRNAGRKV,,,0,ZP4.5,3,up,0.016
all_atom,dual,GWWRRTVDKVRNAGRKV,,,0,ZP4.5,4,dn,0.03
all_atom,dual,GWWRRTVDKVRNAGRKV,,,0,ZP4.5,4,up,0.05
all_atom,dual,GWWRRTVDKVRNAGRKV,,,0,ZP4.5,5,dn,0.044
all_atom,dual,GWWRRTVDKVRNAGRKV,,,0,ZP4.5,5,up,0.026
all_atom,dual,GWWRRTVDKVRNAGRKV,,,0,ZP5.5,1,dn,0.01
all_atom,dual,GWWRRTVDKVRNAGRKV,,,0,ZP5.5,1,up,0.008
all_atom,dual,GWWRRTVDKVRNAGRKV,,,0,ZP5.5,2,dn,0.013
all_atom,dual,GWWRRTVDKVRNAGRKV,,,0,ZP5.5,2,up,0.009
all_atom,dual,GWWRRTVDKVRNAGRKV,,,0,ZP5.5,3,dn,0.011
all_atom,dual,GWWRRTVDKVRNAGRKV,,,0,ZP5.5,3,up,0.002
all_atom,dual,GWWRRTVDKVRNAGRKV,,,0,ZP5.5,4,dn,0.015
all_atom,dual,GWWRRTVDKVRNAGRKV,,,0,ZP5.5,4,up,0.032
all_atom,dual,GWWRRTVDKVRNAGRKV,,,0,ZP5.5,5,dn,0.029
all_atom,dual,GWWRRTVDKVRNAGRKV,,,0,ZP5.5,5,up,0.016
all_atom,dual,GWWRRTVDKVRNAGRKV,,,0,ZP6.5,1,dn,0.004
all_atom,dual,GWWRRTVDKVRNAGRKV,,,0,ZP6.5,1,up,0.002
all_atom,dual,GWWRRTVDKVRNAGRKV,,,0,ZP6.5,2,dn,0.004
all_atom,dual,GWWRRTVDKVRNAGRKV,,,0,ZP6.5,2,up,0.001
all_atom,dual,GWWRRTVDKVRNAGRKV,,,0,ZP6.5,3,dn,0.004
all_atom,dual,GWWRRTVDKVRNAGRKV,,,0,ZP6.5,3,up,0.003
all_atom,dual,GWWRRTVDKVRNAGRKV,,,0,ZP6.5,4,dn,0.001
all_atom,dual,GWWRRTVDKVRNAGRKV,,,0,ZP6.5,4,up,0.008
all_atom,dual,GWWRRTVDKVRNAGRKV,,,0,ZP6.5,5,dn,0.018
all_atom,dual,GWWRRTVDKVRNAGRKV,,,0,ZP6.5,5,up,0.003
all_atom,dual,GWWRRTVDKVRNAGRKV,,,0,ZP7.5,1,dn,0.002
all_atom,dual,GWWRRTVDKVRNAGRKV,,,0,ZP7.5,1,up,0.0
all_atom,dual,GWWRRTVDKVRNAGRKV,,,0,ZP7.5,2,dn,0.002
all_atom,dual,GWWRRTVDKVRNAGRKV,,,0,ZP7.5,2,up,0.0
all_atom,dual,GWWRRTVDKVRNAGRKV,,,0,ZP7.5,3,dn,0.001
all_atom,dual,GWWRRTVDKVRNAGRKV,,,0,ZP7.5,3,up,0.0
all_atom,dual,GWWRRTVDKVRNAGRKV,,,0,ZP7.5,4,dn,0.0
all_atom,dual,GWWRRTVDKVRNAGRKV,,,0,ZP7.5,4,up,0.007
all_atom,dual,GWWRRTVDKVRNAGRKV,,,0,ZP7.5,5,dn,0.004
all_atom,dual,GWWRRTVDKVRNAGRKV,,,0,ZP7.5,5,up,0.0
all_atom,dual,GWWRRTVDKVRNAGRKV,,,0,ZP8.5,1,dn,0.002
all_atom,dual,GWWRRTVDKVRNAGRKV,,,0,ZP8.5,1,up,0.0
all_atom,dual,GWWRRTVDKVRNAGRKV,,,0,ZP8.5,2,dn,0.004
all_atom,dual,GWWRRTVDKVRNAGRKV,,,0,ZP8.5,2,up,0.0
all_atom,dual,GWWRRTVDKVRNAGRKV,,,0,ZP8.5,3,dn,0.0
all_atom,dual,GWWRRTVDKVRNAGRKV,,,0,ZP8.5,3,up,0.0
all_atom,dual,GWWRRTVDKVRNAGRKV,,,0,ZP8.5,4,dn,0.0
all_atom,dual,GWWRRTVDKVRNAGRKV,,,0,ZP8.5,4,up,0.001
all_atom,dual,GWWRRTVDKVRNAGRKV,,,0,ZP8.5,5,dn,0.0
all_atom,dual,GWWRRTVDKVRNAGRKV,,,0,ZP8.5,5,up,0.001
all_atom,dual,GWWRRTVDKVRNAGRKV,,,0,ZP9.5,1,dn,0.0
all_atom,dual,GWWRRTVDKVRNAGRKV,,,0,ZP9.5,1,up,0.0
all_atom,dual,GWWRRTVDKVRNAGRKV,,,0,ZP9.5,2,dn,0.0
all_atom,dual,GWWRRTVDKVRNAGRKV,,,0,ZP9.5,2,up,0.0
all_atom,dual,GWWRRTVDKVRNAGRKV,,,0,ZP9.5,3,dn,0.0
all_atom,dual,GWWRRTVDKVRNAGRKV,,,0,ZP9.5,3,up,0.0
all_atom,dual,GWWRRTVDKVRNAGRKV,,,0,ZP9.5,4,dn,0.0
all_atom,dual,GWWRRTVDKVRNAGRKV,,,0,ZP9.5,4,up,0.0
all_atom,dual,GWWRRTVDKVRNAGRKV,,,0,ZP9.5,5,dn,0.0
all_atom,dual,GWWRRTVDKVRNAGRKV,,,0,ZP9.5,5,up,0.0
all_atom,dual,IKRQYKRFFKLFKWFLKK,,,1,APLA12.5,1,dn,59.102
all_atom,dual,IKRQYKRFFKLFKWFLKK,,,1,APLA12.5,1,up,58.917
all_atom,dual,IKRQYKRFFKLFKWFLKK,,,1,APLA12.5,2,dn,60.05
all_atom,dual,IKRQYKRFFKLFKWFLKK,,,1,APLA12.5,2,up,60.767
all_atom,dual,IKRQYKRFFKLFKWFLKK,,,1,APLA12.5,3,dn,58.769
all_atom,dual,IKRQYKRFFKLFKWFLKK,,,1,APLA12.5,3,up,58.687
all_atom,dual,IKRQYKRFFKLFKWFLKK,,,1,APLA12.5,4,dn,59.4
all_atom,dual,IKRQYKRFFKLFKWFLKK,,,1,APLA12.5,4,up,59.237
all_atom,dual,IKRQYKRFFKLFKWFLKK,,,1,APLA12.5,5,dn,59.176
all_atom,dual,IKRQYKRFFKLFKWFLKK,,,1,APLA12.5,5,up,57.574
all_atom,dual,IKRQYKRFFKLFKWFLKK,,,1,APLA17.5,1,dn,59.692
all_atom,dual,IKRQYKRFFKLFKWFLKK,,,1,APLA17.5,1,up,59.409
all_atom,dual,IKRQYKRFFKLFKWFLKK,,,1,APLA17.5,2,dn,58.98
all_atom,dual,IKRQYKRFFKLFKWFLKK,,,1,APLA17.5,2,up,59.548
all_atom,dual,IKRQYKRFFKLFKWFLKK,,,1,APLA17.5,3,dn,58.284
all_atom,dual,IKRQYKRFFKLFKWFLKK,,,1,APLA17.5,3,up,58.777
all_atom,dual,IKRQYKRFFKLFKWFLKK,,,1,APLA17.5,4,dn,59.042
all_atom,dual,IKRQYKRFFKLFKWFLKK,,,1,APLA17.5,4,up,58.385
all_atom,dual,IKRQYKRFFKLFKWFLKK,,,1,APLA17.5,5,dn,58.665
all_atom,dual,IKRQYKRFFKLFKWFLKK,,,1,APLA17.5,5,up,57.199
all_atom,dual,IKRQYKRFFKLFKWFLKK,,,1,APLA2.5,1,dn,78.014
all_atom,dual,IKRQYKRFFKLFKWFLKK,,,1,APLA2.5,1,up,77.013
all_atom,dual,IKRQYKRFFKLFKWFLKK,,,1,APLA2.5,2,dn,75.052
all_atom,dual,IKRQYKRFFKLFKWFLKK,,,1,APLA2.5,2,up,81.56
all_atom,dual,IKRQYKRFFKLFKWFLKK,,,1,APLA2.5,3,dn,71.996
all_atom,dual,IKRQYKRFFKLFKWFLKK,,,1,APLA2.5,3,up,78.412
all_atom,dual,IKRQYKRFFKLFKWFLKK,,,1,APLA2.5,4,dn,74.371
all_atom,dual,IKRQYKRFFKLFKWFLKK,,,1,APLA2.5,4,up,78.586
all_atom,dual,IKRQYKRFFKLFKWFLKK,,,1,APLA2.5,5,dn,73.807
all_atom,dual,IKRQYKRFFKLFKWFLKK,,,1,APLA2.5,5,up,77.702
all_atom,dual,IKRQYKRFFKLFKWFLKK,,,1,APLA7.5,1,dn,59.89
all_atom,dual,IKRQYKRFFKLFKWFLKK,,,1,APLA7.5,1,up,58.356
all_atom,dual,IKRQYKRFFKLFKWFLKK,,,1,APLA7.5,2,dn,62.189
all_atom,dual,IKRQYKRFFKLFKWFLKK,,,1,APLA7.5,2,up,61.854
all_atom,dual,IKRQYKRFFKLFKWFLKK,,,1,APLA7.5,3,dn,57.345
all_atom,dual,IKRQYKRFFKLFKWFLKK,,,1,APLA7.5,3,up,60.676
all_atom,dual,IKRQYKRFFKLFKWFLKK,,,1,APLA7.5,4,dn,60.021
all_atom,dual,IKRQYKRFFKLFKWFLKK,,,1,APLA7.5,4,up,62.759
all_atom,dual,IKRQYKRFFKLFKWFLKK,,,1,APLA7.5,5,dn,60.491
all_atom,dual,IKRQYKRFFKLFKWFLKK,,,1,APLA7.5,5,up,62.843
all_atom,dual,IKRQYKRFFKLFKWFLKK,,,1,APLS12.5,1,dn,3.832
all_atom,dual,IKRQYKRFFKLFKWFLKK,,,1,APLS12.5,1,up,4.122
all_atom,dual,IKRQYKRFFKLFKWFLKK,,,1,APLS12.5,2,dn,4.703
all_atom,dual,IKRQYKRFFKLFKWFLKK,,,1,APLS12.5,2,up,3.852
all_atom,dual,IKRQYKRFFKLFKWFLKK,,,1,APLS12.5,3,dn,3.784
all_atom,dual,IKRQYKRFFKLFKWFLKK,,,1,APLS12.5,3,up,3.699
all_atom,dual,IKRQYKRFFKLFKWFLKK,,,1,APLS12.5,4,dn,3.77
all_atom,dual,IKRQYKRFFKLFKWFLKK,,,1,APLS12.5,4,up,3.591
all_atom,dual,IKRQYKRFFKLFKWFLKK,,,1,APLS12.5,5,dn,3.468
all_atom,dual,IKRQYKRFFKLFKWFLKK,,,1,APLS12.5,5,up,3.5
all_atom,dual,IKRQYKRFFKLFKWFLKK,,,1,APLS17.5,1,dn,3.354
all_atom,dual,IKRQYKRFFKLFKWFLKK,,,1,APLS17.5,1,up,3.615
all_atom,dual,IKRQYKRFFKLFKWFLKK,,,1,APLS17.5,2,dn,3.921
all_atom,dual,IKRQYKRFFKLFKWFLKK,,,1,APLS17.5,2,up,3.898
all_atom,dual,IKRQYKRFFKLFKWFLKK,,,1,APLS17.5,3,dn,3.399
all_atom,dual,IKRQYKRFFKLFKWFLKK,,,1,APLS17.5,3,up,3.941
all_atom,dual,IKRQYKRFFKLFKWFLKK,,,1,APLS17.5,4,dn,3.831
all_atom,dual,IKRQYKRFFKLFKWFLKK,,,1,APLS17.5,4,up,4.135
all_atom,dual,IKRQYKRFFKLFKWFLKK,,,1,APLS17.5,5,dn,3.665
all_atom,dual,IKRQYKRFFKLFKWFLKK,,,1,APLS17.5,5,up,3.024
all_atom,dual,IKRQYKRFFKLFKWFLKK,,,1,APLS2.5,1,dn,7.174
all_atom,dual,IKRQYKRFFKLFKWFLKK,,,1,APLS2.5,1,up,7.539
all_atom,dual,IKRQYKRFFKLFKWFLKK,,,1,APLS2.5,2,dn,5.866
all_atom,dual,IKRQYKRFFKLFKWFLKK,,,1,APLS2.5,2,up,8.03
all_atom,dual,IKRQYKRFFKLFKWFLKK,,,1,APLS2.5,3,dn,7.068
all_atom,dual,IKRQYKRFFKLFKWFLKK,,,1,APLS2.5,3,up,8.544
all_atom,dual,IKRQYKRFFKLFKWFLKK,,,1,APLS2.5,4,dn,6.364
all_atom,dual,IKRQYKRFFKLFKWFLKK,,,1,APLS2.5,4,up,6.771
all_atom,dual,IKRQYKRFFKLFKWFLKK,,,1,APLS2.5,5,dn,5.145
all_atom,dual,IKRQYKRFFKLFKWFLKK,,,1,APLS2.5,5,up,6.151
all_atom,dual,IKRQYKRFFKLFKWFLKK,,,1,APLS7.5,1,dn,6.598
all_atom,dual,IKRQYKRFFKLFKWFLKK,,,1,APLS7.5,1,up,5.109
all_atom,dual,IKRQYKRFFKLFKWFLKK,,,1,APLS7.5,2,dn,4.913
all_atom,dual,IKRQYKRFFKLFKWFLKK,,,1,APLS7.5,2,up,5.634
all_atom,dual,IKRQYKRFFKLFKWFLKK,,,1,APLS7.5,3,dn,5.053
all_atom,dual,IKRQYKRFFKLFKWFLKK,,,1,APLS7.5,3,up,6.158
all_atom,dual,IKRQYKRFFKLFKWFLKK,,,1,APLS7.5,4,dn,5.163
all_atom,dual,IKRQYKRFFKLFKWFLKK,,,1,APLS7.5,4,up,4.791
all_atom,dual,IKRQYKRFFKLFKWFLKK,,,1,APLS7.5,5,dn,5.903
all_atom,dual,IKRQYKRFFKLFKWFLKK,,,1,APLS7.5,5,up,6.73
all_atom,dual,IKRQYKRFFKLFKWFLKK,,,1,H0,1,dn,0.0
all_atom,dual,IKRQYKRFFKLFKWFLKK,,,1,H0,1,up,0.0
all_atom,dual,IKRQYKRFFKLFKWFLKK,,,1,H0,2,dn,0.0
all_atom,dual,IKRQYKRFFKLFKWFLKK,,,1,H0,2,up,0.0
all_atom,dual,IKRQYKRFFKLFKWFLKK,,,1,H0,3,dn,0.0
all_atom,dual,IKRQYKRFFKLFKWFLKK,,,1,H0,3,up,0.0
all_atom,dual,IKRQYKRFFKLFKWFLKK,,,1,H0,4,dn,0.0
all_atom,dual,IKRQYKRFFKLFKWFLKK,,,1,H0,4,up,0.0
all_atom,dual,IKRQYKRFFKLFKWFLKK,,,1,H0,5,dn,0.0
all_atom,dual,IKRQYKRFFKLFKWFLKK,,,1,H0,5,up,0.0
all_atom,dual,IKRQYKRFFKLFKWFLKK,,,1,H1,1,dn,0.123
all_atom,dual,IKRQYKRFFKLFKWFLKK,,,1,H1,1,up,0.994
all_atom,dual,IKRQYKRFFKLFKWFLKK,,,1,H1,2,dn,0.0
all_atom,dual,IKRQYKRFFKLFKWFLKK,,,1,H1,2,up,0.994
all_atom,dual,IKRQYKRFFKLFKWFLKK,,,1,H1,3,dn,0.0
all_atom,dual,IKRQYKRFFKLFKWFLKK,,,1,H1,3,up,1.0
all_atom,dual,IKRQYKRFFKLFKWFLKK,,,1,H1,4,dn,0.0
all_atom,dual,IKRQYKRFFKLFKWFLKK,,,1,H1,4,up,0.964
all_atom,dual,IKRQYKRFFKLFKWFLKK,,,1,H1,5,dn,0.0
all_atom,dual,IKRQYKRFFKLFKWFLKK,,,1,H1,5,up,1.0
all_atom,dual,IKRQYKRFFKLFKWFLKK,,,1,H10,1,dn,0.0
all_atom,dual,IKRQYKRFFKLFKWFLKK,,,1,H10,1,up,0.0
all_atom,dual,IKRQYKRFFKLFKWFLKK,,,1,H10,2,dn,0.0
all_atom,dual,IKRQYKRFFKLFKWFLKK,,,1,H10,2,up,0.0
all_atom,dual,IKRQYKRFFKLFKWFLKK,,,1,H10,3,dn,0.0
all_atom,dual,IKRQYKRFFKLFKWFLKK,,,1,H10,3,up,0.0
all_atom,dual,IKRQYKRFFKLFKWFLKK,,,1,H10,4,dn,0.0
all_atom,dual,IKRQYKRFFKLFKWFLKK,,,1,H10,4,up,0.0
all_atom,dual,IKRQYKRFFKLFKWFLKK,,,1,H10,5,dn,0.0
all_atom,dual,IKRQYKRFFKLFKWFLKK,,,1,H10,5,up,0.0
all_atom,dual,IKRQYKRFFKLFKWFLKK,,,1,H2,1,dn,0.915
all_atom,dual,IKRQYKRFFKLFKWFLKK,,,1,H2,1,up,1.0
all_atom,dual,IKRQYKRFFKLFKWFLKK,,,1,H2,2,dn,0.98
all_atom,dual,IKRQYKRFFKLFKWFLKK,,,1,H2,2,up,1.0
all_atom,dual,IKRQYKRFFKLFKWFLKK,,,1,H2,3,dn,0.99
all_atom,dual,IKRQYKRFFKLFKWFLKK,,,1,H2,3,up,1.0
all_atom,dual,IKRQYKRFFKLFKWFLKK,,,1,H2,4,dn,0.98
all_atom,dual,IKRQYKRFFKLFKWFLKK,,,1,H2,4,up,1.0
all_atom,dual,IKRQYKRFFKLFKWFLKK,,,1,H2,5,dn,0.901
all_atom,dual,IKRQYKRFFKLFKWFLKK,,,1,H2,5,up,1.0
all_atom,dual,IKRQYKRFFKLFKWFLKK,,,1,H3,1,dn,0.944
all_atom,dual,IKRQYKRFFKLFKWFLKK,,,1,H3,1,up,1.0
all_atom,dual,IKRQYKRFFKLFKWFLKK,,,1,H3,2,dn,1.0
all_atom,dual,IKRQYKRFFKLFKWFLKK,,,1,H3,2,up,1.0
all_atom,dual,IKRQYKRFFKLFKWFLKK,,,1,H3,3,dn,1.0
all_atom,dual,IKRQYKRFFKLFKWFLKK,,,1,H3,3,up,1.0
all_atom,dual,IKRQYKRFFKLFKWFLKK,,,1,H3,4,dn,1.0
all_atom,dual,IKRQYKRFFKLFKWFLKK,,,1,H3,4,up,1.0
all_atom,dual,IKRQYKRFFKLFKWFLKK,,,1,H3,5,dn,1.0
all_atom,dual,IKRQYKRFFKLFKWFLKK,,,1,H3,5,up,1.0
all_atom,dual,IKRQYKRFFKLFKWFLKK,,,1,H4,1,dn,0.939
all_atom,dual,IKRQYKRFFKLFKWFLKK,,,1,H4,1,up,1.0
all_atom,dual,IKRQYKRFFKLFKWFLKK,,,1,H4,2,dn,1.0
all_atom,dual,IKRQYKRFFKLFKWFLKK,,,1,H4,2,up,1.0
all_atom,dual,IKRQYKRFFKLFKWFLKK,,,1,H4,3,dn,1.0
all_atom,dual,IKRQYKRFFKLFKWFLKK,,,1,H4,3,up,1.0
all_atom,dual,IKRQYKRFFKLFKWFLKK,,,1,H4,4,dn,1.0
all_atom,dual,IKRQYKRFFKLFKWFLKK,,,1,H4,4,up,1.0
all_atom,dual,IKRQYKRFFKLFKWFLKK,,,1,H4,5,dn,1.0
all_atom,dual,IKRQYKRFFKLFKWFLKK,,,1,H4,5,up,1.0
all_atom,dual,IKRQYKRFFKLFKWFLKK,,,1,H5,1,dn,0.792
all_atom,dual,IKRQYKRFFKLFKWFLKK,,,1,H5,1,up,1.0
all_atom,dual,IKRQYKRFFKLFKWFLKK,,,1,H5,2,dn,1.0
all_atom,dual,IKRQYKRFFKLFKWFLKK,,,1,H5,2,up,1.0
all_atom,dual,IKRQYKRFFKLFKWFLKK,,,1,H5,3,dn,1.0
all_atom,dual,IKRQYKRFFKLFKWFLKK,,,1,H5,3,up,1.0
all_atom,dual,IKRQYKRFFKLFKWFLKK,,,1,H5,4,dn,1.0
all_atom,dual,IKRQYKRFFKLFKWFLKK,,,1,H5,4,up,1.0
all_atom,dual,IKRQYKRFFKLFKWFLKK,,,1,H5,5,dn,1.0
all_atom,dual,IKRQYKRFFKLFKWFLKK,,,1,H5,5,up,1.0
all_atom,dual,IKRQYKRFFKLFKWFLKK,,,1,H6,1,dn,0.982
all_atom,dual,IKRQYKRFFKLFKWFLKK,,,1,H6,1,up,1.0
all_atom,dual,IKRQYKRFFKLFKWFLKK,,,1,H6,2,dn,1.0
all_atom,dual,IKRQYKRFFKLFKWFLKK,,,1,H6,2,up,1.0
all_atom,dual,IKRQYKRFFKLFKWFLKK,,,1,H6,3,dn,1.0
all_atom,dual,IKRQYKRFFKLFKWFLKK,,,1,H6,3,up,1.0
all_atom,dual,IKRQYKRFFKLFKWFLKK,,,1,H6,4,dn,1.0
all_atom,dual,IKRQYKRFFKLFKWFLKK,,,1,H6,4,up,1.0
all_atom,dual,IKRQYKRFFKLFKWFLKK,,,1,H6,5,dn,0.998
all_atom,dual,IKRQYKRFFKLFKWFLKK,,,1,H6,5,up,1.0
all_atom,dual,IKRQYKRFFKLFKWFLKK,,,1,H7,1,dn,0.999
all_atom,dual,IKRQYKRFFKLFKWFLKK,,,1,H7,1,up,1.0
all_atom,dual,IKRQYKRFFKLFKWFLKK,,,1,H7,2,dn,1.0
all_atom,dual,IKRQYKRFFKLFKWFLKK,,,1,H7,2,up,1.0
all_atom,dual,IKRQYKRFFKLFKWFLKK,,,1,H7,3,dn,0.991
all_atom,dual,IKRQYKRFFKLFKWFLKK,,,1,H7,3,up,1.0
all_atom,dual,IKRQYKRFFKLFKWFLKK,,,1,H7,4,dn,0.991
all_atom,dual,IKRQYKRFFKLFKWFLKK,,,1,H7,4,up,1.0
all_atom,dual,IKRQYKRFFKLFKWFLKK,,,1,H7,5,dn,0.99
all_atom,dual,IKRQYKRFFKLFKWFLKK,,,1,H7,5,up,1.0
all_atom,dual,IKRQYKRFFKLFKWFLKK,,,1,H8,1,dn,0.929
all_atom,dual,IKRQYKRFFKLFKWFLKK,,,1,H8,1,up,0.97
all_atom,dual,IKRQYKRFFKLFKWFLKK,,,1,H8,2,dn,0.97
all_atom,dual,IKRQYKRFFKLFKWFLKK,,,1,H8,2,up,0.988
all_atom,dual,IKRQYKRFFKLFKWFLKK,,,1,H8,3,dn,0.873
all_atom,dual,IKRQYKRFFKLFKWFLKK,,,1,H8,3,up,0.994
all_atom,dual,IKRQYKRFFKLFKWFLKK,,,1,H8,4,dn,0.893
all_atom,dual,IKRQYKRFFKLFKWFLKK,,,1,H8,4,up,0.929
all_atom,dual,IKRQYKRFFKLFKWFLKK,,,1,H8,5,dn,0.972
all_atom,dual,IKRQYKRFFKLFKWFLKK,,,1,H8,5,up,0.913
all_atom,dual,IKRQYKRFFKLFKWFLKK,,,1,H9,1,dn,0.606
all_atom,dual,IKRQYKRFFKLFKWFLKK,,,1,H9,1,up,0.516
all_atom,dual,IKRQYKRFFKLFKWFLKK,,,1,H9,2,dn,0.333
all_atom,dual,IKRQYKRFFKLFKWFLKK,,,1,H9,2,up,0.444
all_atom,dual,IKRQYKRFFKLFKWFLKK,,,1,H9,3,dn,0.187
all_atom,dual,IKRQYKRFFKLFKWFLKK,,,1,H9,3,up,0.492
all_atom,dual,IKRQYKRFFKLFKWFLKK,,,1,H9,4,dn,0.208
all_atom,dual,IKRQYKRFFKLFKWFLKK,,,1,H9,4,up,0.548
all_atom,dual,IKRQYKRFFKLFKWFLKK,,,1,H9,5,dn,0.291
all_atom,dual,IKRQYKRFFKLFKWFLKK,,,1,H9,5,up,0.229
all_atom,dual,IKRQYKRFFKLFKWFLKK,,,1,HM,1,dn,0.676
all_atom,dual,IKRQYKRFFKLFKWFLKK,,,1,HM,1,up,0.815
all_atom,dual,IKRQYKRFFKLFKWFLKK,,,1,HM,2,dn,0.688
all_atom,dual,IKRQYKRFFKLFKWFLKK,,,1,HM,2,up,0.811
all_atom,dual,IKRQYKRFFKLFKWFLKK,,,1,HM,3,dn,0.667
all_atom,dual,IKRQYKRFFKLFKWFLKK,,,1,HM,3,up,0.816
all_atom,dual,IKRQYKRFFKLFKWFLKK,,,1,HM,4,dn,0.67
all_atom,dual,IKRQYKRFFKLFKWFLKK,,,1,HM,4,up,0.81
all_atom,dual,IKRQYKRFFKLFKWFLKK,,,1,HM,5,dn,0.675
all_atom,dual,IKRQYKRFFKLFKWFLKK,,,1,HM,5,up,0.788
all_atom,dual,IKRQYKRFFKLFKWFLKK,,,1,PEPT_BUR_MAX,1,dn,4.82
all_atom,dual,IKRQYKRFFKLFKWFLKK,,,1,PEPT_BUR_MAX,1,up,4.06
all_atom,dual,IKRQYKRFFKLFKWFLKK,,,1,PEPT_BUR_MAX,2,dn,5.75
all_atom,dual,IKRQYKRFFKLFKWFLKK,,,1,PEPT_BUR_MAX,2,up,5.85
all_atom,dual,IKRQYKRFFKLFKWFLKK,,,1,PEPT_BUR_MAX,3,dn,6.37
all_atom,dual,IKRQYKRFFKLFKWFLKK,,,1,PEPT_BUR_MAX,3,up,7.16
all_atom,dual,IKRQYKRFFKLFKWFLKK,,,1,PEPT_BUR_MAX,4,dn,4.73
all_atom,dual,IKRQYKRFFKLFKWFLKK,,,1,PEPT_BUR_MAX,4,up,7.36
all_atom,dual,IKRQYKRFFKLFKWFLKK,,,1,PEPT_BUR_MAX,5,dn,4.73
all_atom,dual,IKRQYKRFFKLFKWFLKK,,,1,PEPT_BUR_MAX,5,up,6.77
all_atom,dual,IKRQYKRFFKLFKWFLKK,,,1,S,1,dn,0.832
all_atom,dual,IKRQYKRFFKLFKWFLKK,,,1,S,1,up,0.788
all_atom,dual,IKRQYKRFFKLFKWFLKK,,,1,S,2,dn,0.896
all_atom,dual,IKRQYKRFFKLFKWFLKK,,,1,S,2,up,0.785
all_atom,dual,IKRQYKRFFKLFKWFLKK,,,1,S,3,dn,0.903
all_atom,dual,IKRQYKRFFKLFKWFLKK,,,1,S,3,up,0.773
all_atom,dual,IKRQYKRFFKLFKWFLKK,,,1,S,4,dn,0.839
all_atom,dual,IKRQYKRFFKLFKWFLKK,,,1,S,4,up,0.835
all_atom,dual,IKRQYKRFFKLFKWFLKK,,,1,S,5,dn,0.883
all_atom,dual,IKRQYKRFFKLFKWFLKK,,,1,S,5,up,0.825
all_atom,dual,IKRQYKRFFKLFKWFLKK,,,1,WAT_BUR_MAX,1,dn,7.95
all_atom,dual,IKRQYKRFFKLFKWFLKK,,,1,WAT_BUR_MAX,1,up,3.87
all_atom,dual,IKRQYKRFFKLFKWFLKK,,,1,WAT_BUR_MAX,2,dn,8.05
all_atom,dual,IKRQYKRFFKLFKWFLKK,,,1,WAT_BUR_MAX,2,up,6.31
all_atom,dual,IKRQYKRFFKLFKWFLKK,,,1,WAT_BUR_MAX,3,dn,8.32
all_atom,dual,IKRQYKRFFKLFKWFLKK,,,1,WAT_BUR_MAX,3,up,9.07
all_atom,dual,IKRQYKRFFKLFKWFLKK,,,1,WAT_BUR_MAX,4,dn,5.76
all_atom,dual,IKRQYKRFFKLFKWFLKK,,,1,WAT_BUR_MAX,4,up,7.72
all_atom,dual,IKRQYKRFFKLFKWFLKK,,,1,WAT_BUR_MAX,5,dn,5.67
all_atom,dual,IKRQYKRFFKLFKWFLKK,,,1,WAT_BUR_MAX,5,up,7.53
all_atom,dual,IKRQYKRFFKLFKWFLKK,,,1,WAT_BUR_REL,1,dn,3.11
all_atom,dual,IKRQYKRFFKLFKWFLKK,,,1,WAT_BUR_REL,1,up,0.86
all_atom,dual,IKRQYKRFFKLFKWFLKK,,,1,WAT_BUR_REL,2,dn,3.06
all_atom,dual,IKRQYKRFFKLFKWFLKK,,,1,WAT_BUR_REL,2,up,1.63
all_atom,dual,IKRQYKRFFKLFKWFLKK,,,1,WAT_BUR_REL,3,dn,3.02
all_atom,dual,IKRQYKRFFKLFKWFLKK,,,1,WAT_BUR_REL,3,up,2.97
all_atom,dual,IKRQYKRFFKLFKWFLKK,,,1,WAT_BUR_REL,4,dn,2.49
all_atom,dual,IKRQYKRFFKLFKWFLKK,,,1,WAT_BUR_REL,4,up,2.61
all_atom,dual,IKRQYKRFFKLFKWFLKK,,,1,WAT_BUR_REL,5,dn,1.55
all_atom,dual,IKRQYKRFFKLFKWFLKK,,,1,WAT_BUR_REL,5,up,1.29
all_atom,dual,IKRQYKRFFKLFKWFLKK,,,1,ZP-0.5,1,dn,0.128
all_atom,dual,IKRQYKRFFKLFKWFLKK,,,1,ZP-0.5,1,up,0.109
all_atom,dual,IKRQYKRFFKLFKWFLKK,,,1,ZP-0.5,2,dn,0.123
all_atom,dual,IKRQYKRFFKLFKWFLKK,,,1,ZP-0.5,2,up,0.128
all_atom,dual,IKRQYKRFFKLFKWFLKK,,,1,ZP-0.5,3,dn,0.13
all_atom,dual,IKRQYKRFFKLFKWFLKK,,,1,ZP-0.5,3,up,0.141
all_atom,dual,IKRQYKRFFKLFKWFLKK,,,1,ZP-0.5,4,dn,0.114
all_atom,dual,IKRQYKRFFKLFKWFLKK,,,1,ZP-0.5,4,up,0.113
all_atom,dual,IKRQYKRFFKLFKWFLKK,,,1,ZP-0.5,5,dn,0.124
all_atom,dual,IKRQYKRFFKLFKWFLKK,,,1,ZP-0.5,5,up,0.102
all_atom,dual,IKRQYKRFFKLFKWFLKK,,,1,ZP-1.5,1,dn,0.127
all_atom,dual,IKRQYKRFFKLFKWFLKK,,,1,ZP-1.5,1,up,0.135
all_atom,dual,IKRQYKRFFKLFKWFLKK,,,1,ZP-1.5,2,dn,0.13
all_atom,dual,IKRQYKRFFKLFKWFLKK,,,1,ZP-1.5,2,up,0.101
all_atom,dual,IKRQYKRFFKLFKWFLKK,,,1,ZP-1.5,3,dn,0.109
all_atom,dual,IKRQYKRFFKLFKWFLKK,,,1,ZP-1.5,3,up,0.121
all_atom,dual,IKRQYKRFFKLFKWFLKK,,,1,ZP-1.5,4,dn,0.115
all_atom,dual,IKRQYKRFFKLFKWFLKK,,,1,ZP-1.5,4,up,0.128
all_atom,dual,IKRQYKRFFKLFKWFLKK,,,1,ZP-1.5,5,dn,0.104
all_atom,dual,IKRQYKRFFKLFKWFLKK,,,1,ZP-1.5,5,up,0.128
all_atom,dual,IKRQYKRFFKLFKWFLKK,,,1,ZP-2.5,1,dn,0.123
all_atom,dual,IKRQYKRFFKLFKWFLKK,,,1,ZP-2.5,1,up,0.104
all_atom,dual,IKRQYKRFFKLFKWFLKK,,,1,ZP-2.5,2,dn,0.08
all_atom,dual,IKRQYKRFFKLFKWFLKK,,,1,ZP-2.5,2,up,0.083
all_atom,dual,IKRQYKRFFKLFKWFLKK,,,1,ZP-2.5,3,dn,0.105
all_atom,dual,IKRQYKRFFKLFKWFLKK,,,1,ZP-2.5,3,up,0.111
all_atom,dual,IKRQYKRFFKLFKWFLKK,,,1,ZP-2.5,4,dn,0.102
all_atom,dual,IKRQYKRFFKLFKWFLKK,,,1,ZP-2.5,4,up,0.115
all_atom,dual,IKRQYKRFFKLFKWFLKK,,,1,ZP-2.5,5,dn,0.091
all_atom,dual,IKRQYKRFFKLFKWFLKK,,,1,ZP-2.5,5,up,0.127
all_atom,dual,IKRQYKRFFKLFKWFLKK,,,1,ZP-3.5,1,dn,0.1
all_atom,dual,IKRQYKRFFKLFKWFLKK,,,1,ZP-3.5,1,up,0.082
all_atom,dual,IKRQYKRFFKLFKWFLKK,,,1,ZP-3.5,2,dn,0.091
all_atom,dual,IKRQYKRFFKLFKWFLKK,,,1,ZP-3.5,2,up,0.063
all_atom,dual,IKRQYKRFFKLFKWFLKK,,,1,ZP-3.5,3,dn,0.074
all_atom,dual,IKRQYKRFFKLFKWFLKK,,,1,ZP-3.5,3,up,0.072
all_atom,dual,IKRQYKRFFKLFKWFLKK,,,1,ZP-3.5,4,dn,0.08
all_atom,dual,IKRQYKRFFKLFKWFLKK,,,1,ZP-3.5,4,up,0.073
all_atom,dual,IKRQYKRFFKLFKWFLKK,,,1,ZP-3.5,5,dn,0.09
all_atom,dual,IKRQYKRFFKLFKWFLKK,,,1,ZP-3.5,5,up,0.107
all_atom,dual,IKRQYKRFFKLFKWFLKK,,,1,ZP-4.5,1,dn,0.066
all_atom,dual,IKRQYKRFFKLFKWFLKK,,,1,ZP-4.5,1,up,0.054
all_atom,dual,IKRQYKRFFKLFKWFLKK,,,1,ZP-4.5,2,dn,0.054
all_atom,dual,IKRQYKRFFKLFKWFLKK,,,1,ZP-4.5,2,up,0.041
all_atom,dual,IKRQYKRFFKLFKWFLKK,,,1,ZP-4.5,3,dn,0.071
all_atom,dual,IKRQYKRFFKLFKWFLKK,,,1,ZP-4.5,3,up,0.03
all_atom,dual,IKRQYKRFFKLFKWFLKK,,,1,ZP-4.5,4,dn,0.057
all_atom,dual,IKRQYKRFFKLFKWFLKK,,,1,ZP-4.5,4,up,0.045
all_atom,dual,IKRQYKRFFKLFKWFLKK,,,1,ZP-4.5,5,dn,0.076
all_atom,dual,IKRQYKRFFKLFKWFLKK,,,1,ZP-4.5,5,up,0.067
all_atom,dual,IKRQYKRFFKLFKWFLKK,,,1,ZP-5.5,1,dn,0.051
all_atom,dual,IKRQYKRFFKLFKWFLKK,,,1,ZP-5.5,1,up,0.055
all_atom,dual,IKRQYKRFFKLFKWFLKK,,,1,ZP-5.5,2,dn,0.041
all_atom,dual,IKRQYKRFFKLFKWFLKK,,,1,ZP-5.5,2,up,0.03
all_atom,dual,IKRQYKRFFKLFKWFLKK,,,1,ZP-5.5,3,dn,0.052
all_atom,dual,IKRQYKRFFKLFKWFLKK,,,1,ZP-5.5,3,up,0.021
all_atom,dual,IKRQYKRFFKLFKWFLKK,,,1,ZP-5.5,4,dn,0.041
all_atom,dual,IKRQYKRFFKLFKWFLKK,,,1,ZP-5.5,4,up,0.036
all_atom,dual,IKRQYKRFFKLFKWFLKK,,,1,ZP-5.5,5,dn,0.061
all_atom,dual,IKRQYKRFFKLFKWFLKK,,,1,ZP-5.5,5,up,0.049
all_atom,dual,IKRQYKRFFKLFKWFLKK,,,1,ZP-6.5,1,dn,0.028
all_atom,dual,IKRQYKRFFKLFKWFLKK,,,1,ZP-6.5,1,up,0.039
all_atom,dual,IKRQYKRFFKLFKWFLKK,,,1,ZP-6.5,2,dn,0.023
all_atom,dual,IKRQYKRFFKLFKWFLKK,,,1,ZP-6.5,2,up,0.016
all_atom,dual,IKRQYKRFFKLFKWFLKK,,,1,ZP-6.5,3,dn,0.035
all_atom,dual,IKRQYKRFFKLFKWFLKK,,,1,ZP-6.5,3,up,0.014
all_atom,dual,IKRQYKRFFKLFKWFLKK,,,1,ZP-6.5,4,dn,0.03
all_atom,dual,IKRQYKRFFKLFKWFLKK,,,1,ZP-6.5,4,up,0.018
all_atom,dual,IKRQYKRFFKLFKWFLKK,,,1,ZP-6.5,5,dn,0.04
all_atom,dual,IKRQYKRFFKLFKWFLKK,,,1,ZP-6.5,5,up,0.039
all_atom,dual,IKRQYKRFFKLFKWFLKK,,,1,ZP-7.5,1,dn,0.014
all_atom,dual,IKRQYKRFFKLFKWFLKK,,,1,ZP-7.5,1,up,0.014
all_atom,dual,IKRQYKRFFKLFKWFLKK,,,1,ZP-7.5,2,dn,0.01
all_atom,dual,IKRQYKRFFKLFKWFLKK,,,1,ZP-7.5,2,up,0.008
all_atom,dual,IKRQYKRFFKLFKWFLKK,,,1,ZP-7.5,3,dn,0.019
all_atom,dual,IKRQYKRFFKLFKWFLKK,,,1,ZP-7.5,3,up,0.005
all_atom,dual,IKRQYKRFFKLFKWFLKK,,,1,ZP-7.5,4,dn,0.013
all_atom,dual,IKRQYKRFFKLFKWFLKK,,,1,ZP-7.5,4,up,0.009
all_atom,dual,IKRQYKRFFKLFKWFLKK,,,1,ZP-7.5,5,dn,0.023
all_atom,dual,IKRQYKRFFKLFKWFLKK,,,1,ZP-7.5,5,up,0.014
all_atom,dual,IKRQYKRFFKLFKWFLKK,,,1,ZP-8.5,1,dn,0.01
all_atom,dual,IKRQYKRFFKLFKWFLKK,,,1,ZP-8.5,1,up,0.009
all_atom,dual,IKRQYKRFFKLFKWFLKK,,,1,ZP-8.5,2,dn,0.005
all_atom,dual,IKRQYKRFFKLFKWFLKK,,,1,ZP-8.5,2,up,0.005
all_atom,dual,IKRQYKRFFKLFKWFLKK,,,1,ZP-8.5,3,dn,0.009
all_atom,dual,IKRQYKRFFKLFKWFLKK,,,1,ZP-8.5,3,up,0.002
all_atom,dual,IKRQYKRFFKLFKWFLKK,,,1,ZP-8.5,4,dn,0.003
all_atom,dual,IKRQYKRFFKLFKWFLKK,,,1,ZP-8.5,4,up,0.002
all_atom,dual,IKRQYKRFFKLFKWFLKK,,,1,ZP-8.5,5,dn,0.003
all_atom,dual,IKRQYKRFFKLFKWFLKK,,,1,ZP-8.5,5,up,0.006
all_atom,dual,IKRQYKRFFKLFKWFLKK,,,1,ZP-9.5,1,dn,0.003
all_atom,dual,IKRQYKRFFKLFKWFLKK,,,1,ZP-9.5,1,up,0.013
all_atom,dual,IKRQYKRFFKLFKWFLKK,,,1,ZP-9.5,2,dn,0.004
all_atom,dual,IKRQYKRFFKLFKWFLKK,,,1,ZP-9.5,2,up,0.003
all_atom,dual,IKRQYKRFFKLFKWFLKK,,,1,ZP-9.5,3,dn,0.005
all_atom,dual,IKRQYKRFFKLFKWFLKK,,,1,ZP-9.5,3,up,0.001
all_atom,dual,IKRQYKRFFKLFKWFLKK,,,1,ZP-9.5,4,dn,0.002
all_atom,dual,IKRQYKRFFKLFKWFLKK,,,1,ZP-9.5,4,up,0.001
all_atom,dual,IKRQYKRFFKLFKWFLKK,,,1,ZP-9.5,5,dn,0.002
all_atom,dual,IKRQYKRFFKLFKWFLKK,,,1,ZP-9.5,5,up,0.003
all_atom,dual,IKRQYKRFFKLFKWFLKK,,,1,ZP0.5,1,dn,0.115
all_atom,dual,IKRQYKRFFKLFKWFLKK,,,1,ZP0.5,1,up,0.104
all_atom,dual,IKRQYKRFFKLFKWFLKK,,,1,ZP0.5,2,dn,0.123
all_atom,dual,IKRQYKRFFKLFKWFLKK,,,1,ZP0.5,2,up,0.135
all_atom,dual,IKRQYKRFFKLFKWFLKK,,,1,ZP0.5,3,dn,0.098
all_atom,dual,IKRQYKRFFKLFKWFLKK,,,1,ZP0.5,3,up,0.146
all_atom,dual,IKRQYKRFFKLFKWFLKK,,,1,ZP0.5,4,dn,0.11
all_atom,dual,IKRQYKRFFKLFKWFLKK,,,1,ZP0.5,4,up,0.124
all_atom,dual,IKRQYKRFFKLFKWFLKK,,,1,ZP0.5,5,dn,0.11
all_atom,dual,IKRQYKRFFKLFKWFLKK,,,1,ZP0.5,5,up,0.103
all_atom,dual,IKRQYKRFFKLFKWFLKK,,,1,ZP1.5,1,dn,0.085
all_atom,dual,IKRQYKRFFKLFKWFLKK,,,1,ZP1.5,1,up,0.091
all_atom,dual,IKRQYKRFFKLFKWFLKK,,,1,ZP1.5,2,dn,0.095
all_atom,dual,IKRQYKRFFKLFKWFLKK,,,1,ZP1.5,2,up,0.113
all_atom,dual,IKRQYKRFFKLFKWFLKK,,,1,ZP1.5,3,dn,0.091
all_atom,dual,IKRQYKRFFKLFKWFLKK,,,1,ZP1.5,3,up,0.104
all_atom,dual,IKRQYKRFFKLFKWFLKK,,,1,ZP1.5,4,dn,0.107
all_atom,dual,IKRQYKRFFKLFKWFLKK,,,1,ZP1.5,4,up,0.114
all_atom,dual,IKRQYKRFFKLFKWFLKK,,,1,ZP1.5,5,dn,0.094
all_atom,dual,IKRQYKRFFKLFKWFLKK,,,1,ZP1.5,5,up,0.08
all_atom,dual,IKRQYKRFFKLFKWFLKK,,,1,ZP2.5,1,dn,0.083
all_atom,dual,IKRQYKRFFKLFKWFLKK,,,1,ZP2.5,1,up,0.074
all_atom,dual,IKRQYKRFFKLFKWFLKK,,,1,ZP2.5,2,dn,0.095
all_atom,dual,IKRQYKRFFKLFKWFLKK,,,1,ZP2.5,2,up,0.09
all_atom,dual,IKRQYKRFFKLFKWFLKK,,,1,ZP2.5,3,dn,0.079
all_atom,dual,IKRQYKRFFKLFKWFLKK,,,1,ZP2.5,3,up,0.091
all_atom,dual,IKRQYKRFFKLFKWFLKK,,,1,ZP2.5,4,dn,0.077
all_atom,dual,IKRQYKRFFKLFKWFLKK,,,1,ZP2.5,4,up,0.103
all_atom,dual,IKRQYKRFFKLFKWFLKK,,,1,ZP2.5,5,dn,0.077
all_atom,dual,IKRQYKRFFKLFKWFLKK,,,1,ZP2.5,5,up,0.072
all_atom,dual,IKRQYKRFFKLFKWFLKK,,,1,ZP3.5,1,dn,0.042
all_atom,dual,IKRQYKRFFKLFKWFLKK,,,1,ZP3.5,1,up,0.059
all_atom,dual,IKRQYKRFFKLFKWFLKK,,,1,ZP3.5,2,dn,0.062
all_atom,dual,IKRQYKRFFKLFKWFLKK,,,1,ZP3.5,2,up,0.079
all_atom,dual,IKRQYKRFFKLFKWFLKK,,,1,ZP3.5,3,dn,0.05
all_atom,dual,IKRQYKRFFKLFKWFLKK,,,1,ZP3.5,3,up,0.064
all_atom,dual,IKRQYKRFFKLFKWFLKK,,,1,ZP3.5,4,dn,0.07
all_atom,dual,IKRQYKRFFKLFKWFLKK,,,1,ZP3.5,4,up,0.061
all_atom,dual,IKRQYKRFFKLFKWFLKK,,,1,ZP3.5,5,dn,0.053
all_atom,dual,IKRQYKRFFKLFKWFLKK,,,1,ZP3.5,5,up,0.048
all_atom,dual,IKRQYKRFFKLFKWFLKK,,,1,ZP4.5,1,dn,0.017
all_atom,dual,IKRQYKRFFKLFKWFLKK,,,1,ZP4.5,1,up,0.03
all_atom,dual,IKRQYKRFFKLFKWFLKK,,,1,ZP4.5,2,dn,0.035
all_atom,dual,IKRQYKRFFKLFKWFLKK,,,1,ZP4.5,2,up,0.055
all_atom,dual,IKRQYKRFFKLFKWFLKK,,,1,ZP4.5,3,dn,0.044
all_atom,dual,IKRQYKRFFKLFKWFLKK,,,1,ZP4.5,3,up,0.049
all_atom,dual,IKRQYKRFFKLFKWFLKK,,,1,ZP4.5,4,dn,0.033
all_atom,dual,IKRQYKRFFKLFKWFLKK,,,1,ZP4.5,4,up,0.035
all_atom,dual,IKRQYKRFFKLFKWFLKK,,,1,ZP4.5,5,dn,0.024
all_atom,dual,IKRQYKRFFKLFKWFLKK,,,1,ZP4.5,5,up,0.029
all_atom,dual,IKRQYKRFFKLFKWFLKK,,,1,ZP5.5,1,dn,0.007
all_atom,dual,IKRQYKRFFKLFKWFLKK,,,1,ZP5.5,1,up,0.022
all_atom,dual,IKRQYKRFFKLFKWFLKK,,,1,ZP5.5,2,dn,0.019
all_atom,dual,IKRQYKRFFKLFKWFLKK,,,1,ZP5.5,2,up,0.029
all_atom,dual,IKRQYKRFFKLFKWFLKK,,,1,ZP5.5,3,dn,0.013
all_atom,dual,IKRQYKRFFKLFKWFLKK,,,1,ZP5.5,3,up,0.014
all_atom,dual,IKRQYKRFFKLFKWFLKK,,,1,ZP5.5,4,dn,0.026
all_atom,dual,IKRQYKRFFKLFKWFLKK,,,1,ZP5.5,4,up,0.017
all_atom,dual,IKRQYKRFFKLFKWFLKK,,,1,ZP5.5,5,dn,0.014
all_atom,dual,IKRQYKRFFKLFKWFLKK,,,1,ZP5.5,5,up,0.015
all_atom,dual,IKRQYKRFFKLFKWFLKK,,,1,ZP6.5,1,dn,0.001
all_atom,dual,IKRQYKRFFKLFKWFLKK,,,1,ZP6.5,1,up,0.006
all_atom,dual,IKRQYKRFFKLFKWFLKK,,,1,ZP6.5,2,dn,0.007
all_atom,dual,IKRQYKRFFKLFKWFLKK,,,1,ZP6.5,2,up,0.012
all_atom,dual,IKRQYKRFFKLFKWFLKK,,,1,ZP6.5,3,dn,0.012
all_atom,dual,IKRQYKRFFKLFKWFLKK,,,1,ZP6.5,3,up,0.009
all_atom,dual,IKRQYKRFFKLFKWFLKK,,,1,ZP6.5,4,dn,0.01
all_atom,dual,IKRQYKRFFKLFKWFLKK,,,1,ZP6.5,4,up,0.005
all_atom,dual,IKRQYKRFFKLFKWFLKK,,,1,ZP6.5,5,dn,0.005
all_atom,dual,IKRQYKRFFKLFKWFLKK,,,1,ZP6.5,5,up,0.004
all_atom,dual,IKRQYKRFFKLFKWFLKK,,,1,ZP7.5,1,dn,0.0
all_atom,dual,IKRQYKRFFKLFKWFLKK,,,1,ZP7.5,1,up,0.001
all_atom,dual,IKRQYKRFFKLFKWFLKK,,,1,ZP7.5,2,dn,0.002
all_atom,dual,IKRQYKRFFKLFKWFLKK,,,1,ZP7.5,2,up,0.004
all_atom,dual,IKRQYKRFFKLFKWFLKK,,,1,ZP7.5,3,dn,0.003
all_atom,dual,IKRQYKRFFKLFKWFLKK,,,1,ZP7.5,3,up,0.005
all_atom,dual,IKRQYKRFFKLFKWFLKK,,,1,ZP7.5,4,dn,0.006
all_atom,dual,IKRQYKRFFKLFKWFLKK,,,1,ZP7.5,4,up,0.001
all_atom,dual,IKRQYKRFFKLFKWFLKK,,,1,ZP7.5,5,dn,0.006
all_atom,dual,IKRQYKRFFKLFKWFLKK,,,1,ZP7.5,5,up,0.002
all_atom,dual,IKRQYKRFFKLFKWFLKK,,,1,ZP8.5,1,dn,0.0
all_atom,dual,IKRQYKRFFKLFKWFLKK,,,1,ZP8.5,1,up,0.001
all_atom,dual,IKRQYKRFFKLFKWFLKK,,,1,ZP8.5,2,dn,0.002
all_atom,dual,IKRQYKRFFKLFKWFLKK,,,1,ZP8.5,2,up,0.003
all_atom,dual,IKRQYKRFFKLFKWFLKK,,,1,ZP8.5,3,dn,0.001
all_atom,dual,IKRQYKRFFKLFKWFLKK,,,1,ZP8.5,3,up,0.0
all_atom,dual,IKRQYKRFFKLFKWFLKK,,,1,ZP8.5,4,dn,0.003
all_atom,dual,IKRQYKRFFKLFKWFLKK,,,1,ZP8.5,4,up,0.0
all_atom,dual,IKRQYKRFFKLFKWFLKK,,,1,ZP8.5,5,dn,0.001
all_atom,dual,IKRQYKRFFKLFKWFLKK,,,1,ZP8.5,5,up,0.002
all_atom,dual,IKRQYKRFFKLFKWFLKK,,,1,ZP9.5,1,dn,0.0
all_atom,dual,IKRQYKRFFKLFKWFLKK,,,1,ZP9.5,1,up,0.0
all_atom,dual,IKRQYKRFFKLFKWFLKK,,,1,ZP9.5,2,dn,0.001
all_atom,dual,IKRQYKRFFKLFKWFLKK,,,1,ZP9.5,2,up,0.001
all_atom,dual,IKRQYKRFFKLFKWFLKK,,,1,ZP9.5,3,dn,0.0
all_atom,dual,IKRQYKRFFKLFKWFLKK,,,1,ZP9.5,3,up,0.001
all_atom,dual,IKRQYKRFFKLFKWFLKK,,,1,ZP9.5,4,dn,0.001
all_atom,dual,IKRQYKRFFKLFKWFLKK,,,1,ZP9.5,4,up,0.0
all_atom,dual,IKRQYKRFFKLFKWFLKK,,,1,ZP9.5,5,dn,0.001
all_atom,dual,IKRQYKRFFKLFKWFLKK,,,1,ZP9.5,5,up,0.002
all_atom,dual,INWLKIAKKVKGML,,,1,APLA12.5,1,dn,59.681
all_atom,dual,INWLKIAKKVKGML,,,1,APLA12.5,1,up,60.161
all_atom,dual,INWLKIAKKVKGML,,,1,APLA12.5,2,dn,57.395
all_atom,dual,INWLKIAKKVKGML,,,1,APLA12.5,2,up,58.08
all_atom,dual,INWLKIAKKVKGML,,,1,APLA12.5,3,dn,58.034
all_atom,dual,INWLKIAKKVKGML,,,1,APLA12.5,3,up,59.726
all_atom,dual,INWLKIAKKVKGML,,,1,APLA12.5,4,dn,58.96
all_atom,dual,INWLKIAKKVKGML,,,1,APLA12.5,4,up,57.27
all_atom,dual,INWLKIAKKVKGML,,,1,APLA12.5,5,dn,59.232
all_atom,dual,INWLKIAKKVKGML,,,1,APLA12.5,5,up,59.32
all_atom,dual,INWLKIAKKVKGML,,,1,APLA17.5,1,dn,60.515
all_atom,dual,INWLKIAKKVKGML,,,1,APLA17.5,1,up,59.7
all_atom,dual,INWLKIAKKVKGML,,,1,APLA17.5,2,dn,57.621
all_atom,dual,INWLKIAKKVKGML,,,1,APLA17.5,2,up,57.629
all_atom,dual,INWLKIAKKVKGML,,,1,APLA17.5,3,dn,58.045
all_atom,dual,INWLKIAKKVKGML,,,1,APLA17.5,3,up,59.458
all_atom,dual,INWLKIAKKVKGML,,,1,APLA17.5,4,dn,57.393
all_atom,dual,INWLKIAKKVKGML,,,1,APLA17.5,4,up,59.011
all_atom,dual,INWLKIAKKVKGML,,,1,APLA17.5,5,dn,58.833
all_atom,dual,INWLKIAKKVKGML,,,1,APLA17.5,5,up,58.985
all_atom,dual,INWLKIAKKVKGML,,,1,APLA2.5,1,dn,74.863
all_atom,dual,INWLKIAKKVKGML,,,1,APLA2.5,1,up,78.356
all_atom,dual,INWLKIAKKVKGML,,,1,APLA2.5,2,dn,84.337
all_atom,dual,INWLKIAKKVKGML,,,1,APLA2.5,2,up,81.12
all_atom,dual,INWLKIAKKVKGML,,,1,APLA2.5,3,dn,76.862
all_atom,dual,INWLKIAKKVKGML,,,1,APLA2.5,3,up,77.178
all_atom,dual,INWLKIAKKVKGML,,,1,APLA2.5,4,dn,83.051
all_atom,dual,INWLKIAKKVKGML,,,1,APLA2.5,4,up,81.233
all_atom,dual,INWLKIAKKVKGML,,,1,APLA2.5,5,dn,76.863
all_atom,dual,INWLKIAKKVKGML,,,1,APLA2.5,5,up,82.75
all_atom,dual,INWLKIAKKVKGML,,,1,APLA7.5,1,dn,58.677
all_atom,dual,INWLKIAKKVKGML,,,1,APLA7.5,1,up,61.165
all_atom,dual,INWLKIAKKVKGML,,,1,APLA7.5,2,dn,60.968
all_atom,dual,INWLKIAKKVKGML,,,1,APLA7.5,2,up,61.377
all_atom,dual,INWLKIAKKVKGML,,,1,APLA7.5,3,dn,62.92
all_atom,dual,INWLKIAKKVKGML,,,1,APLA7.5,3,up,59.128
all_atom,dual,INWLKIAKKVKGML,,,1,APLA7.5,4,dn,64.717
all_atom,dual,INWLKIAKKVKGML,,,1,APLA7.5,4,up,60.372
all_atom,dual,INWLKIAKKVKGML,,,1,APLA7.5,5,dn,63.376
all_atom,dual,INWLKIAKKVKGML,,,1,APLA7.5,5,up,63.438
all_atom,dual,INWLKIAKKVKGML,,,1,APLS12.5,1,dn,5.293
all_atom,dual,INWLKIAKKVKGML,,,1,APLS12.5,1,up,4.557
all_atom,dual,INWLKIAKKVKGML,,,1,APLS12.5,2,dn,4.098
all_atom,dual,INWLKIAKKVKGML,,,1,APLS12.5,2,up,3.368
all_atom,dual,INWLKIAKKVKGML,,,1,APLS12.5,3,dn,3.877
all_atom,dual,INWLKIAKKVKGML,,,1,APLS12.5,3,up,4.674
all_atom,dual,INWLKIAKKVKGML,,,1,APLS12.5,4,dn,4.444
all_atom,dual,INWLKIAKKVKGML,,,1,APLS12.5,4,up,3.794
all_atom,dual,INWLKIAKKVKGML,,,1,APLS12.5,5,dn,4.123
all_atom,dual,INWLKIAKKVKGML,,,1,APLS12.5,5,up,5.09
all_atom,dual,INWLKIAKKVKGML,,,1,APLS17.5,1,dn,4.968
all_atom,dual,INWLKIAKKVKGML,,,1,APLS17.5,1,up,3.51
all_atom,dual,INWLKIAKKVKGML,,,1,APLS17.5,2,dn,3.499
all_atom,dual,INWLKIAKKVKGML,,,1,APLS17.5,2,up,3.962
all_atom,dual,INWLKIAKKVKGML,,,1,APLS17.5,3,dn,3.442
all_atom,dual,INWLKIAKKVKGML,,,1,APLS17.5,3,up,3.962
all_atom,dual,INWLKIAKKVKGML,,,1,APLS17.5,4,dn,3.57
all_atom,dual,INWLKIAKKVKGML,,,1,APLS17.5,4,up,3.978
all_atom,dual,INWLKIAKKVKGML,,,1,APLS17.5,5,dn,4.164
all_atom,dual,INWLKIAKKVKGML,,,1,APLS17.5,5,up,3.854
all_atom,dual,INWLKIAKKVKGML,,,1,APLS2.5,1,dn,8.757
all_atom,dual,INWLKIAKKVKGML,,,1,APLS2.5,1,up,8.426
all_atom,dual,INWLKIAKKVKGML,,,1,APLS2.5,2,dn,9.764
all_atom,dual,INWLKIAKKVKGML,,,1,APLS2.5,2,up,8.2
all_atom,dual,INWLKIAKKVKGML,,,1,APLS2.5,3,dn,7.633
all_atom,dual,INWLKIAKKVKGML,,,1,APLS2.5,3,up,9.279
all_atom,dual,INWLKIAKKVKGML,,,1,APLS2.5,4,dn,9.811
all_atom,dual,INWLKIAKKVKGML,,,1,APLS2.5,4,up,10.071
all_atom,dual,INWLKIAKKVKGML,,,1,APLS2.5,5,dn,9.083
all_atom,dual,INWLKIAKKVKGML,,,1,APLS2.5,5,up,9.53
all_atom,dual,INWLKIAKKVKGML,,,1,APLS7.5,1,dn,5.14
all_atom,dual,INWLKIAKKVKGML,,,1,APLS7.5,1,up,6.082
all_atom,dual,INWLKIAKKVKGML,,,1,APLS7.5,2,dn,6.388
all_atom,dual,INWLKIAKKVKGML,,,1,APLS7.5,2,up,5.383
all_atom,dual,INWLKIAKKVKGML,,,1,APLS7.5,3,dn,7.519
all_atom,dual,INWLKIAKKVKGML,,,1,APLS7.5,3,up,6.043
all_atom,dual,INWLKIAKKVKGML,,,1,APLS7.5,4,dn,6.896
all_atom,dual,INWLKIAKKVKGML,,,1,APLS7.5,4,up,6.632
all_atom,dual,INWLKIAKKVKGML,,,1,APLS7.5,5,dn,5.951
all_atom,dual,INWLKIAKKVKGML,,,1,APLS7.5,5,up,6.979
all_atom,dual,INWLKIAKKVKGML,,,1,H0,1,dn,0.0
all_atom,dual,INWLKIAKKVKGML,,,1,H0,1,up,0.0
all_atom,dual,INWLKIAKKVKGML,,,1,H0,2,dn,0.0
all_atom,dual,INWLKIAKKVKGML,,,1,H0,2,up,0.0
all_atom,dual,INWLKIAKKVKGML,,,1,H0,3,dn,0.0
all_atom,dual,INWLKIAKKVKGML,,,1,H0,3,up,0.0
all_atom,dual,INWLKIAKKVKGML,,,1,H0,4,dn,0.0
all_atom,dual,INWLKIAKKVKGML,,,1,H0,4,up,0.0
all_atom,dual,INWLKIAKKVKGML,,,1,H0,5,dn,0.0
all_atom,dual,INWLKIAKKVKGML,,,1,H0,5,up,0.0
all_atom,dual,INWLKIAKKVKGML,,,1,H1,1,dn,0.98
all_atom,dual,INWLKIAKKVKGML,,,1,H1,1,up,0.99
all_atom,dual,INWLKIAKKVKGML,,,1,H1,2,dn,1.0
all_atom,dual,INWLKIAKKVKGML,,,1,H1,2,up,0.986
all_atom,dual,INWLKIAKKVKGML,,,1,H1,3,dn,0.993
all_atom,dual,INWLKIAKKVKGML,,,1,H1,3,up,0.865
all_atom,dual,INWLKIAKKVKGML,,,1,H1,4,dn,1.0
all_atom,dual,INWLKIAKKVKGML,,,1,H1,4,up,0.472
all_atom,dual,INWLKIAKKVKGML,,,1,H1,5,dn,1.0
all_atom,dual,INWLKIAKKVKGML,,,1,H1,5,up,0.339
all_atom,dual,INWLKIAKKVKGML,,,1,H10,1,dn,0.0
all_atom,dual,INWLKIAKKVKGML,,,1,H10,1,up,0.0
all_atom,dual,INWLKIAKKVKGML,,,1,H10,2,dn,0.0
all_atom,dual,INWLKIAKKVKGML,,,1,H10,2,up,0.0
all_atom,dual,INWLKIAKKVKGML,,,1,H10,3,dn,0.0
all_atom,dual,INWLKIAKKVKGML,,,1,H10,3,up,0.0
all_atom,dual,INWLKIAKKVKGML,,,1,H10,4,dn,0.0
all_atom,dual,INWLKIAKKVKGML,,,1,H10,4,up,0.0
all_atom,dual,INWLKIAKKVKGML,,,1,H10,5,dn,0.0
all_atom,dual,INWLKIAKKVKGML,,,1,H10,5,up,0.0
all_atom,dual,INWLKIAKKVKGML,,,1,H2,1,dn,0.992
all_atom,dual,INWLKIAKKVKGML,,,1,H2,1,up,0.996
all_atom,dual,INWLKIAKKVKGML,,,1,H2,2,dn,1.0
all_atom,dual,INWLKIAKKVKGML,,,1,H2,2,up,1.0
all_atom,dual,INWLKIAKKVKGML,,,1,H2,3,dn,1.0
all_atom,dual,INWLKIAKKVKGML,,,1,H2,3,up,0.996
all_atom,dual,INWLKIAKKVKGML,,,1,H2,4,dn,1.0
all_atom,dual,INWLKIAKKVKGML,,,1,H2,4,up,0.925
all_atom,dual,INWLKIAKKVKGML,,,1,H2,5,dn,1.0
all_atom,dual,INWLKIAKKVKGML,,,1,H2,5,up,0.913
all_atom,dual,INWLKIAKKVKGML,,,1,H3,1,dn,1.0
all_atom,dual,INWLKIAKKVKGML,,,1,H3,1,up,1.0
all_atom,dual,INWLKIAKKVKGML,,,1,H3,2,dn,1.0
all_atom,dual,INWLKIAKKVKGML,,,1,H3,2,up,1.0
all_atom,dual,INWLKIAKKVKGML,,,1,H3,3,dn,1.0
all_atom,dual,INWLKIAKKVKGML,,,1,H3,3,up,1.0
all_atom,dual,INWLKIAKKVKGML,,,1,H3,4,dn,1.0
all_atom,dual,INWLKIAKKVKGML,,,1,H3,4,up,1.0
all_atom,dual,INWLKIAKKVKGML,,,1,H3,5,dn,1.0
all_atom,dual,INWLKIAKKVKGML,,,1,H3,5,up,1.0
all_atom,dual,INWLKIAKKVKGML,,,1,H4,1,dn,1.0
all_atom,dual,INWLKIAKKVKGML,,,1,H4,1,up,1.0
all_atom,dual,INWLKIAKKVKGML,,,1,H4,2,dn,1.0
all_atom,dual,INWLKIAKKVKGML,,,1,H4,2,up,1.0
all_atom,dual,INWLKIAKKVKGML,,,1,H4,3,dn,1.0
all_atom,dual,INWLKIAKKVKGML,,,1,H4,3,up,1.0
all_atom,dual,INWLKIAKKVKGML,,,1,H4,4,dn,1.0
all_atom,dual,INWLKIAKKVKGML,,,1,H4,4,up,1.0
all_atom,dual,INWLKIAKKVKGML,,,1,H4,5,dn,1.0
all_atom,dual,INWLKIAKKVKGML,,,1,H4,5,up,1.0
all_atom,dual,INWLKIAKKVKGML,,,1,H5,1,dn,1.0
all_atom,dual,INWLKIAKKVKGML,,,1,H5,1,up,1.0
all_atom,dual,INWLKIAKKVKGML,,,1,H5,2,dn,1.0
all_atom,dual,INWLKIAKKVKGML,,,1,H5,2,up,0.985
all_atom,dual,INWLKIAKKVKGML,,,1,H5,3,dn,1.0
all_atom,dual,INWLKIAKKVKGML,,,1,H5,3,up,1.0
all_atom,dual,INWLKIAKKVKGML,,,1,H5,4,dn,1.0
all_atom,dual,INWLKIAKKVKGML,,,1,H5,4,up,1.0
all_atom,dual,INWLKIAKKVKGML,,,1,H5,5,dn,1.0
all_atom,dual,INWLKIAKKVKGML,,,1,H5,5,up,1.0
all_atom,dual,INWLKIAKKVKGML,,,1,H6,1,dn,1.0
all_atom,dual,INWLKIAKKVKGML,,,1,H6,1,up,1.0
all_atom,dual,INWLKIAKKVKGML,,,1,H6,2,dn,1.0
all_atom,dual,INWLKIAKKVKGML,,,1,H6,2,up,0.97
all_atom,dual,INWLKIAKKVKGML,,,1,H6,3,dn,1.0
all_atom,dual,INWLKIAKKVKGML,,,1,H6,3,up,1.0
all_atom,dual,INWLKIAKKVKGML,,,1,H6,4,dn,1.0
all_atom,dual,INWLKIAKKVKGML,,,1,H6,4,up,1.0
all_atom,dual,INWLKIAKKVKGML,,,1,H6,5,dn,1.0
all_atom,dual,INWLKIAKKVKGML,,,1,H6,5,up,1.0
all_atom,dual,INWLKIAKKVKGML,,,1,H7,1,dn,1.0
all_atom,dual,INWLKIAKKVKGML,,,1,H7,1,up,0.999
all_atom,dual,INWLKIAKKVKGML,,,1,H7,2,dn,1.0
all_atom,dual,INWLKIAKKVKGML,,,1,H7,2,up,0.988
all_atom,dual,INWLKIAKKVKGML,,,1,H7,3,dn,1.0
all_atom,dual,INWLKIAKKVKGML,,,1,H7,3,up,0.999
all_atom,dual,INWLKIAKKVKGML,,,1,H7,4,dn,1.0
all_atom,dual,INWLKIAKKVKGML,,,1,H7,4,up,0.999
all_atom,dual,INWLKIAKKVKGML,,,1,H7,5,dn,1.0
all_atom,dual,INWLKIAKKVKGML,,,1,H7,5,up,0.999
all_atom,dual,INWLKIAKKVKGML,,,1,H8,1,dn,0.984
all_atom,dual,INWLKIAKKVKGML,,,1,H8,1,up,0.99
all_atom,dual,INWLKIAKKVKGML,,,1,H8,2,dn,0.996
all_atom,dual,INWLKIAKKVKGML,,,1,H8,2,up,0.954
all_atom,dual,INWLKIAKKVKGML,,,1,H8,3,dn,0.996
all_atom,dual,INWLKIAKKVKGML,,,1,H8,3,up,0.966
all_atom,dual,INWLKIAKKVKGML,,,1,H8,4,dn,0.984
all_atom,dual,INWLKIAKKVKGML,,,1,H8,4,up,0.966
all_atom,dual,INWLKIAKKVKGML,,,1,H8,5,dn,1.0
all_atom,dual,INWLKIAKKVKGML,,,1,H8,5,up,0.982
all_atom,dual,INWLKIAKKVKGML,,,1,H9,1,dn,0.926
all_atom,dual,INWLKIAKKVKGML,,,1,H9,1,up,0.914
all_atom,dual,INWLKIAKKVKGML,,,1,H9,2,dn,0.955
all_atom,dual,INWLKIAKKVKGML,,,1,H9,2,up,0.868
all_atom,dual,INWLKIAKKVKGML,,,1,H9,3,dn,0.942
all_atom,dual,INWLKIAKKVKGML,,,1,H9,3,up,0.896
all_atom,dual,INWLKIAKKVKGML,,,1,H9,4,dn,0.905
all_atom,dual,INWLKIAKKVKGML,,,1,H9,4,up,0.889
all_atom,dual,INWLKIAKKVKGML,,,1,H9,5,dn,0.972
all_atom,dual,INWLKIAKKVKGML,,,1,H9,5,up,0.943
all_atom,dual,INWLKIAKKVKGML,,,1,HM,1,dn,0.845
all_atom,dual,INWLKIAKKVKGML,,,1,HM,1,up,0.846
all_atom,dual,INWLKIAKKVKGML,,,1,HM,2,dn,0.852
all_atom,dual,INWLKIAKKVKGML,,,1,HM,2,up,0.832
all_atom,dual,INWLKIAKKVKGML,,,1,HM,3,dn,0.85
all_atom,dual,INWLKIAKKVKGML,,,1,HM,3,up,0.829
all_atom,dual,INWLKIAKKVKGML,,,1,HM,4,dn,0.846
all_atom,dual,INWLKIAKKVKGML,,,1,HM,4,up,0.781
all_atom,dual,INWLKIAKKVKGML,,,1,HM,5,dn,0.854
all_atom,dual,INWLKIAKKVKGML,,,1,HM,5,up,0.773
all_atom,dual,INWLKIAKKVKGML,,,1,PEPT_BUR_MAX,1,dn,1.41
all_atom,dual,INWLKIAKKVKGML,,,1,PEPT_BUR_MAX,1,up,4.94
all_atom,dual,INWLKIAKKVKGML,,,1,PEPT_BUR_MAX,2,dn,7.47
all_atom,dual,INWLKIAKKVKGML,,,1,PEPT_BUR_MAX,2,up,6.47
all_atom,dual,INWLKIAKKVKGML,,,1,PEPT_BUR_MAX,3,dn,6.41
all_atom,dual,INWLKIAKKVKGML,,,1,PEPT_BUR_MAX,3,up,6.49
all_atom,dual,INWLKIAKKVKGML,,,1,PEPT_BUR_MAX,4,dn,7.21
all_atom,dual,INWLKIAKKVKGML,,,1,PEPT_BUR_MAX,4,up,4.03
all_atom,dual,INWLKIAKKVKGML,,,1,PEPT_BUR_MAX,5,dn,5.82
all_atom,dual,INWLKIAKKVKGML,,,1,PEPT_BUR_MAX,5,up,6.33
all_atom,dual,INWLKIAKKVKGML,,,1,S,1,dn,0.923
all_atom,dual,INWLKIAKKVKGML,,,1,S,1,up,0.879
all_atom,dual,INWLKIAKKVKGML,,,1,S,2,dn,0.922
all_atom,dual,INWLKIAKKVKGML,,,1,S,2,up,0.869
all_atom,dual,INWLKIAKKVKGML,,,1,S,3,dn,0.913
all_atom,dual,INWLKIAKKVKGML,,,1,S,3,up,0.889
all_atom,dual,INWLKIAKKVKGML,,,1,S,4,dn,0.833
all_atom,dual,INWLKIAKKVKGML,,,1,S,4,up,0.847
all_atom,dual,INWLKIAKKVKGML,,,1,S,5,dn,0.91
all_atom,dual,INWLKIAKKVKGML,,,1,S,5,up,0.833
all_atom,dual,INWLKIAKKVKGML,,,1,WAT_BUR_MAX,1,dn,5.25
all_atom,dual,INWLKIAKKVKGML,,,1,WAT_BUR_MAX,1,up,7.38
all_atom,dual,INWLKIAKKVKGML,,,1,WAT_BUR_MAX,2,dn,8.65
all_atom,dual,INWLKIAKKVKGML,,,1,WAT_BUR_MAX,2,up,7.87
all_atom,dual,INWLKIAKKVKGML,,,1,WAT_BUR_MAX,3,dn,9.29
all_atom,dual,INWLKIAKKVKGML,,,1,WAT_BUR_MAX,3,up,10.0
all_atom,dual,INWLKIAKKVKGML,,,1,WAT_BUR_MAX,4,dn,10.73
all_atom,dual,INWLKIAKKVKGML,,,1,WAT_BUR_MAX,4,up,6.86
all_atom,dual,INWLKIAKKVKGML,,,1,WAT_BUR_MAX,5,dn,9.76
all_atom,dual,INWLKIAKKVKGML,,,1,WAT_BUR_MAX,5,up,8.76
all_atom,dual,INWLKIAKKVKGML,,,1,WAT_BUR_REL,1,dn,4.05
all_atom,dual,INWLKIAKKVKGML,,,1,WAT_BUR_REL,1,up,3.92
all_atom,dual,INWLKIAKKVKGML,,,1,WAT_BUR_REL,2,dn,3.48
all_atom,dual,INWLKIAKKVKGML,,,1,WAT_BUR_REL,2,up,3.63
all_atom,dual,INWLKIAKKVKGML,,,1,WAT_BUR_REL,3,dn,4.71
all_atom,dual,INWLKIAKKVKGML,,,1,WAT_BUR_REL,3,up,3.98
all_atom,dual,INWLKIAKKVKGML,,,1,WAT_BUR_REL,4,dn,4.1
all_atom,dual,INWLKIAKKVKGML,,,1,WAT_BUR_REL,4,up,3.32
all_atom,dual,INWLKIAKKVKGML,,,1,WAT_BUR_REL,5,dn,3.88
all_atom,dual,INWLKIAKKVKGML,,,1,WAT_BUR_REL,5,up,3.22
all_atom,dual,INWLKIAKKVKGML,,,1,ZP-0.5,1,dn,0.149
all_atom,dual,INWLKIAKKVKGML,,,1,ZP-0.5,1,up,0.163
all_atom,dual,INWLKIAKKVKGML,,,1,ZP-0.5,2,dn,0.124
all_atom,dual,INWLKIAKKVKGML,,,1,ZP-0.5,2,up,0.162
all_atom,dual,INWLKIAKKVKGML,,,1,ZP-0.5,3,dn,0.141
all_atom,dual,INWLKIAKKVKGML,,,1,ZP-0.5,3,up,0.148
all_atom,dual,INWLKIAKKVKGML,,,1,ZP-0.5,4,dn,0.117
all_atom,dual,INWLKIAKKVKGML,,,1,ZP-0.5,4,up,0.16
all_atom,dual,INWLKIAKKVKGML,,,1,ZP-0.5,5,dn,0.133
all_atom,dual,INWLKIAKKVKGML,,,1,ZP-0.5,5,up,0.119
all_atom,dual,INWLKIAKKVKGML,,,1,ZP-1.5,1,dn,0.167
all_atom,dual,INWLKIAKKVKGML,,,1,ZP-1.5,1,up,0.145
all_atom,dual,INWLKIAKKVKGML,,,1,ZP-1.5,2,dn,0.133
all_atom,dual,INWLKIAKKVKGML,,,1,ZP-1.5,2,up,0.122
all_atom,dual,INWLKIAKKVKGML,,,1,ZP-1.5,3,dn,0.123
all_atom,dual,INWLKIAKKVKGML,,,1,ZP-1.5,3,up,0.14
all_atom,dual,INWLKIAKKVKGML,,,1,ZP-1.5,4,dn,0.09
all_atom,dual,INWLKIAKKVKGML,,,1,ZP-1.5,4,up,0.119
all_atom,dual,INWLKIAKKVKGML,,,1,ZP-1.5,5,dn,0.14
all_atom,dual,INWLKIAKKVKGML,,,1,ZP-1.5,5,up,0.116
all_atom,dual,INWLKIAKKVKGML,,,1,ZP-2.5,1,dn,0.138
all_atom,dual,INWLKIAKKVKGML,,,1,ZP-2.5,1,up,0.125
all_atom,dual,INWLKIAKKVKGML,,,1,ZP-2.5,2,dn,0.129
all_atom,dual,INWLKIAKKVKGML,,,1,ZP-2.5,2,up,0.089
all_atom,dual,INWLKIAKKVKGML,,,1,ZP-2.5,3,dn,0.109
all_atom,dual,INWLKIAKKVKGML,,,1,ZP-2.5,3,up,0.086
all_atom,dual,INWLKIAKKVKGML,,,1,ZP-2.5,4,dn,0.069
all_atom,dual,INWLKIAKKVKGML,,,1,ZP-2.5,4,up,0.088
all_atom,dual,INWLKIAKKVKGML,,,1,ZP-2.5,5,dn,0.13
all_atom,dual,INWLKIAKKVKGML,,,1,ZP-2.5,5,up,0.101
all_atom,dual,INWLKIAKKVKGML,,,1,ZP-3.5,1,dn,0.1
all_atom,dual,INWLKIAKKVKGML,,,1,ZP-3.5,1,up,0.106
all_atom,dual,INWLKIAKKVKGML,,,1,ZP-3.5,2,dn,0.06
all_atom,dual,INWLKIAKKVKGML,,,1,ZP-3.5,2,up,0.073
all_atom,dual,INWLKIAKKVKGML,,,1,ZP-3.5,3,dn,0.067
all_atom,dual,INWLKIAKKVKGML,,,1,ZP-3.5,3,up,0.084
all_atom,dual,INWLKIAKKVKGML,,,1,ZP-3.5,4,dn,0.043
all_atom,dual,INWLKIAKKVKGML,,,1,ZP-3.5,4,up,0.058
all_atom,dual,INWLKIAKKVKGML,,,1,ZP-3.5,5,dn,0.087
all_atom,dual,INWLKIAKKVKGML,,,1,ZP-3.5,5,up,0.095
all_atom,dual,INWLKIAKKVKGML,,,1,ZP-4.5,1,dn,0.083
all_atom,dual,INWLKIAKKVKGML,,,1,ZP-4.5,1,up,0.054
all_atom,dual,INWLKIAKKVKGML,,,1,ZP-4.5,2,dn,0.034
all_atom,dual,INWLKIAKKVKGML,,,1,ZP-4.5,2,up,0.053
all_atom,dual,INWLKIAKKVKGML,,,1,ZP-4.5,3,dn,0.037
all_atom,dual,INWLKIAKKVKGML,,,1,ZP-4.5,3,up,0.048
all_atom,dual,INWLKIAKKVKGML,,,1,ZP-4.5,4,dn,0.024
all_atom,dual,INWLKIAKKVKGML,,,1,ZP-4.5,4,up,0.043
all_atom,dual,INWLKIAKKVKGML,,,1,ZP-4.5,5,dn,0.055
all_atom,dual,INWLKIAKKVKGML,,,1,ZP-4.5,5,up,0.04
all_atom,dual,INWLKIAKKVKGML,,,1,ZP-5.5,1,dn,0.052
all_atom,dual,INWLKIAKKVKGML,,,1,ZP-5.5,1,up,0.041
all_atom,dual,INWLKIAKKVKGML,,,1,ZP-5.5,2,dn,0.023
all_atom,dual,INWLKIAKKVKGML,,,1,ZP-5.5,2,up,0.014
all_atom,dual,INWLKIAKKVKGML,,,1,ZP-5.5,3,dn,0.012
all_atom,dual,INWLKIAKKVKGML,,,1,ZP-5.5,3,up,0.023
all_atom,dual,INWLKIAKKVKGML,,,1,ZP-5.5,4,dn,0.012
all_atom,dual,INWLKIAKKVKGML,,,1,ZP-5.5,4,up,0.016
all_atom,dual,INWLKIAKKVKGML,,,1,ZP-5.5,5,dn,0.037
all_atom,dual,INWLKIAKKVKGML,,,1,ZP-5.5,5,up,0.039
all_atom,dual,INWLKIAKKVKGML,,,1,ZP-6.5,1,dn,0.019
all_atom,dual,INWLKIAKKVKGML,,,1,ZP-6.5,1,up,0.017
all_atom,dual,INWLKIAKKVKGML,,,1,ZP-6.5,2,dn,0.015
all_atom,dual,INWLKIAKKVKGML,,,1,ZP-6.5,2,up,0.01
all_atom,dual,INWLKIAKKVKGML,,,1,ZP-6.5,3,dn,0.0
all_atom,dual,INWLKIAKKVKGML,,,1,ZP-6.5,3,up,0.02
all_atom,dual,INWLKIAKKVKGML,,,1,ZP-6.5,4,dn,0.004
all_atom,dual,INWLKIAKKVKGML,,,1,ZP-6.5,4,up,0.021
all_atom,dual,INWLKIAKKVKGML,,,1,ZP-6.5,5,dn,0.024
all_atom,dual,INWLKIAKKVKGML,,,1,ZP-6.5,5,up,0.016
all_atom,dual,INWLKIAKKVKGML,,,1,ZP-7.5,1,dn,0.01
all_atom,dual,INWLKIAKKVKGML,,,1,ZP-7.5,1,up,0.011
all_atom,dual,INWLKIAKKVKGML,,,1,ZP-7.5,2,dn,0.003
all_atom,dual,INWLKIAKKVKGML,,,1,ZP-7.5,2,up,0.003
all_atom,dual,INWLKIAKKVKGML,,,1,ZP-7.5,3,dn,0.0
all_atom,dual,INWLKIAKKVKGML,,,1,ZP-7.5,3,up,0.003
all_atom,dual,INWLKIAKKVKGML,,,1,ZP-7.5,4,dn,0.001
all_atom,dual,INWLKIAKKVKGML,,,1,ZP-7.5,4,up,0.006
all_atom,dual,INWLKIAKKVKGML,,,1,ZP-7.5,5,dn,0.015
all_atom,dual,INWLKIAKKVKGML,,,1,ZP-7.5,5,up,0.009
all_atom,dual,INWLKIAKKVKGML,,,1,ZP-8.5,1,dn,0.005
all_atom,dual,INWLKIAKKVKGML,,,1,ZP-8.5,1,up,0.001
all_atom,dual,INWLKIAKKVKGML,,,1,ZP-8.5,2,dn,0.0
all_atom,dual,INWLKIAKKVKGML,,,1,ZP-8.5,2,up,0.0
all_atom,dual,INWLKIAKKVKGML,,,1,ZP-8.5,3,dn,0.0
all_atom,dual,INWLKIAKKVKGML,,,1,ZP-8.5,3,up,0.003
all_atom,dual,INWLKIAKKVKGML,,,1,ZP-8.5,4,dn,0.0
all_atom,dual,INWLKIAKKVKGML,,,1,ZP-8.5,4,up,0.001
all_atom,dual,INWLKIAKKVKGML,,,1,ZP-8.5,5,dn,0.009
all_atom,dual,INWLKIAKKVKGML,,,1,ZP-8.5,5,up,0.0
all_atom,dual,INWLKIAKKVKGML,,,1,ZP-9.5,1,dn,0.0
all_atom,dual,INWLKIAKKVKGML,,,1,ZP-9.5,1,up,0.0
all_atom,dual,INWLKIAKKVKGML,,,1,ZP-9.5,2,dn,0.0
all_atom,dual,INWLKIAKKVKGML,,,1,ZP-9.5,2,up,0.0
all_atom,dual,INWLKIAKKVKGML,,,1,ZP-9.5,3,dn,0.0
all_atom,dual,INWLKIAKKVKGML,,,1,ZP-9.5,3,up,0.001
all_atom,dual,INWLKIAKKVKGML,,,1,ZP-9.5,4,dn,0.0
all_atom,dual,INWLKIAKKVKGML,,,1,ZP-9.5,4,up,0.0
all_atom,dual,INWLKIAKKVKGML,,,1,ZP-9.5,5,dn,0.003
all_atom,dual,INWLKIAKKVKGML,,,1,ZP-9.5,5,up,0.004
all_atom,dual,INWLKIAKKVKGML,,,1,ZP0.5,1,dn,0.111
all_atom,dual,INWLKIAKKVKGML,,,1,ZP0.5,1,up,0.145
all_atom,dual,INWLKIAKKVKGML,,,1,ZP0.5,2,dn,0.149
all_atom,dual,INWLKIAKKVKGML,,,1,ZP0.5,2,up,0.139
all_atom,dual,INWLKIAKKVKGML,,,1,ZP0.5,3,dn,0.134
all_atom,dual,INWLKIAKKVKGML,,,1,ZP0.5,3,up,0.131
all_atom,dual,INWLKIAKKVKGML,,,1,ZP0.5,4,dn,0.136
all_atom,dual,INWLKIAKKVKGML,,,1,ZP0.5,4,up,0.148
all_atom,dual,INWLKIAKKVKGML,,,1,ZP0.5,5,dn,0.15
all_atom,dual,INWLKIAKKVKGML,,,1,ZP0.5,5,up,0.126
all_atom,dual,INWLKIAKKVKGML,,,1,ZP1.5,1,dn,0.091
all_atom,dual,INWLKIAKKVKGML,,,1,ZP1.5,1,up,0.079
all_atom,dual,INWLKIAKKVKGML,,,1,ZP1.5,2,dn,0.127
all_atom,dual,INWLKIAKKVKGML,,,1,ZP1.5,2,up,0.134
all_atom,dual,INWLKIAKKVKGML,,,1,ZP1.5,3,dn,0.135
all_atom,dual,INWLKIAKKVKGML,,,1,ZP1.5,3,up,0.131
all_atom,dual,INWLKIAKKVKGML,,,1,ZP1.5,4,dn,0.175
all_atom,dual,INWLKIAKKVKGML,,,1,ZP1.5,4,up,0.128
all_atom,dual,INWLKIAKKVKGML,,,1,ZP1.5,5,dn,0.108
all_atom,dual,INWLKIAKKVKGML,,,1,ZP1.5,5,up,0.116
all_atom,dual,INWLKIAKKVKGML,,,1,ZP2.5,1,dn,0.037
all_atom,dual,INWLKIAKKVKGML,,,1,ZP2.5,1,up,0.058
all_atom,dual,INWLKIAKKVKGML,,,1,ZP2.5,2,dn,0.089
all_atom,dual,INWLKIAKKVKGML,,,1,ZP2.5,2,up,0.096
all_atom,dual,INWLKIAKKVKGML,,,1,ZP2.5,3,dn,0.106
all_atom,dual,INWLKIAKKVKGML,,,1,ZP2.5,3,up,0.087
all_atom,dual,INWLKIAKKVKGML,,,1,ZP2.5,4,dn,0.138
all_atom,dual,INWLKIAKKVKGML,,,1,ZP2.5,4,up,0.079
all_atom,dual,INWLKIAKKVKGML,,,1,ZP2.5,5,dn,0.064
all_atom,dual,INWLKIAKKVKGML,,,1,ZP2.5,5,up,0.083
all_atom,dual,INWLKIAKKVKGML,,,1,ZP3.5,1,dn,0.024
all_atom,dual,INWLKIAKKVKGML,,,1,ZP3.5,1,up,0.027
all_atom,dual,INWLKIAKKVKGML,,,1,ZP3.5,2,dn,0.052
all_atom,dual,INWLKIAKKVKGML,,,1,ZP3.5,2,up,0.05
all_atom,dual,INWLKIAKKVKGML,,,1,ZP3.5,3,dn,0.064
all_atom,dual,INWLKIAKKVKGML,,,1,ZP3.5,3,up,0.048
all_atom,dual,INWLKIAKKVKGML,,,1,ZP3.5,4,dn,0.094
all_atom,dual,INWLKIAKKVKGML,,,1,ZP3.5,4,up,0.066
all_atom,dual,INWLKIAKKVKGML,,,1,ZP3.5,5,dn,0.035
all_atom,dual,INWLKIAKKVKGML,,,1,ZP3.5,5,up,0.061
all_atom,dual,INWLKIAKKVKGML,,,1,ZP4.5,1,dn,0.006
all_atom,dual,INWLKIAKKVKGML,,,1,ZP4.5,1,up,0.018
all_atom,dual,INWLKIAKKVKGML,,,1,ZP4.5,2,dn,0.037
all_atom,dual,INWLKIAKKVKGML,,,1,ZP4.5,2,up,0.036
all_atom,dual,INWLKIAKKVKGML,,,1,ZP4.5,3,dn,0.041
all_atom,dual,INWLKIAKKVKGML,,,1,ZP4.5,3,up,0.03
all_atom,dual,INWLKIAKKVKGML,,,1,ZP4.5,4,dn,0.046
all_atom,dual,INWLKIAKKVKGML,,,1,ZP4.5,4,up,0.036
all_atom,dual,INWLKIAKKVKGML,,,1,ZP4.5,5,dn,0.008
all_atom,dual,INWLKIAKKVKGML,,,1,ZP4.5,5,up,0.031
all_atom,dual,INWLKIAKKVKGML,,,1,ZP5.5,1,dn,0.007
all_atom,dual,INWLKIAKKVKGML,,,1,ZP5.5,1,up,0.009
all_atom,dual,INWLKIAKKVKGML,,,1,ZP5.5,2,dn,0.017
all_atom,dual,INWLKIAKKVKGML,,,1,ZP5.5,2,up,0.009
all_atom,dual,INWLKIAKKVKGML,,,1,ZP5.5,3,dn,0.018
all_atom,dual,INWLKIAKKVKGML,,,1,ZP5.5,3,up,0.012
all_atom,dual,INWLKIAKKVKGML,,,1,ZP5.5,4,dn,0.031
all_atom,dual,INWLKIAKKVKGML,,,1,ZP5.5,4,up,0.019
all_atom,dual,INWLKIAKKVKGML,,,1,ZP5.5,5,dn,0.001
all_atom,dual,INWLKIAKKVKGML,,,1,ZP5.5,5,up,0.016
all_atom,dual,INWLKIAKKVKGML,,,1,ZP6.5,1,dn,0.0
all_atom,dual,INWLKIAKKVKGML,,,1,ZP6.5,1,up,0.0
all_atom,dual,INWLKIAKKVKGML,,,1,ZP6.5,2,dn,0.009
all_atom,dual,INWLKIAKKVKGML,,,1,ZP6.5,2,up,0.009
all_atom,dual,INWLKIAKKVKGML,,,1,ZP6.5,3,dn,0.011
all_atom,dual,INWLKIAKKVKGML,,,1,ZP6.5,3,up,0.005
all_atom,dual,INWLKIAKKVKGML,,,1,ZP6.5,4,dn,0.01
all_atom,dual,INWLKIAKKVKGML,,,1,ZP6.5,4,up,0.003
all_atom,dual,INWLKIAKKVKGML,,,1,ZP6.5,5,dn,0.001
all_atom,dual,INWLKIAKKVKGML,,,1,ZP6.5,5,up,0.013
all_atom,dual,INWLKIAKKVKGML,,,1,ZP7.5,1,dn,0.0
all_atom,dual,INWLKIAKKVKGML,,,1,ZP7.5,1,up,0.0
all_atom,dual,INWLKIAKKVKGML,,,1,ZP7.5,2,dn,0.0
all_atom,dual,INWLKIAKKVKGML,,,1,ZP7.5,2,up,0.003
all_atom,dual,INWLKIAKKVKGML,,,1,ZP7.5,3,dn,0.003
all_atom,dual,INWLKIAKKVKGML,,,1,ZP7.5,3,up,0.0
all_atom,dual,INWLKIAKKVKGML,,,1,ZP7.5,4,dn,0.007
all_atom,dual,INWLKIAKKVKGML,,,1,ZP7.5,4,up,0.003
all_atom,dual,INWLKIAKKVKGML,,,1,ZP7.5,5,dn,0.0
all_atom,dual,INWLKIAKKVKGML,,,1,ZP7.5,5,up,0.006
all_atom,dual,INWLKIAKKVKGML,,,1,ZP8.5,1,dn,0.0
all_atom,dual,INWLKIAKKVKGML,,,1,ZP8.5,1,up,0.0
all_atom,dual,INWLKIAKKVKGML,,,1,ZP8.5,2,dn,0.0
all_atom,dual,INWLKIAKKVKGML,,,1,ZP8.5,2,up,0.0
all_atom,dual,INWLKIAKKVKGML,,,1,ZP8.5,3,dn,0.0
all_atom,dual,INWLKIAKKVKGML,,,1,ZP8.5,3,up,0.0
all_atom,dual,INWLKIAKKVKGML,,,1,ZP8.5,4,dn,0.001
all_atom,dual,INWLKIAKKVKGML,,,1,ZP8.5,4,up,0.004
all_atom,dual,INWLKIAKKVKGML,,,1,ZP8.5,5,dn,0.0
all_atom,dual,INWLKIAKKVKGML,,,1,ZP8.5,5,up,0.003
all_atom,dual,INWLKIAKKVKGML,,,1,ZP9.5,1,dn,0.0
all_atom,dual,INWLKIAKKVKGML,,,1,ZP9.5,1,up,0.0
all_atom,dual,INWLKIAKKVKGML,,,1,ZP9.5,2,dn,0.0
all_atom,dual,INWLKIAKKVKGML,,,1,ZP9.5,2,up,0.0
all_atom,dual,INWLKIAKKVKGML,,,1,ZP9.5,3,dn,0.0
all_atom,dual,INWLKIAKKVKGML,,,1,ZP9.5,3,up,0.0
all_atom,dual,INWLKIAKKVKGML,,,1,ZP9.5,4,dn,0.0
all_atom,dual,INWLKIAKKVKGML,,,1,ZP9.5,4,up,0.0
all_atom,dual,INWLKIAKKVKGML,,,1,ZP9.5,5,dn,0.0
all_atom,dual,INWLKIAKKVKGML,,,1,ZP9.5,5,up,0.004
all_atom,dual,KALKAALKIGAN,,,0,APLA12.5,1,dn,59.792
all_atom,dual,KALKAALKIGAN,,,0,APLA12.5,1,up,58.693
all_atom,dual,KALKAALKIGAN,,,0,APLA12.5,2,dn,58.864
all_atom,dual,KALKAALKIGAN,,,0,APLA12.5,2,up,58.267
all_atom,dual,KALKAALKIGAN,,,0,APLA12.5,3,dn,60.731
all_atom,dual,KALKAALKIGAN,,,0,APLA12.5,3,up,59.433
all_atom,dual,KALKAALKIGAN,,,0,APLA12.5,4,dn,59.596
all_atom,dual,KALKAALKIGAN,,,0,APLA12.5,4,up,60.234
all_atom,dual,KALKAALKIGAN,,,0,APLA12.5,5,dn,59.116
all_atom,dual,KALKAALKIGAN,,,0,APLA12.5,5,up,59.451
all_atom,dual,KALKAALKIGAN,,,0,APLA17.5,1,dn,58.86
all_atom,dual,KALKAALKIGAN,,,0,APLA17.5,1,up,60.105
all_atom,dual,KALKAALKIGAN,,,0,APLA17.5,2,dn,58.766
all_atom,dual,KALKAALKIGAN,,,0,APLA17.5,2,up,59.155
all_atom,dual,KALKAALKIGAN,,,0,APLA17.5,3,dn,58.683
all_atom,dual,KALKAALKIGAN,,,0,APLA17.5,3,up,59.766
all_atom,dual,KALKAALKIGAN,,,0,APLA17.5,4,dn,59.804
all_atom,dual,KALKAALKIGAN,,,0,APLA17.5,4,up,58.629
all_atom,dual,KALKAALKIGAN,,,0,APLA17.5,5,dn,58.922
all_atom,dual,KALKAALKIGAN,,,0,APLA17.5,5,up,58.684
all_atom,dual,KALKAALKIGAN,,,0,APLA2.5,1,dn,75.363
all_atom,dual,KALKAALKIGAN,,,0,APLA2.5,1,up,72.393
all_atom,dual,KALKAALKIGAN,,,0,APLA2.5,2,dn,80.054
all_atom,dual,KALKAALKIGAN,,,0,APLA2.5,2,up,75.461
all_atom,dual,KALKAALKIGAN,,,0,APLA2.5,3,dn,76.841
all_atom,dual,KALKAALKIGAN,,,0,APLA2.5,3,up,71.359
all_atom,dual,KALKAALKIGAN,,,0,APLA2.5,4,dn,73.636
all_atom,dual,KALKAALKIGAN,,,0,APLA2.5,4,up,70.448
all_atom,dual,KALKAALKIGAN,,,0,APLA2.5,5,dn,76.475
all_atom,dual,KALKAALKIGAN,,,0,APLA2.5,5,up,78.386
all_atom,dual,KALKAALKIGAN,,,0,APLA7.5,1,dn,62.808
all_atom,dual,KALKAALKIGAN,,,0,APLA7.5,1,up,61.287
all_atom,dual,KALKAALKIGAN,,,0,APLA7.5,2,dn,64.221
all_atom,dual,KALKAALKIGAN,,,0,APLA7.5,2,up,60.191
all_atom,dual,KALKAALKIGAN,,,0,APLA7.5,3,dn,64.246
all_atom,dual,KALKAALKIGAN,,,0,APLA7.5,3,up,58.181
all_atom,dual,KALKAALKIGAN,,,0,APLA7.5,4,dn,63.862
all_atom,dual,KALKAALKIGAN,,,0,APLA7.5,4,up,58.975
all_atom,dual,KALKAALKIGAN,,,0,APLA7.5,5,dn,66.1
all_atom,dual,KALKAALKIGAN,,,0,APLA7.5,5,up,60.62
all_atom,dual,KALKAALKIGAN,,,0,APLS12.5,1,dn,4.608
all_atom,dual,KALKAALKIGAN,,,0,APLS12.5,1,up,4.01
all_atom,dual,KALKAALKIGAN,,,0,APLS12.5,2,dn,3.59
all_atom,dual,KALKAALKIGAN,,,0,APLS12.5,2,up,3.968
all_atom,dual,KALKAALKIGAN,,,0,APLS12.5,3,dn,5.161
all_atom,dual,KALKAALKIGAN,,,0,APLS12.5,3,up,4.39
all_atom,dual,KALKAALKIGAN,,,0,APLS12.5,4,dn,5.022
all_atom,dual,KALKAALKIGAN,,,0,APLS12.5,4,up,4.448
all_atom,dual,KALKAALKIGAN,,,0,APLS12.5,5,dn,4.616
all_atom,dual,KALKAALKIGAN,,,0,APLS12.5,5,up,4.366
all_atom,dual,KALKAALKIGAN,,,0,APLS17.5,1,dn,3.635
all_atom,dual,KALKAALKIGAN,,,0,APLS17.5,1,up,3.937
all_atom,dual,KALKAALKIGAN,,,0,APLS17.5,2,dn,4.002
all_atom,dual,KALKAALKIGAN,,,0,APLS17.5,2,up,4.218
all_atom,dual,KALKAALKIGAN,,,0,APLS17.5,3,dn,3.548
all_atom,dual,KALKAALKIGAN,,,0,APLS17.5,3,up,4.342
all_atom,dual,KALKAALKIGAN,,,0,APLS17.5,4,dn,4.088
all_atom,dual,KALKAALKIGAN,,,0,APLS17.5,4,up,3.756
all_atom,dual,KALKAALKIGAN,,,0,APLS17.5,5,dn,3.72
all_atom,dual,KALKAALKIGAN,,,0,APLS17.5,5,up,3.351
all_atom,dual,KALKAALKIGAN,,,0,APLS2.5,1,dn,9.332
all_atom,dual,KALKAALKIGAN,,,0,APLS2.5,1,up,7.388
all_atom,dual,KALKAALKIGAN,,,0,APLS2.5,2,dn,9.494
all_atom,dual,KALKAALKIGAN,,,0,APLS2.5,2,up,7.744
all_atom,dual,KALKAALKIGAN,,,0,APLS2.5,3,dn,8.089
all_atom,dual,KALKAALKIGAN,,,0,APLS2.5,3,up,8.944
all_atom,dual,KALKAALKIGAN,,,0,APLS2.5,4,dn,11.524
all_atom,dual,KALKAALKIGAN,,,0,APLS2.5,4,up,6.688
all_atom,dual,KALKAALKIGAN,,,0,APLS2.5,5,dn,8.1
all_atom,dual,KALKAALKIGAN,,,0,APLS2.5,5,up,8.571
all_atom,dual,KALKAALKIGAN,,,0,APLS7.5,1,dn,6.743
all_atom,dual,KALKAALKIGAN,,,0,APLS7.5,1,up,5.814
all_atom,dual,KALKAALKIGAN,,,0,APLS7.5,2,dn,7.189
all_atom,dual,KALKAALKIGAN,,,0,APLS7.5,2,up,5.136
all_atom,dual,KALKAALKIGAN,,,0,APLS7.5,3,dn,7.232
all_atom,dual,KALKAALKIGAN,,,0,APLS7.5,3,up,5.632
all_atom,dual,KALKAALKIGAN,,,0,APLS7.5,4,dn,7.21
all_atom,dual,KALKAALKIGAN,,,0,APLS7.5,4,up,5.33
all_atom,dual,KALKAALKIGAN,,,0,APLS7.5,5,dn,7.193
all_atom,dual,KALKAALKIGAN,,,0,APLS7.5,5,up,6.09
all_atom,dual,KALKAALKIGAN,,,0,H0,1,dn,0.0
all_atom,dual,KALKAALKIGAN,,,0,H0,1,up,0.0
all_atom,dual,KALKAALKIGAN,,,0,H0,2,dn,0.0
all_atom,dual,KALKAALKIGAN,,,0,H0,2,up,0.0
all_atom,dual,KALKAALKIGAN,,,0,H0,3,dn,0.0
all_atom,dual,KALKAALKIGAN,,,0,H0,3,up,0.0
all_atom,dual,KALKAALKIGAN,,,0,H0,4,dn,0.0
all_atom,dual,KALKAALKIGAN,,,0,H0,4,up,0.0
all_atom,dual,KALKAALKIGAN,,,0,H0,5,dn,0.0
all_atom,dual,KALKAALKIGAN,,,0,H0,5,up,0.0
all_atom,dual,KALKAALKIGAN,,,0,H1,1,dn,0.812
all_atom,dual,KALKAALKIGAN,,,0,H1,1,up,0.98
all_atom,dual,KALKAALKIGAN,,,0,H1,2,dn,0.99
all_atom,dual,KALKAALKIGAN,,,0,H1,2,up,0.635
all_atom,dual,KALKAALKIGAN,,,0,H1,3,dn,1.0
all_atom,dual,KALKAALKIGAN,,,0,H1,3,up,0.072
all_atom,dual,KALKAALKIGAN,,,0,H1,4,dn,0.991
all_atom,dual,KALKAALKIGAN,,,0,H1,4,up,0.051
all_atom,dual,KALKAALKIGAN,,,0,H1,5,dn,1.0
all_atom,dual,KALKAALKIGAN,,,0,H1,5,up,0.09
all_atom,dual,KALKAALKIGAN,,,0,H10,1,dn,0.0
all_atom,dual,KALKAALKIGAN,,,0,H10,1,up,0.0
all_atom,dual,KALKAALKIGAN,,,0,H10,2,dn,0.0
all_atom,dual,KALKAALKIGAN,,,0,H10,2,up,0.0
all_atom,dual,KALKAALKIGAN,,,0,H10,3,dn,0.0
all_atom,dual,KALKAALKIGAN,,,0,H10,3,up,0.0
all_atom,dual,KALKAALKIGAN,,,0,H10,4,dn,0.0
all_atom,dual,KALKAALKIGAN,,,0,H10,4,up,0.0
all_atom,dual,KALKAALKIGAN,,,0,H10,5,dn,0.0
all_atom,dual,KALKAALKIGAN,,,0,H10,5,up,0.0
all_atom,dual,KALKAALKIGAN,,,0,H2,1,dn,0.992
all_atom,dual,KALKAALKIGAN,,,0,H2,1,up,0.98
all_atom,dual,KALKAALKIGAN,,,0,H2,2,dn,0.992
all_atom,dual,KALKAALKIGAN,,,0,H2,2,up,0.659
all_atom,dual,KALKAALKIGAN,,,0,H2,3,dn,1.0
all_atom,dual,KALKAALKIGAN,,,0,H2,3,up,0.653
all_atom,dual,KALKAALKIGAN,,,0,H2,4,dn,1.0
all_atom,dual,KALKAALKIGAN,,,0,H2,4,up,0.531
all_atom,dual,KALKAALKIGAN,,,0,H2,5,dn,1.0
all_atom,dual,KALKAALKIGAN,,,0,H2,5,up,0.903
all_atom,dual,KALKAALKIGAN,,,0,H3,1,dn,1.0
all_atom,dual,KALKAALKIGAN,,,0,H3,1,up,0.983
all_atom,dual,KALKAALKIGAN,,,0,H3,2,dn,1.0
all_atom,dual,KALKAALKIGAN,,,0,H3,2,up,0.732
all_atom,dual,KALKAALKIGAN,,,0,H3,3,dn,1.0
all_atom,dual,KALKAALKIGAN,,,0,H3,3,up,0.739
all_atom,dual,KALKAALKIGAN,,,0,H3,4,dn,1.0
all_atom,dual,KALKAALKIGAN,,,0,H3,4,up,0.6
all_atom,dual,KALKAALKIGAN,,,0,H3,5,dn,1.0
all_atom,dual,KALKAALKIGAN,,,0,H3,5,up,0.917
all_atom,dual,KALKAALKIGAN,,,0,H4,1,dn,1.0
all_atom,dual,KALKAALKIGAN,,,0,H4,1,up,0.994
all_atom,dual,KALKAALKIGAN,,,0,H4,2,dn,1.0
all_atom,dual,KALKAALKIGAN,,,0,H4,2,up,0.725
all_atom,dual,KALKAALKIGAN,,,0,H4,3,dn,1.0
all_atom,dual,KALKAALKIGAN,,,0,H4,3,up,0.741
all_atom,dual,KALKAALKIGAN,,,0,H4,4,dn,1.0
all_atom,dual,KALKAALKIGAN,,,0,H4,4,up,0.614
all_atom,dual,KALKAALKIGAN,,,0,H4,5,dn,1.0
all_atom,dual,KALKAALKIGAN,,,0,H4,5,up,0.923
all_atom,dual,KALKAALKIGAN,,,0,H5,1,dn,1.0
all_atom,dual,KALKAALKIGAN,,,0,H5,1,up,0.995
all_atom,dual,KALKAALKIGAN,,,0,H5,2,dn,1.0
all_atom,dual,KALKAALKIGAN,,,0,H5,2,up,0.579
all_atom,dual,KALKAALKIGAN,,,0,H5,3,dn,1.0
all_atom,dual,KALKAALKIGAN,,,0,H5,3,up,0.52
all_atom,dual,KALKAALKIGAN,,,0,H5,4,dn,1.0
all_atom,dual,KALKAALKIGAN,,,0,H5,4,up,0.52
all_atom,dual,KALKAALKIGAN,,,0,H5,5,dn,1.0
all_atom,dual,KALKAALKIGAN,,,0,H5,5,up,0.698
all_atom,dual,KALKAALKIGAN,,,0,H6,1,dn,1.0
all_atom,dual,KALKAALKIGAN,,,0,H6,1,up,0.996
all_atom,dual,KALKAALKIGAN,,,0,H6,2,dn,1.0
all_atom,dual,KALKAALKIGAN,,,0,H6,2,up,0.374
all_atom,dual,KALKAALKIGAN,,,0,H6,3,dn,1.0
all_atom,dual,KALKAALKIGAN,,,0,H6,3,up,0.127
all_atom,dual,KALKAALKIGAN,,,0,H6,4,dn,1.0
all_atom,dual,KALKAALKIGAN,,,0,H6,4,up,0.17
all_atom,dual,KALKAALKIGAN,,,0,H6,5,dn,1.0
all_atom,dual,KALKAALKIGAN,,,0,H6,5,up,0.194
all_atom,dual,KALKAALKIGAN,,,0,H7,1,dn,0.958
all_atom,dual,KALKAALKIGAN,,,0,H7,1,up,1.0
all_atom,dual,KALKAALKIGAN,,,0,H7,2,dn,1.0
all_atom,dual,KALKAALKIGAN,,,0,H7,2,up,0.245
all_atom,dual,KALKAALKIGAN,,,0,H7,3,dn,0.972
all_atom,dual,KALKAALKIGAN,,,0,H7,3,up,0.0
all_atom,dual,KALKAALKIGAN,,,0,H7,4,dn,1.0
all_atom,dual,KALKAALKIGAN,,,0,H7,4,up,0.0
all_atom,dual,KALKAALKIGAN,,,0,H7,5,dn,1.0
all_atom,dual,KALKAALKIGAN,,,0,H7,5,up,0.0
all_atom,dual,KALKAALKIGAN,,,0,H8,1,dn,0.925
all_atom,dual,KALKAALKIGAN,,,0,H8,1,up,0.976
all_atom,dual,KALKAALKIGAN,,,0,H8,2,dn,1.0
all_atom,dual,KALKAALKIGAN,,,0,H8,2,up,0.162
all_atom,dual,KALKAALKIGAN,,,0,H8,3,dn,0.929
all_atom,dual,KALKAALKIGAN,,,0,H8,3,up,0.0
all_atom,dual,KALKAALKIGAN,,,0,H8,4,dn,0.992
all_atom,dual,KALKAALKIGAN,,,0,H8,4,up,0.0
all_atom,dual,KALKAALKIGAN,,,0,H8,5,dn,1.0
all_atom,dual,KALKAALKIGAN,,,0,H8,5,up,0.0
all_atom,dual,KALKAALKIGAN,,,0,H9,1,dn,0.404
all_atom,dual,KALKAALKIGAN,,,0,H9,1,up,0.846
all_atom,dual,KALKAALKIGAN,,,0,H9,2,dn,0.911
all_atom,dual,KALKAALKIGAN,,,0,H9,2,up,0.122
all_atom,dual,KALKAALKIGAN,,,0,H9,3,dn,0.68
all_atom,dual,KALKAALKIGAN,,,0,H9,3,up,0.0
all_atom,dual,KALKAALKIGAN,,,0,H9,4,dn,0.892
all_atom,dual,KALKAALKIGAN,,,0,H9,4,up,0.0
all_atom,dual,KALKAALKIGAN,,,0,H9,5,dn,0.84
all_atom,dual,KALKAALKIGAN,,,0,H9,5,up,0.0
all_atom,dual,KALKAALKIGAN,,,0,HM,1,dn,0.749
all_atom,dual,KALKAALKIGAN,,,0,HM,1,up,0.81
all_atom,dual,KALKAALKIGAN,,,0,HM,2,dn,0.823
all_atom,dual,KALKAALKIGAN,,,0,HM,2,up,0.392
all_atom,dual,KALKAALKIGAN,,,0,HM,3,dn,0.795
all_atom,dual,KALKAALKIGAN,,,0,HM,3,up,0.264
all_atom,dual,KALKAALKIGAN,,,0,HM,4,dn,0.822
all_atom,dual,KALKAALKIGAN,,,0,HM,4,up,0.23
all_atom,dual,KALKAALKIGAN,,,0,HM,5,dn,0.818
all_atom,dual,KALKAALKIGAN,,,0,HM,5,up,0.345
all_atom,dual,KALKAALKIGAN,,,0,PEPT_BUR_MAX,1,dn,6.87
all_atom,dual,KALKAALKIGAN,,,0,PEPT_BUR_MAX,1,up,7.57
all_atom,dual,KALKAALKIGAN,,,0,PEPT_BUR_MAX,2,dn,8.0
all_atom,dual,KALKAALKIGAN,,,0,PEPT_BUR_MAX,2,up,7.23
all_atom,dual,KALKAALKIGAN,,,0,PEPT_BUR_MAX,3,dn,7.44
all_atom,dual,KALKAALKIGAN,,,0,PEPT_BUR_MAX,3,up,9.06
all_atom,dual,KALKAALKIGAN,,,0,PEPT_BUR_MAX,4,dn,5.57
all_atom,dual,KALKAALKIGAN,,,0,PEPT_BUR_MAX,4,up,7.33
all_atom,dual,KALKAALKIGAN,,,0,PEPT_BUR_MAX,5,dn,7.09
all_atom,dual,KALKAALKIGAN,,,0,PEPT_BUR_MAX,5,up,7.55
all_atom,dual,KALKAALKIGAN,,,0,S,1,dn,0.893
all_atom,dual,KALKAALKIGAN,,,0,S,1,up,0.927
all_atom,dual,KALKAALKIGAN,,,0,S,2,dn,0.866
all_atom,dual,KALKAALKIGAN,,,0,S,2,up,0.829
all_atom,dual,KALKAALKIGAN,,,0,S,3,dn,0.939
all_atom,dual,KALKAALKIGAN,,,0,S,3,up,0.742
all_atom,dual,KALKAALKIGAN,,,0,S,4,dn,0.919
all_atom,dual,KALKAALKIGAN,,,0,S,4,up,0.835
all_atom,dual,KALKAALKIGAN,,,0,S,5,dn,0.829
all_atom,dual,KALKAALKIGAN,,,0,S,5,up,0.766
all_atom,dual,KALKAALKIGAN,,,0,WAT_BUR_MAX,1,dn,8.44
all_atom,dual,KALKAALKIGAN,,,0,WAT_BUR_MAX,1,up,8.52
all_atom,dual,KALKAALKIGAN,,,0,WAT_BUR_MAX,2,dn,9.85
all_atom,dual,KALKAALKIGAN,,,0,WAT_BUR_MAX,2,up,7.86
all_atom,dual,KALKAALKIGAN,,,0,WAT_BUR_MAX,3,dn,8.52
all_atom,dual,KALKAALKIGAN,,,0,WAT_BUR_MAX,3,up,8.52
all_atom,dual,KALKAALKIGAN,,,0,WAT_BUR_MAX,4,dn,9.01
all_atom,dual,KALKAALKIGAN,,,0,WAT_BUR_MAX,4,up,10.44
all_atom,dual,KALKAALKIGAN,,,0,WAT_BUR_MAX,5,dn,10.08
all_atom,dual,KALKAALKIGAN,,,0,WAT_BUR_MAX,5,up,10.49
all_atom,dual,KALKAALKIGAN,,,0,WAT_BUR_REL,1,dn,2.01
all_atom,dual,KALKAALKIGAN,,,0,WAT_BUR_REL,1,up,1.78
all_atom,dual,KALKAALKIGAN,,,0,WAT_BUR_REL,2,dn,2.16
all_atom,dual,KALKAALKIGAN,,,0,WAT_BUR_REL,2,up,2.43
all_atom,dual,KALKAALKIGAN,,,0,WAT_BUR_REL,3,dn,2.32
all_atom,dual,KALKAALKIGAN,,,0,WAT_BUR_REL,3,up,2.86
all_atom,dual,KALKAALKIGAN,,,0,WAT_BUR_REL,4,dn,3.19
all_atom,dual,KALKAALKIGAN,,,0,WAT_BUR_REL,4,up,3.09
all_atom,dual,KALKAALKIGAN,,,0,WAT_BUR_REL,5,dn,2.68
all_atom,dual,KALKAALKIGAN,,,0,WAT_BUR_REL,5,up,3.36
all_atom,dual,KALKAALKIGAN,,,0,ZP-0.5,1,dn,0.157
all_atom,dual,KALKAALKIGAN,,,0,ZP-0.5,1,up,0.148
all_atom,dual,KALKAALKIGAN,,,0,ZP-0.5,2,dn,0.186
all_atom,dual,KALKAALKIGAN,,,0,ZP-0.5,2,up,0.162
all_atom,dual,KALKAALKIGAN,,,0,ZP-0.5,3,dn,0.159
all_atom,dual,KALKAALKIGAN,,,0,ZP-0.5,3,up,0.158
all_atom,dual,KALKAALKIGAN,,,0,ZP-0.5,4,dn,0.145
all_atom,dual,KALKAALKIGAN,,,0,ZP-0.5,4,up,0.155
all_atom,dual,KALKAALKIGAN,,,0,ZP-0.5,5,dn,0.143
all_atom,dual,KALKAALKIGAN,,,0,ZP-0.5,5,up,0.185
all_atom,dual,KALKAALKIGAN,,,0,ZP-1.5,1,dn,0.115
all_atom,dual,KALKAALKIGAN,,,0,ZP-1.5,1,up,0.139
all_atom,dual,KALKAALKIGAN,,,0,ZP-1.5,2,dn,0.099
all_atom,dual,KALKAALKIGAN,,,0,ZP-1.5,2,up,0.135
all_atom,dual,KALKAALKIGAN,,,0,ZP-1.5,3,dn,0.122
all_atom,dual,KALKAALKIGAN,,,0,ZP-1.5,3,up,0.158
all_atom,dual,KALKAALKIGAN,,,0,ZP-1.5,4,dn,0.134
all_atom,dual,KALKAALKIGAN,,,0,ZP-1.5,4,up,0.155
all_atom,dual,KALKAALKIGAN,,,0,ZP-1.5,5,dn,0.113
all_atom,dual,KALKAALKIGAN,,,0,ZP-1.5,5,up,0.11
all_atom,dual,KALKAALKIGAN,,,0,ZP-2.5,1,dn,0.099
all_atom,dual,KALKAALKIGAN,,,0,ZP-2.5,1,up,0.119
all_atom,dual,KALKAALKIGAN,,,0,ZP-2.5,2,dn,0.086
all_atom,dual,KALKAALKIGAN,,,0,ZP-2.5,2,up,0.105
all_atom,dual,KALKAALKIGAN,,,0,ZP-2.5,3,dn,0.078
all_atom,dual,KALKAALKIGAN,,,0,ZP-2.5,3,up,0.117
all_atom,dual,KALKAALKIGAN,,,0,ZP-2.5,4,dn,0.107
all_atom,dual,KALKAALKIGAN,,,0,ZP-2.5,4,up,0.145
all_atom,dual,KALKAALKIGAN,,,0,ZP-2.5,5,dn,0.086
all_atom,dual,KALKAALKIGAN,,,0,ZP-2.5,5,up,0.122
all_atom,dual,KALKAALKIGAN,,,0,ZP-3.5,1,dn,0.074
all_atom,dual,KALKAALKIGAN,,,0,ZP-3.5,1,up,0.096
all_atom,dual,KALKAALKIGAN,,,0,ZP-3.5,2,dn,0.063
all_atom,dual,KALKAALKIGAN,,,0,ZP-3.5,2,up,0.069
all_atom,dual,KALKAALKIGAN,,,0,ZP-3.5,3,dn,0.065
all_atom,dual,KALKAALKIGAN,,,0,ZP-3.5,3,up,0.083
all_atom,dual,KALKAALKIGAN,,,0,ZP-3.5,4,dn,0.062
all_atom,dual,KALKAALKIGAN,,,0,ZP-3.5,4,up,0.089
all_atom,dual,KALKAALKIGAN,,,0,ZP-3.5,5,dn,0.045
all_atom,dual,KALKAALKIGAN,,,0,ZP-3.5,5,up,0.072
all_atom,dual,KALKAALKIGAN,,,0,ZP-4.5,1,dn,0.057
all_atom,dual,KALKAALKIGAN,,,0,ZP-4.5,1,up,0.08
all_atom,dual,KALKAALKIGAN,,,0,ZP-4.5,2,dn,0.045
all_atom,dual,KALKAALKIGAN,,,0,ZP-4.5,2,up,0.049
all_atom,dual,KALKAALKIGAN,,,0,ZP-4.5,3,dn,0.025
all_atom,dual,KALKAALKIGAN,,,0,ZP-4.5,3,up,0.036
all_atom,dual,KALKAALKIGAN,,,0,ZP-4.5,4,dn,0.054
all_atom,dual,KALKAALKIGAN,,,0,ZP-4.5,4,up,0.067
all_atom,dual,KALKAALKIGAN,,,0,ZP-4.5,5,dn,0.027
all_atom,dual,KALKAALKIGAN,,,0,ZP-4.5,5,up,0.037
all_atom,dual,KALKAALKIGAN,,,0,ZP-5.5,1,dn,0.036
all_atom,dual,KALKAALKIGAN,,,0,ZP-5.5,1,up,0.045
all_atom,dual,KALKAALKIGAN,,,0,ZP-5.5,2,dn,0.036
all_atom,dual,KALKAALKIGAN,,,0,ZP-5.5,2,up,0.017
all_atom,dual,KALKAALKIGAN,,,0,ZP-5.5,3,dn,0.016
all_atom,dual,KALKAALKIGAN,,,0,ZP-5.5,3,up,0.022
all_atom,dual,KALKAALKIGAN,,,0,ZP-5.5,4,dn,0.031
all_atom,dual,KALKAALKIGAN,,,0,ZP-5.5,4,up,0.045
all_atom,dual,KALKAALKIGAN,,,0,ZP-5.5,5,dn,0.01
all_atom,dual,KALKAALKIGAN,,,0,ZP-5.5,5,up,0.019
all_atom,dual,KALKAALKIGAN,,,0,ZP-6.5,1,dn,0.026
all_atom,dual,KALKAALKIGAN,,,0,ZP-6.5,1,up,0.027
all_atom,dual,KALKAALKIGAN,,,0,ZP-6.5,2,dn,0.01
all_atom,dual,KALKAALKIGAN,,,0,ZP-6.5,2,up,0.013
all_atom,dual,KALKAALKIGAN,,,0,ZP-6.5,3,dn,0.019
all_atom,dual,KALKAALKIGAN,,,0,ZP-6.5,3,up,0.004
all_atom,dual,KALKAALKIGAN,,,0,ZP-6.5,4,dn,0.015
all_atom,dual,KALKAALKIGAN,,,0,ZP-6.5,4,up,0.008
all_atom,dual,KALKAALKIGAN,,,0,ZP-6.5,5,dn,0.013
all_atom,dual,KALKAALKIGAN,,,0,ZP-6.5,5,up,0.003
all_atom,dual,KALKAALKIGAN,,,0,ZP-7.5,1,dn,0.007
all_atom,dual,KALKAALKIGAN,,,0,ZP-7.5,1,up,0.011
all_atom,dual,KALKAALKIGAN,,,0,ZP-7.5,2,dn,0.008
all_atom,dual,KALKAALKIGAN,,,0,ZP-7.5,2,up,0.0
all_atom,dual,KALKAALKIGAN,,,0,ZP-7.5,3,dn,0.003
all_atom,dual,KALKAALKIGAN,,,0,ZP-7.5,3,up,0.007
all_atom,dual,KALKAALKIGAN,,,0,ZP-7.5,4,dn,0.0
all_atom,dual,KALKAALKIGAN,,,0,ZP-7.5,4,up,0.001
all_atom,dual,KALKAALKIGAN,,,0,ZP-7.5,5,dn,0.002
all_atom,dual,KALKAALKIGAN,,,0,ZP-7.5,5,up,0.001
all_atom,dual,KALKAALKIGAN,,,0,ZP-8.5,1,dn,0.003
all_atom,dual,KALKAALKIGAN,,,0,ZP-8.5,1,up,0.004
all_atom,dual,KALKAALKIGAN,,,0,ZP-8.5,2,dn,0.005
all_atom,dual,KALKAALKIGAN,,,0,ZP-8.5,2,up,0.001
all_atom,dual,KALKAALKIGAN,,,0,ZP-8.5,3,dn,0.0
all_atom,dual,KALKAALKIGAN,,,0,ZP-8.5,3,up,0.003
all_atom,dual,KALKAALKIGAN,,,0,ZP-8.5,4,dn,0.003
all_atom,dual,KALKAALKIGAN,,,0,ZP-8.5,4,up,0.001
all_atom,dual,KALKAALKIGAN,,,0,ZP-8.5,5,dn,0.0
all_atom,dual,KALKAALKIGAN,,,0,ZP-8.5,5,up,0.003
all_atom,dual,KALKAALKIGAN,,,0,ZP-9.5,1,dn,0.0
all_atom,dual,KALKAALKIGAN,,,0,ZP-9.5,1,up,0.0
all_atom,dual,KALKAALKIGAN,,,0,ZP-9.5,2,dn,0.0
all_atom,dual,KALKAALKIGAN,,,0,ZP-9.5,2,up,0.0
all_atom,dual,KALKAALKIGAN,,,0,ZP-9.5,3,dn,0.0
all_atom,dual,KALKAALKIGAN,,,0,ZP-9.5,3,up,0.0
all_atom,dual,KALKAALKIGAN,,,0,ZP-9.5,4,dn,0.0
all_atom,dual,KALKAALKIGAN,,,0,ZP-9.5,4,up,0.0
all_atom,dual,KALKAALKIGAN,,,0,ZP-9.5,5,dn,0.002
all_atom,dual,KALKAALKIGAN,,,0,ZP-9.5,5,up,0.0
all_atom,dual,KALKAALKIGAN,,,0,ZP0.5,1,dn,0.121
all_atom,dual,KALKAALKIGAN,,,0,ZP0.5,1,up,0.109
all_atom,dual,KALKAALKIGAN,,,0,ZP0.5,2,dn,0.139
all_atom,dual,KALKAALKIGAN,,,0,ZP0.5,2,up,0.159
all_atom,dual,KALKAALKIGAN,,,0,ZP0.5,3,dn,0.14
all_atom,dual,KALKAALKIGAN,,,0,ZP0.5,3,up,0.111
all_atom,dual,KALKAALKIGAN,,,0,ZP0.5,4,dn,0.138
all_atom,dual,KALKAALKIGAN,,,0,ZP0.5,4,up,0.137
all_atom,dual,KALKAALKIGAN,,,0,ZP0.5,5,dn,0.146
all_atom,dual,KALKAALKIGAN,,,0,ZP0.5,5,up,0.115
all_atom,dual,KALKAALKIGAN,,,0,ZP1.5,1,dn,0.134
all_atom,dual,KALKAALKIGAN,,,0,ZP1.5,1,up,0.099
all_atom,dual,KALKAALKIGAN,,,0,ZP1.5,2,dn,0.1
all_atom,dual,KALKAALKIGAN,,,0,ZP1.5,2,up,0.117
all_atom,dual,KALKAALKIGAN,,,0,ZP1.5,3,dn,0.14
all_atom,dual,KALKAALKIGAN,,,0,ZP1.5,3,up,0.123
all_atom,dual,KALKAALKIGAN,,,0,ZP1.5,4,dn,0.094
all_atom,dual,KALKAALKIGAN,,,0,ZP1.5,4,up,0.079
all_atom,dual,KALKAALKIGAN,,,0,ZP1.5,5,dn,0.121
all_atom,dual,KALKAALKIGAN,,,0,ZP1.5,5,up,0.14
all_atom,dual,KALKAALKIGAN,,,0,ZP2.5,1,dn,0.064
all_atom,dual,KALKAALKIGAN,,,0,ZP2.5,1,up,0.055
all_atom,dual,KALKAALKIGAN,,,0,ZP2.5,2,dn,0.076
all_atom,dual,KALKAALKIGAN,,,0,ZP2.5,2,up,0.087
all_atom,dual,KALKAALKIGAN,,,0,ZP2.5,3,dn,0.106
all_atom,dual,KALKAALKIGAN,,,0,ZP2.5,3,up,0.067
all_atom,dual,KALKAALKIGAN,,,0,ZP2.5,4,dn,0.075
all_atom,dual,KALKAALKIGAN,,,0,ZP2.5,4,up,0.066
all_atom,dual,KALKAALKIGAN,,,0,ZP2.5,5,dn,0.111
all_atom,dual,KALKAALKIGAN,,,0,ZP2.5,5,up,0.088
all_atom,dual,KALKAALKIGAN,,,0,ZP3.5,1,dn,0.047
all_atom,dual,KALKAALKIGAN,,,0,ZP3.5,1,up,0.034
all_atom,dual,KALKAALKIGAN,,,0,ZP3.5,2,dn,0.055
all_atom,dual,KALKAALKIGAN,,,0,ZP3.5,2,up,0.05
all_atom,dual,KALKAALKIGAN,,,0,ZP3.5,3,dn,0.062
all_atom,dual,KALKAALKIGAN,,,0,ZP3.5,3,up,0.055
all_atom,dual,KALKAALKIGAN,,,0,ZP3.5,4,dn,0.081
all_atom,dual,KALKAALKIGAN,,,0,ZP3.5,4,up,0.036
all_atom,dual,KALKAALKIGAN,,,0,ZP3.5,5,dn,0.085
all_atom,dual,KALKAALKIGAN,,,0,ZP3.5,5,up,0.055
all_atom,dual,KALKAALKIGAN,,,0,ZP4.5,1,dn,0.025
all_atom,dual,KALKAALKIGAN,,,0,ZP4.5,1,up,0.023
all_atom,dual,KALKAALKIGAN,,,0,ZP4.5,2,dn,0.05
all_atom,dual,KALKAALKIGAN,,,0,ZP4.5,2,up,0.019
all_atom,dual,KALKAALKIGAN,,,0,ZP4.5,3,dn,0.04
all_atom,dual,KALKAALKIGAN,,,0,ZP4.5,3,up,0.038
all_atom,dual,KALKAALKIGAN,,,0,ZP4.5,4,dn,0.037
all_atom,dual,KALKAALKIGAN,,,0,ZP4.5,4,up,0.01
all_atom,dual,KALKAALKIGAN,,,0,ZP4.5,5,dn,0.053
all_atom,dual,KALKAALKIGAN,,,0,ZP4.5,5,up,0.031
all_atom,dual,KALKAALKIGAN,,,0,ZP5.5,1,dn,0.023
all_atom,dual,KALKAALKIGAN,,,0,ZP5.5,1,up,0.007
all_atom,dual,KALKAALKIGAN,,,0,ZP5.5,2,dn,0.023
all_atom,dual,KALKAALKIGAN,,,0,ZP5.5,2,up,0.013
all_atom,dual,KALKAALKIGAN,,,0,ZP5.5,3,dn,0.017
all_atom,dual,KALKAALKIGAN,,,0,ZP5.5,3,up,0.011
all_atom,dual,KALKAALKIGAN,,,0,ZP5.5,4,dn,0.015
all_atom,dual,KALKAALKIGAN,,,0,ZP5.5,4,up,0.003
all_atom,dual,KALKAALKIGAN,,,0,ZP5.5,5,dn,0.027
all_atom,dual,KALKAALKIGAN,,,0,ZP5.5,5,up,0.01
all_atom,dual,KALKAALKIGAN,,,0,ZP6.5,1,dn,0.007
all_atom,dual,KALKAALKIGAN,,,0,ZP6.5,1,up,0.0
all_atom,dual,KALKAALKIGAN,,,0,ZP6.5,2,dn,0.015
all_atom,dual,KALKAALKIGAN,,,0,ZP6.5,2,up,0.004
all_atom,dual,KALKAALKIGAN,,,0,ZP6.5,3,dn,0.003
all_atom,dual,KALKAALKIGAN,,,0,ZP6.5,3,up,0.005
all_atom,dual,KALKAALKIGAN,,,0,ZP6.5,4,dn,0.007
all_atom,dual,KALKAALKIGAN,,,0,ZP6.5,4,up,0.0
all_atom,dual,KALKAALKIGAN,,,0,ZP6.5,5,dn,0.012
all_atom,dual,KALKAALKIGAN,,,0,ZP6.5,5,up,0.007
all_atom,dual,KALKAALKIGAN,,,0,ZP7.5,1,dn,0.003
all_atom,dual,KALKAALKIGAN,,,0,ZP7.5,1,up,0.001
all_atom,dual,KALKAALKIGAN,,,0,ZP7.5,2,dn,0.006
all_atom,dual,KALKAALKIGAN,,,0,ZP7.5,2,up,0.0
all_atom,dual,KALKAALKIGAN,,,0,ZP7.5,3,dn,0.003
all_atom,dual,KALKAALKIGAN,,,0,ZP7.5,3,up,0.001
all_atom,dual,KALKAALKIGAN,,,0,ZP7.5,4,dn,0.0
all_atom,dual,KALKAALKIGAN,,,0,ZP7.5,4,up,0.0
all_atom,dual,KALKAALKIGAN,,,0,ZP7.5,5,dn,0.005
all_atom,dual,KALKAALKIGAN,,,0,ZP7.5,5,up,0.0
all_atom,dual,KALKAALKIGAN,,,0,ZP8.5,1,dn,0.003
all_atom,dual,KALKAALKIGAN,,,0,ZP8.5,1,up,0.0
all_atom,dual,KALKAALKIGAN,,,0,ZP8.5,2,dn,0.0
all_atom,dual,KALKAALKIGAN,,,0,ZP8.5,2,up,0.0
all_atom,dual,KALKAALKIGAN,,,0,ZP8.5,3,dn,0.002
all_atom,dual,KALKAALKIGAN,,,0,ZP8.5,3,up,0.0
all_atom,dual,KALKAALKIGAN,,,0,ZP8.5,4,dn,0.001
all_atom,dual,KALKAALKIGAN,,,0,ZP8.5,4,up,0.0
all_atom,dual,KALKAALKIGAN,,,0,ZP8.5,5,dn,0.0
all_atom,dual,KALKAALKIGAN,,,0,ZP8.5,5,up,0.0
all_atom,dual,KALKAALKIGAN,,,0,ZP9.5,1,dn,0.0
all_atom,dual,KALKAALKIGAN,,,0,ZP9.5,1,up,0.0
all_atom,dual,KALKAALKIGAN,,,0,ZP9.5,2,dn,0.0
all_atom,dual,KALKAALKIGAN,,,0,ZP9.5,2,up,0.0
all_atom,dual,KALKAALKIGAN,,,0,ZP9.5,3,dn,0.0
all_atom,dual,KALKAALKIGAN,,,0,ZP9.5,3,up,0.001
all_atom,dual,KALKAALKIGAN,,,0,ZP9.5,4,dn,0.001
all_atom,dual,KALKAALKIGAN,,,0,ZP9.5,4,up,0.0
all_atom,dual,KALKAALKIGAN,,,0,ZP9.5,5,dn,0.0
all_atom,dual,KALKAALKIGAN,,,0,ZP9.5,5,up,0.0
all_atom,dual,KFWKLLKKALRLWAKVL,,,1,APLA12.5,1,dn,60.656
all_atom,dual,KFWKLLKKALRLWAKVL,,,1,APLA12.5,1,up,58.687
all_atom,dual,KFWKLLKKALRLWAKVL,,,1,APLA12.5,2,dn,61.053
all_atom,dual,KFWKLLKKALRLWAKVL,,,1,APLA12.5,2,up,60.231
all_atom,dual,KFWKLLKKALRLWAKVL,,,1,APLA12.5,3,dn,58.586
all_atom,dual,KFWKLLKKALRLWAKVL,,,1,APLA12.5,3,up,61.672
all_atom,dual,KFWKLLKKALRLWAKVL,,,1,APLA12.5,4,dn,60.803
all_atom,dual,KFWKLLKKALRLWAKVL,,,1,APLA12.5,4,up,61.148
all_atom,dual,KFWKLLKKALRLWAKVL,,,1,APLA12.5,5,dn,60.672
all_atom,dual,KFWKLLKKALRLWAKVL,,,1,APLA12.5,5,up,60.035
all_atom,dual,KFWKLLKKALRLWAKVL,,,1,APLA17.5,1,dn,58.562
all_atom,dual,KFWKLLKKALRLWAKVL,,,1,APLA17.5,1,up,58.279
all_atom,dual,KFWKLLKKALRLWAKVL,,,1,APLA17.5,2,dn,59.883
all_atom,dual,KFWKLLKKALRLWAKVL,,,1,APLA17.5,2,up,59.545
all_atom,dual,KFWKLLKKALRLWAKVL,,,1,APLA17.5,3,dn,58.739
all_atom,dual,KFWKLLKKALRLWAKVL,,,1,APLA17.5,3,up,60.12
all_atom,dual,KFWKLLKKALRLWAKVL,,,1,APLA17.5,4,dn,59.727
all_atom,dual,KFWKLLKKALRLWAKVL,,,1,APLA17.5,4,up,60.067
all_atom,dual,KFWKLLKKALRLWAKVL,,,1,APLA17.5,5,dn,57.774
all_atom,dual,KFWKLLKKALRLWAKVL,,,1,APLA17.5,5,up,57.683
all_atom,dual,KFWKLLKKALRLWAKVL,,,1,APLA2.5,1,dn,79.495
all_atom,dual,KFWKLLKKALRLWAKVL,,,1,APLA2.5,1,up,82.682
all_atom,dual,KFWKLLKKALRLWAKVL,,,1,APLA2.5,2,dn,71.096
all_atom,dual,KFWKLLKKALRLWAKVL,,,1,APLA2.5,2,up,79.673
all_atom,dual,KFWKLLKKALRLWAKVL,,,1,APLA2.5,3,dn,81.85
all_atom,dual,KFWKLLKKALRLWAKVL,,,1,APLA2.5,3,up,74.512
all_atom,dual,KFWKLLKKALRLWAKVL,,,1,APLA2.5,4,dn,78.459
all_atom,dual,KFWKLLKKALRLWAKVL,,,1,APLA2.5,4,up,83.573
all_atom,dual,KFWKLLKKALRLWAKVL,,,1,APLA2.5,5,dn,81.138
all_atom,dual,KFWKLLKKALRLWAKVL,,,1,APLA2.5,5,up,83.232
all_atom,dual,KFWKLLKKALRLWAKVL,,,1,APLA7.5,1,dn,63.756
all_atom,dual,KFWKLLKKALRLWAKVL,,,1,APLA7.5,1,up,61.144
all_atom,dual,KFWKLLKKALRLWAKVL,,,1,APLA7.5,2,dn,61.427
all_atom,dual,KFWKLLKKALRLWAKVL,,,1,APLA7.5,2,up,61.21
all_atom,dual,KFWKLLKKALRLWAKVL,,,1,APLA7.5,3,dn,60.889
all_atom,dual,KFWKLLKKALRLWAKVL,,,1,APLA7.5,3,up,61.817
all_atom,dual,KFWKLLKKALRLWAKVL,,,1,APLA7.5,4,dn,63.082
all_atom,dual,KFWKLLKKALRLWAKVL,,,1,APLA7.5,4,up,64.522
all_atom,dual,KFWKLLKKALRLWAKVL,,,1,APLA7.5,5,dn,64.39
all_atom,dual,KFWKLLKKALRLWAKVL,,,1,APLA7.5,5,up,63.499
all_atom,dual,KFWKLLKKALRLWAKVL,,,1,APLS12.5,1,dn,4.255
all_atom,dual,KFWKLLKKALRLWAKVL,,,1,APLS12.5,1,up,4.037
all_atom,dual,KFWKLLKKALRLWAKVL,,,1,APLS12.5,2,dn,4.454
all_atom,dual,KFWKLLKKALRLWAKVL,,,1,APLS12.5,2,up,4.089
all_atom,dual,KFWKLLKKALRLWAKVL,,,1,APLS12.5,3,dn,4.05
all_atom,dual,KFWKLLKKALRLWAKVL,,,1,APLS12.5,3,up,4.813
all_atom,dual,KFWKLLKKALRLWAKVL,,,1,APLS12.5,4,dn,4.25
all_atom,dual,KFWKLLKKALRLWAKVL,,,1,APLS12.5,4,up,4.678
all_atom,dual,KFWKLLKKALRLWAKVL,,,1,APLS12.5,5,dn,4.386
all_atom,dual,KFWKLLKKALRLWAKVL,,,1,APLS12.5,5,up,4.115
all_atom,dual,KFWKLLKKALRLWAKVL,,,1,APLS17.5,1,dn,3.666
all_atom,dual,KFWKLLKKALRLWAKVL,,,1,APLS17.5,1,up,4.191
all_atom,dual,KFWKLLKKALRLWAKVL,,,1,APLS17.5,2,dn,3.736
all_atom,dual,KFWKLLKKALRLWAKVL,,,1,APLS17.5,2,up,3.509
all_atom,dual,KFWKLLKKALRLWAKVL,,,1,APLS17.5,3,dn,3.803
all_atom,dual,KFWKLLKKALRLWAKVL,,,1,APLS17.5,3,up,4.2
all_atom,dual,KFWKLLKKALRLWAKVL,,,1,APLS17.5,4,dn,3.982
all_atom,dual,KFWKLLKKALRLWAKVL,,,1,APLS17.5,4,up,4.059
all_atom,dual,KFWKLLKKALRLWAKVL,,,1,APLS17.5,5,dn,3.296
all_atom,dual,KFWKLLKKALRLWAKVL,,,1,APLS17.5,5,up,3.479
all_atom,dual,KFWKLLKKALRLWAKVL,,,1,APLS2.5,1,dn,10.528
all_atom,dual,KFWKLLKKALRLWAKVL,,,1,APLS2.5,1,up,12.515
all_atom,dual,KFWKLLKKALRLWAKVL,,,1,APLS2.5,2,dn,9.074
all_atom,dual,KFWKLLKKALRLWAKVL,,,1,APLS2.5,2,up,7.937
all_atom,dual,KFWKLLKKALRLWAKVL,,,1,APLS2.5,3,dn,8.02
all_atom,dual,KFWKLLKKALRLWAKVL,,,1,APLS2.5,3,up,6.399
all_atom,dual,KFWKLLKKALRLWAKVL,,,1,APLS2.5,4,dn,8.348
all_atom,dual,KFWKLLKKALRLWAKVL,,,1,APLS2.5,4,up,9.322
all_atom,dual,KFWKLLKKALRLWAKVL,,,1,APLS2.5,5,dn,7.641
all_atom,dual,KFWKLLKKALRLWAKVL,,,1,APLS2.5,5,up,7.498
all_atom,dual,KFWKLLKKALRLWAKVL,,,1,APLS7.5,1,dn,6.323
all_atom,dual,KFWKLLKKALRLWAKVL,,,1,APLS7.5,1,up,6.409
all_atom,dual,KFWKLLKKALRLWAKVL,,,1,APLS7.5,2,dn,5.501
all_atom,dual,KFWKLLKKALRLWAKVL,,,1,APLS7.5,2,up,6.265
all_atom,dual,KFWKLLKKALRLWAKVL,,,1,APLS7.5,3,dn,4.739
all_atom,dual,KFWKLLKKALRLWAKVL,,,1,APLS7.5,3,up,5.663
all_atom,dual,KFWKLLKKALRLWAKVL,,,1,APLS7.5,4,dn,5.99
all_atom,dual,KFWKLLKKALRLWAKVL,,,1,APLS7.5,4,up,6.183
all_atom,dual,KFWKLLKKALRLWAKVL,,,1,APLS7.5,5,dn,5.996
all_atom,dual,KFWKLLKKALRLWAKVL,,,1,APLS7.5,5,up,5.199
all_atom,dual,KFWKLLKKALRLWAKVL,,,1,H0,1,dn,0.0
all_atom,dual,KFWKLLKKALRLWAKVL,,,1,H0,1,up,0.0
all_atom,dual,KFWKLLKKALRLWAKVL,,,1,H0,2,dn,0.0
all_atom,dual,KFWKLLKKALRLWAKVL,,,1,H0,2,up,0.0
all_atom,dual,KFWKLLKKALRLWAKVL,,,1,H0,3,dn,0.0
all_atom,dual,KFWKLLKKALRLWAKVL,,,1,H0,3,up,0.0
all_atom,dual,KFWKLLKKALRLWAKVL,,,1,H0,4,dn,0.0
all_atom,dual,KFWKLLKKALRLWAKVL,,,1,H0,4,up,0.0
all_atom,dual,KFWKLLKKALRLWAKVL,,,1,H0,5,dn,0.0
all_atom,dual,KFWKLLKKALRLWAKVL,,,1,H0,5,up,0.0
all_atom,dual,KFWKLLKKALRLWAKVL,,,1,H1,1,dn,0.984
all_atom,dual,KFWKLLKKALRLWAKVL,,,1,H1,1,up,0.992
all_atom,dual,KFWKLLKKALRLWAKVL,,,1,H1,2,dn,0.933
all_atom,dual,KFWKLLKKALRLWAKVL,,,1,H1,2,up,1.0
all_atom,dual,KFWKLLKKALRLWAKVL,,,1,H1,3,dn,0.764
all_atom,dual,KFWKLLKKALRLWAKVL,,,1,H1,3,up,0.972
all_atom,dual,KFWKLLKKALRLWAKVL,,,1,H1,4,dn,0.976
all_atom,dual,KFWKLLKKALRLWAKVL,,,1,H1,4,up,1.0
all_atom,dual,KFWKLLKKALRLWAKVL,,,1,H1,5,dn,0.853
all_atom,dual,KFWKLLKKALRLWAKVL,,,1,H1,5,up,1.0
all_atom,dual,KFWKLLKKALRLWAKVL,,,1,H10,1,dn,0.0
all_atom,dual,KFWKLLKKALRLWAKVL,,,1,H10,1,up,0.0
all_atom,dual,KFWKLLKKALRLWAKVL,,,1,H10,2,dn,0.0
all_atom,dual,KFWKLLKKALRLWAKVL,,,1,H10,2,up,0.0
all_atom,dual,KFWKLLKKALRLWAKVL,,,1,H10,3,dn,0.0
all_atom,dual,KFWKLLKKALRLWAKVL,,,1,H10,3,up,0.0
all_atom,dual,KFWKLLKKALRLWAKVL,,,1,H10,4,dn,0.0
all_atom,dual,KFWKLLKKALRLWAKVL,,,1,H10,4,up,0.0
all_atom,dual,KFWKLLKKALRLWAKVL,,,1,H10,5,dn,0.0
all_atom,dual,KFWKLLKKALRLWAKVL,,,1,H10,5,up,0.0
all_atom,dual,KFWKLLKKALRLWAKVL,,,1,H2,1,dn,1.0
all_atom,dual,KFWKLLKKALRLWAKVL,,,1,H2,1,up,1.0
all_atom,dual,KFWKLLKKALRLWAKVL,,,1,H2,2,dn,1.0
all_atom,dual,KFWKLLKKALRLWAKVL,,,1,H2,2,up,1.0
all_atom,dual,KFWKLLKKALRLWAKVL,,,1,H2,3,dn,1.0
all_atom,dual,KFWKLLKKALRLWAKVL,,,1,H2,3,up,1.0
all_atom,dual,KFWKLLKKALRLWAKVL,,,1,H2,4,dn,1.0
all_atom,dual,KFWKLLKKALRLWAKVL,,,1,H2,4,up,1.0
all_atom,dual,KFWKLLKKALRLWAKVL,,,1,H2,5,dn,1.0
all_atom,dual,KFWKLLKKALRLWAKVL,,,1,H2,5,up,1.0
all_atom,dual,KFWKLLKKALRLWAKVL,,,1,H3,1,dn,1.0
all_atom,dual,KFWKLLKKALRLWAKVL,,,1,H3,1,up,1.0
all_atom,dual,KFWKLLKKALRLWAKVL,,,1,H3,2,dn,1.0
all_atom,dual,KFWKLLKKALRLWAKVL,,,1,H3,2,up,1.0
all_atom,dual,KFWKLLKKALRLWAKVL,,,1,H3,3,dn,1.0
all_atom,dual,KFWKLLKKALRLWAKVL,,,1,H3,3,up,1.0
all_atom,dual,KFWKLLKKALRLWAKVL,,,1,H3,4,dn,1.0
all_atom,dual,KFWKLLKKALRLWAKVL,,,1,H3,4,up,1.0
all_atom,dual,KFWKLLKKALRLWAKVL,,,1,H3,5,dn,1.0
all_atom,dual,KFWKLLKKALRLWAKVL,,,1,H3,5,up,1.0
all_atom,dual,KFWKLLKKALRLWAKVL,,,1,H4,1,dn,1.0
all_atom,dual,KFWKLLKKALRLWAKVL,,,1,H4,1,up,1.0
all_atom,dual,KFWKLLKKALRLWAKVL,,,1,H4,2,dn,1.0
all_atom,dual,KFWKLLKKALRLWAKVL,,,1,H4,2,up,1.0
all_atom,dual,KFWKLLKKALRLWAKVL,,,1,H4,3,dn,1.0
all_atom,dual,KFWKLLKKALRLWAKVL,,,1,H4,3,up,1.0
all_atom,dual,KFWKLLKKALRLWAKVL,,,1,H4,4,dn,1.0
all_atom,dual,KFWKLLKKALRLWAKVL,,,1,H4,4,up,1.0
all_atom,dual,KFWKLLKKALRLWAKVL,,,1,H4,5,dn,1.0
all_atom,dual,KFWKLLKKALRLWAKVL,,,1,H4,5,up,1.0
all_atom,dual,KFWKLLKKALRLWAKVL,,,1,H5,1,dn,1.0
all_atom,dual,KFWKLLKKALRLWAKVL,,,1,H5,1,up,1.0
all_atom,dual,KFWKLLKKALRLWAKVL,,,1,H5,2,dn,1.0
all_atom,dual,KFWKLLKKALRLWAKVL,,,1,H5,2,up,1.0
all_atom,dual,KFWKLLKKALRLWAKVL,,,1,H5,3,dn,1.0
all_atom,dual,KFWKLLKKALRLWAKVL,,,1,H5,3,up,1.0
all_atom,dual,KFWKLLKKALRLWAKVL,,,1,H5,4,dn,1.0
all_atom,dual,KFWKLLKKALRLWAKVL,,,1,H5,4,up,1.0
all_atom,dual,KFWKLLKKALRLWAKVL,,,1,H5,5,dn,1.0
all_atom,dual,KFWKLLKKALRLWAKVL,,,1,H5,5,up,1.0
all_atom,dual,KFWKLLKKALRLWAKVL,,,1,H6,1,dn,1.0
all_atom,dual,KFWKLLKKALRLWAKVL,,,1,H6,1,up,1.0
all_atom,dual,KFWKLLKKALRLWAKVL,,,1,H6,2,dn,1.0
all_atom,dual,KFWKLLKKALRLWAKVL,,,1,H6,2,up,1.0
all_atom,dual,KFWKLLKKALRLWAKVL,,,1,H6,3,dn,1.0
all_atom,dual,KFWKLLKKALRLWAKVL,,,1,H6,3,up,1.0
all_atom,dual,KFWKLLKKALRLWAKVL,,,1,H6,4,dn,1.0
all_atom,dual,KFWKLLKKALRLWAKVL,,,1,H6,4,up,1.0
all_atom,dual,KFWKLLKKALRLWAKVL,,,1,H6,5,dn,1.0
all_atom,dual,KFWKLLKKALRLWAKVL,,,1,H6,5,up,1.0
all_atom,dual,KFWKLLKKALRLWAKVL,,,1,H7,1,dn,1.0
all_atom,dual,KFWKLLKKALRLWAKVL,,,1,H7,1,up,0.998
all_atom,dual,KFWKLLKKALRLWAKVL,,,1,H7,2,dn,1.0
all_atom,dual,KFWKLLKKALRLWAKVL,,,1,H7,2,up,1.0
all_atom,dual,KFWKLLKKALRLWAKVL,,,1,H7,3,dn,1.0
all_atom,dual,KFWKLLKKALRLWAKVL,,,1,H7,3,up,1.0
all_atom,dual,KFWKLLKKALRLWAKVL,,,1,H7,4,dn,1.0
all_atom,dual,KFWKLLKKALRLWAKVL,,,1,H7,4,up,1.0
all_atom,dual,KFWKLLKKALRLWAKVL,,,1,H7,5,dn,1.0
all_atom,dual,KFWKLLKKALRLWAKVL,,,1,H7,5,up,1.0
all_atom,dual,KFWKLLKKALRLWAKVL,,,1,H8,1,dn,0.992
all_atom,dual,KFWKLLKKALRLWAKVL,,,1,H8,1,up,0.982
all_atom,dual,KFWKLLKKALRLWAKVL,,,1,H8,2,dn,1.0
all_atom,dual,KFWKLLKKALRLWAKVL,,,1,H8,2,up,1.0
all_atom,dual,KFWKLLKKALRLWAKVL,,,1,H8,3,dn,1.0
all_atom,dual,KFWKLLKKALRLWAKVL,,,1,H8,3,up,1.0
all_atom,dual,KFWKLLKKALRLWAKVL,,,1,H8,4,dn,1.0
all_atom,dual,KFWKLLKKALRLWAKVL,,,1,H8,4,up,0.992
all_atom,dual,KFWKLLKKALRLWAKVL,,,1,H8,5,dn,0.992
all_atom,dual,KFWKLLKKALRLWAKVL,,,1,H8,5,up,0.992
all_atom,dual,KFWKLLKKALRLWAKVL,,,1,H9,1,dn,0.99
all_atom,dual,KFWKLLKKALRLWAKVL,,,1,H9,1,up,0.909
all_atom,dual,KFWKLLKKALRLWAKVL,,,1,H9,2,dn,0.99
all_atom,dual,KFWKLLKKALRLWAKVL,,,1,H9,2,up,0.99
all_atom,dual,KFWKLLKKALRLWAKVL,,,1,H9,3,dn,0.99
all_atom,dual,KFWKLLKKALRLWAKVL,,,1,H9,3,up,1.0
all_atom,dual,KFWKLLKKALRLWAKVL,,,1,H9,4,dn,0.986
all_atom,dual,KFWKLLKKALRLWAKVL,,,1,H9,4,up,0.974
all_atom,dual,KFWKLLKKALRLWAKVL,,,1,H9,5,dn,0.941
all_atom,dual,KFWKLLKKALRLWAKVL,,,1,H9,5,up,0.947
all_atom,dual,KFWKLLKKALRLWAKVL,,,1,HM,1,dn,0.878
all_atom,dual,KFWKLLKKALRLWAKVL,,,1,HM,1,up,0.868
all_atom,dual,KFWKLLKKALRLWAKVL,,,1,HM,2,dn,0.871
all_atom,dual,KFWKLLKKALRLWAKVL,,,1,HM,2,up,0.881
all_atom,dual,KFWKLLKKALRLWAKVL,,,1,HM,3,dn,0.848
all_atom,dual,KFWKLLKKALRLWAKVL,,,1,HM,3,up,0.878
all_atom,dual,KFWKLLKKALRLWAKVL,,,1,HM,4,dn,0.877
all_atom,dual,KFWKLLKKALRLWAKVL,,,1,HM,4,up,0.878
all_atom,dual,KFWKLLKKALRLWAKVL,,,1,HM,5,dn,0.853
all_atom,dual,KFWKLLKKALRLWAKVL,,,1,HM,5,up,0.875
all_atom,dual,KFWKLLKKALRLWAKVL,,,1,PEPT_BUR_MAX,1,dn,0.48
all_atom,dual,KFWKLLKKALRLWAKVL,,,1,PEPT_BUR_MAX,1,up,0.78
all_atom,dual,KFWKLLKKALRLWAKVL,,,1,PEPT_BUR_MAX,2,dn,-1.73
all_atom,dual,KFWKLLKKALRLWAKVL,,,1,PEPT_BUR_MAX,2,up,2.96
all_atom,dual,KFWKLLKKALRLWAKVL,,,1,PEPT_BUR_MAX,3,dn,1.37
all_atom,dual,KFWKLLKKALRLWAKVL,,,1,PEPT_BUR_MAX,3,up,1.42
all_atom,dual,KFWKLLKKALRLWAKVL,,,1,PEPT_BUR_MAX,4,dn,-0.66
all_atom,dual,KFWKLLKKALRLWAKVL,,,1,PEPT_BUR_MAX,4,up,4.06
all_atom,dual,KFWKLLKKALRLWAKVL,,,1,PEPT_BUR_MAX,5,dn,3.04
all_atom,dual,KFWKLLKKALRLWAKVL,,,1,PEPT_BUR_MAX,5,up,1.38
all_atom,dual,KFWKLLKKALRLWAKVL,,,1,S,1,dn,0.927
all_atom,dual,KFWKLLKKALRLWAKVL,,,1,S,1,up,0.915
all_atom,dual,KFWKLLKKALRLWAKVL,,,1,S,2,dn,0.977
all_atom,dual,KFWKLLKKALRLWAKVL,,,1,S,2,up,0.943
all_atom,dual,KFWKLLKKALRLWAKVL,,,1,S,3,dn,0.955
all_atom,dual,KFWKLLKKALRLWAKVL,,,1,S,3,up,0.961
all_atom,dual,KFWKLLKKALRLWAKVL,,,1,S,4,dn,0.983
all_atom,dual,KFWKLLKKALRLWAKVL,,,1,S,4,up,0.942
all_atom,dual,KFWKLLKKALRLWAKVL,,,1,S,5,dn,0.956
all_atom,dual,KFWKLLKKALRLWAKVL,,,1,S,5,up,0.968
all_atom,dual,KFWKLLKKALRLWAKVL,,,1,WAT_BUR_MAX,1,dn,3.6
all_atom,dual,KFWKLLKKALRLWAKVL,,,1,WAT_BUR_MAX,1,up,5.17
all_atom,dual,KFWKLLKKALRLWAKVL,,,1,WAT_BUR_MAX,2,dn,0.84
all_atom,dual,KFWKLLKKALRLWAKVL,,,1,WAT_BUR_MAX,2,up,7.43
all_atom,dual,KFWKLLKKALRLWAKVL,,,1,WAT_BUR_MAX,3,dn,3.29
all_atom,dual,KFWKLLKKALRLWAKVL,,,1,WAT_BUR_MAX,3,up,8.62
all_atom,dual,KFWKLLKKALRLWAKVL,,,1,WAT_BUR_MAX,4,dn,4.82
all_atom,dual,KFWKLLKKALRLWAKVL,,,1,WAT_BUR_MAX,4,up,7.91
all_atom,dual,KFWKLLKKALRLWAKVL,,,1,WAT_BUR_MAX,5,dn,7.43
all_atom,dual,KFWKLLKKALRLWAKVL,,,1,WAT_BUR_MAX,5,up,8.11
all_atom,dual,KFWKLLKKALRLWAKVL,,,1,WAT_BUR_REL,1,dn,4.97
all_atom,dual,KFWKLLKKALRLWAKVL,,,1,WAT_BUR_REL,1,up,5.04
all_atom,dual,KFWKLLKKALRLWAKVL,,,1,WAT_BUR_REL,2,dn,7.67
all_atom,dual,KFWKLLKKALRLWAKVL,,,1,WAT_BUR_REL,2,up,5.81
all_atom,dual,KFWKLLKKALRLWAKVL,,,1,WAT_BUR_REL,3,dn,4.7
all_atom,dual,KFWKLLKKALRLWAKVL,,,1,WAT_BUR_REL,3,up,6.2
all_atom,dual,KFWKLLKKALRLWAKVL,,,1,WAT_BUR_REL,4,dn,5.81
all_atom,dual,KFWKLLKKALRLWAKVL,,,1,WAT_BUR_REL,4,up,5.31
all_atom,dual,KFWKLLKKALRLWAKVL,,,1,WAT_BUR_REL,5,dn,4.6
all_atom,dual,KFWKLLKKALRLWAKVL,,,1,WAT_BUR_REL,5,up,5.64
all_atom,dual,KFWKLLKKALRLWAKVL,,,1,ZP-0.5,1,dn,0.129
all_atom,dual,KFWKLLKKALRLWAKVL,,,1,ZP-0.5,1,up,0.12
all_atom,dual,KFWKLLKKALRLWAKVL,,,1,ZP-0.5,2,dn,0.093
all_atom,dual,KFWKLLKKALRLWAKVL,,,1,ZP-0.5,2,up,0.124
all_atom,dual,KFWKLLKKALRLWAKVL,,,1,ZP-0.5,3,dn,0.15
all_atom,dual,KFWKLLKKALRLWAKVL,,,1,ZP-0.5,3,up,0.135
all_atom,dual,KFWKLLKKALRLWAKVL,,,1,ZP-0.5,4,dn,0.13
all_atom,dual,KFWKLLKKALRLWAKVL,,,1,ZP-0.5,4,up,0.124
all_atom,dual,KFWKLLKKALRLWAKVL,,,1,ZP-0.5,5,dn,0.134
all_atom,dual,KFWKLLKKALRLWAKVL,,,1,ZP-0.5,5,up,0.125
all_atom,dual,KFWKLLKKALRLWAKVL,,,1,ZP-1.5,1,dn,0.137
all_atom,dual,KFWKLLKKALRLWAKVL,,,1,ZP-1.5,1,up,0.168
all_atom,dual,KFWKLLKKALRLWAKVL,,,1,ZP-1.5,2,dn,0.113
all_atom,dual,KFWKLLKKALRLWAKVL,,,1,ZP-1.5,2,up,0.124
all_atom,dual,KFWKLLKKALRLWAKVL,,,1,ZP-1.5,3,dn,0.138
all_atom,dual,KFWKLLKKALRLWAKVL,,,1,ZP-1.5,3,up,0.117
all_atom,dual,KFWKLLKKALRLWAKVL,,,1,ZP-1.5,4,dn,0.135
all_atom,dual,KFWKLLKKALRLWAKVL,,,1,ZP-1.5,4,up,0.116
all_atom,dual,KFWKLLKKALRLWAKVL,,,1,ZP-1.5,5,dn,0.121
all_atom,dual,KFWKLLKKALRLWAKVL,,,1,ZP-1.5,5,up,0.145
all_atom,dual,KFWKLLKKALRLWAKVL,,,1,ZP-2.5,1,dn,0.108
all_atom,dual,KFWKLLKKALRLWAKVL,,,1,ZP-2.5,1,up,0.137
all_atom,dual,KFWKLLKKALRLWAKVL,,,1,ZP-2.5,2,dn,0.099
all_atom,dual,KFWKLLKKALRLWAKVL,,,1,ZP-2.5,2,up,0.111
all_atom,dual,KFWKLLKKALRLWAKVL,,,1,ZP-2.5,3,dn,0.118
all_atom,dual,KFWKLLKKALRLWAKVL,,,1,ZP-2.5,3,up,0.127
all_atom,dual,KFWKLLKKALRLWAKVL,,,1,ZP-2.5,4,dn,0.111
all_atom,dual,KFWKLLKKALRLWAKVL,,,1,ZP-2.5,4,up,0.087
all_atom,dual,KFWKLLKKALRLWAKVL,,,1,ZP-2.5,5,dn,0.11
all_atom,dual,KFWKLLKKALRLWAKVL,,,1,ZP-2.5,5,up,0.138
all_atom,dual,KFWKLLKKALRLWAKVL,,,1,ZP-3.5,1,dn,0.096
all_atom,dual,KFWKLLKKALRLWAKVL,,,1,ZP-3.5,1,up,0.101
all_atom,dual,KFWKLLKKALRLWAKVL,,,1,ZP-3.5,2,dn,0.089
all_atom,dual,KFWKLLKKALRLWAKVL,,,1,ZP-3.5,2,up,0.079
all_atom,dual,KFWKLLKKALRLWAKVL,,,1,ZP-3.5,3,dn,0.098
all_atom,dual,KFWKLLKKALRLWAKVL,,,1,ZP-3.5,3,up,0.102
all_atom,dual,KFWKLLKKALRLWAKVL,,,1,ZP-3.5,4,dn,0.103
all_atom,dual,KFWKLLKKALRLWAKVL,,,1,ZP-3.5,4,up,0.077
all_atom,dual,KFWKLLKKALRLWAKVL,,,1,ZP-3.5,5,dn,0.094
all_atom,dual,KFWKLLKKALRLWAKVL,,,1,ZP-3.5,5,up,0.084
all_atom,dual,KFWKLLKKALRLWAKVL,,,1,ZP-4.5,1,dn,0.072
all_atom,dual,KFWKLLKKALRLWAKVL,,,1,ZP-4.5,1,up,0.081
all_atom,dual,KFWKLLKKALRLWAKVL,,,1,ZP-4.5,2,dn,0.093
all_atom,dual,KFWKLLKKALRLWAKVL,,,1,ZP-4.5,2,up,0.07
all_atom,dual,KFWKLLKKALRLWAKVL,,,1,ZP-4.5,3,dn,0.064
all_atom,dual,KFWKLLKKALRLWAKVL,,,1,ZP-4.5,3,up,0.059
all_atom,dual,KFWKLLKKALRLWAKVL,,,1,ZP-4.5,4,dn,0.073
all_atom,dual,KFWKLLKKALRLWAKVL,,,1,ZP-4.5,4,up,0.049
all_atom,dual,KFWKLLKKALRLWAKVL,,,1,ZP-4.5,5,dn,0.056
all_atom,dual,KFWKLLKKALRLWAKVL,,,1,ZP-4.5,5,up,0.052
all_atom,dual,KFWKLLKKALRLWAKVL,,,1,ZP-5.5,1,dn,0.038
all_atom,dual,KFWKLLKKALRLWAKVL,,,1,ZP-5.5,1,up,0.034
all_atom,dual,KFWKLLKKALRLWAKVL,,,1,ZP-5.5,2,dn,0.081
all_atom,dual,KFWKLLKKALRLWAKVL,,,1,ZP-5.5,2,up,0.034
all_atom,dual,KFWKLLKKALRLWAKVL,,,1,ZP-5.5,3,dn,0.041
all_atom,dual,KFWKLLKKALRLWAKVL,,,1,ZP-5.5,3,up,0.048
all_atom,dual,KFWKLLKKALRLWAKVL,,,1,ZP-5.5,4,dn,0.055
all_atom,dual,KFWKLLKKALRLWAKVL,,,1,ZP-5.5,4,up,0.03
all_atom,dual,KFWKLLKKALRLWAKVL,,,1,ZP-5.5,5,dn,0.033
all_atom,dual,KFWKLLKKALRLWAKVL,,,1,ZP-5.5,5,up,0.026
all_atom,dual,KFWKLLKKALRLWAKVL,,,1,ZP-6.5,1,dn,0.03
all_atom,dual,KFWKLLKKALRLWAKVL,,,1,ZP-6.5,1,up,0.016
all_atom,dual,KFWKLLKKALRLWAKVL,,,1,ZP-6.5,2,dn,0.066
all_atom,dual,KFWKLLKKALRLWAKVL,,,1,ZP-6.5,2,up,0.019
all_atom,dual,KFWKLLKKALRLWAKVL,,,1,ZP-6.5,3,dn,0.024
all_atom,dual,KFWKLLKKALRLWAKVL,,,1,ZP-6.5,3,up,0.029
all_atom,dual,KFWKLLKKALRLWAKVL,,,1,ZP-6.5,4,dn,0.027
all_atom,dual,KFWKLLKKALRLWAKVL,,,1,ZP-6.5,4,up,0.023
all_atom,dual,KFWKLLKKALRLWAKVL,,,1,ZP-6.5,5,dn,0.02
all_atom,dual,KFWKLLKKALRLWAKVL,,,1,ZP-6.5,5,up,0.02
all_atom,dual,KFWKLLKKALRLWAKVL,,,1,ZP-7.5,1,dn,0.012
all_atom,dual,KFWKLLKKALRLWAKVL,,,1,ZP-7.5,1,up,0.005
all_atom,dual,KFWKLLKKALRLWAKVL,,,1,ZP-7.5,2,dn,0.04
all_atom,dual,KFWKLLKKALRLWAKVL,,,1,ZP-7.5,2,up,0.011
all_atom,dual,KFWKLLKKALRLWAKVL,,,1,ZP-7.5,3,dn,0.012
all_atom,dual,KFWKLLKKALRLWAKVL,,,1,ZP-7.5,3,up,0.022
all_atom,dual,KFWKLLKKALRLWAKVL,,,1,ZP-7.5,4,dn,0.014
all_atom,dual,KFWKLLKKALRLWAKVL,,,1,ZP-7.5,4,up,0.013
all_atom,dual,KFWKLLKKALRLWAKVL,,,1,ZP-7.5,5,dn,0.014
all_atom,dual,KFWKLLKKALRLWAKVL,,,1,ZP-7.5,5,up,0.011
all_atom,dual,KFWKLLKKALRLWAKVL,,,1,ZP-8.5,1,dn,0.009
all_atom,dual,KFWKLLKKALRLWAKVL,,,1,ZP-8.5,1,up,0.004
all_atom,dual,KFWKLLKKALRLWAKVL,,,1,ZP-8.5,2,dn,0.033
all_atom,dual,KFWKLLKKALRLWAKVL,,,1,ZP-8.5,2,up,0.008
all_atom,dual,KFWKLLKKALRLWAKVL,,,1,ZP-8.5,3,dn,0.004
all_atom,dual,KFWKLLKKALRLWAKVL,,,1,ZP-8.5,3,up,0.005
all_atom,dual,KFWKLLKKALRLWAKVL,,,1,ZP-8.5,4,dn,0.006
all_atom,dual,KFWKLLKKALRLWAKVL,,,1,ZP-8.5,4,up,0.005
all_atom,dual,KFWKLLKKALRLWAKVL,,,1,ZP-8.5,5,dn,0.0
all_atom,dual,KFWKLLKKALRLWAKVL,,,1,ZP-8.5,5,up,0.004
all_atom,dual,KFWKLLKKALRLWAKVL,,,1,ZP-9.5,1,dn,0.0
all_atom,dual,KFWKLLKKALRLWAKVL,,,1,ZP-9.5,1,up,0.001
all_atom,dual,KFWKLLKKALRLWAKVL,,,1,ZP-9.5,2,dn,0.015
all_atom,dual,KFWKLLKKALRLWAKVL,,,1,ZP-9.5,2,up,0.0
all_atom,dual,KFWKLLKKALRLWAKVL,,,1,ZP-9.5,3,dn,0.007
all_atom,dual,KFWKLLKKALRLWAKVL,,,1,ZP-9.5,3,up,0.0
all_atom,dual,KFWKLLKKALRLWAKVL,,,1,ZP-9.5,4,dn,0.003
all_atom,dual,KFWKLLKKALRLWAKVL,,,1,ZP-9.5,4,up,0.005
all_atom,dual,KFWKLLKKALRLWAKVL,,,1,ZP-9.5,5,dn,0.002
all_atom,dual,KFWKLLKKALRLWAKVL,,,1,ZP-9.5,5,up,0.004
all_atom,dual,KFWKLLKKALRLWAKVL,,,1,ZP0.5,1,dn,0.107
all_atom,dual,KFWKLLKKALRLWAKVL,,,1,ZP0.5,1,up,0.12
all_atom,dual,KFWKLLKKALRLWAKVL,,,1,ZP0.5,2,dn,0.077
all_atom,dual,KFWKLLKKALRLWAKVL,,,1,ZP0.5,2,up,0.151
all_atom,dual,KFWKLLKKALRLWAKVL,,,1,ZP0.5,3,dn,0.132
all_atom,dual,KFWKLLKKALRLWAKVL,,,1,ZP0.5,3,up,0.128
all_atom,dual,KFWKLLKKALRLWAKVL,,,1,ZP0.5,4,dn,0.124
all_atom,dual,KFWKLLKKALRLWAKVL,,,1,ZP0.5,4,up,0.14
all_atom,dual,KFWKLLKKALRLWAKVL,,,1,ZP0.5,5,dn,0.142
all_atom,dual,KFWKLLKKALRLWAKVL,,,1,ZP0.5,5,up,0.101
all_atom,dual,KFWKLLKKALRLWAKVL,,,1,ZP1.5,1,dn,0.095
all_atom,dual,KFWKLLKKALRLWAKVL,,,1,ZP1.5,1,up,0.092
all_atom,dual,KFWKLLKKALRLWAKVL,,,1,ZP1.5,2,dn,0.084
all_atom,dual,KFWKLLKKALRLWAKVL,,,1,ZP1.5,2,up,0.094
all_atom,dual,KFWKLLKKALRLWAKVL,,,1,ZP1.5,3,dn,0.083
all_atom,dual,KFWKLLKKALRLWAKVL,,,1,ZP1.5,3,up,0.099
all_atom,dual,KFWKLLKKALRLWAKVL,,,1,ZP1.5,4,dn,0.095
all_atom,dual,KFWKLLKKALRLWAKVL,,,1,ZP1.5,4,up,0.115
all_atom,dual,KFWKLLKKALRLWAKVL,,,1,ZP1.5,5,dn,0.12
all_atom,dual,KFWKLLKKALRLWAKVL,,,1,ZP1.5,5,up,0.119
all_atom,dual,KFWKLLKKALRLWAKVL,,,1,ZP2.5,1,dn,0.094
all_atom,dual,KFWKLLKKALRLWAKVL,,,1,ZP2.5,1,up,0.066
all_atom,dual,KFWKLLKKALRLWAKVL,,,1,ZP2.5,2,dn,0.055
all_atom,dual,KFWKLLKKALRLWAKVL,,,1,ZP2.5,2,up,0.07
all_atom,dual,KFWKLLKKALRLWAKVL,,,1,ZP2.5,3,dn,0.068
all_atom,dual,KFWKLLKKALRLWAKVL,,,1,ZP2.5,3,up,0.074
all_atom,dual,KFWKLLKKALRLWAKVL,,,1,ZP2.5,4,dn,0.068
all_atom,dual,KFWKLLKKALRLWAKVL,,,1,ZP2.5,4,up,0.105
all_atom,dual,KFWKLLKKALRLWAKVL,,,1,ZP2.5,5,dn,0.066
all_atom,dual,KFWKLLKKALRLWAKVL,,,1,ZP2.5,5,up,0.073
all_atom,dual,KFWKLLKKALRLWAKVL,,,1,ZP3.5,1,dn,0.042
all_atom,dual,KFWKLLKKALRLWAKVL,,,1,ZP3.5,1,up,0.035
all_atom,dual,KFWKLLKKALRLWAKVL,,,1,ZP3.5,2,dn,0.04
all_atom,dual,KFWKLLKKALRLWAKVL,,,1,ZP3.5,2,up,0.044
all_atom,dual,KFWKLLKKALRLWAKVL,,,1,ZP3.5,3,dn,0.025
all_atom,dual,KFWKLLKKALRLWAKVL,,,1,ZP3.5,3,up,0.033
all_atom,dual,KFWKLLKKALRLWAKVL,,,1,ZP3.5,4,dn,0.034
all_atom,dual,KFWKLLKKALRLWAKVL,,,1,ZP3.5,4,up,0.06
all_atom,dual,KFWKLLKKALRLWAKVL,,,1,ZP3.5,5,dn,0.049
all_atom,dual,KFWKLLKKALRLWAKVL,,,1,ZP3.5,5,up,0.053
all_atom,dual,KFWKLLKKALRLWAKVL,,,1,ZP4.5,1,dn,0.019
all_atom,dual,KFWKLLKKALRLWAKVL,,,1,ZP4.5,1,up,0.012
all_atom,dual,KFWKLLKKALRLWAKVL,,,1,ZP4.5,2,dn,0.014
all_atom,dual,KFWKLLKKALRLWAKVL,,,1,ZP4.5,2,up,0.034
all_atom,dual,KFWKLLKKALRLWAKVL,,,1,ZP4.5,3,dn,0.021
all_atom,dual,KFWKLLKKALRLWAKVL,,,1,ZP4.5,3,up,0.013
all_atom,dual,KFWKLLKKALRLWAKVL,,,1,ZP4.5,4,dn,0.017
all_atom,dual,KFWKLLKKALRLWAKVL,,,1,ZP4.5,4,up,0.025
all_atom,dual,KFWKLLKKALRLWAKVL,,,1,ZP4.5,5,dn,0.022
all_atom,dual,KFWKLLKKALRLWAKVL,,,1,ZP4.5,5,up,0.032
all_atom,dual,KFWKLLKKALRLWAKVL,,,1,ZP5.5,1,dn,0.005
all_atom,dual,KFWKLLKKALRLWAKVL,,,1,ZP5.5,1,up,0.007
all_atom,dual,KFWKLLKKALRLWAKVL,,,1,ZP5.5,2,dn,0.003
all_atom,dual,KFWKLLKKALRLWAKVL,,,1,ZP5.5,2,up,0.017
all_atom,dual,KFWKLLKKALRLWAKVL,,,1,ZP5.5,3,dn,0.009
all_atom,dual,KFWKLLKKALRLWAKVL,,,1,ZP5.5,3,up,0.005
all_atom,dual,KFWKLLKKALRLWAKVL,,,1,ZP5.5,4,dn,0.005
all_atom,dual,KFWKLLKKALRLWAKVL,,,1,ZP5.5,4,up,0.018
all_atom,dual,KFWKLLKKALRLWAKVL,,,1,ZP5.5,5,dn,0.007
all_atom,dual,KFWKLLKKALRLWAKVL,,,1,ZP5.5,5,up,0.007
all_atom,dual,KFWKLLKKALRLWAKVL,,,1,ZP6.5,1,dn,0.003
all_atom,dual,KFWKLLKKALRLWAKVL,,,1,ZP6.5,1,up,0.001
all_atom,dual,KFWKLLKKALRLWAKVL,,,1,ZP6.5,2,dn,0.005
all_atom,dual,KFWKLLKKALRLWAKVL,,,1,ZP6.5,2,up,0.003
all_atom,dual,KFWKLLKKALRLWAKVL,,,1,ZP6.5,3,dn,0.004
all_atom,dual,KFWKLLKKALRLWAKVL,,,1,ZP6.5,3,up,0.003
all_atom,dual,KFWKLLKKALRLWAKVL,,,1,ZP6.5,4,dn,0.001
all_atom,dual,KFWKLLKKALRLWAKVL,,,1,ZP6.5,4,up,0.005
all_atom,dual,KFWKLLKKALRLWAKVL,,,1,ZP6.5,5,dn,0.008
all_atom,dual,KFWKLLKKALRLWAKVL,,,1,ZP6.5,5,up,0.007
all_atom,dual,KFWKLLKKALRLWAKVL,,,1,ZP7.5,1,dn,0.003
all_atom,dual,KFWKLLKKALRLWAKVL,,,1,ZP7.5,1,up,0.0
all_atom,dual,KFWKLLKKALRLWAKVL,,,1,ZP7.5,2,dn,0.0
all_atom,dual,KFWKLLKKALRLWAKVL,,,1,ZP7.5,2,up,0.003
all_atom,dual,KFWKLLKKALRLWAKVL,,,1,ZP7.5,3,dn,0.002
all_atom,dual,KFWKLLKKALRLWAKVL,,,1,ZP7.5,3,up,0.0
all_atom,dual,KFWKLLKKALRLWAKVL,,,1,ZP7.5,4,dn,0.0
all_atom,dual,KFWKLLKKALRLWAKVL,,,1,ZP7.5,4,up,0.002
all_atom,dual,KFWKLLKKALRLWAKVL,,,1,ZP7.5,5,dn,0.002
all_atom,dual,KFWKLLKKALRLWAKVL,,,1,ZP7.5,5,up,0.001
all_atom,dual,KFWKLLKKALRLWAKVL,,,1,ZP8.5,1,dn,0.0
all_atom,dual,KFWKLLKKALRLWAKVL,,,1,ZP8.5,1,up,0.0
all_atom,dual,KFWKLLKKALRLWAKVL,,,1,ZP8.5,2,dn,0.0
all_atom,dual,KFWKLLKKALRLWAKVL,,,1,ZP8.5,2,up,0.001
all_atom,dual,KFWKLLKKALRLWAKVL,,,1,ZP8.5,3,dn,0.0
all_atom,dual,KFWKLLKKALRLWAKVL,,,1,ZP8.5,3,up,0.0
all_atom,dual,KFWKLLKKALRLWAKVL,,,1,ZP8.5,4,dn,0.0
all_atom,dual,KFWKLLKKALRLWAKVL,,,1,ZP8.5,4,up,0.0
all_atom,dual,KFWKLLKKALRLWAKVL,,,1,ZP8.5,5,dn,0.0
all_atom,dual,KFWKLLKKALRLWAKVL,,,1,ZP8.5,5,up,0.0
all_atom,dual,KFWKLLKKALRLWAKVL,,,1,ZP9.5,1,dn,0.0
all_atom,dual,KFWKLLKKALRLWAKVL,,,1,ZP9.5,1,up,0.0
all_atom,dual,KFWKLLKKALRLWAKVL,,,1,ZP9.5,2,dn,0.0
all_atom,dual,KFWKLLKKALRLWAKVL,,,1,ZP9.5,2,up,0.0
all_atom,dual,KFWKLLKKALRLWAKVL,,,1,ZP9.5,3,dn,0.0
all_atom,dual,KFWKLLKKALRLWAKVL,,,1,ZP9.5,3,up,0.0
all_atom,dual,KFWKLLKKALRLWAKVL,,,1,ZP9.5,4,dn,0.0
all_atom,dual,KFWKLLKKALRLWAKVL,,,1,ZP9.5,4,up,0.0
all_atom,dual,KFWKLLKKALRLWAKVL,,,1,ZP9.5,5,dn,0.0
all_atom,dual,KFWKLLKKALRLWAKVL,,,1,ZP9.5,5,up,0.0
all_atom,dual,KIAKVALKALKIAKGALKAL,,,1,APLA12.5,1,dn,60.309
all_atom,dual,KIAKVALKALKIAKGALKAL,,,1,APLA12.5,1,up,59.476
all_atom,dual,KIAKVALKALKIAKGALKAL,,,1,APLA12.5,2,dn,61.023
all_atom,dual,KIAKVALKALKIAKGALKAL,,,1,APLA12.5,2,up,62.2
all_atom,dual,KIAKVALKALKIAKGALKAL,,,1,APLA12.5,3,dn,59.42
all_atom,dual,KIAKVALKALKIAKGALKAL,,,1,APLA12.5,3,up,60.32
all_atom,dual,KIAKVALKALKIAKGALKAL,,,1,APLA12.5,4,dn,62.442
all_atom,dual,KIAKVALKALKIAKGALKAL,,,1,APLA12.5,4,up,60.765
all_atom,dual,KIAKVALKALKIAKGALKAL,,,1,APLA12.5,5,dn,61.285
all_atom,dual,KIAKVALKALKIAKGALKAL,,,1,APLA12.5,5,up,60.439
all_atom,dual,KIAKVALKALKIAKGALKAL,,,1,APLA17.5,1,dn,59.144
all_atom,dual,KIAKVALKALKIAKGALKAL,,,1,APLA17.5,1,up,59.131
all_atom,dual,KIAKVALKALKIAKGALKAL,,,1,APLA17.5,2,dn,60.306
all_atom,dual,KIAKVALKALKIAKGALKAL,,,1,APLA17.5,2,up,60.543
all_atom,dual,KIAKVALKALKIAKGALKAL,,,1,APLA17.5,3,dn,60.129
all_atom,dual,KIAKVALKALKIAKGALKAL,,,1,APLA17.5,3,up,60.952
all_atom,dual,KIAKVALKALKIAKGALKAL,,,1,APLA17.5,4,dn,58.976
all_atom,dual,KIAKVALKALKIAKGALKAL,,,1,APLA17.5,4,up,58.835
all_atom,dual,KIAKVALKALKIAKGALKAL,,,1,APLA17.5,5,dn,59.12
all_atom,dual,KIAKVALKALKIAKGALKAL,,,1,APLA17.5,5,up,60.583
all_atom,dual,KIAKVALKALKIAKGALKAL,,,1,APLA2.5,1,dn,85.688
all_atom,dual,KIAKVALKALKIAKGALKAL,,,1,APLA2.5,1,up,79.665
all_atom,dual,KIAKVALKALKIAKGALKAL,,,1,APLA2.5,2,dn,79.529
all_atom,dual,KIAKVALKALKIAKGALKAL,,,1,APLA2.5,2,up,77.04
all_atom,dual,KIAKVALKALKIAKGALKAL,,,1,APLA2.5,3,dn,78.265
all_atom,dual,KIAKVALKALKIAKGALKAL,,,1,APLA2.5,3,up,80.633
all_atom,dual,KIAKVALKALKIAKGALKAL,,,1,APLA2.5,4,dn,84.304
all_atom,dual,KIAKVALKALKIAKGALKAL,,,1,APLA2.5,4,up,81.931
all_atom,dual,KIAKVALKALKIAKGALKAL,,,1,APLA2.5,5,dn,76.068
all_atom,dual,KIAKVALKALKIAKGALKAL,,,1,APLA2.5,5,up,78.665
all_atom,dual,KIAKVALKALKIAKGALKAL,,,1,APLA7.5,1,dn,64.75
all_atom,dual,KIAKVALKALKIAKGALKAL,,,1,APLA7.5,1,up,63.019
all_atom,dual,KIAKVALKALKIAKGALKAL,,,1,APLA7.5,2,dn,65.456
all_atom,dual,KIAKVALKALKIAKGALKAL,,,1,APLA7.5,2,up,65.212
all_atom,dual,KIAKVALKALKIAKGALKAL,,,1,APLA7.5,3,dn,64.704
all_atom,dual,KIAKVALKALKIAKGALKAL,,,1,APLA7.5,3,up,62.674
all_atom,dual,KIAKVALKALKIAKGALKAL,,,1,APLA7.5,4,dn,66.921
all_atom,dual,KIAKVALKALKIAKGALKAL,,,1,APLA7.5,4,up,63.309
all_atom,dual,KIAKVALKALKIAKGALKAL,,,1,APLA7.5,5,dn,65.623
all_atom,dual,KIAKVALKALKIAKGALKAL,,,1,APLA7.5,5,up,61.166
all_atom,dual,KIAKVALKALKIAKGALKAL,,,1,APLS12.5,1,dn,4.781
all_atom,dual,KIAKVALKALKIAKGALKAL,,,1,APLS12.5,1,up,3.709
all_atom,dual,KIAKVALKALKIAKGALKAL,,,1,APLS12.5,2,dn,3.962
all_atom,dual,KIAKVALKALKIAKGALKAL,,,1,APLS12.5,2,up,3.98
all_atom,dual,KIAKVALKALKIAKGALKAL,,,1,APLS12.5,3,dn,3.757
all_atom,dual,KIAKVALKALKIAKGALKAL,,,1,APLS12.5,3,up,3.44
all_atom,dual,KIAKVALKALKIAKGALKAL,,,1,APLS12.5,4,dn,4.125
all_atom,dual,KIAKVALKALKIAKGALKAL,,,1,APLS12.5,4,up,4.477
all_atom,dual,KIAKVALKALKIAKGALKAL,,,1,APLS12.5,5,dn,4.241
all_atom,dual,KIAKVALKALKIAKGALKAL,,,1,APLS12.5,5,up,4.19
all_atom,dual,KIAKVALKALKIAKGALKAL,,,1,APLS17.5,1,dn,3.724
all_atom,dual,KIAKVALKALKIAKGALKAL,,,1,APLS17.5,1,up,3.361
all_atom,dual,KIAKVALKALKIAKGALKAL,,,1,APLS17.5,2,dn,3.86
all_atom,dual,KIAKVALKALKIAKGALKAL,,,1,APLS17.5,2,up,4.072
all_atom,dual,KIAKVALKALKIAKGALKAL,,,1,APLS17.5,3,dn,3.315
all_atom,dual,KIAKVALKALKIAKGALKAL,,,1,APLS17.5,3,up,3.713
all_atom,dual,KIAKVALKALKIAKGALKAL,,,1,APLS17.5,4,dn,3.252
all_atom,dual,KIAKVALKALKIAKGALKAL,,,1,APLS17.5,4,up,3.814
all_atom,dual,KIAKVALKALKIAKGALKAL,,,1,APLS17.5,5,dn,3.771
all_atom,dual,KIAKVALKALKIAKGALKAL,,,1,APLS17.5,5,up,3.453
all_atom,dual,KIAKVALKALKIAKGALKAL,,,1,APLS2.5,1,dn,8.348
all_atom,dual,KIAKVALKALKIAKGALKAL,,,1,APLS2.5,1,up,8.593
all_atom,dual,KIAKVALKALKIAKGALKAL,,,1,APLS2.5,2,dn,8.704
all_atom,dual,KIAKVALKALKIAKGALKAL,,,1,APLS2.5,2,up,8.763
all_atom,dual,KIAKVALKALKIAKGALKAL,,,1,APLS2.5,3,dn,8.193
all_atom,dual,KIAKVALKALKIAKGALKAL,,,1,APLS2.5,3,up,6.978
all_atom,dual,KIAKVALKALKIAKGALKAL,,,1,APLS2.5,4,dn,8.498
all_atom,dual,KIAKVALKALKIAKGALKAL,,,1,APLS2.5,4,up,7.44
all_atom,dual,KIAKVALKALKIAKGALKAL,,,1,APLS2.5,5,dn,8.4
all_atom,dual,KIAKVALKALKIAKGALKAL,,,1,APLS2.5,5,up,9.773
all_atom,dual,KIAKVALKALKIAKGALKAL,,,1,APLS7.5,1,dn,5.91
all_atom,dual,KIAKVALKALKIAKGALKAL,,,1,APLS7.5,1,up,6.733
all_atom,dual,KIAKVALKALKIAKGALKAL,,,1,APLS7.5,2,dn,5.833
all_atom,dual,KIAKVALKALKIAKGALKAL,,,1,APLS7.5,2,up,6.551
all_atom,dual,KIAKVALKALKIAKGALKAL,,,1,APLS7.5,3,dn,7.899
all_atom,dual,KIAKVALKALKIAKGALKAL,,,1,APLS7.5,3,up,5.865
all_atom,dual,KIAKVALKALKIAKGALKAL,,,1,APLS7.5,4,dn,6.675
all_atom,dual,KIAKVALKALKIAKGALKAL,,,1,APLS7.5,4,up,6.391
all_atom,dual,KIAKVALKALKIAKGALKAL,,,1,APLS7.5,5,dn,5.474
all_atom,dual,KIAKVALKALKIAKGALKAL,,,1,APLS7.5,5,up,6.315
all_atom,dual,KIAKVALKALKIAKGALKAL,,,1,H0,1,dn,0.0
all_atom,dual,KIAKVALKALKIAKGALKAL,,,1,H0,1,up,0.0
all_atom,dual,KIAKVALKALKIAKGALKAL,,,1,H0,2,dn,0.0
all_atom,dual,KIAKVALKALKIAKGALKAL,,,1,H0,2,up,0.0
all_atom,dual,KIAKVALKALKIAKGALKAL,,,1,H0,3,dn,0.0
all_atom,dual,KIAKVALKALKIAKGALKAL,,,1,H0,3,up,0.0
all_atom,dual,KIAKVALKALKIAKGALKAL,,,1,H0,4,dn,0.0
all_atom,dual,KIAKVALKALKIAKGALKAL,,,1,H0,4,up,0.0
all_atom,dual,KIAKVALKALKIAKGALKAL,,,1,H0,5,dn,0.0
all_atom,dual,KIAKVALKALKIAKGALKAL,,,1,H0,5,up,0.0
all_atom,dual,KIAKVALKALKIAKGALKAL,,,1,H1,1,dn,1.0
all_atom,dual,KIAKVALKALKIAKGALKAL,,,1,H1,1,up,0.978
all_atom,dual,KIAKVALKALKIAKGALKAL,,,1,H1,2,dn,0.999
all_atom,dual,KIAKVALKALKIAKGALKAL,,,1,H1,2,up,0.976
all_atom,dual,KIAKVALKALKIAKGALKAL,,,1,H1,3,dn,0.977
all_atom,dual,KIAKVALKALKIAKGALKAL,,,1,H1,3,up,0.984
all_atom,dual,KIAKVALKALKIAKGALKAL,,,1,H1,4,dn,0.969
all_atom,dual,KIAKVALKALKIAKGALKAL,,,1,H1,4,up,0.99
all_atom,dual,KIAKVALKALKIAKGALKAL,,,1,H1,5,dn,1.0
all_atom,dual,KIAKVALKALKIAKGALKAL,,,1,H1,5,up,1.0
all_atom,dual,KIAKVALKALKIAKGALKAL,,,1,H10,1,dn,0.0
all_atom,dual,KIAKVALKALKIAKGALKAL,,,1,H10,1,up,0.0
all_atom,dual,KIAKVALKALKIAKGALKAL,,,1,H10,2,dn,0.0
all_atom,dual,KIAKVALKALKIAKGALKAL,,,1,H10,2,up,0.0
all_atom,dual,KIAKVALKALKIAKGALKAL,,,1,H10,3,dn,0.0
all_atom,dual,KIAKVALKALKIAKGALKAL,,,1,H10,3,up,0.0
all_atom,dual,KIAKVALKALKIAKGALKAL,,,1,H10,4,dn,0.0
all_atom,dual,KIAKVALKALKIAKGALKAL,,,1,H10,4,up,0.0
all_atom,dual,KIAKVALKALKIAKGALKAL,,,1,H10,5,dn,0.0
all_atom,dual,KIAKVALKALKIAKGALKAL,,,1,H10,5,up,0.0
all_atom,dual,KIAKVALKALKIAKGALKAL,,,1,H2,1,dn,1.0
all_atom,dual,KIAKVALKALKIAKGALKAL,,,1,H2,1,up,1.0
all_atom,dual,KIAKVALKALKIAKGALKAL,,,1,H2,2,dn,1.0
all_atom,dual,KIAKVALKALKIAKGALKAL,,,1,H2,2,up,1.0
all_atom,dual,KIAKVALKALKIAKGALKAL,,,1,H2,3,dn,1.0
all_atom,dual,KIAKVALKALKIAKGALKAL,,,1,H2,3,up,1.0
all_atom,dual,KIAKVALKALKIAKGALKAL,,,1,H2,4,dn,1.0
all_atom,dual,KIAKVALKALKIAKGALKAL,,,1,H2,4,up,1.0
all_atom,dual,KIAKVALKALKIAKGALKAL,,,1,H2,5,dn,1.0
all_atom,dual,KIAKVALKALKIAKGALKAL,,,1,H2,5,up,1.0
all_atom,dual,KIAKVALKALKIAKGALKAL,,,1,H3,1,dn,1.0
all_atom,dual,KIAKVALKALKIAKGALKAL,,,1,H3,1,up,1.0
all_atom,dual,KIAKVALKALKIAKGALKAL,,,1,H3,2,dn,1.0
all_atom,dual,KIAKVALKALKIAKGALKAL,,,1,H3,2,up,1.0
all_atom,dual,KIAKVALKALKIAKGALKAL,,,1,H3,3,dn,1.0
all_atom,dual,KIAKVALKALKIAKGALKAL,,,1,H3,3,up,1.0
all_atom,dual,KIAKVALKALKIAKGALKAL,,,1,H3,4,dn,1.0
all_atom,dual,KIAKVALKALKIAKGALKAL,,,1,H3,4,up,1.0
all_atom,dual,KIAKVALKALKIAKGALKAL,,,1,H3,5,dn,1.0
all_atom,dual,KIAKVALKALKIAKGALKAL,,,1,H3,5,up,1.0
all_atom,dual,KIAKVALKALKIAKGALKAL,,,1,H4,1,dn,1.0
all_atom,dual,KIAKVALKALKIAKGALKAL,,,1,H4,1,up,1.0
all_atom,dual,KIAKVALKALKIAKGALKAL,,,1,H4,2,dn,1.0
all_atom,dual,KIAKVALKALKIAKGALKAL,,,1,H4,2,up,1.0
all_atom,dual,KIAKVALKALKIAKGALKAL,,,1,H4,3,dn,1.0
all_atom,dual,KIAKVALKALKIAKGALKAL,,,1,H4,3,up,1.0
all_atom,dual,KIAKVALKALKIAKGALKAL,,,1,H4,4,dn,1.0
all_atom,dual,KIAKVALKALKIAKGALKAL,,,1,H4,4,up,1.0
all_atom,dual,KIAKVALKALKIAKGALKAL,,,1,H4,5,dn,1.0
all_atom,dual,KIAKVALKALKIAKGALKAL,,,1,H4,5,up,1.0
all_atom,dual,KIAKVALKALKIAKGALKAL,,,1,H5,1,dn,1.0
all_atom,dual,KIAKVALKALKIAKGALKAL,,,1,H5,1,up,1.0
all_atom,dual,KIAKVALKALKIAKGALKAL,,,1,H5,2,dn,1.0
all_atom,dual,KIAKVALKALKIAKGALKAL,,,1,H5,2,up,1.0
all_atom,dual,KIAKVALKALKIAKGALKAL,,,1,H5,3,dn,1.0
all_atom,dual,KIAKVALKALKIAKGALKAL,,,1,H5,3,up,1.0
all_atom,dual,KIAKVALKALKIAKGALKAL,,,1,H5,4,dn,1.0
all_atom,dual,KIAKVALKALKIAKGALKAL,,,1,H5,4,up,1.0
all_atom,dual,KIAKVALKALKIAKGALKAL,,,1,H5,5,dn,1.0
all_atom,dual,KIAKVALKALKIAKGALKAL,,,1,H5,5,up,1.0
all_atom,dual,KIAKVALKALKIAKGALKAL,,,1,H6,1,dn,0.994
all_atom,dual,KIAKVALKALKIAKGALKAL,,,1,H6,1,up,1.0
all_atom,dual,KIAKVALKALKIAKGALKAL,,,1,H6,2,dn,1.0
all_atom,dual,KIAKVALKALKIAKGALKAL,,,1,H6,2,up,1.0
all_atom,dual,KIAKVALKALKIAKGALKAL,,,1,H6,3,dn,1.0
all_atom,dual,KIAKVALKALKIAKGALKAL,,,1,H6,3,up,1.0
all_atom,dual,KIAKVALKALKIAKGALKAL,,,1,H6,4,dn,1.0
all_atom,dual,KIAKVALKALKIAKGALKAL,,,1,H6,4,up,1.0
all_atom,dual,KIAKVALKALKIAKGALKAL,,,1,H6,5,dn,1.0
all_atom,dual,KIAKVALKALKIAKGALKAL,,,1,H6,5,up,1.0
all_atom,dual,KIAKVALKALKIAKGALKAL,,,1,H7,1,dn,1.0
all_atom,dual,KIAKVALKALKIAKGALKAL,,,1,H7,1,up,1.0
all_atom,dual,KIAKVALKALKIAKGALKAL,,,1,H7,2,dn,1.0
all_atom,dual,KIAKVALKALKIAKGALKAL,,,1,H7,2,up,1.0
all_atom,dual,KIAKVALKALKIAKGALKAL,,,1,H7,3,dn,1.0
all_atom,dual,KIAKVALKALKIAKGALKAL,,,1,H7,3,up,1.0
all_atom,dual,KIAKVALKALKIAKGALKAL,,,1,H7,4,dn,1.0
all_atom,dual,KIAKVALKALKIAKGALKAL,,,1,H7,4,up,1.0
all_atom,dual,KIAKVALKALKIAKGALKAL,,,1,H7,5,dn,1.0
all_atom,dual,KIAKVALKALKIAKGALKAL,,,1,H7,5,up,1.0
all_atom,dual,KIAKVALKALKIAKGALKAL,,,1,H8,1,dn,1.0
all_atom,dual,KIAKVALKALKIAKGALKAL,,,1,H8,1,up,1.0
all_atom,dual,KIAKVALKALKIAKGALKAL,,,1,H8,2,dn,1.0
all_atom,dual,KIAKVALKALKIAKGALKAL,,,1,H8,2,up,1.0
all_atom,dual,KIAKVALKALKIAKGALKAL,,,1,H8,3,dn,1.0
all_atom,dual,KIAKVALKALKIAKGALKAL,,,1,H8,3,up,1.0
all_atom,dual,KIAKVALKALKIAKGALKAL,,,1,H8,4,dn,1.0
all_atom,dual,KIAKVALKALKIAKGALKAL,,,1,H8,4,up,1.0
all_atom,dual,KIAKVALKALKIAKGALKAL,,,1,H8,5,dn,1.0
all_atom,dual,KIAKVALKALKIAKGALKAL,,,1,H8,5,up,1.0
all_atom,dual,KIAKVALKALKIAKGALKAL,,,1,H9,1,dn,0.998
all_atom,dual,KIAKVALKALKIAKGALKAL,,,1,H9,1,up,0.978
all_atom,dual,KIAKVALKALKIAKGALKAL,,,1,H9,2,dn,0.977
all_atom,dual,KIAKVALKALKIAKGALKAL,,,1,H9,2,up,0.999
all_atom,dual,KIAKVALKALKIAKGALKAL,,,1,H9,3,dn,0.998
all_atom,dual,KIAKVALKALKIAKGALKAL,,,1,H9,3,up,0.999
all_atom,dual,KIAKVALKALKIAKGALKAL,,,1,H9,4,dn,0.994
all_atom,dual,KIAKVALKALKIAKGALKAL,,,1,H9,4,up,0.997
all_atom,dual,KIAKVALKALKIAKGALKAL,,,1,H9,5,dn,0.987
all_atom,dual,KIAKVALKALKIAKGALKAL,,,1,H9,5,up,0.989
all_atom,dual,KIAKVALKALKIAKGALKAL,,,1,HM,1,dn,0.899
all_atom,dual,KIAKVALKALKIAKGALKAL,,,1,HM,1,up,0.886
all_atom,dual,KIAKVALKALKIAKGALKAL,,,1,HM,2,dn,0.896
all_atom,dual,KIAKVALKALKIAKGALKAL,,,1,HM,2,up,0.888
all_atom,dual,KIAKVALKALKIAKGALKAL,,,1,HM,3,dn,0.888
all_atom,dual,KIAKVALKALKIAKGALKAL,,,1,HM,3,up,0.892
all_atom,dual,KIAKVALKALKIAKGALKAL,,,1,HM,4,dn,0.89
all_atom,dual,KIAKVALKALKIAKGALKAL,,,1,HM,4,up,0.898
all_atom,dual,KIAKVALKALKIAKGALKAL,,,1,HM,5,dn,0.898
all_atom,dual,KIAKVALKALKIAKGALKAL,,,1,HM,5,up,0.899
all_atom,dual,KIAKVALKALKIAKGALKAL,,,1,PEPT_BUR_MAX,1,dn,3.43
all_atom,dual,KIAKVALKALKIAKGALKAL,,,1,PEPT_BUR_MAX,1,up,-0.44
all_atom,dual,KIAKVALKALKIAKGALKAL,,,1,PEPT_BUR_MAX,2,dn,1.14
all_atom,dual,KIAKVALKALKIAKGALKAL,,,1,PEPT_BUR_MAX,2,up,3.25
all_atom,dual,KIAKVALKALKIAKGALKAL,,,1,PEPT_BUR_MAX,3,dn,0.97
all_atom,dual,KIAKVALKALKIAKGALKAL,,,1,PEPT_BUR_MAX,3,up,4.57
all_atom,dual,KIAKVALKALKIAKGALKAL,,,1,PEPT_BUR_MAX,4,dn,5.26
all_atom,dual,KIAKVALKALKIAKGALKAL,,,1,PEPT_BUR_MAX,4,up,2.49
all_atom,dual,KIAKVALKALKIAKGALKAL,,,1,PEPT_BUR_MAX,5,dn,-0.92
all_atom,dual,KIAKVALKALKIAKGALKAL,,,1,PEPT_BUR_MAX,5,up,1.41
all_atom,dual,KIAKVALKALKIAKGALKAL,,,1,S,1,dn,0.942
all_atom,dual,KIAKVALKALKIAKGALKAL,,,1,S,1,up,0.932
all_atom,dual,KIAKVALKALKIAKGALKAL,,,1,S,2,dn,0.957
all_atom,dual,KIAKVALKALKIAKGALKAL,,,1,S,2,up,0.949
all_atom,dual,KIAKVALKALKIAKGALKAL,,,1,S,3,dn,0.961
all_atom,dual,KIAKVALKALKIAKGALKAL,,,1,S,3,up,0.926
all_atom,dual,KIAKVALKALKIAKGALKAL,,,1,S,4,dn,0.945
all_atom,dual,KIAKVALKALKIAKGALKAL,,,1,S,4,up,0.912
all_atom,dual,KIAKVALKALKIAKGALKAL,,,1,S,5,dn,0.978
all_atom,dual,KIAKVALKALKIAKGALKAL,,,1,S,5,up,0.94
all_atom,dual,KIAKVALKALKIAKGALKAL,,,1,WAT_BUR_MAX,1,dn,5.6
all_atom,dual,KIAKVALKALKIAKGALKAL,,,1,WAT_BUR_MAX,1,up,2.78
all_atom,dual,KIAKVALKALKIAKGALKAL,,,1,WAT_BUR_MAX,2,dn,4.37
all_atom,dual,KIAKVALKALKIAKGALKAL,,,1,WAT_BUR_MAX,2,up,5.92
all_atom,dual,KIAKVALKALKIAKGALKAL,,,1,WAT_BUR_MAX,3,dn,5.24
all_atom,dual,KIAKVALKALKIAKGALKAL,,,1,WAT_BUR_MAX,3,up,7.96
all_atom,dual,KIAKVALKALKIAKGALKAL,,,1,WAT_BUR_MAX,4,dn,8.72
all_atom,dual,KIAKVALKALKIAKGALKAL,,,1,WAT_BUR_MAX,4,up,5.34
all_atom,dual,KIAKVALKALKIAKGALKAL,,,1,WAT_BUR_MAX,5,dn,2.38
all_atom,dual,KIAKVALKALKIAKGALKAL,,,1,WAT_BUR_MAX,5,up,4.73
all_atom,dual,KIAKVALKALKIAKGALKAL,,,1,WAT_BUR_REL,1,dn,3.97
all_atom,dual,KIAKVALKALKIAKGALKAL,,,1,WAT_BUR_REL,1,up,4.47
all_atom,dual,KIAKVALKALKIAKGALKAL,,,1,WAT_BUR_REL,2,dn,4.42
all_atom,dual,KIAKVALKALKIAKGALKAL,,,1,WAT_BUR_REL,2,up,3.68
all_atom,dual,KIAKVALKALKIAKGALKAL,,,1,WAT_BUR_REL,3,dn,5.45
all_atom,dual,KIAKVALKALKIAKGALKAL,,,1,WAT_BUR_REL,3,up,4.04
all_atom,dual,KIAKVALKALKIAKGALKAL,,,1,WAT_BUR_REL,4,dn,3.82
all_atom,dual,KIAKVALKALKIAKGALKAL,,,1,WAT_BUR_REL,4,up,3.53
all_atom,dual,KIAKVALKALKIAKGALKAL,,,1,WAT_BUR_REL,5,dn,4.48
all_atom,dual,KIAKVALKALKIAKGALKAL,,,1,WAT_BUR_REL,5,up,4.23
all_atom,dual,KIAKVALKALKIAKGALKAL,,,1,ZP-0.5,1,dn,0.139
all_atom,dual,KIAKVALKALKIAKGALKAL,,,1,ZP-0.5,1,up,0.134
all_atom,dual,KIAKVALKALKIAKGALKAL,,,1,ZP-0.5,2,dn,0.125
all_atom,dual,KIAKVALKALKIAKGALKAL,,,1,ZP-0.5,2,up,0.113
all_atom,dual,KIAKVALKALKIAKGALKAL,,,1,ZP-0.5,3,dn,0.134
all_atom,dual,KIAKVALKALKIAKGALKAL,,,1,ZP-0.5,3,up,0.13
all_atom,dual,KIAKVALKALKIAKGALKAL,,,1,ZP-0.5,4,dn,0.131
all_atom,dual,KIAKVALKALKIAKGALKAL,,,1,ZP-0.5,4,up,0.123
all_atom,dual,KIAKVALKALKIAKGALKAL,,,1,ZP-0.5,5,dn,0.158
all_atom,dual,KIAKVALKALKIAKGALKAL,,,1,ZP-0.5,5,up,0.117
all_atom,dual,KIAKVALKALKIAKGALKAL,,,1,ZP-1.5,1,dn,0.122
all_atom,dual,KIAKVALKALKIAKGALKAL,,,1,ZP-1.5,1,up,0.11
all_atom,dual,KIAKVALKALKIAKGALKAL,,,1,ZP-1.5,2,dn,0.122
all_atom,dual,KIAKVALKALKIAKGALKAL,,,1,ZP-1.5,2,up,0.121
all_atom,dual,KIAKVALKALKIAKGALKAL,,,1,ZP-1.5,3,dn,0.101
all_atom,dual,KIAKVALKALKIAKGALKAL,,,1,ZP-1.5,3,up,0.124
all_atom,dual,KIAKVALKALKIAKGALKAL,,,1,ZP-1.5,4,dn,0.094
all_atom,dual,KIAKVALKALKIAKGALKAL,,,1,ZP-1.5,4,up,0.109
all_atom,dual,KIAKVALKALKIAKGALKAL,,,1,ZP-1.5,5,dn,0.157
all_atom,dual,KIAKVALKALKIAKGALKAL,,,1,ZP-1.5,5,up,0.135
all_atom,dual,KIAKVALKALKIAKGALKAL,,,1,ZP-2.5,1,dn,0.083
all_atom,dual,KIAKVALKALKIAKGALKAL,,,1,ZP-2.5,1,up,0.122
all_atom,dual,KIAKVALKALKIAKGALKAL,,,1,ZP-2.5,2,dn,0.09
all_atom,dual,KIAKVALKALKIAKGALKAL,,,1,ZP-2.5,2,up,0.113
all_atom,dual,KIAKVALKALKIAKGALKAL,,,1,ZP-2.5,3,dn,0.103
all_atom,dual,KIAKVALKALKIAKGALKAL,,,1,ZP-2.5,3,up,0.094
all_atom,dual,KIAKVALKALKIAKGALKAL,,,1,ZP-2.5,4,dn,0.069
all_atom,dual,KIAKVALKALKIAKGALKAL,,,1,ZP-2.5,4,up,0.085
all_atom,dual,KIAKVALKALKIAKGALKAL,,,1,ZP-2.5,5,dn,0.122
all_atom,dual,KIAKVALKALKIAKGALKAL,,,1,ZP-2.5,5,up,0.106
all_atom,dual,KIAKVALKALKIAKGALKAL,,,1,ZP-3.5,1,dn,0.058
all_atom,dual,KIAKVALKALKIAKGALKAL,,,1,ZP-3.5,1,up,0.107
all_atom,dual,KIAKVALKALKIAKGALKAL,,,1,ZP-3.5,2,dn,0.077
all_atom,dual,KIAKVALKALKIAKGALKAL,,,1,ZP-3.5,2,up,0.084
all_atom,dual,KIAKVALKALKIAKGALKAL,,,1,ZP-3.5,3,dn,0.078
all_atom,dual,KIAKVALKALKIAKGALKAL,,,1,ZP-3.5,3,up,0.056
all_atom,dual,KIAKVALKALKIAKGALKAL,,,1,ZP-3.5,4,dn,0.036
all_atom,dual,KIAKVALKALKIAKGALKAL,,,1,ZP-3.5,4,up,0.049
all_atom,dual,KIAKVALKALKIAKGALKAL,,,1,ZP-3.5,5,dn,0.093
all_atom,dual,KIAKVALKALKIAKGALKAL,,,1,ZP-3.5,5,up,0.088
all_atom,dual,KIAKVALKALKIAKGALKAL,,,1,ZP-4.5,1,dn,0.043
all_atom,dual,KIAKVALKALKIAKGALKAL,,,1,ZP-4.5,1,up,0.084
all_atom,dual,KIAKVALKALKIAKGALKAL,,,1,ZP-4.5,2,dn,0.061
all_atom,dual,KIAKVALKALKIAKGALKAL,,,1,ZP-4.5,2,up,0.071
all_atom,dual,KIAKVALKALKIAKGALKAL,,,1,ZP-4.5,3,dn,0.059
all_atom,dual,KIAKVALKALKIAKGALKAL,,,1,ZP-4.5,3,up,0.037
all_atom,dual,KIAKVALKALKIAKGALKAL,,,1,ZP-4.5,4,dn,0.028
all_atom,dual,KIAKVALKALKIAKGALKAL,,,1,ZP-4.5,4,up,0.041
all_atom,dual,KIAKVALKALKIAKGALKAL,,,1,ZP-4.5,5,dn,0.052
all_atom,dual,KIAKVALKALKIAKGALKAL,,,1,ZP-4.5,5,up,0.065
all_atom,dual,KIAKVALKALKIAKGALKAL,,,1,ZP-5.5,1,dn,0.021
all_atom,dual,KIAKVALKALKIAKGALKAL,,,1,ZP-5.5,1,up,0.068
all_atom,dual,KIAKVALKALKIAKGALKAL,,,1,ZP-5.5,2,dn,0.048
all_atom,dual,KIAKVALKALKIAKGALKAL,,,1,ZP-5.5,2,up,0.027
all_atom,dual,KIAKVALKALKIAKGALKAL,,,1,ZP-5.5,3,dn,0.033
all_atom,dual,KIAKVALKALKIAKGALKAL,,,1,ZP-5.5,3,up,0.018
all_atom,dual,KIAKVALKALKIAKGALKAL,,,1,ZP-5.5,4,dn,0.014
all_atom,dual,KIAKVALKALKIAKGALKAL,,,1,ZP-5.5,4,up,0.029
all_atom,dual,KIAKVALKALKIAKGALKAL,,,1,ZP-5.5,5,dn,0.028
all_atom,dual,KIAKVALKALKIAKGALKAL,,,1,ZP-5.5,5,up,0.039
all_atom,dual,KIAKVALKALKIAKGALKAL,,,1,ZP-6.5,1,dn,0.011
all_atom,dual,KIAKVALKALKIAKGALKAL,,,1,ZP-6.5,1,up,0.032
all_atom,dual,KIAKVALKALKIAKGALKAL,,,1,ZP-6.5,2,dn,0.022
all_atom,dual,KIAKVALKALKIAKGALKAL,,,1,ZP-6.5,2,up,0.022
all_atom,dual,KIAKVALKALKIAKGALKAL,,,1,ZP-6.5,3,dn,0.013
all_atom,dual,KIAKVALKALKIAKGALKAL,,,1,ZP-6.5,3,up,0.013
all_atom,dual,KIAKVALKALKIAKGALKAL,,,1,ZP-6.5,4,dn,0.009
all_atom,dual,KIAKVALKALKIAKGALKAL,,,1,ZP-6.5,4,up,0.008
all_atom,dual,KIAKVALKALKIAKGALKAL,,,1,ZP-6.5,5,dn,0.022
all_atom,dual,KIAKVALKALKIAKGALKAL,,,1,ZP-6.5,5,up,0.031
all_atom,dual,KIAKVALKALKIAKGALKAL,,,1,ZP-7.5,1,dn,0.005
all_atom,dual,KIAKVALKALKIAKGALKAL,,,1,ZP-7.5,1,up,0.022
all_atom,dual,KIAKVALKALKIAKGALKAL,,,1,ZP-7.5,2,dn,0.016
all_atom,dual,KIAKVALKALKIAKGALKAL,,,1,ZP-7.5,2,up,0.014
all_atom,dual,KIAKVALKALKIAKGALKAL,,,1,ZP-7.5,3,dn,0.012
all_atom,dual,KIAKVALKALKIAKGALKAL,,,1,ZP-7.5,3,up,0.004
all_atom,dual,KIAKVALKALKIAKGALKAL,,,1,ZP-7.5,4,dn,0.003
all_atom,dual,KIAKVALKALKIAKGALKAL,,,1,ZP-7.5,4,up,0.002
all_atom,dual,KIAKVALKALKIAKGALKAL,,,1,ZP-7.5,5,dn,0.007
all_atom,dual,KIAKVALKALKIAKGALKAL,,,1,ZP-7.5,5,up,0.032
all_atom,dual,KIAKVALKALKIAKGALKAL,,,1,ZP-8.5,1,dn,0.004
all_atom,dual,KIAKVALKALKIAKGALKAL,,,1,ZP-8.5,1,up,0.006
all_atom,dual,KIAKVALKALKIAKGALKAL,,,1,ZP-8.5,2,dn,0.002
all_atom,dual,KIAKVALKALKIAKGALKAL,,,1,ZP-8.5,2,up,0.006
all_atom,dual,KIAKVALKALKIAKGALKAL,,,1,ZP-8.5,3,dn,0.005
all_atom,dual,KIAKVALKALKIAKGALKAL,,,1,ZP-8.5,3,up,0.003
all_atom,dual,KIAKVALKALKIAKGALKAL,,,1,ZP-8.5,4,dn,0.002
all_atom,dual,KIAKVALKALKIAKGALKAL,,,1,ZP-8.5,4,up,0.008
all_atom,dual,KIAKVALKALKIAKGALKAL,,,1,ZP-8.5,5,dn,0.006
all_atom,dual,KIAKVALKALKIAKGALKAL,,,1,ZP-8.5,5,up,0.018
all_atom,dual,KIAKVALKALKIAKGALKAL,,,1,ZP-9.5,1,dn,0.002
all_atom,dual,KIAKVALKALKIAKGALKAL,,,1,ZP-9.5,1,up,0.004
all_atom,dual,KIAKVALKALKIAKGALKAL,,,1,ZP-9.5,2,dn,0.001
all_atom,dual,KIAKVALKALKIAKGALKAL,,,1,ZP-9.5,2,up,0.003
all_atom,dual,KIAKVALKALKIAKGALKAL,,,1,ZP-9.5,3,dn,0.002
all_atom,dual,KIAKVALKALKIAKGALKAL,,,1,ZP-9.5,3,up,0.0
all_atom,dual,KIAKVALKALKIAKGALKAL,,,1,ZP-9.5,4,dn,0.0
all_atom,dual,KIAKVALKALKIAKGALKAL,,,1,ZP-9.5,4,up,0.001
all_atom,dual,KIAKVALKALKIAKGALKAL,,,1,ZP-9.5,5,dn,0.0
all_atom,dual,KIAKVALKALKIAKGALKAL,,,1,ZP-9.5,5,up,0.012
all_atom,dual,KIAKVALKALKIAKGALKAL,,,1,ZP0.5,1,dn,0.128
all_atom,dual,KIAKVALKALKIAKGALKAL,,,1,ZP0.5,1,up,0.097
all_atom,dual,KIAKVALKALKIAKGALKAL,,,1,ZP0.5,2,dn,0.107
all_atom,dual,KIAKVALKALKIAKGALKAL,,,1,ZP0.5,2,up,0.129
all_atom,dual,KIAKVALKALKIAKGALKAL,,,1,ZP0.5,3,dn,0.108
all_atom,dual,KIAKVALKALKIAKGALKAL,,,1,ZP0.5,3,up,0.147
all_atom,dual,KIAKVALKALKIAKGALKAL,,,1,ZP0.5,4,dn,0.119
all_atom,dual,KIAKVALKALKIAKGALKAL,,,1,ZP0.5,4,up,0.136
all_atom,dual,KIAKVALKALKIAKGALKAL,,,1,ZP0.5,5,dn,0.122
all_atom,dual,KIAKVALKALKIAKGALKAL,,,1,ZP0.5,5,up,0.114
all_atom,dual,KIAKVALKALKIAKGALKAL,,,1,ZP1.5,1,dn,0.124
all_atom,dual,KIAKVALKALKIAKGALKAL,,,1,ZP1.5,1,up,0.099
all_atom,dual,KIAKVALKALKIAKGALKAL,,,1,ZP1.5,2,dn,0.114
all_atom,dual,KIAKVALKALKIAKGALKAL,,,1,ZP1.5,2,up,0.112
all_atom,dual,KIAKVALKALKIAKGALKAL,,,1,ZP1.5,3,dn,0.115
all_atom,dual,KIAKVALKALKIAKGALKAL,,,1,ZP1.5,3,up,0.14
all_atom,dual,KIAKVALKALKIAKGALKAL,,,1,ZP1.5,4,dn,0.129
all_atom,dual,KIAKVALKALKIAKGALKAL,,,1,ZP1.5,4,up,0.121
all_atom,dual,KIAKVALKALKIAKGALKAL,,,1,ZP1.5,5,dn,0.087
all_atom,dual,KIAKVALKALKIAKGALKAL,,,1,ZP1.5,5,up,0.095
all_atom,dual,KIAKVALKALKIAKGALKAL,,,1,ZP2.5,1,dn,0.103
all_atom,dual,KIAKVALKALKIAKGALKAL,,,1,ZP2.5,1,up,0.052
all_atom,dual,KIAKVALKALKIAKGALKAL,,,1,ZP2.5,2,dn,0.082
all_atom,dual,KIAKVALKALKIAKGALKAL,,,1,ZP2.5,2,up,0.074
all_atom,dual,KIAKVALKALKIAKGALKAL,,,1,ZP2.5,3,dn,0.088
all_atom,dual,KIAKVALKALKIAKGALKAL,,,1,ZP2.5,3,up,0.089
all_atom,dual,KIAKVALKALKIAKGALKAL,,,1,ZP2.5,4,dn,0.126
all_atom,dual,KIAKVALKALKIAKGALKAL,,,1,ZP2.5,4,up,0.104
all_atom,dual,KIAKVALKALKIAKGALKAL,,,1,ZP2.5,5,dn,0.073
all_atom,dual,KIAKVALKALKIAKGALKAL,,,1,ZP2.5,5,up,0.062
all_atom,dual,KIAKVALKALKIAKGALKAL,,,1,ZP3.5,1,dn,0.081
all_atom,dual,KIAKVALKALKIAKGALKAL,,,1,ZP3.5,1,up,0.034
all_atom,dual,KIAKVALKALKIAKGALKAL,,,1,ZP3.5,2,dn,0.056
all_atom,dual,KIAKVALKALKIAKGALKAL,,,1,ZP3.5,2,up,0.059
all_atom,dual,KIAKVALKALKIAKGALKAL,,,1,ZP3.5,3,dn,0.071
all_atom,dual,KIAKVALKALKIAKGALKAL,,,1,ZP3.5,3,up,0.063
all_atom,dual,KIAKVALKALKIAKGALKAL,,,1,ZP3.5,4,dn,0.103
all_atom,dual,KIAKVALKALKIAKGALKAL,,,1,ZP3.5,4,up,0.079
all_atom,dual,KIAKVALKALKIAKGALKAL,,,1,ZP3.5,5,dn,0.031
all_atom,dual,KIAKVALKALKIAKGALKAL,,,1,ZP3.5,5,up,0.035
all_atom,dual,KIAKVALKALKIAKGALKAL,,,1,ZP4.5,1,dn,0.044
all_atom,dual,KIAKVALKALKIAKGALKAL,,,1,ZP4.5,1,up,0.017
all_atom,dual,KIAKVALKALKIAKGALKAL,,,1,ZP4.5,2,dn,0.036
all_atom,dual,KIAKVALKALKIAKGALKAL,,,1,ZP4.5,2,up,0.028
all_atom,dual,KIAKVALKALKIAKGALKAL,,,1,ZP4.5,3,dn,0.041
all_atom,dual,KIAKVALKALKIAKGALKAL,,,1,ZP4.5,3,up,0.038
all_atom,dual,KIAKVALKALKIAKGALKAL,,,1,ZP4.5,4,dn,0.072
all_atom,dual,KIAKVALKALKIAKGALKAL,,,1,ZP4.5,4,up,0.055
all_atom,dual,KIAKVALKALKIAKGALKAL,,,1,ZP4.5,5,dn,0.023
all_atom,dual,KIAKVALKALKIAKGALKAL,,,1,ZP4.5,5,up,0.022
all_atom,dual,KIAKVALKALKIAKGALKAL,,,1,ZP5.5,1,dn,0.02
all_atom,dual,KIAKVALKALKIAKGALKAL,,,1,ZP5.5,1,up,0.007
all_atom,dual,KIAKVALKALKIAKGALKAL,,,1,ZP5.5,2,dn,0.023
all_atom,dual,KIAKVALKALKIAKGALKAL,,,1,ZP5.5,2,up,0.017
all_atom,dual,KIAKVALKALKIAKGALKAL,,,1,ZP5.5,3,dn,0.019
all_atom,dual,KIAKVALKALKIAKGALKAL,,,1,ZP5.5,3,up,0.022
all_atom,dual,KIAKVALKALKIAKGALKAL,,,1,ZP5.5,4,dn,0.041
all_atom,dual,KIAKVALKALKIAKGALKAL,,,1,ZP5.5,4,up,0.031
all_atom,dual,KIAKVALKALKIAKGALKAL,,,1,ZP5.5,5,dn,0.013
all_atom,dual,KIAKVALKALKIAKGALKAL,,,1,ZP5.5,5,up,0.018
all_atom,dual,KIAKVALKALKIAKGALKAL,,,1,ZP6.5,1,dn,0.007
all_atom,dual,KIAKVALKALKIAKGALKAL,,,1,ZP6.5,1,up,0.004
all_atom,dual,KIAKVALKALKIAKGALKAL,,,1,ZP6.5,2,dn,0.01
all_atom,dual,KIAKVALKALKIAKGALKAL,,,1,ZP6.5,2,up,0.006
all_atom,dual,KIAKVALKALKIAKGALKAL,,,1,ZP6.5,3,dn,0.013
all_atom,dual,KIAKVALKALKIAKGALKAL,,,1,ZP6.5,3,up,0.015
all_atom,dual,KIAKVALKALKIAKGALKAL,,,1,ZP6.5,4,dn,0.014
all_atom,dual,KIAKVALKALKIAKGALKAL,,,1,ZP6.5,4,up,0.014
all_atom,dual,KIAKVALKALKIAKGALKAL,,,1,ZP6.5,5,dn,0.004
all_atom,dual,KIAKVALKALKIAKGALKAL,,,1,ZP6.5,5,up,0.009
all_atom,dual,KIAKVALKALKIAKGALKAL,,,1,ZP7.5,1,dn,0.004
all_atom,dual,KIAKVALKALKIAKGALKAL,,,1,ZP7.5,1,up,0.001
all_atom,dual,KIAKVALKALKIAKGALKAL,,,1,ZP7.5,2,dn,0.006
all_atom,dual,KIAKVALKALKIAKGALKAL,,,1,ZP7.5,2,up,0.001
all_atom,dual,KIAKVALKALKIAKGALKAL,,,1,ZP7.5,3,dn,0.006
all_atom,dual,KIAKVALKALKIAKGALKAL,,,1,ZP7.5,3,up,0.003
all_atom,dual,KIAKVALKALKIAKGALKAL,,,1,ZP7.5,4,dn,0.006
all_atom,dual,KIAKVALKALKIAKGALKAL,,,1,ZP7.5,4,up,0.003
all_atom,dual,KIAKVALKALKIAKGALKAL,,,1,ZP7.5,5,dn,0.001
all_atom,dual,KIAKVALKALKIAKGALKAL,,,1,ZP7.5,5,up,0.003
all_atom,dual,KIAKVALKALKIAKGALKAL,,,1,ZP8.5,1,dn,0.0
all_atom,dual,KIAKVALKALKIAKGALKAL,,,1,ZP8.5,1,up,0.0
all_atom,dual,KIAKVALKALKIAKGALKAL,,,1,ZP8.5,2,dn,0.001
all_atom,dual,KIAKVALKALKIAKGALKAL,,,1,ZP8.5,2,up,0.001
all_atom,dual,KIAKVALKALKIAKGALKAL,,,1,ZP8.5,3,dn,0.0
all_atom,dual,KIAKVALKALKIAKGALKAL,,,1,ZP8.5,3,up,0.002
all_atom,dual,KIAKVALKALKIAKGALKAL,,,1,ZP8.5,4,dn,0.003
all_atom,dual,KIAKVALKALKIAKGALKAL,,,1,ZP8.5,4,up,0.003
all_atom,dual,KIAKVALKALKIAKGALKAL,,,1,ZP8.5,5,dn,0.0
all_atom,dual,KIAKVALKALKIAKGALKAL,,,1,ZP8.5,5,up,0.001
all_atom,dual,KIAKVALKALKIAKGALKAL,,,1,ZP9.5,1,dn,0.0
all_atom,dual,KIAKVALKALKIAKGALKAL,,,1,ZP9.5,1,up,0.0
all_atom,dual,KIAKVALKALKIAKGALKAL,,,1,ZP9.5,2,dn,0.001
all_atom,dual,KIAKVALKALKIAKGALKAL,,,1,ZP9.5,2,up,0.0
all_atom,dual,KIAKVALKALKIAKGALKAL,,,1,ZP9.5,3,dn,0.001
all_atom,dual,KIAKVALKALKIAKGALKAL,,,1,ZP9.5,3,up,0.0
all_atom,dual,KIAKVALKALKIAKGALKAL,,,1,ZP9.5,4,dn,0.0
all_atom,dual,KIAKVALKALKIAKGALKAL,,,1,ZP9.5,4,up,0.0
all_atom,dual,KIAKVALKALKIAKGALKAL,,,1,ZP9.5,5,dn,0.0
all_atom,dual,KIAKVALKALKIAKGALKAL,,,1,ZP9.5,5,up,0.0
all_atom,dual,KKAWKSKLAKKLRAKGK,,,0,APLA12.5,1,dn,57.131
all_atom,dual,KKAWKSKLAKKLRAKGK,,,0,APLA12.5,1,up,59.112
all_atom,dual,KKAWKSKLAKKLRAKGK,,,0,APLA12.5,2,dn,56.186
all_atom,dual,KKAWKSKLAKKLRAKGK,,,0,APLA12.5,2,up,59.188
all_atom,dual,KKAWKSKLAKKLRAKGK,,,0,APLA12.5,3,dn,57.129
all_atom,dual,KKAWKSKLAKKLRAKGK,,,0,APLA12.5,3,up,58.996
all_atom,dual,KKAWKSKLAKKLRAKGK,,,0,APLA12.5,4,dn,57.347
all_atom,dual,KKAWKSKLAKKLRAKGK,,,0,APLA12.5,4,up,60.456
all_atom,dual,KKAWKSKLAKKLRAKGK,,,0,APLA12.5,5,dn,57.135
all_atom,dual,KKAWKSKLAKKLRAKGK,,,0,APLA12.5,5,up,61.311
all_atom,dual,KKAWKSKLAKKLRAKGK,,,0,APLA17.5,1,dn,58.482
all_atom,dual,KKAWKSKLAKKLRAKGK,,,0,APLA17.5,1,up,60.22
all_atom,dual,KKAWKSKLAKKLRAKGK,,,0,APLA17.5,2,dn,56.768
all_atom,dual,KKAWKSKLAKKLRAKGK,,,0,APLA17.5,2,up,59.561
all_atom,dual,KKAWKSKLAKKLRAKGK,,,0,APLA17.5,3,dn,56.982
all_atom,dual,KKAWKSKLAKKLRAKGK,,,0,APLA17.5,3,up,58.673
all_atom,dual,KKAWKSKLAKKLRAKGK,,,0,APLA17.5,4,dn,57.424
all_atom,dual,KKAWKSKLAKKLRAKGK,,,0,APLA17.5,4,up,58.405
all_atom,dual,KKAWKSKLAKKLRAKGK,,,0,APLA17.5,5,dn,57.688
all_atom,dual,KKAWKSKLAKKLRAKGK,,,0,APLA17.5,5,up,59.915
all_atom,dual,KKAWKSKLAKKLRAKGK,,,0,APLA2.5,1,dn,68.645
all_atom,dual,KKAWKSKLAKKLRAKGK,,,0,APLA2.5,1,up,59.203
all_atom,dual,KKAWKSKLAKKLRAKGK,,,0,APLA2.5,2,dn,67.578
all_atom,dual,KKAWKSKLAKKLRAKGK,,,0,APLA2.5,2,up,57.086
all_atom,dual,KKAWKSKLAKKLRAKGK,,,0,APLA2.5,3,dn,67.86
all_atom,dual,KKAWKSKLAKKLRAKGK,,,0,APLA2.5,3,up,60.359
all_atom,dual,KKAWKSKLAKKLRAKGK,,,0,APLA2.5,4,dn,67.968
all_atom,dual,KKAWKSKLAKKLRAKGK,,,0,APLA2.5,4,up,61.172
all_atom,dual,KKAWKSKLAKKLRAKGK,,,0,APLA2.5,5,dn,74.024
all_atom,dual,KKAWKSKLAKKLRAKGK,,,0,APLA2.5,5,up,59.683
all_atom,dual,KKAWKSKLAKKLRAKGK,,,0,APLA7.5,1,dn,55.873
all_atom,dual,KKAWKSKLAKKLRAKGK,,,0,APLA7.5,1,up,56.506
all_atom,dual,KKAWKSKLAKKLRAKGK,,,0,APLA7.5,2,dn,55.34
all_atom,dual,KKAWKSKLAKKLRAKGK,,,0,APLA7.5,2,up,58.897
all_atom,dual,KKAWKSKLAKKLRAKGK,,,0,APLA7.5,3,dn,56.625
all_atom,dual,KKAWKSKLAKKLRAKGK,,,0,APLA7.5,3,up,58.409
all_atom,dual,KKAWKSKLAKKLRAKGK,,,0,APLA7.5,4,dn,57.901
all_atom,dual,KKAWKSKLAKKLRAKGK,,,0,APLA7.5,4,up,60.215
all_atom,dual,KKAWKSKLAKKLRAKGK,,,0,APLA7.5,5,dn,56.783
all_atom,dual,KKAWKSKLAKKLRAKGK,,,0,APLA7.5,5,up,61.191
all_atom,dual,KKAWKSKLAKKLRAKGK,,,0,APLS12.5,1,dn,4.151
all_atom,dual,KKAWKSKLAKKLRAKGK,,,0,APLS12.5,1,up,4.471
all_atom,dual,KKAWKSKLAKKLRAKGK,,,0,APLS12.5,2,dn,3.812
all_atom,dual,KKAWKSKLAKKLRAKGK,,,0,APLS12.5,2,up,3.662
all_atom,dual,KKAWKSKLAKKLRAKGK,,,0,APLS12.5,3,dn,3.77
all_atom,dual,KKAWKSKLAKKLRAKGK,,,0,APLS12.5,3,up,3.732
all_atom,dual,KKAWKSKLAKKLRAKGK,,,0,APLS12.5,4,dn,3.504
all_atom,dual,KKAWKSKLAKKLRAKGK,,,0,APLS12.5,4,up,4.324
all_atom,dual,KKAWKSKLAKKLRAKGK,,,0,APLS12.5,5,dn,3.994
all_atom,dual,KKAWKSKLAKKLRAKGK,,,0,APLS12.5,5,up,3.575
all_atom,dual,KKAWKSKLAKKLRAKGK,,,0,APLS17.5,1,dn,3.716
all_atom,dual,KKAWKSKLAKKLRAKGK,,,0,APLS17.5,1,up,4.142
all_atom,dual,KKAWKSKLAKKLRAKGK,,,0,APLS17.5,2,dn,3.194
all_atom,dual,KKAWKSKLAKKLRAKGK,,,0,APLS17.5,2,up,3.689
all_atom,dual,KKAWKSKLAKKLRAKGK,,,0,APLS17.5,3,dn,3.167
all_atom,dual,KKAWKSKLAKKLRAKGK,,,0,APLS17.5,3,up,3.684
all_atom,dual,KKAWKSKLAKKLRAKGK,,,0,APLS17.5,4,dn,3.363
all_atom,dual,KKAWKSKLAKKLRAKGK,,,0,APLS17.5,4,up,3.352
all_atom,dual,KKAWKSKLAKKLRAKGK,,,0,APLS17.5,5,dn,3.218
all_atom,dual,KKAWKSKLAKKLRAKGK,,,0,APLS17.5,5,up,4.164
all_atom,dual,KKAWKSKLAKKLRAKGK,,,0,APLS2.5,1,dn,5.871
all_atom,dual,KKAWKSKLAKKLRAKGK,,,0,APLS2.5,1,up,5.504
all_atom,dual,KKAWKSKLAKKLRAKGK,,,0,APLS2.5,2,dn,5.597
all_atom,dual,KKAWKSKLAKKLRAKGK,,,0,APLS2.5,2,up,4.049
all_atom,dual,KKAWKSKLAKKLRAKGK,,,0,APLS2.5,3,dn,6.293
all_atom,dual,KKAWKSKLAKKLRAKGK,,,0,APLS2.5,3,up,4.131
all_atom,dual,KKAWKSKLAKKLRAKGK,,,0,APLS2.5,4,dn,5.12
all_atom,dual,KKAWKSKLAKKLRAKGK,,,0,APLS2.5,4,up,3.838
all_atom,dual,KKAWKSKLAKKLRAKGK,,,0,APLS2.5,5,dn,5.858
all_atom,dual,KKAWKSKLAKKLRAKGK,,,0,APLS2.5,5,up,3.672
all_atom,dual,KKAWKSKLAKKLRAKGK,,,0,APLS7.5,1,dn,4.598
all_atom,dual,KKAWKSKLAKKLRAKGK,,,0,APLS7.5,1,up,4.629
all_atom,dual,KKAWKSKLAKKLRAKGK,,,0,APLS7.5,2,dn,4.417
all_atom,dual,KKAWKSKLAKKLRAKGK,,,0,APLS7.5,2,up,4.643
all_atom,dual,KKAWKSKLAKKLRAKGK,,,0,APLS7.5,3,dn,3.956
all_atom,dual,KKAWKSKLAKKLRAKGK,,,0,APLS7.5,3,up,3.643
all_atom,dual,KKAWKSKLAKKLRAKGK,,,0,APLS7.5,4,dn,4.842
all_atom,dual,KKAWKSKLAKKLRAKGK,,,0,APLS7.5,4,up,4.788
all_atom,dual,KKAWKSKLAKKLRAKGK,,,0,APLS7.5,5,dn,4.48
all_atom,dual,KKAWKSKLAKKLRAKGK,,,0,APLS7.5,5,up,4.09
all_atom,dual,KKAWKSKLAKKLRAKGK,,,0,H0,1,dn,0.0
all_atom,dual,KKAWKSKLAKKLRAKGK,,,0,H0,1,up,0.0
all_atom,dual,KKAWKSKLAKKLRAKGK,,,0,H0,2,dn,0.0
all_atom,dual,KKAWKSKLAKKLRAKGK,,,0,H0,2,up,0.0
all_atom,dual,KKAWKSKLAKKLRAKGK,,,0,H0,3,dn,0.0
all_atom,dual,KKAWKSKLAKKLRAKGK,,,0,H0,3,up,0.0
all_atom,dual,KKAWKSKLAKKLRAKGK,,,0,H0,4,dn,0.0
all_atom,dual,KKAWKSKLAKKLRAKGK,,,0,H0,4,up,0.0
all_atom,dual,KKAWKSKLAKKLRAKGK,,,0,H0,5,dn,0.0
all_atom,dual,KKAWKSKLAKKLRAKGK,,,0,H0,5,up,0.0
all_atom,dual,KKAWKSKLAKKLRAKGK,,,0,H1,1,dn,0.964
all_atom,dual,KKAWKSKLAKKLRAKGK,,,0,H1,1,up,0.032
all_atom,dual,KKAWKSKLAKKLRAKGK,,,0,H1,2,dn,0.6
all_atom,dual,KKAWKSKLAKKLRAKGK,,,0,H1,2,up,0.048
all_atom,dual,KKAWKSKLAKKLRAKGK,,,0,H1,3,dn,0.739
all_atom,dual,KKAWKSKLAKKLRAKGK,,,0,H1,3,up,0.0
all_atom,dual,KKAWKSKLAKKLRAKGK,,,0,H1,4,dn,0.861
all_atom,dual,KKAWKSKLAKKLRAKGK,,,0,H1,4,up,0.0
all_atom,dual,KKAWKSKLAKKLRAKGK,,,0,H1,5,dn,0.929
all_atom,dual,KKAWKSKLAKKLRAKGK,,,0,H1,5,up,0.0
all_atom,dual,KKAWKSKLAKKLRAKGK,,,0,H10,1,dn,0.0
all_atom,dual,KKAWKSKLAKKLRAKGK,,,0,H10,1,up,0.0
all_atom,dual,KKAWKSKLAKKLRAKGK,,,0,H10,2,dn,0.0
all_atom,dual,KKAWKSKLAKKLRAKGK,,,0,H10,2,up,0.0
all_atom,dual,KKAWKSKLAKKLRAKGK,,,0,H10,3,dn,0.0
all_atom,dual,KKAWKSKLAKKLRAKGK,,,0,H10,3,up,0.0
all_atom,dual,KKAWKSKLAKKLRAKGK,,,0,H10,4,dn,0.0
all_atom,dual,KKAWKSKLAKKLRAKGK,,,0,H10,4,up,0.0
all_atom,dual,KKAWKSKLAKKLRAKGK,,,0,H10,5,dn,0.0
all_atom,dual,KKAWKSKLAKKLRAKGK,,,0,H10,5,up,0.0
all_atom,dual,KKAWKSKLAKKLRAKGK,,,0,H2,1,dn,1.0
all_atom,dual,KKAWKSKLAKKLRAKGK,,,0,H2,1,up,0.982
all_atom,dual,KKAWKSKLAKKLRAKGK,,,0,H2,2,dn,1.0
all_atom,dual,KKAWKSKLAKKLRAKGK,,,0,H2,2,up,0.646
all_atom,dual,KKAWKSKLAKKLRAKGK,,,0,H2,3,dn,1.0
all_atom,dual,KKAWKSKLAKKLRAKGK,,,0,H2,3,up,0.253
all_atom,dual,KKAWKSKLAKKLRAKGK,,,0,H2,4,dn,1.0
all_atom,dual,KKAWKSKLAKKLRAKGK,,,0,H2,4,up,0.606
all_atom,dual,KKAWKSKLAKKLRAKGK,,,0,H2,5,dn,1.0
all_atom,dual,KKAWKSKLAKKLRAKGK,,,0,H2,5,up,0.739
all_atom,dual,KKAWKSKLAKKLRAKGK,,,0,H3,1,dn,1.0
all_atom,dual,KKAWKSKLAKKLRAKGK,,,0,H3,1,up,0.99
all_atom,dual,KKAWKSKLAKKLRAKGK,,,0,H3,2,dn,1.0
all_atom,dual,KKAWKSKLAKKLRAKGK,,,0,H3,2,up,0.756
all_atom,dual,KKAWKSKLAKKLRAKGK,,,0,H3,3,dn,1.0
all_atom,dual,KKAWKSKLAKKLRAKGK,,,0,H3,3,up,0.396
all_atom,dual,KKAWKSKLAKKLRAKGK,,,0,H3,4,dn,1.0
all_atom,dual,KKAWKSKLAKKLRAKGK,,,0,H3,4,up,0.693
all_atom,dual,KKAWKSKLAKKLRAKGK,,,0,H3,5,dn,1.0
all_atom,dual,KKAWKSKLAKKLRAKGK,,,0,H3,5,up,0.762
all_atom,dual,KKAWKSKLAKKLRAKGK,,,0,H4,1,dn,0.976
all_atom,dual,KKAWKSKLAKKLRAKGK,,,0,H4,1,up,0.994
all_atom,dual,KKAWKSKLAKKLRAKGK,,,0,H4,2,dn,1.0
all_atom,dual,KKAWKSKLAKKLRAKGK,,,0,H4,2,up,0.758
all_atom,dual,KKAWKSKLAKKLRAKGK,,,0,H4,3,dn,0.996
all_atom,dual,KKAWKSKLAKKLRAKGK,,,0,H4,3,up,0.218
all_atom,dual,KKAWKSKLAKKLRAKGK,,,0,H4,4,dn,1.0
all_atom,dual,KKAWKSKLAKKLRAKGK,,,0,H4,4,up,0.374
all_atom,dual,KKAWKSKLAKKLRAKGK,,,0,H4,5,dn,1.0
all_atom,dual,KKAWKSKLAKKLRAKGK,,,0,H4,5,up,0.339
all_atom,dual,KKAWKSKLAKKLRAKGK,,,0,H5,1,dn,0.842
all_atom,dual,KKAWKSKLAKKLRAKGK,,,0,H5,1,up,1.0
all_atom,dual,KKAWKSKLAKKLRAKGK,,,0,H5,2,dn,1.0
all_atom,dual,KKAWKSKLAKKLRAKGK,,,0,H5,2,up,0.653
all_atom,dual,KKAWKSKLAKKLRAKGK,,,0,H5,3,dn,0.97
all_atom,dual,KKAWKSKLAKKLRAKGK,,,0,H5,3,up,0.0
all_atom,dual,KKAWKSKLAKKLRAKGK,,,0,H5,4,dn,1.0
all_atom,dual,KKAWKSKLAKKLRAKGK,,,0,H5,4,up,0.0
all_atom,dual,KKAWKSKLAKKLRAKGK,,,0,H5,5,dn,1.0
all_atom,dual,KKAWKSKLAKKLRAKGK,,,0,H5,5,up,0.0
all_atom,dual,KKAWKSKLAKKLRAKGK,,,0,H6,1,dn,0.99
all_atom,dual,KKAWKSKLAKKLRAKGK,,,0,H6,1,up,0.945
all_atom,dual,KKAWKSKLAKKLRAKGK,,,0,H6,2,dn,1.0
all_atom,dual,KKAWKSKLAKKLRAKGK,,,0,H6,2,up,0.6
all_atom,dual,KKAWKSKLAKKLRAKGK,,,0,H6,3,dn,0.964
all_atom,dual,KKAWKSKLAKKLRAKGK,,,0,H6,3,up,0.0
all_atom,dual,KKAWKSKLAKKLRAKGK,,,0,H6,4,dn,0.994
all_atom,dual,KKAWKSKLAKKLRAKGK,,,0,H6,4,up,0.0
all_atom,dual,KKAWKSKLAKKLRAKGK,,,0,H6,5,dn,1.0
all_atom,dual,KKAWKSKLAKKLRAKGK,,,0,H6,5,up,0.0
all_atom,dual,KKAWKSKLAKKLRAKGK,,,0,H7,1,dn,0.976
all_atom,dual,KKAWKSKLAKKLRAKGK,,,0,H7,1,up,0.685
all_atom,dual,KKAWKSKLAKKLRAKGK,,,0,H7,2,dn,0.956
all_atom,dual,KKAWKSKLAKKLRAKGK,,,0,H7,2,up,0.269
all_atom,dual,KKAWKSKLAKKLRAKGK,,,0,H7,3,dn,0.788
all_atom,dual,KKAWKSKLAKKLRAKGK,,,0,H7,3,up,0.0
all_atom,dual,KKAWKSKLAKKLRAKGK,,,0,H7,4,dn,0.933
all_atom,dual,KKAWKSKLAKKLRAKGK,,,0,H7,4,up,0.0
all_atom,dual,KKAWKSKLAKKLRAKGK,,,0,H7,5,dn,0.974
all_atom,dual,KKAWKSKLAKKLRAKGK,,,0,H7,5,up,0.0
all_atom,dual,KKAWKSKLAKKLRAKGK,,,0,H8,1,dn,0.85
all_atom,dual,KKAWKSKLAKKLRAKGK,,,0,H8,1,up,0.345
all_atom,dual,KKAWKSKLAKKLRAKGK,,,0,H8,2,dn,0.616
all_atom,dual,KKAWKSKLAKKLRAKGK,,,0,H8,2,up,0.0
all_atom,dual,KKAWKSKLAKKLRAKGK,,,0,H8,3,dn,0.36
all_atom,dual,KKAWKSKLAKKLRAKGK,,,0,H8,3,up,0.0
all_atom,dual,KKAWKSKLAKKLRAKGK,,,0,H8,4,dn,0.655
all_atom,dual,KKAWKSKLAKKLRAKGK,,,0,H8,4,up,0.0
all_atom,dual,KKAWKSKLAKKLRAKGK,,,0,H8,5,dn,0.697
all_atom,dual,KKAWKSKLAKKLRAKGK,,,0,H8,5,up,0.0
all_atom,dual,KKAWKSKLAKKLRAKGK,,,0,H9,1,dn,0.556
all_atom,dual,KKAWKSKLAKKLRAKGK,,,0,H9,1,up,0.073
all_atom,dual,KKAWKSKLAKKLRAKGK,,,0,H9,2,dn,0.198
all_atom,dual,KKAWKSKLAKKLRAKGK,,,0,H9,2,up,0.0
all_atom,dual,KKAWKSKLAKKLRAKGK,,,0,H9,3,dn,0.131
all_atom,dual,KKAWKSKLAKKLRAKGK,,,0,H9,3,up,0.0
all_atom,dual,KKAWKSKLAKKLRAKGK,,,0,H9,4,dn,0.178
all_atom,dual,KKAWKSKLAKKLRAKGK,,,0,H9,4,up,0.0
all_atom,dual,KKAWKSKLAKKLRAKGK,,,0,H9,5,dn,0.265
all_atom,dual,KKAWKSKLAKKLRAKGK,,,0,H9,5,up,0.0
all_atom,dual,KKAWKSKLAKKLRAKGK,,,0,HM,1,dn,0.794
all_atom,dual,KKAWKSKLAKKLRAKGK,,,0,HM,1,up,0.561
all_atom,dual,KKAWKSKLAKKLRAKGK,,,0,HM,2,dn,0.688
all_atom,dual,KKAWKSKLAKKLRAKGK,,,0,HM,2,up,0.348
all_atom,dual,KKAWKSKLAKKLRAKGK,,,0,HM,3,dn,0.655
all_atom,dual,KKAWKSKLAKKLRAKGK,,,0,HM,3,up,0.081
all_atom,dual,KKAWKSKLAKKLRAKGK,,,0,HM,4,dn,0.726
all_atom,dual,KKAWKSKLAKKLRAKGK,,,0,HM,4,up,0.153
all_atom,dual,KKAWKSKLAKKLRAKGK,,,0,HM,5,dn,0.752
all_atom,dual,KKAWKSKLAKKLRAKGK,,,0,HM,5,up,0.166
all_atom,dual,KKAWKSKLAKKLRAKGK,,,0,PEPT_BUR_MAX,1,dn,11.26
all_atom,dual,KKAWKSKLAKKLRAKGK,,,0,PEPT_BUR_MAX,1,up,12.49
all_atom,dual,KKAWKSKLAKKLRAKGK,,,0,PEPT_BUR_MAX,2,dn,11.26
all_atom,dual,KKAWKSKLAKKLRAKGK,,,0,PEPT_BUR_MAX,2,up,14.59
all_atom,dual,KKAWKSKLAKKLRAKGK,,,0,PEPT_BUR_MAX,3,dn,11.77
all_atom,dual,KKAWKSKLAKKLRAKGK,,,0,PEPT_BUR_MAX,3,up,15.03
all_atom,dual,KKAWKSKLAKKLRAKGK,,,0,PEPT_BUR_MAX,4,dn,11.57
all_atom,dual,KKAWKSKLAKKLRAKGK,,,0,PEPT_BUR_MAX,4,up,11.57
all_atom,dual,KKAWKSKLAKKLRAKGK,,,0,PEPT_BUR_MAX,5,dn,12.25
all_atom,dual,KKAWKSKLAKKLRAKGK,,,0,PEPT_BUR_MAX,5,up,12.52
all_atom,dual,KKAWKSKLAKKLRAKGK,,,0,S,1,dn,0.451
all_atom,dual,KKAWKSKLAKKLRAKGK,,,0,S,1,up,0.179
all_atom,dual,KKAWKSKLAKKLRAKGK,,,0,S,2,dn,0.484
all_atom,dual,KKAWKSKLAKKLRAKGK,,,0,S,2,up,0.121
all_atom,dual,KKAWKSKLAKKLRAKGK,,,0,S,3,dn,0.382
all_atom,dual,KKAWKSKLAKKLRAKGK,,,0,S,3,up,0.082
all_atom,dual,KKAWKSKLAKKLRAKGK,,,0,S,4,dn,0.432
all_atom,dual,KKAWKSKLAKKLRAKGK,,,0,S,4,up,0.209
all_atom,dual,KKAWKSKLAKKLRAKGK,,,0,S,5,dn,0.533
all_atom,dual,KKAWKSKLAKKLRAKGK,,,0,S,5,up,0.148
all_atom,dual,KKAWKSKLAKKLRAKGK,,,0,WAT_BUR_MAX,1,dn,11.19
all_atom,dual,KKAWKSKLAKKLRAKGK,,,0,WAT_BUR_MAX,1,up,9.71
all_atom,dual,KKAWKSKLAKKLRAKGK,,,0,WAT_BUR_MAX,2,dn,11.01
all_atom,dual,KKAWKSKLAKKLRAKGK,,,0,WAT_BUR_MAX,2,up,12.61
all_atom,dual,KKAWKSKLAKKLRAKGK,,,0,WAT_BUR_MAX,3,dn,10.25
all_atom,dual,KKAWKSKLAKKLRAKGK,,,0,WAT_BUR_MAX,3,up,12.5
all_atom,dual,KKAWKSKLAKKLRAKGK,,,0,WAT_BUR_MAX,4,dn,9.92
all_atom,dual,KKAWKSKLAKKLRAKGK,,,0,WAT_BUR_MAX,4,up,9.36
all_atom,dual,KKAWKSKLAKKLRAKGK,,,0,WAT_BUR_MAX,5,dn,10.22
all_atom,dual,KKAWKSKLAKKLRAKGK,,,0,WAT_BUR_MAX,5,up,12.02
all_atom,dual,KKAWKSKLAKKLRAKGK,,,0,WAT_BUR_REL,1,dn,-0.44
all_atom,dual,KKAWKSKLAKKLRAKGK,,,0,WAT_BUR_REL,1,up,-1.63
all_atom,dual,KKAWKSKLAKKLRAKGK,,,0,WAT_BUR_REL,2,dn,-0.13
all_atom,dual,KKAWKSKLAKKLRAKGK,,,0,WAT_BUR_REL,2,up,-2.47
all_atom,dual,KKAWKSKLAKKLRAKGK,,,0,WAT_BUR_REL,3,dn,-0.09
all_atom,dual,KKAWKSKLAKKLRAKGK,,,0,WAT_BUR_REL,3,up,-2.23
all_atom,dual,KKAWKSKLAKKLRAKGK,,,0,WAT_BUR_REL,4,dn,-1.28
all_atom,dual,KKAWKSKLAKKLRAKGK,,,0,WAT_BUR_REL,4,up,-2.21
all_atom,dual,KKAWKSKLAKKLRAKGK,,,0,WAT_BUR_REL,5,dn,0.2
all_atom,dual,KKAWKSKLAKKLRAKGK,,,0,WAT_BUR_REL,5,up,-2.14
all_atom,dual,KKAWKSKLAKKLRAKGK,,,0,ZP-0.5,1,dn,0.163
all_atom,dual,KKAWKSKLAKKLRAKGK,,,0,ZP-0.5,1,up,0.154
all_atom,dual,KKAWKSKLAKKLRAKGK,,,0,ZP-0.5,2,dn,0.123
all_atom,dual,KKAWKSKLAKKLRAKGK,,,0,ZP-0.5,2,up,0.181
all_atom,dual,KKAWKSKLAKKLRAKGK,,,0,ZP-0.5,3,dn,0.137
all_atom,dual,KKAWKSKLAKKLRAKGK,,,0,ZP-0.5,3,up,0.159
all_atom,dual,KKAWKSKLAKKLRAKGK,,,0,ZP-0.5,4,dn,0.116
all_atom,dual,KKAWKSKLAKKLRAKGK,,,0,ZP-0.5,4,up,0.152
all_atom,dual,KKAWKSKLAKKLRAKGK,,,0,ZP-0.5,5,dn,0.142
all_atom,dual,KKAWKSKLAKKLRAKGK,,,0,ZP-0.5,5,up,0.158
all_atom,dual,KKAWKSKLAKKLRAKGK,,,0,ZP-1.5,1,dn,0.153
all_atom,dual,KKAWKSKLAKKLRAKGK,,,0,ZP-1.5,1,up,0.165
all_atom,dual,KKAWKSKLAKKLRAKGK,,,0,ZP-1.5,2,dn,0.114
all_atom,dual,KKAWKSKLAKKLRAKGK,,,0,ZP-1.5,2,up,0.153
all_atom,dual,KKAWKSKLAKKLRAKGK,,,0,ZP-1.5,3,dn,0.103
all_atom,dual,KKAWKSKLAKKLRAKGK,,,0,ZP-1.5,3,up,0.134
all_atom,dual,KKAWKSKLAKKLRAKGK,,,0,ZP-1.5,4,dn,0.121
all_atom,dual,KKAWKSKLAKKLRAKGK,,,0,ZP-1.5,4,up,0.137
all_atom,dual,KKAWKSKLAKKLRAKGK,,,0,ZP-1.5,5,dn,0.131
all_atom,dual,KKAWKSKLAKKLRAKGK,,,0,ZP-1.5,5,up,0.139
all_atom,dual,KKAWKSKLAKKLRAKGK,,,0,ZP-2.5,1,dn,0.12
all_atom,dual,KKAWKSKLAKKLRAKGK,,,0,ZP-2.5,1,up,0.116
all_atom,dual,KKAWKSKLAKKLRAKGK,,,0,ZP-2.5,2,dn,0.121
all_atom,dual,KKAWKSKLAKKLRAKGK,,,0,ZP-2.5,2,up,0.111
all_atom,dual,KKAWKSKLAKKLRAKGK,,,0,ZP-2.5,3,dn,0.091
all_atom,dual,KKAWKSKLAKKLRAKGK,,,0,ZP-2.5,3,up,0.095
all_atom,dual,KKAWKSKLAKKLRAKGK,,,0,ZP-2.5,4,dn,0.096
all_atom,dual,KKAWKSKLAKKLRAKGK,,,0,ZP-2.5,4,up,0.108
all_atom,dual,KKAWKSKLAKKLRAKGK,,,0,ZP-2.5,5,dn,0.109
all_atom,dual,KKAWKSKLAKKLRAKGK,,,0,ZP-2.5,5,up,0.106
all_atom,dual,KKAWKSKLAKKLRAKGK,,,0,ZP-3.5,1,dn,0.081
all_atom,dual,KKAWKSKLAKKLRAKGK,,,0,ZP-3.5,1,up,0.116
all_atom,dual,KKAWKSKLAKKLRAKGK,,,0,ZP-3.5,2,dn,0.081
all_atom,dual,KKAWKSKLAKKLRAKGK,,,0,ZP-3.5,2,up,0.092
all_atom,dual,KKAWKSKLAKKLRAKGK,,,0,ZP-3.5,3,dn,0.083
all_atom,dual,KKAWKSKLAKKLRAKGK,,,0,ZP-3.5,3,up,0.052
all_atom,dual,KKAWKSKLAKKLRAKGK,,,0,ZP-3.5,4,dn,0.076
all_atom,dual,KKAWKSKLAKKLRAKGK,,,0,ZP-3.5,4,up,0.087
all_atom,dual,KKAWKSKLAKKLRAKGK,,,0,ZP-3.5,5,dn,0.067
all_atom,dual,KKAWKSKLAKKLRAKGK,,,0,ZP-3.5,5,up,0.069
all_atom,dual,KKAWKSKLAKKLRAKGK,,,0,ZP-4.5,1,dn,0.05
all_atom,dual,KKAWKSKLAKKLRAKGK,,,0,ZP-4.5,1,up,0.075
all_atom,dual,KKAWKSKLAKKLRAKGK,,,0,ZP-4.5,2,dn,0.071
all_atom,dual,KKAWKSKLAKKLRAKGK,,,0,ZP-4.5,2,up,0.055
all_atom,dual,KKAWKSKLAKKLRAKGK,,,0,ZP-4.5,3,dn,0.045
all_atom,dual,KKAWKSKLAKKLRAKGK,,,0,ZP-4.5,3,up,0.027
all_atom,dual,KKAWKSKLAKKLRAKGK,,,0,ZP-4.5,4,dn,0.062
all_atom,dual,KKAWKSKLAKKLRAKGK,,,0,ZP-4.5,4,up,0.047
all_atom,dual,KKAWKSKLAKKLRAKGK,,,0,ZP-4.5,5,dn,0.045
all_atom,dual,KKAWKSKLAKKLRAKGK,,,0,ZP-4.5,5,up,0.045
all_atom,dual,KKAWKSKLAKKLRAKGK,,,0,ZP-5.5,1,dn,0.031
all_atom,dual,KKAWKSKLAKKLRAKGK,,,0,ZP-5.5,1,up,0.029
all_atom,dual,KKAWKSKLAKKLRAKGK,,,0,ZP-5.5,2,dn,0.034
all_atom,dual,KKAWKSKLAKKLRAKGK,,,0,ZP-5.5,2,up,0.029
all_atom,dual,KKAWKSKLAKKLRAKGK,,,0,ZP-5.5,3,dn,0.039
all_atom,dual,KKAWKSKLAKKLRAKGK,,,0,ZP-5.5,3,up,0.016
all_atom,dual,KKAWKSKLAKKLRAKGK,,,0,ZP-5.5,4,dn,0.03
all_atom,dual,KKAWKSKLAKKLRAKGK,,,0,ZP-5.5,4,up,0.033
all_atom,dual,KKAWKSKLAKKLRAKGK,,,0,ZP-5.5,5,dn,0.02
all_atom,dual,KKAWKSKLAKKLRAKGK,,,0,ZP-5.5,5,up,0.028
all_atom,dual,KKAWKSKLAKKLRAKGK,,,0,ZP-6.5,1,dn,0.008
all_atom,dual,KKAWKSKLAKKLRAKGK,,,0,ZP-6.5,1,up,0.015
all_atom,dual,KKAWKSKLAKKLRAKGK,,,0,ZP-6.5,2,dn,0.02
all_atom,dual,KKAWKSKLAKKLRAKGK,,,0,ZP-6.5,2,up,0.009
all_atom,dual,KKAWKSKLAKKLRAKGK,,,0,ZP-6.5,3,dn,0.021
all_atom,dual,KKAWKSKLAKKLRAKGK,,,0,ZP-6.5,3,up,0.003
all_atom,dual,KKAWKSKLAKKLRAKGK,,,0,ZP-6.5,4,dn,0.017
all_atom,dual,KKAWKSKLAKKLRAKGK,,,0,ZP-6.5,4,up,0.018
all_atom,dual,KKAWKSKLAKKLRAKGK,,,0,ZP-6.5,5,dn,0.007
all_atom,dual,KKAWKSKLAKKLRAKGK,,,0,ZP-6.5,5,up,0.025
all_atom,dual,KKAWKSKLAKKLRAKGK,,,0,ZP-7.5,1,dn,0.005
all_atom,dual,KKAWKSKLAKKLRAKGK,,,0,ZP-7.5,1,up,0.007
all_atom,dual,KKAWKSKLAKKLRAKGK,,,0,ZP-7.5,2,dn,0.004
all_atom,dual,KKAWKSKLAKKLRAKGK,,,0,ZP-7.5,2,up,0.003
all_atom,dual,KKAWKSKLAKKLRAKGK,,,0,ZP-7.5,3,dn,0.007
all_atom,dual,KKAWKSKLAKKLRAKGK,,,0,ZP-7.5,3,up,0.001
all_atom,dual,KKAWKSKLAKKLRAKGK,,,0,ZP-7.5,4,dn,0.017
all_atom,dual,KKAWKSKLAKKLRAKGK,,,0,ZP-7.5,4,up,0.006
all_atom,dual,KKAWKSKLAKKLRAKGK,,,0,ZP-7.5,5,dn,0.001
all_atom,dual,KKAWKSKLAKKLRAKGK,,,0,ZP-7.5,5,up,0.004
all_atom,dual,KKAWKSKLAKKLRAKGK,,,0,ZP-8.5,1,dn,0.0
all_atom,dual,KKAWKSKLAKKLRAKGK,,,0,ZP-8.5,1,up,0.004
all_atom,dual,KKAWKSKLAKKLRAKGK,,,0,ZP-8.5,2,dn,0.003
all_atom,dual,KKAWKSKLAKKLRAKGK,,,0,ZP-8.5,2,up,0.001
all_atom,dual,KKAWKSKLAKKLRAKGK,,,0,ZP-8.5,3,dn,0.002
all_atom,dual,KKAWKSKLAKKLRAKGK,,,0,ZP-8.5,3,up,0.0
all_atom,dual,KKAWKSKLAKKLRAKGK,,,0,ZP-8.5,4,dn,0.006
all_atom,dual,KKAWKSKLAKKLRAKGK,,,0,ZP-8.5,4,up,0.003
all_atom,dual,KKAWKSKLAKKLRAKGK,,,0,ZP-8.5,5,dn,0.003
all_atom,dual,KKAWKSKLAKKLRAKGK,,,0,ZP-8.5,5,up,0.004
all_atom,dual,KKAWKSKLAKKLRAKGK,,,0,ZP-9.5,1,dn,0.0
all_atom,dual,KKAWKSKLAKKLRAKGK,,,0,ZP-9.5,1,up,0.003
all_atom,dual,KKAWKSKLAKKLRAKGK,,,0,ZP-9.5,2,dn,0.0
all_atom,dual,KKAWKSKLAKKLRAKGK,,,0,ZP-9.5,2,up,0.0
all_atom,dual,KKAWKSKLAKKLRAKGK,,,0,ZP-9.5,3,dn,0.0
all_atom,dual,KKAWKSKLAKKLRAKGK,,,0,ZP-9.5,3,up,0.0
all_atom,dual,KKAWKSKLAKKLRAKGK,,,0,ZP-9.5,4,dn,0.0
all_atom,dual,KKAWKSKLAKKLRAKGK,,,0,ZP-9.5,4,up,0.002
all_atom,dual,KKAWKSKLAKKLRAKGK,,,0,ZP-9.5,5,dn,0.0
all_atom,dual,KKAWKSKLAKKLRAKGK,,,0,ZP-9.5,5,up,0.001
all_atom,dual,KKAWKSKLAKKLRAKGK,,,0,ZP0.5,1,dn,0.158
all_atom,dual,KKAWKSKLAKKLRAKGK,,,0,ZP0.5,1,up,0.122
all_atom,dual,KKAWKSKLAKKLRAKGK,,,0,ZP0.5,2,dn,0.128
all_atom,dual,KKAWKSKLAKKLRAKGK,,,0,ZP0.5,2,up,0.132
all_atom,dual,KKAWKSKLAKKLRAKGK,,,0,ZP0.5,3,dn,0.129
all_atom,dual,KKAWKSKLAKKLRAKGK,,,0,ZP0.5,3,up,0.144
all_atom,dual,KKAWKSKLAKKLRAKGK,,,0,ZP0.5,4,dn,0.135
all_atom,dual,KKAWKSKLAKKLRAKGK,,,0,ZP0.5,4,up,0.148
all_atom,dual,KKAWKSKLAKKLRAKGK,,,0,ZP0.5,5,dn,0.133
all_atom,dual,KKAWKSKLAKKLRAKGK,,,0,ZP0.5,5,up,0.154
all_atom,dual,KKAWKSKLAKKLRAKGK,,,0,ZP1.5,1,dn,0.095
all_atom,dual,KKAWKSKLAKKLRAKGK,,,0,ZP1.5,1,up,0.102
all_atom,dual,KKAWKSKLAKKLRAKGK,,,0,ZP1.5,2,dn,0.104
all_atom,dual,KKAWKSKLAKKLRAKGK,,,0,ZP1.5,2,up,0.103
all_atom,dual,KKAWKSKLAKKLRAKGK,,,0,ZP1.5,3,dn,0.105
all_atom,dual,KKAWKSKLAKKLRAKGK,,,0,ZP1.5,3,up,0.133
all_atom,dual,KKAWKSKLAKKLRAKGK,,,0,ZP1.5,4,dn,0.117
all_atom,dual,KKAWKSKLAKKLRAKGK,,,0,ZP1.5,4,up,0.085
all_atom,dual,KKAWKSKLAKKLRAKGK,,,0,ZP1.5,5,dn,0.114
all_atom,dual,KKAWKSKLAKKLRAKGK,,,0,ZP1.5,5,up,0.126
all_atom,dual,KKAWKSKLAKKLRAKGK,,,0,ZP2.5,1,dn,0.051
all_atom,dual,KKAWKSKLAKKLRAKGK,,,0,ZP2.5,1,up,0.046
all_atom,dual,KKAWKSKLAKKLRAKGK,,,0,ZP2.5,2,dn,0.072
all_atom,dual,KKAWKSKLAKKLRAKGK,,,0,ZP2.5,2,up,0.061
all_atom,dual,KKAWKSKLAKKLRAKGK,,,0,ZP2.5,3,dn,0.083
all_atom,dual,KKAWKSKLAKKLRAKGK,,,0,ZP2.5,3,up,0.097
all_atom,dual,KKAWKSKLAKKLRAKGK,,,0,ZP2.5,4,dn,0.074
all_atom,dual,KKAWKSKLAKKLRAKGK,,,0,ZP2.5,4,up,0.087
all_atom,dual,KKAWKSKLAKKLRAKGK,,,0,ZP2.5,5,dn,0.096
all_atom,dual,KKAWKSKLAKKLRAKGK,,,0,ZP2.5,5,up,0.073
all_atom,dual,KKAWKSKLAKKLRAKGK,,,0,ZP3.5,1,dn,0.041
all_atom,dual,KKAWKSKLAKKLRAKGK,,,0,ZP3.5,1,up,0.025
all_atom,dual,KKAWKSKLAKKLRAKGK,,,0,ZP3.5,2,dn,0.053
all_atom,dual,KKAWKSKLAKKLRAKGK,,,0,ZP3.5,2,up,0.039
all_atom,dual,KKAWKSKLAKKLRAKGK,,,0,ZP3.5,3,dn,0.073
all_atom,dual,KKAWKSKLAKKLRAKGK,,,0,ZP3.5,3,up,0.075
all_atom,dual,KKAWKSKLAKKLRAKGK,,,0,ZP3.5,4,dn,0.055
all_atom,dual,KKAWKSKLAKKLRAKGK,,,0,ZP3.5,4,up,0.055
all_atom,dual,KKAWKSKLAKKLRAKGK,,,0,ZP3.5,5,dn,0.062
all_atom,dual,KKAWKSKLAKKLRAKGK,,,0,ZP3.5,5,up,0.036
all_atom,dual,KKAWKSKLAKKLRAKGK,,,0,ZP4.5,1,dn,0.02
all_atom,dual,KKAWKSKLAKKLRAKGK,,,0,ZP4.5,1,up,0.013
all_atom,dual,KKAWKSKLAKKLRAKGK,,,0,ZP4.5,2,dn,0.045
all_atom,dual,KKAWKSKLAKKLRAKGK,,,0,ZP4.5,2,up,0.023
all_atom,dual,KKAWKSKLAKKLRAKGK,,,0,ZP4.5,3,dn,0.039
all_atom,dual,KKAWKSKLAKKLRAKGK,,,0,ZP4.5,3,up,0.039
all_atom,dual,KKAWKSKLAKKLRAKGK,,,0,ZP4.5,4,dn,0.034
all_atom,dual,KKAWKSKLAKKLRAKGK,,,0,ZP4.5,4,up,0.02
all_atom,dual,KKAWKSKLAKKLRAKGK,,,0,ZP4.5,5,dn,0.034
all_atom,dual,KKAWKSKLAKKLRAKGK,,,0,ZP4.5,5,up,0.024
all_atom,dual,KKAWKSKLAKKLRAKGK,,,0,ZP5.5,1,dn,0.015
all_atom,dual,KKAWKSKLAKKLRAKGK,,,0,ZP5.5,1,up,0.006
all_atom,dual,KKAWKSKLAKKLRAKGK,,,0,ZP5.5,2,dn,0.016
all_atom,dual,KKAWKSKLAKKLRAKGK,,,0,ZP5.5,2,up,0.004
all_atom,dual,KKAWKSKLAKKLRAKGK,,,0,ZP5.5,3,dn,0.017
all_atom,dual,KKAWKSKLAKKLRAKGK,,,0,ZP5.5,3,up,0.019
all_atom,dual,KKAWKSKLAKKLRAKGK,,,0,ZP5.5,4,dn,0.022
all_atom,dual,KKAWKSKLAKKLRAKGK,,,0,ZP5.5,4,up,0.01
all_atom,dual,KKAWKSKLAKKLRAKGK,,,0,ZP5.5,5,dn,0.027
all_atom,dual,KKAWKSKLAKKLRAKGK,,,0,ZP5.5,5,up,0.006
all_atom,dual,KKAWKSKLAKKLRAKGK,,,0,ZP6.5,1,dn,0.004
all_atom,dual,KKAWKSKLAKKLRAKGK,,,0,ZP6.5,1,up,0.001
all_atom,dual,KKAWKSKLAKKLRAKGK,,,0,ZP6.5,2,dn,0.008
all_atom,dual,KKAWKSKLAKKLRAKGK,,,0,ZP6.5,2,up,0.003
all_atom,dual,KKAWKSKLAKKLRAKGK,,,0,ZP6.5,3,dn,0.014
all_atom,dual,KKAWKSKLAKKLRAKGK,,,0,ZP6.5,3,up,0.004
all_atom,dual,KKAWKSKLAKKLRAKGK,,,0,ZP6.5,4,dn,0.016
all_atom,dual,KKAWKSKLAKKLRAKGK,,,0,ZP6.5,4,up,0.001
all_atom,dual,KKAWKSKLAKKLRAKGK,,,0,ZP6.5,5,dn,0.005
all_atom,dual,KKAWKSKLAKKLRAKGK,,,0,ZP6.5,5,up,0.001
all_atom,dual,KKAWKSKLAKKLRAKGK,,,0,ZP7.5,1,dn,0.004
all_atom,dual,KKAWKSKLAKKLRAKGK,,,0,ZP7.5,1,up,0.0
all_atom,dual,KKAWKSKLAKKLRAKGK,,,0,ZP7.5,2,dn,0.002
all_atom,dual,KKAWKSKLAKKLRAKGK,,,0,ZP7.5,2,up,0.0
all_atom,dual,KKAWKSKLAKKLRAKGK,,,0,ZP7.5,3,dn,0.009
all_atom,dual,KKAWKSKLAKKLRAKGK,,,0,ZP7.5,3,up,0.002
all_atom,dual,KKAWKSKLAKKLRAKGK,,,0,ZP7.5,4,dn,0.006
all_atom,dual,KKAWKSKLAKKLRAKGK,,,0,ZP7.5,4,up,0.001
all_atom,dual,KKAWKSKLAKKLRAKGK,,,0,ZP7.5,5,dn,0.002
all_atom,dual,KKAWKSKLAKKLRAKGK,,,0,ZP7.5,5,up,0.0
all_atom,dual,KKAWKSKLAKKLRAKGK,,,0,ZP8.5,1,dn,0.002
all_atom,dual,KKAWKSKLAKKLRAKGK,,,0,ZP8.5,1,up,0.0
all_atom,dual,KKAWKSKLAKKLRAKGK,,,0,ZP8.5,2,dn,0.0
all_atom,dual,KKAWKSKLAKKLRAKGK,,,0,ZP8.5,2,up,0.0
all_atom,dual,KKAWKSKLAKKLRAKGK,,,0,ZP8.5,3,dn,0.003
all_atom,dual,KKAWKSKLAKKLRAKGK,,,0,ZP8.5,3,up,0.0
all_atom,dual,KKAWKSKLAKKLRAKGK,,,0,ZP8.5,4,dn,0.002
all_atom,dual,KKAWKSKLAKKLRAKGK,,,0,ZP8.5,4,up,0.0
all_atom,dual,KKAWKSKLAKKLRAKGK,,,0,ZP8.5,5,dn,0.001
all_atom,dual,KKAWKSKLAKKLRAKGK,,,0,ZP8.5,5,up,0.001
all_atom,dual,KKAWKSKLAKKLRAKGK,,,0,ZP9.5,1,dn,0.0
all_atom,dual,KKAWKSKLAKKLRAKGK,,,0,ZP9.5,1,up,0.0
all_atom,dual,KKAWKSKLAKKLRAKGK,,,0,ZP9.5,2,dn,0.0
all_atom,dual,KKAWKSKLAKKLRAKGK,,,0,ZP9.5,2,up,0.0
all_atom,dual,KKAWKSKLAKKLRAKGK,,,0,ZP9.5,3,dn,0.001
all_atom,dual,KKAWKSKLAKKLRAKGK,,,0,ZP9.5,3,up,0.001
all_atom,dual,KKAWKSKLAKKLRAKGK,,,0,ZP9.5,4,dn,0.0
all_atom,dual,KKAWKSKLAKKLRAKGK,,,0,ZP9.5,4,up,0.0
all_atom,dual,KKAWKSKLAKKLRAKGK,,,0,ZP9.5,5,dn,0.0
all_atom,dual,KKAWKSKLAKKLRAKGK,,,0,ZP9.5,5,up,0.0
all_atom,dual,LKLKSIVSWAKKVL,,,1,APLA12.5,1,dn,58.536
all_atom,dual,LKLKSIVSWAKKVL,,,1,APLA12.5,1,up,59.769
all_atom,dual,LKLKSIVSWAKKVL,,,1,APLA12.5,2,dn,59.416
all_atom,dual,LKLKSIVSWAKKVL,,,1,APLA12.5,2,up,60.987
all_atom,dual,LKLKSIVSWAKKVL,,,1,APLA12.5,3,dn,58.332
all_atom,dual,LKLKSIVSWAKKVL,,,1,APLA12.5,3,up,60.446
all_atom,dual,LKLKSIVSWAKKVL,,,1,APLA12.5,4,dn,59.684
all_atom,dual,LKLKSIVSWAKKVL,,,1,APLA12.5,4,up,58.278
all_atom,dual,LKLKSIVSWAKKVL,,,1,APLA12.5,5,dn,59.138
all_atom,dual,LKLKSIVSWAKKVL,,,1,APLA12.5,5,up,60.207
all_atom,dual,LKLKSIVSWAKKVL,,,1,APLA17.5,1,dn,60.229
all_atom,dual,LKLKSIVSWAKKVL,,,1,APLA17.5,1,up,59.904
all_atom,dual,LKLKSIVSWAKKVL,,,1,APLA17.5,2,dn,58.3
all_atom,dual,LKLKSIVSWAKKVL,,,1,APLA17.5,2,up,61.071
all_atom,dual,LKLKSIVSWAKKVL,,,1,APLA17.5,3,dn,58.72
all_atom,dual,LKLKSIVSWAKKVL,,,1,APLA17.5,3,up,60.478
all_atom,dual,LKLKSIVSWAKKVL,,,1,APLA17.5,4,dn,59.162
all_atom,dual,LKLKSIVSWAKKVL,,,1,APLA17.5,4,up,58.385
all_atom,dual,LKLKSIVSWAKKVL,,,1,APLA17.5,5,dn,59.372
all_atom,dual,LKLKSIVSWAKKVL,,,1,APLA17.5,5,up,58.064
all_atom,dual,LKLKSIVSWAKKVL,,,1,APLA2.5,1,dn,80.771
all_atom,dual,LKLKSIVSWAKKVL,,,1,APLA2.5,1,up,80.184
all_atom,dual,LKLKSIVSWAKKVL,,,1,APLA2.5,2,dn,83.089
all_atom,dual,LKLKSIVSWAKKVL,,,1,APLA2.5,2,up,77.949
all_atom,dual,LKLKSIVSWAKKVL,,,1,APLA2.5,3,dn,84.234
all_atom,dual,LKLKSIVSWAKKVL,,,1,APLA2.5,3,up,77.194
all_atom,dual,LKLKSIVSWAKKVL,,,1,APLA2.5,4,dn,82.693
all_atom,dual,LKLKSIVSWAKKVL,,,1,APLA2.5,4,up,80.281
all_atom,dual,LKLKSIVSWAKKVL,,,1,APLA2.5,5,dn,84.633
all_atom,dual,LKLKSIVSWAKKVL,,,1,APLA2.5,5,up,85.997
all_atom,dual,LKLKSIVSWAKKVL,,,1,APLA7.5,1,dn,59.769
all_atom,dual,LKLKSIVSWAKKVL,,,1,APLA7.5,1,up,61.685
all_atom,dual,LKLKSIVSWAKKVL,,,1,APLA7.5,2,dn,63.013
all_atom,dual,LKLKSIVSWAKKVL,,,1,APLA7.5,2,up,63.066
all_atom,dual,LKLKSIVSWAKKVL,,,1,APLA7.5,3,dn,62.051
all_atom,dual,LKLKSIVSWAKKVL,,,1,APLA7.5,3,up,62.721
all_atom,dual,LKLKSIVSWAKKVL,,,1,APLA7.5,4,dn,63.125
all_atom,dual,LKLKSIVSWAKKVL,,,1,APLA7.5,4,up,62.756
all_atom,dual,LKLKSIVSWAKKVL,,,1,APLA7.5,5,dn,63.72
all_atom,dual,LKLKSIVSWAKKVL,,,1,APLA7.5,5,up,64.919
all_atom,dual,LKLKSIVSWAKKVL,,,1,APLS12.5,1,dn,4.346
all_atom,dual,LKLKSIVSWAKKVL,,,1,APLS12.5,1,up,4.074
all_atom,dual,LKLKSIVSWAKKVL,,,1,APLS12.5,2,dn,4.643
all_atom,dual,LKLKSIVSWAKKVL,,,1,APLS12.5,2,up,3.958
all_atom,dual,LKLKSIVSWAKKVL,,,1,APLS12.5,3,dn,4.015
all_atom,dual,LKLKSIVSWAKKVL,,,1,APLS12.5,3,up,4.613
all_atom,dual,LKLKSIVSWAKKVL,,,1,APLS12.5,4,dn,3.718
all_atom,dual,LKLKSIVSWAKKVL,,,1,APLS12.5,4,up,3.766
all_atom,dual,LKLKSIVSWAKKVL,,,1,APLS12.5,5,dn,4.325
all_atom,dual,LKLKSIVSWAKKVL,,,1,APLS12.5,5,up,4.028
all_atom,dual,LKLKSIVSWAKKVL,,,1,APLS17.5,1,dn,4.223
all_atom,dual,LKLKSIVSWAKKVL,,,1,APLS17.5,1,up,3.88
all_atom,dual,LKLKSIVSWAKKVL,,,1,APLS17.5,2,dn,3.797
all_atom,dual,LKLKSIVSWAKKVL,,,1,APLS17.5,2,up,4.086
all_atom,dual,LKLKSIVSWAKKVL,,,1,APLS17.5,3,dn,3.694
all_atom,dual,LKLKSIVSWAKKVL,,,1,APLS17.5,3,up,3.725
all_atom,dual,LKLKSIVSWAKKVL,,,1,APLS17.5,4,dn,3.828
all_atom,dual,LKLKSIVSWAKKVL,,,1,APLS17.5,4,up,3.262
all_atom,dual,LKLKSIVSWAKKVL,,,1,APLS17.5,5,dn,3.934
all_atom,dual,LKLKSIVSWAKKVL,,,1,APLS17.5,5,up,3.342
all_atom,dual,LKLKSIVSWAKKVL,,,1,APLS2.5,1,dn,9.025
all_atom,dual,LKLKSIVSWAKKVL,,,1,APLS2.5,1,up,8.46
all_atom,dual,LKLKSIVSWAKKVL,,,1,APLS2.5,2,dn,8.521
all_atom,dual,LKLKSIVSWAKKVL,,,1,APLS2.5,2,up,9.207
all_atom,dual,LKLKSIVSWAKKVL,,,1,APLS2.5,3,dn,9.921
all_atom,dual,LKLKSIVSWAKKVL,,,1,APLS2.5,3,up,9.128
all_atom,dual,LKLKSIVSWAKKVL,,,1,APLS2.5,4,dn,9.275
all_atom,dual,LKLKSIVSWAKKVL,,,1,APLS2.5,4,up,7.123
all_atom,dual,LKLKSIVSWAKKVL,,,1,APLS2.5,5,dn,9.078
all_atom,dual,LKLKSIVSWAKKVL,,,1,APLS2.5,5,up,10.667
all_atom,dual,LKLKSIVSWAKKVL,,,1,APLS7.5,1,dn,5.893
all_atom,dual,LKLKSIVSWAKKVL,,,1,APLS7.5,1,up,6.655
all_atom,dual,LKLKSIVSWAKKVL,,,1,APLS7.5,2,dn,5.793
all_atom,dual,LKLKSIVSWAKKVL,,,1,APLS7.5,2,up,7.943
all_atom,dual,LKLKSIVSWAKKVL,,,1,APLS7.5,3,dn,6.145
all_atom,dual,LKLKSIVSWAKKVL,,,1,APLS7.5,3,up,5.974
all_atom,dual,LKLKSIVSWAKKVL,,,1,APLS7.5,4,dn,7.048
all_atom,dual,LKLKSIVSWAKKVL,,,1,APLS7.5,4,up,5.244
all_atom,dual,LKLKSIVSWAKKVL,,,1,APLS7.5,5,dn,6.308
all_atom,dual,LKLKSIVSWAKKVL,,,1,APLS7.5,5,up,6.289
all_atom,dual,LKLKSIVSWAKKVL,,,1,H0,1,dn,0.0
all_atom,dual,LKLKSIVSWAKKVL,,,1,H0,1,up,0.0
all_atom,dual,LKLKSIVSWAKKVL,,,1,H0,2,dn,0.0
all_atom,dual,LKLKSIVSWAKKVL,,,1,H0,2,up,0.0
all_atom,dual,LKLKSIVSWAKKVL,,,1,H0,3,dn,0.0
all_atom,dual,LKLKSIVSWAKKVL,,,1,H0,3,up,0.0
all_atom,dual,LKLKSIVSWAKKVL,,,1,H0,4,dn,0.0
all_atom,dual,LKLKSIVSWAKKVL,,,1,H0,4,up,0.0
all_atom,dual,LKLKSIVSWAKKVL,,,1,H0,5,dn,0.0
all_atom,dual,LKLKSIVSWAKKVL,,,1,H0,5,up,0.0
all_atom,dual,LKLKSIVSWAKKVL,,,1,H1,1,dn,1.0
all_atom,dual,LKLKSIVSWAKKVL,,,1,H1,1,up,0.9
all_atom,dual,LKLKSIVSWAKKVL,,,1,H1,2,dn,1.0
all_atom,dual,LKLKSIVSWAKKVL,,,1,H1,2,up,0.929
all_atom,dual,LKLKSIVSWAKKVL,,,1,H1,3,dn,1.0
all_atom,dual,LKLKSIVSWAKKVL,,,1,H1,3,up,1.0
all_atom,dual,LKLKSIVSWAKKVL,,,1,H1,4,dn,0.907
all_atom,dual,LKLKSIVSWAKKVL,,,1,H1,4,up,0.986
all_atom,dual,LKLKSIVSWAKKVL,,,1,H1,5,dn,0.27
all_atom,dual,LKLKSIVSWAKKVL,,,1,H1,5,up,0.823
all_atom,dual,LKLKSIVSWAKKVL,,,1,H10,1,dn,0.0
all_atom,dual,LKLKSIVSWAKKVL,,,1,H10,1,up,0.0
all_atom,dual,LKLKSIVSWAKKVL,,,1,H10,2,dn,0.0
all_atom,dual,LKLKSIVSWAKKVL,,,1,H10,2,up,0.0
all_atom,dual,LKLKSIVSWAKKVL,,,1,H10,3,dn,0.0
all_atom,dual,LKLKSIVSWAKKVL,,,1,H10,3,up,0.0
all_atom,dual,LKLKSIVSWAKKVL,,,1,H10,4,dn,0.0
all_atom,dual,LKLKSIVSWAKKVL,,,1,H10,4,up,0.0
all_atom,dual,LKLKSIVSWAKKVL,,,1,H10,5,dn,0.0
all_atom,dual,LKLKSIVSWAKKVL,,,1,H10,5,up,0.0
all_atom,dual,LKLKSIVSWAKKVL,,,1,H2,1,dn,1.0
all_atom,dual,LKLKSIVSWAKKVL,,,1,H2,1,up,0.968
all_atom,dual,LKLKSIVSWAKKVL,,,1,H2,2,dn,1.0
all_atom,dual,LKLKSIVSWAKKVL,,,1,H2,2,up,0.988
all_atom,dual,LKLKSIVSWAKKVL,,,1,H2,3,dn,1.0
all_atom,dual,LKLKSIVSWAKKVL,,,1,H2,3,up,1.0
all_atom,dual,LKLKSIVSWAKKVL,,,1,H2,4,dn,0.996
all_atom,dual,LKLKSIVSWAKKVL,,,1,H2,4,up,1.0
all_atom,dual,LKLKSIVSWAKKVL,,,1,H2,5,dn,0.933
all_atom,dual,LKLKSIVSWAKKVL,,,1,H2,5,up,0.937
all_atom,dual,LKLKSIVSWAKKVL,,,1,H3,1,dn,1.0
all_atom,dual,LKLKSIVSWAKKVL,,,1,H3,1,up,1.0
all_atom,dual,LKLKSIVSWAKKVL,,,1,H3,2,dn,1.0
all_atom,dual,LKLKSIVSWAKKVL,,,1,H3,2,up,1.0
all_atom,dual,LKLKSIVSWAKKVL,,,1,H3,3,dn,1.0
all_atom,dual,LKLKSIVSWAKKVL,,,1,H3,3,up,1.0
all_atom,dual,LKLKSIVSWAKKVL,,,1,H3,4,dn,1.0
all_atom,dual,LKLKSIVSWAKKVL,,,1,H3,4,up,1.0
all_atom,dual,LKLKSIVSWAKKVL,,,1,H3,5,dn,1.0
all_atom,dual,LKLKSIVSWAKKVL,,,1,H3,5,up,0.998
all_atom,dual,LKLKSIVSWAKKVL,,,1,H4,1,dn,1.0
all_atom,dual,LKLKSIVSWAKKVL,,,1,H4,1,up,1.0
all_atom,dual,LKLKSIVSWAKKVL,,,1,H4,2,dn,1.0
all_atom,dual,LKLKSIVSWAKKVL,,,1,H4,2,up,1.0
all_atom,dual,LKLKSIVSWAKKVL,,,1,H4,3,dn,1.0
all_atom,dual,LKLKSIVSWAKKVL,,,1,H4,3,up,1.0
all_atom,dual,LKLKSIVSWAKKVL,,,1,H4,4,dn,1.0
all_atom,dual,LKLKSIVSWAKKVL,,,1,H4,4,up,1.0
all_atom,dual,LKLKSIVSWAKKVL,,,1,H4,5,dn,1.0
all_atom,dual,LKLKSIVSWAKKVL,,,1,H4,5,up,1.0
all_atom,dual,LKLKSIVSWAKKVL,,,1,H5,1,dn,1.0
all_atom,dual,LKLKSIVSWAKKVL,,,1,H5,1,up,1.0
all_atom,dual,LKLKSIVSWAKKVL,,,1,H5,2,dn,1.0
all_atom,dual,LKLKSIVSWAKKVL,,,1,H5,2,up,1.0
all_atom,dual,LKLKSIVSWAKKVL,,,1,H5,3,dn,1.0
all_atom,dual,LKLKSIVSWAKKVL,,,1,H5,3,up,1.0
all_atom,dual,LKLKSIVSWAKKVL,,,1,H5,4,dn,1.0
all_atom,dual,LKLKSIVSWAKKVL,,,1,H5,4,up,1.0
all_atom,dual,LKLKSIVSWAKKVL,,,1,H5,5,dn,1.0
all_atom,dual,LKLKSIVSWAKKVL,,,1,H5,5,up,1.0
all_atom,dual,LKLKSIVSWAKKVL,,,1,H6,1,dn,1.0
all_atom,dual,LKLKSIVSWAKKVL,,,1,H6,1,up,1.0
all_atom,dual,LKLKSIVSWAKKVL,,,1,H6,2,dn,1.0
all_atom,dual,LKLKSIVSWAKKVL,,,1,H6,2,up,1.0
all_atom,dual,LKLKSIVSWAKKVL,,,1,H6,3,dn,0.992
all_atom,dual,LKLKSIVSWAKKVL,,,1,H6,3,up,1.0
all_atom,dual,LKLKSIVSWAKKVL,,,1,H6,4,dn,1.0
all_atom,dual,LKLKSIVSWAKKVL,,,1,H6,4,up,1.0
all_atom,dual,LKLKSIVSWAKKVL,,,1,H6,5,dn,1.0
all_atom,dual,LKLKSIVSWAKKVL,,,1,H6,5,up,1.0
all_atom,dual,LKLKSIVSWAKKVL,,,1,H7,1,dn,1.0
all_atom,dual,LKLKSIVSWAKKVL,,,1,H7,1,up,1.0
all_atom,dual,LKLKSIVSWAKKVL,,,1,H7,2,dn,1.0
all_atom,dual,LKLKSIVSWAKKVL,,,1,H7,2,up,1.0
all_atom,dual,LKLKSIVSWAKKVL,,,1,H7,3,dn,0.993
all_atom,dual,LKLKSIVSWAKKVL,,,1,H7,3,up,1.0
all_atom,dual,LKLKSIVSWAKKVL,,,1,H7,4,dn,0.999
all_atom,dual,LKLKSIVSWAKKVL,,,1,H7,4,up,1.0
all_atom,dual,LKLKSIVSWAKKVL,,,1,H7,5,dn,1.0
all_atom,dual,LKLKSIVSWAKKVL,,,1,H7,5,up,1.0
all_atom,dual,LKLKSIVSWAKKVL,,,1,H8,1,dn,0.996
all_atom,dual,LKLKSIVSWAKKVL,,,1,H8,1,up,1.0
all_atom,dual,LKLKSIVSWAKKVL,,,1,H8,2,dn,0.996
all_atom,dual,LKLKSIVSWAKKVL,,,1,H8,2,up,1.0
all_atom,dual,LKLKSIVSWAKKVL,,,1,H8,3,dn,0.923
all_atom,dual,LKLKSIVSWAKKVL,,,1,H8,3,up,0.996
all_atom,dual,LKLKSIVSWAKKVL,,,1,H8,4,dn,0.986
all_atom,dual,LKLKSIVSWAKKVL,,,1,H8,4,up,1.0
all_atom,dual,LKLKSIVSWAKKVL,,,1,H8,5,dn,0.996
all_atom,dual,LKLKSIVSWAKKVL,,,1,H8,5,up,0.992
all_atom,dual,LKLKSIVSWAKKVL,,,1,H9,1,dn,0.99
all_atom,dual,LKLKSIVSWAKKVL,,,1,H9,1,up,1.0
all_atom,dual,LKLKSIVSWAKKVL,,,1,H9,2,dn,0.99
all_atom,dual,LKLKSIVSWAKKVL,,,1,H9,2,up,0.993
all_atom,dual,LKLKSIVSWAKKVL,,,1,H9,3,dn,0.89
all_atom,dual,LKLKSIVSWAKKVL,,,1,H9,3,up,0.99
all_atom,dual,LKLKSIVSWAKKVL,,,1,H9,4,dn,0.98
all_atom,dual,LKLKSIVSWAKKVL,,,1,H9,4,up,1.0
all_atom,dual,LKLKSIVSWAKKVL,,,1,H9,5,dn,0.983
all_atom,dual,LKLKSIVSWAKKVL,,,1,H9,5,up,0.98
all_atom,dual,LKLKSIVSWAKKVL,,,1,HM,1,dn,0.856
all_atom,dual,LKLKSIVSWAKKVL,,,1,HM,1,up,0.844
all_atom,dual,LKLKSIVSWAKKVL,,,1,HM,2,dn,0.856
all_atom,dual,LKLKSIVSWAKKVL,,,1,HM,2,up,0.848
all_atom,dual,LKLKSIVSWAKKVL,,,1,HM,3,dn,0.837
all_atom,dual,LKLKSIVSWAKKVL,,,1,HM,3,up,0.856
all_atom,dual,LKLKSIVSWAKKVL,,,1,HM,4,dn,0.844
all_atom,dual,LKLKSIVSWAKKVL,,,1,HM,4,up,0.856
all_atom,dual,LKLKSIVSWAKKVL,,,1,HM,5,dn,0.774
all_atom,dual,LKLKSIVSWAKKVL,,,1,HM,5,up,0.83
all_atom,dual,LKLKSIVSWAKKVL,,,1,PEPT_BUR_MAX,1,dn,5.19
all_atom,dual,LKLKSIVSWAKKVL,,,1,PEPT_BUR_MAX,1,up,6.67
all_atom,dual,LKLKSIVSWAKKVL,,,1,PEPT_BUR_MAX,2,dn,4.49
all_atom,dual,LKLKSIVSWAKKVL,,,1,PEPT_BUR_MAX,2,up,5.83
all_atom,dual,LKLKSIVSWAKKVL,,,1,PEPT_BUR_MAX,3,dn,5.79
all_atom,dual,LKLKSIVSWAKKVL,,,1,PEPT_BUR_MAX,3,up,6.1
all_atom,dual,LKLKSIVSWAKKVL,,,1,PEPT_BUR_MAX,4,dn,5.54
all_atom,dual,LKLKSIVSWAKKVL,,,1,PEPT_BUR_MAX,4,up,6.18
all_atom,dual,LKLKSIVSWAKKVL,,,1,PEPT_BUR_MAX,5,dn,6.19
all_atom,dual,LKLKSIVSWAKKVL,,,1,PEPT_BUR_MAX,5,up,5.05
all_atom,dual,LKLKSIVSWAKKVL,,,1,S,1,dn,0.929
all_atom,dual,LKLKSIVSWAKKVL,,,1,S,1,up,0.902
all_atom,dual,LKLKSIVSWAKKVL,,,1,S,2,dn,0.888
all_atom,dual,LKLKSIVSWAKKVL,,,1,S,2,up,0.877
all_atom,dual,LKLKSIVSWAKKVL,,,1,S,3,dn,0.881
all_atom,dual,LKLKSIVSWAKKVL,,,1,S,3,up,0.879
all_atom,dual,LKLKSIVSWAKKVL,,,1,S,4,dn,0.879
all_atom,dual,LKLKSIVSWAKKVL,,,1,S,4,up,0.857
all_atom,dual,LKLKSIVSWAKKVL,,,1,S,5,dn,0.927
all_atom,dual,LKLKSIVSWAKKVL,,,1,S,5,up,0.893
all_atom,dual,LKLKSIVSWAKKVL,,,1,WAT_BUR_MAX,1,dn,8.75
all_atom,dual,LKLKSIVSWAKKVL,,,1,WAT_BUR_MAX,1,up,8.63
all_atom,dual,LKLKSIVSWAKKVL,,,1,WAT_BUR_MAX,2,dn,7.79
all_atom,dual,LKLKSIVSWAKKVL,,,1,WAT_BUR_MAX,2,up,9.63
all_atom,dual,LKLKSIVSWAKKVL,,,1,WAT_BUR_MAX,3,dn,8.94
all_atom,dual,LKLKSIVSWAKKVL,,,1,WAT_BUR_MAX,3,up,9.48
all_atom,dual,LKLKSIVSWAKKVL,,,1,WAT_BUR_MAX,4,dn,7.15
all_atom,dual,LKLKSIVSWAKKVL,,,1,WAT_BUR_MAX,4,up,6.99
all_atom,dual,LKLKSIVSWAKKVL,,,1,WAT_BUR_MAX,5,dn,8.03
all_atom,dual,LKLKSIVSWAKKVL,,,1,WAT_BUR_MAX,5,up,7.53
all_atom,dual,LKLKSIVSWAKKVL,,,1,WAT_BUR_REL,1,dn,3.64
all_atom,dual,LKLKSIVSWAKKVL,,,1,WAT_BUR_REL,1,up,2.58
all_atom,dual,LKLKSIVSWAKKVL,,,1,WAT_BUR_REL,2,dn,3.31
all_atom,dual,LKLKSIVSWAKKVL,,,1,WAT_BUR_REL,2,up,2.78
all_atom,dual,LKLKSIVSWAKKVL,,,1,WAT_BUR_REL,3,dn,3.04
all_atom,dual,LKLKSIVSWAKKVL,,,1,WAT_BUR_REL,3,up,2.35
all_atom,dual,LKLKSIVSWAKKVL,,,1,WAT_BUR_REL,4,dn,2.88
all_atom,dual,LKLKSIVSWAKKVL,,,1,WAT_BUR_REL,4,up,3.36
all_atom,dual,LKLKSIVSWAKKVL,,,1,WAT_BUR_REL,5,dn,3.44
all_atom,dual,LKLKSIVSWAKKVL,,,1,WAT_BUR_REL,5,up,3.35
all_atom,dual,LKLKSIVSWAKKVL,,,1,ZP-0.5,1,dn,0.146
all_atom,dual,LKLKSIVSWAKKVL,,,1,ZP-0.5,1,up,0.135
all_atom,dual,LKLKSIVSWAKKVL,,,1,ZP-0.5,2,dn,0.14
all_atom,dual,LKLKSIVSWAKKVL,,,1,ZP-0.5,2,up,0.135
all_atom,dual,LKLKSIVSWAKKVL,,,1,ZP-0.5,3,dn,0.135
all_atom,dual,LKLKSIVSWAKKVL,,,1,ZP-0.5,3,up,0.132
all_atom,dual,LKLKSIVSWAKKVL,,,1,ZP-0.5,4,dn,0.121
all_atom,dual,LKLKSIVSWAKKVL,,,1,ZP-0.5,4,up,0.181
all_atom,dual,LKLKSIVSWAKKVL,,,1,ZP-0.5,5,dn,0.161
all_atom,dual,LKLKSIVSWAKKVL,,,1,ZP-0.5,5,up,0.147
all_atom,dual,LKLKSIVSWAKKVL,,,1,ZP-1.5,1,dn,0.139
all_atom,dual,LKLKSIVSWAKKVL,,,1,ZP-1.5,1,up,0.146
all_atom,dual,LKLKSIVSWAKKVL,,,1,ZP-1.5,2,dn,0.13
all_atom,dual,LKLKSIVSWAKKVL,,,1,ZP-1.5,2,up,0.143
all_atom,dual,LKLKSIVSWAKKVL,,,1,ZP-1.5,3,dn,0.113
all_atom,dual,LKLKSIVSWAKKVL,,,1,ZP-1.5,3,up,0.14
all_atom,dual,LKLKSIVSWAKKVL,,,1,ZP-1.5,4,dn,0.115
all_atom,dual,LKLKSIVSWAKKVL,,,1,ZP-1.5,4,up,0.138
all_atom,dual,LKLKSIVSWAKKVL,,,1,ZP-1.5,5,dn,0.137
all_atom,dual,LKLKSIVSWAKKVL,,,1,ZP-1.5,5,up,0.141
all_atom,dual,LKLKSIVSWAKKVL,,,1,ZP-2.5,1,dn,0.11
all_atom,dual,LKLKSIVSWAKKVL,,,1,ZP-2.5,1,up,0.1
all_atom,dual,LKLKSIVSWAKKVL,,,1,ZP-2.5,2,dn,0.077
all_atom,dual,LKLKSIVSWAKKVL,,,1,ZP-2.5,2,up,0.097
all_atom,dual,LKLKSIVSWAKKVL,,,1,ZP-2.5,3,dn,0.109
all_atom,dual,LKLKSIVSWAKKVL,,,1,ZP-2.5,3,up,0.108
all_atom,dual,LKLKSIVSWAKKVL,,,1,ZP-2.5,4,dn,0.083
all_atom,dual,LKLKSIVSWAKKVL,,,1,ZP-2.5,4,up,0.09
all_atom,dual,LKLKSIVSWAKKVL,,,1,ZP-2.5,5,dn,0.101
all_atom,dual,LKLKSIVSWAKKVL,,,1,ZP-2.5,5,up,0.073
all_atom,dual,LKLKSIVSWAKKVL,,,1,ZP-3.5,1,dn,0.072
all_atom,dual,LKLKSIVSWAKKVL,,,1,ZP-3.5,1,up,0.09
all_atom,dual,LKLKSIVSWAKKVL,,,1,ZP-3.5,2,dn,0.042
all_atom,dual,LKLKSIVSWAKKVL,,,1,ZP-3.5,2,up,0.062
all_atom,dual,LKLKSIVSWAKKVL,,,1,ZP-3.5,3,dn,0.045
all_atom,dual,LKLKSIVSWAKKVL,,,1,ZP-3.5,3,up,0.057
all_atom,dual,LKLKSIVSWAKKVL,,,1,ZP-3.5,4,dn,0.085
all_atom,dual,LKLKSIVSWAKKVL,,,1,ZP-3.5,4,up,0.06
all_atom,dual,LKLKSIVSWAKKVL,,,1,ZP-3.5,5,dn,0.072
all_atom,dual,LKLKSIVSWAKKVL,,,1,ZP-3.5,5,up,0.061
all_atom,dual,LKLKSIVSWAKKVL,,,1,ZP-4.5,1,dn,0.053
all_atom,dual,LKLKSIVSWAKKVL,,,1,ZP-4.5,1,up,0.078
all_atom,dual,LKLKSIVSWAKKVL,,,1,ZP-4.5,2,dn,0.023
all_atom,dual,LKLKSIVSWAKKVL,,,1,ZP-4.5,2,up,0.056
all_atom,dual,LKLKSIVSWAKKVL,,,1,ZP-4.5,3,dn,0.031
all_atom,dual,LKLKSIVSWAKKVL,,,1,ZP-4.5,3,up,0.046
all_atom,dual,LKLKSIVSWAKKVL,,,1,ZP-4.5,4,dn,0.034
all_atom,dual,LKLKSIVSWAKKVL,,,1,ZP-4.5,4,up,0.039
all_atom,dual,LKLKSIVSWAKKVL,,,1,ZP-4.5,5,dn,0.063
all_atom,dual,LKLKSIVSWAKKVL,,,1,ZP-4.5,5,up,0.031
all_atom,dual,LKLKSIVSWAKKVL,,,1,ZP-5.5,1,dn,0.021
all_atom,dual,LKLKSIVSWAKKVL,,,1,ZP-5.5,1,up,0.049
all_atom,dual,LKLKSIVSWAKKVL,,,1,ZP-5.5,2,dn,0.007
all_atom,dual,LKLKSIVSWAKKVL,,,1,ZP-5.5,2,up,0.021
all_atom,dual,LKLKSIVSWAKKVL,,,1,ZP-5.5,3,dn,0.017
all_atom,dual,LKLKSIVSWAKKVL,,,1,ZP-5.5,3,up,0.028
all_atom,dual,LKLKSIVSWAKKVL,,,1,ZP-5.5,4,dn,0.016
all_atom,dual,LKLKSIVSWAKKVL,,,1,ZP-5.5,4,up,0.012
all_atom,dual,LKLKSIVSWAKKVL,,,1,ZP-5.5,5,dn,0.027
all_atom,dual,LKLKSIVSWAKKVL,,,1,ZP-5.5,5,up,0.029
all_atom,dual,LKLKSIVSWAKKVL,,,1,ZP-6.5,1,dn,0.003
all_atom,dual,LKLKSIVSWAKKVL,,,1,ZP-6.5,1,up,0.024
all_atom,dual,LKLKSIVSWAKKVL,,,1,ZP-6.5,2,dn,0.003
all_atom,dual,LKLKSIVSWAKKVL,,,1,ZP-6.5,2,up,0.013
all_atom,dual,LKLKSIVSWAKKVL,,,1,ZP-6.5,3,dn,0.006
all_atom,dual,LKLKSIVSWAKKVL,,,1,ZP-6.5,3,up,0.018
all_atom,dual,LKLKSIVSWAKKVL,,,1,ZP-6.5,4,dn,0.005
all_atom,dual,LKLKSIVSWAKKVL,,,1,ZP-6.5,4,up,0.005
all_atom,dual,LKLKSIVSWAKKVL,,,1,ZP-6.5,5,dn,0.024
all_atom,dual,LKLKSIVSWAKKVL,,,1,ZP-6.5,5,up,0.016
all_atom,dual,LKLKSIVSWAKKVL,,,1,ZP-7.5,1,dn,0.006
all_atom,dual,LKLKSIVSWAKKVL,,,1,ZP-7.5,1,up,0.012
all_atom,dual,LKLKSIVSWAKKVL,,,1,ZP-7.5,2,dn,0.003
all_atom,dual,LKLKSIVSWAKKVL,,,1,ZP-7.5,2,up,0.003
all_atom,dual,LKLKSIVSWAKKVL,,,1,ZP-7.5,3,dn,0.001
all_atom,dual,LKLKSIVSWAKKVL,,,1,ZP-7.5,3,up,0.012
all_atom,dual,LKLKSIVSWAKKVL,,,1,ZP-7.5,4,dn,0.003
all_atom,dual,LKLKSIVSWAKKVL,,,1,ZP-7.5,4,up,0.004
all_atom,dual,LKLKSIVSWAKKVL,,,1,ZP-7.5,5,dn,0.008
all_atom,dual,LKLKSIVSWAKKVL,,,1,ZP-7.5,5,up,0.012
all_atom,dual,LKLKSIVSWAKKVL,,,1,ZP-8.5,1,dn,0.001
all_atom,dual,LKLKSIVSWAKKVL,,,1,ZP-8.5,1,up,0.004
all_atom,dual,LKLKSIVSWAKKVL,,,1,ZP-8.5,2,dn,0.0
all_atom,dual,LKLKSIVSWAKKVL,,,1,ZP-8.5,2,up,0.001
all_atom,dual,LKLKSIVSWAKKVL,,,1,ZP-8.5,3,dn,0.0
all_atom,dual,LKLKSIVSWAKKVL,,,1,ZP-8.5,3,up,0.005
all_atom,dual,LKLKSIVSWAKKVL,,,1,ZP-8.5,4,dn,0.0
all_atom,dual,LKLKSIVSWAKKVL,,,1,ZP-8.5,4,up,0.0
all_atom,dual,LKLKSIVSWAKKVL,,,1,ZP-8.5,5,dn,0.003
all_atom,dual,LKLKSIVSWAKKVL,,,1,ZP-8.5,5,up,0.006
all_atom,dual,LKLKSIVSWAKKVL,,,1,ZP-9.5,1,dn,0.0
all_atom,dual,LKLKSIVSWAKKVL,,,1,ZP-9.5,1,up,0.001
all_atom,dual,LKLKSIVSWAKKVL,,,1,ZP-9.5,2,dn,0.0
all_atom,dual,LKLKSIVSWAKKVL,,,1,ZP-9.5,2,up,0.0
all_atom,dual,LKLKSIVSWAKKVL,,,1,ZP-9.5,3,dn,0.0
all_atom,dual,LKLKSIVSWAKKVL,,,1,ZP-9.5,3,up,0.0
all_atom,dual,LKLKSIVSWAKKVL,,,1,ZP-9.5,4,dn,0.0
all_atom,dual,LKLKSIVSWAKKVL,,,1,ZP-9.5,4,up,0.0
all_atom,dual,LKLKSIVSWAKKVL,,,1,ZP-9.5,5,dn,0.0
all_atom,dual,LKLKSIVSWAKKVL,,,1,ZP-9.5,5,up,0.0
all_atom,dual,LKLKSIVSWAKKVL,,,1,ZP0.5,1,dn,0.168
all_atom,dual,LKLKSIVSWAKKVL,,,1,ZP0.5,1,up,0.115
all_atom,dual,LKLKSIVSWAKKVL,,,1,ZP0.5,2,dn,0.178
all_atom,dual,LKLKSIVSWAKKVL,,,1,ZP0.5,2,up,0.146
all_atom,dual,LKLKSIVSWAKKVL,,,1,ZP0.5,3,dn,0.158
all_atom,dual,LKLKSIVSWAKKVL,,,1,ZP0.5,3,up,0.112
all_atom,dual,LKLKSIVSWAKKVL,,,1,ZP0.5,4,dn,0.156
all_atom,dual,LKLKSIVSWAKKVL,,,1,ZP0.5,4,up,0.124
all_atom,dual,LKLKSIVSWAKKVL,,,1,ZP0.5,5,dn,0.119
all_atom,dual,LKLKSIVSWAKKVL,,,1,ZP0.5,5,up,0.158
all_atom,dual,LKLKSIVSWAKKVL,,,1,ZP1.5,1,dn,0.119
all_atom,dual,LKLKSIVSWAKKVL,,,1,ZP1.5,1,up,0.098
all_atom,dual,LKLKSIVSWAKKVL,,,1,ZP1.5,2,dn,0.143
all_atom,dual,LKLKSIVSWAKKVL,,,1,ZP1.5,2,up,0.118
all_atom,dual,LKLKSIVSWAKKVL,,,1,ZP1.5,3,dn,0.122
all_atom,dual,LKLKSIVSWAKKVL,,,1,ZP1.5,3,up,0.12
all_atom,dual,LKLKSIVSWAKKVL,,,1,ZP1.5,4,dn,0.121
all_atom,dual,LKLKSIVSWAKKVL,,,1,ZP1.5,4,up,0.117
all_atom,dual,LKLKSIVSWAKKVL,,,1,ZP1.5,5,dn,0.08
all_atom,dual,LKLKSIVSWAKKVL,,,1,ZP1.5,5,up,0.125
all_atom,dual,LKLKSIVSWAKKVL,,,1,ZP2.5,1,dn,0.087
all_atom,dual,LKLKSIVSWAKKVL,,,1,ZP2.5,1,up,0.061
all_atom,dual,LKLKSIVSWAKKVL,,,1,ZP2.5,2,dn,0.109
all_atom,dual,LKLKSIVSWAKKVL,,,1,ZP2.5,2,up,0.074
all_atom,dual,LKLKSIVSWAKKVL,,,1,ZP2.5,3,dn,0.102
all_atom,dual,LKLKSIVSWAKKVL,,,1,ZP2.5,3,up,0.097
all_atom,dual,LKLKSIVSWAKKVL,,,1,ZP2.5,4,dn,0.112
all_atom,dual,LKLKSIVSWAKKVL,,,1,ZP2.5,4,up,0.106
all_atom,dual,LKLKSIVSWAKKVL,,,1,ZP2.5,5,dn,0.083
all_atom,dual,LKLKSIVSWAKKVL,,,1,ZP2.5,5,up,0.09
all_atom,dual,LKLKSIVSWAKKVL,,,1,ZP3.5,1,dn,0.046
all_atom,dual,LKLKSIVSWAKKVL,,,1,ZP3.5,1,up,0.04
all_atom,dual,LKLKSIVSWAKKVL,,,1,ZP3.5,2,dn,0.064
all_atom,dual,LKLKSIVSWAKKVL,,,1,ZP3.5,2,up,0.056
all_atom,dual,LKLKSIVSWAKKVL,,,1,ZP3.5,3,dn,0.081
all_atom,dual,LKLKSIVSWAKKVL,,,1,ZP3.5,3,up,0.055
all_atom,dual,LKLKSIVSWAKKVL,,,1,ZP3.5,4,dn,0.057
all_atom,dual,LKLKSIVSWAKKVL,,,1,ZP3.5,4,up,0.066
all_atom,dual,LKLKSIVSWAKKVL,,,1,ZP3.5,5,dn,0.068
all_atom,dual,LKLKSIVSWAKKVL,,,1,ZP3.5,5,up,0.061
all_atom,dual,LKLKSIVSWAKKVL,,,1,ZP4.5,1,dn,0.022
all_atom,dual,LKLKSIVSWAKKVL,,,1,ZP4.5,1,up,0.016
all_atom,dual,LKLKSIVSWAKKVL,,,1,ZP4.5,2,dn,0.045
all_atom,dual,LKLKSIVSWAKKVL,,,1,ZP4.5,2,up,0.042
all_atom,dual,LKLKSIVSWAKKVL,,,1,ZP4.5,3,dn,0.036
all_atom,dual,LKLKSIVSWAKKVL,,,1,ZP4.5,3,up,0.038
all_atom,dual,LKLKSIVSWAKKVL,,,1,ZP4.5,4,dn,0.038
all_atom,dual,LKLKSIVSWAKKVL,,,1,ZP4.5,4,up,0.043
all_atom,dual,LKLKSIVSWAKKVL,,,1,ZP4.5,5,dn,0.042
all_atom,dual,LKLKSIVSWAKKVL,,,1,ZP4.5,5,up,0.035
all_atom,dual,LKLKSIVSWAKKVL,,,1,ZP5.5,1,dn,0.006
all_atom,dual,LKLKSIVSWAKKVL,,,1,ZP5.5,1,up,0.013
all_atom,dual,LKLKSIVSWAKKVL,,,1,ZP5.5,2,dn,0.024
all_atom,dual,LKLKSIVSWAKKVL,,,1,ZP5.5,2,up,0.024
all_atom,dual,LKLKSIVSWAKKVL,,,1,ZP5.5,3,dn,0.026
all_atom,dual,LKLKSIVSWAKKVL,,,1,ZP5.5,3,up,0.016
all_atom,dual,LKLKSIVSWAKKVL,,,1,ZP5.5,4,dn,0.023
all_atom,dual,LKLKSIVSWAKKVL,,,1,ZP5.5,4,up,0.012
all_atom,dual,LKLKSIVSWAKKVL,,,1,ZP5.5,5,dn,0.009
all_atom,dual,LKLKSIVSWAKKVL,,,1,ZP5.5,5,up,0.009
all_atom,dual,LKLKSIVSWAKKVL,,,1,ZP6.5,1,dn,0.003
all_atom,dual,LKLKSIVSWAKKVL,,,1,ZP6.5,1,up,0.011
all_atom,dual,LKLKSIVSWAKKVL,,,1,ZP6.5,2,dn,0.007
all_atom,dual,LKLKSIVSWAKKVL,,,1,ZP6.5,2,up,0.0
all_atom,dual,LKLKSIVSWAKKVL,,,1,ZP6.5,3,dn,0.013
all_atom,dual,LKLKSIVSWAKKVL,,,1,ZP6.5,3,up,0.011
all_atom,dual,LKLKSIVSWAKKVL,,,1,ZP6.5,4,dn,0.022
all_atom,dual,LKLKSIVSWAKKVL,,,1,ZP6.5,4,up,0.003
all_atom,dual,LKLKSIVSWAKKVL,,,1,ZP6.5,5,dn,0.006
all_atom,dual,LKLKSIVSWAKKVL,,,1,ZP6.5,5,up,0.007
all_atom,dual,LKLKSIVSWAKKVL,,,1,ZP7.5,1,dn,0.0
all_atom,dual,LKLKSIVSWAKKVL,,,1,ZP7.5,1,up,0.003
all_atom,dual,LKLKSIVSWAKKVL,,,1,ZP7.5,2,dn,0.005
all_atom,dual,LKLKSIVSWAKKVL,,,1,ZP7.5,2,up,0.003
all_atom,dual,LKLKSIVSWAKKVL,,,1,ZP7.5,3,dn,0.003
all_atom,dual,LKLKSIVSWAKKVL,,,1,ZP7.5,3,up,0.003
all_atom,dual,LKLKSIVSWAKKVL,,,1,ZP7.5,4,dn,0.007
all_atom,dual,LKLKSIVSWAKKVL,,,1,ZP7.5,4,up,0.0
all_atom,dual,LKLKSIVSWAKKVL,,,1,ZP7.5,5,dn,0.0
all_atom,dual,LKLKSIVSWAKKVL,,,1,ZP7.5,5,up,0.0
all_atom,dual,LKLKSIVSWAKKVL,,,1,ZP8.5,1,dn,0.0
all_atom,dual,LKLKSIVSWAKKVL,,,1,ZP8.5,1,up,0.003
all_atom,dual,LKLKSIVSWAKKVL,,,1,ZP8.5,2,dn,0.0
all_atom,dual,LKLKSIVSWAKKVL,,,1,ZP8.5,2,up,0.004
all_atom,dual,LKLKSIVSWAKKVL,,,1,ZP8.5,3,dn,0.0
all_atom,dual,LKLKSIVSWAKKVL,,,1,ZP8.5,3,up,0.0
all_atom,dual,LKLKSIVSWAKKVL,,,1,ZP8.5,4,dn,0.001
all_atom,dual,LKLKSIVSWAKKVL,,,1,ZP8.5,4,up,0.0
all_atom,dual,LKLKSIVSWAKKVL,,,1,ZP8.5,5,dn,0.0
all_atom,dual,LKLKSIVSWAKKVL,,,1,ZP8.5,5,up,0.0
all_atom,dual,LKLKSIVSWAKKVL,,,1,ZP9.5,1,dn,0.0
all_atom,dual,LKLKSIVSWAKKVL,,,1,ZP9.5,1,up,0.001
all_atom,dual,LKLKSIVSWAKKVL,,,1,ZP9.5,2,dn,0.0
all_atom,dual,LKLKSIVSWAKKVL,,,1,ZP9.5,2,up,0.001
all_atom,dual,LKLKSIVSWAKKVL,,,1,ZP9.5,3,dn,0.0
all_atom,dual,LKLKSIVSWAKKVL,,,1,ZP9.5,3,up,0.003
all_atom,dual,LKLKSIVSWAKKVL,,,1,ZP9.5,4,dn,0.0
all_atom,dual,LKLKSIVSWAKKVL,,,1,ZP9.5,4,up,0.0
all_atom,dual,LKLKSIVSWAKKVL,,,1,ZP9.5,5,dn,0.0
all_atom,dual,LKLKSIVSWAKKVL,,,1,ZP9.5,5,up,0.0
all_atom,dual,LSAMLEDTENWLYEELSLTQDPVV,,,0,APLA12.5,1,dn,56.39
all_atom,dual,LSAMLEDTENWLYEELSLTQDPVV,,,0,APLA12.5,1,up,57.435
all_atom,dual,LSAMLEDTENWLYEELSLTQDPVV,,,0,APLA12.5,2,dn,58.583
all_atom,dual,LSAMLEDTENWLYEELSLTQDPVV,,,0,APLA12.5,2,up,56.064
all_atom,dual,LSAMLEDTENWLYEELSLTQDPVV,,,0,APLA12.5,3,dn,58.012
all_atom,dual,LSAMLEDTENWLYEELSLTQDPVV,,,0,APLA12.5,3,up,57.322
all_atom,dual,LSAMLEDTENWLYEELSLTQDPVV,,,0,APLA12.5,4,dn,56.161
all_atom,dual,LSAMLEDTENWLYEELSLTQDPVV,,,0,APLA12.5,4,up,57.45
all_atom,dual,LSAMLEDTENWLYEELSLTQDPVV,,,0,APLA12.5,5,dn,57.118
all_atom,dual,LSAMLEDTENWLYEELSLTQDPVV,,,0,APLA12.5,5,up,57.004
all_atom,dual,LSAMLEDTENWLYEELSLTQDPVV,,,0,APLA17.5,1,dn,58.34
all_atom,dual,LSAMLEDTENWLYEELSLTQDPVV,,,0,APLA17.5,1,up,59.932
all_atom,dual,LSAMLEDTENWLYEELSLTQDPVV,,,0,APLA17.5,2,dn,57.405
all_atom,dual,LSAMLEDTENWLYEELSLTQDPVV,,,0,APLA17.5,2,up,57.316
all_atom,dual,LSAMLEDTENWLYEELSLTQDPVV,,,0,APLA17.5,3,dn,58.15
all_atom,dual,LSAMLEDTENWLYEELSLTQDPVV,,,0,APLA17.5,3,up,58.893
all_atom,dual,LSAMLEDTENWLYEELSLTQDPVV,,,0,APLA17.5,4,dn,56.802
all_atom,dual,LSAMLEDTENWLYEELSLTQDPVV,,,0,APLA17.5,4,up,58.349
all_atom,dual,LSAMLEDTENWLYEELSLTQDPVV,,,0,APLA17.5,5,dn,57.953
all_atom,dual,LSAMLEDTENWLYEELSLTQDPVV,,,0,APLA17.5,5,up,58.73
all_atom,dual,LSAMLEDTENWLYEELSLTQDPVV,,,0,APLA2.5,1,dn,95.814
all_atom,dual,LSAMLEDTENWLYEELSLTQDPVV,,,0,APLA2.5,1,up,83.458
all_atom,dual,LSAMLEDTENWLYEELSLTQDPVV,,,0,APLA2.5,2,dn,85.666
all_atom,dual,LSAMLEDTENWLYEELSLTQDPVV,,,0,APLA2.5,2,up,85.442
all_atom,dual,LSAMLEDTENWLYEELSLTQDPVV,,,0,APLA2.5,3,dn,79.037
all_atom,dual,LSAMLEDTENWLYEELSLTQDPVV,,,0,APLA2.5,3,up,75.488
all_atom,dual,LSAMLEDTENWLYEELSLTQDPVV,,,0,APLA2.5,4,dn,91.681
all_atom,dual,LSAMLEDTENWLYEELSLTQDPVV,,,0,APLA2.5,4,up,80.679
all_atom,dual,LSAMLEDTENWLYEELSLTQDPVV,,,0,APLA2.5,5,dn,86.928
all_atom,dual,LSAMLEDTENWLYEELSLTQDPVV,,,0,APLA2.5,5,up,81.872
all_atom,dual,LSAMLEDTENWLYEELSLTQDPVV,,,0,APLA7.5,1,dn,66.771
all_atom,dual,LSAMLEDTENWLYEELSLTQDPVV,,,0,APLA7.5,1,up,61.452
all_atom,dual,LSAMLEDTENWLYEELSLTQDPVV,,,0,APLA7.5,2,dn,67.424
all_atom,dual,LSAMLEDTENWLYEELSLTQDPVV,,,0,APLA7.5,2,up,63.856
all_atom,dual,LSAMLEDTENWLYEELSLTQDPVV,,,0,APLA7.5,3,dn,60.515
all_atom,dual,LSAMLEDTENWLYEELSLTQDPVV,,,0,APLA7.5,3,up,63.469
all_atom,dual,LSAMLEDTENWLYEELSLTQDPVV,,,0,APLA7.5,4,dn,67.493
all_atom,dual,LSAMLEDTENWLYEELSLTQDPVV,,,0,APLA7.5,4,up,60.836
all_atom,dual,LSAMLEDTENWLYEELSLTQDPVV,,,0,APLA7.5,5,dn,64.228
all_atom,dual,LSAMLEDTENWLYEELSLTQDPVV,,,0,APLA7.5,5,up,61.071
all_atom,dual,LSAMLEDTENWLYEELSLTQDPVV,,,0,APLS12.5,1,dn,4.87
all_atom,dual,LSAMLEDTENWLYEELSLTQDPVV,,,0,APLS12.5,1,up,4.16
all_atom,dual,LSAMLEDTENWLYEELSLTQDPVV,,,0,APLS12.5,2,dn,3.78
all_atom,dual,LSAMLEDTENWLYEELSLTQDPVV,,,0,APLS12.5,2,up,3.673
all_atom,dual,LSAMLEDTENWLYEELSLTQDPVV,,,0,APLS12.5,3,dn,3.957
all_atom,dual,LSAMLEDTENWLYEELSLTQDPVV,,,0,APLS12.5,3,up,3.981
all_atom,dual,LSAMLEDTENWLYEELSLTQDPVV,,,0,APLS12.5,4,dn,3.87
all_atom,dual,LSAMLEDTENWLYEELSLTQDPVV,,,0,APLS12.5,4,up,4.088
all_atom,dual,LSAMLEDTENWLYEELSLTQDPVV,,,0,APLS12.5,5,dn,4.343
all_atom,dual,LSAMLEDTENWLYEELSLTQDPVV,,,0,APLS12.5,5,up,3.86
all_atom,dual,LSAMLEDTENWLYEELSLTQDPVV,,,0,APLS17.5,1,dn,4.179
all_atom,dual,LSAMLEDTENWLYEELSLTQDPVV,,,0,APLS17.5,1,up,4.3
all_atom,dual,LSAMLEDTENWLYEELSLTQDPVV,,,0,APLS17.5,2,dn,4.119
all_atom,dual,LSAMLEDTENWLYEELSLTQDPVV,,,0,APLS17.5,2,up,4.267
all_atom,dual,LSAMLEDTENWLYEELSLTQDPVV,,,0,APLS17.5,3,dn,3.992
all_atom,dual,LSAMLEDTENWLYEELSLTQDPVV,,,0,APLS17.5,3,up,3.83
all_atom,dual,LSAMLEDTENWLYEELSLTQDPVV,,,0,APLS17.5,4,dn,3.88
all_atom,dual,LSAMLEDTENWLYEELSLTQDPVV,,,0,APLS17.5,4,up,3.478
all_atom,dual,LSAMLEDTENWLYEELSLTQDPVV,,,0,APLS17.5,5,dn,3.112
all_atom,dual,LSAMLEDTENWLYEELSLTQDPVV,,,0,APLS17.5,5,up,4.054
all_atom,dual,LSAMLEDTENWLYEELSLTQDPVV,,,0,APLS2.5,1,dn,10.108
all_atom,dual,LSAMLEDTENWLYEELSLTQDPVV,,,0,APLS2.5,1,up,9.315
all_atom,dual,LSAMLEDTENWLYEELSLTQDPVV,,,0,APLS2.5,2,dn,9.915
all_atom,dual,LSAMLEDTENWLYEELSLTQDPVV,,,0,APLS2.5,2,up,9.536
all_atom,dual,LSAMLEDTENWLYEELSLTQDPVV,,,0,APLS2.5,3,dn,6.71
all_atom,dual,LSAMLEDTENWLYEELSLTQDPVV,,,0,APLS2.5,3,up,7.162
all_atom,dual,LSAMLEDTENWLYEELSLTQDPVV,,,0,APLS2.5,4,dn,11.56
all_atom,dual,LSAMLEDTENWLYEELSLTQDPVV,,,0,APLS2.5,4,up,8.124
all_atom,dual,LSAMLEDTENWLYEELSLTQDPVV,,,0,APLS2.5,5,dn,11.835
all_atom,dual,LSAMLEDTENWLYEELSLTQDPVV,,,0,APLS2.5,5,up,8.188
all_atom,dual,LSAMLEDTENWLYEELSLTQDPVV,,,0,APLS7.5,1,dn,7.035
all_atom,dual,LSAMLEDTENWLYEELSLTQDPVV,,,0,APLS7.5,1,up,6.123
all_atom,dual,LSAMLEDTENWLYEELSLTQDPVV,,,0,APLS7.5,2,dn,7.975
all_atom,dual,LSAMLEDTENWLYEELSLTQDPVV,,,0,APLS7.5,2,up,6.169
all_atom,dual,LSAMLEDTENWLYEELSLTQDPVV,,,0,APLS7.5,3,dn,5.773
all_atom,dual,LSAMLEDTENWLYEELSLTQDPVV,,,0,APLS7.5,3,up,5.513
all_atom,dual,LSAMLEDTENWLYEELSLTQDPVV,,,0,APLS7.5,4,dn,7.524
all_atom,dual,LSAMLEDTENWLYEELSLTQDPVV,,,0,APLS7.5,4,up,5.255
all_atom,dual,LSAMLEDTENWLYEELSLTQDPVV,,,0,APLS7.5,5,dn,6.75
all_atom,dual,LSAMLEDTENWLYEELSLTQDPVV,,,0,APLS7.5,5,up,6.136
all_atom,dual,LSAMLEDTENWLYEELSLTQDPVV,,,0,H0,1,dn,0.0
all_atom,dual,LSAMLEDTENWLYEELSLTQDPVV,,,0,H0,1,up,0.0
all_atom,dual,LSAMLEDTENWLYEELSLTQDPVV,,,0,H0,2,dn,0.0
all_atom,dual,LSAMLEDTENWLYEELSLTQDPVV,,,0,H0,2,up,0.0
all_atom,dual,LSAMLEDTENWLYEELSLTQDPVV,,,0,H0,3,dn,0.0
all_atom,dual,LSAMLEDTENWLYEELSLTQDPVV,,,0,H0,3,up,0.0
all_atom,dual,LSAMLEDTENWLYEELSLTQDPVV,,,0,H0,4,dn,0.0
all_atom,dual,LSAMLEDTENWLYEELSLTQDPVV,,,0,H0,4,up,0.0
all_atom,dual,LSAMLEDTENWLYEELSLTQDPVV,,,0,H0,5,dn,0.0
all_atom,dual,LSAMLEDTENWLYEELSLTQDPVV,,,0,H0,5,up,0.0
all_atom,dual,LSAMLEDTENWLYEELSLTQDPVV,,,0,H1,1,dn,0.953
all_atom,dual,LSAMLEDTENWLYEELSLTQDPVV,,,0,H1,1,up,1.0
all_atom,dual,LSAMLEDTENWLYEELSLTQDPVV,,,0,H1,2,dn,1.0
all_atom,dual,LSAMLEDTENWLYEELSLTQDPVV,,,0,H1,2,up,1.0
all_atom,dual,LSAMLEDTENWLYEELSLTQDPVV,,,0,H1,3,dn,1.0
all_atom,dual,LSAMLEDTENWLYEELSLTQDPVV,,,0,H1,3,up,0.993
all_atom,dual,LSAMLEDTENWLYEELSLTQDPVV,,,0,H1,4,dn,1.0
all_atom,dual,LSAMLEDTENWLYEELSLTQDPVV,,,0,H1,4,up,1.0
all_atom,dual,LSAMLEDTENWLYEELSLTQDPVV,,,0,H1,5,dn,1.0
all_atom,dual,LSAMLEDTENWLYEELSLTQDPVV,,,0,H1,5,up,1.0
all_atom,dual,LSAMLEDTENWLYEELSLTQDPVV,,,0,H10,1,dn,0.0
all_atom,dual,LSAMLEDTENWLYEELSLTQDPVV,,,0,H10,1,up,0.0
all_atom,dual,LSAMLEDTENWLYEELSLTQDPVV,,,0,H10,2,dn,0.0
all_atom,dual,LSAMLEDTENWLYEELSLTQDPVV,,,0,H10,2,up,0.0
all_atom,dual,LSAMLEDTENWLYEELSLTQDPVV,,,0,H10,3,dn,0.0
all_atom,dual,LSAMLEDTENWLYEELSLTQDPVV,,,0,H10,3,up,0.0
all_atom,dual,LSAMLEDTENWLYEELSLTQDPVV,,,0,H10,4,dn,0.0
all_atom,dual,LSAMLEDTENWLYEELSLTQDPVV,,,0,H10,4,up,0.0
all_atom,dual,LSAMLEDTENWLYEELSLTQDPVV,,,0,H10,5,dn,0.0
all_atom,dual,LSAMLEDTENWLYEELSLTQDPVV,,,0,H10,5,up,0.0
all_atom,dual,LSAMLEDTENWLYEELSLTQDPVV,,,0,H2,1,dn,0.97
all_atom,dual,LSAMLEDTENWLYEELSLTQDPVV,,,0,H2,1,up,1.0
all_atom,dual,LSAMLEDTENWLYEELSLTQDPVV,,,0,H2,2,dn,1.0
all_atom,dual,LSAMLEDTENWLYEELSLTQDPVV,,,0,H2,2,up,1.0
all_atom,dual,LSAMLEDTENWLYEELSLTQDPVV,,,0,H2,3,dn,1.0
all_atom,dual,LSAMLEDTENWLYEELSLTQDPVV,,,0,H2,3,up,1.0
all_atom,dual,LSAMLEDTENWLYEELSLTQDPVV,,,0,H2,4,dn,1.0
all_atom,dual,LSAMLEDTENWLYEELSLTQDPVV,,,0,H2,4,up,1.0
all_atom,dual,LSAMLEDTENWLYEELSLTQDPVV,,,0,H2,5,dn,1.0
all_atom,dual,LSAMLEDTENWLYEELSLTQDPVV,,,0,H2,5,up,1.0
all_atom,dual,LSAMLEDTENWLYEELSLTQDPVV,,,0,H3,1,dn,0.971
all_atom,dual,LSAMLEDTENWLYEELSLTQDPVV,,,0,H3,1,up,1.0
all_atom,dual,LSAMLEDTENWLYEELSLTQDPVV,,,0,H3,2,dn,1.0
all_atom,dual,LSAMLEDTENWLYEELSLTQDPVV,,,0,H3,2,up,1.0
all_atom,dual,LSAMLEDTENWLYEELSLTQDPVV,,,0,H3,3,dn,1.0
all_atom,dual,LSAMLEDTENWLYEELSLTQDPVV,,,0,H3,3,up,1.0
all_atom,dual,LSAMLEDTENWLYEELSLTQDPVV,,,0,H3,4,dn,1.0
all_atom,dual,LSAMLEDTENWLYEELSLTQDPVV,,,0,H3,4,up,1.0
all_atom,dual,LSAMLEDTENWLYEELSLTQDPVV,,,0,H3,5,dn,1.0
all_atom,dual,LSAMLEDTENWLYEELSLTQDPVV,,,0,H3,5,up,1.0
all_atom,dual,LSAMLEDTENWLYEELSLTQDPVV,,,0,H4,1,dn,1.0
all_atom,dual,LSAMLEDTENWLYEELSLTQDPVV,,,0,H4,1,up,1.0
all_atom,dual,LSAMLEDTENWLYEELSLTQDPVV,,,0,H4,2,dn,1.0
all_atom,dual,LSAMLEDTENWLYEELSLTQDPVV,,,0,H4,2,up,1.0
all_atom,dual,LSAMLEDTENWLYEELSLTQDPVV,,,0,H4,3,dn,1.0
all_atom,dual,LSAMLEDTENWLYEELSLTQDPVV,,,0,H4,3,up,1.0
all_atom,dual,LSAMLEDTENWLYEELSLTQDPVV,,,0,H4,4,dn,1.0
all_atom,dual,LSAMLEDTENWLYEELSLTQDPVV,,,0,H4,4,up,1.0
all_atom,dual,LSAMLEDTENWLYEELSLTQDPVV,,,0,H4,5,dn,1.0
all_atom,dual,LSAMLEDTENWLYEELSLTQDPVV,,,0,H4,5,up,1.0
all_atom,dual,LSAMLEDTENWLYEELSLTQDPVV,,,0,H5,1,dn,1.0
all_atom,dual,LSAMLEDTENWLYEELSLTQDPVV,,,0,H5,1,up,1.0
all_atom,dual,LSAMLEDTENWLYEELSLTQDPVV,,,0,H5,2,dn,1.0
all_atom,dual,LSAMLEDTENWLYEELSLTQDPVV,,,0,H5,2,up,1.0
all_atom,dual,LSAMLEDTENWLYEELSLTQDPVV,,,0,H5,3,dn,0.99
all_atom,dual,LSAMLEDTENWLYEELSLTQDPVV,,,0,H5,3,up,1.0
all_atom,dual,LSAMLEDTENWLYEELSLTQDPVV,,,0,H5,4,dn,0.98
all_atom,dual,LSAMLEDTENWLYEELSLTQDPVV,,,0,H5,4,up,1.0
all_atom,dual,LSAMLEDTENWLYEELSLTQDPVV,,,0,H5,5,dn,0.98
all_atom,dual,LSAMLEDTENWLYEELSLTQDPVV,,,0,H5,5,up,1.0
all_atom,dual,LSAMLEDTENWLYEELSLTQDPVV,,,0,H6,1,dn,1.0
all_atom,dual,LSAMLEDTENWLYEELSLTQDPVV,,,0,H6,1,up,1.0
all_atom,dual,LSAMLEDTENWLYEELSLTQDPVV,,,0,H6,2,dn,1.0
all_atom,dual,LSAMLEDTENWLYEELSLTQDPVV,,,0,H6,2,up,1.0
all_atom,dual,LSAMLEDTENWLYEELSLTQDPVV,,,0,H6,3,dn,0.877
all_atom,dual,LSAMLEDTENWLYEELSLTQDPVV,,,0,H6,3,up,1.0
all_atom,dual,LSAMLEDTENWLYEELSLTQDPVV,,,0,H6,4,dn,0.364
all_atom,dual,LSAMLEDTENWLYEELSLTQDPVV,,,0,H6,4,up,1.0
all_atom,dual,LSAMLEDTENWLYEELSLTQDPVV,,,0,H6,5,dn,0.455
all_atom,dual,LSAMLEDTENWLYEELSLTQDPVV,,,0,H6,5,up,1.0
all_atom,dual,LSAMLEDTENWLYEELSLTQDPVV,,,0,H7,1,dn,1.0
all_atom,dual,LSAMLEDTENWLYEELSLTQDPVV,,,0,H7,1,up,0.999
all_atom,dual,LSAMLEDTENWLYEELSLTQDPVV,,,0,H7,2,dn,0.979
all_atom,dual,LSAMLEDTENWLYEELSLTQDPVV,,,0,H7,2,up,0.999
all_atom,dual,LSAMLEDTENWLYEELSLTQDPVV,,,0,H7,3,dn,0.82
all_atom,dual,LSAMLEDTENWLYEELSLTQDPVV,,,0,H7,3,up,0.992
all_atom,dual,LSAMLEDTENWLYEELSLTQDPVV,,,0,H7,4,dn,0.537
all_atom,dual,LSAMLEDTENWLYEELSLTQDPVV,,,0,H7,4,up,0.972
all_atom,dual,LSAMLEDTENWLYEELSLTQDPVV,,,0,H7,5,dn,0.27
all_atom,dual,LSAMLEDTENWLYEELSLTQDPVV,,,0,H7,5,up,0.984
all_atom,dual,LSAMLEDTENWLYEELSLTQDPVV,,,0,H8,1,dn,0.929
all_atom,dual,LSAMLEDTENWLYEELSLTQDPVV,,,0,H8,1,up,0.893
all_atom,dual,LSAMLEDTENWLYEELSLTQDPVV,,,0,H8,2,dn,0.812
all_atom,dual,LSAMLEDTENWLYEELSLTQDPVV,,,0,H8,2,up,0.877
all_atom,dual,LSAMLEDTENWLYEELSLTQDPVV,,,0,H8,3,dn,0.648
all_atom,dual,LSAMLEDTENWLYEELSLTQDPVV,,,0,H8,3,up,0.608
all_atom,dual,LSAMLEDTENWLYEELSLTQDPVV,,,0,H8,4,dn,0.616
all_atom,dual,LSAMLEDTENWLYEELSLTQDPVV,,,0,H8,4,up,0.374
all_atom,dual,LSAMLEDTENWLYEELSLTQDPVV,,,0,H8,5,dn,0.459
all_atom,dual,LSAMLEDTENWLYEELSLTQDPVV,,,0,H8,5,up,0.535
all_atom,dual,LSAMLEDTENWLYEELSLTQDPVV,,,0,H9,1,dn,0.548
all_atom,dual,LSAMLEDTENWLYEELSLTQDPVV,,,0,H9,1,up,0.334
all_atom,dual,LSAMLEDTENWLYEELSLTQDPVV,,,0,H9,2,dn,0.142
all_atom,dual,LSAMLEDTENWLYEELSLTQDPVV,,,0,H9,2,up,0.326
all_atom,dual,LSAMLEDTENWLYEELSLTQDPVV,,,0,H9,3,dn,0.055
all_atom,dual,LSAMLEDTENWLYEELSLTQDPVV,,,0,H9,3,up,0.059
all_atom,dual,LSAMLEDTENWLYEELSLTQDPVV,,,0,H9,4,dn,0.191
all_atom,dual,LSAMLEDTENWLYEELSLTQDPVV,,,0,H9,4,up,0.0
all_atom,dual,LSAMLEDTENWLYEELSLTQDPVV,,,0,H9,5,dn,0.251
all_atom,dual,LSAMLEDTENWLYEELSLTQDPVV,,,0,H9,5,up,0.0
all_atom,dual,LSAMLEDTENWLYEELSLTQDPVV,,,0,HM,1,dn,0.822
all_atom,dual,LSAMLEDTENWLYEELSLTQDPVV,,,0,HM,1,up,0.824
all_atom,dual,LSAMLEDTENWLYEELSLTQDPVV,,,0,HM,2,dn,0.788
all_atom,dual,LSAMLEDTENWLYEELSLTQDPVV,,,0,HM,2,up,0.821
all_atom,dual,LSAMLEDTENWLYEELSLTQDPVV,,,0,HM,3,dn,0.73
all_atom,dual,LSAMLEDTENWLYEELSLTQDPVV,,,0,HM,3,up,0.757
all_atom,dual,LSAMLEDTENWLYEELSLTQDPVV,,,0,HM,4,dn,0.658
all_atom,dual,LSAMLEDTENWLYEELSLTQDPVV,,,0,HM,4,up,0.717
all_atom,dual,LSAMLEDTENWLYEELSLTQDPVV,,,0,HM,5,dn,0.649
all_atom,dual,LSAMLEDTENWLYEELSLTQDPVV,,,0,HM,5,up,0.741
all_atom,dual,LSAMLEDTENWLYEELSLTQDPVV,,,0,PEPT_BUR_MAX,1,dn,10.1
all_atom,dual,LSAMLEDTENWLYEELSLTQDPVV,,,0,PEPT_BUR_MAX,1,up,9.77
all_atom,dual,LSAMLEDTENWLYEELSLTQDPVV,,,0,PEPT_BUR_MAX,2,dn,8.9
all_atom,dual,LSAMLEDTENWLYEELSLTQDPVV,,,0,PEPT_BUR_MAX,2,up,9.55
all_atom,dual,LSAMLEDTENWLYEELSLTQDPVV,,,0,PEPT_BUR_MAX,3,dn,7.48
all_atom,dual,LSAMLEDTENWLYEELSLTQDPVV,,,0,PEPT_BUR_MAX,3,up,8.93
all_atom,dual,LSAMLEDTENWLYEELSLTQDPVV,,,0,PEPT_BUR_MAX,4,dn,9.71
all_atom,dual,LSAMLEDTENWLYEELSLTQDPVV,,,0,PEPT_BUR_MAX,4,up,7.01
all_atom,dual,LSAMLEDTENWLYEELSLTQDPVV,,,0,PEPT_BUR_MAX,5,dn,10.35
all_atom,dual,LSAMLEDTENWLYEELSLTQDPVV,,,0,PEPT_BUR_MAX,5,up,8.82
all_atom,dual,LSAMLEDTENWLYEELSLTQDPVV,,,0,S,1,dn,0.51
all_atom,dual,LSAMLEDTENWLYEELSLTQDPVV,,,0,S,1,up,0.512
all_atom,dual,LSAMLEDTENWLYEELSLTQDPVV,,,0,S,2,dn,0.332
all_atom,dual,LSAMLEDTENWLYEELSLTQDPVV,,,0,S,2,up,0.429
all_atom,dual,LSAMLEDTENWLYEELSLTQDPVV,,,0,S,3,dn,0.414
all_atom,dual,LSAMLEDTENWLYEELSLTQDPVV,,,0,S,3,up,0.455
all_atom,dual,LSAMLEDTENWLYEELSLTQDPVV,,,0,S,4,dn,0.409
all_atom,dual,LSAMLEDTENWLYEELSLTQDPVV,,,0,S,4,up,0.398
all_atom,dual,LSAMLEDTENWLYEELSLTQDPVV,,,0,S,5,dn,0.325
all_atom,dual,LSAMLEDTENWLYEELSLTQDPVV,,,0,S,5,up,0.373
all_atom,dual,LSAMLEDTENWLYEELSLTQDPVV,,,0,WAT_BUR_MAX,1,dn,9.89
all_atom,dual,LSAMLEDTENWLYEELSLTQDPVV,,,0,WAT_BUR_MAX,1,up,10.88
all_atom,dual,LSAMLEDTENWLYEELSLTQDPVV,,,0,WAT_BUR_MAX,2,dn,9.38
all_atom,dual,LSAMLEDTENWLYEELSLTQDPVV,,,0,WAT_BUR_MAX,2,up,11.05
all_atom,dual,LSAMLEDTENWLYEELSLTQDPVV,,,0,WAT_BUR_MAX,3,dn,9.26
all_atom,dual,LSAMLEDTENWLYEELSLTQDPVV,,,0,WAT_BUR_MAX,3,up,10.07
all_atom,dual,LSAMLEDTENWLYEELSLTQDPVV,,,0,WAT_BUR_MAX,4,dn,10.01
all_atom,dual,LSAMLEDTENWLYEELSLTQDPVV,,,0,WAT_BUR_MAX,4,up,10.15
all_atom,dual,LSAMLEDTENWLYEELSLTQDPVV,,,0,WAT_BUR_MAX,5,dn,11.0
all_atom,dual,LSAMLEDTENWLYEELSLTQDPVV,,,0,WAT_BUR_MAX,5,up,10.0
all_atom,dual,LSAMLEDTENWLYEELSLTQDPVV,,,0,WAT_BUR_REL,1,dn,0.68
all_atom,dual,LSAMLEDTENWLYEELSLTQDPVV,,,0,WAT_BUR_REL,1,up,0.39
all_atom,dual,LSAMLEDTENWLYEELSLTQDPVV,,,0,WAT_BUR_REL,2,dn,1.8
all_atom,dual,LSAMLEDTENWLYEELSLTQDPVV,,,0,WAT_BUR_REL,2,up,1.31
all_atom,dual,LSAMLEDTENWLYEELSLTQDPVV,,,0,WAT_BUR_REL,3,dn,2.4
all_atom,dual,LSAMLEDTENWLYEELSLTQDPVV,,,0,WAT_BUR_REL,3,up,1.63
all_atom,dual,LSAMLEDTENWLYEELSLTQDPVV,,,0,WAT_BUR_REL,4,dn,1.31
all_atom,dual,LSAMLEDTENWLYEELSLTQDPVV,,,0,WAT_BUR_REL,4,up,2.79
all_atom,dual,LSAMLEDTENWLYEELSLTQDPVV,,,0,WAT_BUR_REL,5,dn,1.41
all_atom,dual,LSAMLEDTENWLYEELSLTQDPVV,,,0,WAT_BUR_REL,5,up,2.08
all_atom,dual,LSAMLEDTENWLYEELSLTQDPVV,,,0,ZP-0.5,1,dn,0.105
all_atom,dual,LSAMLEDTENWLYEELSLTQDPVV,,,0,ZP-0.5,1,up,0.101
all_atom,dual,LSAMLEDTENWLYEELSLTQDPVV,,,0,ZP-0.5,2,dn,0.078
all_atom,dual,LSAMLEDTENWLYEELSLTQDPVV,,,0,ZP-0.5,2,up,0.11
all_atom,dual,LSAMLEDTENWLYEELSLTQDPVV,,,0,ZP-0.5,3,dn,0.101
all_atom,dual,LSAMLEDTENWLYEELSLTQDPVV,,,0,ZP-0.5,3,up,0.115
all_atom,dual,LSAMLEDTENWLYEELSLTQDPVV,,,0,ZP-0.5,4,dn,0.114
all_atom,dual,LSAMLEDTENWLYEELSLTQDPVV,,,0,ZP-0.5,4,up,0.139
all_atom,dual,LSAMLEDTENWLYEELSLTQDPVV,,,0,ZP-0.5,5,dn,0.111
all_atom,dual,LSAMLEDTENWLYEELSLTQDPVV,,,0,ZP-0.5,5,up,0.135
all_atom,dual,LSAMLEDTENWLYEELSLTQDPVV,,,0,ZP-1.5,1,dn,0.084
all_atom,dual,LSAMLEDTENWLYEELSLTQDPVV,,,0,ZP-1.5,1,up,0.099
all_atom,dual,LSAMLEDTENWLYEELSLTQDPVV,,,0,ZP-1.5,2,dn,0.077
all_atom,dual,LSAMLEDTENWLYEELSLTQDPVV,,,0,ZP-1.5,2,up,0.13
all_atom,dual,LSAMLEDTENWLYEELSLTQDPVV,,,0,ZP-1.5,3,dn,0.104
all_atom,dual,LSAMLEDTENWLYEELSLTQDPVV,,,0,ZP-1.5,3,up,0.128
all_atom,dual,LSAMLEDTENWLYEELSLTQDPVV,,,0,ZP-1.5,4,dn,0.1
all_atom,dual,LSAMLEDTENWLYEELSLTQDPVV,,,0,ZP-1.5,4,up,0.124
all_atom,dual,LSAMLEDTENWLYEELSLTQDPVV,,,0,ZP-1.5,5,dn,0.085
all_atom,dual,LSAMLEDTENWLYEELSLTQDPVV,,,0,ZP-1.5,5,up,0.129
all_atom,dual,LSAMLEDTENWLYEELSLTQDPVV,,,0,ZP-2.5,1,dn,0.067
all_atom,dual,LSAMLEDTENWLYEELSLTQDPVV,,,0,ZP-2.5,1,up,0.122
all_atom,dual,LSAMLEDTENWLYEELSLTQDPVV,,,0,ZP-2.5,2,dn,0.048
all_atom,dual,LSAMLEDTENWLYEELSLTQDPVV,,,0,ZP-2.5,2,up,0.121
all_atom,dual,LSAMLEDTENWLYEELSLTQDPVV,,,0,ZP-2.5,3,dn,0.099
all_atom,dual,LSAMLEDTENWLYEELSLTQDPVV,,,0,ZP-2.5,3,up,0.12
all_atom,dual,LSAMLEDTENWLYEELSLTQDPVV,,,0,ZP-2.5,4,dn,0.094
all_atom,dual,LSAMLEDTENWLYEELSLTQDPVV,,,0,ZP-2.5,4,up,0.105
all_atom,dual,LSAMLEDTENWLYEELSLTQDPVV,,,0,ZP-2.5,5,dn,0.054
all_atom,dual,LSAMLEDTENWLYEELSLTQDPVV,,,0,ZP-2.5,5,up,0.092
all_atom,dual,LSAMLEDTENWLYEELSLTQDPVV,,,0,ZP-3.5,1,dn,0.058
all_atom,dual,LSAMLEDTENWLYEELSLTQDPVV,,,0,ZP-3.5,1,up,0.099
all_atom,dual,LSAMLEDTENWLYEELSLTQDPVV,,,0,ZP-3.5,2,dn,0.019
all_atom,dual,LSAMLEDTENWLYEELSLTQDPVV,,,0,ZP-3.5,2,up,0.052
all_atom,dual,LSAMLEDTENWLYEELSLTQDPVV,,,0,ZP-3.5,3,dn,0.081
all_atom,dual,LSAMLEDTENWLYEELSLTQDPVV,,,0,ZP-3.5,3,up,0.098
all_atom,dual,LSAMLEDTENWLYEELSLTQDPVV,,,0,ZP-3.5,4,dn,0.066
all_atom,dual,LSAMLEDTENWLYEELSLTQDPVV,,,0,ZP-3.5,4,up,0.059
all_atom,dual,LSAMLEDTENWLYEELSLTQDPVV,,,0,ZP-3.5,5,dn,0.025
all_atom,dual,LSAMLEDTENWLYEELSLTQDPVV,,,0,ZP-3.5,5,up,0.065
all_atom,dual,LSAMLEDTENWLYEELSLTQDPVV,,,0,ZP-4.5,1,dn,0.033
all_atom,dual,LSAMLEDTENWLYEELSLTQDPVV,,,0,ZP-4.5,1,up,0.082
all_atom,dual,LSAMLEDTENWLYEELSLTQDPVV,,,0,ZP-4.5,2,dn,0.022
all_atom,dual,LSAMLEDTENWLYEELSLTQDPVV,,,0,ZP-4.5,2,up,0.043
all_atom,dual,LSAMLEDTENWLYEELSLTQDPVV,,,0,ZP-4.5,3,dn,0.061
all_atom,dual,LSAMLEDTENWLYEELSLTQDPVV,,,0,ZP-4.5,3,up,0.083
all_atom,dual,LSAMLEDTENWLYEELSLTQDPVV,,,0,ZP-4.5,4,dn,0.046
all_atom,dual,LSAMLEDTENWLYEELSLTQDPVV,,,0,ZP-4.5,4,up,0.038
all_atom,dual,LSAMLEDTENWLYEELSLTQDPVV,,,0,ZP-4.5,5,dn,0.02
all_atom,dual,LSAMLEDTENWLYEELSLTQDPVV,,,0,ZP-4.5,5,up,0.036
all_atom,dual,LSAMLEDTENWLYEELSLTQDPVV,,,0,ZP-5.5,1,dn,0.011
all_atom,dual,LSAMLEDTENWLYEELSLTQDPVV,,,0,ZP-5.5,1,up,0.061
all_atom,dual,LSAMLEDTENWLYEELSLTQDPVV,,,0,ZP-5.5,2,dn,0.008
all_atom,dual,LSAMLEDTENWLYEELSLTQDPVV,,,0,ZP-5.5,2,up,0.009
all_atom,dual,LSAMLEDTENWLYEELSLTQDPVV,,,0,ZP-5.5,3,dn,0.016
all_atom,dual,LSAMLEDTENWLYEELSLTQDPVV,,,0,ZP-5.5,3,up,0.037
all_atom,dual,LSAMLEDTENWLYEELSLTQDPVV,,,0,ZP-5.5,4,dn,0.027
all_atom,dual,LSAMLEDTENWLYEELSLTQDPVV,,,0,ZP-5.5,4,up,0.026
all_atom,dual,LSAMLEDTENWLYEELSLTQDPVV,,,0,ZP-5.5,5,dn,0.004
all_atom,dual,LSAMLEDTENWLYEELSLTQDPVV,,,0,ZP-5.5,5,up,0.029
all_atom,dual,LSAMLEDTENWLYEELSLTQDPVV,,,0,ZP-6.5,1,dn,0.005
all_atom,dual,LSAMLEDTENWLYEELSLTQDPVV,,,0,ZP-6.5,1,up,0.039
all_atom,dual,LSAMLEDTENWLYEELSLTQDPVV,,,0,ZP-6.5,2,dn,0.002
all_atom,dual,LSAMLEDTENWLYEELSLTQDPVV,,,0,ZP-6.5,2,up,0.002
all_atom,dual,LSAMLEDTENWLYEELSLTQDPVV,,,0,ZP-6.5,3,dn,0.012
all_atom,dual,LSAMLEDTENWLYEELSLTQDPVV,,,0,ZP-6.5,3,up,0.02
all_atom,dual,LSAMLEDTENWLYEELSLTQDPVV,,,0,ZP-6.5,4,dn,0.016
all_atom,dual,LSAMLEDTENWLYEELSLTQDPVV,,,0,ZP-6.5,4,up,0.01
all_atom,dual,LSAMLEDTENWLYEELSLTQDPVV,,,0,ZP-6.5,5,dn,0.001
all_atom,dual,LSAMLEDTENWLYEELSLTQDPVV,,,0,ZP-6.5,5,up,0.003
all_atom,dual,LSAMLEDTENWLYEELSLTQDPVV,,,0,ZP-7.5,1,dn,0.001
all_atom,dual,LSAMLEDTENWLYEELSLTQDPVV,,,0,ZP-7.5,1,up,0.017
all_atom,dual,LSAMLEDTENWLYEELSLTQDPVV,,,0,ZP-7.5,2,dn,0.0
all_atom,dual,LSAMLEDTENWLYEELSLTQDPVV,,,0,ZP-7.5,2,up,0.0
all_atom,dual,LSAMLEDTENWLYEELSLTQDPVV,,,0,ZP-7.5,3,dn,0.007
all_atom,dual,LSAMLEDTENWLYEELSLTQDPVV,,,0,ZP-7.5,3,up,0.007
all_atom,dual,LSAMLEDTENWLYEELSLTQDPVV,,,0,ZP-7.5,4,dn,0.001
all_atom,dual,LSAMLEDTENWLYEELSLTQDPVV,,,0,ZP-7.5,4,up,0.005
all_atom,dual,LSAMLEDTENWLYEELSLTQDPVV,,,0,ZP-7.5,5,dn,0.0
all_atom,dual,LSAMLEDTENWLYEELSLTQDPVV,,,0,ZP-7.5,5,up,0.002
all_atom,dual,LSAMLEDTENWLYEELSLTQDPVV,,,0,ZP-8.5,1,dn,0.001
all_atom,dual,LSAMLEDTENWLYEELSLTQDPVV,,,0,ZP-8.5,1,up,0.004
all_atom,dual,LSAMLEDTENWLYEELSLTQDPVV,,,0,ZP-8.5,2,dn,0.0
all_atom,dual,LSAMLEDTENWLYEELSLTQDPVV,,,0,ZP-8.5,2,up,0.0
all_atom,dual,LSAMLEDTENWLYEELSLTQDPVV,,,0,ZP-8.5,3,dn,0.0
all_atom,dual,LSAMLEDTENWLYEELSLTQDPVV,,,0,ZP-8.5,3,up,0.0
all_atom,dual,LSAMLEDTENWLYEELSLTQDPVV,,,0,ZP-8.5,4,dn,0.001
all_atom,dual,LSAMLEDTENWLYEELSLTQDPVV,,,0,ZP-8.5,4,up,0.001
all_atom,dual,LSAMLEDTENWLYEELSLTQDPVV,,,0,ZP-8.5,5,dn,0.0
all_atom,dual,LSAMLEDTENWLYEELSLTQDPVV,,,0,ZP-8.5,5,up,0.0
all_atom,dual,LSAMLEDTENWLYEELSLTQDPVV,,,0,ZP-9.5,1,dn,0.0
all_atom,dual,LSAMLEDTENWLYEELSLTQDPVV,,,0,ZP-9.5,1,up,0.005
all_atom,dual,LSAMLEDTENWLYEELSLTQDPVV,,,0,ZP-9.5,2,dn,0.0
all_atom,dual,LSAMLEDTENWLYEELSLTQDPVV,,,0,ZP-9.5,2,up,0.0
all_atom,dual,LSAMLEDTENWLYEELSLTQDPVV,,,0,ZP-9.5,3,dn,0.001
all_atom,dual,LSAMLEDTENWLYEELSLTQDPVV,,,0,ZP-9.5,3,up,0.0
all_atom,dual,LSAMLEDTENWLYEELSLTQDPVV,,,0,ZP-9.5,4,dn,0.0
all_atom,dual,LSAMLEDTENWLYEELSLTQDPVV,,,0,ZP-9.5,4,up,0.0
all_atom,dual,LSAMLEDTENWLYEELSLTQDPVV,,,0,ZP-9.5,5,dn,0.0
all_atom,dual,LSAMLEDTENWLYEELSLTQDPVV,,,0,ZP-9.5,5,up,0.0
all_atom,dual,LSAMLEDTENWLYEELSLTQDPVV,,,0,ZP0.5,1,dn,0.144
all_atom,dual,LSAMLEDTENWLYEELSLTQDPVV,,,0,ZP0.5,1,up,0.12
all_atom,dual,LSAMLEDTENWLYEELSLTQDPVV,,,0,ZP0.5,2,dn,0.12
all_atom,dual,LSAMLEDTENWLYEELSLTQDPVV,,,0,ZP0.5,2,up,0.122
all_atom,dual,LSAMLEDTENWLYEELSLTQDPVV,,,0,ZP0.5,3,dn,0.115
all_atom,dual,LSAMLEDTENWLYEELSLTQDPVV,,,0,ZP0.5,3,up,0.077
all_atom,dual,LSAMLEDTENWLYEELSLTQDPVV,,,0,ZP0.5,4,dn,0.09
all_atom,dual,LSAMLEDTENWLYEELSLTQDPVV,,,0,ZP0.5,4,up,0.122
all_atom,dual,LSAMLEDTENWLYEELSLTQDPVV,,,0,ZP0.5,5,dn,0.116
all_atom,dual,LSAMLEDTENWLYEELSLTQDPVV,,,0,ZP0.5,5,up,0.153
all_atom,dual,LSAMLEDTENWLYEELSLTQDPVV,,,0,ZP1.5,1,dn,0.143
all_atom,dual,LSAMLEDTENWLYEELSLTQDPVV,,,0,ZP1.5,1,up,0.078
all_atom,dual,LSAMLEDTENWLYEELSLTQDPVV,,,0,ZP1.5,2,dn,0.127
all_atom,dual,LSAMLEDTENWLYEELSLTQDPVV,,,0,ZP1.5,2,up,0.095
all_atom,dual,LSAMLEDTENWLYEELSLTQDPVV,,,0,ZP1.5,3,dn,0.113
all_atom,dual,LSAMLEDTENWLYEELSLTQDPVV,,,0,ZP1.5,3,up,0.091
all_atom,dual,LSAMLEDTENWLYEELSLTQDPVV,,,0,ZP1.5,4,dn,0.115
all_atom,dual,LSAMLEDTENWLYEELSLTQDPVV,,,0,ZP1.5,4,up,0.125
all_atom,dual,LSAMLEDTENWLYEELSLTQDPVV,,,0,ZP1.5,5,dn,0.134
all_atom,dual,LSAMLEDTENWLYEELSLTQDPVV,,,0,ZP1.5,5,up,0.108
all_atom,dual,LSAMLEDTENWLYEELSLTQDPVV,,,0,ZP2.5,1,dn,0.124
all_atom,dual,LSAMLEDTENWLYEELSLTQDPVV,,,0,ZP2.5,1,up,0.066
all_atom,dual,LSAMLEDTENWLYEELSLTQDPVV,,,0,ZP2.5,2,dn,0.151
all_atom,dual,LSAMLEDTENWLYEELSLTQDPVV,,,0,ZP2.5,2,up,0.09
all_atom,dual,LSAMLEDTENWLYEELSLTQDPVV,,,0,ZP2.5,3,dn,0.096
all_atom,dual,LSAMLEDTENWLYEELSLTQDPVV,,,0,ZP2.5,3,up,0.06
all_atom,dual,LSAMLEDTENWLYEELSLTQDPVV,,,0,ZP2.5,4,dn,0.083
all_atom,dual,LSAMLEDTENWLYEELSLTQDPVV,,,0,ZP2.5,4,up,0.086
all_atom,dual,LSAMLEDTENWLYEELSLTQDPVV,,,0,ZP2.5,5,dn,0.102
all_atom,dual,LSAMLEDTENWLYEELSLTQDPVV,,,0,ZP2.5,5,up,0.083
all_atom,dual,LSAMLEDTENWLYEELSLTQDPVV,,,0,ZP3.5,1,dn,0.086
all_atom,dual,LSAMLEDTENWLYEELSLTQDPVV,,,0,ZP3.5,1,up,0.051
all_atom,dual,LSAMLEDTENWLYEELSLTQDPVV,,,0,ZP3.5,2,dn,0.105
all_atom,dual,LSAMLEDTENWLYEELSLTQDPVV,,,0,ZP3.5,2,up,0.083
all_atom,dual,LSAMLEDTENWLYEELSLTQDPVV,,,0,ZP3.5,3,dn,0.058
all_atom,dual,LSAMLEDTENWLYEELSLTQDPVV,,,0,ZP3.5,3,up,0.059
all_atom,dual,LSAMLEDTENWLYEELSLTQDPVV,,,0,ZP3.5,4,dn,0.074
all_atom,dual,LSAMLEDTENWLYEELSLTQDPVV,,,0,ZP3.5,4,up,0.067
all_atom,dual,LSAMLEDTENWLYEELSLTQDPVV,,,0,ZP3.5,5,dn,0.106
all_atom,dual,LSAMLEDTENWLYEELSLTQDPVV,,,0,ZP3.5,5,up,0.079
all_atom,dual,LSAMLEDTENWLYEELSLTQDPVV,,,0,ZP4.5,1,dn,0.069
all_atom,dual,LSAMLEDTENWLYEELSLTQDPVV,,,0,ZP4.5,1,up,0.02
all_atom,dual,LSAMLEDTENWLYEELSLTQDPVV,,,0,ZP4.5,2,dn,0.082
all_atom,dual,LSAMLEDTENWLYEELSLTQDPVV,,,0,ZP4.5,2,up,0.056
all_atom,dual,LSAMLEDTENWLYEELSLTQDPVV,,,0,ZP4.5,3,dn,0.046
all_atom,dual,LSAMLEDTENWLYEELSLTQDPVV,,,0,ZP4.5,3,up,0.037
all_atom,dual,LSAMLEDTENWLYEELSLTQDPVV,,,0,ZP4.5,4,dn,0.07
all_atom,dual,LSAMLEDTENWLYEELSLTQDPVV,,,0,ZP4.5,4,up,0.041
all_atom,dual,LSAMLEDTENWLYEELSLTQDPVV,,,0,ZP4.5,5,dn,0.081
all_atom,dual,LSAMLEDTENWLYEELSLTQDPVV,,,0,ZP4.5,5,up,0.042
all_atom,dual,LSAMLEDTENWLYEELSLTQDPVV,,,0,ZP5.5,1,dn,0.033
all_atom,dual,LSAMLEDTENWLYEELSLTQDPVV,,,0,ZP5.5,1,up,0.019
all_atom,dual,LSAMLEDTENWLYEELSLTQDPVV,,,0,ZP5.5,2,dn,0.056
all_atom,dual,LSAMLEDTENWLYEELSLTQDPVV,,,0,ZP5.5,2,up,0.043
all_atom,dual,LSAMLEDTENWLYEELSLTQDPVV,,,0,ZP5.5,3,dn,0.053
all_atom,dual,LSAMLEDTENWLYEELSLTQDPVV,,,0,ZP5.5,3,up,0.028
all_atom,dual,LSAMLEDTENWLYEELSLTQDPVV,,,0,ZP5.5,4,dn,0.043
all_atom,dual,LSAMLEDTENWLYEELSLTQDPVV,,,0,ZP5.5,4,up,0.03
all_atom,dual,LSAMLEDTENWLYEELSLTQDPVV,,,0,ZP5.5,5,dn,0.073
all_atom,dual,LSAMLEDTENWLYEELSLTQDPVV,,,0,ZP5.5,5,up,0.02
all_atom,dual,LSAMLEDTENWLYEELSLTQDPVV,,,0,ZP6.5,1,dn,0.023
all_atom,dual,LSAMLEDTENWLYEELSLTQDPVV,,,0,ZP6.5,1,up,0.011
all_atom,dual,LSAMLEDTENWLYEELSLTQDPVV,,,0,ZP6.5,2,dn,0.043
all_atom,dual,LSAMLEDTENWLYEELSLTQDPVV,,,0,ZP6.5,2,up,0.024
all_atom,dual,LSAMLEDTENWLYEELSLTQDPVV,,,0,ZP6.5,3,dn,0.018
all_atom,dual,LSAMLEDTENWLYEELSLTQDPVV,,,0,ZP6.5,3,up,0.024
all_atom,dual,LSAMLEDTENWLYEELSLTQDPVV,,,0,ZP6.5,4,dn,0.036
all_atom,dual,LSAMLEDTENWLYEELSLTQDPVV,,,0,ZP6.5,4,up,0.009
all_atom,dual,LSAMLEDTENWLYEELSLTQDPVV,,,0,ZP6.5,5,dn,0.031
all_atom,dual,LSAMLEDTENWLYEELSLTQDPVV,,,0,ZP6.5,5,up,0.013
all_atom,dual,LSAMLEDTENWLYEELSLTQDPVV,,,0,ZP7.5,1,dn,0.007
all_atom,dual,LSAMLEDTENWLYEELSLTQDPVV,,,0,ZP7.5,1,up,0.002
all_atom,dual,LSAMLEDTENWLYEELSLTQDPVV,,,0,ZP7.5,2,dn,0.033
all_atom,dual,LSAMLEDTENWLYEELSLTQDPVV,,,0,ZP7.5,2,up,0.013
all_atom,dual,LSAMLEDTENWLYEELSLTQDPVV,,,0,ZP7.5,3,dn,0.014
all_atom,dual,LSAMLEDTENWLYEELSLTQDPVV,,,0,ZP7.5,3,up,0.011
all_atom,dual,LSAMLEDTENWLYEELSLTQDPVV,,,0,ZP7.5,4,dn,0.015
all_atom,dual,LSAMLEDTENWLYEELSLTQDPVV,,,0,ZP7.5,4,up,0.007
all_atom,dual,LSAMLEDTENWLYEELSLTQDPVV,,,0,ZP7.5,5,dn,0.031
all_atom,dual,LSAMLEDTENWLYEELSLTQDPVV,,,0,ZP7.5,5,up,0.008
all_atom,dual,LSAMLEDTENWLYEELSLTQDPVV,,,0,ZP8.5,1,dn,0.004
all_atom,dual,LSAMLEDTENWLYEELSLTQDPVV,,,0,ZP8.5,1,up,0.001
all_atom,dual,LSAMLEDTENWLYEELSLTQDPVV,,,0,ZP8.5,2,dn,0.016
all_atom,dual,LSAMLEDTENWLYEELSLTQDPVV,,,0,ZP8.5,2,up,0.005
all_atom,dual,LSAMLEDTENWLYEELSLTQDPVV,,,0,ZP8.5,3,dn,0.004
all_atom,dual,LSAMLEDTENWLYEELSLTQDPVV,,,0,ZP8.5,3,up,0.003
all_atom,dual,LSAMLEDTENWLYEELSLTQDPVV,,,0,ZP8.5,4,dn,0.004
all_atom,dual,LSAMLEDTENWLYEELSLTQDPVV,,,0,ZP8.5,4,up,0.006
all_atom,dual,LSAMLEDTENWLYEELSLTQDPVV,,,0,ZP8.5,5,dn,0.018
all_atom,dual,LSAMLEDTENWLYEELSLTQDPVV,,,0,ZP8.5,5,up,0.003
all_atom,dual,LSAMLEDTENWLYEELSLTQDPVV,,,0,ZP9.5,1,dn,0.003
all_atom,dual,LSAMLEDTENWLYEELSLTQDPVV,,,0,ZP9.5,1,up,0.001
all_atom,dual,LSAMLEDTENWLYEELSLTQDPVV,,,0,ZP9.5,2,dn,0.011
all_atom,dual,LSAMLEDTENWLYEELSLTQDPVV,,,0,ZP9.5,2,up,0.001
all_atom,dual,LSAMLEDTENWLYEELSLTQDPVV,,,0,ZP9.5,3,dn,0.0
all_atom,dual,LSAMLEDTENWLYEELSLTQDPVV,,,0,ZP9.5,3,up,0.003
all_atom,dual,LSAMLEDTENWLYEELSLTQDPVV,,,0,ZP9.5,4,dn,0.007
all_atom,dual,LSAMLEDTENWLYEELSLTQDPVV,,,0,ZP9.5,4,up,0.001
all_atom,dual,LSAMLEDTENWLYEELSLTQDPVV,,,0,ZP9.5,5,dn,0.008
all_atom,dual,LSAMLEDTENWLYEELSLTQDPVV,,,0,ZP9.5,5,up,0.0
all_atom,dual,MAPRGFSCLLLLTSEIDLPVKRRA,,,0,APLA12.5,1,dn,59.733
all_atom,dual,MAPRGFSCLLLLTSEIDLPVKRRA,,,0,APLA12.5,1,up,57.904
all_atom,dual,MAPRGFSCLLLLTSEIDLPVKRRA,,,0,APLA12.5,2,dn,57.646
all_atom,dual,MAPRGFSCLLLLTSEIDLPVKRRA,,,0,APLA12.5,2,up,57.379
all_atom,dual,MAPRGFSCLLLLTSEIDLPVKRRA,,,0,APLA12.5,3,dn,58.779
all_atom,dual,MAPRGFSCLLLLTSEIDLPVKRRA,,,0,APLA12.5,3,up,59.658
all_atom,dual,MAPRGFSCLLLLTSEIDLPVKRRA,,,0,APLA12.5,4,dn,57.19
all_atom,dual,MAPRGFSCLLLLTSEIDLPVKRRA,,,0,APLA12.5,4,up,60.059
all_atom,dual,MAPRGFSCLLLLTSEIDLPVKRRA,,,0,APLA12.5,5,dn,58.602
all_atom,dual,MAPRGFSCLLLLTSEIDLPVKRRA,,,0,APLA12.5,5,up,58.252
all_atom,dual,MAPRGFSCLLLLTSEIDLPVKRRA,,,0,APLA17.5,1,dn,59.531
all_atom,dual,MAPRGFSCLLLLTSEIDLPVKRRA,,,0,APLA17.5,1,up,58.089
all_atom,dual,MAPRGFSCLLLLTSEIDLPVKRRA,,,0,APLA17.5,2,dn,57.868
all_atom,dual,MAPRGFSCLLLLTSEIDLPVKRRA,,,0,APLA17.5,2,up,57.24
all_atom,dual,MAPRGFSCLLLLTSEIDLPVKRRA,,,0,APLA17.5,3,dn,59.301
all_atom,dual,MAPRGFSCLLLLTSEIDLPVKRRA,,,0,APLA17.5,3,up,57.556
all_atom,dual,MAPRGFSCLLLLTSEIDLPVKRRA,,,0,APLA17.5,4,dn,58.911
all_atom,dual,MAPRGFSCLLLLTSEIDLPVKRRA,,,0,APLA17.5,4,up,59.206
all_atom,dual,MAPRGFSCLLLLTSEIDLPVKRRA,,,0,APLA17.5,5,dn,58.928
all_atom,dual,MAPRGFSCLLLLTSEIDLPVKRRA,,,0,APLA17.5,5,up,57.598
all_atom,dual,MAPRGFSCLLLLTSEIDLPVKRRA,,,0,APLA2.5,1,dn,70.672
all_atom,dual,MAPRGFSCLLLLTSEIDLPVKRRA,,,0,APLA2.5,1,up,76.123
all_atom,dual,MAPRGFSCLLLLTSEIDLPVKRRA,,,0,APLA2.5,2,dn,72.84
all_atom,dual,MAPRGFSCLLLLTSEIDLPVKRRA,,,0,APLA2.5,2,up,79.25
all_atom,dual,MAPRGFSCLLLLTSEIDLPVKRRA,,,0,APLA2.5,3,dn,77.054
all_atom,dual,MAPRGFSCLLLLTSEIDLPVKRRA,,,0,APLA2.5,3,up,84.148
all_atom,dual,MAPRGFSCLLLLTSEIDLPVKRRA,,,0,APLA2.5,4,dn,82.871
all_atom,dual,MAPRGFSCLLLLTSEIDLPVKRRA,,,0,APLA2.5,4,up,79.185
all_atom,dual,MAPRGFSCLLLLTSEIDLPVKRRA,,,0,APLA2.5,5,dn,80.498
all_atom,dual,MAPRGFSCLLLLTSEIDLPVKRRA,,,0,APLA2.5,5,up,86.417
all_atom,dual,MAPRGFSCLLLLTSEIDLPVKRRA,,,0,APLA7.5,1,dn,61.723
all_atom,dual,MAPRGFSCLLLLTSEIDLPVKRRA,,,0,APLA7.5,1,up,63.729
all_atom,dual,MAPRGFSCLLLLTSEIDLPVKRRA,,,0,APLA7.5,2,dn,60.296
all_atom,dual,MAPRGFSCLLLLTSEIDLPVKRRA,,,0,APLA7.5,2,up,63.194
all_atom,dual,MAPRGFSCLLLLTSEIDLPVKRRA,,,0,APLA7.5,3,dn,62.711
all_atom,dual,MAPRGFSCLLLLTSEIDLPVKRRA,,,0,APLA7.5,3,up,66.683
all_atom,dual,MAPRGFSCLLLLTSEIDLPVKRRA,,,0,APLA7.5,4,dn,61.084
all_atom,dual,MAPRGFSCLLLLTSEIDLPVKRRA,,,0,APLA7.5,4,up,65.261
all_atom,dual,MAPRGFSCLLLLTSEIDLPVKRRA,,,0,APLA7.5,5,dn,64.773
all_atom,dual,MAPRGFSCLLLLTSEIDLPVKRRA,,,0,APLA7.5,5,up,66.797
all_atom,dual,MAPRGFSCLLLLTSEIDLPVKRRA,,,0,APLS12.5,1,dn,3.484
all_atom,dual,MAPRGFSCLLLLTSEIDLPVKRRA,,,0,APLS12.5,1,up,3.465
all_atom,dual,MAPRGFSCLLLLTSEIDLPVKRRA,,,0,APLS12.5,2,dn,3.308
all_atom,dual,MAPRGFSCLLLLTSEIDLPVKRRA,,,0,APLS12.5,2,up,3.752
all_atom,dual,MAPRGFSCLLLLTSEIDLPVKRRA,,,0,APLS12.5,3,dn,3.305
all_atom,dual,MAPRGFSCLLLLTSEIDLPVKRRA,,,0,APLS12.5,3,up,3.71
all_atom,dual,MAPRGFSCLLLLTSEIDLPVKRRA,,,0,APLS12.5,4,dn,3.235
all_atom,dual,MAPRGFSCLLLLTSEIDLPVKRRA,,,0,APLS12.5,4,up,4.085
all_atom,dual,MAPRGFSCLLLLTSEIDLPVKRRA,,,0,APLS12.5,5,dn,3.676
all_atom,dual,MAPRGFSCLLLLTSEIDLPVKRRA,,,0,APLS12.5,5,up,3.532
all_atom,dual,MAPRGFSCLLLLTSEIDLPVKRRA,,,0,APLS17.5,1,dn,3.547
all_atom,dual,MAPRGFSCLLLLTSEIDLPVKRRA,,,0,APLS17.5,1,up,3.653
all_atom,dual,MAPRGFSCLLLLTSEIDLPVKRRA,,,0,APLS17.5,2,dn,3.72
all_atom,dual,MAPRGFSCLLLLTSEIDLPVKRRA,,,0,APLS17.5,2,up,3.181
all_atom,dual,MAPRGFSCLLLLTSEIDLPVKRRA,,,0,APLS17.5,3,dn,3.366
all_atom,dual,MAPRGFSCLLLLTSEIDLPVKRRA,,,0,APLS17.5,3,up,3.706
all_atom,dual,MAPRGFSCLLLLTSEIDLPVKRRA,,,0,APLS17.5,4,dn,3.883
all_atom,dual,MAPRGFSCLLLLTSEIDLPVKRRA,,,0,APLS17.5,4,up,3.914
all_atom,dual,MAPRGFSCLLLLTSEIDLPVKRRA,,,0,APLS17.5,5,dn,3.722
all_atom,dual,MAPRGFSCLLLLTSEIDLPVKRRA,,,0,APLS17.5,5,up,3.045
all_atom,dual,MAPRGFSCLLLLTSEIDLPVKRRA,,,0,APLS2.5,1,dn,5.83
all_atom,dual,MAPRGFSCLLLLTSEIDLPVKRRA,,,0,APLS2.5,1,up,8.615
all_atom,dual,MAPRGFSCLLLLTSEIDLPVKRRA,,,0,APLS2.5,2,dn,6.076
all_atom,dual,MAPRGFSCLLLLTSEIDLPVKRRA,,,0,APLS2.5,2,up,9.457
all_atom,dual,MAPRGFSCLLLLTSEIDLPVKRRA,,,0,APLS2.5,3,dn,7.401
all_atom,dual,MAPRGFSCLLLLTSEIDLPVKRRA,,,0,APLS2.5,3,up,7.38
all_atom,dual,MAPRGFSCLLLLTSEIDLPVKRRA,,,0,APLS2.5,4,dn,6.761
all_atom,dual,MAPRGFSCLLLLTSEIDLPVKRRA,,,0,APLS2.5,4,up,6.926
all_atom,dual,MAPRGFSCLLLLTSEIDLPVKRRA,,,0,APLS2.5,5,dn,8.793
all_atom,dual,MAPRGFSCLLLLTSEIDLPVKRRA,,,0,APLS2.5,5,up,8.78
all_atom,dual,MAPRGFSCLLLLTSEIDLPVKRRA,,,0,APLS7.5,1,dn,4.861
all_atom,dual,MAPRGFSCLLLLTSEIDLPVKRRA,,,0,APLS7.5,1,up,5.268
all_atom,dual,MAPRGFSCLLLLTSEIDLPVKRRA,,,0,APLS7.5,2,dn,5.388
all_atom,dual,MAPRGFSCLLLLTSEIDLPVKRRA,,,0,APLS7.5,2,up,6.271
all_atom,dual,MAPRGFSCLLLLTSEIDLPVKRRA,,,0,APLS7.5,3,dn,5.939
all_atom,dual,MAPRGFSCLLLLTSEIDLPVKRRA,,,0,APLS7.5,3,up,6.819
all_atom,dual,MAPRGFSCLLLLTSEIDLPVKRRA,,,0,APLS7.5,4,dn,6.163
all_atom,dual,MAPRGFSCLLLLTSEIDLPVKRRA,,,0,APLS7.5,4,up,4.805
all_atom,dual,MAPRGFSCLLLLTSEIDLPVKRRA,,,0,APLS7.5,5,dn,6.148
all_atom,dual,MAPRGFSCLLLLTSEIDLPVKRRA,,,0,APLS7.5,5,up,6.253
all_atom,dual,MAPRGFSCLLLLTSEIDLPVKRRA,,,0,H0,1,dn,0.0
all_atom,dual,MAPRGFSCLLLLTSEIDLPVKRRA,,,0,H0,1,up,0.0
all_atom,dual,MAPRGFSCLLLLTSEIDLPVKRRA,,,0,H0,2,dn,0.0
all_atom,dual,MAPRGFSCLLLLTSEIDLPVKRRA,,,0,H0,2,up,0.0
all_atom,dual,MAPRGFSCLLLLTSEIDLPVKRRA,,,0,H0,3,dn,0.0
all_atom,dual,MAPRGFSCLLLLTSEIDLPVKRRA,,,0,H0,3,up,0.0
all_atom,dual,MAPRGFSCLLLLTSEIDLPVKRRA,,,0,H0,4,dn,0.0
all_atom,dual,MAPRGFSCLLLLTSEIDLPVKRRA,,,0,H0,4,up,0.0
all_atom,dual,MAPRGFSCLLLLTSEIDLPVKRRA,,,0,H0,5,dn,0.0
all_atom,dual,MAPRGFSCLLLLTSEIDLPVKRRA,,,0,H0,5,up,0.0
all_atom,dual,MAPRGFSCLLLLTSEIDLPVKRRA,,,0,H1,1,dn,1.0
all_atom,dual,MAPRGFSCLLLLTSEIDLPVKRRA,,,0,H1,1,up,0.99
all_atom,dual,MAPRGFSCLLLLTSEIDLPVKRRA,,,0,H1,2,dn,1.0
all_atom,dual,MAPRGFSCLLLLTSEIDLPVKRRA,,,0,H1,2,up,1.0
all_atom,dual,MAPRGFSCLLLLTSEIDLPVKRRA,,,0,H1,3,dn,1.0
all_atom,dual,MAPRGFSCLLLLTSEIDLPVKRRA,,,0,H1,3,up,1.0
all_atom,dual,MAPRGFSCLLLLTSEIDLPVKRRA,,,0,H1,4,dn,0.979
all_atom,dual,MAPRGFSCLLLLTSEIDLPVKRRA,,,0,H1,4,up,1.0
all_atom,dual,MAPRGFSCLLLLTSEIDLPVKRRA,,,0,H1,5,dn,1.0
all_atom,dual,MAPRGFSCLLLLTSEIDLPVKRRA,,,0,H1,5,up,1.0
all_atom,dual,MAPRGFSCLLLLTSEIDLPVKRRA,,,0,H10,1,dn,0.0
all_atom,dual,MAPRGFSCLLLLTSEIDLPVKRRA,,,0,H10,1,up,0.0
all_atom,dual,MAPRGFSCLLLLTSEIDLPVKRRA,,,0,H10,2,dn,0.0
all_atom,dual,MAPRGFSCLLLLTSEIDLPVKRRA,,,0,H10,2,up,0.0
all_atom,dual,MAPRGFSCLLLLTSEIDLPVKRRA,,,0,H10,3,dn,0.0
all_atom,dual,MAPRGFSCLLLLTSEIDLPVKRRA,,,0,H10,3,up,0.0
all_atom,dual,MAPRGFSCLLLLTSEIDLPVKRRA,,,0,H10,4,dn,0.0
all_atom,dual,MAPRGFSCLLLLTSEIDLPVKRRA,,,0,H10,4,up,0.0
all_atom,dual,MAPRGFSCLLLLTSEIDLPVKRRA,,,0,H10,5,dn,0.0
all_atom,dual,MAPRGFSCLLLLTSEIDLPVKRRA,,,0,H10,5,up,0.0
all_atom,dual,MAPRGFSCLLLLTSEIDLPVKRRA,,,0,H2,1,dn,1.0
all_atom,dual,MAPRGFSCLLLLTSEIDLPVKRRA,,,0,H2,1,up,0.901
all_atom,dual,MAPRGFSCLLLLTSEIDLPVKRRA,,,0,H2,2,dn,1.0
all_atom,dual,MAPRGFSCLLLLTSEIDLPVKRRA,,,0,H2,2,up,1.0
all_atom,dual,MAPRGFSCLLLLTSEIDLPVKRRA,,,0,H2,3,dn,1.0
all_atom,dual,MAPRGFSCLLLLTSEIDLPVKRRA,,,0,H2,3,up,1.0
all_atom,dual,MAPRGFSCLLLLTSEIDLPVKRRA,,,0,H2,4,dn,1.0
all_atom,dual,MAPRGFSCLLLLTSEIDLPVKRRA,,,0,H2,4,up,1.0
all_atom,dual,MAPRGFSCLLLLTSEIDLPVKRRA,,,0,H2,5,dn,1.0
all_atom,dual,MAPRGFSCLLLLTSEIDLPVKRRA,,,0,H2,5,up,1.0
all_atom,dual,MAPRGFSCLLLLTSEIDLPVKRRA,,,0,H3,1,dn,1.0
all_atom,dual,MAPRGFSCLLLLTSEIDLPVKRRA,,,0,H3,1,up,1.0
all_atom,dual,MAPRGFSCLLLLTSEIDLPVKRRA,,,0,H3,2,dn,1.0
all_atom,dual,MAPRGFSCLLLLTSEIDLPVKRRA,,,0,H3,2,up,1.0
all_atom,dual,MAPRGFSCLLLLTSEIDLPVKRRA,,,0,H3,3,dn,1.0
all_atom,dual,MAPRGFSCLLLLTSEIDLPVKRRA,,,0,H3,3,up,1.0
all_atom,dual,MAPRGFSCLLLLTSEIDLPVKRRA,,,0,H3,4,dn,1.0
all_atom,dual,MAPRGFSCLLLLTSEIDLPVKRRA,,,0,H3,4,up,1.0
all_atom,dual,MAPRGFSCLLLLTSEIDLPVKRRA,,,0,H3,5,dn,1.0
all_atom,dual,MAPRGFSCLLLLTSEIDLPVKRRA,,,0,H3,5,up,1.0
all_atom,dual,MAPRGFSCLLLLTSEIDLPVKRRA,,,0,H4,1,dn,0.998
all_atom,dual,MAPRGFSCLLLLTSEIDLPVKRRA,,,0,H4,1,up,1.0
all_atom,dual,MAPRGFSCLLLLTSEIDLPVKRRA,,,0,H4,2,dn,1.0
all_atom,dual,MAPRGFSCLLLLTSEIDLPVKRRA,,,0,H4,2,up,1.0
all_atom,dual,MAPRGFSCLLLLTSEIDLPVKRRA,,,0,H4,3,dn,1.0
all_atom,dual,MAPRGFSCLLLLTSEIDLPVKRRA,,,0,H4,3,up,1.0
all_atom,dual,MAPRGFSCLLLLTSEIDLPVKRRA,,,0,H4,4,dn,1.0
all_atom,dual,MAPRGFSCLLLLTSEIDLPVKRRA,,,0,H4,4,up,1.0
all_atom,dual,MAPRGFSCLLLLTSEIDLPVKRRA,,,0,H4,5,dn,1.0
all_atom,dual,MAPRGFSCLLLLTSEIDLPVKRRA,,,0,H4,5,up,1.0
all_atom,dual,MAPRGFSCLLLLTSEIDLPVKRRA,,,0,H5,1,dn,0.97
all_atom,dual,MAPRGFSCLLLLTSEIDLPVKRRA,,,0,H5,1,up,0.995
all_atom,dual,MAPRGFSCLLLLTSEIDLPVKRRA,,,0,H5,2,dn,1.0
all_atom,dual,MAPRGFSCLLLLTSEIDLPVKRRA,,,0,H5,2,up,1.0
all_atom,dual,MAPRGFSCLLLLTSEIDLPVKRRA,,,0,H5,3,dn,1.0
all_atom,dual,MAPRGFSCLLLLTSEIDLPVKRRA,,,0,H5,3,up,1.0
all_atom,dual,MAPRGFSCLLLLTSEIDLPVKRRA,,,0,H5,4,dn,1.0
all_atom,dual,MAPRGFSCLLLLTSEIDLPVKRRA,,,0,H5,4,up,1.0
all_atom,dual,MAPRGFSCLLLLTSEIDLPVKRRA,,,0,H5,5,dn,1.0
all_atom,dual,MAPRGFSCLLLLTSEIDLPVKRRA,,,0,H5,5,up,1.0
all_atom,dual,MAPRGFSCLLLLTSEIDLPVKRRA,,,0,H6,1,dn,0.945
all_atom,dual,MAPRGFSCLLLLTSEIDLPVKRRA,,,0,H6,1,up,0.954
all_atom,dual,MAPRGFSCLLLLTSEIDLPVKRRA,,,0,H6,2,dn,0.984
all_atom,dual,MAPRGFSCLLLLTSEIDLPVKRRA,,,0,H6,2,up,0.968
all_atom,dual,MAPRGFSCLLLLTSEIDLPVKRRA,,,0,H6,3,dn,0.927
all_atom,dual,MAPRGFSCLLLLTSEIDLPVKRRA,,,0,H6,3,up,1.0
all_atom,dual,MAPRGFSCLLLLTSEIDLPVKRRA,,,0,H6,4,dn,1.0
all_atom,dual,MAPRGFSCLLLLTSEIDLPVKRRA,,,0,H6,4,up,0.99
all_atom,dual,MAPRGFSCLLLLTSEIDLPVKRRA,,,0,H6,5,dn,0.982
all_atom,dual,MAPRGFSCLLLLTSEIDLPVKRRA,,,0,H6,5,up,0.96
all_atom,dual,MAPRGFSCLLLLTSEIDLPVKRRA,,,0,H7,1,dn,0.693
all_atom,dual,MAPRGFSCLLLLTSEIDLPVKRRA,,,0,H7,1,up,0.846
all_atom,dual,MAPRGFSCLLLLTSEIDLPVKRRA,,,0,H7,2,dn,0.79
all_atom,dual,MAPRGFSCLLLLTSEIDLPVKRRA,,,0,H7,2,up,0.945
all_atom,dual,MAPRGFSCLLLLTSEIDLPVKRRA,,,0,H7,3,dn,0.785
all_atom,dual,MAPRGFSCLLLLTSEIDLPVKRRA,,,0,H7,3,up,1.0
all_atom,dual,MAPRGFSCLLLLTSEIDLPVKRRA,,,0,H7,4,dn,0.841
all_atom,dual,MAPRGFSCLLLLTSEIDLPVKRRA,,,0,H7,4,up,0.835
all_atom,dual,MAPRGFSCLLLLTSEIDLPVKRRA,,,0,H7,5,dn,0.701
all_atom,dual,MAPRGFSCLLLLTSEIDLPVKRRA,,,0,H7,5,up,0.712
all_atom,dual,MAPRGFSCLLLLTSEIDLPVKRRA,,,0,H8,1,dn,0.954
all_atom,dual,MAPRGFSCLLLLTSEIDLPVKRRA,,,0,H8,1,up,0.954
all_atom,dual,MAPRGFSCLLLLTSEIDLPVKRRA,,,0,H8,2,dn,0.925
all_atom,dual,MAPRGFSCLLLLTSEIDLPVKRRA,,,0,H8,2,up,0.986
all_atom,dual,MAPRGFSCLLLLTSEIDLPVKRRA,,,0,H8,3,dn,0.99
all_atom,dual,MAPRGFSCLLLLTSEIDLPVKRRA,,,0,H8,3,up,0.99
all_atom,dual,MAPRGFSCLLLLTSEIDLPVKRRA,,,0,H8,4,dn,0.929
all_atom,dual,MAPRGFSCLLLLTSEIDLPVKRRA,,,0,H8,4,up,0.861
all_atom,dual,MAPRGFSCLLLLTSEIDLPVKRRA,,,0,H8,5,dn,0.796
all_atom,dual,MAPRGFSCLLLLTSEIDLPVKRRA,,,0,H8,5,up,0.792
all_atom,dual,MAPRGFSCLLLLTSEIDLPVKRRA,,,0,H9,1,dn,0.442
all_atom,dual,MAPRGFSCLLLLTSEIDLPVKRRA,,,0,H9,1,up,0.636
all_atom,dual,MAPRGFSCLLLLTSEIDLPVKRRA,,,0,H9,2,dn,0.42
all_atom,dual,MAPRGFSCLLLLTSEIDLPVKRRA,,,0,H9,2,up,0.524
all_atom,dual,MAPRGFSCLLLLTSEIDLPVKRRA,,,0,H9,3,dn,0.866
all_atom,dual,MAPRGFSCLLLLTSEIDLPVKRRA,,,0,H9,3,up,0.258
all_atom,dual,MAPRGFSCLLLLTSEIDLPVKRRA,,,0,H9,4,dn,0.238
all_atom,dual,MAPRGFSCLLLLTSEIDLPVKRRA,,,0,H9,4,up,0.189
all_atom,dual,MAPRGFSCLLLLTSEIDLPVKRRA,,,0,H9,5,dn,0.353
all_atom,dual,MAPRGFSCLLLLTSEIDLPVKRRA,,,0,H9,5,up,0.164
all_atom,dual,MAPRGFSCLLLLTSEIDLPVKRRA,,,0,HM,1,dn,0.81
all_atom,dual,MAPRGFSCLLLLTSEIDLPVKRRA,,,0,HM,1,up,0.828
all_atom,dual,MAPRGFSCLLLLTSEIDLPVKRRA,,,0,HM,2,dn,0.816
all_atom,dual,MAPRGFSCLLLLTSEIDLPVKRRA,,,0,HM,2,up,0.836
all_atom,dual,MAPRGFSCLLLLTSEIDLPVKRRA,,,0,HM,3,dn,0.828
all_atom,dual,MAPRGFSCLLLLTSEIDLPVKRRA,,,0,HM,3,up,0.825
all_atom,dual,MAPRGFSCLLLLTSEIDLPVKRRA,,,0,HM,4,dn,0.762
all_atom,dual,MAPRGFSCLLLLTSEIDLPVKRRA,,,0,HM,4,up,0.783
all_atom,dual,MAPRGFSCLLLLTSEIDLPVKRRA,,,0,HM,5,dn,0.752
all_atom,dual,MAPRGFSCLLLLTSEIDLPVKRRA,,,0,HM,5,up,0.757
all_atom,dual,MAPRGFSCLLLLTSEIDLPVKRRA,,,0,PEPT_BUR_MAX,1,dn,8.1
all_atom,dual,MAPRGFSCLLLLTSEIDLPVKRRA,,,0,PEPT_BUR_MAX,1,up,7.0
all_atom,dual,MAPRGFSCLLLLTSEIDLPVKRRA,,,0,PEPT_BUR_MAX,2,dn,7.14
all_atom,dual,MAPRGFSCLLLLTSEIDLPVKRRA,,,0,PEPT_BUR_MAX,2,up,3.89
all_atom,dual,MAPRGFSCLLLLTSEIDLPVKRRA,,,0,PEPT_BUR_MAX,3,dn,5.37
all_atom,dual,MAPRGFSCLLLLTSEIDLPVKRRA,,,0,PEPT_BUR_MAX,3,up,3.51
all_atom,dual,MAPRGFSCLLLLTSEIDLPVKRRA,,,0,PEPT_BUR_MAX,4,dn,5.01
all_atom,dual,MAPRGFSCLLLLTSEIDLPVKRRA,,,0,PEPT_BUR_MAX,4,up,7.22
all_atom,dual,MAPRGFSCLLLLTSEIDLPVKRRA,,,0,PEPT_BUR_MAX,5,dn,8.16
all_atom,dual,MAPRGFSCLLLLTSEIDLPVKRRA,,,0,PEPT_BUR_MAX,5,up,5.73
all_atom,dual,MAPRGFSCLLLLTSEIDLPVKRRA,,,0,S,1,dn,0.4
all_atom,dual,MAPRGFSCLLLLTSEIDLPVKRRA,,,0,S,1,up,0.469
all_atom,dual,MAPRGFSCLLLLTSEIDLPVKRRA,,,0,S,2,dn,0.498
all_atom,dual,MAPRGFSCLLLLTSEIDLPVKRRA,,,0,S,2,up,0.66
all_atom,dual,MAPRGFSCLLLLTSEIDLPVKRRA,,,0,S,3,dn,0.639
all_atom,dual,MAPRGFSCLLLLTSEIDLPVKRRA,,,0,S,3,up,0.775
all_atom,dual,MAPRGFSCLLLLTSEIDLPVKRRA,,,0,S,4,dn,0.641
all_atom,dual,MAPRGFSCLLLLTSEIDLPVKRRA,,,0,S,4,up,0.74
all_atom,dual,MAPRGFSCLLLLTSEIDLPVKRRA,,,0,S,5,dn,0.472
all_atom,dual,MAPRGFSCLLLLTSEIDLPVKRRA,,,0,S,5,up,0.704
all_atom,dual,MAPRGFSCLLLLTSEIDLPVKRRA,,,0,WAT_BUR_MAX,1,dn,9.4
all_atom,dual,MAPRGFSCLLLLTSEIDLPVKRRA,,,0,WAT_BUR_MAX,1,up,9.41
all_atom,dual,MAPRGFSCLLLLTSEIDLPVKRRA,,,0,WAT_BUR_MAX,2,dn,8.88
all_atom,dual,MAPRGFSCLLLLTSEIDLPVKRRA,,,0,WAT_BUR_MAX,2,up,2.58
all_atom,dual,MAPRGFSCLLLLTSEIDLPVKRRA,,,0,WAT_BUR_MAX,3,dn,4.83
all_atom,dual,MAPRGFSCLLLLTSEIDLPVKRRA,,,0,WAT_BUR_MAX,3,up,3.22
all_atom,dual,MAPRGFSCLLLLTSEIDLPVKRRA,,,0,WAT_BUR_MAX,4,dn,6.64
all_atom,dual,MAPRGFSCLLLLTSEIDLPVKRRA,,,0,WAT_BUR_MAX,4,up,6.72
all_atom,dual,MAPRGFSCLLLLTSEIDLPVKRRA,,,0,WAT_BUR_MAX,5,dn,8.35
all_atom,dual,MAPRGFSCLLLLTSEIDLPVKRRA,,,0,WAT_BUR_MAX,5,up,8.43
all_atom,dual,MAPRGFSCLLLLTSEIDLPVKRRA,,,0,WAT_BUR_REL,1,dn,1.16
all_atom,dual,MAPRGFSCLLLLTSEIDLPVKRRA,,,0,WAT_BUR_REL,1,up,1.84
all_atom,dual,MAPRGFSCLLLLTSEIDLPVKRRA,,,0,WAT_BUR_REL,2,dn,0.85
all_atom,dual,MAPRGFSCLLLLTSEIDLPVKRRA,,,0,WAT_BUR_REL,2,up,0.67
all_atom,dual,MAPRGFSCLLLLTSEIDLPVKRRA,,,0,WAT_BUR_REL,3,dn,1.32
all_atom,dual,MAPRGFSCLLLLTSEIDLPVKRRA,,,0,WAT_BUR_REL,3,up,3.1
all_atom,dual,MAPRGFSCLLLLTSEIDLPVKRRA,,,0,WAT_BUR_REL,4,dn,2.74
all_atom,dual,MAPRGFSCLLLLTSEIDLPVKRRA,,,0,WAT_BUR_REL,4,up,1.95
all_atom,dual,MAPRGFSCLLLLTSEIDLPVKRRA,,,0,WAT_BUR_REL,5,dn,1.76
all_atom,dual,MAPRGFSCLLLLTSEIDLPVKRRA,,,0,WAT_BUR_REL,5,up,2.53
all_atom,dual,MAPRGFSCLLLLTSEIDLPVKRRA,,,0,ZP-0.5,1,dn,0.143
all_atom,dual,MAPRGFSCLLLLTSEIDLPVKRRA,,,0,ZP-0.5,1,up,0.102
all_atom,dual,MAPRGFSCLLLLTSEIDLPVKRRA,,,0,ZP-0.5,2,dn,0.127
all_atom,dual,MAPRGFSCLLLLTSEIDLPVKRRA,,,0,ZP-0.5,2,up,0.079
all_atom,dual,MAPRGFSCLLLLTSEIDLPVKRRA,,,0,ZP-0.5,3,dn,0.107
all_atom,dual,MAPRGFSCLLLLTSEIDLPVKRRA,,,0,ZP-0.5,3,up,0.105
all_atom,dual,MAPRGFSCLLLLTSEIDLPVKRRA,,,0,ZP-0.5,4,dn,0.116
all_atom,dual,MAPRGFSCLLLLTSEIDLPVKRRA,,,0,ZP-0.5,4,up,0.095
all_atom,dual,MAPRGFSCLLLLTSEIDLPVKRRA,,,0,ZP-0.5,5,dn,0.113
all_atom,dual,MAPRGFSCLLLLTSEIDLPVKRRA,,,0,ZP-0.5,5,up,0.113
all_atom,dual,MAPRGFSCLLLLTSEIDLPVKRRA,,,0,ZP-1.5,1,dn,0.128
all_atom,dual,MAPRGFSCLLLLTSEIDLPVKRRA,,,0,ZP-1.5,1,up,0.111
all_atom,dual,MAPRGFSCLLLLTSEIDLPVKRRA,,,0,ZP-1.5,2,dn,0.132
all_atom,dual,MAPRGFSCLLLLTSEIDLPVKRRA,,,0,ZP-1.5,2,up,0.064
all_atom,dual,MAPRGFSCLLLLTSEIDLPVKRRA,,,0,ZP-1.5,3,dn,0.127
all_atom,dual,MAPRGFSCLLLLTSEIDLPVKRRA,,,0,ZP-1.5,3,up,0.09
all_atom,dual,MAPRGFSCLLLLTSEIDLPVKRRA,,,0,ZP-1.5,4,dn,0.105
all_atom,dual,MAPRGFSCLLLLTSEIDLPVKRRA,,,0,ZP-1.5,4,up,0.088
all_atom,dual,MAPRGFSCLLLLTSEIDLPVKRRA,,,0,ZP-1.5,5,dn,0.075
all_atom,dual,MAPRGFSCLLLLTSEIDLPVKRRA,,,0,ZP-1.5,5,up,0.069
all_atom,dual,MAPRGFSCLLLLTSEIDLPVKRRA,,,0,ZP-2.5,1,dn,0.088
all_atom,dual,MAPRGFSCLLLLTSEIDLPVKRRA,,,0,ZP-2.5,1,up,0.075
all_atom,dual,MAPRGFSCLLLLTSEIDLPVKRRA,,,0,ZP-2.5,2,dn,0.093
all_atom,dual,MAPRGFSCLLLLTSEIDLPVKRRA,,,0,ZP-2.5,2,up,0.056
all_atom,dual,MAPRGFSCLLLLTSEIDLPVKRRA,,,0,ZP-2.5,3,dn,0.117
all_atom,dual,MAPRGFSCLLLLTSEIDLPVKRRA,,,0,ZP-2.5,3,up,0.07
all_atom,dual,MAPRGFSCLLLLTSEIDLPVKRRA,,,0,ZP-2.5,4,dn,0.071
all_atom,dual,MAPRGFSCLLLLTSEIDLPVKRRA,,,0,ZP-2.5,4,up,0.073
all_atom,dual,MAPRGFSCLLLLTSEIDLPVKRRA,,,0,ZP-2.5,5,dn,0.074
all_atom,dual,MAPRGFSCLLLLTSEIDLPVKRRA,,,0,ZP-2.5,5,up,0.055
all_atom,dual,MAPRGFSCLLLLTSEIDLPVKRRA,,,0,ZP-3.5,1,dn,0.072
all_atom,dual,MAPRGFSCLLLLTSEIDLPVKRRA,,,0,ZP-3.5,1,up,0.08
all_atom,dual,MAPRGFSCLLLLTSEIDLPVKRRA,,,0,ZP-3.5,2,dn,0.065
all_atom,dual,MAPRGFSCLLLLTSEIDLPVKRRA,,,0,ZP-3.5,2,up,0.05
all_atom,dual,MAPRGFSCLLLLTSEIDLPVKRRA,,,0,ZP-3.5,3,dn,0.094
all_atom,dual,MAPRGFSCLLLLTSEIDLPVKRRA,,,0,ZP-3.5,3,up,0.062
all_atom,dual,MAPRGFSCLLLLTSEIDLPVKRRA,,,0,ZP-3.5,4,dn,0.059
all_atom,dual,MAPRGFSCLLLLTSEIDLPVKRRA,,,0,ZP-3.5,4,up,0.061
all_atom,dual,MAPRGFSCLLLLTSEIDLPVKRRA,,,0,ZP-3.5,5,dn,0.04
all_atom,dual,MAPRGFSCLLLLTSEIDLPVKRRA,,,0,ZP-3.5,5,up,0.032
all_atom,dual,MAPRGFSCLLLLTSEIDLPVKRRA,,,0,ZP-4.5,1,dn,0.054
all_atom,dual,MAPRGFSCLLLLTSEIDLPVKRRA,,,0,ZP-4.5,1,up,0.056
all_atom,dual,MAPRGFSCLLLLTSEIDLPVKRRA,,,0,ZP-4.5,2,dn,0.051
all_atom,dual,MAPRGFSCLLLLTSEIDLPVKRRA,,,0,ZP-4.5,2,up,0.056
all_atom,dual,MAPRGFSCLLLLTSEIDLPVKRRA,,,0,ZP-4.5,3,dn,0.071
all_atom,dual,MAPRGFSCLLLLTSEIDLPVKRRA,,,0,ZP-4.5,3,up,0.036
all_atom,dual,MAPRGFSCLLLLTSEIDLPVKRRA,,,0,ZP-4.5,4,dn,0.051
all_atom,dual,MAPRGFSCLLLLTSEIDLPVKRRA,,,0,ZP-4.5,4,up,0.036
all_atom,dual,MAPRGFSCLLLLTSEIDLPVKRRA,,,0,ZP-4.5,5,dn,0.02
all_atom,dual,MAPRGFSCLLLLTSEIDLPVKRRA,,,0,ZP-4.5,5,up,0.024
all_atom,dual,MAPRGFSCLLLLTSEIDLPVKRRA,,,0,ZP-5.5,1,dn,0.021
all_atom,dual,MAPRGFSCLLLLTSEIDLPVKRRA,,,0,ZP-5.5,1,up,0.051
all_atom,dual,MAPRGFSCLLLLTSEIDLPVKRRA,,,0,ZP-5.5,2,dn,0.02
all_atom,dual,MAPRGFSCLLLLTSEIDLPVKRRA,,,0,ZP-5.5,2,up,0.05
all_atom,dual,MAPRGFSCLLLLTSEIDLPVKRRA,,,0,ZP-5.5,3,dn,0.044
all_atom,dual,MAPRGFSCLLLLTSEIDLPVKRRA,,,0,ZP-5.5,3,up,0.031
all_atom,dual,MAPRGFSCLLLLTSEIDLPVKRRA,,,0,ZP-5.5,4,dn,0.032
all_atom,dual,MAPRGFSCLLLLTSEIDLPVKRRA,,,0,ZP-5.5,4,up,0.018
all_atom,dual,MAPRGFSCLLLLTSEIDLPVKRRA,,,0,ZP-5.5,5,dn,0.01
all_atom,dual,MAPRGFSCLLLLTSEIDLPVKRRA,,,0,ZP-5.5,5,up,0.011
all_atom,dual,MAPRGFSCLLLLTSEIDLPVKRRA,,,0,ZP-6.5,1,dn,0.017
all_atom,dual,MAPRGFSCLLLLTSEIDLPVKRRA,,,0,ZP-6.5,1,up,0.024
all_atom,dual,MAPRGFSCLLLLTSEIDLPVKRRA,,,0,ZP-6.5,2,dn,0.016
all_atom,dual,MAPRGFSCLLLLTSEIDLPVKRRA,,,0,ZP-6.5,2,up,0.032
all_atom,dual,MAPRGFSCLLLLTSEIDLPVKRRA,,,0,ZP-6.5,3,dn,0.028
all_atom,dual,MAPRGFSCLLLLTSEIDLPVKRRA,,,0,ZP-6.5,3,up,0.022
all_atom,dual,MAPRGFSCLLLLTSEIDLPVKRRA,,,0,ZP-6.5,4,dn,0.031
all_atom,dual,MAPRGFSCLLLLTSEIDLPVKRRA,,,0,ZP-6.5,4,up,0.008
all_atom,dual,MAPRGFSCLLLLTSEIDLPVKRRA,,,0,ZP-6.5,5,dn,0.005
all_atom,dual,MAPRGFSCLLLLTSEIDLPVKRRA,,,0,ZP-6.5,5,up,0.002
all_atom,dual,MAPRGFSCLLLLTSEIDLPVKRRA,,,0,ZP-7.5,1,dn,0.007
all_atom,dual,MAPRGFSCLLLLTSEIDLPVKRRA,,,0,ZP-7.5,1,up,0.008
all_atom,dual,MAPRGFSCLLLLTSEIDLPVKRRA,,,0,ZP-7.5,2,dn,0.002
all_atom,dual,MAPRGFSCLLLLTSEIDLPVKRRA,,,0,ZP-7.5,2,up,0.035
all_atom,dual,MAPRGFSCLLLLTSEIDLPVKRRA,,,0,ZP-7.5,3,dn,0.014
all_atom,dual,MAPRGFSCLLLLTSEIDLPVKRRA,,,0,ZP-7.5,3,up,0.008
all_atom,dual,MAPRGFSCLLLLTSEIDLPVKRRA,,,0,ZP-7.5,4,dn,0.011
all_atom,dual,MAPRGFSCLLLLTSEIDLPVKRRA,,,0,ZP-7.5,4,up,0.006
all_atom,dual,MAPRGFSCLLLLTSEIDLPVKRRA,,,0,ZP-7.5,5,dn,0.001
all_atom,dual,MAPRGFSCLLLLTSEIDLPVKRRA,,,0,ZP-7.5,5,up,0.003
all_atom,dual,MAPRGFSCLLLLTSEIDLPVKRRA,,,0,ZP-8.5,1,dn,0.004
all_atom,dual,MAPRGFSCLLLLTSEIDLPVKRRA,,,0,ZP-8.5,1,up,0.007
all_atom,dual,MAPRGFSCLLLLTSEIDLPVKRRA,,,0,ZP-8.5,2,dn,0.004
all_atom,dual,MAPRGFSCLLLLTSEIDLPVKRRA,,,0,ZP-8.5,2,up,0.024
all_atom,dual,MAPRGFSCLLLLTSEIDLPVKRRA,,,0,ZP-8.5,3,dn,0.01
all_atom,dual,MAPRGFSCLLLLTSEIDLPVKRRA,,,0,ZP-8.5,3,up,0.011
all_atom,dual,MAPRGFSCLLLLTSEIDLPVKRRA,,,0,ZP-8.5,4,dn,0.007
all_atom,dual,MAPRGFSCLLLLTSEIDLPVKRRA,,,0,ZP-8.5,4,up,0.002
all_atom,dual,MAPRGFSCLLLLTSEIDLPVKRRA,,,0,ZP-8.5,5,dn,0.001
all_atom,dual,MAPRGFSCLLLLTSEIDLPVKRRA,,,0,ZP-8.5,5,up,0.002
all_atom,dual,MAPRGFSCLLLLTSEIDLPVKRRA,,,0,ZP-9.5,1,dn,0.002
all_atom,dual,MAPRGFSCLLLLTSEIDLPVKRRA,,,0,ZP-9.5,1,up,0.003
all_atom,dual,MAPRGFSCLLLLTSEIDLPVKRRA,,,0,ZP-9.5,2,dn,0.001
all_atom,dual,MAPRGFSCLLLLTSEIDLPVKRRA,,,0,ZP-9.5,2,up,0.018
all_atom,dual,MAPRGFSCLLLLTSEIDLPVKRRA,,,0,ZP-9.5,3,dn,0.005
all_atom,dual,MAPRGFSCLLLLTSEIDLPVKRRA,,,0,ZP-9.5,3,up,0.007
all_atom,dual,MAPRGFSCLLLLTSEIDLPVKRRA,,,0,ZP-9.5,4,dn,0.001
all_atom,dual,MAPRGFSCLLLLTSEIDLPVKRRA,,,0,ZP-9.5,4,up,0.001
all_atom,dual,MAPRGFSCLLLLTSEIDLPVKRRA,,,0,ZP-9.5,5,dn,0.0
all_atom,dual,MAPRGFSCLLLLTSEIDLPVKRRA,,,0,ZP-9.5,5,up,0.0
all_atom,dual,MAPRGFSCLLLLTSEIDLPVKRRA,,,0,ZP0.5,1,dn,0.13
all_atom,dual,MAPRGFSCLLLLTSEIDLPVKRRA,,,0,ZP0.5,1,up,0.115
all_atom,dual,MAPRGFSCLLLLTSEIDLPVKRRA,,,0,ZP0.5,2,dn,0.12
all_atom,dual,MAPRGFSCLLLLTSEIDLPVKRRA,,,0,ZP0.5,2,up,0.101
all_atom,dual,MAPRGFSCLLLLTSEIDLPVKRRA,,,0,ZP0.5,3,dn,0.106
all_atom,dual,MAPRGFSCLLLLTSEIDLPVKRRA,,,0,ZP0.5,3,up,0.117
all_atom,dual,MAPRGFSCLLLLTSEIDLPVKRRA,,,0,ZP0.5,4,dn,0.102
all_atom,dual,MAPRGFSCLLLLTSEIDLPVKRRA,,,0,ZP0.5,4,up,0.12
all_atom,dual,MAPRGFSCLLLLTSEIDLPVKRRA,,,0,ZP0.5,5,dn,0.13
all_atom,dual,MAPRGFSCLLLLTSEIDLPVKRRA,,,0,ZP0.5,5,up,0.115
all_atom,dual,MAPRGFSCLLLLTSEIDLPVKRRA,,,0,ZP1.5,1,dn,0.118
all_atom,dual,MAPRGFSCLLLLTSEIDLPVKRRA,,,0,ZP1.5,1,up,0.091
all_atom,dual,MAPRGFSCLLLLTSEIDLPVKRRA,,,0,ZP1.5,2,dn,0.126
all_atom,dual,MAPRGFSCLLLLTSEIDLPVKRRA,,,0,ZP1.5,2,up,0.118
all_atom,dual,MAPRGFSCLLLLTSEIDLPVKRRA,,,0,ZP1.5,3,dn,0.101
all_atom,dual,MAPRGFSCLLLLTSEIDLPVKRRA,,,0,ZP1.5,3,up,0.098
all_atom,dual,MAPRGFSCLLLLTSEIDLPVKRRA,,,0,ZP1.5,4,dn,0.098
all_atom,dual,MAPRGFSCLLLLTSEIDLPVKRRA,,,0,ZP1.5,4,up,0.113
all_atom,dual,MAPRGFSCLLLLTSEIDLPVKRRA,,,0,ZP1.5,5,dn,0.148
all_atom,dual,MAPRGFSCLLLLTSEIDLPVKRRA,,,0,ZP1.5,5,up,0.149
all_atom,dual,MAPRGFSCLLLLTSEIDLPVKRRA,,,0,ZP2.5,1,dn,0.081
all_atom,dual,MAPRGFSCLLLLTSEIDLPVKRRA,,,0,ZP2.5,1,up,0.09
all_atom,dual,MAPRGFSCLLLLTSEIDLPVKRRA,,,0,ZP2.5,2,dn,0.095
all_atom,dual,MAPRGFSCLLLLTSEIDLPVKRRA,,,0,ZP2.5,2,up,0.095
all_atom,dual,MAPRGFSCLLLLTSEIDLPVKRRA,,,0,ZP2.5,3,dn,0.068
all_atom,dual,MAPRGFSCLLLLTSEIDLPVKRRA,,,0,ZP2.5,3,up,0.106
all_atom,dual,MAPRGFSCLLLLTSEIDLPVKRRA,,,0,ZP2.5,4,dn,0.1
all_atom,dual,MAPRGFSCLLLLTSEIDLPVKRRA,,,0,ZP2.5,4,up,0.114
all_atom,dual,MAPRGFSCLLLLTSEIDLPVKRRA,,,0,ZP2.5,5,dn,0.129
all_atom,dual,MAPRGFSCLLLLTSEIDLPVKRRA,,,0,ZP2.5,5,up,0.107
all_atom,dual,MAPRGFSCLLLLTSEIDLPVKRRA,,,0,ZP3.5,1,dn,0.054
all_atom,dual,MAPRGFSCLLLLTSEIDLPVKRRA,,,0,ZP3.5,1,up,0.076
all_atom,dual,MAPRGFSCLLLLTSEIDLPVKRRA,,,0,ZP3.5,2,dn,0.059
all_atom,dual,MAPRGFSCLLLLTSEIDLPVKRRA,,,0,ZP3.5,2,up,0.08
all_atom,dual,MAPRGFSCLLLLTSEIDLPVKRRA,,,0,ZP3.5,3,dn,0.051
all_atom,dual,MAPRGFSCLLLLTSEIDLPVKRRA,,,0,ZP3.5,3,up,0.09
all_atom,dual,MAPRGFSCLLLLTSEIDLPVKRRA,,,0,ZP3.5,4,dn,0.078
all_atom,dual,MAPRGFSCLLLLTSEIDLPVKRRA,,,0,ZP3.5,4,up,0.09
all_atom,dual,MAPRGFSCLLLLTSEIDLPVKRRA,,,0,ZP3.5,5,dn,0.102
all_atom,dual,MAPRGFSCLLLLTSEIDLPVKRRA,,,0,ZP3.5,5,up,0.094
all_atom,dual,MAPRGFSCLLLLTSEIDLPVKRRA,,,0,ZP4.5,1,dn,0.045
all_atom,dual,MAPRGFSCLLLLTSEIDLPVKRRA,,,0,ZP4.5,1,up,0.056
all_atom,dual,MAPRGFSCLLLLTSEIDLPVKRRA,,,0,ZP4.5,2,dn,0.041
all_atom,dual,MAPRGFSCLLLLTSEIDLPVKRRA,,,0,ZP4.5,2,up,0.065
all_atom,dual,MAPRGFSCLLLLTSEIDLPVKRRA,,,0,ZP4.5,3,dn,0.031
all_atom,dual,MAPRGFSCLLLLTSEIDLPVKRRA,,,0,ZP4.5,3,up,0.061
all_atom,dual,MAPRGFSCLLLLTSEIDLPVKRRA,,,0,ZP4.5,4,dn,0.057
all_atom,dual,MAPRGFSCLLLLTSEIDLPVKRRA,,,0,ZP4.5,4,up,0.077
all_atom,dual,MAPRGFSCLLLLTSEIDLPVKRRA,,,0,ZP4.5,5,dn,0.063
all_atom,dual,MAPRGFSCLLLLTSEIDLPVKRRA,,,0,ZP4.5,5,up,0.088
all_atom,dual,MAPRGFSCLLLLTSEIDLPVKRRA,,,0,ZP5.5,1,dn,0.02
all_atom,dual,MAPRGFSCLLLLTSEIDLPVKRRA,,,0,ZP5.5,1,up,0.026
all_atom,dual,MAPRGFSCLLLLTSEIDLPVKRRA,,,0,ZP5.5,2,dn,0.027
all_atom,dual,MAPRGFSCLLLLTSEIDLPVKRRA,,,0,ZP5.5,2,up,0.046
all_atom,dual,MAPRGFSCLLLLTSEIDLPVKRRA,,,0,ZP5.5,3,dn,0.018
all_atom,dual,MAPRGFSCLLLLTSEIDLPVKRRA,,,0,ZP5.5,3,up,0.041
all_atom,dual,MAPRGFSCLLLLTSEIDLPVKRRA,,,0,ZP5.5,4,dn,0.038
all_atom,dual,MAPRGFSCLLLLTSEIDLPVKRRA,,,0,ZP5.5,4,up,0.044
all_atom,dual,MAPRGFSCLLLLTSEIDLPVKRRA,,,0,ZP5.5,5,dn,0.049
all_atom,dual,MAPRGFSCLLLLTSEIDLPVKRRA,,,0,ZP5.5,5,up,0.051
all_atom,dual,MAPRGFSCLLLLTSEIDLPVKRRA,,,0,ZP6.5,1,dn,0.011
all_atom,dual,MAPRGFSCLLLLTSEIDLPVKRRA,,,0,ZP6.5,1,up,0.018
all_atom,dual,MAPRGFSCLLLLTSEIDLPVKRRA,,,0,ZP6.5,2,dn,0.013
all_atom,dual,MAPRGFSCLLLLTSEIDLPVKRRA,,,0,ZP6.5,2,up,0.013
all_atom,dual,MAPRGFSCLLLLTSEIDLPVKRRA,,,0,ZP6.5,3,dn,0.005
all_atom,dual,MAPRGFSCLLLLTSEIDLPVKRRA,,,0,ZP6.5,3,up,0.026
all_atom,dual,MAPRGFSCLLLLTSEIDLPVKRRA,,,0,ZP6.5,4,dn,0.026
all_atom,dual,MAPRGFSCLLLLTSEIDLPVKRRA,,,0,ZP6.5,4,up,0.032
all_atom,dual,MAPRGFSCLLLLTSEIDLPVKRRA,,,0,ZP6.5,5,dn,0.018
all_atom,dual,MAPRGFSCLLLLTSEIDLPVKRRA,,,0,ZP6.5,5,up,0.048
all_atom,dual,MAPRGFSCLLLLTSEIDLPVKRRA,,,0,ZP7.5,1,dn,0.005
all_atom,dual,MAPRGFSCLLLLTSEIDLPVKRRA,,,0,ZP7.5,1,up,0.008
all_atom,dual,MAPRGFSCLLLLTSEIDLPVKRRA,,,0,ZP7.5,2,dn,0.006
all_atom,dual,MAPRGFSCLLLLTSEIDLPVKRRA,,,0,ZP7.5,2,up,0.013
all_atom,dual,MAPRGFSCLLLLTSEIDLPVKRRA,,,0,ZP7.5,3,dn,0.002
all_atom,dual,MAPRGFSCLLLLTSEIDLPVKRRA,,,0,ZP7.5,3,up,0.009
all_atom,dual,MAPRGFSCLLLLTSEIDLPVKRRA,,,0,ZP7.5,4,dn,0.008
all_atom,dual,MAPRGFSCLLLLTSEIDLPVKRRA,,,0,ZP7.5,4,up,0.014
all_atom,dual,MAPRGFSCLLLLTSEIDLPVKRRA,,,0,ZP7.5,5,dn,0.013
all_atom,dual,MAPRGFSCLLLLTSEIDLPVKRRA,,,0,ZP7.5,5,up,0.019
all_atom,dual,MAPRGFSCLLLLTSEIDLPVKRRA,,,0,ZP8.5,1,dn,0.002
all_atom,dual,MAPRGFSCLLLLTSEIDLPVKRRA,,,0,ZP8.5,1,up,0.003
all_atom,dual,MAPRGFSCLLLLTSEIDLPVKRRA,,,0,ZP8.5,2,dn,0.002
all_atom,dual,MAPRGFSCLLLLTSEIDLPVKRRA,,,0,ZP8.5,2,up,0.005
all_atom,dual,MAPRGFSCLLLLTSEIDLPVKRRA,,,0,ZP8.5,3,dn,0.001
all_atom,dual,MAPRGFSCLLLLTSEIDLPVKRRA,,,0,ZP8.5,3,up,0.007
all_atom,dual,MAPRGFSCLLLLTSEIDLPVKRRA,,,0,ZP8.5,4,dn,0.007
all_atom,dual,MAPRGFSCLLLLTSEIDLPVKRRA,,,0,ZP8.5,4,up,0.007
all_atom,dual,MAPRGFSCLLLLTSEIDLPVKRRA,,,0,ZP8.5,5,dn,0.009
all_atom,dual,MAPRGFSCLLLLTSEIDLPVKRRA,,,0,ZP8.5,5,up,0.012
all_atom,dual,MAPRGFSCLLLLTSEIDLPVKRRA,,,0,ZP9.5,1,dn,0.0
all_atom,dual,MAPRGFSCLLLLTSEIDLPVKRRA,,,0,ZP9.5,1,up,0.001
all_atom,dual,MAPRGFSCLLLLTSEIDLPVKRRA,,,0,ZP9.5,2,dn,0.001
all_atom,dual,MAPRGFSCLLLLTSEIDLPVKRRA,,,0,ZP9.5,2,up,0.0
all_atom,dual,MAPRGFSCLLLLTSEIDLPVKRRA,,,0,ZP9.5,3,dn,0.001
all_atom,dual,MAPRGFSCLLLLTSEIDLPVKRRA,,,0,ZP9.5,3,up,0.001
all_atom,dual,MAPRGFSCLLLLTSEIDLPVKRRA,,,0,ZP9.5,4,dn,0.002
all_atom,dual,MAPRGFSCLLLLTSEIDLPVKRRA,,,0,ZP9.5,4,up,0.0
all_atom,dual,MAPRGFSCLLLLTSEIDLPVKRRA,,,0,ZP9.5,5,dn,0.001
all_atom,dual,MAPRGFSCLLLLTSEIDLPVKRRA,,,0,ZP9.5,5,up,0.007
all_atom,dual,MNILHICVTSKWFNIDNKIVDHRP,,,0,APLA12.5,1,dn,59.741
all_atom,dual,MNILHICVTSKWFNIDNKIVDHRP,,,0,APLA12.5,1,up,59.308
all_atom,dual,MNILHICVTSKWFNIDNKIVDHRP,,,0,APLA12.5,2,dn,60.4
all_atom,dual,MNILHICVTSKWFNIDNKIVDHRP,,,0,APLA12.5,2,up,60.008
all_atom,dual,MNILHICVTSKWFNIDNKIVDHRP,,,0,APLA12.5,3,dn,57.629
all_atom,dual,MNILHICVTSKWFNIDNKIVDHRP,,,0,APLA12.5,3,up,59.352
all_atom,dual,MNILHICVTSKWFNIDNKIVDHRP,,,0,APLA12.5,4,dn,58.039
all_atom,dual,MNILHICVTSKWFNIDNKIVDHRP,,,0,APLA12.5,4,up,58.736
all_atom,dual,MNILHICVTSKWFNIDNKIVDHRP,,,0,APLA12.5,5,dn,57.153
all_atom,dual,MNILHICVTSKWFNIDNKIVDHRP,,,0,APLA12.5,5,up,58.744
all_atom,dual,MNILHICVTSKWFNIDNKIVDHRP,,,0,APLA17.5,1,dn,59.31
all_atom,dual,MNILHICVTSKWFNIDNKIVDHRP,,,0,APLA17.5,1,up,60.238
all_atom,dual,MNILHICVTSKWFNIDNKIVDHRP,,,0,APLA17.5,2,dn,59.436
all_atom,dual,MNILHICVTSKWFNIDNKIVDHRP,,,0,APLA17.5,2,up,58.97
all_atom,dual,MNILHICVTSKWFNIDNKIVDHRP,,,0,APLA17.5,3,dn,57.578
all_atom,dual,MNILHICVTSKWFNIDNKIVDHRP,,,0,APLA17.5,3,up,59.032
all_atom,dual,MNILHICVTSKWFNIDNKIVDHRP,,,0,APLA17.5,4,dn,57.967
all_atom,dual,MNILHICVTSKWFNIDNKIVDHRP,,,0,APLA17.5,4,up,58.629
all_atom,dual,MNILHICVTSKWFNIDNKIVDHRP,,,0,APLA17.5,5,dn,57.439
all_atom,dual,MNILHICVTSKWFNIDNKIVDHRP,,,0,APLA17.5,5,up,59.009
all_atom,dual,MNILHICVTSKWFNIDNKIVDHRP,,,0,APLA2.5,1,dn,65.71
all_atom,dual,MNILHICVTSKWFNIDNKIVDHRP,,,0,APLA2.5,1,up,66.078
all_atom,dual,MNILHICVTSKWFNIDNKIVDHRP,,,0,APLA2.5,2,dn,69.546
all_atom,dual,MNILHICVTSKWFNIDNKIVDHRP,,,0,APLA2.5,2,up,75.411
all_atom,dual,MNILHICVTSKWFNIDNKIVDHRP,,,0,APLA2.5,3,dn,78.677
all_atom,dual,MNILHICVTSKWFNIDNKIVDHRP,,,0,APLA2.5,3,up,75.483
all_atom,dual,MNILHICVTSKWFNIDNKIVDHRP,,,0,APLA2.5,4,dn,79.359
all_atom,dual,MNILHICVTSKWFNIDNKIVDHRP,,,0,APLA2.5,4,up,74.995
all_atom,dual,MNILHICVTSKWFNIDNKIVDHRP,,,0,APLA2.5,5,dn,86.769
all_atom,dual,MNILHICVTSKWFNIDNKIVDHRP,,,0,APLA2.5,5,up,66.719
all_atom,dual,MNILHICVTSKWFNIDNKIVDHRP,,,0,APLA7.5,1,dn,61.209
all_atom,dual,MNILHICVTSKWFNIDNKIVDHRP,,,0,APLA7.5,1,up,57.531
all_atom,dual,MNILHICVTSKWFNIDNKIVDHRP,,,0,APLA7.5,2,dn,64.647
all_atom,dual,MNILHICVTSKWFNIDNKIVDHRP,,,0,APLA7.5,2,up,63.661
all_atom,dual,MNILHICVTSKWFNIDNKIVDHRP,,,0,APLA7.5,3,dn,60.138
all_atom,dual,MNILHICVTSKWFNIDNKIVDHRP,,,0,APLA7.5,3,up,61.856
all_atom,dual,MNILHICVTSKWFNIDNKIVDHRP,,,0,APLA7.5,4,dn,60.623
all_atom,dual,MNILHICVTSKWFNIDNKIVDHRP,,,0,APLA7.5,4,up,62.126
all_atom,dual,MNILHICVTSKWFNIDNKIVDHRP,,,0,APLA7.5,5,dn,63.112
all_atom,dual,MNILHICVTSKWFNIDNKIVDHRP,,,0,APLA7.5,5,up,61.254
all_atom,dual,MNILHICVTSKWFNIDNKIVDHRP,,,0,APLS12.5,1,dn,3.531
all_atom,dual,MNILHICVTSKWFNIDNKIVDHRP,,,0,APLS12.5,1,up,3.977
all_atom,dual,MNILHICVTSKWFNIDNKIVDHRP,,,0,APLS12.5,2,dn,4.055
all_atom,dual,MNILHICVTSKWFNIDNKIVDHRP,,,0,APLS12.5,2,up,3.429
all_atom,dual,MNILHICVTSKWFNIDNKIVDHRP,,,0,APLS12.5,3,dn,3.75
all_atom,dual,MNILHICVTSKWFNIDNKIVDHRP,,,0,APLS12.5,3,up,3.782
all_atom,dual,MNILHICVTSKWFNIDNKIVDHRP,,,0,APLS12.5,4,dn,3.304
all_atom,dual,MNILHICVTSKWFNIDNKIVDHRP,,,0,APLS12.5,4,up,3.977
all_atom,dual,MNILHICVTSKWFNIDNKIVDHRP,,,0,APLS12.5,5,dn,3.614
all_atom,dual,MNILHICVTSKWFNIDNKIVDHRP,,,0,APLS12.5,5,up,4.18
all_atom,dual,MNILHICVTSKWFNIDNKIVDHRP,,,0,APLS17.5,1,dn,3.059
all_atom,dual,MNILHICVTSKWFNIDNKIVDHRP,,,0,APLS17.5,1,up,4.688
all_atom,dual,MNILHICVTSKWFNIDNKIVDHRP,,,0,APLS17.5,2,dn,4.512
all_atom,dual,MNILHICVTSKWFNIDNKIVDHRP,,,0,APLS17.5,2,up,3.883
all_atom,dual,MNILHICVTSKWFNIDNKIVDHRP,,,0,APLS17.5,3,dn,4.081
all_atom,dual,MNILHICVTSKWFNIDNKIVDHRP,,,0,APLS17.5,3,up,3.541
all_atom,dual,MNILHICVTSKWFNIDNKIVDHRP,,,0,APLS17.5,4,dn,3.755
all_atom,dual,MNILHICVTSKWFNIDNKIVDHRP,,,0,APLS17.5,4,up,3.454
all_atom,dual,MNILHICVTSKWFNIDNKIVDHRP,,,0,APLS17.5,5,dn,3.379
all_atom,dual,MNILHICVTSKWFNIDNKIVDHRP,,,0,APLS17.5,5,up,4.133
all_atom,dual,MNILHICVTSKWFNIDNKIVDHRP,,,0,APLS2.5,1,dn,5.176
all_atom,dual,MNILHICVTSKWFNIDNKIVDHRP,,,0,APLS2.5,1,up,5.066
all_atom,dual,MNILHICVTSKWFNIDNKIVDHRP,,,0,APLS2.5,2,dn,6.948
all_atom,dual,MNILHICVTSKWFNIDNKIVDHRP,,,0,APLS2.5,2,up,5.913
all_atom,dual,MNILHICVTSKWFNIDNKIVDHRP,,,0,APLS2.5,3,dn,7.009
all_atom,dual,MNILHICVTSKWFNIDNKIVDHRP,,,0,APLS2.5,3,up,6.176
all_atom,dual,MNILHICVTSKWFNIDNKIVDHRP,,,0,APLS2.5,4,dn,6.519
all_atom,dual,MNILHICVTSKWFNIDNKIVDHRP,,,0,APLS2.5,4,up,5.665
all_atom,dual,MNILHICVTSKWFNIDNKIVDHRP,,,0,APLS2.5,5,dn,9.338
all_atom,dual,MNILHICVTSKWFNIDNKIVDHRP,,,0,APLS2.5,5,up,4.859
all_atom,dual,MNILHICVTSKWFNIDNKIVDHRP,,,0,APLS7.5,1,dn,4.953
all_atom,dual,MNILHICVTSKWFNIDNKIVDHRP,,,0,APLS7.5,1,up,4.727
all_atom,dual,MNILHICVTSKWFNIDNKIVDHRP,,,0,APLS7.5,2,dn,5.882
all_atom,dual,MNILHICVTSKWFNIDNKIVDHRP,,,0,APLS7.5,2,up,5.714
all_atom,dual,MNILHICVTSKWFNIDNKIVDHRP,,,0,APLS7.5,3,dn,4.907
all_atom,dual,MNILHICVTSKWFNIDNKIVDHRP,,,0,APLS7.5,3,up,5.235
all_atom,dual,MNILHICVTSKWFNIDNKIVDHRP,,,0,APLS7.5,4,dn,4.778
all_atom,dual,MNILHICVTSKWFNIDNKIVDHRP,,,0,APLS7.5,4,up,5.049
all_atom,dual,MNILHICVTSKWFNIDNKIVDHRP,,,0,APLS7.5,5,dn,5.765
all_atom,dual,MNILHICVTSKWFNIDNKIVDHRP,,,0,APLS7.5,5,up,6.042
all_atom,dual,MNILHICVTSKWFNIDNKIVDHRP,,,0,H0,1,dn,0.0
all_atom,dual,MNILHICVTSKWFNIDNKIVDHRP,,,0,H0,1,up,0.0
all_atom,dual,MNILHICVTSKWFNIDNKIVDHRP,,,0,H0,2,dn,0.0
all_atom,dual,MNILHICVTSKWFNIDNKIVDHRP,,,0,H0,2,up,0.0
all_atom,dual,MNILHICVTSKWFNIDNKIVDHRP,,,0,H0,3,dn,0.0
all_atom,dual,MNILHICVTSKWFNIDNKIVDHRP,,,0,H0,3,up,0.0
all_atom,dual,MNILHICVTSKWFNIDNKIVDHRP,,,0,H0,4,dn,0.0
all_atom,dual,MNILHICVTSKWFNIDNKIVDHRP,,,0,H0,4,up,0.0
all_atom,dual,MNILHICVTSKWFNIDNKIVDHRP,,,0,H0,5,dn,0.0
all_atom,dual,MNILHICVTSKWFNIDNKIVDHRP,,,0,H0,5,up,0.0
all_atom,dual,MNILHICVTSKWFNIDNKIVDHRP,,,0,H1,1,dn,0.979
all_atom,dual,MNILHICVTSKWFNIDNKIVDHRP,,,0,H1,1,up,0.993
all_atom,dual,MNILHICVTSKWFNIDNKIVDHRP,,,0,H1,2,dn,0.962
all_atom,dual,MNILHICVTSKWFNIDNKIVDHRP,,,0,H1,2,up,0.708
all_atom,dual,MNILHICVTSKWFNIDNKIVDHRP,,,0,H1,3,dn,0.986
all_atom,dual,MNILHICVTSKWFNIDNKIVDHRP,,,0,H1,3,up,0.696
all_atom,dual,MNILHICVTSKWFNIDNKIVDHRP,,,0,H1,4,dn,1.0
all_atom,dual,MNILHICVTSKWFNIDNKIVDHRP,,,0,H1,4,up,0.481
all_atom,dual,MNILHICVTSKWFNIDNKIVDHRP,,,0,H1,5,dn,0.976
all_atom,dual,MNILHICVTSKWFNIDNKIVDHRP,,,0,H1,5,up,0.01
all_atom,dual,MNILHICVTSKWFNIDNKIVDHRP,,,0,H10,1,dn,0.0
all_atom,dual,MNILHICVTSKWFNIDNKIVDHRP,,,0,H10,1,up,0.0
all_atom,dual,MNILHICVTSKWFNIDNKIVDHRP,,,0,H10,2,dn,0.0
all_atom,dual,MNILHICVTSKWFNIDNKIVDHRP,,,0,H10,2,up,0.0
all_atom,dual,MNILHICVTSKWFNIDNKIVDHRP,,,0,H10,3,dn,0.0
all_atom,dual,MNILHICVTSKWFNIDNKIVDHRP,,,0,H10,3,up,0.0
all_atom,dual,MNILHICVTSKWFNIDNKIVDHRP,,,0,H10,4,dn,0.0
all_atom,dual,MNILHICVTSKWFNIDNKIVDHRP,,,0,H10,4,up,0.0
all_atom,dual,MNILHICVTSKWFNIDNKIVDHRP,,,0,H10,5,dn,0.0
all_atom,dual,MNILHICVTSKWFNIDNKIVDHRP,,,0,H10,5,up,0.0
all_atom,dual,MNILHICVTSKWFNIDNKIVDHRP,,,0,H2,1,dn,1.0
all_atom,dual,MNILHICVTSKWFNIDNKIVDHRP,,,0,H2,1,up,1.0
all_atom,dual,MNILHICVTSKWFNIDNKIVDHRP,,,0,H2,2,dn,1.0
all_atom,dual,MNILHICVTSKWFNIDNKIVDHRP,,,0,H2,2,up,0.889
all_atom,dual,MNILHICVTSKWFNIDNKIVDHRP,,,0,H2,3,dn,1.0
all_atom,dual,MNILHICVTSKWFNIDNKIVDHRP,,,0,H2,3,up,0.875
all_atom,dual,MNILHICVTSKWFNIDNKIVDHRP,,,0,H2,4,dn,1.0
all_atom,dual,MNILHICVTSKWFNIDNKIVDHRP,,,0,H2,4,up,0.798
all_atom,dual,MNILHICVTSKWFNIDNKIVDHRP,,,0,H2,5,dn,1.0
all_atom,dual,MNILHICVTSKWFNIDNKIVDHRP,,,0,H2,5,up,0.604
all_atom,dual,MNILHICVTSKWFNIDNKIVDHRP,,,0,H3,1,dn,1.0
all_atom,dual,MNILHICVTSKWFNIDNKIVDHRP,,,0,H3,1,up,1.0
all_atom,dual,MNILHICVTSKWFNIDNKIVDHRP,,,0,H3,2,dn,1.0
all_atom,dual,MNILHICVTSKWFNIDNKIVDHRP,,,0,H3,2,up,1.0
all_atom,dual,MNILHICVTSKWFNIDNKIVDHRP,,,0,H3,3,dn,1.0
all_atom,dual,MNILHICVTSKWFNIDNKIVDHRP,,,0,H3,3,up,0.99
all_atom,dual,MNILHICVTSKWFNIDNKIVDHRP,,,0,H3,4,dn,1.0
all_atom,dual,MNILHICVTSKWFNIDNKIVDHRP,,,0,H3,4,up,1.0
all_atom,dual,MNILHICVTSKWFNIDNKIVDHRP,,,0,H3,5,dn,1.0
all_atom,dual,MNILHICVTSKWFNIDNKIVDHRP,,,0,H3,5,up,1.0
all_atom,dual,MNILHICVTSKWFNIDNKIVDHRP,,,0,H4,1,dn,0.996
all_atom,dual,MNILHICVTSKWFNIDNKIVDHRP,,,0,H4,1,up,1.0
all_atom,dual,MNILHICVTSKWFNIDNKIVDHRP,,,0,H4,2,dn,1.0
all_atom,dual,MNILHICVTSKWFNIDNKIVDHRP,,,0,H4,2,up,1.0
all_atom,dual,MNILHICVTSKWFNIDNKIVDHRP,,,0,H4,3,dn,1.0
all_atom,dual,MNILHICVTSKWFNIDNKIVDHRP,,,0,H4,3,up,0.978
all_atom,dual,MNILHICVTSKWFNIDNKIVDHRP,,,0,H4,4,dn,0.97
all_atom,dual,MNILHICVTSKWFNIDNKIVDHRP,,,0,H4,4,up,1.0
all_atom,dual,MNILHICVTSKWFNIDNKIVDHRP,,,0,H4,5,dn,0.982
all_atom,dual,MNILHICVTSKWFNIDNKIVDHRP,,,0,H4,5,up,0.998
all_atom,dual,MNILHICVTSKWFNIDNKIVDHRP,,,0,H5,1,dn,1.0
all_atom,dual,MNILHICVTSKWFNIDNKIVDHRP,,,0,H5,1,up,1.0
all_atom,dual,MNILHICVTSKWFNIDNKIVDHRP,,,0,H5,2,dn,1.0
all_atom,dual,MNILHICVTSKWFNIDNKIVDHRP,,,0,H5,2,up,1.0
all_atom,dual,MNILHICVTSKWFNIDNKIVDHRP,,,0,H5,3,dn,1.0
all_atom,dual,MNILHICVTSKWFNIDNKIVDHRP,,,0,H5,3,up,0.985
all_atom,dual,MNILHICVTSKWFNIDNKIVDHRP,,,0,H5,4,dn,0.931
all_atom,dual,MNILHICVTSKWFNIDNKIVDHRP,,,0,H5,4,up,1.0
all_atom,dual,MNILHICVTSKWFNIDNKIVDHRP,,,0,H5,5,dn,0.842
all_atom,dual,MNILHICVTSKWFNIDNKIVDHRP,,,0,H5,5,up,0.99
all_atom,dual,MNILHICVTSKWFNIDNKIVDHRP,,,0,H6,1,dn,1.0
all_atom,dual,MNILHICVTSKWFNIDNKIVDHRP,,,0,H6,1,up,0.998
all_atom,dual,MNILHICVTSKWFNIDNKIVDHRP,,,0,H6,2,dn,0.947
all_atom,dual,MNILHICVTSKWFNIDNKIVDHRP,,,0,H6,2,up,1.0
all_atom,dual,MNILHICVTSKWFNIDNKIVDHRP,,,0,H6,3,dn,1.0
all_atom,dual,MNILHICVTSKWFNIDNKIVDHRP,,,0,H6,3,up,1.0
all_atom,dual,MNILHICVTSKWFNIDNKIVDHRP,,,0,H6,4,dn,0.952
all_atom,dual,MNILHICVTSKWFNIDNKIVDHRP,,,0,H6,4,up,1.0
all_atom,dual,MNILHICVTSKWFNIDNKIVDHRP,,,0,H6,5,dn,0.871
all_atom,dual,MNILHICVTSKWFNIDNKIVDHRP,,,0,H6,5,up,1.0
all_atom,dual,MNILHICVTSKWFNIDNKIVDHRP,,,0,H7,1,dn,0.976
all_atom,dual,MNILHICVTSKWFNIDNKIVDHRP,,,0,H7,1,up,0.945
all_atom,dual,MNILHICVTSKWFNIDNKIVDHRP,,,0,H7,2,dn,0.528
all_atom,dual,MNILHICVTSKWFNIDNKIVDHRP,,,0,H7,2,up,0.93
all_atom,dual,MNILHICVTSKWFNIDNKIVDHRP,,,0,H7,3,dn,0.526
all_atom,dual,MNILHICVTSKWFNIDNKIVDHRP,,,0,H7,3,up,0.892
all_atom,dual,MNILHICVTSKWFNIDNKIVDHRP,,,0,H7,4,dn,0.232
all_atom,dual,MNILHICVTSKWFNIDNKIVDHRP,,,0,H7,4,up,0.965
all_atom,dual,MNILHICVTSKWFNIDNKIVDHRP,,,0,H7,5,dn,0.0
all_atom,dual,MNILHICVTSKWFNIDNKIVDHRP,,,0,H7,5,up,0.946
all_atom,dual,MNILHICVTSKWFNIDNKIVDHRP,,,0,H8,1,dn,0.77
all_atom,dual,MNILHICVTSKWFNIDNKIVDHRP,,,0,H8,1,up,0.962
all_atom,dual,MNILHICVTSKWFNIDNKIVDHRP,,,0,H8,2,dn,0.071
all_atom,dual,MNILHICVTSKWFNIDNKIVDHRP,,,0,H8,2,up,0.596
all_atom,dual,MNILHICVTSKWFNIDNKIVDHRP,,,0,H8,3,dn,0.0
all_atom,dual,MNILHICVTSKWFNIDNKIVDHRP,,,0,H8,3,up,0.743
all_atom,dual,MNILHICVTSKWFNIDNKIVDHRP,,,0,H8,4,dn,0.0
all_atom,dual,MNILHICVTSKWFNIDNKIVDHRP,,,0,H8,4,up,0.62
all_atom,dual,MNILHICVTSKWFNIDNKIVDHRP,,,0,H8,5,dn,0.0
all_atom,dual,MNILHICVTSKWFNIDNKIVDHRP,,,0,H8,5,up,0.432
all_atom,dual,MNILHICVTSKWFNIDNKIVDHRP,,,0,H9,1,dn,0.32
all_atom,dual,MNILHICVTSKWFNIDNKIVDHRP,,,0,H9,1,up,0.474
all_atom,dual,MNILHICVTSKWFNIDNKIVDHRP,,,0,H9,2,dn,0.013
all_atom,dual,MNILHICVTSKWFNIDNKIVDHRP,,,0,H9,2,up,0.106
all_atom,dual,MNILHICVTSKWFNIDNKIVDHRP,,,0,H9,3,dn,0.0
all_atom,dual,MNILHICVTSKWFNIDNKIVDHRP,,,0,H9,3,up,0.297
all_atom,dual,MNILHICVTSKWFNIDNKIVDHRP,,,0,H9,4,dn,0.0
all_atom,dual,MNILHICVTSKWFNIDNKIVDHRP,,,0,H9,4,up,0.0
all_atom,dual,MNILHICVTSKWFNIDNKIVDHRP,,,0,H9,5,dn,0.0
all_atom,dual,MNILHICVTSKWFNIDNKIVDHRP,,,0,H9,5,up,0.0
all_atom,dual,MNILHICVTSKWFNIDNKIVDHRP,,,0,HM,1,dn,0.764
all_atom,dual,MNILHICVTSKWFNIDNKIVDHRP,,,0,HM,1,up,0.814
all_atom,dual,MNILHICVTSKWFNIDNKIVDHRP,,,0,HM,2,dn,0.611
all_atom,dual,MNILHICVTSKWFNIDNKIVDHRP,,,0,HM,2,up,0.679
all_atom,dual,MNILHICVTSKWFNIDNKIVDHRP,,,0,HM,3,dn,0.607
all_atom,dual,MNILHICVTSKWFNIDNKIVDHRP,,,0,HM,3,up,0.705
all_atom,dual,MNILHICVTSKWFNIDNKIVDHRP,,,0,HM,4,dn,0.578
all_atom,dual,MNILHICVTSKWFNIDNKIVDHRP,,,0,HM,4,up,0.648
all_atom,dual,MNILHICVTSKWFNIDNKIVDHRP,,,0,HM,5,dn,0.545
all_atom,dual,MNILHICVTSKWFNIDNKIVDHRP,,,0,HM,5,up,0.569
all_atom,dual,MNILHICVTSKWFNIDNKIVDHRP,,,0,PEPT_BUR_MAX,1,dn,10.12
all_atom,dual,MNILHICVTSKWFNIDNKIVDHRP,,,0,PEPT_BUR_MAX,1,up,8.75
all_atom,dual,MNILHICVTSKWFNIDNKIVDHRP,,,0,PEPT_BUR_MAX,2,dn,6.35
all_atom,dual,MNILHICVTSKWFNIDNKIVDHRP,,,0,PEPT_BUR_MAX,2,up,9.09
all_atom,dual,MNILHICVTSKWFNIDNKIVDHRP,,,0,PEPT_BUR_MAX,3,dn,8.52
all_atom,dual,MNILHICVTSKWFNIDNKIVDHRP,,,0,PEPT_BUR_MAX,3,up,5.62
all_atom,dual,MNILHICVTSKWFNIDNKIVDHRP,,,0,PEPT_BUR_MAX,4,dn,5.97
all_atom,dual,MNILHICVTSKWFNIDNKIVDHRP,,,0,PEPT_BUR_MAX,4,up,7.2
all_atom,dual,MNILHICVTSKWFNIDNKIVDHRP,,,0,PEPT_BUR_MAX,5,dn,8.43
all_atom,dual,MNILHICVTSKWFNIDNKIVDHRP,,,0,PEPT_BUR_MAX,5,up,7.27
all_atom,dual,MNILHICVTSKWFNIDNKIVDHRP,,,0,S,1,dn,0.166
all_atom,dual,MNILHICVTSKWFNIDNKIVDHRP,,,0,S,1,up,0.292
all_atom,dual,MNILHICVTSKWFNIDNKIVDHRP,,,0,S,2,dn,0.402
all_atom,dual,MNILHICVTSKWFNIDNKIVDHRP,,,0,S,2,up,0.36
all_atom,dual,MNILHICVTSKWFNIDNKIVDHRP,,,0,S,3,dn,0.36
all_atom,dual,MNILHICVTSKWFNIDNKIVDHRP,,,0,S,3,up,0.347
all_atom,dual,MNILHICVTSKWFNIDNKIVDHRP,,,0,S,4,dn,0.552
all_atom,dual,MNILHICVTSKWFNIDNKIVDHRP,,,0,S,4,up,0.403
all_atom,dual,MNILHICVTSKWFNIDNKIVDHRP,,,0,S,5,dn,0.537
all_atom,dual,MNILHICVTSKWFNIDNKIVDHRP,,,0,S,5,up,0.397
all_atom,dual,MNILHICVTSKWFNIDNKIVDHRP,,,0,WAT_BUR_MAX,1,dn,10.21
all_atom,dual,MNILHICVTSKWFNIDNKIVDHRP,,,0,WAT_BUR_MAX,1,up,7.95
all_atom,dual,MNILHICVTSKWFNIDNKIVDHRP,,,0,WAT_BUR_MAX,2,dn,8.79
all_atom,dual,MNILHICVTSKWFNIDNKIVDHRP,,,0,WAT_BUR_MAX,2,up,10.37
all_atom,dual,MNILHICVTSKWFNIDNKIVDHRP,,,0,WAT_BUR_MAX,3,dn,9.94
all_atom,dual,MNILHICVTSKWFNIDNKIVDHRP,,,0,WAT_BUR_MAX,3,up,11.36
all_atom,dual,MNILHICVTSKWFNIDNKIVDHRP,,,0,WAT_BUR_MAX,4,dn,9.31
all_atom,dual,MNILHICVTSKWFNIDNKIVDHRP,,,0,WAT_BUR_MAX,4,up,9.53
all_atom,dual,MNILHICVTSKWFNIDNKIVDHRP,,,0,WAT_BUR_MAX,5,dn,10.22
all_atom,dual,MNILHICVTSKWFNIDNKIVDHRP,,,0,WAT_BUR_MAX,5,up,9.84
all_atom,dual,MNILHICVTSKWFNIDNKIVDHRP,,,0,WAT_BUR_REL,1,dn,0.46
all_atom,dual,MNILHICVTSKWFNIDNKIVDHRP,,,0,WAT_BUR_REL,1,up,1.35
all_atom,dual,MNILHICVTSKWFNIDNKIVDHRP,,,0,WAT_BUR_REL,2,dn,1.44
all_atom,dual,MNILHICVTSKWFNIDNKIVDHRP,,,0,WAT_BUR_REL,2,up,2.71
all_atom,dual,MNILHICVTSKWFNIDNKIVDHRP,,,0,WAT_BUR_REL,3,dn,1.67
all_atom,dual,MNILHICVTSKWFNIDNKIVDHRP,,,0,WAT_BUR_REL,3,up,4.09
all_atom,dual,MNILHICVTSKWFNIDNKIVDHRP,,,0,WAT_BUR_REL,4,dn,2.64
all_atom,dual,MNILHICVTSKWFNIDNKIVDHRP,,,0,WAT_BUR_REL,4,up,3.15
all_atom,dual,MNILHICVTSKWFNIDNKIVDHRP,,,0,WAT_BUR_REL,5,dn,1.95
all_atom,dual,MNILHICVTSKWFNIDNKIVDHRP,,,0,WAT_BUR_REL,5,up,3.77
all_atom,dual,MNILHICVTSKWFNIDNKIVDHRP,,,0,ZP-0.5,1,dn,0.148
all_atom,dual,MNILHICVTSKWFNIDNKIVDHRP,,,0,ZP-0.5,1,up,0.137
all_atom,dual,MNILHICVTSKWFNIDNKIVDHRP,,,0,ZP-0.5,2,dn,0.116
all_atom,dual,MNILHICVTSKWFNIDNKIVDHRP,,,0,ZP-0.5,2,up,0.153
all_atom,dual,MNILHICVTSKWFNIDNKIVDHRP,,,0,ZP-0.5,3,dn,0.127
all_atom,dual,MNILHICVTSKWFNIDNKIVDHRP,,,0,ZP-0.5,3,up,0.11
all_atom,dual,MNILHICVTSKWFNIDNKIVDHRP,,,0,ZP-0.5,4,dn,0.152
all_atom,dual,MNILHICVTSKWFNIDNKIVDHRP,,,0,ZP-0.5,4,up,0.144
all_atom,dual,MNILHICVTSKWFNIDNKIVDHRP,,,0,ZP-0.5,5,dn,0.092
all_atom,dual,MNILHICVTSKWFNIDNKIVDHRP,,,0,ZP-0.5,5,up,0.135
all_atom,dual,MNILHICVTSKWFNIDNKIVDHRP,,,0,ZP-1.5,1,dn,0.129
all_atom,dual,MNILHICVTSKWFNIDNKIVDHRP,,,0,ZP-1.5,1,up,0.137
all_atom,dual,MNILHICVTSKWFNIDNKIVDHRP,,,0,ZP-1.5,2,dn,0.103
all_atom,dual,MNILHICVTSKWFNIDNKIVDHRP,,,0,ZP-1.5,2,up,0.105
all_atom,dual,MNILHICVTSKWFNIDNKIVDHRP,,,0,ZP-1.5,3,dn,0.107
all_atom,dual,MNILHICVTSKWFNIDNKIVDHRP,,,0,ZP-1.5,3,up,0.113
all_atom,dual,MNILHICVTSKWFNIDNKIVDHRP,,,0,ZP-1.5,4,dn,0.119
all_atom,dual,MNILHICVTSKWFNIDNKIVDHRP,,,0,ZP-1.5,4,up,0.126
all_atom,dual,MNILHICVTSKWFNIDNKIVDHRP,,,0,ZP-1.5,5,dn,0.067
all_atom,dual,MNILHICVTSKWFNIDNKIVDHRP,,,0,ZP-1.5,5,up,0.118
all_atom,dual,MNILHICVTSKWFNIDNKIVDHRP,,,0,ZP-2.5,1,dn,0.093
all_atom,dual,MNILHICVTSKWFNIDNKIVDHRP,,,0,ZP-2.5,1,up,0.104
all_atom,dual,MNILHICVTSKWFNIDNKIVDHRP,,,0,ZP-2.5,2,dn,0.097
all_atom,dual,MNILHICVTSKWFNIDNKIVDHRP,,,0,ZP-2.5,2,up,0.083
all_atom,dual,MNILHICVTSKWFNIDNKIVDHRP,,,0,ZP-2.5,3,dn,0.069
all_atom,dual,MNILHICVTSKWFNIDNKIVDHRP,,,0,ZP-2.5,3,up,0.063
all_atom,dual,MNILHICVTSKWFNIDNKIVDHRP,,,0,ZP-2.5,4,dn,0.077
all_atom,dual,MNILHICVTSKWFNIDNKIVDHRP,,,0,ZP-2.5,4,up,0.078
all_atom,dual,MNILHICVTSKWFNIDNKIVDHRP,,,0,ZP-2.5,5,dn,0.053
all_atom,dual,MNILHICVTSKWFNIDNKIVDHRP,,,0,ZP-2.5,5,up,0.086
all_atom,dual,MNILHICVTSKWFNIDNKIVDHRP,,,0,ZP-3.5,1,dn,0.058
all_atom,dual,MNILHICVTSKWFNIDNKIVDHRP,,,0,ZP-3.5,1,up,0.08
all_atom,dual,MNILHICVTSKWFNIDNKIVDHRP,,,0,ZP-3.5,2,dn,0.069
all_atom,dual,MNILHICVTSKWFNIDNKIVDHRP,,,0,ZP-3.5,2,up,0.033
all_atom,dual,MNILHICVTSKWFNIDNKIVDHRP,,,0,ZP-3.5,3,dn,0.03
all_atom,dual,MNILHICVTSKWFNIDNKIVDHRP,,,0,ZP-3.5,3,up,0.047
all_atom,dual,MNILHICVTSKWFNIDNKIVDHRP,,,0,ZP-3.5,4,dn,0.053
all_atom,dual,MNILHICVTSKWFNIDNKIVDHRP,,,0,ZP-3.5,4,up,0.054
all_atom,dual,MNILHICVTSKWFNIDNKIVDHRP,,,0,ZP-3.5,5,dn,0.037
all_atom,dual,MNILHICVTSKWFNIDNKIVDHRP,,,0,ZP-3.5,5,up,0.086
all_atom,dual,MNILHICVTSKWFNIDNKIVDHRP,,,0,ZP-4.5,1,dn,0.038
all_atom,dual,MNILHICVTSKWFNIDNKIVDHRP,,,0,ZP-4.5,1,up,0.045
all_atom,dual,MNILHICVTSKWFNIDNKIVDHRP,,,0,ZP-4.5,2,dn,0.057
all_atom,dual,MNILHICVTSKWFNIDNKIVDHRP,,,0,ZP-4.5,2,up,0.018
all_atom,dual,MNILHICVTSKWFNIDNKIVDHRP,,,0,ZP-4.5,3,dn,0.017
all_atom,dual,MNILHICVTSKWFNIDNKIVDHRP,,,0,ZP-4.5,3,up,0.023
all_atom,dual,MNILHICVTSKWFNIDNKIVDHRP,,,0,ZP-4.5,4,dn,0.028
all_atom,dual,MNILHICVTSKWFNIDNKIVDHRP,,,0,ZP-4.5,4,up,0.032
all_atom,dual,MNILHICVTSKWFNIDNKIVDHRP,,,0,ZP-4.5,5,dn,0.022
all_atom,dual,MNILHICVTSKWFNIDNKIVDHRP,,,0,ZP-4.5,5,up,0.059
all_atom,dual,MNILHICVTSKWFNIDNKIVDHRP,,,0,ZP-5.5,1,dn,0.023
all_atom,dual,MNILHICVTSKWFNIDNKIVDHRP,,,0,ZP-5.5,1,up,0.031
all_atom,dual,MNILHICVTSKWFNIDNKIVDHRP,,,0,ZP-5.5,2,dn,0.047
all_atom,dual,MNILHICVTSKWFNIDNKIVDHRP,,,0,ZP-5.5,2,up,0.008
all_atom,dual,MNILHICVTSKWFNIDNKIVDHRP,,,0,ZP-5.5,3,dn,0.008
all_atom,dual,MNILHICVTSKWFNIDNKIVDHRP,,,0,ZP-5.5,3,up,0.007
all_atom,dual,MNILHICVTSKWFNIDNKIVDHRP,,,0,ZP-5.5,4,dn,0.01
all_atom,dual,MNILHICVTSKWFNIDNKIVDHRP,,,0,ZP-5.5,4,up,0.013
all_atom,dual,MNILHICVTSKWFNIDNKIVDHRP,,,0,ZP-5.5,5,dn,0.01
all_atom,dual,MNILHICVTSKWFNIDNKIVDHRP,,,0,ZP-5.5,5,up,0.037
all_atom,dual,MNILHICVTSKWFNIDNKIVDHRP,,,0,ZP-6.5,1,dn,0.009
all_atom,dual,MNILHICVTSKWFNIDNKIVDHRP,,,0,ZP-6.5,1,up,0.013
all_atom,dual,MNILHICVTSKWFNIDNKIVDHRP,,,0,ZP-6.5,2,dn,0.027
all_atom,dual,MNILHICVTSKWFNIDNKIVDHRP,,,0,ZP-6.5,2,up,0.002
all_atom,dual,MNILHICVTSKWFNIDNKIVDHRP,,,0,ZP-6.5,3,dn,0.002
all_atom,dual,MNILHICVTSKWFNIDNKIVDHRP,,,0,ZP-6.5,3,up,0.001
all_atom,dual,MNILHICVTSKWFNIDNKIVDHRP,,,0,ZP-6.5,4,dn,0.007
all_atom,dual,MNILHICVTSKWFNIDNKIVDHRP,,,0,ZP-6.5,4,up,0.004
all_atom,dual,MNILHICVTSKWFNIDNKIVDHRP,,,0,ZP-6.5,5,dn,0.004
all_atom,dual,MNILHICVTSKWFNIDNKIVDHRP,,,0,ZP-6.5,5,up,0.027
all_atom,dual,MNILHICVTSKWFNIDNKIVDHRP,,,0,ZP-7.5,1,dn,0.004
all_atom,dual,MNILHICVTSKWFNIDNKIVDHRP,,,0,ZP-7.5,1,up,0.006
all_atom,dual,MNILHICVTSKWFNIDNKIVDHRP,,,0,ZP-7.5,2,dn,0.018
all_atom,dual,MNILHICVTSKWFNIDNKIVDHRP,,,0,ZP-7.5,2,up,0.0
all_atom,dual,MNILHICVTSKWFNIDNKIVDHRP,,,0,ZP-7.5,3,dn,0.0
all_atom,dual,MNILHICVTSKWFNIDNKIVDHRP,,,0,ZP-7.5,3,up,0.0
all_atom,dual,MNILHICVTSKWFNIDNKIVDHRP,,,0,ZP-7.5,4,dn,0.004
all_atom,dual,MNILHICVTSKWFNIDNKIVDHRP,,,0,ZP-7.5,4,up,0.003
all_atom,dual,MNILHICVTSKWFNIDNKIVDHRP,,,0,ZP-7.5,5,dn,0.003
all_atom,dual,MNILHICVTSKWFNIDNKIVDHRP,,,0,ZP-7.5,5,up,0.017
all_atom,dual,MNILHICVTSKWFNIDNKIVDHRP,,,0,ZP-8.5,1,dn,0.004
all_atom,dual,MNILHICVTSKWFNIDNKIVDHRP,,,0,ZP-8.5,1,up,0.001
all_atom,dual,MNILHICVTSKWFNIDNKIVDHRP,,,0,ZP-8.5,2,dn,0.01
all_atom,dual,MNILHICVTSKWFNIDNKIVDHRP,,,0,ZP-8.5,2,up,0.001
all_atom,dual,MNILHICVTSKWFNIDNKIVDHRP,,,0,ZP-8.5,3,dn,0.0
all_atom,dual,MNILHICVTSKWFNIDNKIVDHRP,,,0,ZP-8.5,3,up,0.0
all_atom,dual,MNILHICVTSKWFNIDNKIVDHRP,,,0,ZP-8.5,4,dn,0.001
all_atom,dual,MNILHICVTSKWFNIDNKIVDHRP,,,0,ZP-8.5,4,up,0.0
all_atom,dual,MNILHICVTSKWFNIDNKIVDHRP,,,0,ZP-8.5,5,dn,0.002
all_atom,dual,MNILHICVTSKWFNIDNKIVDHRP,,,0,ZP-8.5,5,up,0.007
all_atom,dual,MNILHICVTSKWFNIDNKIVDHRP,,,0,ZP-9.5,1,dn,0.0
all_atom,dual,MNILHICVTSKWFNIDNKIVDHRP,,,0,ZP-9.5,1,up,0.001
all_atom,dual,MNILHICVTSKWFNIDNKIVDHRP,,,0,ZP-9.5,2,dn,0.003
all_atom,dual,MNILHICVTSKWFNIDNKIVDHRP,,,0,ZP-9.5,2,up,0.0
all_atom,dual,MNILHICVTSKWFNIDNKIVDHRP,,,0,ZP-9.5,3,dn,0.0
all_atom,dual,MNILHICVTSKWFNIDNKIVDHRP,,,0,ZP-9.5,3,up,0.0
all_atom,dual,MNILHICVTSKWFNIDNKIVDHRP,,,0,ZP-9.5,4,dn,0.0
all_atom,dual,MNILHICVTSKWFNIDNKIVDHRP,,,0,ZP-9.5,4,up,0.0
all_atom,dual,MNILHICVTSKWFNIDNKIVDHRP,,,0,ZP-9.5,5,dn,0.0
all_atom,dual,MNILHICVTSKWFNIDNKIVDHRP,,,0,ZP-9.5,5,up,0.003
all_atom,dual,MNILHICVTSKWFNIDNKIVDHRP,,,0,ZP0.5,1,dn,0.133
all_atom,dual,MNILHICVTSKWFNIDNKIVDHRP,,,0,ZP0.5,1,up,0.136
all_atom,dual,MNILHICVTSKWFNIDNKIVDHRP,,,0,ZP0.5,2,dn,0.096
all_atom,dual,MNILHICVTSKWFNIDNKIVDHRP,,,0,ZP0.5,2,up,0.152
all_atom,dual,MNILHICVTSKWFNIDNKIVDHRP,,,0,ZP0.5,3,dn,0.153
all_atom,dual,MNILHICVTSKWFNIDNKIVDHRP,,,0,ZP0.5,3,up,0.144
all_atom,dual,MNILHICVTSKWFNIDNKIVDHRP,,,0,ZP0.5,4,dn,0.137
all_atom,dual,MNILHICVTSKWFNIDNKIVDHRP,,,0,ZP0.5,4,up,0.138
all_atom,dual,MNILHICVTSKWFNIDNKIVDHRP,,,0,ZP0.5,5,dn,0.143
all_atom,dual,MNILHICVTSKWFNIDNKIVDHRP,,,0,ZP0.5,5,up,0.112
all_atom,dual,MNILHICVTSKWFNIDNKIVDHRP,,,0,ZP1.5,1,dn,0.124
all_atom,dual,MNILHICVTSKWFNIDNKIVDHRP,,,0,ZP1.5,1,up,0.11
all_atom,dual,MNILHICVTSKWFNIDNKIVDHRP,,,0,ZP1.5,2,dn,0.111
all_atom,dual,MNILHICVTSKWFNIDNKIVDHRP,,,0,ZP1.5,2,up,0.151
all_atom,dual,MNILHICVTSKWFNIDNKIVDHRP,,,0,ZP1.5,3,dn,0.122
all_atom,dual,MNILHICVTSKWFNIDNKIVDHRP,,,0,ZP1.5,3,up,0.138
all_atom,dual,MNILHICVTSKWFNIDNKIVDHRP,,,0,ZP1.5,4,dn,0.124
all_atom,dual,MNILHICVTSKWFNIDNKIVDHRP,,,0,ZP1.5,4,up,0.122
all_atom,dual,MNILHICVTSKWFNIDNKIVDHRP,,,0,ZP1.5,5,dn,0.139
all_atom,dual,MNILHICVTSKWFNIDNKIVDHRP,,,0,ZP1.5,5,up,0.113
all_atom,dual,MNILHICVTSKWFNIDNKIVDHRP,,,0,ZP2.5,1,dn,0.097
all_atom,dual,MNILHICVTSKWFNIDNKIVDHRP,,,0,ZP2.5,1,up,0.077
all_atom,dual,MNILHICVTSKWFNIDNKIVDHRP,,,0,ZP2.5,2,dn,0.098
all_atom,dual,MNILHICVTSKWFNIDNKIVDHRP,,,0,ZP2.5,2,up,0.117
all_atom,dual,MNILHICVTSKWFNIDNKIVDHRP,,,0,ZP2.5,3,dn,0.112
all_atom,dual,MNILHICVTSKWFNIDNKIVDHRP,,,0,ZP2.5,3,up,0.123
all_atom,dual,MNILHICVTSKWFNIDNKIVDHRP,,,0,ZP2.5,4,dn,0.1
all_atom,dual,MNILHICVTSKWFNIDNKIVDHRP,,,0,ZP2.5,4,up,0.119
all_atom,dual,MNILHICVTSKWFNIDNKIVDHRP,,,0,ZP2.5,5,dn,0.127
all_atom,dual,MNILHICVTSKWFNIDNKIVDHRP,,,0,ZP2.5,5,up,0.088
all_atom,dual,MNILHICVTSKWFNIDNKIVDHRP,,,0,ZP3.5,1,dn,0.073
all_atom,dual,MNILHICVTSKWFNIDNKIVDHRP,,,0,ZP3.5,1,up,0.054
all_atom,dual,MNILHICVTSKWFNIDNKIVDHRP,,,0,ZP3.5,2,dn,0.05
all_atom,dual,MNILHICVTSKWFNIDNKIVDHRP,,,0,ZP3.5,2,up,0.072
all_atom,dual,MNILHICVTSKWFNIDNKIVDHRP,,,0,ZP3.5,3,dn,0.098
all_atom,dual,MNILHICVTSKWFNIDNKIVDHRP,,,0,ZP3.5,3,up,0.081
all_atom,dual,MNILHICVTSKWFNIDNKIVDHRP,,,0,ZP3.5,4,dn,0.086
all_atom,dual,MNILHICVTSKWFNIDNKIVDHRP,,,0,ZP3.5,4,up,0.065
all_atom,dual,MNILHICVTSKWFNIDNKIVDHRP,,,0,ZP3.5,5,dn,0.114
all_atom,dual,MNILHICVTSKWFNIDNKIVDHRP,,,0,ZP3.5,5,up,0.059
all_atom,dual,MNILHICVTSKWFNIDNKIVDHRP,,,0,ZP4.5,1,dn,0.044
all_atom,dual,MNILHICVTSKWFNIDNKIVDHRP,,,0,ZP4.5,1,up,0.037
all_atom,dual,MNILHICVTSKWFNIDNKIVDHRP,,,0,ZP4.5,2,dn,0.038
all_atom,dual,MNILHICVTSKWFNIDNKIVDHRP,,,0,ZP4.5,2,up,0.054
all_atom,dual,MNILHICVTSKWFNIDNKIVDHRP,,,0,ZP4.5,3,dn,0.068
all_atom,dual,MNILHICVTSKWFNIDNKIVDHRP,,,0,ZP4.5,3,up,0.064
all_atom,dual,MNILHICVTSKWFNIDNKIVDHRP,,,0,ZP4.5,4,dn,0.054
all_atom,dual,MNILHICVTSKWFNIDNKIVDHRP,,,0,ZP4.5,4,up,0.056
all_atom,dual,MNILHICVTSKWFNIDNKIVDHRP,,,0,ZP4.5,5,dn,0.085
all_atom,dual,MNILHICVTSKWFNIDNKIVDHRP,,,0,ZP4.5,5,up,0.028
all_atom,dual,MNILHICVTSKWFNIDNKIVDHRP,,,0,ZP5.5,1,dn,0.015
all_atom,dual,MNILHICVTSKWFNIDNKIVDHRP,,,0,ZP5.5,1,up,0.018
all_atom,dual,MNILHICVTSKWFNIDNKIVDHRP,,,0,ZP5.5,2,dn,0.027
all_atom,dual,MNILHICVTSKWFNIDNKIVDHRP,,,0,ZP5.5,2,up,0.031
all_atom,dual,MNILHICVTSKWFNIDNKIVDHRP,,,0,ZP5.5,3,dn,0.047
all_atom,dual,MNILHICVTSKWFNIDNKIVDHRP,,,0,ZP5.5,3,up,0.038
all_atom,dual,MNILHICVTSKWFNIDNKIVDHRP,,,0,ZP5.5,4,dn,0.024
all_atom,dual,MNILHICVTSKWFNIDNKIVDHRP,,,0,ZP5.5,4,up,0.026
all_atom,dual,MNILHICVTSKWFNIDNKIVDHRP,,,0,ZP5.5,5,dn,0.044
all_atom,dual,MNILHICVTSKWFNIDNKIVDHRP,,,0,ZP5.5,5,up,0.02
all_atom,dual,MNILHICVTSKWFNIDNKIVDHRP,,,0,ZP6.5,1,dn,0.005
all_atom,dual,MNILHICVTSKWFNIDNKIVDHRP,,,0,ZP6.5,1,up,0.009
all_atom,dual,MNILHICVTSKWFNIDNKIVDHRP,,,0,ZP6.5,2,dn,0.022
all_atom,dual,MNILHICVTSKWFNIDNKIVDHRP,,,0,ZP6.5,2,up,0.012
all_atom,dual,MNILHICVTSKWFNIDNKIVDHRP,,,0,ZP6.5,3,dn,0.018
all_atom,dual,MNILHICVTSKWFNIDNKIVDHRP,,,0,ZP6.5,3,up,0.021
all_atom,dual,MNILHICVTSKWFNIDNKIVDHRP,,,0,ZP6.5,4,dn,0.009
all_atom,dual,MNILHICVTSKWFNIDNKIVDHRP,,,0,ZP6.5,4,up,0.012
all_atom,dual,MNILHICVTSKWFNIDNKIVDHRP,,,0,ZP6.5,5,dn,0.035
all_atom,dual,MNILHICVTSKWFNIDNKIVDHRP,,,0,ZP6.5,5,up,0.002
all_atom,dual,MNILHICVTSKWFNIDNKIVDHRP,,,0,ZP7.5,1,dn,0.002
all_atom,dual,MNILHICVTSKWFNIDNKIVDHRP,,,0,ZP7.5,1,up,0.004
all_atom,dual,MNILHICVTSKWFNIDNKIVDHRP,,,0,ZP7.5,2,dn,0.005
all_atom,dual,MNILHICVTSKWFNIDNKIVDHRP,,,0,ZP7.5,2,up,0.004
all_atom,dual,MNILHICVTSKWFNIDNKIVDHRP,,,0,ZP7.5,3,dn,0.015
all_atom,dual,MNILHICVTSKWFNIDNKIVDHRP,,,0,ZP7.5,3,up,0.013
all_atom,dual,MNILHICVTSKWFNIDNKIVDHRP,,,0,ZP7.5,4,dn,0.012
all_atom,dual,MNILHICVTSKWFNIDNKIVDHRP,,,0,ZP7.5,4,up,0.003
all_atom,dual,MNILHICVTSKWFNIDNKIVDHRP,,,0,ZP7.5,5,dn,0.013
all_atom,dual,MNILHICVTSKWFNIDNKIVDHRP,,,0,ZP7.5,5,up,0.003
all_atom,dual,MNILHICVTSKWFNIDNKIVDHRP,,,0,ZP8.5,1,dn,0.001
all_atom,dual,MNILHICVTSKWFNIDNKIVDHRP,,,0,ZP8.5,1,up,0.0
all_atom,dual,MNILHICVTSKWFNIDNKIVDHRP,,,0,ZP8.5,2,dn,0.003
all_atom,dual,MNILHICVTSKWFNIDNKIVDHRP,,,0,ZP8.5,2,up,0.001
all_atom,dual,MNILHICVTSKWFNIDNKIVDHRP,,,0,ZP8.5,3,dn,0.004
all_atom,dual,MNILHICVTSKWFNIDNKIVDHRP,,,0,ZP8.5,3,up,0.01
all_atom,dual,MNILHICVTSKWFNIDNKIVDHRP,,,0,ZP8.5,4,dn,0.003
all_atom,dual,MNILHICVTSKWFNIDNKIVDHRP,,,0,ZP8.5,4,up,0.004
all_atom,dual,MNILHICVTSKWFNIDNKIVDHRP,,,0,ZP8.5,5,dn,0.009
all_atom,dual,MNILHICVTSKWFNIDNKIVDHRP,,,0,ZP8.5,5,up,0.002
all_atom,dual,MNILHICVTSKWFNIDNKIVDHRP,,,0,ZP9.5,1,dn,0.0
all_atom,dual,MNILHICVTSKWFNIDNKIVDHRP,,,0,ZP9.5,1,up,0.0
all_atom,dual,MNILHICVTSKWFNIDNKIVDHRP,,,0,ZP9.5,2,dn,0.001
all_atom,dual,MNILHICVTSKWFNIDNKIVDHRP,,,0,ZP9.5,2,up,0.002
all_atom,dual,MNILHICVTSKWFNIDNKIVDHRP,,,0,ZP9.5,3,dn,0.004
all_atom,dual,MNILHICVTSKWFNIDNKIVDHRP,,,0,ZP9.5,3,up,0.002
all_atom,dual,MNILHICVTSKWFNIDNKIVDHRP,,,0,ZP9.5,4,dn,0.001
all_atom,dual,MNILHICVTSKWFNIDNKIVDHRP,,,0,ZP9.5,4,up,0.001
all_atom,dual,MNILHICVTSKWFNIDNKIVDHRP,,,0,ZP9.5,5,dn,0.001
all_atom,dual,MNILHICVTSKWFNIDNKIVDHRP,,,0,ZP9.5,5,up,0.0
all_atom,dual,MRAKWRKKRMRRLKRKRRKMRQRSK,,,0,APLA12.5,1,dn,61.616
all_atom,dual,MRAKWRKKRMRRLKRKRRKMRQRSK,,,0,APLA12.5,1,up,58.313
all_atom,dual,MRAKWRKKRMRRLKRKRRKMRQRSK,,,0,APLA12.5,2,dn,62.692
all_atom,dual,MRAKWRKKRMRRLKRKRRKMRQRSK,,,0,APLA12.5,2,up,58.668
all_atom,dual,MRAKWRKKRMRRLKRKRRKMRQRSK,,,0,APLA12.5,3,dn,61.339
all_atom,dual,MRAKWRKKRMRRLKRKRRKMRQRSK,,,0,APLA12.5,3,up,59.06
all_atom,dual,MRAKWRKKRMRRLKRKRRKMRQRSK,,,0,APLA12.5,4,dn,61.132
all_atom,dual,MRAKWRKKRMRRLKRKRRKMRQRSK,,,0,APLA12.5,4,up,60.358
all_atom,dual,MRAKWRKKRMRRLKRKRRKMRQRSK,,,0,APLA12.5,5,dn,60.74
all_atom,dual,MRAKWRKKRMRRLKRKRRKMRQRSK,,,0,APLA12.5,5,up,60.573
all_atom,dual,MRAKWRKKRMRRLKRKRRKMRQRSK,,,0,APLA17.5,1,dn,61.154
all_atom,dual,MRAKWRKKRMRRLKRKRRKMRQRSK,,,0,APLA17.5,1,up,58.374
all_atom,dual,MRAKWRKKRMRRLKRKRRKMRQRSK,,,0,APLA17.5,2,dn,59.797
all_atom,dual,MRAKWRKKRMRRLKRKRRKMRQRSK,,,0,APLA17.5,2,up,59.513
all_atom,dual,MRAKWRKKRMRRLKRKRRKMRQRSK,,,0,APLA17.5,3,dn,60.319
all_atom,dual,MRAKWRKKRMRRLKRKRRKMRQRSK,,,0,APLA17.5,3,up,59.018
all_atom,dual,MRAKWRKKRMRRLKRKRRKMRQRSK,,,0,APLA17.5,4,dn,60.89
all_atom,dual,MRAKWRKKRMRRLKRKRRKMRQRSK,,,0,APLA17.5,4,up,59.258
all_atom,dual,MRAKWRKKRMRRLKRKRRKMRQRSK,,,0,APLA17.5,5,dn,60.962
all_atom,dual,MRAKWRKKRMRRLKRKRRKMRQRSK,,,0,APLA17.5,5,up,60.989
all_atom,dual,MRAKWRKKRMRRLKRKRRKMRQRSK,,,0,APLA2.5,1,dn,51.28
all_atom,dual,MRAKWRKKRMRRLKRKRRKMRQRSK,,,0,APLA2.5,1,up,55.815
all_atom,dual,MRAKWRKKRMRRLKRKRRKMRQRSK,,,0,APLA2.5,2,dn,52.348
all_atom,dual,MRAKWRKKRMRRLKRKRRKMRQRSK,,,0,APLA2.5,2,up,54.986
all_atom,dual,MRAKWRKKRMRRLKRKRRKMRQRSK,,,0,APLA2.5,3,dn,55.098
all_atom,dual,MRAKWRKKRMRRLKRKRRKMRQRSK,,,0,APLA2.5,3,up,55.051
all_atom,dual,MRAKWRKKRMRRLKRKRRKMRQRSK,,,0,APLA2.5,4,dn,52.047
all_atom,dual,MRAKWRKKRMRRLKRKRRKMRQRSK,,,0,APLA2.5,4,up,53.957
all_atom,dual,MRAKWRKKRMRRLKRKRRKMRQRSK,,,0,APLA2.5,5,dn,53.306
all_atom,dual,MRAKWRKKRMRRLKRKRRKMRQRSK,,,0,APLA2.5,5,up,52.036
all_atom,dual,MRAKWRKKRMRRLKRKRRKMRQRSK,,,0,APLA7.5,1,dn,58.333
all_atom,dual,MRAKWRKKRMRRLKRKRRKMRQRSK,,,0,APLA7.5,1,up,58.148
all_atom,dual,MRAKWRKKRMRRLKRKRRKMRQRSK,,,0,APLA7.5,2,dn,61.034
all_atom,dual,MRAKWRKKRMRRLKRKRRKMRQRSK,,,0,APLA7.5,2,up,56.83
all_atom,dual,MRAKWRKKRMRRLKRKRRKMRQRSK,,,0,APLA7.5,3,dn,57.868
all_atom,dual,MRAKWRKKRMRRLKRKRRKMRQRSK,,,0,APLA7.5,3,up,58.306
all_atom,dual,MRAKWRKKRMRRLKRKRRKMRQRSK,,,0,APLA7.5,4,dn,59.316
all_atom,dual,MRAKWRKKRMRRLKRKRRKMRQRSK,,,0,APLA7.5,4,up,59.12
all_atom,dual,MRAKWRKKRMRRLKRKRRKMRQRSK,,,0,APLA7.5,5,dn,59.48
all_atom,dual,MRAKWRKKRMRRLKRKRRKMRQRSK,,,0,APLA7.5,5,up,59.953
all_atom,dual,MRAKWRKKRMRRLKRKRRKMRQRSK,,,0,APLS12.5,1,dn,3.641
all_atom,dual,MRAKWRKKRMRRLKRKRRKMRQRSK,,,0,APLS12.5,1,up,3.537
all_atom,dual,MRAKWRKKRMRRLKRKRRKMRQRSK,,,0,APLS12.5,2,dn,4.746
all_atom,dual,MRAKWRKKRMRRLKRKRRKMRQRSK,,,0,APLS12.5,2,up,3.11
all_atom,dual,MRAKWRKKRMRRLKRKRRKMRQRSK,,,0,APLS12.5,3,dn,3.892
all_atom,dual,MRAKWRKKRMRRLKRKRRKMRQRSK,,,0,APLS12.5,3,up,3.628
all_atom,dual,MRAKWRKKRMRRLKRKRRKMRQRSK,,,0,APLS12.5,4,dn,3.58
all_atom,dual,MRAKWRKKRMRRLKRKRRKMRQRSK,,,0,APLS12.5,4,up,3.935
all_atom,dual,MRAKWRKKRMRRLKRKRRKMRQRSK,,,0,APLS12.5,5,dn,4.016
all_atom,dual,MRAKWRKKRMRRLKRKRRKMRQRSK,,,0,APLS12.5,5,up,3.627
all_atom,dual,MRAKWRKKRMRRLKRKRRKMRQRSK,,,0,APLS17.5,1,dn,4.141
all_atom,dual,MRAKWRKKRMRRLKRKRRKMRQRSK,,,0,APLS17.5,1,up,3.948
all_atom,dual,MRAKWRKKRMRRLKRKRRKMRQRSK,,,0,APLS17.5,2,dn,4.634
all_atom,dual,MRAKWRKKRMRRLKRKRRKMRQRSK,,,0,APLS17.5,2,up,4.267
all_atom,dual,MRAKWRKKRMRRLKRKRRKMRQRSK,,,0,APLS17.5,3,dn,4.003
all_atom,dual,MRAKWRKKRMRRLKRKRRKMRQRSK,,,0,APLS17.5,3,up,3.713
all_atom,dual,MRAKWRKKRMRRLKRKRRKMRQRSK,,,0,APLS17.5,4,dn,3.468
all_atom,dual,MRAKWRKKRMRRLKRKRRKMRQRSK,,,0,APLS17.5,4,up,3.155
all_atom,dual,MRAKWRKKRMRRLKRKRRKMRQRSK,,,0,APLS17.5,5,dn,3.819
all_atom,dual,MRAKWRKKRMRRLKRKRRKMRQRSK,,,0,APLS17.5,5,up,4.447
all_atom,dual,MRAKWRKKRMRRLKRKRRKMRQRSK,,,0,APLS2.5,1,dn,3.128
all_atom,dual,MRAKWRKKRMRRLKRKRRKMRQRSK,,,0,APLS2.5,1,up,2.975
all_atom,dual,MRAKWRKKRMRRLKRKRRKMRQRSK,,,0,APLS2.5,2,dn,3.187
all_atom,dual,MRAKWRKKRMRRLKRKRRKMRQRSK,,,0,APLS2.5,2,up,3.243
all_atom,dual,MRAKWRKKRMRRLKRKRRKMRQRSK,,,0,APLS2.5,3,dn,3.669
all_atom,dual,MRAKWRKKRMRRLKRKRRKMRQRSK,,,0,APLS2.5,3,up,3.189
all_atom,dual,MRAKWRKKRMRRLKRKRRKMRQRSK,,,0,APLS2.5,4,dn,3.13
all_atom,dual,MRAKWRKKRMRRLKRKRRKMRQRSK,,,0,APLS2.5,4,up,2.55
all_atom,dual,MRAKWRKKRMRRLKRKRRKMRQRSK,,,0,APLS2.5,5,dn,3.187
all_atom,dual,MRAKWRKKRMRRLKRKRRKMRQRSK,,,0,APLS2.5,5,up,2.902
all_atom,dual,MRAKWRKKRMRRLKRKRRKMRQRSK,,,0,APLS7.5,1,dn,5.436
all_atom,dual,MRAKWRKKRMRRLKRKRRKMRQRSK,,,0,APLS7.5,1,up,4.038
all_atom,dual,MRAKWRKKRMRRLKRKRRKMRQRSK,,,0,APLS7.5,2,dn,4.018
all_atom,dual,MRAKWRKKRMRRLKRKRRKMRQRSK,,,0,APLS7.5,2,up,3.678
all_atom,dual,MRAKWRKKRMRRLKRKRRKMRQRSK,,,0,APLS7.5,3,dn,4.201
all_atom,dual,MRAKWRKKRMRRLKRKRRKMRQRSK,,,0,APLS7.5,3,up,4.025
all_atom,dual,MRAKWRKKRMRRLKRKRRKMRQRSK,,,0,APLS7.5,4,dn,3.96
all_atom,dual,MRAKWRKKRMRRLKRKRRKMRQRSK,,,0,APLS7.5,4,up,4.095
all_atom,dual,MRAKWRKKRMRRLKRKRRKMRQRSK,,,0,APLS7.5,5,dn,4.089
all_atom,dual,MRAKWRKKRMRRLKRKRRKMRQRSK,,,0,APLS7.5,5,up,3.416
all_atom,dual,MRAKWRKKRMRRLKRKRRKMRQRSK,,,0,H0,1,dn,0.0
all_atom,dual,MRAKWRKKRMRRLKRKRRKMRQRSK,,,0,H0,1,up,0.0
all_atom,dual,MRAKWRKKRMRRLKRKRRKMRQRSK,,,0,H0,2,dn,0.0
all_atom,dual,MRAKWRKKRMRRLKRKRRKMRQRSK,,,0,H0,2,up,0.0
all_atom,dual,MRAKWRKKRMRRLKRKRRKMRQRSK,,,0,H0,3,dn,0.0
all_atom,dual,MRAKWRKKRMRRLKRKRRKMRQRSK,,,0,H0,3,up,0.0
all_atom,dual,MRAKWRKKRMRRLKRKRRKMRQRSK,,,0,H0,4,dn,0.0
all_atom,dual,MRAKWRKKRMRRLKRKRRKMRQRSK,,,0,H0,4,up,0.0
all_atom,dual,MRAKWRKKRMRRLKRKRRKMRQRSK,,,0,H0,5,dn,0.0
all_atom,dual,MRAKWRKKRMRRLKRKRRKMRQRSK,,,0,H0,5,up,0.0
all_atom,dual,MRAKWRKKRMRRLKRKRRKMRQRSK,,,0,H1,1,dn,0.822
all_atom,dual,MRAKWRKKRMRRLKRKRRKMRQRSK,,,0,H1,1,up,0.63
all_atom,dual,MRAKWRKKRMRRLKRKRRKMRQRSK,,,0,H1,2,dn,0.673
all_atom,dual,MRAKWRKKRMRRLKRKRRKMRQRSK,,,0,H1,2,up,0.178
all_atom,dual,MRAKWRKKRMRRLKRKRRKMRQRSK,,,0,H1,3,dn,0.952
all_atom,dual,MRAKWRKKRMRRLKRKRRKMRQRSK,,,0,H1,3,up,0.0
all_atom,dual,MRAKWRKKRMRRLKRKRRKMRQRSK,,,0,H1,4,dn,0.186
all_atom,dual,MRAKWRKKRMRRLKRKRRKMRQRSK,,,0,H1,4,up,0.0
all_atom,dual,MRAKWRKKRMRRLKRKRRKMRQRSK,,,0,H1,5,dn,0.0
all_atom,dual,MRAKWRKKRMRRLKRKRRKMRQRSK,,,0,H1,5,up,0.0
all_atom,dual,MRAKWRKKRMRRLKRKRRKMRQRSK,,,0,H10,1,dn,0.0
all_atom,dual,MRAKWRKKRMRRLKRKRRKMRQRSK,,,0,H10,1,up,0.0
all_atom,dual,MRAKWRKKRMRRLKRKRRKMRQRSK,,,0,H10,2,dn,0.0
all_atom,dual,MRAKWRKKRMRRLKRKRRKMRQRSK,,,0,H10,2,up,0.0
all_atom,dual,MRAKWRKKRMRRLKRKRRKMRQRSK,,,0,H10,3,dn,0.0
all_atom,dual,MRAKWRKKRMRRLKRKRRKMRQRSK,,,0,H10,3,up,0.0
all_atom,dual,MRAKWRKKRMRRLKRKRRKMRQRSK,,,0,H10,4,dn,0.0
all_atom,dual,MRAKWRKKRMRRLKRKRRKMRQRSK,,,0,H10,4,up,0.0
all_atom,dual,MRAKWRKKRMRRLKRKRRKMRQRSK,,,0,H10,5,dn,0.0
all_atom,dual,MRAKWRKKRMRRLKRKRRKMRQRSK,,,0,H10,5,up,0.0
all_atom,dual,MRAKWRKKRMRRLKRKRRKMRQRSK,,,0,H2,1,dn,1.0
all_atom,dual,MRAKWRKKRMRRLKRKRRKMRQRSK,,,0,H2,1,up,0.756
all_atom,dual,MRAKWRKKRMRRLKRKRRKMRQRSK,,,0,H2,2,dn,1.0
all_atom,dual,MRAKWRKKRMRRLKRKRRKMRQRSK,,,0,H2,2,up,0.828
all_atom,dual,MRAKWRKKRMRRLKRKRRKMRQRSK,,,0,H2,3,dn,1.0
all_atom,dual,MRAKWRKKRMRRLKRKRRKMRQRSK,,,0,H2,3,up,0.857
all_atom,dual,MRAKWRKKRMRRLKRKRRKMRQRSK,,,0,H2,4,dn,0.754
all_atom,dual,MRAKWRKKRMRRLKRKRRKMRQRSK,,,0,H2,4,up,0.95
all_atom,dual,MRAKWRKKRMRRLKRKRRKMRQRSK,,,0,H2,5,dn,0.64
all_atom,dual,MRAKWRKKRMRRLKRKRRKMRQRSK,,,0,H2,5,up,0.954
all_atom,dual,MRAKWRKKRMRRLKRKRRKMRQRSK,,,0,H3,1,dn,1.0
all_atom,dual,MRAKWRKKRMRRLKRKRRKMRQRSK,,,0,H3,1,up,1.0
all_atom,dual,MRAKWRKKRMRRLKRKRRKMRQRSK,,,0,H3,2,dn,1.0
all_atom,dual,MRAKWRKKRMRRLKRKRRKMRQRSK,,,0,H3,2,up,1.0
all_atom,dual,MRAKWRKKRMRRLKRKRRKMRQRSK,,,0,H3,3,dn,1.0
all_atom,dual,MRAKWRKKRMRRLKRKRRKMRQRSK,,,0,H3,3,up,1.0
all_atom,dual,MRAKWRKKRMRRLKRKRRKMRQRSK,,,0,H3,4,dn,1.0
all_atom,dual,MRAKWRKKRMRRLKRKRRKMRQRSK,,,0,H3,4,up,1.0
all_atom,dual,MRAKWRKKRMRRLKRKRRKMRQRSK,,,0,H3,5,dn,1.0
all_atom,dual,MRAKWRKKRMRRLKRKRRKMRQRSK,,,0,H3,5,up,1.0
all_atom,dual,MRAKWRKKRMRRLKRKRRKMRQRSK,,,0,H4,1,dn,1.0
all_atom,dual,MRAKWRKKRMRRLKRKRRKMRQRSK,,,0,H4,1,up,1.0
all_atom,dual,MRAKWRKKRMRRLKRKRRKMRQRSK,,,0,H4,2,dn,1.0
all_atom,dual,MRAKWRKKRMRRLKRKRRKMRQRSK,,,0,H4,2,up,1.0
all_atom,dual,MRAKWRKKRMRRLKRKRRKMRQRSK,,,0,H4,3,dn,1.0
all_atom,dual,MRAKWRKKRMRRLKRKRRKMRQRSK,,,0,H4,3,up,1.0
all_atom,dual,MRAKWRKKRMRRLKRKRRKMRQRSK,,,0,H4,4,dn,1.0
all_atom,dual,MRAKWRKKRMRRLKRKRRKMRQRSK,,,0,H4,4,up,1.0
all_atom,dual,MRAKWRKKRMRRLKRKRRKMRQRSK,,,0,H4,5,dn,1.0
all_atom,dual,MRAKWRKKRMRRLKRKRRKMRQRSK,,,0,H4,5,up,1.0
all_atom,dual,MRAKWRKKRMRRLKRKRRKMRQRSK,,,0,H5,1,dn,1.0
all_atom,dual,MRAKWRKKRMRRLKRKRRKMRQRSK,,,0,H5,1,up,1.0
all_atom,dual,MRAKWRKKRMRRLKRKRRKMRQRSK,,,0,H5,2,dn,1.0
all_atom,dual,MRAKWRKKRMRRLKRKRRKMRQRSK,,,0,H5,2,up,1.0
all_atom,dual,MRAKWRKKRMRRLKRKRRKMRQRSK,,,0,H5,3,dn,1.0
all_atom,dual,MRAKWRKKRMRRLKRKRRKMRQRSK,,,0,H5,3,up,1.0
all_atom,dual,MRAKWRKKRMRRLKRKRRKMRQRSK,,,0,H5,4,dn,1.0
all_atom,dual,MRAKWRKKRMRRLKRKRRKMRQRSK,,,0,H5,4,up,1.0
all_atom,dual,MRAKWRKKRMRRLKRKRRKMRQRSK,,,0,H5,5,dn,1.0
all_atom,dual,MRAKWRKKRMRRLKRKRRKMRQRSK,,,0,H5,5,up,1.0
all_atom,dual,MRAKWRKKRMRRLKRKRRKMRQRSK,,,0,H6,1,dn,0.992
all_atom,dual,MRAKWRKKRMRRLKRKRRKMRQRSK,,,0,H6,1,up,1.0
all_atom,dual,MRAKWRKKRMRRLKRKRRKMRQRSK,,,0,H6,2,dn,0.98
all_atom,dual,MRAKWRKKRMRRLKRKRRKMRQRSK,,,0,H6,2,up,1.0
all_atom,dual,MRAKWRKKRMRRLKRKRRKMRQRSK,,,0,H6,3,dn,1.0
all_atom,dual,MRAKWRKKRMRRLKRKRRKMRQRSK,,,0,H6,3,up,1.0
all_atom,dual,MRAKWRKKRMRRLKRKRRKMRQRSK,,,0,H6,4,dn,1.0
all_atom,dual,MRAKWRKKRMRRLKRKRRKMRQRSK,,,0,H6,4,up,1.0
all_atom,dual,MRAKWRKKRMRRLKRKRRKMRQRSK,,,0,H6,5,dn,0.992
all_atom,dual,MRAKWRKKRMRRLKRKRRKMRQRSK,,,0,H6,5,up,1.0
all_atom,dual,MRAKWRKKRMRRLKRKRRKMRQRSK,,,0,H7,1,dn,0.95
all_atom,dual,MRAKWRKKRMRRLKRKRRKMRQRSK,,,0,H7,1,up,0.931
all_atom,dual,MRAKWRKKRMRRLKRKRRKMRQRSK,,,0,H7,2,dn,0.766
all_atom,dual,MRAKWRKKRMRRLKRKRRKMRQRSK,,,0,H7,2,up,1.0
all_atom,dual,MRAKWRKKRMRRLKRKRRKMRQRSK,,,0,H7,3,dn,1.0
all_atom,dual,MRAKWRKKRMRRLKRKRRKMRQRSK,,,0,H7,3,up,1.0
all_atom,dual,MRAKWRKKRMRRLKRKRRKMRQRSK,,,0,H7,4,dn,0.966
all_atom,dual,MRAKWRKKRMRRLKRKRRKMRQRSK,,,0,H7,4,up,1.0
all_atom,dual,MRAKWRKKRMRRLKRKRRKMRQRSK,,,0,H7,5,dn,0.933
all_atom,dual,MRAKWRKKRMRRLKRKRRKMRQRSK,,,0,H7,5,up,0.986
all_atom,dual,MRAKWRKKRMRRLKRKRRKMRQRSK,,,0,H8,1,dn,0.78
all_atom,dual,MRAKWRKKRMRRLKRKRRKMRQRSK,,,0,H8,1,up,0.867
all_atom,dual,MRAKWRKKRMRRLKRKRRKMRQRSK,,,0,H8,2,dn,0.477
all_atom,dual,MRAKWRKKRMRRLKRKRRKMRQRSK,,,0,H8,2,up,0.966
all_atom,dual,MRAKWRKKRMRRLKRKRRKMRQRSK,,,0,H8,3,dn,0.76
all_atom,dual,MRAKWRKKRMRRLKRKRRKMRQRSK,,,0,H8,3,up,0.974
all_atom,dual,MRAKWRKKRMRRLKRKRRKMRQRSK,,,0,H8,4,dn,0.721
all_atom,dual,MRAKWRKKRMRRLKRKRRKMRQRSK,,,0,H8,4,up,0.941
all_atom,dual,MRAKWRKKRMRRLKRKRRKMRQRSK,,,0,H8,5,dn,0.697
all_atom,dual,MRAKWRKKRMRRLKRKRRKMRQRSK,,,0,H8,5,up,0.832
all_atom,dual,MRAKWRKKRMRRLKRKRRKMRQRSK,,,0,H9,1,dn,0.537
all_atom,dual,MRAKWRKKRMRRLKRKRRKMRQRSK,,,0,H9,1,up,0.657
all_atom,dual,MRAKWRKKRMRRLKRKRRKMRQRSK,,,0,H9,2,dn,0.0
all_atom,dual,MRAKWRKKRMRRLKRKRRKMRQRSK,,,0,H9,2,up,0.459
all_atom,dual,MRAKWRKKRMRRLKRKRRKMRQRSK,,,0,H9,3,dn,0.0
all_atom,dual,MRAKWRKKRMRRLKRKRRKMRQRSK,,,0,H9,3,up,0.297
all_atom,dual,MRAKWRKKRMRRLKRKRRKMRQRSK,,,0,H9,4,dn,0.0
all_atom,dual,MRAKWRKKRMRRLKRKRRKMRQRSK,,,0,H9,4,up,0.004
all_atom,dual,MRAKWRKKRMRRLKRKRRKMRQRSK,,,0,H9,5,dn,0.0
all_atom,dual,MRAKWRKKRMRRLKRKRRKMRQRSK,,,0,H9,5,up,0.0
all_atom,dual,MRAKWRKKRMRRLKRKRRKMRQRSK,,,0,HM,1,dn,0.787
all_atom,dual,MRAKWRKKRMRRLKRKRRKMRQRSK,,,0,HM,1,up,0.759
all_atom,dual,MRAKWRKKRMRRLKRKRRKMRQRSK,,,0,HM,2,dn,0.653
all_atom,dual,MRAKWRKKRMRRLKRKRRKMRQRSK,,,0,HM,2,up,0.694
all_atom,dual,MRAKWRKKRMRRLKRKRRKMRQRSK,,,0,HM,3,dn,0.713
all_atom,dual,MRAKWRKKRMRRLKRKRRKMRQRSK,,,0,HM,3,up,0.678
all_atom,dual,MRAKWRKKRMRRLKRKRRKMRQRSK,,,0,HM,4,dn,0.624
all_atom,dual,MRAKWRKKRMRRLKRKRRKMRQRSK,,,0,HM,4,up,0.663
all_atom,dual,MRAKWRKKRMRRLKRKRRKMRQRSK,,,0,HM,5,dn,0.571
all_atom,dual,MRAKWRKKRMRRLKRKRRKMRQRSK,,,0,HM,5,up,0.648
all_atom,dual,MRAKWRKKRMRRLKRKRRKMRQRSK,,,0,PEPT_BUR_MAX,1,dn,12.99
all_atom,dual,MRAKWRKKRMRRLKRKRRKMRQRSK,,,0,PEPT_BUR_MAX,1,up,13.34
all_atom,dual,MRAKWRKKRMRRLKRKRRKMRQRSK,,,0,PEPT_BUR_MAX,2,dn,13.3
all_atom,dual,MRAKWRKKRMRRLKRKRRKMRQRSK,,,0,PEPT_BUR_MAX,2,up,13.8
all_atom,dual,MRAKWRKKRMRRLKRKRRKMRQRSK,,,0,PEPT_BUR_MAX,3,dn,14.69
all_atom,dual,MRAKWRKKRMRRLKRKRRKMRQRSK,,,0,PEPT_BUR_MAX,3,up,13.79
all_atom,dual,MRAKWRKKRMRRLKRKRRKMRQRSK,,,0,PEPT_BUR_MAX,4,dn,12.48
all_atom,dual,MRAKWRKKRMRRLKRKRRKMRQRSK,,,0,PEPT_BUR_MAX,4,up,15.17
all_atom,dual,MRAKWRKKRMRRLKRKRRKMRQRSK,,,0,PEPT_BUR_MAX,5,dn,7.58
all_atom,dual,MRAKWRKKRMRRLKRKRRKMRQRSK,,,0,PEPT_BUR_MAX,5,up,13.28
all_atom,dual,MRAKWRKKRMRRLKRKRRKMRQRSK,,,0,S,1,dn,0.217
all_atom,dual,MRAKWRKKRMRRLKRKRRKMRQRSK,,,0,S,1,up,0.162
all_atom,dual,MRAKWRKKRMRRLKRKRRKMRQRSK,,,0,S,2,dn,0.259
all_atom,dual,MRAKWRKKRMRRLKRKRRKMRQRSK,,,0,S,2,up,0.228
all_atom,dual,MRAKWRKKRMRRLKRKRRKMRQRSK,,,0,S,3,dn,0.255
all_atom,dual,MRAKWRKKRMRRLKRKRRKMRQRSK,,,0,S,3,up,0.115
all_atom,dual,MRAKWRKKRMRRLKRKRRKMRQRSK,,,0,S,4,dn,0.218
all_atom,dual,MRAKWRKKRMRRLKRKRRKMRQRSK,,,0,S,4,up,0.151
all_atom,dual,MRAKWRKKRMRRLKRKRRKMRQRSK,,,0,S,5,dn,0.434
all_atom,dual,MRAKWRKKRMRRLKRKRRKMRQRSK,,,0,S,5,up,0.286
all_atom,dual,MRAKWRKKRMRRLKRKRRKMRQRSK,,,0,WAT_BUR_MAX,1,dn,10.03
all_atom,dual,MRAKWRKKRMRRLKRKRRKMRQRSK,,,0,WAT_BUR_MAX,1,up,10.38
all_atom,dual,MRAKWRKKRMRRLKRKRRKMRQRSK,,,0,WAT_BUR_MAX,2,dn,10.85
all_atom,dual,MRAKWRKKRMRRLKRKRRKMRQRSK,,,0,WAT_BUR_MAX,2,up,11.29
all_atom,dual,MRAKWRKKRMRRLKRKRRKMRQRSK,,,0,WAT_BUR_MAX,3,dn,11.13
all_atom,dual,MRAKWRKKRMRRLKRKRRKMRQRSK,,,0,WAT_BUR_MAX,3,up,10.85
all_atom,dual,MRAKWRKKRMRRLKRKRRKMRQRSK,,,0,WAT_BUR_MAX,4,dn,10.37
all_atom,dual,MRAKWRKKRMRRLKRKRRKMRQRSK,,,0,WAT_BUR_MAX,4,up,12.17
all_atom,dual,MRAKWRKKRMRRLKRKRRKMRQRSK,,,0,WAT_BUR_MAX,5,dn,9.3
all_atom,dual,MRAKWRKKRMRRLKRKRRKMRQRSK,,,0,WAT_BUR_MAX,5,up,10.92
all_atom,dual,MRAKWRKKRMRRLKRKRRKMRQRSK,,,0,WAT_BUR_REL,1,dn,-2.12
all_atom,dual,MRAKWRKKRMRRLKRKRRKMRQRSK,,,0,WAT_BUR_REL,1,up,-2.61
all_atom,dual,MRAKWRKKRMRRLKRKRRKMRQRSK,,,0,WAT_BUR_REL,2,dn,-2.23
all_atom,dual,MRAKWRKKRMRRLKRKRRKMRQRSK,,,0,WAT_BUR_REL,2,up,-2.28
all_atom,dual,MRAKWRKKRMRRLKRKRRKMRQRSK,,,0,WAT_BUR_REL,3,dn,-2.22
all_atom,dual,MRAKWRKKRMRRLKRKRRKMRQRSK,,,0,WAT_BUR_REL,3,up,-2.31
all_atom,dual,MRAKWRKKRMRRLKRKRRKMRQRSK,,,0,WAT_BUR_REL,4,dn,-2.15
all_atom,dual,MRAKWRKKRMRRLKRKRRKMRQRSK,,,0,WAT_BUR_REL,4,up,-2.45
all_atom,dual,MRAKWRKKRMRRLKRKRRKMRQRSK,,,0,WAT_BUR_REL,5,dn,-1.36
all_atom,dual,MRAKWRKKRMRRLKRKRRKMRQRSK,,,0,WAT_BUR_REL,5,up,-2.23
all_atom,dual,MRAKWRKKRMRRLKRKRRKMRQRSK,,,0,ZP-0.5,1,dn,0.142
all_atom,dual,MRAKWRKKRMRRLKRKRRKMRQRSK,,,0,ZP-0.5,1,up,0.137
all_atom,dual,MRAKWRKKRMRRLKRKRRKMRQRSK,,,0,ZP-0.5,2,dn,0.11
all_atom,dual,MRAKWRKKRMRRLKRKRRKMRQRSK,,,0,ZP-0.5,2,up,0.107
all_atom,dual,MRAKWRKKRMRRLKRKRRKMRQRSK,,,0,ZP-0.5,3,dn,0.117
all_atom,dual,MRAKWRKKRMRRLKRKRRKMRQRSK,,,0,ZP-0.5,3,up,0.139
all_atom,dual,MRAKWRKKRMRRLKRKRRKMRQRSK,,,0,ZP-0.5,4,dn,0.143
all_atom,dual,MRAKWRKKRMRRLKRKRRKMRQRSK,,,0,ZP-0.5,4,up,0.12
all_atom,dual,MRAKWRKKRMRRLKRKRRKMRQRSK,,,0,ZP-0.5,5,dn,0.105
all_atom,dual,MRAKWRKKRMRRLKRKRRKMRQRSK,,,0,ZP-0.5,5,up,0.106
all_atom,dual,MRAKWRKKRMRRLKRKRRKMRQRSK,,,0,ZP-1.5,1,dn,0.162
all_atom,dual,MRAKWRKKRMRRLKRKRRKMRQRSK,,,0,ZP-1.5,1,up,0.126
all_atom,dual,MRAKWRKKRMRRLKRKRRKMRQRSK,,,0,ZP-1.5,2,dn,0.13
all_atom,dual,MRAKWRKKRMRRLKRKRRKMRQRSK,,,0,ZP-1.5,2,up,0.143
all_atom,dual,MRAKWRKKRMRRLKRKRRKMRQRSK,,,0,ZP-1.5,3,dn,0.148
all_atom,dual,MRAKWRKKRMRRLKRKRRKMRQRSK,,,0,ZP-1.5,3,up,0.163
all_atom,dual,MRAKWRKKRMRRLKRKRRKMRQRSK,,,0,ZP-1.5,4,dn,0.136
all_atom,dual,MRAKWRKKRMRRLKRKRRKMRQRSK,,,0,ZP-1.5,4,up,0.134
all_atom,dual,MRAKWRKKRMRRLKRKRRKMRQRSK,,,0,ZP-1.5,5,dn,0.12
all_atom,dual,MRAKWRKKRMRRLKRKRRKMRQRSK,,,0,ZP-1.5,5,up,0.103
all_atom,dual,MRAKWRKKRMRRLKRKRRKMRQRSK,,,0,ZP-2.5,1,dn,0.142
all_atom,dual,MRAKWRKKRMRRLKRKRRKMRQRSK,,,0,ZP-2.5,1,up,0.107
all_atom,dual,MRAKWRKKRMRRLKRKRRKMRQRSK,,,0,ZP-2.5,2,dn,0.14
all_atom,dual,MRAKWRKKRMRRLKRKRRKMRQRSK,,,0,ZP-2.5,2,up,0.152
all_atom,dual,MRAKWRKKRMRRLKRKRRKMRQRSK,,,0,ZP-2.5,3,dn,0.136
all_atom,dual,MRAKWRKKRMRRLKRKRRKMRQRSK,,,0,ZP-2.5,3,up,0.146
all_atom,dual,MRAKWRKKRMRRLKRKRRKMRQRSK,,,0,ZP-2.5,4,dn,0.127
all_atom,dual,MRAKWRKKRMRRLKRKRRKMRQRSK,,,0,ZP-2.5,4,up,0.123
all_atom,dual,MRAKWRKKRMRRLKRKRRKMRQRSK,,,0,ZP-2.5,5,dn,0.134
all_atom,dual,MRAKWRKKRMRRLKRKRRKMRQRSK,,,0,ZP-2.5,5,up,0.123
all_atom,dual,MRAKWRKKRMRRLKRKRRKMRQRSK,,,0,ZP-3.5,1,dn,0.119
all_atom,dual,MRAKWRKKRMRRLKRKRRKMRQRSK,,,0,ZP-3.5,1,up,0.095
all_atom,dual,MRAKWRKKRMRRLKRKRRKMRQRSK,,,0,ZP-3.5,2,dn,0.127
all_atom,dual,MRAKWRKKRMRRLKRKRRKMRQRSK,,,0,ZP-3.5,2,up,0.128
all_atom,dual,MRAKWRKKRMRRLKRKRRKMRQRSK,,,0,ZP-3.5,3,dn,0.104
all_atom,dual,MRAKWRKKRMRRLKRKRRKMRQRSK,,,0,ZP-3.5,3,up,0.11
all_atom,dual,MRAKWRKKRMRRLKRKRRKMRQRSK,,,0,ZP-3.5,4,dn,0.105
all_atom,dual,MRAKWRKKRMRRLKRKRRKMRQRSK,,,0,ZP-3.5,4,up,0.125
all_atom,dual,MRAKWRKKRMRRLKRKRRKMRQRSK,,,0,ZP-3.5,5,dn,0.122
all_atom,dual,MRAKWRKKRMRRLKRKRRKMRQRSK,,,0,ZP-3.5,5,up,0.111
all_atom,dual,MRAKWRKKRMRRLKRKRRKMRQRSK,,,0,ZP-4.5,1,dn,0.094
all_atom,dual,MRAKWRKKRMRRLKRKRRKMRQRSK,,,0,ZP-4.5,1,up,0.061
all_atom,dual,MRAKWRKKRMRRLKRKRRKMRQRSK,,,0,ZP-4.5,2,dn,0.09
all_atom,dual,MRAKWRKKRMRRLKRKRRKMRQRSK,,,0,ZP-4.5,2,up,0.107
all_atom,dual,MRAKWRKKRMRRLKRKRRKMRQRSK,,,0,ZP-4.5,3,dn,0.098
all_atom,dual,MRAKWRKKRMRRLKRKRRKMRQRSK,,,0,ZP-4.5,3,up,0.09
all_atom,dual,MRAKWRKKRMRRLKRKRRKMRQRSK,,,0,ZP-4.5,4,dn,0.067
all_atom,dual,MRAKWRKKRMRRLKRKRRKMRQRSK,,,0,ZP-4.5,4,up,0.091
all_atom,dual,MRAKWRKKRMRRLKRKRRKMRQRSK,,,0,ZP-4.5,5,dn,0.108
all_atom,dual,MRAKWRKKRMRRLKRKRRKMRQRSK,,,0,ZP-4.5,5,up,0.097
all_atom,dual,MRAKWRKKRMRRLKRKRRKMRQRSK,,,0,ZP-5.5,1,dn,0.045
all_atom,dual,MRAKWRKKRMRRLKRKRRKMRQRSK,,,0,ZP-5.5,1,up,0.042
all_atom,dual,MRAKWRKKRMRRLKRKRRKMRQRSK,,,0,ZP-5.5,2,dn,0.072
all_atom,dual,MRAKWRKKRMRRLKRKRRKMRQRSK,,,0,ZP-5.5,2,up,0.068
all_atom,dual,MRAKWRKKRMRRLKRKRRKMRQRSK,,,0,ZP-5.5,3,dn,0.063
all_atom,dual,MRAKWRKKRMRRLKRKRRKMRQRSK,,,0,ZP-5.5,3,up,0.05
all_atom,dual,MRAKWRKKRMRRLKRKRRKMRQRSK,,,0,ZP-5.5,4,dn,0.059
all_atom,dual,MRAKWRKKRMRRLKRKRRKMRQRSK,,,0,ZP-5.5,4,up,0.067
all_atom,dual,MRAKWRKKRMRRLKRKRRKMRQRSK,,,0,ZP-5.5,5,dn,0.082
all_atom,dual,MRAKWRKKRMRRLKRKRRKMRQRSK,,,0,ZP-5.5,5,up,0.086
all_atom,dual,MRAKWRKKRMRRLKRKRRKMRQRSK,,,0,ZP-6.5,1,dn,0.031
all_atom,dual,MRAKWRKKRMRRLKRKRRKMRQRSK,,,0,ZP-6.5,1,up,0.017
all_atom,dual,MRAKWRKKRMRRLKRKRRKMRQRSK,,,0,ZP-6.5,2,dn,0.038
all_atom,dual,MRAKWRKKRMRRLKRKRRKMRQRSK,,,0,ZP-6.5,2,up,0.038
all_atom,dual,MRAKWRKKRMRRLKRKRRKMRQRSK,,,0,ZP-6.5,3,dn,0.027
all_atom,dual,MRAKWRKKRMRRLKRKRRKMRQRSK,,,0,ZP-6.5,3,up,0.018
all_atom,dual,MRAKWRKKRMRRLKRKRRKMRQRSK,,,0,ZP-6.5,4,dn,0.029
all_atom,dual,MRAKWRKKRMRRLKRKRRKMRQRSK,,,0,ZP-6.5,4,up,0.045
all_atom,dual,MRAKWRKKRMRRLKRKRRKMRQRSK,,,0,ZP-6.5,5,dn,0.073
all_atom,dual,MRAKWRKKRMRRLKRKRRKMRQRSK,,,0,ZP-6.5,5,up,0.069
all_atom,dual,MRAKWRKKRMRRLKRKRRKMRQRSK,,,0,ZP-7.5,1,dn,0.019
all_atom,dual,MRAKWRKKRMRRLKRKRRKMRQRSK,,,0,ZP-7.5,1,up,0.014
all_atom,dual,MRAKWRKKRMRRLKRKRRKMRQRSK,,,0,ZP-7.5,2,dn,0.023
all_atom,dual,MRAKWRKKRMRRLKRKRRKMRQRSK,,,0,ZP-7.5,2,up,0.022
all_atom,dual,MRAKWRKKRMRRLKRKRRKMRQRSK,,,0,ZP-7.5,3,dn,0.01
all_atom,dual,MRAKWRKKRMRRLKRKRRKMRQRSK,,,0,ZP-7.5,3,up,0.006
all_atom,dual,MRAKWRKKRMRRLKRKRRKMRQRSK,,,0,ZP-7.5,4,dn,0.015
all_atom,dual,MRAKWRKKRMRRLKRKRRKMRQRSK,,,0,ZP-7.5,4,up,0.022
all_atom,dual,MRAKWRKKRMRRLKRKRRKMRQRSK,,,0,ZP-7.5,5,dn,0.05
all_atom,dual,MRAKWRKKRMRRLKRKRRKMRQRSK,,,0,ZP-7.5,5,up,0.051
all_atom,dual,MRAKWRKKRMRRLKRKRRKMRQRSK,,,0,ZP-8.5,1,dn,0.008
all_atom,dual,MRAKWRKKRMRRLKRKRRKMRQRSK,,,0,ZP-8.5,1,up,0.008
all_atom,dual,MRAKWRKKRMRRLKRKRRKMRQRSK,,,0,ZP-8.5,2,dn,0.01
all_atom,dual,MRAKWRKKRMRRLKRKRRKMRQRSK,,,0,ZP-8.5,2,up,0.007
all_atom,dual,MRAKWRKKRMRRLKRKRRKMRQRSK,,,0,ZP-8.5,3,dn,0.005
all_atom,dual,MRAKWRKKRMRRLKRKRRKMRQRSK,,,0,ZP-8.5,3,up,0.003
all_atom,dual,MRAKWRKKRMRRLKRKRRKMRQRSK,,,0,ZP-8.5,4,dn,0.003
all_atom,dual,MRAKWRKKRMRRLKRKRRKMRQRSK,,,0,ZP-8.5,4,up,0.015
all_atom,dual,MRAKWRKKRMRRLKRKRRKMRQRSK,,,0,ZP-8.5,5,dn,0.032
all_atom,dual,MRAKWRKKRMRRLKRKRRKMRQRSK,,,0,ZP-8.5,5,up,0.031
all_atom,dual,MRAKWRKKRMRRLKRKRRKMRQRSK,,,0,ZP-9.5,1,dn,0.003
all_atom,dual,MRAKWRKKRMRRLKRKRRKMRQRSK,,,0,ZP-9.5,1,up,0.005
all_atom,dual,MRAKWRKKRMRRLKRKRRKMRQRSK,,,0,ZP-9.5,2,dn,0.004
all_atom,dual,MRAKWRKKRMRRLKRKRRKMRQRSK,,,0,ZP-9.5,2,up,0.003
all_atom,dual,MRAKWRKKRMRRLKRKRRKMRQRSK,,,0,ZP-9.5,3,dn,0.003
all_atom,dual,MRAKWRKKRMRRLKRKRRKMRQRSK,,,0,ZP-9.5,3,up,0.001
all_atom,dual,MRAKWRKKRMRRLKRKRRKMRQRSK,,,0,ZP-9.5,4,dn,0.001
all_atom,dual,MRAKWRKKRMRRLKRKRRKMRQRSK,,,0,ZP-9.5,4,up,0.002
all_atom,dual,MRAKWRKKRMRRLKRKRRKMRQRSK,,,0,ZP-9.5,5,dn,0.012
all_atom,dual,MRAKWRKKRMRRLKRKRRKMRQRSK,,,0,ZP-9.5,5,up,0.016
all_atom,dual,MRAKWRKKRMRRLKRKRRKMRQRSK,,,0,ZP0.5,1,dn,0.115
all_atom,dual,MRAKWRKKRMRRLKRKRRKMRQRSK,,,0,ZP0.5,1,up,0.121
all_atom,dual,MRAKWRKKRMRRLKRKRRKMRQRSK,,,0,ZP0.5,2,dn,0.09
all_atom,dual,MRAKWRKKRMRRLKRKRRKMRQRSK,,,0,ZP0.5,2,up,0.098
all_atom,dual,MRAKWRKKRMRRLKRKRRKMRQRSK,,,0,ZP0.5,3,dn,0.119
all_atom,dual,MRAKWRKKRMRRLKRKRRKMRQRSK,,,0,ZP0.5,3,up,0.121
all_atom,dual,MRAKWRKKRMRRLKRKRRKMRQRSK,,,0,ZP0.5,4,dn,0.118
all_atom,dual,MRAKWRKKRMRRLKRKRRKMRQRSK,,,0,ZP0.5,4,up,0.106
all_atom,dual,MRAKWRKKRMRRLKRKRRKMRQRSK,,,0,ZP0.5,5,dn,0.079
all_atom,dual,MRAKWRKKRMRRLKRKRRKMRQRSK,,,0,ZP0.5,5,up,0.087
all_atom,dual,MRAKWRKKRMRRLKRKRRKMRQRSK,,,0,ZP1.5,1,dn,0.053
all_atom,dual,MRAKWRKKRMRRLKRKRRKMRQRSK,,,0,ZP1.5,1,up,0.116
all_atom,dual,MRAKWRKKRMRRLKRKRRKMRQRSK,,,0,ZP1.5,2,dn,0.073
all_atom,dual,MRAKWRKKRMRRLKRKRRKMRQRSK,,,0,ZP1.5,2,up,0.067
all_atom,dual,MRAKWRKKRMRRLKRKRRKMRQRSK,,,0,ZP1.5,3,dn,0.086
all_atom,dual,MRAKWRKKRMRRLKRKRRKMRQRSK,,,0,ZP1.5,3,up,0.077
all_atom,dual,MRAKWRKKRMRRLKRKRRKMRQRSK,,,0,ZP1.5,4,dn,0.083
all_atom,dual,MRAKWRKKRMRRLKRKRRKMRQRSK,,,0,ZP1.5,4,up,0.078
all_atom,dual,MRAKWRKKRMRRLKRKRRKMRQRSK,,,0,ZP1.5,5,dn,0.046
all_atom,dual,MRAKWRKKRMRRLKRKRRKMRQRSK,,,0,ZP1.5,5,up,0.067
all_atom,dual,MRAKWRKKRMRRLKRKRRKMRQRSK,,,0,ZP2.5,1,dn,0.035
all_atom,dual,MRAKWRKKRMRRLKRKRRKMRQRSK,,,0,ZP2.5,1,up,0.07
all_atom,dual,MRAKWRKKRMRRLKRKRRKMRQRSK,,,0,ZP2.5,2,dn,0.048
all_atom,dual,MRAKWRKKRMRRLKRKRRKMRQRSK,,,0,ZP2.5,2,up,0.037
all_atom,dual,MRAKWRKKRMRRLKRKRRKMRQRSK,,,0,ZP2.5,3,dn,0.047
all_atom,dual,MRAKWRKKRMRRLKRKRRKMRQRSK,,,0,ZP2.5,3,up,0.039
all_atom,dual,MRAKWRKKRMRRLKRKRRKMRQRSK,,,0,ZP2.5,4,dn,0.065
all_atom,dual,MRAKWRKKRMRRLKRKRRKMRQRSK,,,0,ZP2.5,4,up,0.041
all_atom,dual,MRAKWRKKRMRRLKRKRRKMRQRSK,,,0,ZP2.5,5,dn,0.023
all_atom,dual,MRAKWRKKRMRRLKRKRRKMRQRSK,,,0,ZP2.5,5,up,0.03
all_atom,dual,MRAKWRKKRMRRLKRKRRKMRQRSK,,,0,ZP3.5,1,dn,0.021
all_atom,dual,MRAKWRKKRMRRLKRKRRKMRQRSK,,,0,ZP3.5,1,up,0.047
all_atom,dual,MRAKWRKKRMRRLKRKRRKMRQRSK,,,0,ZP3.5,2,dn,0.022
all_atom,dual,MRAKWRKKRMRRLKRKRRKMRQRSK,,,0,ZP3.5,2,up,0.014
all_atom,dual,MRAKWRKKRMRRLKRKRRKMRQRSK,,,0,ZP3.5,3,dn,0.019
all_atom,dual,MRAKWRKKRMRRLKRKRRKMRQRSK,,,0,ZP3.5,3,up,0.023
all_atom,dual,MRAKWRKKRMRRLKRKRRKMRQRSK,,,0,ZP3.5,4,dn,0.032
all_atom,dual,MRAKWRKKRMRRLKRKRRKMRQRSK,,,0,ZP3.5,4,up,0.022
all_atom,dual,MRAKWRKKRMRRLKRKRRKMRQRSK,,,0,ZP3.5,5,dn,0.01
all_atom,dual,MRAKWRKKRMRRLKRKRRKMRQRSK,,,0,ZP3.5,5,up,0.015
all_atom,dual,MRAKWRKKRMRRLKRKRRKMRQRSK,,,0,ZP4.5,1,dn,0.008
all_atom,dual,MRAKWRKKRMRRLKRKRRKMRQRSK,,,0,ZP4.5,1,up,0.023
all_atom,dual,MRAKWRKKRMRRLKRKRRKMRQRSK,,,0,ZP4.5,2,dn,0.016
all_atom,dual,MRAKWRKKRMRRLKRKRRKMRQRSK,,,0,ZP4.5,2,up,0.007
all_atom,dual,MRAKWRKKRMRRLKRKRRKMRQRSK,,,0,ZP4.5,3,dn,0.012
all_atom,dual,MRAKWRKKRMRRLKRKRRKMRQRSK,,,0,ZP4.5,3,up,0.01
all_atom,dual,MRAKWRKKRMRRLKRKRRKMRQRSK,,,0,ZP4.5,4,dn,0.011
all_atom,dual,MRAKWRKKRMRRLKRKRRKMRQRSK,,,0,ZP4.5,4,up,0.005
all_atom,dual,MRAKWRKKRMRRLKRKRRKMRQRSK,,,0,ZP4.5,5,dn,0.004
all_atom,dual,MRAKWRKKRMRRLKRKRRKMRQRSK,,,0,ZP4.5,5,up,0.006
all_atom,dual,MRAKWRKKRMRRLKRKRRKMRQRSK,,,0,ZP5.5,1,dn,0.002
all_atom,dual,MRAKWRKKRMRRLKRKRRKMRQRSK,,,0,ZP5.5,1,up,0.006
all_atom,dual,MRAKWRKKRMRRLKRKRRKMRQRSK,,,0,ZP5.5,2,dn,0.003
all_atom,dual,MRAKWRKKRMRRLKRKRRKMRQRSK,,,0,ZP5.5,2,up,0.003
all_atom,dual,MRAKWRKKRMRRLKRKRRKMRQRSK,,,0,ZP5.5,3,dn,0.005
all_atom,dual,MRAKWRKKRMRRLKRKRRKMRQRSK,,,0,ZP5.5,3,up,0.001
all_atom,dual,MRAKWRKKRMRRLKRKRRKMRQRSK,,,0,ZP5.5,4,dn,0.006
all_atom,dual,MRAKWRKKRMRRLKRKRRKMRQRSK,,,0,ZP5.5,4,up,0.001
all_atom,dual,MRAKWRKKRMRRLKRKRRKMRQRSK,,,0,ZP5.5,5,dn,0.0
all_atom,dual,MRAKWRKKRMRRLKRKRRKMRQRSK,,,0,ZP5.5,5,up,0.001
all_atom,dual,MRAKWRKKRMRRLKRKRRKMRQRSK,,,0,ZP6.5,1,dn,0.0
all_atom,dual,MRAKWRKKRMRRLKRKRRKMRQRSK,,,0,ZP6.5,1,up,0.003
all_atom,dual,MRAKWRKKRMRRLKRKRRKMRQRSK,,,0,ZP6.5,2,dn,0.002
all_atom,dual,MRAKWRKKRMRRLKRKRRKMRQRSK,,,0,ZP6.5,2,up,0.0
all_atom,dual,MRAKWRKKRMRRLKRKRRKMRQRSK,,,0,ZP6.5,3,dn,0.002
all_atom,dual,MRAKWRKKRMRRLKRKRRKMRQRSK,,,0,ZP6.5,3,up,0.002
all_atom,dual,MRAKWRKKRMRRLKRKRRKMRQRSK,,,0,ZP6.5,4,dn,0.002
all_atom,dual,MRAKWRKKRMRRLKRKRRKMRQRSK,,,0,ZP6.5,4,up,0.002
all_atom,dual,MRAKWRKKRMRRLKRKRRKMRQRSK,,,0,ZP6.5,5,dn,0.0
all_atom,dual,MRAKWRKKRMRRLKRKRRKMRQRSK,,,0,ZP6.5,5,up,0.0
all_atom,dual,MRAKWRKKRMRRLKRKRRKMRQRSK,,,0,ZP7.5,1,dn,0.0
all_atom,dual,MRAKWRKKRMRRLKRKRRKMRQRSK,,,0,ZP7.5,1,up,0.002
all_atom,dual,MRAKWRKKRMRRLKRKRRKMRQRSK,,,0,ZP7.5,2,dn,0.0
all_atom,dual,MRAKWRKKRMRRLKRKRRKMRQRSK,,,0,ZP7.5,2,up,0.0
all_atom,dual,MRAKWRKKRMRRLKRKRRKMRQRSK,,,0,ZP7.5,3,dn,0.0
all_atom,dual,MRAKWRKKRMRRLKRKRRKMRQRSK,,,0,ZP7.5,3,up,0.0
all_atom,dual,MRAKWRKKRMRRLKRKRRKMRQRSK,,,0,ZP7.5,4,dn,0.0
all_atom,dual,MRAKWRKKRMRRLKRKRRKMRQRSK,,,0,ZP7.5,4,up,0.0
all_atom,dual,MRAKWRKKRMRRLKRKRRKMRQRSK,,,0,ZP7.5,5,dn,0.0
all_atom,dual,MRAKWRKKRMRRLKRKRRKMRQRSK,,,0,ZP7.5,5,up,0.0
all_atom,dual,MRAKWRKKRMRRLKRKRRKMRQRSK,,,0,ZP8.5,1,dn,0.0
all_atom,dual,MRAKWRKKRMRRLKRKRRKMRQRSK,,,0,ZP8.5,1,up,0.0
all_atom,dual,MRAKWRKKRMRRLKRKRRKMRQRSK,,,0,ZP8.5,2,dn,0.0
all_atom,dual,MRAKWRKKRMRRLKRKRRKMRQRSK,,,0,ZP8.5,2,up,0.0
all_atom,dual,MRAKWRKKRMRRLKRKRRKMRQRSK,,,0,ZP8.5,3,dn,0.0
all_atom,dual,MRAKWRKKRMRRLKRKRRKMRQRSK,,,0,ZP8.5,3,up,0.0
all_atom,dual,MRAKWRKKRMRRLKRKRRKMRQRSK,,,0,ZP8.5,4,dn,0.0
all_atom,dual,MRAKWRKKRMRRLKRKRRKMRQRSK,,,0,ZP8.5,4,up,0.0
all_atom,dual,MRAKWRKKRMRRLKRKRRKMRQRSK,,,0,ZP8.5,5,dn,0.0
all_atom,dual,MRAKWRKKRMRRLKRKRRKMRQRSK,,,0,ZP8.5,5,up,0.0
all_atom,dual,MRAKWRKKRMRRLKRKRRKMRQRSK,,,0,ZP9.5,1,dn,0.0
all_atom,dual,MRAKWRKKRMRRLKRKRRKMRQRSK,,,0,ZP9.5,1,up,0.0
all_atom,dual,MRAKWRKKRMRRLKRKRRKMRQRSK,,,0,ZP9.5,2,dn,0.0
all_atom,dual,MRAKWRKKRMRRLKRKRRKMRQRSK,,,0,ZP9.5,2,up,0.0
all_atom,dual,MRAKWRKKRMRRLKRKRRKMRQRSK,,,0,ZP9.5,3,dn,0.0
all_atom,dual,MRAKWRKKRMRRLKRKRRKMRQRSK,,,0,ZP9.5,3,up,0.0
all_atom,dual,MRAKWRKKRMRRLKRKRRKMRQRSK,,,0,ZP9.5,4,dn,0.0
all_atom,dual,MRAKWRKKRMRRLKRKRRKMRQRSK,,,0,ZP9.5,4,up,0.0
all_atom,dual,MRAKWRKKRMRRLKRKRRKMRQRSK,,,0,ZP9.5,5,dn,0.0
all_atom,dual,MRAKWRKKRMRRLKRKRRKMRQRSK,,,0,ZP9.5,5,up,0.0
all_atom,dual,NDPCEEVCLQHTGNVKACEEACQ,,,0,APLA12.5,1,dn,54.668
all_atom,dual,NDPCEEVCLQHTGNVKACEEACQ,,,0,APLA12.5,1,up,57.098
all_atom,dual,NDPCEEVCLQHTGNVKACEEACQ,,,0,APLA12.5,2,dn,57.959
all_atom,dual,NDPCEEVCLQHTGNVKACEEACQ,,,0,APLA12.5,2,up,57.569
all_atom,dual,NDPCEEVCLQHTGNVKACEEACQ,,,0,APLA12.5,3,dn,57.121
all_atom,dual,NDPCEEVCLQHTGNVKACEEACQ,,,0,APLA12.5,3,up,55.949
all_atom,dual,NDPCEEVCLQHTGNVKACEEACQ,,,0,APLA12.5,4,dn,56.467
all_atom,dual,NDPCEEVCLQHTGNVKACEEACQ,,,0,APLA12.5,4,up,56.856
all_atom,dual,NDPCEEVCLQHTGNVKACEEACQ,,,0,APLA12.5,5,dn,54.859
all_atom,dual,NDPCEEVCLQHTGNVKACEEACQ,,,0,APLA12.5,5,up,56.763
all_atom,dual,NDPCEEVCLQHTGNVKACEEACQ,,,0,APLA17.5,1,dn,58.305
all_atom,dual,NDPCEEVCLQHTGNVKACEEACQ,,,0,APLA17.5,1,up,58.854
all_atom,dual,NDPCEEVCLQHTGNVKACEEACQ,,,0,APLA17.5,2,dn,58.061
all_atom,dual,NDPCEEVCLQHTGNVKACEEACQ,,,0,APLA17.5,2,up,57.577
all_atom,dual,NDPCEEVCLQHTGNVKACEEACQ,,,0,APLA17.5,3,dn,56.437
all_atom,dual,NDPCEEVCLQHTGNVKACEEACQ,,,0,APLA17.5,3,up,58.215
all_atom,dual,NDPCEEVCLQHTGNVKACEEACQ,,,0,APLA17.5,4,dn,56.869
all_atom,dual,NDPCEEVCLQHTGNVKACEEACQ,,,0,APLA17.5,4,up,57.045
all_atom,dual,NDPCEEVCLQHTGNVKACEEACQ,,,0,APLA17.5,5,dn,57.731
all_atom,dual,NDPCEEVCLQHTGNVKACEEACQ,,,0,APLA17.5,5,up,57.879
all_atom,dual,NDPCEEVCLQHTGNVKACEEACQ,,,0,APLA2.5,1,dn,82.146
all_atom,dual,NDPCEEVCLQHTGNVKACEEACQ,,,0,APLA2.5,1,up,78.297
all_atom,dual,NDPCEEVCLQHTGNVKACEEACQ,,,0,APLA2.5,2,dn,89.679
all_atom,dual,NDPCEEVCLQHTGNVKACEEACQ,,,0,APLA2.5,2,up,94.179
all_atom,dual,NDPCEEVCLQHTGNVKACEEACQ,,,0,APLA2.5,3,dn,89.757
all_atom,dual,NDPCEEVCLQHTGNVKACEEACQ,,,0,APLA2.5,3,up,90.552
all_atom,dual,NDPCEEVCLQHTGNVKACEEACQ,,,0,APLA2.5,4,dn,89.416
all_atom,dual,NDPCEEVCLQHTGNVKACEEACQ,,,0,APLA2.5,4,up,89.284
all_atom,dual,NDPCEEVCLQHTGNVKACEEACQ,,,0,APLA2.5,5,dn,90.392
all_atom,dual,NDPCEEVCLQHTGNVKACEEACQ,,,0,APLA2.5,5,up,86.432
all_atom,dual,NDPCEEVCLQHTGNVKACEEACQ,,,0,APLA7.5,1,dn,62.963
all_atom,dual,NDPCEEVCLQHTGNVKACEEACQ,,,0,APLA7.5,1,up,63.915
all_atom,dual,NDPCEEVCLQHTGNVKACEEACQ,,,0,APLA7.5,2,dn,64.541
all_atom,dual,NDPCEEVCLQHTGNVKACEEACQ,,,0,APLA7.5,2,up,66.509
all_atom,dual,NDPCEEVCLQHTGNVKACEEACQ,,,0,APLA7.5,3,dn,67.614
all_atom,dual,NDPCEEVCLQHTGNVKACEEACQ,,,0,APLA7.5,3,up,67.316
all_atom,dual,NDPCEEVCLQHTGNVKACEEACQ,,,0,APLA7.5,4,dn,65.877
all_atom,dual,NDPCEEVCLQHTGNVKACEEACQ,,,0,APLA7.5,4,up,63.047
all_atom,dual,NDPCEEVCLQHTGNVKACEEACQ,,,0,APLA7.5,5,dn,60.771
all_atom,dual,NDPCEEVCLQHTGNVKACEEACQ,,,0,APLA7.5,5,up,65.628
all_atom,dual,NDPCEEVCLQHTGNVKACEEACQ,,,0,APLS12.5,1,dn,3.506
all_atom,dual,NDPCEEVCLQHTGNVKACEEACQ,,,0,APLS12.5,1,up,3.662
all_atom,dual,NDPCEEVCLQHTGNVKACEEACQ,,,0,APLS12.5,2,dn,3.448
all_atom,dual,NDPCEEVCLQHTGNVKACEEACQ,,,0,APLS12.5,2,up,3.341
all_atom,dual,NDPCEEVCLQHTGNVKACEEACQ,,,0,APLS12.5,3,dn,4.032
all_atom,dual,NDPCEEVCLQHTGNVKACEEACQ,,,0,APLS12.5,3,up,3.529
all_atom,dual,NDPCEEVCLQHTGNVKACEEACQ,,,0,APLS12.5,4,dn,3.846
all_atom,dual,NDPCEEVCLQHTGNVKACEEACQ,,,0,APLS12.5,4,up,3.565
all_atom,dual,NDPCEEVCLQHTGNVKACEEACQ,,,0,APLS12.5,5,dn,3.631
all_atom,dual,NDPCEEVCLQHTGNVKACEEACQ,,,0,APLS12.5,5,up,3.401
all_atom,dual,NDPCEEVCLQHTGNVKACEEACQ,,,0,APLS17.5,1,dn,4.178
all_atom,dual,NDPCEEVCLQHTGNVKACEEACQ,,,0,APLS17.5,1,up,3.606
all_atom,dual,NDPCEEVCLQHTGNVKACEEACQ,,,0,APLS17.5,2,dn,3.839
all_atom,dual,NDPCEEVCLQHTGNVKACEEACQ,,,0,APLS17.5,2,up,3.67
all_atom,dual,NDPCEEVCLQHTGNVKACEEACQ,,,0,APLS17.5,3,dn,3.934
all_atom,dual,NDPCEEVCLQHTGNVKACEEACQ,,,0,APLS17.5,3,up,3.244
all_atom,dual,NDPCEEVCLQHTGNVKACEEACQ,,,0,APLS17.5,4,dn,4.247
all_atom,dual,NDPCEEVCLQHTGNVKACEEACQ,,,0,APLS17.5,4,up,3.243
all_atom,dual,NDPCEEVCLQHTGNVKACEEACQ,,,0,APLS17.5,5,dn,3.787
all_atom,dual,NDPCEEVCLQHTGNVKACEEACQ,,,0,APLS17.5,5,up,3.467
all_atom,dual,NDPCEEVCLQHTGNVKACEEACQ,,,0,APLS2.5,1,dn,10.356
all_atom,dual,NDPCEEVCLQHTGNVKACEEACQ,,,0,APLS2.5,1,up,10.673
all_atom,dual,NDPCEEVCLQHTGNVKACEEACQ,,,0,APLS2.5,2,dn,8.509
all_atom,dual,NDPCEEVCLQHTGNVKACEEACQ,,,0,APLS2.5,2,up,10.187
all_atom,dual,NDPCEEVCLQHTGNVKACEEACQ,,,0,APLS2.5,3,dn,9.635
all_atom,dual,NDPCEEVCLQHTGNVKACEEACQ,,,0,APLS2.5,3,up,9.847
all_atom,dual,NDPCEEVCLQHTGNVKACEEACQ,,,0,APLS2.5,4,dn,11.145
all_atom,dual,NDPCEEVCLQHTGNVKACEEACQ,,,0,APLS2.5,4,up,9.232
all_atom,dual,NDPCEEVCLQHTGNVKACEEACQ,,,0,APLS2.5,5,dn,9.911
all_atom,dual,NDPCEEVCLQHTGNVKACEEACQ,,,0,APLS2.5,5,up,8.535
all_atom,dual,NDPCEEVCLQHTGNVKACEEACQ,,,0,APLS7.5,1,dn,7.041
all_atom,dual,NDPCEEVCLQHTGNVKACEEACQ,,,0,APLS7.5,1,up,6.024
all_atom,dual,NDPCEEVCLQHTGNVKACEEACQ,,,0,APLS7.5,2,dn,6.337
all_atom,dual,NDPCEEVCLQHTGNVKACEEACQ,,,0,APLS7.5,2,up,6.819
all_atom,dual,NDPCEEVCLQHTGNVKACEEACQ,,,0,APLS7.5,3,dn,7.156
all_atom,dual,NDPCEEVCLQHTGNVKACEEACQ,,,0,APLS7.5,3,up,6.959
all_atom,dual,NDPCEEVCLQHTGNVKACEEACQ,,,0,APLS7.5,4,dn,6.55
all_atom,dual,NDPCEEVCLQHTGNVKACEEACQ,,,0,APLS7.5,4,up,5.726
all_atom,dual,NDPCEEVCLQHTGNVKACEEACQ,,,0,APLS7.5,5,dn,7.148
all_atom,dual,NDPCEEVCLQHTGNVKACEEACQ,,,0,APLS7.5,5,up,6.459
all_atom,dual,NDPCEEVCLQHTGNVKACEEACQ,,,0,H0,1,dn,0.0
all_atom,dual,NDPCEEVCLQHTGNVKACEEACQ,,,0,H0,1,up,0.0
all_atom,dual,NDPCEEVCLQHTGNVKACEEACQ,,,0,H0,2,dn,0.0
all_atom,dual,NDPCEEVCLQHTGNVKACEEACQ,,,0,H0,2,up,0.0
all_atom,dual,NDPCEEVCLQHTGNVKACEEACQ,,,0,H0,3,dn,0.0
all_atom,dual,NDPCEEVCLQHTGNVKACEEACQ,,,0,H0,3,up,0.0
all_atom,dual,NDPCEEVCLQHTGNVKACEEACQ,,,0,H0,4,dn,0.0
all_atom,dual,NDPCEEVCLQHTGNVKACEEACQ,,,0,H0,4,up,0.0
all_atom,dual,NDPCEEVCLQHTGNVKACEEACQ,,,0,H0,5,dn,0.0
all_atom,dual,NDPCEEVCLQHTGNVKACEEACQ,,,0,H0,5,up,0.0
all_atom,dual,NDPCEEVCLQHTGNVKACEEACQ,,,0,H1,1,dn,0.982
all_atom,dual,NDPCEEVCLQHTGNVKACEEACQ,,,0,H1,1,up,0.992
all_atom,dual,NDPCEEVCLQHTGNVKACEEACQ,,,0,H1,2,dn,1.0
all_atom,dual,NDPCEEVCLQHTGNVKACEEACQ,,,0,H1,2,up,1.0
all_atom,dual,NDPCEEVCLQHTGNVKACEEACQ,,,0,H1,3,dn,1.0
all_atom,dual,NDPCEEVCLQHTGNVKACEEACQ,,,0,H1,3,up,1.0
all_atom,dual,NDPCEEVCLQHTGNVKACEEACQ,,,0,H1,4,dn,1.0
all_atom,dual,NDPCEEVCLQHTGNVKACEEACQ,,,0,H1,4,up,0.992
all_atom,dual,NDPCEEVCLQHTGNVKACEEACQ,,,0,H1,5,dn,1.0
all_atom,dual,NDPCEEVCLQHTGNVKACEEACQ,,,0,H1,5,up,1.0
all_atom,dual,NDPCEEVCLQHTGNVKACEEACQ,,,0,H10,1,dn,0.0
all_atom,dual,NDPCEEVCLQHTGNVKACEEACQ,,,0,H10,1,up,0.0
all_atom,dual,NDPCEEVCLQHTGNVKACEEACQ,,,0,H10,2,dn,0.0
all_atom,dual,NDPCEEVCLQHTGNVKACEEACQ,,,0,H10,2,up,0.0
all_atom,dual,NDPCEEVCLQHTGNVKACEEACQ,,,0,H10,3,dn,0.0
all_atom,dual,NDPCEEVCLQHTGNVKACEEACQ,,,0,H10,3,up,0.0
all_atom,dual,NDPCEEVCLQHTGNVKACEEACQ,,,0,H10,4,dn,0.0
all_atom,dual,NDPCEEVCLQHTGNVKACEEACQ,,,0,H10,4,up,0.0
all_atom,dual,NDPCEEVCLQHTGNVKACEEACQ,,,0,H10,5,dn,0.0
all_atom,dual,NDPCEEVCLQHTGNVKACEEACQ,,,0,H10,5,up,0.0
all_atom,dual,NDPCEEVCLQHTGNVKACEEACQ,,,0,H2,1,dn,1.0
all_atom,dual,NDPCEEVCLQHTGNVKACEEACQ,,,0,H2,1,up,1.0
all_atom,dual,NDPCEEVCLQHTGNVKACEEACQ,,,0,H2,2,dn,1.0
all_atom,dual,NDPCEEVCLQHTGNVKACEEACQ,,,0,H2,2,up,1.0
all_atom,dual,NDPCEEVCLQHTGNVKACEEACQ,,,0,H2,3,dn,1.0
all_atom,dual,NDPCEEVCLQHTGNVKACEEACQ,,,0,H2,3,up,1.0
all_atom,dual,NDPCEEVCLQHTGNVKACEEACQ,,,0,H2,4,dn,1.0
all_atom,dual,NDPCEEVCLQHTGNVKACEEACQ,,,0,H2,4,up,1.0
all_atom,dual,NDPCEEVCLQHTGNVKACEEACQ,,,0,H2,5,dn,1.0
all_atom,dual,NDPCEEVCLQHTGNVKACEEACQ,,,0,H2,5,up,1.0
all_atom,dual,NDPCEEVCLQHTGNVKACEEACQ,,,0,H3,1,dn,1.0
all_atom,dual,NDPCEEVCLQHTGNVKACEEACQ,,,0,H3,1,up,1.0
all_atom,dual,NDPCEEVCLQHTGNVKACEEACQ,,,0,H3,2,dn,1.0
all_atom,dual,NDPCEEVCLQHTGNVKACEEACQ,,,0,H3,2,up,1.0
all_atom,dual,NDPCEEVCLQHTGNVKACEEACQ,,,0,H3,3,dn,1.0
all_atom,dual,NDPCEEVCLQHTGNVKACEEACQ,,,0,H3,3,up,1.0
all_atom,dual,NDPCEEVCLQHTGNVKACEEACQ,,,0,H3,4,dn,1.0
all_atom,dual,NDPCEEVCLQHTGNVKACEEACQ,,,0,H3,4,up,1.0
all_atom,dual,NDPCEEVCLQHTGNVKACEEACQ,,,0,H3,5,dn,1.0
all_atom,dual,NDPCEEVCLQHTGNVKACEEACQ,,,0,H3,5,up,1.0
all_atom,dual,NDPCEEVCLQHTGNVKACEEACQ,,,0,H4,1,dn,0.952
all_atom,dual,NDPCEEVCLQHTGNVKACEEACQ,,,0,H4,1,up,1.0
all_atom,dual,NDPCEEVCLQHTGNVKACEEACQ,,,0,H4,2,dn,1.0
all_atom,dual,NDPCEEVCLQHTGNVKACEEACQ,,,0,H4,2,up,0.974
all_atom,dual,NDPCEEVCLQHTGNVKACEEACQ,,,0,H4,3,dn,0.947
all_atom,dual,NDPCEEVCLQHTGNVKACEEACQ,,,0,H4,3,up,0.958
all_atom,dual,NDPCEEVCLQHTGNVKACEEACQ,,,0,H4,4,dn,0.992
all_atom,dual,NDPCEEVCLQHTGNVKACEEACQ,,,0,H4,4,up,0.992
all_atom,dual,NDPCEEVCLQHTGNVKACEEACQ,,,0,H4,5,dn,1.0
all_atom,dual,NDPCEEVCLQHTGNVKACEEACQ,,,0,H4,5,up,1.0
all_atom,dual,NDPCEEVCLQHTGNVKACEEACQ,,,0,H5,1,dn,0.98
all_atom,dual,NDPCEEVCLQHTGNVKACEEACQ,,,0,H5,1,up,1.0
all_atom,dual,NDPCEEVCLQHTGNVKACEEACQ,,,0,H5,2,dn,1.0
all_atom,dual,NDPCEEVCLQHTGNVKACEEACQ,,,0,H5,2,up,1.0
all_atom,dual,NDPCEEVCLQHTGNVKACEEACQ,,,0,H5,3,dn,1.0
all_atom,dual,NDPCEEVCLQHTGNVKACEEACQ,,,0,H5,3,up,1.0
all_atom,dual,NDPCEEVCLQHTGNVKACEEACQ,,,0,H5,4,dn,1.0
all_atom,dual,NDPCEEVCLQHTGNVKACEEACQ,,,0,H5,4,up,1.0
all_atom,dual,NDPCEEVCLQHTGNVKACEEACQ,,,0,H5,5,dn,1.0
all_atom,dual,NDPCEEVCLQHTGNVKACEEACQ,,,0,H5,5,up,1.0
all_atom,dual,NDPCEEVCLQHTGNVKACEEACQ,,,0,H6,1,dn,1.0
all_atom,dual,NDPCEEVCLQHTGNVKACEEACQ,,,0,H6,1,up,1.0
all_atom,dual,NDPCEEVCLQHTGNVKACEEACQ,,,0,H6,2,dn,1.0
all_atom,dual,NDPCEEVCLQHTGNVKACEEACQ,,,0,H6,2,up,1.0
all_atom,dual,NDPCEEVCLQHTGNVKACEEACQ,,,0,H6,3,dn,1.0
all_atom,dual,NDPCEEVCLQHTGNVKACEEACQ,,,0,H6,3,up,1.0
all_atom,dual,NDPCEEVCLQHTGNVKACEEACQ,,,0,H6,4,dn,1.0
all_atom,dual,NDPCEEVCLQHTGNVKACEEACQ,,,0,H6,4,up,1.0
all_atom,dual,NDPCEEVCLQHTGNVKACEEACQ,,,0,H6,5,dn,1.0
all_atom,dual,NDPCEEVCLQHTGNVKACEEACQ,,,0,H6,5,up,1.0
all_atom,dual,NDPCEEVCLQHTGNVKACEEACQ,,,0,H7,1,dn,1.0
all_atom,dual,NDPCEEVCLQHTGNVKACEEACQ,,,0,H7,1,up,1.0
all_atom,dual,NDPCEEVCLQHTGNVKACEEACQ,,,0,H7,2,dn,1.0
all_atom,dual,NDPCEEVCLQHTGNVKACEEACQ,,,0,H7,2,up,0.996
all_atom,dual,NDPCEEVCLQHTGNVKACEEACQ,,,0,H7,3,dn,1.0
all_atom,dual,NDPCEEVCLQHTGNVKACEEACQ,,,0,H7,3,up,1.0
all_atom,dual,NDPCEEVCLQHTGNVKACEEACQ,,,0,H7,4,dn,1.0
all_atom,dual,NDPCEEVCLQHTGNVKACEEACQ,,,0,H7,4,up,1.0
all_atom,dual,NDPCEEVCLQHTGNVKACEEACQ,,,0,H7,5,dn,1.0
all_atom,dual,NDPCEEVCLQHTGNVKACEEACQ,,,0,H7,5,up,1.0
all_atom,dual,NDPCEEVCLQHTGNVKACEEACQ,,,0,H8,1,dn,1.0
all_atom,dual,NDPCEEVCLQHTGNVKACEEACQ,,,0,H8,1,up,1.0
all_atom,dual,NDPCEEVCLQHTGNVKACEEACQ,,,0,H8,2,dn,0.994
all_atom,dual,NDPCEEVCLQHTGNVKACEEACQ,,,0,H8,2,up,1.0
all_atom,dual,NDPCEEVCLQHTGNVKACEEACQ,,,0,H8,3,dn,1.0
all_atom,dual,NDPCEEVCLQHTGNVKACEEACQ,,,0,H8,3,up,0.978
all_atom,dual,NDPCEEVCLQHTGNVKACEEACQ,,,0,H8,4,dn,0.994
all_atom,dual,NDPCEEVCLQHTGNVKACEEACQ,,,0,H8,4,up,1.0
all_atom,dual,NDPCEEVCLQHTGNVKACEEACQ,,,0,H8,5,dn,0.978
all_atom,dual,NDPCEEVCLQHTGNVKACEEACQ,,,0,H8,5,up,1.0
all_atom,dual,NDPCEEVCLQHTGNVKACEEACQ,,,0,H9,1,dn,0.774
all_atom,dual,NDPCEEVCLQHTGNVKACEEACQ,,,0,H9,1,up,0.834
all_atom,dual,NDPCEEVCLQHTGNVKACEEACQ,,,0,H9,2,dn,0.776
all_atom,dual,NDPCEEVCLQHTGNVKACEEACQ,,,0,H9,2,up,0.818
all_atom,dual,NDPCEEVCLQHTGNVKACEEACQ,,,0,H9,3,dn,0.84
all_atom,dual,NDPCEEVCLQHTGNVKACEEACQ,,,0,H9,3,up,0.788
all_atom,dual,NDPCEEVCLQHTGNVKACEEACQ,,,0,H9,4,dn,0.816
all_atom,dual,NDPCEEVCLQHTGNVKACEEACQ,,,0,H9,4,up,0.85
all_atom,dual,NDPCEEVCLQHTGNVKACEEACQ,,,0,H9,5,dn,0.675
all_atom,dual,NDPCEEVCLQHTGNVKACEEACQ,,,0,H9,5,up,0.838
all_atom,dual,NDPCEEVCLQHTGNVKACEEACQ,,,0,HM,1,dn,0.855
all_atom,dual,NDPCEEVCLQHTGNVKACEEACQ,,,0,HM,1,up,0.873
all_atom,dual,NDPCEEVCLQHTGNVKACEEACQ,,,0,HM,2,dn,0.862
all_atom,dual,NDPCEEVCLQHTGNVKACEEACQ,,,0,HM,2,up,0.87
all_atom,dual,NDPCEEVCLQHTGNVKACEEACQ,,,0,HM,3,dn,0.86
all_atom,dual,NDPCEEVCLQHTGNVKACEEACQ,,,0,HM,3,up,0.843
all_atom,dual,NDPCEEVCLQHTGNVKACEEACQ,,,0,HM,4,dn,0.866
all_atom,dual,NDPCEEVCLQHTGNVKACEEACQ,,,0,HM,4,up,0.867
all_atom,dual,NDPCEEVCLQHTGNVKACEEACQ,,,0,HM,5,dn,0.853
all_atom,dual,NDPCEEVCLQHTGNVKACEEACQ,,,0,HM,5,up,0.866
all_atom,dual,NDPCEEVCLQHTGNVKACEEACQ,,,0,PEPT_BUR_MAX,1,dn,12.48
all_atom,dual,NDPCEEVCLQHTGNVKACEEACQ,,,0,PEPT_BUR_MAX,1,up,12.84
all_atom,dual,NDPCEEVCLQHTGNVKACEEACQ,,,0,PEPT_BUR_MAX,2,dn,10.29
all_atom,dual,NDPCEEVCLQHTGNVKACEEACQ,,,0,PEPT_BUR_MAX,2,up,12.92
all_atom,dual,NDPCEEVCLQHTGNVKACEEACQ,,,0,PEPT_BUR_MAX,3,dn,14.74
all_atom,dual,NDPCEEVCLQHTGNVKACEEACQ,,,0,PEPT_BUR_MAX,3,up,12.35
all_atom,dual,NDPCEEVCLQHTGNVKACEEACQ,,,0,PEPT_BUR_MAX,4,dn,11.68
all_atom,dual,NDPCEEVCLQHTGNVKACEEACQ,,,0,PEPT_BUR_MAX,4,up,9.85
all_atom,dual,NDPCEEVCLQHTGNVKACEEACQ,,,0,PEPT_BUR_MAX,5,dn,10.9
all_atom,dual,NDPCEEVCLQHTGNVKACEEACQ,,,0,PEPT_BUR_MAX,5,up,7.92
all_atom,dual,NDPCEEVCLQHTGNVKACEEACQ,,,0,S,1,dn,0.336
all_atom,dual,NDPCEEVCLQHTGNVKACEEACQ,,,0,S,1,up,0.259
all_atom,dual,NDPCEEVCLQHTGNVKACEEACQ,,,0,S,2,dn,0.471
all_atom,dual,NDPCEEVCLQHTGNVKACEEACQ,,,0,S,2,up,0.365
all_atom,dual,NDPCEEVCLQHTGNVKACEEACQ,,,0,S,3,dn,0.26
all_atom,dual,NDPCEEVCLQHTGNVKACEEACQ,,,0,S,3,up,0.332
all_atom,dual,NDPCEEVCLQHTGNVKACEEACQ,,,0,S,4,dn,0.322
all_atom,dual,NDPCEEVCLQHTGNVKACEEACQ,,,0,S,4,up,0.419
all_atom,dual,NDPCEEVCLQHTGNVKACEEACQ,,,0,S,5,dn,0.491
all_atom,dual,NDPCEEVCLQHTGNVKACEEACQ,,,0,S,5,up,0.645
all_atom,dual,NDPCEEVCLQHTGNVKACEEACQ,,,0,WAT_BUR_MAX,1,dn,12.84
all_atom,dual,NDPCEEVCLQHTGNVKACEEACQ,,,0,WAT_BUR_MAX,1,up,12.08
all_atom,dual,NDPCEEVCLQHTGNVKACEEACQ,,,0,WAT_BUR_MAX,2,dn,9.1
all_atom,dual,NDPCEEVCLQHTGNVKACEEACQ,,,0,WAT_BUR_MAX,2,up,11.88
all_atom,dual,NDPCEEVCLQHTGNVKACEEACQ,,,0,WAT_BUR_MAX,3,dn,13.17
all_atom,dual,NDPCEEVCLQHTGNVKACEEACQ,,,0,WAT_BUR_MAX,3,up,11.81
all_atom,dual,NDPCEEVCLQHTGNVKACEEACQ,,,0,WAT_BUR_MAX,4,dn,10.84
all_atom,dual,NDPCEEVCLQHTGNVKACEEACQ,,,0,WAT_BUR_MAX,4,up,11.15
all_atom,dual,NDPCEEVCLQHTGNVKACEEACQ,,,0,WAT_BUR_MAX,5,dn,9.01
all_atom,dual,NDPCEEVCLQHTGNVKACEEACQ,,,0,WAT_BUR_MAX,5,up,10.88
all_atom,dual,NDPCEEVCLQHTGNVKACEEACQ,,,0,WAT_BUR_REL,1,dn,-0.17
all_atom,dual,NDPCEEVCLQHTGNVKACEEACQ,,,0,WAT_BUR_REL,1,up,-0.48
all_atom,dual,NDPCEEVCLQHTGNVKACEEACQ,,,0,WAT_BUR_REL,2,dn,0.2
all_atom,dual,NDPCEEVCLQHTGNVKACEEACQ,,,0,WAT_BUR_REL,2,up,0.36
all_atom,dual,NDPCEEVCLQHTGNVKACEEACQ,,,0,WAT_BUR_REL,3,dn,0.03
all_atom,dual,NDPCEEVCLQHTGNVKACEEACQ,,,0,WAT_BUR_REL,3,up,0.01
all_atom,dual,NDPCEEVCLQHTGNVKACEEACQ,,,0,WAT_BUR_REL,4,dn,-0.23
all_atom,dual,NDPCEEVCLQHTGNVKACEEACQ,,,0,WAT_BUR_REL,4,up,0.57
all_atom,dual,NDPCEEVCLQHTGNVKACEEACQ,,,0,WAT_BUR_REL,5,dn,-0.12
all_atom,dual,NDPCEEVCLQHTGNVKACEEACQ,,,0,WAT_BUR_REL,5,up,0.84
all_atom,dual,NDPCEEVCLQHTGNVKACEEACQ,,,0,ZP-0.5,1,dn,0.124
all_atom,dual,NDPCEEVCLQHTGNVKACEEACQ,,,0,ZP-0.5,1,up,0.102
all_atom,dual,NDPCEEVCLQHTGNVKACEEACQ,,,0,ZP-0.5,2,dn,0.122
all_atom,dual,NDPCEEVCLQHTGNVKACEEACQ,,,0,ZP-0.5,2,up,0.115
all_atom,dual,NDPCEEVCLQHTGNVKACEEACQ,,,0,ZP-0.5,3,dn,0.089
all_atom,dual,NDPCEEVCLQHTGNVKACEEACQ,,,0,ZP-0.5,3,up,0.12
all_atom,dual,NDPCEEVCLQHTGNVKACEEACQ,,,0,ZP-0.5,4,dn,0.122
all_atom,dual,NDPCEEVCLQHTGNVKACEEACQ,,,0,ZP-0.5,4,up,0.099
all_atom,dual,NDPCEEVCLQHTGNVKACEEACQ,,,0,ZP-0.5,5,dn,0.107
all_atom,dual,NDPCEEVCLQHTGNVKACEEACQ,,,0,ZP-0.5,5,up,0.101
all_atom,dual,NDPCEEVCLQHTGNVKACEEACQ,,,0,ZP-1.5,1,dn,0.083
all_atom,dual,NDPCEEVCLQHTGNVKACEEACQ,,,0,ZP-1.5,1,up,0.111
all_atom,dual,NDPCEEVCLQHTGNVKACEEACQ,,,0,ZP-1.5,2,dn,0.068
all_atom,dual,NDPCEEVCLQHTGNVKACEEACQ,,,0,ZP-1.5,2,up,0.068
all_atom,dual,NDPCEEVCLQHTGNVKACEEACQ,,,0,ZP-1.5,3,dn,0.046
all_atom,dual,NDPCEEVCLQHTGNVKACEEACQ,,,0,ZP-1.5,3,up,0.087
all_atom,dual,NDPCEEVCLQHTGNVKACEEACQ,,,0,ZP-1.5,4,dn,0.085
all_atom,dual,NDPCEEVCLQHTGNVKACEEACQ,,,0,ZP-1.5,4,up,0.09
all_atom,dual,NDPCEEVCLQHTGNVKACEEACQ,,,0,ZP-1.5,5,dn,0.119
all_atom,dual,NDPCEEVCLQHTGNVKACEEACQ,,,0,ZP-1.5,5,up,0.08
all_atom,dual,NDPCEEVCLQHTGNVKACEEACQ,,,0,ZP-2.5,1,dn,0.067
all_atom,dual,NDPCEEVCLQHTGNVKACEEACQ,,,0,ZP-2.5,1,up,0.084
all_atom,dual,NDPCEEVCLQHTGNVKACEEACQ,,,0,ZP-2.5,2,dn,0.074
all_atom,dual,NDPCEEVCLQHTGNVKACEEACQ,,,0,ZP-2.5,2,up,0.035
all_atom,dual,NDPCEEVCLQHTGNVKACEEACQ,,,0,ZP-2.5,3,dn,0.024
all_atom,dual,NDPCEEVCLQHTGNVKACEEACQ,,,0,ZP-2.5,3,up,0.041
all_atom,dual,NDPCEEVCLQHTGNVKACEEACQ,,,0,ZP-2.5,4,dn,0.054
all_atom,dual,NDPCEEVCLQHTGNVKACEEACQ,,,0,ZP-2.5,4,up,0.046
all_atom,dual,NDPCEEVCLQHTGNVKACEEACQ,,,0,ZP-2.5,5,dn,0.085
all_atom,dual,NDPCEEVCLQHTGNVKACEEACQ,,,0,ZP-2.5,5,up,0.09
all_atom,dual,NDPCEEVCLQHTGNVKACEEACQ,,,0,ZP-3.5,1,dn,0.055
all_atom,dual,NDPCEEVCLQHTGNVKACEEACQ,,,0,ZP-3.5,1,up,0.074
all_atom,dual,NDPCEEVCLQHTGNVKACEEACQ,,,0,ZP-3.5,2,dn,0.03
all_atom,dual,NDPCEEVCLQHTGNVKACEEACQ,,,0,ZP-3.5,2,up,0.024
all_atom,dual,NDPCEEVCLQHTGNVKACEEACQ,,,0,ZP-3.5,3,dn,0.007
all_atom,dual,NDPCEEVCLQHTGNVKACEEACQ,,,0,ZP-3.5,3,up,0.029
all_atom,dual,NDPCEEVCLQHTGNVKACEEACQ,,,0,ZP-3.5,4,dn,0.045
all_atom,dual,NDPCEEVCLQHTGNVKACEEACQ,,,0,ZP-3.5,4,up,0.022
all_atom,dual,NDPCEEVCLQHTGNVKACEEACQ,,,0,ZP-3.5,5,dn,0.065
all_atom,dual,NDPCEEVCLQHTGNVKACEEACQ,,,0,ZP-3.5,5,up,0.068
all_atom,dual,NDPCEEVCLQHTGNVKACEEACQ,,,0,ZP-4.5,1,dn,0.028
all_atom,dual,NDPCEEVCLQHTGNVKACEEACQ,,,0,ZP-4.5,1,up,0.054
all_atom,dual,NDPCEEVCLQHTGNVKACEEACQ,,,0,ZP-4.5,2,dn,0.011
all_atom,dual,NDPCEEVCLQHTGNVKACEEACQ,,,0,ZP-4.5,2,up,0.008
all_atom,dual,NDPCEEVCLQHTGNVKACEEACQ,,,0,ZP-4.5,3,dn,0.004
all_atom,dual,NDPCEEVCLQHTGNVKACEEACQ,,,0,ZP-4.5,3,up,0.004
all_atom,dual,NDPCEEVCLQHTGNVKACEEACQ,,,0,ZP-4.5,4,dn,0.012
all_atom,dual,NDPCEEVCLQHTGNVKACEEACQ,,,0,ZP-4.5,4,up,0.011
all_atom,dual,NDPCEEVCLQHTGNVKACEEACQ,,,0,ZP-4.5,5,dn,0.046
all_atom,dual,NDPCEEVCLQHTGNVKACEEACQ,,,0,ZP-4.5,5,up,0.037
all_atom,dual,NDPCEEVCLQHTGNVKACEEACQ,,,0,ZP-5.5,1,dn,0.01
all_atom,dual,NDPCEEVCLQHTGNVKACEEACQ,,,0,ZP-5.5,1,up,0.033
all_atom,dual,NDPCEEVCLQHTGNVKACEEACQ,,,0,ZP-5.5,2,dn,0.004
all_atom,dual,NDPCEEVCLQHTGNVKACEEACQ,,,0,ZP-5.5,2,up,0.007
all_atom,dual,NDPCEEVCLQHTGNVKACEEACQ,,,0,ZP-5.5,3,dn,0.0
all_atom,dual,NDPCEEVCLQHTGNVKACEEACQ,,,0,ZP-5.5,3,up,0.004
all_atom,dual,NDPCEEVCLQHTGNVKACEEACQ,,,0,ZP-5.5,4,dn,0.006
all_atom,dual,NDPCEEVCLQHTGNVKACEEACQ,,,0,ZP-5.5,4,up,0.01
all_atom,dual,NDPCEEVCLQHTGNVKACEEACQ,,,0,ZP-5.5,5,dn,0.02
all_atom,dual,NDPCEEVCLQHTGNVKACEEACQ,,,0,ZP-5.5,5,up,0.021
all_atom,dual,NDPCEEVCLQHTGNVKACEEACQ,,,0,ZP-6.5,1,dn,0.002
all_atom,dual,NDPCEEVCLQHTGNVKACEEACQ,,,0,ZP-6.5,1,up,0.014
all_atom,dual,NDPCEEVCLQHTGNVKACEEACQ,,,0,ZP-6.5,2,dn,0.0
all_atom,dual,NDPCEEVCLQHTGNVKACEEACQ,,,0,ZP-6.5,2,up,0.003
all_atom,dual,NDPCEEVCLQHTGNVKACEEACQ,,,0,ZP-6.5,3,dn,0.0
all_atom,dual,NDPCEEVCLQHTGNVKACEEACQ,,,0,ZP-6.5,3,up,0.0
all_atom,dual,NDPCEEVCLQHTGNVKACEEACQ,,,0,ZP-6.5,4,dn,0.0
all_atom,dual,NDPCEEVCLQHTGNVKACEEACQ,,,0,ZP-6.5,4,up,0.004
all_atom,dual,NDPCEEVCLQHTGNVKACEEACQ,,,0,ZP-6.5,5,dn,0.015
all_atom,dual,NDPCEEVCLQHTGNVKACEEACQ,,,0,ZP-6.5,5,up,0.01
all_atom,dual,NDPCEEVCLQHTGNVKACEEACQ,,,0,ZP-7.5,1,dn,0.0
all_atom,dual,NDPCEEVCLQHTGNVKACEEACQ,,,0,ZP-7.5,1,up,0.01
all_atom,dual,NDPCEEVCLQHTGNVKACEEACQ,,,0,ZP-7.5,2,dn,0.0
all_atom,dual,NDPCEEVCLQHTGNVKACEEACQ,,,0,ZP-7.5,2,up,0.0
all_atom,dual,NDPCEEVCLQHTGNVKACEEACQ,,,0,ZP-7.5,3,dn,0.0
all_atom,dual,NDPCEEVCLQHTGNVKACEEACQ,,,0,ZP-7.5,3,up,0.0
all_atom,dual,NDPCEEVCLQHTGNVKACEEACQ,,,0,ZP-7.5,4,dn,0.001
all_atom,dual,NDPCEEVCLQHTGNVKACEEACQ,,,0,ZP-7.5,4,up,0.001
all_atom,dual,NDPCEEVCLQHTGNVKACEEACQ,,,0,ZP-7.5,5,dn,0.005
all_atom,dual,NDPCEEVCLQHTGNVKACEEACQ,,,0,ZP-7.5,5,up,0.005
all_atom,dual,NDPCEEVCLQHTGNVKACEEACQ,,,0,ZP-8.5,1,dn,0.0
all_atom,dual,NDPCEEVCLQHTGNVKACEEACQ,,,0,ZP-8.5,1,up,0.002
all_atom,dual,NDPCEEVCLQHTGNVKACEEACQ,,,0,ZP-8.5,2,dn,0.0
all_atom,dual,NDPCEEVCLQHTGNVKACEEACQ,,,0,ZP-8.5,2,up,0.0
all_atom,dual,NDPCEEVCLQHTGNVKACEEACQ,,,0,ZP-8.5,3,dn,0.0
all_atom,dual,NDPCEEVCLQHTGNVKACEEACQ,,,0,ZP-8.5,3,up,0.0
all_atom,dual,NDPCEEVCLQHTGNVKACEEACQ,,,0,ZP-8.5,4,dn,0.0
all_atom,dual,NDPCEEVCLQHTGNVKACEEACQ,,,0,ZP-8.5,4,up,0.0
all_atom,dual,NDPCEEVCLQHTGNVKACEEACQ,,,0,ZP-8.5,5,dn,0.0
all_atom,dual,NDPCEEVCLQHTGNVKACEEACQ,,,0,ZP-8.5,5,up,0.001
all_atom,dual,NDPCEEVCLQHTGNVKACEEACQ,,,0,ZP-9.5,1,dn,0.0
all_atom,dual,NDPCEEVCLQHTGNVKACEEACQ,,,0,ZP-9.5,1,up,0.0
all_atom,dual,NDPCEEVCLQHTGNVKACEEACQ,,,0,ZP-9.5,2,dn,0.0
all_atom,dual,NDPCEEVCLQHTGNVKACEEACQ,,,0,ZP-9.5,2,up,0.0
all_atom,dual,NDPCEEVCLQHTGNVKACEEACQ,,,0,ZP-9.5,3,dn,0.0
all_atom,dual,NDPCEEVCLQHTGNVKACEEACQ,,,0,ZP-9.5,3,up,0.0
all_atom,dual,NDPCEEVCLQHTGNVKACEEACQ,,,0,ZP-9.5,4,dn,0.0
all_atom,dual,NDPCEEVCLQHTGNVKACEEACQ,,,0,ZP-9.5,4,up,0.0
all_atom,dual,NDPCEEVCLQHTGNVKACEEACQ,,,0,ZP-9.5,5,dn,0.003
all_atom,dual,NDPCEEVCLQHTGNVKACEEACQ,,,0,ZP-9.5,5,up,0.0
all_atom,dual,NDPCEEVCLQHTGNVKACEEACQ,,,0,ZP0.5,1,dn,0.16
all_atom,dual,NDPCEEVCLQHTGNVKACEEACQ,,,0,ZP0.5,1,up,0.115
all_atom,dual,NDPCEEVCLQHTGNVKACEEACQ,,,0,ZP0.5,2,dn,0.149
all_atom,dual,NDPCEEVCLQHTGNVKACEEACQ,,,0,ZP0.5,2,up,0.124
all_atom,dual,NDPCEEVCLQHTGNVKACEEACQ,,,0,ZP0.5,3,dn,0.109
all_atom,dual,NDPCEEVCLQHTGNVKACEEACQ,,,0,ZP0.5,3,up,0.127
all_atom,dual,NDPCEEVCLQHTGNVKACEEACQ,,,0,ZP0.5,4,dn,0.131
all_atom,dual,NDPCEEVCLQHTGNVKACEEACQ,,,0,ZP0.5,4,up,0.13
all_atom,dual,NDPCEEVCLQHTGNVKACEEACQ,,,0,ZP0.5,5,dn,0.121
all_atom,dual,NDPCEEVCLQHTGNVKACEEACQ,,,0,ZP0.5,5,up,0.122
all_atom,dual,NDPCEEVCLQHTGNVKACEEACQ,,,0,ZP1.5,1,dn,0.121
all_atom,dual,NDPCEEVCLQHTGNVKACEEACQ,,,0,ZP1.5,1,up,0.1
all_atom,dual,NDPCEEVCLQHTGNVKACEEACQ,,,0,ZP1.5,2,dn,0.13
all_atom,dual,NDPCEEVCLQHTGNVKACEEACQ,,,0,ZP1.5,2,up,0.13
all_atom,dual,NDPCEEVCLQHTGNVKACEEACQ,,,0,ZP1.5,3,dn,0.139
all_atom,dual,NDPCEEVCLQHTGNVKACEEACQ,,,0,ZP1.5,3,up,0.143
all_atom,dual,NDPCEEVCLQHTGNVKACEEACQ,,,0,ZP1.5,4,dn,0.127
all_atom,dual,NDPCEEVCLQHTGNVKACEEACQ,,,0,ZP1.5,4,up,0.125
all_atom,dual,NDPCEEVCLQHTGNVKACEEACQ,,,0,ZP1.5,5,dn,0.114
all_atom,dual,NDPCEEVCLQHTGNVKACEEACQ,,,0,ZP1.5,5,up,0.115
all_atom,dual,NDPCEEVCLQHTGNVKACEEACQ,,,0,ZP2.5,1,dn,0.114
all_atom,dual,NDPCEEVCLQHTGNVKACEEACQ,,,0,ZP2.5,1,up,0.092
all_atom,dual,NDPCEEVCLQHTGNVKACEEACQ,,,0,ZP2.5,2,dn,0.103
all_atom,dual,NDPCEEVCLQHTGNVKACEEACQ,,,0,ZP2.5,2,up,0.115
all_atom,dual,NDPCEEVCLQHTGNVKACEEACQ,,,0,ZP2.5,3,dn,0.167
all_atom,dual,NDPCEEVCLQHTGNVKACEEACQ,,,0,ZP2.5,3,up,0.103
all_atom,dual,NDPCEEVCLQHTGNVKACEEACQ,,,0,ZP2.5,4,dn,0.114
all_atom,dual,NDPCEEVCLQHTGNVKACEEACQ,,,0,ZP2.5,4,up,0.112
all_atom,dual,NDPCEEVCLQHTGNVKACEEACQ,,,0,ZP2.5,5,dn,0.081
all_atom,dual,NDPCEEVCLQHTGNVKACEEACQ,,,0,ZP2.5,5,up,0.095
all_atom,dual,NDPCEEVCLQHTGNVKACEEACQ,,,0,ZP3.5,1,dn,0.112
all_atom,dual,NDPCEEVCLQHTGNVKACEEACQ,,,0,ZP3.5,1,up,0.083
all_atom,dual,NDPCEEVCLQHTGNVKACEEACQ,,,0,ZP3.5,2,dn,0.103
all_atom,dual,NDPCEEVCLQHTGNVKACEEACQ,,,0,ZP3.5,2,up,0.099
all_atom,dual,NDPCEEVCLQHTGNVKACEEACQ,,,0,ZP3.5,3,dn,0.131
all_atom,dual,NDPCEEVCLQHTGNVKACEEACQ,,,0,ZP3.5,3,up,0.109
all_atom,dual,NDPCEEVCLQHTGNVKACEEACQ,,,0,ZP3.5,4,dn,0.115
all_atom,dual,NDPCEEVCLQHTGNVKACEEACQ,,,0,ZP3.5,4,up,0.094
all_atom,dual,NDPCEEVCLQHTGNVKACEEACQ,,,0,ZP3.5,5,dn,0.075
all_atom,dual,NDPCEEVCLQHTGNVKACEEACQ,,,0,ZP3.5,5,up,0.085
all_atom,dual,NDPCEEVCLQHTGNVKACEEACQ,,,0,ZP4.5,1,dn,0.07
all_atom,dual,NDPCEEVCLQHTGNVKACEEACQ,,,0,ZP4.5,1,up,0.055
all_atom,dual,NDPCEEVCLQHTGNVKACEEACQ,,,0,ZP4.5,2,dn,0.084
all_atom,dual,NDPCEEVCLQHTGNVKACEEACQ,,,0,ZP4.5,2,up,0.08
all_atom,dual,NDPCEEVCLQHTGNVKACEEACQ,,,0,ZP4.5,3,dn,0.112
all_atom,dual,NDPCEEVCLQHTGNVKACEEACQ,,,0,ZP4.5,3,up,0.099
all_atom,dual,NDPCEEVCLQHTGNVKACEEACQ,,,0,ZP4.5,4,dn,0.075
all_atom,dual,NDPCEEVCLQHTGNVKACEEACQ,,,0,ZP4.5,4,up,0.083
all_atom,dual,NDPCEEVCLQHTGNVKACEEACQ,,,0,ZP4.5,5,dn,0.06
all_atom,dual,NDPCEEVCLQHTGNVKACEEACQ,,,0,ZP4.5,5,up,0.051
all_atom,dual,NDPCEEVCLQHTGNVKACEEACQ,,,0,ZP5.5,1,dn,0.029
all_atom,dual,NDPCEEVCLQHTGNVKACEEACQ,,,0,ZP5.5,1,up,0.032
all_atom,dual,NDPCEEVCLQHTGNVKACEEACQ,,,0,ZP5.5,2,dn,0.06
all_atom,dual,NDPCEEVCLQHTGNVKACEEACQ,,,0,ZP5.5,2,up,0.068
all_atom,dual,NDPCEEVCLQHTGNVKACEEACQ,,,0,ZP5.5,3,dn,0.07
all_atom,dual,NDPCEEVCLQHTGNVKACEEACQ,,,0,ZP5.5,3,up,0.045
all_atom,dual,NDPCEEVCLQHTGNVKACEEACQ,,,0,ZP5.5,4,dn,0.048
all_atom,dual,NDPCEEVCLQHTGNVKACEEACQ,,,0,ZP5.5,4,up,0.069
all_atom,dual,NDPCEEVCLQHTGNVKACEEACQ,,,0,ZP5.5,5,dn,0.039
all_atom,dual,NDPCEEVCLQHTGNVKACEEACQ,,,0,ZP5.5,5,up,0.042
all_atom,dual,NDPCEEVCLQHTGNVKACEEACQ,,,0,ZP6.5,1,dn,0.011
all_atom,dual,NDPCEEVCLQHTGNVKACEEACQ,,,0,ZP6.5,1,up,0.019
all_atom,dual,NDPCEEVCLQHTGNVKACEEACQ,,,0,ZP6.5,2,dn,0.038
all_atom,dual,NDPCEEVCLQHTGNVKACEEACQ,,,0,ZP6.5,2,up,0.056
all_atom,dual,NDPCEEVCLQHTGNVKACEEACQ,,,0,ZP6.5,3,dn,0.042
all_atom,dual,NDPCEEVCLQHTGNVKACEEACQ,,,0,ZP6.5,3,up,0.043
all_atom,dual,NDPCEEVCLQHTGNVKACEEACQ,,,0,ZP6.5,4,dn,0.031
all_atom,dual,NDPCEEVCLQHTGNVKACEEACQ,,,0,ZP6.5,4,up,0.062
all_atom,dual,NDPCEEVCLQHTGNVKACEEACQ,,,0,ZP6.5,5,dn,0.022
all_atom,dual,NDPCEEVCLQHTGNVKACEEACQ,,,0,ZP6.5,5,up,0.038
all_atom,dual,NDPCEEVCLQHTGNVKACEEACQ,,,0,ZP7.5,1,dn,0.006
all_atom,dual,NDPCEEVCLQHTGNVKACEEACQ,,,0,ZP7.5,1,up,0.015
all_atom,dual,NDPCEEVCLQHTGNVKACEEACQ,,,0,ZP7.5,2,dn,0.014
all_atom,dual,NDPCEEVCLQHTGNVKACEEACQ,,,0,ZP7.5,2,up,0.033
all_atom,dual,NDPCEEVCLQHTGNVKACEEACQ,,,0,ZP7.5,3,dn,0.036
all_atom,dual,NDPCEEVCLQHTGNVKACEEACQ,,,0,ZP7.5,3,up,0.023
all_atom,dual,NDPCEEVCLQHTGNVKACEEACQ,,,0,ZP7.5,4,dn,0.021
all_atom,dual,NDPCEEVCLQHTGNVKACEEACQ,,,0,ZP7.5,4,up,0.028
all_atom,dual,NDPCEEVCLQHTGNVKACEEACQ,,,0,ZP7.5,5,dn,0.012
all_atom,dual,NDPCEEVCLQHTGNVKACEEACQ,,,0,ZP7.5,5,up,0.021
all_atom,dual,NDPCEEVCLQHTGNVKACEEACQ,,,0,ZP8.5,1,dn,0.007
all_atom,dual,NDPCEEVCLQHTGNVKACEEACQ,,,0,ZP8.5,1,up,0.007
all_atom,dual,NDPCEEVCLQHTGNVKACEEACQ,,,0,ZP8.5,2,dn,0.006
all_atom,dual,NDPCEEVCLQHTGNVKACEEACQ,,,0,ZP8.5,2,up,0.021
all_atom,dual,NDPCEEVCLQHTGNVKACEEACQ,,,0,ZP8.5,3,dn,0.012
all_atom,dual,NDPCEEVCLQHTGNVKACEEACQ,,,0,ZP8.5,3,up,0.021
all_atom,dual,NDPCEEVCLQHTGNVKACEEACQ,,,0,ZP8.5,4,dn,0.01
all_atom,dual,NDPCEEVCLQHTGNVKACEEACQ,,,0,ZP8.5,4,up,0.009
all_atom,dual,NDPCEEVCLQHTGNVKACEEACQ,,,0,ZP8.5,5,dn,0.009
all_atom,dual,NDPCEEVCLQHTGNVKACEEACQ,,,0,ZP8.5,5,up,0.013
all_atom,dual,NDPCEEVCLQHTGNVKACEEACQ,,,0,ZP9.5,1,dn,0.001
all_atom,dual,NDPCEEVCLQHTGNVKACEEACQ,,,0,ZP9.5,1,up,0.0
all_atom,dual,NDPCEEVCLQHTGNVKACEEACQ,,,0,ZP9.5,2,dn,0.005
all_atom,dual,NDPCEEVCLQHTGNVKACEEACQ,,,0,ZP9.5,2,up,0.014
all_atom,dual,NDPCEEVCLQHTGNVKACEEACQ,,,0,ZP9.5,3,dn,0.011
all_atom,dual,NDPCEEVCLQHTGNVKACEEACQ,,,0,ZP9.5,3,up,0.003
all_atom,dual,NDPCEEVCLQHTGNVKACEEACQ,,,0,ZP9.5,4,dn,0.003
all_atom,dual,NDPCEEVCLQHTGNVKACEEACQ,,,0,ZP9.5,4,up,0.005
all_atom,dual,NDPCEEVCLQHTGNVKACEEACQ,,,0,ZP9.5,5,dn,0.0
all_atom,dual,NDPCEEVCLQHTGNVKACEEACQ,,,0,ZP9.5,5,up,0.005
all_atom,dual,NEQSGKSQTVIVGSWGAKVS,,,0,APLA12.5,1,dn,55.787
all_atom,dual,NEQSGKSQTVIVGSWGAKVS,,,0,APLA12.5,1,up,57.667
all_atom,dual,NEQSGKSQTVIVGSWGAKVS,,,0,APLA12.5,2,dn,56.877
all_atom,dual,NEQSGKSQTVIVGSWGAKVS,,,0,APLA12.5,2,up,55.757
all_atom,dual,NEQSGKSQTVIVGSWGAKVS,,,0,APLA12.5,3,dn,58.036
all_atom,dual,NEQSGKSQTVIVGSWGAKVS,,,0,APLA12.5,3,up,56.529
all_atom,dual,NEQSGKSQTVIVGSWGAKVS,,,0,APLA12.5,4,dn,57.463
all_atom,dual,NEQSGKSQTVIVGSWGAKVS,,,0,APLA12.5,4,up,57.066
all_atom,dual,NEQSGKSQTVIVGSWGAKVS,,,0,APLA12.5,5,dn,59.107
all_atom,dual,NEQSGKSQTVIVGSWGAKVS,,,0,APLA12.5,5,up,56.194
all_atom,dual,NEQSGKSQTVIVGSWGAKVS,,,0,APLA17.5,1,dn,56.757
all_atom,dual,NEQSGKSQTVIVGSWGAKVS,,,0,APLA17.5,1,up,59.545
all_atom,dual,NEQSGKSQTVIVGSWGAKVS,,,0,APLA17.5,2,dn,56.411
all_atom,dual,NEQSGKSQTVIVGSWGAKVS,,,0,APLA17.5,2,up,57.683
all_atom,dual,NEQSGKSQTVIVGSWGAKVS,,,0,APLA17.5,3,dn,57.484
all_atom,dual,NEQSGKSQTVIVGSWGAKVS,,,0,APLA17.5,3,up,58.868
all_atom,dual,NEQSGKSQTVIVGSWGAKVS,,,0,APLA17.5,4,dn,59.209
all_atom,dual,NEQSGKSQTVIVGSWGAKVS,,,0,APLA17.5,4,up,59.0
all_atom,dual,NEQSGKSQTVIVGSWGAKVS,,,0,APLA17.5,5,dn,59.349
all_atom,dual,NEQSGKSQTVIVGSWGAKVS,,,0,APLA17.5,5,up,58.366
all_atom,dual,NEQSGKSQTVIVGSWGAKVS,,,0,APLA2.5,1,dn,86.507
all_atom,dual,NEQSGKSQTVIVGSWGAKVS,,,0,APLA2.5,1,up,73.851
all_atom,dual,NEQSGKSQTVIVGSWGAKVS,,,0,APLA2.5,2,dn,85.971
all_atom,dual,NEQSGKSQTVIVGSWGAKVS,,,0,APLA2.5,2,up,82.317
all_atom,dual,NEQSGKSQTVIVGSWGAKVS,,,0,APLA2.5,3,dn,74.749
all_atom,dual,NEQSGKSQTVIVGSWGAKVS,,,0,APLA2.5,3,up,80.52
all_atom,dual,NEQSGKSQTVIVGSWGAKVS,,,0,APLA2.5,4,dn,74.437
all_atom,dual,NEQSGKSQTVIVGSWGAKVS,,,0,APLA2.5,4,up,75.855
all_atom,dual,NEQSGKSQTVIVGSWGAKVS,,,0,APLA2.5,5,dn,78.228
all_atom,dual,NEQSGKSQTVIVGSWGAKVS,,,0,APLA2.5,5,up,82.465
all_atom,dual,NEQSGKSQTVIVGSWGAKVS,,,0,APLA7.5,1,dn,66.092
all_atom,dual,NEQSGKSQTVIVGSWGAKVS,,,0,APLA7.5,1,up,63.145
all_atom,dual,NEQSGKSQTVIVGSWGAKVS,,,0,APLA7.5,2,dn,65.984
all_atom,dual,NEQSGKSQTVIVGSWGAKVS,,,0,APLA7.5,2,up,63.997
all_atom,dual,NEQSGKSQTVIVGSWGAKVS,,,0,APLA7.5,3,dn,60.474
all_atom,dual,NEQSGKSQTVIVGSWGAKVS,,,0,APLA7.5,3,up,62.042
all_atom,dual,NEQSGKSQTVIVGSWGAKVS,,,0,APLA7.5,4,dn,61.569
all_atom,dual,NEQSGKSQTVIVGSWGAKVS,,,0,APLA7.5,4,up,61.914
all_atom,dual,NEQSGKSQTVIVGSWGAKVS,,,0,APLA7.5,5,dn,62.694
all_atom,dual,NEQSGKSQTVIVGSWGAKVS,,,0,APLA7.5,5,up,63.337
all_atom,dual,NEQSGKSQTVIVGSWGAKVS,,,0,APLS12.5,1,dn,3.208
all_atom,dual,NEQSGKSQTVIVGSWGAKVS,,,0,APLS12.5,1,up,3.927
all_atom,dual,NEQSGKSQTVIVGSWGAKVS,,,0,APLS12.5,2,dn,4.007
all_atom,dual,NEQSGKSQTVIVGSWGAKVS,,,0,APLS12.5,2,up,3.671
all_atom,dual,NEQSGKSQTVIVGSWGAKVS,,,0,APLS12.5,3,dn,4.246
all_atom,dual,NEQSGKSQTVIVGSWGAKVS,,,0,APLS12.5,3,up,3.554
all_atom,dual,NEQSGKSQTVIVGSWGAKVS,,,0,APLS12.5,4,dn,3.656
all_atom,dual,NEQSGKSQTVIVGSWGAKVS,,,0,APLS12.5,4,up,3.316
all_atom,dual,NEQSGKSQTVIVGSWGAKVS,,,0,APLS12.5,5,dn,4.689
all_atom,dual,NEQSGKSQTVIVGSWGAKVS,,,0,APLS12.5,5,up,3.846
all_atom,dual,NEQSGKSQTVIVGSWGAKVS,,,0,APLS17.5,1,dn,3.316
all_atom,dual,NEQSGKSQTVIVGSWGAKVS,,,0,APLS17.5,1,up,3.743
all_atom,dual,NEQSGKSQTVIVGSWGAKVS,,,0,APLS17.5,2,dn,3.628
all_atom,dual,NEQSGKSQTVIVGSWGAKVS,,,0,APLS17.5,2,up,3.759
all_atom,dual,NEQSGKSQTVIVGSWGAKVS,,,0,APLS17.5,3,dn,3.88
all_atom,dual,NEQSGKSQTVIVGSWGAKVS,,,0,APLS17.5,3,up,3.178
all_atom,dual,NEQSGKSQTVIVGSWGAKVS,,,0,APLS17.5,4,dn,3.984
all_atom,dual,NEQSGKSQTVIVGSWGAKVS,,,0,APLS17.5,4,up,4.088
all_atom,dual,NEQSGKSQTVIVGSWGAKVS,,,0,APLS17.5,5,dn,4.383
all_atom,dual,NEQSGKSQTVIVGSWGAKVS,,,0,APLS17.5,5,up,3.403
all_atom,dual,NEQSGKSQTVIVGSWGAKVS,,,0,APLS2.5,1,dn,10.384
all_atom,dual,NEQSGKSQTVIVGSWGAKVS,,,0,APLS2.5,1,up,7.603
all_atom,dual,NEQSGKSQTVIVGSWGAKVS,,,0,APLS2.5,2,dn,10.111
all_atom,dual,NEQSGKSQTVIVGSWGAKVS,,,0,APLS2.5,2,up,9.324
all_atom,dual,NEQSGKSQTVIVGSWGAKVS,,,0,APLS2.5,3,dn,7.297
all_atom,dual,NEQSGKSQTVIVGSWGAKVS,,,0,APLS2.5,3,up,7.838
all_atom,dual,NEQSGKSQTVIVGSWGAKVS,,,0,APLS2.5,4,dn,7.862
all_atom,dual,NEQSGKSQTVIVGSWGAKVS,,,0,APLS2.5,4,up,7.72
all_atom,dual,NEQSGKSQTVIVGSWGAKVS,,,0,APLS2.5,5,dn,8.904
all_atom,dual,NEQSGKSQTVIVGSWGAKVS,,,0,APLS2.5,5,up,11.221
all_atom,dual,NEQSGKSQTVIVGSWGAKVS,,,0,APLS7.5,1,dn,7.482
all_atom,dual,NEQSGKSQTVIVGSWGAKVS,,,0,APLS7.5,1,up,4.921
all_atom,dual,NEQSGKSQTVIVGSWGAKVS,,,0,APLS7.5,2,dn,6.623
all_atom,dual,NEQSGKSQTVIVGSWGAKVS,,,0,APLS7.5,2,up,6.352
all_atom,dual,NEQSGKSQTVIVGSWGAKVS,,,0,APLS7.5,3,dn,5.468
all_atom,dual,NEQSGKSQTVIVGSWGAKVS,,,0,APLS7.5,3,up,5.77
all_atom,dual,NEQSGKSQTVIVGSWGAKVS,,,0,APLS7.5,4,dn,6.208
all_atom,dual,NEQSGKSQTVIVGSWGAKVS,,,0,APLS7.5,4,up,5.783
all_atom,dual,NEQSGKSQTVIVGSWGAKVS,,,0,APLS7.5,5,dn,5.853
all_atom,dual,NEQSGKSQTVIVGSWGAKVS,,,0,APLS7.5,5,up,6.175
all_atom,dual,NEQSGKSQTVIVGSWGAKVS,,,0,H0,1,dn,0.0
all_atom,dual,NEQSGKSQTVIVGSWGAKVS,,,0,H0,1,up,0.0
all_atom,dual,NEQSGKSQTVIVGSWGAKVS,,,0,H0,2,dn,0.0
all_atom,dual,NEQSGKSQTVIVGSWGAKVS,,,0,H0,2,up,0.0
all_atom,dual,NEQSGKSQTVIVGSWGAKVS,,,0,H0,3,dn,0.0
all_atom,dual,NEQSGKSQTVIVGSWGAKVS,,,0,H0,3,up,0.0
all_atom,dual,NEQSGKSQTVIVGSWGAKVS,,,0,H0,4,dn,0.0
all_atom,dual,NEQSGKSQTVIVGSWGAKVS,,,0,H0,4,up,0.0
all_atom,dual,NEQSGKSQTVIVGSWGAKVS,,,0,H0,5,dn,0.0
all_atom,dual,NEQSGKSQTVIVGSWGAKVS,,,0,H0,5,up,0.0
all_atom,dual,NEQSGKSQTVIVGSWGAKVS,,,0,H1,1,dn,0.105
all_atom,dual,NEQSGKSQTVIVGSWGAKVS,,,0,H1,1,up,0.483
all_atom,dual,NEQSGKSQTVIVGSWGAKVS,,,0,H1,2,dn,0.0
all_atom,dual,NEQSGKSQTVIVGSWGAKVS,,,0,H1,2,up,0.0
all_atom,dual,NEQSGKSQTVIVGSWGAKVS,,,0,H1,3,dn,0.0
all_atom,dual,NEQSGKSQTVIVGSWGAKVS,,,0,H1,3,up,0.0
all_atom,dual,NEQSGKSQTVIVGSWGAKVS,,,0,H1,4,dn,0.0
all_atom,dual,NEQSGKSQTVIVGSWGAKVS,,,0,H1,4,up,0.0
all_atom,dual,NEQSGKSQTVIVGSWGAKVS,,,0,H1,5,dn,0.0
all_atom,dual,NEQSGKSQTVIVGSWGAKVS,,,0,H1,5,up,0.0
all_atom,dual,NEQSGKSQTVIVGSWGAKVS,,,0,H10,1,dn,0.0
all_atom,dual,NEQSGKSQTVIVGSWGAKVS,,,0,H10,1,up,0.0
all_atom,dual,NEQSGKSQTVIVGSWGAKVS,,,0,H10,2,dn,0.0
all_atom,dual,NEQSGKSQTVIVGSWGAKVS,,,0,H10,2,up,0.0
all_atom,dual,NEQSGKSQTVIVGSWGAKVS,,,0,H10,3,dn,0.0
all_atom,dual,NEQSGKSQTVIVGSWGAKVS,,,0,H10,3,up,0.0
all_atom,dual,NEQSGKSQTVIVGSWGAKVS,,,0,H10,4,dn,0.0
all_atom,dual,NEQSGKSQTVIVGSWGAKVS,,,0,H10,4,up,0.0
all_atom,dual,NEQSGKSQTVIVGSWGAKVS,,,0,H10,5,dn,0.0
all_atom,dual,NEQSGKSQTVIVGSWGAKVS,,,0,H10,5,up,0.0
all_atom,dual,NEQSGKSQTVIVGSWGAKVS,,,0,H2,1,dn,0.96
all_atom,dual,NEQSGKSQTVIVGSWGAKVS,,,0,H2,1,up,0.998
all_atom,dual,NEQSGKSQTVIVGSWGAKVS,,,0,H2,2,dn,0.988
all_atom,dual,NEQSGKSQTVIVGSWGAKVS,,,0,H2,2,up,0.98
all_atom,dual,NEQSGKSQTVIVGSWGAKVS,,,0,H2,3,dn,0.901
all_atom,dual,NEQSGKSQTVIVGSWGAKVS,,,0,H2,3,up,0.939
all_atom,dual,NEQSGKSQTVIVGSWGAKVS,,,0,H2,4,dn,0.98
all_atom,dual,NEQSGKSQTVIVGSWGAKVS,,,0,H2,4,up,0.99
all_atom,dual,NEQSGKSQTVIVGSWGAKVS,,,0,H2,5,dn,0.941
all_atom,dual,NEQSGKSQTVIVGSWGAKVS,,,0,H2,5,up,0.98
all_atom,dual,NEQSGKSQTVIVGSWGAKVS,,,0,H3,1,dn,0.987
all_atom,dual,NEQSGKSQTVIVGSWGAKVS,,,0,H3,1,up,1.0
all_atom,dual,NEQSGKSQTVIVGSWGAKVS,,,0,H3,2,dn,1.0
all_atom,dual,NEQSGKSQTVIVGSWGAKVS,,,0,H3,2,up,0.997
all_atom,dual,NEQSGKSQTVIVGSWGAKVS,,,0,H3,3,dn,0.99
all_atom,dual,NEQSGKSQTVIVGSWGAKVS,,,0,H3,3,up,0.974
all_atom,dual,NEQSGKSQTVIVGSWGAKVS,,,0,H3,4,dn,1.0
all_atom,dual,NEQSGKSQTVIVGSWGAKVS,,,0,H3,4,up,1.0
all_atom,dual,NEQSGKSQTVIVGSWGAKVS,,,0,H3,5,dn,0.983
all_atom,dual,NEQSGKSQTVIVGSWGAKVS,,,0,H3,5,up,1.0
all_atom,dual,NEQSGKSQTVIVGSWGAKVS,,,0,H4,1,dn,0.994
all_atom,dual,NEQSGKSQTVIVGSWGAKVS,,,0,H4,1,up,1.0
all_atom,dual,NEQSGKSQTVIVGSWGAKVS,,,0,H4,2,dn,1.0
all_atom,dual,NEQSGKSQTVIVGSWGAKVS,,,0,H4,2,up,1.0
all_atom,dual,NEQSGKSQTVIVGSWGAKVS,,,0,H4,3,dn,1.0
all_atom,dual,NEQSGKSQTVIVGSWGAKVS,,,0,H4,3,up,1.0
all_atom,dual,NEQSGKSQTVIVGSWGAKVS,,,0,H4,4,dn,1.0
all_atom,dual,NEQSGKSQTVIVGSWGAKVS,,,0,H4,4,up,1.0
all_atom,dual,NEQSGKSQTVIVGSWGAKVS,,,0,H4,5,dn,1.0
all_atom,dual,NEQSGKSQTVIVGSWGAKVS,,,0,H4,5,up,1.0
all_atom,dual,NEQSGKSQTVIVGSWGAKVS,,,0,H5,1,dn,1.0
all_atom,dual,NEQSGKSQTVIVGSWGAKVS,,,0,H5,1,up,1.0
all_atom,dual,NEQSGKSQTVIVGSWGAKVS,,,0,H5,2,dn,1.0
all_atom,dual,NEQSGKSQTVIVGSWGAKVS,,,0,H5,2,up,0.985
all_atom,dual,NEQSGKSQTVIVGSWGAKVS,,,0,H5,3,dn,1.0
all_atom,dual,NEQSGKSQTVIVGSWGAKVS,,,0,H5,3,up,1.0
all_atom,dual,NEQSGKSQTVIVGSWGAKVS,,,0,H5,4,dn,1.0
all_atom,dual,NEQSGKSQTVIVGSWGAKVS,,,0,H5,4,up,1.0
all_atom,dual,NEQSGKSQTVIVGSWGAKVS,,,0,H5,5,dn,1.0
all_atom,dual,NEQSGKSQTVIVGSWGAKVS,,,0,H5,5,up,1.0
all_atom,dual,NEQSGKSQTVIVGSWGAKVS,,,0,H6,1,dn,1.0
all_atom,dual,NEQSGKSQTVIVGSWGAKVS,,,0,H6,1,up,1.0
all_atom,dual,NEQSGKSQTVIVGSWGAKVS,,,0,H6,2,dn,1.0
all_atom,dual,NEQSGKSQTVIVGSWGAKVS,,,0,H6,2,up,1.0
all_atom,dual,NEQSGKSQTVIVGSWGAKVS,,,0,H6,3,dn,1.0
all_atom,dual,NEQSGKSQTVIVGSWGAKVS,,,0,H6,3,up,1.0
all_atom,dual,NEQSGKSQTVIVGSWGAKVS,,,0,H6,4,dn,1.0
all_atom,dual,NEQSGKSQTVIVGSWGAKVS,,,0,H6,4,up,1.0
all_atom,dual,NEQSGKSQTVIVGSWGAKVS,,,0,H6,5,dn,1.0
all_atom,dual,NEQSGKSQTVIVGSWGAKVS,,,0,H6,5,up,1.0
all_atom,dual,NEQSGKSQTVIVGSWGAKVS,,,0,H7,1,dn,1.0
all_atom,dual,NEQSGKSQTVIVGSWGAKVS,,,0,H7,1,up,1.0
all_atom,dual,NEQSGKSQTVIVGSWGAKVS,,,0,H7,2,dn,1.0
all_atom,dual,NEQSGKSQTVIVGSWGAKVS,,,0,H7,2,up,1.0
all_atom,dual,NEQSGKSQTVIVGSWGAKVS,,,0,H7,3,dn,0.954
all_atom,dual,NEQSGKSQTVIVGSWGAKVS,,,0,H7,3,up,0.994
all_atom,dual,NEQSGKSQTVIVGSWGAKVS,,,0,H7,4,dn,0.994
all_atom,dual,NEQSGKSQTVIVGSWGAKVS,,,0,H7,4,up,0.997
all_atom,dual,NEQSGKSQTVIVGSWGAKVS,,,0,H7,5,dn,0.997
all_atom,dual,NEQSGKSQTVIVGSWGAKVS,,,0,H7,5,up,0.997
all_atom,dual,NEQSGKSQTVIVGSWGAKVS,,,0,H8,1,dn,0.982
all_atom,dual,NEQSGKSQTVIVGSWGAKVS,,,0,H8,1,up,0.996
all_atom,dual,NEQSGKSQTVIVGSWGAKVS,,,0,H8,2,dn,0.968
all_atom,dual,NEQSGKSQTVIVGSWGAKVS,,,0,H8,2,up,0.998
all_atom,dual,NEQSGKSQTVIVGSWGAKVS,,,0,H8,3,dn,0.705
all_atom,dual,NEQSGKSQTVIVGSWGAKVS,,,0,H8,3,up,0.824
all_atom,dual,NEQSGKSQTVIVGSWGAKVS,,,0,H8,4,dn,0.848
all_atom,dual,NEQSGKSQTVIVGSWGAKVS,,,0,H8,4,up,0.737
all_atom,dual,NEQSGKSQTVIVGSWGAKVS,,,0,H8,5,dn,0.899
all_atom,dual,NEQSGKSQTVIVGSWGAKVS,,,0,H8,5,up,0.798
all_atom,dual,NEQSGKSQTVIVGSWGAKVS,,,0,H9,1,dn,0.854
all_atom,dual,NEQSGKSQTVIVGSWGAKVS,,,0,H9,1,up,0.876
all_atom,dual,NEQSGKSQTVIVGSWGAKVS,,,0,H9,2,dn,0.791
all_atom,dual,NEQSGKSQTVIVGSWGAKVS,,,0,H9,2,up,0.89
all_atom,dual,NEQSGKSQTVIVGSWGAKVS,,,0,H9,3,dn,0.0
all_atom,dual,NEQSGKSQTVIVGSWGAKVS,,,0,H9,3,up,0.132
all_atom,dual,NEQSGKSQTVIVGSWGAKVS,,,0,H9,4,dn,0.0
all_atom,dual,NEQSGKSQTVIVGSWGAKVS,,,0,H9,4,up,0.0
all_atom,dual,NEQSGKSQTVIVGSWGAKVS,,,0,H9,5,dn,0.0
all_atom,dual,NEQSGKSQTVIVGSWGAKVS,,,0,H9,5,up,0.0
all_atom,dual,NEQSGKSQTVIVGSWGAKVS,,,0,HM,1,dn,0.771
all_atom,dual,NEQSGKSQTVIVGSWGAKVS,,,0,HM,1,up,0.816
all_atom,dual,NEQSGKSQTVIVGSWGAKVS,,,0,HM,2,dn,0.759
all_atom,dual,NEQSGKSQTVIVGSWGAKVS,,,0,HM,2,up,0.764
all_atom,dual,NEQSGKSQTVIVGSWGAKVS,,,0,HM,3,dn,0.624
all_atom,dual,NEQSGKSQTVIVGSWGAKVS,,,0,HM,3,up,0.66
all_atom,dual,NEQSGKSQTVIVGSWGAKVS,,,0,HM,4,dn,0.666
all_atom,dual,NEQSGKSQTVIVGSWGAKVS,,,0,HM,4,up,0.645
all_atom,dual,NEQSGKSQTVIVGSWGAKVS,,,0,HM,5,dn,0.668
all_atom,dual,NEQSGKSQTVIVGSWGAKVS,,,0,HM,5,up,0.656
all_atom,dual,NEQSGKSQTVIVGSWGAKVS,,,0,PEPT_BUR_MAX,1,dn,11.17
all_atom,dual,NEQSGKSQTVIVGSWGAKVS,,,0,PEPT_BUR_MAX,1,up,12.71
all_atom,dual,NEQSGKSQTVIVGSWGAKVS,,,0,PEPT_BUR_MAX,2,dn,6.46
all_atom,dual,NEQSGKSQTVIVGSWGAKVS,,,0,PEPT_BUR_MAX,2,up,9.61
all_atom,dual,NEQSGKSQTVIVGSWGAKVS,,,0,PEPT_BUR_MAX,3,dn,9.79
all_atom,dual,NEQSGKSQTVIVGSWGAKVS,,,0,PEPT_BUR_MAX,3,up,8.66
all_atom,dual,NEQSGKSQTVIVGSWGAKVS,,,0,PEPT_BUR_MAX,4,dn,8.1
all_atom,dual,NEQSGKSQTVIVGSWGAKVS,,,0,PEPT_BUR_MAX,4,up,9.87
all_atom,dual,NEQSGKSQTVIVGSWGAKVS,,,0,PEPT_BUR_MAX,5,dn,6.15
all_atom,dual,NEQSGKSQTVIVGSWGAKVS,,,0,PEPT_BUR_MAX,5,up,11.21
all_atom,dual,NEQSGKSQTVIVGSWGAKVS,,,0,S,1,dn,0.522
all_atom,dual,NEQSGKSQTVIVGSWGAKVS,,,0,S,1,up,0.421
all_atom,dual,NEQSGKSQTVIVGSWGAKVS,,,0,S,2,dn,0.6
all_atom,dual,NEQSGKSQTVIVGSWGAKVS,,,0,S,2,up,0.536
all_atom,dual,NEQSGKSQTVIVGSWGAKVS,,,0,S,3,dn,0.516
all_atom,dual,NEQSGKSQTVIVGSWGAKVS,,,0,S,3,up,0.6
all_atom,dual,NEQSGKSQTVIVGSWGAKVS,,,0,S,4,dn,0.705
all_atom,dual,NEQSGKSQTVIVGSWGAKVS,,,0,S,4,up,0.66
all_atom,dual,NEQSGKSQTVIVGSWGAKVS,,,0,S,5,dn,0.794
all_atom,dual,NEQSGKSQTVIVGSWGAKVS,,,0,S,5,up,0.444
all_atom,dual,NEQSGKSQTVIVGSWGAKVS,,,0,WAT_BUR_MAX,1,dn,11.73
all_atom,dual,NEQSGKSQTVIVGSWGAKVS,,,0,WAT_BUR_MAX,1,up,11.52
all_atom,dual,NEQSGKSQTVIVGSWGAKVS,,,0,WAT_BUR_MAX,2,dn,8.79
all_atom,dual,NEQSGKSQTVIVGSWGAKVS,,,0,WAT_BUR_MAX,2,up,11.03
all_atom,dual,NEQSGKSQTVIVGSWGAKVS,,,0,WAT_BUR_MAX,3,dn,10.47
all_atom,dual,NEQSGKSQTVIVGSWGAKVS,,,0,WAT_BUR_MAX,3,up,9.66
all_atom,dual,NEQSGKSQTVIVGSWGAKVS,,,0,WAT_BUR_MAX,4,dn,7.66
all_atom,dual,NEQSGKSQTVIVGSWGAKVS,,,0,WAT_BUR_MAX,4,up,10.86
all_atom,dual,NEQSGKSQTVIVGSWGAKVS,,,0,WAT_BUR_MAX,5,dn,7.14
all_atom,dual,NEQSGKSQTVIVGSWGAKVS,,,0,WAT_BUR_MAX,5,up,11.56
all_atom,dual,NEQSGKSQTVIVGSWGAKVS,,,0,WAT_BUR_REL,1,dn,0.97
all_atom,dual,NEQSGKSQTVIVGSWGAKVS,,,0,WAT_BUR_REL,1,up,0.08
all_atom,dual,NEQSGKSQTVIVGSWGAKVS,,,0,WAT_BUR_REL,2,dn,0.99
all_atom,dual,NEQSGKSQTVIVGSWGAKVS,,,0,WAT_BUR_REL,2,up,2.19
all_atom,dual,NEQSGKSQTVIVGSWGAKVS,,,0,WAT_BUR_REL,3,dn,0.71
all_atom,dual,NEQSGKSQTVIVGSWGAKVS,,,0,WAT_BUR_REL,3,up,2.34
all_atom,dual,NEQSGKSQTVIVGSWGAKVS,,,0,WAT_BUR_REL,4,dn,0.71
all_atom,dual,NEQSGKSQTVIVGSWGAKVS,,,0,WAT_BUR_REL,4,up,1.28
all_atom,dual,NEQSGKSQTVIVGSWGAKVS,,,0,WAT_BUR_REL,5,dn,1.36
all_atom,dual,NEQSGKSQTVIVGSWGAKVS,,,0,WAT_BUR_REL,5,up,0.74
all_atom,dual,NEQSGKSQTVIVGSWGAKVS,,,0,ZP-0.5,1,dn,0.1
all_atom,dual,NEQSGKSQTVIVGSWGAKVS,,,0,ZP-0.5,1,up,0.136
all_atom,dual,NEQSGKSQTVIVGSWGAKVS,,,0,ZP-0.5,2,dn,0.132
all_atom,dual,NEQSGKSQTVIVGSWGAKVS,,,0,ZP-0.5,2,up,0.112
all_atom,dual,NEQSGKSQTVIVGSWGAKVS,,,0,ZP-0.5,3,dn,0.163
all_atom,dual,NEQSGKSQTVIVGSWGAKVS,,,0,ZP-0.5,3,up,0.146
all_atom,dual,NEQSGKSQTVIVGSWGAKVS,,,0,ZP-0.5,4,dn,0.13
all_atom,dual,NEQSGKSQTVIVGSWGAKVS,,,0,ZP-0.5,4,up,0.123
all_atom,dual,NEQSGKSQTVIVGSWGAKVS,,,0,ZP-0.5,5,dn,0.131
all_atom,dual,NEQSGKSQTVIVGSWGAKVS,,,0,ZP-0.5,5,up,0.124
all_atom,dual,NEQSGKSQTVIVGSWGAKVS,,,0,ZP-1.5,1,dn,0.078
all_atom,dual,NEQSGKSQTVIVGSWGAKVS,,,0,ZP-1.5,1,up,0.114
all_atom,dual,NEQSGKSQTVIVGSWGAKVS,,,0,ZP-1.5,2,dn,0.106
all_atom,dual,NEQSGKSQTVIVGSWGAKVS,,,0,ZP-1.5,2,up,0.112
all_atom,dual,NEQSGKSQTVIVGSWGAKVS,,,0,ZP-1.5,3,dn,0.131
all_atom,dual,NEQSGKSQTVIVGSWGAKVS,,,0,ZP-1.5,3,up,0.098
all_atom,dual,NEQSGKSQTVIVGSWGAKVS,,,0,ZP-1.5,4,dn,0.145
all_atom,dual,NEQSGKSQTVIVGSWGAKVS,,,0,ZP-1.5,4,up,0.115
all_atom,dual,NEQSGKSQTVIVGSWGAKVS,,,0,ZP-1.5,5,dn,0.115
all_atom,dual,NEQSGKSQTVIVGSWGAKVS,,,0,ZP-1.5,5,up,0.116
all_atom,dual,NEQSGKSQTVIVGSWGAKVS,,,0,ZP-2.5,1,dn,0.054
all_atom,dual,NEQSGKSQTVIVGSWGAKVS,,,0,ZP-2.5,1,up,0.089
all_atom,dual,NEQSGKSQTVIVGSWGAKVS,,,0,ZP-2.5,2,dn,0.051
all_atom,dual,NEQSGKSQTVIVGSWGAKVS,,,0,ZP-2.5,2,up,0.07
all_atom,dual,NEQSGKSQTVIVGSWGAKVS,,,0,ZP-2.5,3,dn,0.098
all_atom,dual,NEQSGKSQTVIVGSWGAKVS,,,0,ZP-2.5,3,up,0.083
all_atom,dual,NEQSGKSQTVIVGSWGAKVS,,,0,ZP-2.5,4,dn,0.113
all_atom,dual,NEQSGKSQTVIVGSWGAKVS,,,0,ZP-2.5,4,up,0.126
all_atom,dual,NEQSGKSQTVIVGSWGAKVS,,,0,ZP-2.5,5,dn,0.114
all_atom,dual,NEQSGKSQTVIVGSWGAKVS,,,0,ZP-2.5,5,up,0.09
all_atom,dual,NEQSGKSQTVIVGSWGAKVS,,,0,ZP-3.5,1,dn,0.065
all_atom,dual,NEQSGKSQTVIVGSWGAKVS,,,0,ZP-3.5,1,up,0.052
all_atom,dual,NEQSGKSQTVIVGSWGAKVS,,,0,ZP-3.5,2,dn,0.034
all_atom,dual,NEQSGKSQTVIVGSWGAKVS,,,0,ZP-3.5,2,up,0.036
all_atom,dual,NEQSGKSQTVIVGSWGAKVS,,,0,ZP-3.5,3,dn,0.053
all_atom,dual,NEQSGKSQTVIVGSWGAKVS,,,0,ZP-3.5,3,up,0.066
all_atom,dual,NEQSGKSQTVIVGSWGAKVS,,,0,ZP-3.5,4,dn,0.092
all_atom,dual,NEQSGKSQTVIVGSWGAKVS,,,0,ZP-3.5,4,up,0.096
all_atom,dual,NEQSGKSQTVIVGSWGAKVS,,,0,ZP-3.5,5,dn,0.072
all_atom,dual,NEQSGKSQTVIVGSWGAKVS,,,0,ZP-3.5,5,up,0.043
all_atom,dual,NEQSGKSQTVIVGSWGAKVS,,,0,ZP-4.5,1,dn,0.021
all_atom,dual,NEQSGKSQTVIVGSWGAKVS,,,0,ZP-4.5,1,up,0.035
all_atom,dual,NEQSGKSQTVIVGSWGAKVS,,,0,ZP-4.5,2,dn,0.017
all_atom,dual,NEQSGKSQTVIVGSWGAKVS,,,0,ZP-4.5,2,up,0.027
all_atom,dual,NEQSGKSQTVIVGSWGAKVS,,,0,ZP-4.5,3,dn,0.032
all_atom,dual,NEQSGKSQTVIVGSWGAKVS,,,0,ZP-4.5,3,up,0.051
all_atom,dual,NEQSGKSQTVIVGSWGAKVS,,,0,ZP-4.5,4,dn,0.07
all_atom,dual,NEQSGKSQTVIVGSWGAKVS,,,0,ZP-4.5,4,up,0.057
all_atom,dual,NEQSGKSQTVIVGSWGAKVS,,,0,ZP-4.5,5,dn,0.058
all_atom,dual,NEQSGKSQTVIVGSWGAKVS,,,0,ZP-4.5,5,up,0.043
all_atom,dual,NEQSGKSQTVIVGSWGAKVS,,,0,ZP-5.5,1,dn,0.01
all_atom,dual,NEQSGKSQTVIVGSWGAKVS,,,0,ZP-5.5,1,up,0.026
all_atom,dual,NEQSGKSQTVIVGSWGAKVS,,,0,ZP-5.5,2,dn,0.014
all_atom,dual,NEQSGKSQTVIVGSWGAKVS,,,0,ZP-5.5,2,up,0.009
all_atom,dual,NEQSGKSQTVIVGSWGAKVS,,,0,ZP-5.5,3,dn,0.014
all_atom,dual,NEQSGKSQTVIVGSWGAKVS,,,0,ZP-5.5,3,up,0.012
all_atom,dual,NEQSGKSQTVIVGSWGAKVS,,,0,ZP-5.5,4,dn,0.032
all_atom,dual,NEQSGKSQTVIVGSWGAKVS,,,0,ZP-5.5,4,up,0.038
all_atom,dual,NEQSGKSQTVIVGSWGAKVS,,,0,ZP-5.5,5,dn,0.04
all_atom,dual,NEQSGKSQTVIVGSWGAKVS,,,0,ZP-5.5,5,up,0.015
all_atom,dual,NEQSGKSQTVIVGSWGAKVS,,,0,ZP-6.5,1,dn,0.008
all_atom,dual,NEQSGKSQTVIVGSWGAKVS,,,0,ZP-6.5,1,up,0.015
all_atom,dual,NEQSGKSQTVIVGSWGAKVS,,,0,ZP-6.5,2,dn,0.008
all_atom,dual,NEQSGKSQTVIVGSWGAKVS,,,0,ZP-6.5,2,up,0.001
all_atom,dual,NEQSGKSQTVIVGSWGAKVS,,,0,ZP-6.5,3,dn,0.005
all_atom,dual,NEQSGKSQTVIVGSWGAKVS,,,0,ZP-6.5,3,up,0.008
all_atom,dual,NEQSGKSQTVIVGSWGAKVS,,,0,ZP-6.5,4,dn,0.02
all_atom,dual,NEQSGKSQTVIVGSWGAKVS,,,0,ZP-6.5,4,up,0.02
all_atom,dual,NEQSGKSQTVIVGSWGAKVS,,,0,ZP-6.5,5,dn,0.025
all_atom,dual,NEQSGKSQTVIVGSWGAKVS,,,0,ZP-6.5,5,up,0.011
all_atom,dual,NEQSGKSQTVIVGSWGAKVS,,,0,ZP-7.5,1,dn,0.0
all_atom,dual,NEQSGKSQTVIVGSWGAKVS,,,0,ZP-7.5,1,up,0.009
all_atom,dual,NEQSGKSQTVIVGSWGAKVS,,,0,ZP-7.5,2,dn,0.001
all_atom,dual,NEQSGKSQTVIVGSWGAKVS,,,0,ZP-7.5,2,up,0.0
all_atom,dual,NEQSGKSQTVIVGSWGAKVS,,,0,ZP-7.5,3,dn,0.001
all_atom,dual,NEQSGKSQTVIVGSWGAKVS,,,0,ZP-7.5,3,up,0.0
all_atom,dual,NEQSGKSQTVIVGSWGAKVS,,,0,ZP-7.5,4,dn,0.015
all_atom,dual,NEQSGKSQTVIVGSWGAKVS,,,0,ZP-7.5,4,up,0.015
all_atom,dual,NEQSGKSQTVIVGSWGAKVS,,,0,ZP-7.5,5,dn,0.023
all_atom,dual,NEQSGKSQTVIVGSWGAKVS,,,0,ZP-7.5,5,up,0.003
all_atom,dual,NEQSGKSQTVIVGSWGAKVS,,,0,ZP-8.5,1,dn,0.0
all_atom,dual,NEQSGKSQTVIVGSWGAKVS,,,0,ZP-8.5,1,up,0.0
all_atom,dual,NEQSGKSQTVIVGSWGAKVS,,,0,ZP-8.5,2,dn,0.001
all_atom,dual,NEQSGKSQTVIVGSWGAKVS,,,0,ZP-8.5,2,up,0.0
all_atom,dual,NEQSGKSQTVIVGSWGAKVS,,,0,ZP-8.5,3,dn,0.001
all_atom,dual,NEQSGKSQTVIVGSWGAKVS,,,0,ZP-8.5,3,up,0.0
all_atom,dual,NEQSGKSQTVIVGSWGAKVS,,,0,ZP-8.5,4,dn,0.005
all_atom,dual,NEQSGKSQTVIVGSWGAKVS,,,0,ZP-8.5,4,up,0.005
all_atom,dual,NEQSGKSQTVIVGSWGAKVS,,,0,ZP-8.5,5,dn,0.008
all_atom,dual,NEQSGKSQTVIVGSWGAKVS,,,0,ZP-8.5,5,up,0.003
all_atom,dual,NEQSGKSQTVIVGSWGAKVS,,,0,ZP-9.5,1,dn,0.0
all_atom,dual,NEQSGKSQTVIVGSWGAKVS,,,0,ZP-9.5,1,up,0.004
all_atom,dual,NEQSGKSQTVIVGSWGAKVS,,,0,ZP-9.5,2,dn,0.0
all_atom,dual,NEQSGKSQTVIVGSWGAKVS,,,0,ZP-9.5,2,up,0.0
all_atom,dual,NEQSGKSQTVIVGSWGAKVS,,,0,ZP-9.5,3,dn,0.0
all_atom,dual,NEQSGKSQTVIVGSWGAKVS,,,0,ZP-9.5,3,up,0.0
all_atom,dual,NEQSGKSQTVIVGSWGAKVS,,,0,ZP-9.5,4,dn,0.004
all_atom,dual,NEQSGKSQTVIVGSWGAKVS,,,0,ZP-9.5,4,up,0.002
all_atom,dual,NEQSGKSQTVIVGSWGAKVS,,,0,ZP-9.5,5,dn,0.006
all_atom,dual,NEQSGKSQTVIVGSWGAKVS,,,0,ZP-9.5,5,up,0.0
all_atom,dual,NEQSGKSQTVIVGSWGAKVS,,,0,ZP0.5,1,dn,0.12
all_atom,dual,NEQSGKSQTVIVGSWGAKVS,,,0,ZP0.5,1,up,0.135
all_atom,dual,NEQSGKSQTVIVGSWGAKVS,,,0,ZP0.5,2,dn,0.113
all_atom,dual,NEQSGKSQTVIVGSWGAKVS,,,0,ZP0.5,2,up,0.178
all_atom,dual,NEQSGKSQTVIVGSWGAKVS,,,0,ZP0.5,3,dn,0.134
all_atom,dual,NEQSGKSQTVIVGSWGAKVS,,,0,ZP0.5,3,up,0.121
all_atom,dual,NEQSGKSQTVIVGSWGAKVS,,,0,ZP0.5,4,dn,0.108
all_atom,dual,NEQSGKSQTVIVGSWGAKVS,,,0,ZP0.5,4,up,0.129
all_atom,dual,NEQSGKSQTVIVGSWGAKVS,,,0,ZP0.5,5,dn,0.108
all_atom,dual,NEQSGKSQTVIVGSWGAKVS,,,0,ZP0.5,5,up,0.132
all_atom,dual,NEQSGKSQTVIVGSWGAKVS,,,0,ZP1.5,1,dn,0.13
all_atom,dual,NEQSGKSQTVIVGSWGAKVS,,,0,ZP1.5,1,up,0.127
all_atom,dual,NEQSGKSQTVIVGSWGAKVS,,,0,ZP1.5,2,dn,0.132
all_atom,dual,NEQSGKSQTVIVGSWGAKVS,,,0,ZP1.5,2,up,0.143
all_atom,dual,NEQSGKSQTVIVGSWGAKVS,,,0,ZP1.5,3,dn,0.139
all_atom,dual,NEQSGKSQTVIVGSWGAKVS,,,0,ZP1.5,3,up,0.124
all_atom,dual,NEQSGKSQTVIVGSWGAKVS,,,0,ZP1.5,4,dn,0.108
all_atom,dual,NEQSGKSQTVIVGSWGAKVS,,,0,ZP1.5,4,up,0.093
all_atom,dual,NEQSGKSQTVIVGSWGAKVS,,,0,ZP1.5,5,dn,0.084
all_atom,dual,NEQSGKSQTVIVGSWGAKVS,,,0,ZP1.5,5,up,0.13
all_atom,dual,NEQSGKSQTVIVGSWGAKVS,,,0,ZP2.5,1,dn,0.114
all_atom,dual,NEQSGKSQTVIVGSWGAKVS,,,0,ZP2.5,1,up,0.09
all_atom,dual,NEQSGKSQTVIVGSWGAKVS,,,0,ZP2.5,2,dn,0.138
all_atom,dual,NEQSGKSQTVIVGSWGAKVS,,,0,ZP2.5,2,up,0.116
all_atom,dual,NEQSGKSQTVIVGSWGAKVS,,,0,ZP2.5,3,dn,0.077
all_atom,dual,NEQSGKSQTVIVGSWGAKVS,,,0,ZP2.5,3,up,0.113
all_atom,dual,NEQSGKSQTVIVGSWGAKVS,,,0,ZP2.5,4,dn,0.053
all_atom,dual,NEQSGKSQTVIVGSWGAKVS,,,0,ZP2.5,4,up,0.072
all_atom,dual,NEQSGKSQTVIVGSWGAKVS,,,0,ZP2.5,5,dn,0.075
all_atom,dual,NEQSGKSQTVIVGSWGAKVS,,,0,ZP2.5,5,up,0.088
all_atom,dual,NEQSGKSQTVIVGSWGAKVS,,,0,ZP3.5,1,dn,0.118
all_atom,dual,NEQSGKSQTVIVGSWGAKVS,,,0,ZP3.5,1,up,0.071
all_atom,dual,NEQSGKSQTVIVGSWGAKVS,,,0,ZP3.5,2,dn,0.085
all_atom,dual,NEQSGKSQTVIVGSWGAKVS,,,0,ZP3.5,2,up,0.092
all_atom,dual,NEQSGKSQTVIVGSWGAKVS,,,0,ZP3.5,3,dn,0.062
all_atom,dual,NEQSGKSQTVIVGSWGAKVS,,,0,ZP3.5,3,up,0.09
all_atom,dual,NEQSGKSQTVIVGSWGAKVS,,,0,ZP3.5,4,dn,0.041
all_atom,dual,NEQSGKSQTVIVGSWGAKVS,,,0,ZP3.5,4,up,0.058
all_atom,dual,NEQSGKSQTVIVGSWGAKVS,,,0,ZP3.5,5,dn,0.057
all_atom,dual,NEQSGKSQTVIVGSWGAKVS,,,0,ZP3.5,5,up,0.058
all_atom,dual,NEQSGKSQTVIVGSWGAKVS,,,0,ZP4.5,1,dn,0.069
all_atom,dual,NEQSGKSQTVIVGSWGAKVS,,,0,ZP4.5,1,up,0.058
all_atom,dual,NEQSGKSQTVIVGSWGAKVS,,,0,ZP4.5,2,dn,0.069
all_atom,dual,NEQSGKSQTVIVGSWGAKVS,,,0,ZP4.5,2,up,0.052
all_atom,dual,NEQSGKSQTVIVGSWGAKVS,,,0,ZP4.5,3,dn,0.036
all_atom,dual,NEQSGKSQTVIVGSWGAKVS,,,0,ZP4.5,3,up,0.048
all_atom,dual,NEQSGKSQTVIVGSWGAKVS,,,0,ZP4.5,4,dn,0.035
all_atom,dual,NEQSGKSQTVIVGSWGAKVS,,,0,ZP4.5,4,up,0.027
all_atom,dual,NEQSGKSQTVIVGSWGAKVS,,,0,ZP4.5,5,dn,0.041
all_atom,dual,NEQSGKSQTVIVGSWGAKVS,,,0,ZP4.5,5,up,0.061
all_atom,dual,NEQSGKSQTVIVGSWGAKVS,,,0,ZP5.5,1,dn,0.058
all_atom,dual,NEQSGKSQTVIVGSWGAKVS,,,0,ZP5.5,1,up,0.016
all_atom,dual,NEQSGKSQTVIVGSWGAKVS,,,0,ZP5.5,2,dn,0.052
all_atom,dual,NEQSGKSQTVIVGSWGAKVS,,,0,ZP5.5,2,up,0.028
all_atom,dual,NEQSGKSQTVIVGSWGAKVS,,,0,ZP5.5,3,dn,0.03
all_atom,dual,NEQSGKSQTVIVGSWGAKVS,,,0,ZP5.5,3,up,0.023
all_atom,dual,NEQSGKSQTVIVGSWGAKVS,,,0,ZP5.5,4,dn,0.018
all_atom,dual,NEQSGKSQTVIVGSWGAKVS,,,0,ZP5.5,4,up,0.014
all_atom,dual,NEQSGKSQTVIVGSWGAKVS,,,0,ZP5.5,5,dn,0.018
all_atom,dual,NEQSGKSQTVIVGSWGAKVS,,,0,ZP5.5,5,up,0.04
all_atom,dual,NEQSGKSQTVIVGSWGAKVS,,,0,ZP6.5,1,dn,0.024
all_atom,dual,NEQSGKSQTVIVGSWGAKVS,,,0,ZP6.5,1,up,0.016
all_atom,dual,NEQSGKSQTVIVGSWGAKVS,,,0,ZP6.5,2,dn,0.032
all_atom,dual,NEQSGKSQTVIVGSWGAKVS,,,0,ZP6.5,2,up,0.017
all_atom,dual,NEQSGKSQTVIVGSWGAKVS,,,0,ZP6.5,3,dn,0.016
all_atom,dual,NEQSGKSQTVIVGSWGAKVS,,,0,ZP6.5,3,up,0.009
all_atom,dual,NEQSGKSQTVIVGSWGAKVS,,,0,ZP6.5,4,dn,0.005
all_atom,dual,NEQSGKSQTVIVGSWGAKVS,,,0,ZP6.5,4,up,0.002
all_atom,dual,NEQSGKSQTVIVGSWGAKVS,,,0,ZP6.5,5,dn,0.015
all_atom,dual,NEQSGKSQTVIVGSWGAKVS,,,0,ZP6.5,5,up,0.026
all_atom,dual,NEQSGKSQTVIVGSWGAKVS,,,0,ZP7.5,1,dn,0.021
all_atom,dual,NEQSGKSQTVIVGSWGAKVS,,,0,ZP7.5,1,up,0.005
all_atom,dual,NEQSGKSQTVIVGSWGAKVS,,,0,ZP7.5,2,dn,0.01
all_atom,dual,NEQSGKSQTVIVGSWGAKVS,,,0,ZP7.5,2,up,0.005
all_atom,dual,NEQSGKSQTVIVGSWGAKVS,,,0,ZP7.5,3,dn,0.006
all_atom,dual,NEQSGKSQTVIVGSWGAKVS,,,0,ZP7.5,3,up,0.005
all_atom,dual,NEQSGKSQTVIVGSWGAKVS,,,0,ZP7.5,4,dn,0.005
all_atom,dual,NEQSGKSQTVIVGSWGAKVS,,,0,ZP7.5,4,up,0.003
all_atom,dual,NEQSGKSQTVIVGSWGAKVS,,,0,ZP7.5,5,dn,0.009
all_atom,dual,NEQSGKSQTVIVGSWGAKVS,,,0,ZP7.5,5,up,0.012
all_atom,dual,NEQSGKSQTVIVGSWGAKVS,,,0,ZP8.5,1,dn,0.008
all_atom,dual,NEQSGKSQTVIVGSWGAKVS,,,0,ZP8.5,1,up,0.001
all_atom,dual,NEQSGKSQTVIVGSWGAKVS,,,0,ZP8.5,2,dn,0.004
all_atom,dual,NEQSGKSQTVIVGSWGAKVS,,,0,ZP8.5,2,up,0.001
all_atom,dual,NEQSGKSQTVIVGSWGAKVS,,,0,ZP8.5,3,dn,0.001
all_atom,dual,NEQSGKSQTVIVGSWGAKVS,,,0,ZP8.5,3,up,0.001
all_atom,dual,NEQSGKSQTVIVGSWGAKVS,,,0,ZP8.5,4,dn,0.002
all_atom,dual,NEQSGKSQTVIVGSWGAKVS,,,0,ZP8.5,4,up,0.002
all_atom,dual,NEQSGKSQTVIVGSWGAKVS,,,0,ZP8.5,5,dn,0.001
all_atom,dual,NEQSGKSQTVIVGSWGAKVS,,,0,ZP8.5,5,up,0.003
all_atom,dual,NEQSGKSQTVIVGSWGAKVS,,,0,ZP9.5,1,dn,0.001
all_atom,dual,NEQSGKSQTVIVGSWGAKVS,,,0,ZP9.5,1,up,0.001
all_atom,dual,NEQSGKSQTVIVGSWGAKVS,,,0,ZP9.5,2,dn,0.001
all_atom,dual,NEQSGKSQTVIVGSWGAKVS,,,0,ZP9.5,2,up,0.001
all_atom,dual,NEQSGKSQTVIVGSWGAKVS,,,0,ZP9.5,3,dn,0.003
all_atom,dual,NEQSGKSQTVIVGSWGAKVS,,,0,ZP9.5,3,up,0.0
all_atom,dual,NEQSGKSQTVIVGSWGAKVS,,,0,ZP9.5,4,dn,0.0
all_atom,dual,NEQSGKSQTVIVGSWGAKVS,,,0,ZP9.5,4,up,0.0
all_atom,dual,NEQSGKSQTVIVGSWGAKVS,,,0,ZP9.5,5,dn,0.001
all_atom,dual,NEQSGKSQTVIVGSWGAKVS,,,0,ZP9.5,5,up,0.003
all_atom,dual,RFRRLRWKTRWRLKKIWWPFLRR,,,1,APLA12.5,1,dn,60.801
all_atom,dual,RFRRLRWKTRWRLKKIWWPFLRR,,,1,APLA12.5,1,up,57.522
all_atom,dual,RFRRLRWKTRWRLKKIWWPFLRR,,,1,APLA12.5,2,dn,61.148
all_atom,dual,RFRRLRWKTRWRLKKIWWPFLRR,,,1,APLA12.5,2,up,57.63
all_atom,dual,RFRRLRWKTRWRLKKIWWPFLRR,,,1,APLA12.5,3,dn,61.195
all_atom,dual,RFRRLRWKTRWRLKKIWWPFLRR,,,1,APLA12.5,3,up,60.218
all_atom,dual,RFRRLRWKTRWRLKKIWWPFLRR,,,1,APLA12.5,4,dn,60.3
all_atom,dual,RFRRLRWKTRWRLKKIWWPFLRR,,,1,APLA12.5,4,up,60.444
all_atom,dual,RFRRLRWKTRWRLKKIWWPFLRR,,,1,APLA12.5,5,dn,60.899
all_atom,dual,RFRRLRWKTRWRLKKIWWPFLRR,,,1,APLA12.5,5,up,59.685
all_atom,dual,RFRRLRWKTRWRLKKIWWPFLRR,,,1,APLA17.5,1,dn,60.065
all_atom,dual,RFRRLRWKTRWRLKKIWWPFLRR,,,1,APLA17.5,1,up,57.437
all_atom,dual,RFRRLRWKTRWRLKKIWWPFLRR,,,1,APLA17.5,2,dn,60.643
all_atom,dual,RFRRLRWKTRWRLKKIWWPFLRR,,,1,APLA17.5,2,up,58.151
all_atom,dual,RFRRLRWKTRWRLKKIWWPFLRR,,,1,APLA17.5,3,dn,61.254
all_atom,dual,RFRRLRWKTRWRLKKIWWPFLRR,,,1,APLA17.5,3,up,59.982
all_atom,dual,RFRRLRWKTRWRLKKIWWPFLRR,,,1,APLA17.5,4,dn,60.257
all_atom,dual,RFRRLRWKTRWRLKKIWWPFLRR,,,1,APLA17.5,4,up,58.566
all_atom,dual,RFRRLRWKTRWRLKKIWWPFLRR,,,1,APLA17.5,5,dn,60.487
all_atom,dual,RFRRLRWKTRWRLKKIWWPFLRR,,,1,APLA17.5,5,up,58.112
all_atom,dual,RFRRLRWKTRWRLKKIWWPFLRR,,,1,APLA2.5,1,dn,64.325
all_atom,dual,RFRRLRWKTRWRLKKIWWPFLRR,,,1,APLA2.5,1,up,73.583
all_atom,dual,RFRRLRWKTRWRLKKIWWPFLRR,,,1,APLA2.5,2,dn,65.714
all_atom,dual,RFRRLRWKTRWRLKKIWWPFLRR,,,1,APLA2.5,2,up,76.23
all_atom,dual,RFRRLRWKTRWRLKKIWWPFLRR,,,1,APLA2.5,3,dn,67.24
all_atom,dual,RFRRLRWKTRWRLKKIWWPFLRR,,,1,APLA2.5,3,up,72.415
all_atom,dual,RFRRLRWKTRWRLKKIWWPFLRR,,,1,APLA2.5,4,dn,69.238
all_atom,dual,RFRRLRWKTRWRLKKIWWPFLRR,,,1,APLA2.5,4,up,71.472
all_atom,dual,RFRRLRWKTRWRLKKIWWPFLRR,,,1,APLA2.5,5,dn,70.623
all_atom,dual,RFRRLRWKTRWRLKKIWWPFLRR,,,1,APLA2.5,5,up,79.115
all_atom,dual,RFRRLRWKTRWRLKKIWWPFLRR,,,1,APLA7.5,1,dn,59.914
all_atom,dual,RFRRLRWKTRWRLKKIWWPFLRR,,,1,APLA7.5,1,up,58.11
all_atom,dual,RFRRLRWKTRWRLKKIWWPFLRR,,,1,APLA7.5,2,dn,59.222
all_atom,dual,RFRRLRWKTRWRLKKIWWPFLRR,,,1,APLA7.5,2,up,58.279
all_atom,dual,RFRRLRWKTRWRLKKIWWPFLRR,,,1,APLA7.5,3,dn,58.726
all_atom,dual,RFRRLRWKTRWRLKKIWWPFLRR,,,1,APLA7.5,3,up,58.653
all_atom,dual,RFRRLRWKTRWRLKKIWWPFLRR,,,1,APLA7.5,4,dn,59.517
all_atom,dual,RFRRLRWKTRWRLKKIWWPFLRR,,,1,APLA7.5,4,up,61.078
all_atom,dual,RFRRLRWKTRWRLKKIWWPFLRR,,,1,APLA7.5,5,dn,61.634
all_atom,dual,RFRRLRWKTRWRLKKIWWPFLRR,,,1,APLA7.5,5,up,61.214
all_atom,dual,RFRRLRWKTRWRLKKIWWPFLRR,,,1,APLS12.5,1,dn,4.082
all_atom,dual,RFRRLRWKTRWRLKKIWWPFLRR,,,1,APLS12.5,1,up,3.638
all_atom,dual,RFRRLRWKTRWRLKKIWWPFLRR,,,1,APLS12.5,2,dn,4.248
all_atom,dual,RFRRLRWKTRWRLKKIWWPFLRR,,,1,APLS12.5,2,up,3.885
all_atom,dual,RFRRLRWKTRWRLKKIWWPFLRR,,,1,APLS12.5,3,dn,3.891
all_atom,dual,RFRRLRWKTRWRLKKIWWPFLRR,,,1,APLS12.5,3,up,4.219
all_atom,dual,RFRRLRWKTRWRLKKIWWPFLRR,,,1,APLS12.5,4,dn,3.973
all_atom,dual,RFRRLRWKTRWRLKKIWWPFLRR,,,1,APLS12.5,4,up,3.16
all_atom,dual,RFRRLRWKTRWRLKKIWWPFLRR,,,1,APLS12.5,5,dn,4.332
all_atom,dual,RFRRLRWKTRWRLKKIWWPFLRR,,,1,APLS12.5,5,up,3.498
all_atom,dual,RFRRLRWKTRWRLKKIWWPFLRR,,,1,APLS17.5,1,dn,3.78
all_atom,dual,RFRRLRWKTRWRLKKIWWPFLRR,,,1,APLS17.5,1,up,3.161
all_atom,dual,RFRRLRWKTRWRLKKIWWPFLRR,,,1,APLS17.5,2,dn,4.209
all_atom,dual,RFRRLRWKTRWRLKKIWWPFLRR,,,1,APLS17.5,2,up,3.356
all_atom,dual,RFRRLRWKTRWRLKKIWWPFLRR,,,1,APLS17.5,3,dn,4.489
all_atom,dual,RFRRLRWKTRWRLKKIWWPFLRR,,,1,APLS17.5,3,up,4.301
all_atom,dual,RFRRLRWKTRWRLKKIWWPFLRR,,,1,APLS17.5,4,dn,3.813
all_atom,dual,RFRRLRWKTRWRLKKIWWPFLRR,,,1,APLS17.5,4,up,3.201
all_atom,dual,RFRRLRWKTRWRLKKIWWPFLRR,,,1,APLS17.5,5,dn,3.76
all_atom,dual,RFRRLRWKTRWRLKKIWWPFLRR,,,1,APLS17.5,5,up,3.597
all_atom,dual,RFRRLRWKTRWRLKKIWWPFLRR,,,1,APLS2.5,1,dn,4.038
all_atom,dual,RFRRLRWKTRWRLKKIWWPFLRR,,,1,APLS2.5,1,up,4.233
all_atom,dual,RFRRLRWKTRWRLKKIWWPFLRR,,,1,APLS2.5,2,dn,3.993
all_atom,dual,RFRRLRWKTRWRLKKIWWPFLRR,,,1,APLS2.5,2,up,5.115
all_atom,dual,RFRRLRWKTRWRLKKIWWPFLRR,,,1,APLS2.5,3,dn,3.972
all_atom,dual,RFRRLRWKTRWRLKKIWWPFLRR,,,1,APLS2.5,3,up,6.465
all_atom,dual,RFRRLRWKTRWRLKKIWWPFLRR,,,1,APLS2.5,4,dn,5.497
all_atom,dual,RFRRLRWKTRWRLKKIWWPFLRR,,,1,APLS2.5,4,up,4.817
all_atom,dual,RFRRLRWKTRWRLKKIWWPFLRR,,,1,APLS2.5,5,dn,4.534
all_atom,dual,RFRRLRWKTRWRLKKIWWPFLRR,,,1,APLS2.5,5,up,6.305
all_atom,dual,RFRRLRWKTRWRLKKIWWPFLRR,,,1,APLS7.5,1,dn,5.265
all_atom,dual,RFRRLRWKTRWRLKKIWWPFLRR,,,1,APLS7.5,1,up,4.185
all_atom,dual,RFRRLRWKTRWRLKKIWWPFLRR,,,1,APLS7.5,2,dn,5.131
all_atom,dual,RFRRLRWKTRWRLKKIWWPFLRR,,,1,APLS7.5,2,up,5.285
all_atom,dual,RFRRLRWKTRWRLKKIWWPFLRR,,,1,APLS7.5,3,dn,4.897
all_atom,dual,RFRRLRWKTRWRLKKIWWPFLRR,,,1,APLS7.5,3,up,4.023
all_atom,dual,RFRRLRWKTRWRLKKIWWPFLRR,,,1,APLS7.5,4,dn,4.801
all_atom,dual,RFRRLRWKTRWRLKKIWWPFLRR,,,1,APLS7.5,4,up,5.576
all_atom,dual,RFRRLRWKTRWRLKKIWWPFLRR,,,1,APLS7.5,5,dn,5.073
all_atom,dual,RFRRLRWKTRWRLKKIWWPFLRR,,,1,APLS7.5,5,up,5.566
all_atom,dual,RFRRLRWKTRWRLKKIWWPFLRR,,,1,H0,1,dn,0.0
all_atom,dual,RFRRLRWKTRWRLKKIWWPFLRR,,,1,H0,1,up,0.0
all_atom,dual,RFRRLRWKTRWRLKKIWWPFLRR,,,1,H0,2,dn,0.0
all_atom,dual,RFRRLRWKTRWRLKKIWWPFLRR,,,1,H0,2,up,0.0
all_atom,dual,RFRRLRWKTRWRLKKIWWPFLRR,,,1,H0,3,dn,0.0
all_atom,dual,RFRRLRWKTRWRLKKIWWPFLRR,,,1,H0,3,up,0.0
all_atom,dual,RFRRLRWKTRWRLKKIWWPFLRR,,,1,H0,4,dn,0.0
all_atom,dual,RFRRLRWKTRWRLKKIWWPFLRR,,,1,H0,4,up,0.0
all_atom,dual,RFRRLRWKTRWRLKKIWWPFLRR,,,1,H0,5,dn,0.0
all_atom,dual,RFRRLRWKTRWRLKKIWWPFLRR,,,1,H0,5,up,0.0
all_atom,dual,RFRRLRWKTRWRLKKIWWPFLRR,,,1,H1,1,dn,1.0
all_atom,dual,RFRRLRWKTRWRLKKIWWPFLRR,,,1,H1,1,up,1.0
all_atom,dual,RFRRLRWKTRWRLKKIWWPFLRR,,,1,H1,2,dn,0.891
all_atom,dual,RFRRLRWKTRWRLKKIWWPFLRR,,,1,H1,2,up,1.0
all_atom,dual,RFRRLRWKTRWRLKKIWWPFLRR,,,1,H1,3,dn,0.55
all_atom,dual,RFRRLRWKTRWRLKKIWWPFLRR,,,1,H1,3,up,1.0
all_atom,dual,RFRRLRWKTRWRLKKIWWPFLRR,,,1,H1,4,dn,0.895
all_atom,dual,RFRRLRWKTRWRLKKIWWPFLRR,,,1,H1,4,up,1.0
all_atom,dual,RFRRLRWKTRWRLKKIWWPFLRR,,,1,H1,5,dn,0.976
all_atom,dual,RFRRLRWKTRWRLKKIWWPFLRR,,,1,H1,5,up,1.0
all_atom,dual,RFRRLRWKTRWRLKKIWWPFLRR,,,1,H10,1,dn,0.0
all_atom,dual,RFRRLRWKTRWRLKKIWWPFLRR,,,1,H10,1,up,0.0
all_atom,dual,RFRRLRWKTRWRLKKIWWPFLRR,,,1,H10,2,dn,0.0
all_atom,dual,RFRRLRWKTRWRLKKIWWPFLRR,,,1,H10,2,up,0.0
all_atom,dual,RFRRLRWKTRWRLKKIWWPFLRR,,,1,H10,3,dn,0.0
all_atom,dual,RFRRLRWKTRWRLKKIWWPFLRR,,,1,H10,3,up,0.0
all_atom,dual,RFRRLRWKTRWRLKKIWWPFLRR,,,1,H10,4,dn,0.0
all_atom,dual,RFRRLRWKTRWRLKKIWWPFLRR,,,1,H10,4,up,0.0
all_atom,dual,RFRRLRWKTRWRLKKIWWPFLRR,,,1,H10,5,dn,0.0
all_atom,dual,RFRRLRWKTRWRLKKIWWPFLRR,,,1,H10,5,up,0.0
all_atom,dual,RFRRLRWKTRWRLKKIWWPFLRR,,,1,H2,1,dn,0.988
all_atom,dual,RFRRLRWKTRWRLKKIWWPFLRR,,,1,H2,1,up,1.0
all_atom,dual,RFRRLRWKTRWRLKKIWWPFLRR,,,1,H2,2,dn,0.931
all_atom,dual,RFRRLRWKTRWRLKKIWWPFLRR,,,1,H2,2,up,1.0
all_atom,dual,RFRRLRWKTRWRLKKIWWPFLRR,,,1,H2,3,dn,0.584
all_atom,dual,RFRRLRWKTRWRLKKIWWPFLRR,,,1,H2,3,up,1.0
all_atom,dual,RFRRLRWKTRWRLKKIWWPFLRR,,,1,H2,4,dn,0.907
all_atom,dual,RFRRLRWKTRWRLKKIWWPFLRR,,,1,H2,4,up,1.0
all_atom,dual,RFRRLRWKTRWRLKKIWWPFLRR,,,1,H2,5,dn,1.0
all_atom,dual,RFRRLRWKTRWRLKKIWWPFLRR,,,1,H2,5,up,1.0
all_atom,dual,RFRRLRWKTRWRLKKIWWPFLRR,,,1,H3,1,dn,1.0
all_atom,dual,RFRRLRWKTRWRLKKIWWPFLRR,,,1,H3,1,up,0.988
all_atom,dual,RFRRLRWKTRWRLKKIWWPFLRR,,,1,H3,2,dn,0.992
all_atom,dual,RFRRLRWKTRWRLKKIWWPFLRR,,,1,H3,2,up,1.0
all_atom,dual,RFRRLRWKTRWRLKKIWWPFLRR,,,1,H3,3,dn,0.921
all_atom,dual,RFRRLRWKTRWRLKKIWWPFLRR,,,1,H3,3,up,1.0
all_atom,dual,RFRRLRWKTRWRLKKIWWPFLRR,,,1,H3,4,dn,0.96
all_atom,dual,RFRRLRWKTRWRLKKIWWPFLRR,,,1,H3,4,up,1.0
all_atom,dual,RFRRLRWKTRWRLKKIWWPFLRR,,,1,H3,5,dn,1.0
all_atom,dual,RFRRLRWKTRWRLKKIWWPFLRR,,,1,H3,5,up,1.0
all_atom,dual,RFRRLRWKTRWRLKKIWWPFLRR,,,1,H4,1,dn,1.0
all_atom,dual,RFRRLRWKTRWRLKKIWWPFLRR,,,1,H4,1,up,0.96
all_atom,dual,RFRRLRWKTRWRLKKIWWPFLRR,,,1,H4,2,dn,1.0
all_atom,dual,RFRRLRWKTRWRLKKIWWPFLRR,,,1,H4,2,up,1.0
all_atom,dual,RFRRLRWKTRWRLKKIWWPFLRR,,,1,H4,3,dn,1.0
all_atom,dual,RFRRLRWKTRWRLKKIWWPFLRR,,,1,H4,3,up,1.0
all_atom,dual,RFRRLRWKTRWRLKKIWWPFLRR,,,1,H4,4,dn,0.949
all_atom,dual,RFRRLRWKTRWRLKKIWWPFLRR,,,1,H4,4,up,1.0
all_atom,dual,RFRRLRWKTRWRLKKIWWPFLRR,,,1,H4,5,dn,1.0
all_atom,dual,RFRRLRWKTRWRLKKIWWPFLRR,,,1,H4,5,up,1.0
all_atom,dual,RFRRLRWKTRWRLKKIWWPFLRR,,,1,H5,1,dn,0.98
all_atom,dual,RFRRLRWKTRWRLKKIWWPFLRR,,,1,H5,1,up,0.99
all_atom,dual,RFRRLRWKTRWRLKKIWWPFLRR,,,1,H5,2,dn,1.0
all_atom,dual,RFRRLRWKTRWRLKKIWWPFLRR,,,1,H5,2,up,1.0
all_atom,dual,RFRRLRWKTRWRLKKIWWPFLRR,,,1,H5,3,dn,1.0
all_atom,dual,RFRRLRWKTRWRLKKIWWPFLRR,,,1,H5,3,up,0.921
all_atom,dual,RFRRLRWKTRWRLKKIWWPFLRR,,,1,H5,4,dn,0.891
all_atom,dual,RFRRLRWKTRWRLKKIWWPFLRR,,,1,H5,4,up,1.0
all_atom,dual,RFRRLRWKTRWRLKKIWWPFLRR,,,1,H5,5,dn,1.0
all_atom,dual,RFRRLRWKTRWRLKKIWWPFLRR,,,1,H5,5,up,1.0
all_atom,dual,RFRRLRWKTRWRLKKIWWPFLRR,,,1,H6,1,dn,0.976
all_atom,dual,RFRRLRWKTRWRLKKIWWPFLRR,,,1,H6,1,up,0.966
all_atom,dual,RFRRLRWKTRWRLKKIWWPFLRR,,,1,H6,2,dn,0.964
all_atom,dual,RFRRLRWKTRWRLKKIWWPFLRR,,,1,H6,2,up,0.99
all_atom,dual,RFRRLRWKTRWRLKKIWWPFLRR,,,1,H6,3,dn,0.996
all_atom,dual,RFRRLRWKTRWRLKKIWWPFLRR,,,1,H6,3,up,0.851
all_atom,dual,RFRRLRWKTRWRLKKIWWPFLRR,,,1,H6,4,dn,0.958
all_atom,dual,RFRRLRWKTRWRLKKIWWPFLRR,,,1,H6,4,up,1.0
all_atom,dual,RFRRLRWKTRWRLKKIWWPFLRR,,,1,H6,5,dn,1.0
all_atom,dual,RFRRLRWKTRWRLKKIWWPFLRR,,,1,H6,5,up,1.0
all_atom,dual,RFRRLRWKTRWRLKKIWWPFLRR,,,1,H7,1,dn,0.885
all_atom,dual,RFRRLRWKTRWRLKKIWWPFLRR,,,1,H7,1,up,0.895
all_atom,dual,RFRRLRWKTRWRLKKIWWPFLRR,,,1,H7,2,dn,0.879
all_atom,dual,RFRRLRWKTRWRLKKIWWPFLRR,,,1,H7,2,up,0.661
all_atom,dual,RFRRLRWKTRWRLKKIWWPFLRR,,,1,H7,3,dn,0.838
all_atom,dual,RFRRLRWKTRWRLKKIWWPFLRR,,,1,H7,3,up,0.699
all_atom,dual,RFRRLRWKTRWRLKKIWWPFLRR,,,1,H7,4,dn,0.727
all_atom,dual,RFRRLRWKTRWRLKKIWWPFLRR,,,1,H7,4,up,0.931
all_atom,dual,RFRRLRWKTRWRLKKIWWPFLRR,,,1,H7,5,dn,0.62
all_atom,dual,RFRRLRWKTRWRLKKIWWPFLRR,,,1,H7,5,up,0.695
all_atom,dual,RFRRLRWKTRWRLKKIWWPFLRR,,,1,H8,1,dn,0.915
all_atom,dual,RFRRLRWKTRWRLKKIWWPFLRR,,,1,H8,1,up,0.907
all_atom,dual,RFRRLRWKTRWRLKKIWWPFLRR,,,1,H8,2,dn,0.939
all_atom,dual,RFRRLRWKTRWRLKKIWWPFLRR,,,1,H8,2,up,0.988
all_atom,dual,RFRRLRWKTRWRLKKIWWPFLRR,,,1,H8,3,dn,0.931
all_atom,dual,RFRRLRWKTRWRLKKIWWPFLRR,,,1,H8,3,up,0.978
all_atom,dual,RFRRLRWKTRWRLKKIWWPFLRR,,,1,H8,4,dn,0.935
all_atom,dual,RFRRLRWKTRWRLKKIWWPFLRR,,,1,H8,4,up,1.0
all_atom,dual,RFRRLRWKTRWRLKKIWWPFLRR,,,1,H8,5,dn,0.915
all_atom,dual,RFRRLRWKTRWRLKKIWWPFLRR,,,1,H8,5,up,1.0
all_atom,dual,RFRRLRWKTRWRLKKIWWPFLRR,,,1,H9,1,dn,0.808
all_atom,dual,RFRRLRWKTRWRLKKIWWPFLRR,,,1,H9,1,up,0.657
all_atom,dual,RFRRLRWKTRWRLKKIWWPFLRR,,,1,H9,2,dn,0.804
all_atom,dual,RFRRLRWKTRWRLKKIWWPFLRR,,,1,H9,2,up,0.743
all_atom,dual,RFRRLRWKTRWRLKKIWWPFLRR,,,1,H9,3,dn,0.891
all_atom,dual,RFRRLRWKTRWRLKKIWWPFLRR,,,1,H9,3,up,0.931
all_atom,dual,RFRRLRWKTRWRLKKIWWPFLRR,,,1,H9,4,dn,0.721
all_atom,dual,RFRRLRWKTRWRLKKIWWPFLRR,,,1,H9,4,up,1.0
all_atom,dual,RFRRLRWKTRWRLKKIWWPFLRR,,,1,H9,5,dn,0.562
all_atom,dual,RFRRLRWKTRWRLKKIWWPFLRR,,,1,H9,5,up,0.952
all_atom,dual,RFRRLRWKTRWRLKKIWWPFLRR,,,1,HM,1,dn,0.852
all_atom,dual,RFRRLRWKTRWRLKKIWWPFLRR,,,1,HM,1,up,0.827
all_atom,dual,RFRRLRWKTRWRLKKIWWPFLRR,,,1,HM,2,dn,0.807
all_atom,dual,RFRRLRWKTRWRLKKIWWPFLRR,,,1,HM,2,up,0.826
all_atom,dual,RFRRLRWKTRWRLKKIWWPFLRR,,,1,HM,3,dn,0.739
all_atom,dual,RFRRLRWKTRWRLKKIWWPFLRR,,,1,HM,3,up,0.835
all_atom,dual,RFRRLRWKTRWRLKKIWWPFLRR,,,1,HM,4,dn,0.738
all_atom,dual,RFRRLRWKTRWRLKKIWWPFLRR,,,1,HM,4,up,0.901
all_atom,dual,RFRRLRWKTRWRLKKIWWPFLRR,,,1,HM,5,dn,0.753
all_atom,dual,RFRRLRWKTRWRLKKIWWPFLRR,,,1,HM,5,up,0.849
all_atom,dual,RFRRLRWKTRWRLKKIWWPFLRR,,,1,PEPT_BUR_MAX,1,dn,6.63
all_atom,dual,RFRRLRWKTRWRLKKIWWPFLRR,,,1,PEPT_BUR_MAX,1,up,9.94
all_atom,dual,RFRRLRWKTRWRLKKIWWPFLRR,,,1,PEPT_BUR_MAX,2,dn,6.58
all_atom,dual,RFRRLRWKTRWRLKKIWWPFLRR,,,1,PEPT_BUR_MAX,2,up,6.26
all_atom,dual,RFRRLRWKTRWRLKKIWWPFLRR,,,1,PEPT_BUR_MAX,3,dn,6.28
all_atom,dual,RFRRLRWKTRWRLKKIWWPFLRR,,,1,PEPT_BUR_MAX,3,up,4.07
all_atom,dual,RFRRLRWKTRWRLKKIWWPFLRR,,,1,PEPT_BUR_MAX,4,dn,3.65
all_atom,dual,RFRRLRWKTRWRLKKIWWPFLRR,,,1,PEPT_BUR_MAX,4,up,5.35
all_atom,dual,RFRRLRWKTRWRLKKIWWPFLRR,,,1,PEPT_BUR_MAX,5,dn,4.85
all_atom,dual,RFRRLRWKTRWRLKKIWWPFLRR,,,1,PEPT_BUR_MAX,5,up,5.64
all_atom,dual,RFRRLRWKTRWRLKKIWWPFLRR,,,1,S,1,dn,0.622
all_atom,dual,RFRRLRWKTRWRLKKIWWPFLRR,,,1,S,1,up,0.479
all_atom,dual,RFRRLRWKTRWRLKKIWWPFLRR,,,1,S,2,dn,0.699
all_atom,dual,RFRRLRWKTRWRLKKIWWPFLRR,,,1,S,2,up,0.634
all_atom,dual,RFRRLRWKTRWRLKKIWWPFLRR,,,1,S,3,dn,0.764
all_atom,dual,RFRRLRWKTRWRLKKIWWPFLRR,,,1,S,3,up,0.796
all_atom,dual,RFRRLRWKTRWRLKKIWWPFLRR,,,1,S,4,dn,0.833
all_atom,dual,RFRRLRWKTRWRLKKIWWPFLRR,,,1,S,4,up,0.889
all_atom,dual,RFRRLRWKTRWRLKKIWWPFLRR,,,1,S,5,dn,0.882
all_atom,dual,RFRRLRWKTRWRLKKIWWPFLRR,,,1,S,5,up,0.768
all_atom,dual,RFRRLRWKTRWRLKKIWWPFLRR,,,1,WAT_BUR_MAX,1,dn,8.82
all_atom,dual,RFRRLRWKTRWRLKKIWWPFLRR,,,1,WAT_BUR_MAX,1,up,8.66
all_atom,dual,RFRRLRWKTRWRLKKIWWPFLRR,,,1,WAT_BUR_MAX,2,dn,5.01
all_atom,dual,RFRRLRWKTRWRLKKIWWPFLRR,,,1,WAT_BUR_MAX,2,up,9.86
all_atom,dual,RFRRLRWKTRWRLKKIWWPFLRR,,,1,WAT_BUR_MAX,3,dn,7.88
all_atom,dual,RFRRLRWKTRWRLKKIWWPFLRR,,,1,WAT_BUR_MAX,3,up,6.27
all_atom,dual,RFRRLRWKTRWRLKKIWWPFLRR,,,1,WAT_BUR_MAX,4,dn,6.5
all_atom,dual,RFRRLRWKTRWRLKKIWWPFLRR,,,1,WAT_BUR_MAX,4,up,7.5
all_atom,dual,RFRRLRWKTRWRLKKIWWPFLRR,,,1,WAT_BUR_MAX,5,dn,6.34
all_atom,dual,RFRRLRWKTRWRLKKIWWPFLRR,,,1,WAT_BUR_MAX,5,up,6.12
all_atom,dual,RFRRLRWKTRWRLKKIWWPFLRR,,,1,WAT_BUR_REL,1,dn,-0.06
all_atom,dual,RFRRLRWKTRWRLKKIWWPFLRR,,,1,WAT_BUR_REL,1,up,-0.87
all_atom,dual,RFRRLRWKTRWRLKKIWWPFLRR,,,1,WAT_BUR_REL,2,dn,2.15
all_atom,dual,RFRRLRWKTRWRLKKIWWPFLRR,,,1,WAT_BUR_REL,2,up,2.94
all_atom,dual,RFRRLRWKTRWRLKKIWWPFLRR,,,1,WAT_BUR_REL,3,dn,2.21
all_atom,dual,RFRRLRWKTRWRLKKIWWPFLRR,,,1,WAT_BUR_REL,3,up,1.72
all_atom,dual,RFRRLRWKTRWRLKKIWWPFLRR,,,1,WAT_BUR_REL,4,dn,3.32
all_atom,dual,RFRRLRWKTRWRLKKIWWPFLRR,,,1,WAT_BUR_REL,4,up,2.11
all_atom,dual,RFRRLRWKTRWRLKKIWWPFLRR,,,1,WAT_BUR_REL,5,dn,1.45
all_atom,dual,RFRRLRWKTRWRLKKIWWPFLRR,,,1,WAT_BUR_REL,5,up,2.67
all_atom,dual,RFRRLRWKTRWRLKKIWWPFLRR,,,1,ZP-0.5,1,dn,0.11
all_atom,dual,RFRRLRWKTRWRLKKIWWPFLRR,,,1,ZP-0.5,1,up,0.133
all_atom,dual,RFRRLRWKTRWRLKKIWWPFLRR,,,1,ZP-0.5,2,dn,0.104
all_atom,dual,RFRRLRWKTRWRLKKIWWPFLRR,,,1,ZP-0.5,2,up,0.12
all_atom,dual,RFRRLRWKTRWRLKKIWWPFLRR,,,1,ZP-0.5,3,dn,0.111
all_atom,dual,RFRRLRWKTRWRLKKIWWPFLRR,,,1,ZP-0.5,3,up,0.131
all_atom,dual,RFRRLRWKTRWRLKKIWWPFLRR,,,1,ZP-0.5,4,dn,0.145
all_atom,dual,RFRRLRWKTRWRLKKIWWPFLRR,,,1,ZP-0.5,4,up,0.128
all_atom,dual,RFRRLRWKTRWRLKKIWWPFLRR,,,1,ZP-0.5,5,dn,0.13
all_atom,dual,RFRRLRWKTRWRLKKIWWPFLRR,,,1,ZP-0.5,5,up,0.137
all_atom,dual,RFRRLRWKTRWRLKKIWWPFLRR,,,1,ZP-1.5,1,dn,0.1
all_atom,dual,RFRRLRWKTRWRLKKIWWPFLRR,,,1,ZP-1.5,1,up,0.125
all_atom,dual,RFRRLRWKTRWRLKKIWWPFLRR,,,1,ZP-1.5,2,dn,0.125
all_atom,dual,RFRRLRWKTRWRLKKIWWPFLRR,,,1,ZP-1.5,2,up,0.116
all_atom,dual,RFRRLRWKTRWRLKKIWWPFLRR,,,1,ZP-1.5,3,dn,0.121
all_atom,dual,RFRRLRWKTRWRLKKIWWPFLRR,,,1,ZP-1.5,3,up,0.141
all_atom,dual,RFRRLRWKTRWRLKKIWWPFLRR,,,1,ZP-1.5,4,dn,0.121
all_atom,dual,RFRRLRWKTRWRLKKIWWPFLRR,,,1,ZP-1.5,4,up,0.13
all_atom,dual,RFRRLRWKTRWRLKKIWWPFLRR,,,1,ZP-1.5,5,dn,0.132
all_atom,dual,RFRRLRWKTRWRLKKIWWPFLRR,,,1,ZP-1.5,5,up,0.142
all_atom,dual,RFRRLRWKTRWRLKKIWWPFLRR,,,1,ZP-2.5,1,dn,0.108
all_atom,dual,RFRRLRWKTRWRLKKIWWPFLRR,,,1,ZP-2.5,1,up,0.109
all_atom,dual,RFRRLRWKTRWRLKKIWWPFLRR,,,1,ZP-2.5,2,dn,0.112
all_atom,dual,RFRRLRWKTRWRLKKIWWPFLRR,,,1,ZP-2.5,2,up,0.095
all_atom,dual,RFRRLRWKTRWRLKKIWWPFLRR,,,1,ZP-2.5,3,dn,0.138
all_atom,dual,RFRRLRWKTRWRLKKIWWPFLRR,,,1,ZP-2.5,3,up,0.142
all_atom,dual,RFRRLRWKTRWRLKKIWWPFLRR,,,1,ZP-2.5,4,dn,0.128
all_atom,dual,RFRRLRWKTRWRLKKIWWPFLRR,,,1,ZP-2.5,4,up,0.129
all_atom,dual,RFRRLRWKTRWRLKKIWWPFLRR,,,1,ZP-2.5,5,dn,0.126
all_atom,dual,RFRRLRWKTRWRLKKIWWPFLRR,,,1,ZP-2.5,5,up,0.106
all_atom,dual,RFRRLRWKTRWRLKKIWWPFLRR,,,1,ZP-3.5,1,dn,0.096
all_atom,dual,RFRRLRWKTRWRLKKIWWPFLRR,,,1,ZP-3.5,1,up,0.084
all_atom,dual,RFRRLRWKTRWRLKKIWWPFLRR,,,1,ZP-3.5,2,dn,0.088
all_atom,dual,RFRRLRWKTRWRLKKIWWPFLRR,,,1,ZP-3.5,2,up,0.065
all_atom,dual,RFRRLRWKTRWRLKKIWWPFLRR,,,1,ZP-3.5,3,dn,0.126
all_atom,dual,RFRRLRWKTRWRLKKIWWPFLRR,,,1,ZP-3.5,3,up,0.103
all_atom,dual,RFRRLRWKTRWRLKKIWWPFLRR,,,1,ZP-3.5,4,dn,0.103
all_atom,dual,RFRRLRWKTRWRLKKIWWPFLRR,,,1,ZP-3.5,4,up,0.117
all_atom,dual,RFRRLRWKTRWRLKKIWWPFLRR,,,1,ZP-3.5,5,dn,0.121
all_atom,dual,RFRRLRWKTRWRLKKIWWPFLRR,,,1,ZP-3.5,5,up,0.096
all_atom,dual,RFRRLRWKTRWRLKKIWWPFLRR,,,1,ZP-4.5,1,dn,0.063
all_atom,dual,RFRRLRWKTRWRLKKIWWPFLRR,,,1,ZP-4.5,1,up,0.059
all_atom,dual,RFRRLRWKTRWRLKKIWWPFLRR,,,1,ZP-4.5,2,dn,0.08
all_atom,dual,RFRRLRWKTRWRLKKIWWPFLRR,,,1,ZP-4.5,2,up,0.042
all_atom,dual,RFRRLRWKTRWRLKKIWWPFLRR,,,1,ZP-4.5,3,dn,0.09
all_atom,dual,RFRRLRWKTRWRLKKIWWPFLRR,,,1,ZP-4.5,3,up,0.075
all_atom,dual,RFRRLRWKTRWRLKKIWWPFLRR,,,1,ZP-4.5,4,dn,0.091
all_atom,dual,RFRRLRWKTRWRLKKIWWPFLRR,,,1,ZP-4.5,4,up,0.097
all_atom,dual,RFRRLRWKTRWRLKKIWWPFLRR,,,1,ZP-4.5,5,dn,0.072
all_atom,dual,RFRRLRWKTRWRLKKIWWPFLRR,,,1,ZP-4.5,5,up,0.052
all_atom,dual,RFRRLRWKTRWRLKKIWWPFLRR,,,1,ZP-5.5,1,dn,0.075
all_atom,dual,RFRRLRWKTRWRLKKIWWPFLRR,,,1,ZP-5.5,1,up,0.047
all_atom,dual,RFRRLRWKTRWRLKKIWWPFLRR,,,1,ZP-5.5,2,dn,0.082
all_atom,dual,RFRRLRWKTRWRLKKIWWPFLRR,,,1,ZP-5.5,2,up,0.021
all_atom,dual,RFRRLRWKTRWRLKKIWWPFLRR,,,1,ZP-5.5,3,dn,0.075
all_atom,dual,RFRRLRWKTRWRLKKIWWPFLRR,,,1,ZP-5.5,3,up,0.066
all_atom,dual,RFRRLRWKTRWRLKKIWWPFLRR,,,1,ZP-5.5,4,dn,0.066
all_atom,dual,RFRRLRWKTRWRLKKIWWPFLRR,,,1,ZP-5.5,4,up,0.059
all_atom,dual,RFRRLRWKTRWRLKKIWWPFLRR,,,1,ZP-5.5,5,dn,0.055
all_atom,dual,RFRRLRWKTRWRLKKIWWPFLRR,,,1,ZP-5.5,5,up,0.033
all_atom,dual,RFRRLRWKTRWRLKKIWWPFLRR,,,1,ZP-6.5,1,dn,0.058
all_atom,dual,RFRRLRWKTRWRLKKIWWPFLRR,,,1,ZP-6.5,1,up,0.022
all_atom,dual,RFRRLRWKTRWRLKKIWWPFLRR,,,1,ZP-6.5,2,dn,0.056
all_atom,dual,RFRRLRWKTRWRLKKIWWPFLRR,,,1,ZP-6.5,2,up,0.011
all_atom,dual,RFRRLRWKTRWRLKKIWWPFLRR,,,1,ZP-6.5,3,dn,0.04
all_atom,dual,RFRRLRWKTRWRLKKIWWPFLRR,,,1,ZP-6.5,3,up,0.036
all_atom,dual,RFRRLRWKTRWRLKKIWWPFLRR,,,1,ZP-6.5,4,dn,0.05
all_atom,dual,RFRRLRWKTRWRLKKIWWPFLRR,,,1,ZP-6.5,4,up,0.032
all_atom,dual,RFRRLRWKTRWRLKKIWWPFLRR,,,1,ZP-6.5,5,dn,0.028
all_atom,dual,RFRRLRWKTRWRLKKIWWPFLRR,,,1,ZP-6.5,5,up,0.02
all_atom,dual,RFRRLRWKTRWRLKKIWWPFLRR,,,1,ZP-7.5,1,dn,0.043
all_atom,dual,RFRRLRWKTRWRLKKIWWPFLRR,,,1,ZP-7.5,1,up,0.015
all_atom,dual,RFRRLRWKTRWRLKKIWWPFLRR,,,1,ZP-7.5,2,dn,0.044
all_atom,dual,RFRRLRWKTRWRLKKIWWPFLRR,,,1,ZP-7.5,2,up,0.012
all_atom,dual,RFRRLRWKTRWRLKKIWWPFLRR,,,1,ZP-7.5,3,dn,0.031
all_atom,dual,RFRRLRWKTRWRLKKIWWPFLRR,,,1,ZP-7.5,3,up,0.028
all_atom,dual,RFRRLRWKTRWRLKKIWWPFLRR,,,1,ZP-7.5,4,dn,0.03
all_atom,dual,RFRRLRWKTRWRLKKIWWPFLRR,,,1,ZP-7.5,4,up,0.024
all_atom,dual,RFRRLRWKTRWRLKKIWWPFLRR,,,1,ZP-7.5,5,dn,0.021
all_atom,dual,RFRRLRWKTRWRLKKIWWPFLRR,,,1,ZP-7.5,5,up,0.013
all_atom,dual,RFRRLRWKTRWRLKKIWWPFLRR,,,1,ZP-8.5,1,dn,0.019
all_atom,dual,RFRRLRWKTRWRLKKIWWPFLRR,,,1,ZP-8.5,1,up,0.004
all_atom,dual,RFRRLRWKTRWRLKKIWWPFLRR,,,1,ZP-8.5,2,dn,0.026
all_atom,dual,RFRRLRWKTRWRLKKIWWPFLRR,,,1,ZP-8.5,2,up,0.007
all_atom,dual,RFRRLRWKTRWRLKKIWWPFLRR,,,1,ZP-8.5,3,dn,0.013
all_atom,dual,RFRRLRWKTRWRLKKIWWPFLRR,,,1,ZP-8.5,3,up,0.022
all_atom,dual,RFRRLRWKTRWRLKKIWWPFLRR,,,1,ZP-8.5,4,dn,0.022
all_atom,dual,RFRRLRWKTRWRLKKIWWPFLRR,,,1,ZP-8.5,4,up,0.017
all_atom,dual,RFRRLRWKTRWRLKKIWWPFLRR,,,1,ZP-8.5,5,dn,0.027
all_atom,dual,RFRRLRWKTRWRLKKIWWPFLRR,,,1,ZP-8.5,5,up,0.009
all_atom,dual,RFRRLRWKTRWRLKKIWWPFLRR,,,1,ZP-9.5,1,dn,0.009
all_atom,dual,RFRRLRWKTRWRLKKIWWPFLRR,,,1,ZP-9.5,1,up,0.002
all_atom,dual,RFRRLRWKTRWRLKKIWWPFLRR,,,1,ZP-9.5,2,dn,0.006
all_atom,dual,RFRRLRWKTRWRLKKIWWPFLRR,,,1,ZP-9.5,2,up,0.003
all_atom,dual,RFRRLRWKTRWRLKKIWWPFLRR,,,1,ZP-9.5,3,dn,0.01
all_atom,dual,RFRRLRWKTRWRLKKIWWPFLRR,,,1,ZP-9.5,3,up,0.007
all_atom,dual,RFRRLRWKTRWRLKKIWWPFLRR,,,1,ZP-9.5,4,dn,0.01
all_atom,dual,RFRRLRWKTRWRLKKIWWPFLRR,,,1,ZP-9.5,4,up,0.015
all_atom,dual,RFRRLRWKTRWRLKKIWWPFLRR,,,1,ZP-9.5,5,dn,0.014
all_atom,dual,RFRRLRWKTRWRLKKIWWPFLRR,,,1,ZP-9.5,5,up,0.003
all_atom,dual,RFRRLRWKTRWRLKKIWWPFLRR,,,1,ZP0.5,1,dn,0.111
all_atom,dual,RFRRLRWKTRWRLKKIWWPFLRR,,,1,ZP0.5,1,up,0.097
all_atom,dual,RFRRLRWKTRWRLKKIWWPFLRR,,,1,ZP0.5,2,dn,0.104
all_atom,dual,RFRRLRWKTRWRLKKIWWPFLRR,,,1,ZP0.5,2,up,0.162
all_atom,dual,RFRRLRWKTRWRLKKIWWPFLRR,,,1,ZP0.5,3,dn,0.094
all_atom,dual,RFRRLRWKTRWRLKKIWWPFLRR,,,1,ZP0.5,3,up,0.103
all_atom,dual,RFRRLRWKTRWRLKKIWWPFLRR,,,1,ZP0.5,4,dn,0.089
all_atom,dual,RFRRLRWKTRWRLKKIWWPFLRR,,,1,ZP0.5,4,up,0.102
all_atom,dual,RFRRLRWKTRWRLKKIWWPFLRR,,,1,ZP0.5,5,dn,0.108
all_atom,dual,RFRRLRWKTRWRLKKIWWPFLRR,,,1,ZP0.5,5,up,0.118
all_atom,dual,RFRRLRWKTRWRLKKIWWPFLRR,,,1,ZP1.5,1,dn,0.079
all_atom,dual,RFRRLRWKTRWRLKKIWWPFLRR,,,1,ZP1.5,1,up,0.104
all_atom,dual,RFRRLRWKTRWRLKKIWWPFLRR,,,1,ZP1.5,2,dn,0.07
all_atom,dual,RFRRLRWKTRWRLKKIWWPFLRR,,,1,ZP1.5,2,up,0.149
all_atom,dual,RFRRLRWKTRWRLKKIWWPFLRR,,,1,ZP1.5,3,dn,0.077
all_atom,dual,RFRRLRWKTRWRLKKIWWPFLRR,,,1,ZP1.5,3,up,0.064
all_atom,dual,RFRRLRWKTRWRLKKIWWPFLRR,,,1,ZP1.5,4,dn,0.057
all_atom,dual,RFRRLRWKTRWRLKKIWWPFLRR,,,1,ZP1.5,4,up,0.071
all_atom,dual,RFRRLRWKTRWRLKKIWWPFLRR,,,1,ZP1.5,5,dn,0.061
all_atom,dual,RFRRLRWKTRWRLKKIWWPFLRR,,,1,ZP1.5,5,up,0.083
all_atom,dual,RFRRLRWKTRWRLKKIWWPFLRR,,,1,ZP2.5,1,dn,0.053
all_atom,dual,RFRRLRWKTRWRLKKIWWPFLRR,,,1,ZP2.5,1,up,0.073
all_atom,dual,RFRRLRWKTRWRLKKIWWPFLRR,,,1,ZP2.5,2,dn,0.043
all_atom,dual,RFRRLRWKTRWRLKKIWWPFLRR,,,1,ZP2.5,2,up,0.082
all_atom,dual,RFRRLRWKTRWRLKKIWWPFLRR,,,1,ZP2.5,3,dn,0.034
all_atom,dual,RFRRLRWKTRWRLKKIWWPFLRR,,,1,ZP2.5,3,up,0.049
all_atom,dual,RFRRLRWKTRWRLKKIWWPFLRR,,,1,ZP2.5,4,dn,0.048
all_atom,dual,RFRRLRWKTRWRLKKIWWPFLRR,,,1,ZP2.5,4,up,0.04
all_atom,dual,RFRRLRWKTRWRLKKIWWPFLRR,,,1,ZP2.5,5,dn,0.051
all_atom,dual,RFRRLRWKTRWRLKKIWWPFLRR,,,1,ZP2.5,5,up,0.074
all_atom,dual,RFRRLRWKTRWRLKKIWWPFLRR,,,1,ZP3.5,1,dn,0.032
all_atom,dual,RFRRLRWKTRWRLKKIWWPFLRR,,,1,ZP3.5,1,up,0.056
all_atom,dual,RFRRLRWKTRWRLKKIWWPFLRR,,,1,ZP3.5,2,dn,0.032
all_atom,dual,RFRRLRWKTRWRLKKIWWPFLRR,,,1,ZP3.5,2,up,0.052
all_atom,dual,RFRRLRWKTRWRLKKIWWPFLRR,,,1,ZP3.5,3,dn,0.021
all_atom,dual,RFRRLRWKTRWRLKKIWWPFLRR,,,1,ZP3.5,3,up,0.019
all_atom,dual,RFRRLRWKTRWRLKKIWWPFLRR,,,1,ZP3.5,4,dn,0.025
all_atom,dual,RFRRLRWKTRWRLKKIWWPFLRR,,,1,ZP3.5,4,up,0.027
all_atom,dual,RFRRLRWKTRWRLKKIWWPFLRR,,,1,ZP3.5,5,dn,0.03
all_atom,dual,RFRRLRWKTRWRLKKIWWPFLRR,,,1,ZP3.5,5,up,0.053
all_atom,dual,RFRRLRWKTRWRLKKIWWPFLRR,,,1,ZP4.5,1,dn,0.026
all_atom,dual,RFRRLRWKTRWRLKKIWWPFLRR,,,1,ZP4.5,1,up,0.035
all_atom,dual,RFRRLRWKTRWRLKKIWWPFLRR,,,1,ZP4.5,2,dn,0.016
all_atom,dual,RFRRLRWKTRWRLKKIWWPFLRR,,,1,ZP4.5,2,up,0.043
all_atom,dual,RFRRLRWKTRWRLKKIWWPFLRR,,,1,ZP4.5,3,dn,0.009
all_atom,dual,RFRRLRWKTRWRLKKIWWPFLRR,,,1,ZP4.5,3,up,0.01
all_atom,dual,RFRRLRWKTRWRLKKIWWPFLRR,,,1,ZP4.5,4,dn,0.009
all_atom,dual,RFRRLRWKTRWRLKKIWWPFLRR,,,1,ZP4.5,4,up,0.007
all_atom,dual,RFRRLRWKTRWRLKKIWWPFLRR,,,1,ZP4.5,5,dn,0.017
all_atom,dual,RFRRLRWKTRWRLKKIWWPFLRR,,,1,ZP4.5,5,up,0.023
all_atom,dual,RFRRLRWKTRWRLKKIWWPFLRR,,,1,ZP5.5,1,dn,0.008
all_atom,dual,RFRRLRWKTRWRLKKIWWPFLRR,,,1,ZP5.5,1,up,0.022
all_atom,dual,RFRRLRWKTRWRLKKIWWPFLRR,,,1,ZP5.5,2,dn,0.006
all_atom,dual,RFRRLRWKTRWRLKKIWWPFLRR,,,1,ZP5.5,2,up,0.014
all_atom,dual,RFRRLRWKTRWRLKKIWWPFLRR,,,1,ZP5.5,3,dn,0.005
all_atom,dual,RFRRLRWKTRWRLKKIWWPFLRR,,,1,ZP5.5,3,up,0.003
all_atom,dual,RFRRLRWKTRWRLKKIWWPFLRR,,,1,ZP5.5,4,dn,0.003
all_atom,dual,RFRRLRWKTRWRLKKIWWPFLRR,,,1,ZP5.5,4,up,0.001
all_atom,dual,RFRRLRWKTRWRLKKIWWPFLRR,,,1,ZP5.5,5,dn,0.007
all_atom,dual,RFRRLRWKTRWRLKKIWWPFLRR,,,1,ZP5.5,5,up,0.022
all_atom,dual,RFRRLRWKTRWRLKKIWWPFLRR,,,1,ZP6.5,1,dn,0.004
all_atom,dual,RFRRLRWKTRWRLKKIWWPFLRR,,,1,ZP6.5,1,up,0.006
all_atom,dual,RFRRLRWKTRWRLKKIWWPFLRR,,,1,ZP6.5,2,dn,0.005
all_atom,dual,RFRRLRWKTRWRLKKIWWPFLRR,,,1,ZP6.5,2,up,0.003
all_atom,dual,RFRRLRWKTRWRLKKIWWPFLRR,,,1,ZP6.5,3,dn,0.003
all_atom,dual,RFRRLRWKTRWRLKKIWWPFLRR,,,1,ZP6.5,3,up,0.0
all_atom,dual,RFRRLRWKTRWRLKKIWWPFLRR,,,1,ZP6.5,4,dn,0.002
all_atom,dual,RFRRLRWKTRWRLKKIWWPFLRR,,,1,ZP6.5,4,up,0.001
all_atom,dual,RFRRLRWKTRWRLKKIWWPFLRR,,,1,ZP6.5,5,dn,0.0
all_atom,dual,RFRRLRWKTRWRLKKIWWPFLRR,,,1,ZP6.5,5,up,0.012
all_atom,dual,RFRRLRWKTRWRLKKIWWPFLRR,,,1,ZP7.5,1,dn,0.003
all_atom,dual,RFRRLRWKTRWRLKKIWWPFLRR,,,1,ZP7.5,1,up,0.004
all_atom,dual,RFRRLRWKTRWRLKKIWWPFLRR,,,1,ZP7.5,2,dn,0.002
all_atom,dual,RFRRLRWKTRWRLKKIWWPFLRR,,,1,ZP7.5,2,up,0.002
all_atom,dual,RFRRLRWKTRWRLKKIWWPFLRR,,,1,ZP7.5,3,dn,0.001
all_atom,dual,RFRRLRWKTRWRLKKIWWPFLRR,,,1,ZP7.5,3,up,0.0
all_atom,dual,RFRRLRWKTRWRLKKIWWPFLRR,,,1,ZP7.5,4,dn,0.0
all_atom,dual,RFRRLRWKTRWRLKKIWWPFLRR,,,1,ZP7.5,4,up,0.001
all_atom,dual,RFRRLRWKTRWRLKKIWWPFLRR,,,1,ZP7.5,5,dn,0.001
all_atom,dual,RFRRLRWKTRWRLKKIWWPFLRR,,,1,ZP7.5,5,up,0.003
all_atom,dual,RFRRLRWKTRWRLKKIWWPFLRR,,,1,ZP8.5,1,dn,0.001
all_atom,dual,RFRRLRWKTRWRLKKIWWPFLRR,,,1,ZP8.5,1,up,0.003
all_atom,dual,RFRRLRWKTRWRLKKIWWPFLRR,,,1,ZP8.5,2,dn,0.001
all_atom,dual,RFRRLRWKTRWRLKKIWWPFLRR,,,1,ZP8.5,2,up,0.0
all_atom,dual,RFRRLRWKTRWRLKKIWWPFLRR,,,1,ZP8.5,3,dn,0.001
all_atom,dual,RFRRLRWKTRWRLKKIWWPFLRR,,,1,ZP8.5,3,up,0.0
all_atom,dual,RFRRLRWKTRWRLKKIWWPFLRR,,,1,ZP8.5,4,dn,0.0
all_atom,dual,RFRRLRWKTRWRLKKIWWPFLRR,,,1,ZP8.5,4,up,0.0
all_atom,dual,RFRRLRWKTRWRLKKIWWPFLRR,,,1,ZP8.5,5,dn,0.001
all_atom,dual,RFRRLRWKTRWRLKKIWWPFLRR,,,1,ZP8.5,5,up,0.001
all_atom,dual,RFRRLRWKTRWRLKKIWWPFLRR,,,1,ZP9.5,1,dn,0.0
all_atom,dual,RFRRLRWKTRWRLKKIWWPFLRR,,,1,ZP9.5,1,up,0.0
all_atom,dual,RFRRLRWKTRWRLKKIWWPFLRR,,,1,ZP9.5,2,dn,0.0
all_atom,dual,RFRRLRWKTRWRLKKIWWPFLRR,,,1,ZP9.5,2,up,0.0
all_atom,dual,RFRRLRWKTRWRLKKIWWPFLRR,,,1,ZP9.5,3,dn,0.0
all_atom,dual,RFRRLRWKTRWRLKKIWWPFLRR,,,1,ZP9.5,3,up,0.0
all_atom,dual,RFRRLRWKTRWRLKKIWWPFLRR,,,1,ZP9.5,4,dn,0.0
all_atom,dual,RFRRLRWKTRWRLKKIWWPFLRR,,,1,ZP9.5,4,up,0.0
all_atom,dual,RFRRLRWKTRWRLKKIWWPFLRR,,,1,ZP9.5,5,dn,0.0
all_atom,dual,RFRRLRWKTRWRLKKIWWPFLRR,,,1,ZP9.5,5,up,0.001
all_atom,dual,RIKTVTSFDLPALRWLKL,,,0,APLA12.5,1,dn,56.663
all_atom,dual,RIKTVTSFDLPALRWLKL,,,0,APLA12.5,1,up,58.217
all_atom,dual,RIKTVTSFDLPALRWLKL,,,0,APLA12.5,2,dn,56.736
all_atom,dual,RIKTVTSFDLPALRWLKL,,,0,APLA12.5,2,up,58.191
all_atom,dual,RIKTVTSFDLPALRWLKL,,,0,APLA12.5,3,dn,56.433
all_atom,dual,RIKTVTSFDLPALRWLKL,,,0,APLA12.5,3,up,60.576
all_atom,dual,RIKTVTSFDLPALRWLKL,,,0,APLA12.5,4,dn,58.313
all_atom,dual,RIKTVTSFDLPALRWLKL,,,0,APLA12.5,4,up,57.986
all_atom,dual,RIKTVTSFDLPALRWLKL,,,0,APLA12.5,5,dn,58.346
all_atom,dual,RIKTVTSFDLPALRWLKL,,,0,APLA12.5,5,up,58.402
all_atom,dual,RIKTVTSFDLPALRWLKL,,,0,APLA17.5,1,dn,59.19
all_atom,dual,RIKTVTSFDLPALRWLKL,,,0,APLA17.5,1,up,61.118
all_atom,dual,RIKTVTSFDLPALRWLKL,,,0,APLA17.5,2,dn,57.745
all_atom,dual,RIKTVTSFDLPALRWLKL,,,0,APLA17.5,2,up,60.049
all_atom,dual,RIKTVTSFDLPALRWLKL,,,0,APLA17.5,3,dn,58.998
all_atom,dual,RIKTVTSFDLPALRWLKL,,,0,APLA17.5,3,up,58.922
all_atom,dual,RIKTVTSFDLPALRWLKL,,,0,APLA17.5,4,dn,58.863
all_atom,dual,RIKTVTSFDLPALRWLKL,,,0,APLA17.5,4,up,58.943
all_atom,dual,RIKTVTSFDLPALRWLKL,,,0,APLA17.5,5,dn,56.759
all_atom,dual,RIKTVTSFDLPALRWLKL,,,0,APLA17.5,5,up,58.411
all_atom,dual,RIKTVTSFDLPALRWLKL,,,0,APLA2.5,1,dn,78.927
all_atom,dual,RIKTVTSFDLPALRWLKL,,,0,APLA2.5,1,up,80.259
all_atom,dual,RIKTVTSFDLPALRWLKL,,,0,APLA2.5,2,dn,75.204
all_atom,dual,RIKTVTSFDLPALRWLKL,,,0,APLA2.5,2,up,78.785
all_atom,dual,RIKTVTSFDLPALRWLKL,,,0,APLA2.5,3,dn,84.964
all_atom,dual,RIKTVTSFDLPALRWLKL,,,0,APLA2.5,3,up,73.929
all_atom,dual,RIKTVTSFDLPALRWLKL,,,0,APLA2.5,4,dn,82.522
all_atom,dual,RIKTVTSFDLPALRWLKL,,,0,APLA2.5,4,up,81.898
all_atom,dual,RIKTVTSFDLPALRWLKL,,,0,APLA2.5,5,dn,90.347
all_atom,dual,RIKTVTSFDLPALRWLKL,,,0,APLA2.5,5,up,76.569
all_atom,dual,RIKTVTSFDLPALRWLKL,,,0,APLA7.5,1,dn,62.63
all_atom,dual,RIKTVTSFDLPALRWLKL,,,0,APLA7.5,1,up,58.115
all_atom,dual,RIKTVTSFDLPALRWLKL,,,0,APLA7.5,2,dn,65.195
all_atom,dual,RIKTVTSFDLPALRWLKL,,,0,APLA7.5,2,up,60.865
all_atom,dual,RIKTVTSFDLPALRWLKL,,,0,APLA7.5,3,dn,62.259
all_atom,dual,RIKTVTSFDLPALRWLKL,,,0,APLA7.5,3,up,61.824
all_atom,dual,RIKTVTSFDLPALRWLKL,,,0,APLA7.5,4,dn,64.051
all_atom,dual,RIKTVTSFDLPALRWLKL,,,0,APLA7.5,4,up,64.788
all_atom,dual,RIKTVTSFDLPALRWLKL,,,0,APLA7.5,5,dn,65.377
all_atom,dual,RIKTVTSFDLPALRWLKL,,,0,APLA7.5,5,up,62.643
all_atom,dual,RIKTVTSFDLPALRWLKL,,,0,APLS12.5,1,dn,3.498
all_atom,dual,RIKTVTSFDLPALRWLKL,,,0,APLS12.5,1,up,4.0
all_atom,dual,RIKTVTSFDLPALRWLKL,,,0,APLS12.5,2,dn,3.645
all_atom,dual,RIKTVTSFDLPALRWLKL,,,0,APLS12.5,2,up,4.1
all_atom,dual,RIKTVTSFDLPALRWLKL,,,0,APLS12.5,3,dn,3.744
all_atom,dual,RIKTVTSFDLPALRWLKL,,,0,APLS12.5,3,up,4.51
all_atom,dual,RIKTVTSFDLPALRWLKL,,,0,APLS12.5,4,dn,4.321
all_atom,dual,RIKTVTSFDLPALRWLKL,,,0,APLS12.5,4,up,4.103
all_atom,dual,RIKTVTSFDLPALRWLKL,,,0,APLS12.5,5,dn,3.954
all_atom,dual,RIKTVTSFDLPALRWLKL,,,0,APLS12.5,5,up,4.289
all_atom,dual,RIKTVTSFDLPALRWLKL,,,0,APLS17.5,1,dn,3.689
all_atom,dual,RIKTVTSFDLPALRWLKL,,,0,APLS17.5,1,up,3.71
all_atom,dual,RIKTVTSFDLPALRWLKL,,,0,APLS17.5,2,dn,3.241
all_atom,dual,RIKTVTSFDLPALRWLKL,,,0,APLS17.5,2,up,3.8
all_atom,dual,RIKTVTSFDLPALRWLKL,,,0,APLS17.5,3,dn,3.787
all_atom,dual,RIKTVTSFDLPALRWLKL,,,0,APLS17.5,3,up,3.33
all_atom,dual,RIKTVTSFDLPALRWLKL,,,0,APLS17.5,4,dn,3.288
all_atom,dual,RIKTVTSFDLPALRWLKL,,,0,APLS17.5,4,up,3.792
all_atom,dual,RIKTVTSFDLPALRWLKL,,,0,APLS17.5,5,dn,3.69
all_atom,dual,RIKTVTSFDLPALRWLKL,,,0,APLS17.5,5,up,2.986
all_atom,dual,RIKTVTSFDLPALRWLKL,,,0,APLS2.5,1,dn,8.215
all_atom,dual,RIKTVTSFDLPALRWLKL,,,0,APLS2.5,1,up,7.455
all_atom,dual,RIKTVTSFDLPALRWLKL,,,0,APLS2.5,2,dn,6.15
all_atom,dual,RIKTVTSFDLPALRWLKL,,,0,APLS2.5,2,up,6.973
all_atom,dual,RIKTVTSFDLPALRWLKL,,,0,APLS2.5,3,dn,7.563
all_atom,dual,RIKTVTSFDLPALRWLKL,,,0,APLS2.5,3,up,4.887
all_atom,dual,RIKTVTSFDLPALRWLKL,,,0,APLS2.5,4,dn,7.976
all_atom,dual,RIKTVTSFDLPALRWLKL,,,0,APLS2.5,4,up,9.385
all_atom,dual,RIKTVTSFDLPALRWLKL,,,0,APLS2.5,5,dn,10.255
all_atom,dual,RIKTVTSFDLPALRWLKL,,,0,APLS2.5,5,up,5.61
all_atom,dual,RIKTVTSFDLPALRWLKL,,,0,APLS7.5,1,dn,7.08
all_atom,dual,RIKTVTSFDLPALRWLKL,,,0,APLS7.5,1,up,4.75
all_atom,dual,RIKTVTSFDLPALRWLKL,,,0,APLS7.5,2,dn,5.394
all_atom,dual,RIKTVTSFDLPALRWLKL,,,0,APLS7.5,2,up,5.428
all_atom,dual,RIKTVTSFDLPALRWLKL,,,0,APLS7.5,3,dn,5.039
all_atom,dual,RIKTVTSFDLPALRWLKL,,,0,APLS7.5,3,up,5.298
all_atom,dual,RIKTVTSFDLPALRWLKL,,,0,APLS7.5,4,dn,7.329
all_atom,dual,RIKTVTSFDLPALRWLKL,,,0,APLS7.5,4,up,5.151
all_atom,dual,RIKTVTSFDLPALRWLKL,,,0,APLS7.5,5,dn,6.201
all_atom,dual,RIKTVTSFDLPALRWLKL,,,0,APLS7.5,5,up,4.667
all_atom,dual,RIKTVTSFDLPALRWLKL,,,0,H0,1,dn,0.0
all_atom,dual,RIKTVTSFDLPALRWLKL,,,0,H0,1,up,0.0
all_atom,dual,RIKTVTSFDLPALRWLKL,,,0,H0,2,dn,0.0
all_atom,dual,RIKTVTSFDLPALRWLKL,,,0,H0,2,up,0.0
all_atom,dual,RIKTVTSFDLPALRWLKL,,,0,H0,3,dn,0.0
all_atom,dual,RIKTVTSFDLPALRWLKL,,,0,H0,3,up,0.0
all_atom,dual,RIKTVTSFDLPALRWLKL,,,0,H0,4,dn,0.0
all_atom,dual,RIKTVTSFDLPALRWLKL,,,0,H0,4,up,0.0
all_atom,dual,RIKTVTSFDLPALRWLKL,,,0,H0,5,dn,0.0
all_atom,dual,RIKTVTSFDLPALRWLKL,,,0,H0,5,up,0.0
all_atom,dual,RIKTVTSFDLPALRWLKL,,,0,H1,1,dn,0.928
all_atom,dual,RIKTVTSFDLPALRWLKL,,,0,H1,1,up,1.0
all_atom,dual,RIKTVTSFDLPALRWLKL,,,0,H1,2,dn,0.909
all_atom,dual,RIKTVTSFDLPALRWLKL,,,0,H1,2,up,0.076
all_atom,dual,RIKTVTSFDLPALRWLKL,,,0,H1,3,dn,0.707
all_atom,dual,RIKTVTSFDLPALRWLKL,,,0,H1,3,up,0.0
all_atom,dual,RIKTVTSFDLPALRWLKL,,,0,H1,4,dn,0.855
all_atom,dual,RIKTVTSFDLPALRWLKL,,,0,H1,4,up,0.0
all_atom,dual,RIKTVTSFDLPALRWLKL,,,0,H1,5,dn,0.91
all_atom,dual,RIKTVTSFDLPALRWLKL,,,0,H1,5,up,0.0
all_atom,dual,RIKTVTSFDLPALRWLKL,,,0,H10,1,dn,0.0
all_atom,dual,RIKTVTSFDLPALRWLKL,,,0,H10,1,up,0.0
all_atom,dual,RIKTVTSFDLPALRWLKL,,,0,H10,2,dn,0.0
all_atom,dual,RIKTVTSFDLPALRWLKL,,,0,H10,2,up,0.0
all_atom,dual,RIKTVTSFDLPALRWLKL,,,0,H10,3,dn,0.0
all_atom,dual,RIKTVTSFDLPALRWLKL,,,0,H10,3,up,0.0
all_atom,dual,RIKTVTSFDLPALRWLKL,,,0,H10,4,dn,0.0
all_atom,dual,RIKTVTSFDLPALRWLKL,,,0,H10,4,up,0.0
all_atom,dual,RIKTVTSFDLPALRWLKL,,,0,H10,5,dn,0.0
all_atom,dual,RIKTVTSFDLPALRWLKL,,,0,H10,5,up,0.0
all_atom,dual,RIKTVTSFDLPALRWLKL,,,0,H2,1,dn,0.937
all_atom,dual,RIKTVTSFDLPALRWLKL,,,0,H2,1,up,1.0
all_atom,dual,RIKTVTSFDLPALRWLKL,,,0,H2,2,dn,0.962
all_atom,dual,RIKTVTSFDLPALRWLKL,,,0,H2,2,up,0.677
all_atom,dual,RIKTVTSFDLPALRWLKL,,,0,H2,3,dn,0.869
all_atom,dual,RIKTVTSFDLPALRWLKL,,,0,H2,3,up,0.612
all_atom,dual,RIKTVTSFDLPALRWLKL,,,0,H2,4,dn,0.95
all_atom,dual,RIKTVTSFDLPALRWLKL,,,0,H2,4,up,0.505
all_atom,dual,RIKTVTSFDLPALRWLKL,,,0,H2,5,dn,0.99
all_atom,dual,RIKTVTSFDLPALRWLKL,,,0,H2,5,up,0.808
all_atom,dual,RIKTVTSFDLPALRWLKL,,,0,H3,1,dn,0.85
all_atom,dual,RIKTVTSFDLPALRWLKL,,,0,H3,1,up,0.996
all_atom,dual,RIKTVTSFDLPALRWLKL,,,0,H3,2,dn,0.728
all_atom,dual,RIKTVTSFDLPALRWLKL,,,0,H3,2,up,0.911
all_atom,dual,RIKTVTSFDLPALRWLKL,,,0,H3,3,dn,0.655
all_atom,dual,RIKTVTSFDLPALRWLKL,,,0,H3,3,up,0.89
all_atom,dual,RIKTVTSFDLPALRWLKL,,,0,H3,4,dn,0.85
all_atom,dual,RIKTVTSFDLPALRWLKL,,,0,H3,4,up,0.842
all_atom,dual,RIKTVTSFDLPALRWLKL,,,0,H3,5,dn,0.891
all_atom,dual,RIKTVTSFDLPALRWLKL,,,0,H3,5,up,0.891
all_atom,dual,RIKTVTSFDLPALRWLKL,,,0,H4,1,dn,0.372
all_atom,dual,RIKTVTSFDLPALRWLKL,,,0,H4,1,up,0.945
all_atom,dual,RIKTVTSFDLPALRWLKL,,,0,H4,2,dn,0.131
all_atom,dual,RIKTVTSFDLPALRWLKL,,,0,H4,2,up,0.855
all_atom,dual,RIKTVTSFDLPALRWLKL,,,0,H4,3,dn,0.046
all_atom,dual,RIKTVTSFDLPALRWLKL,,,0,H4,3,up,0.739
all_atom,dual,RIKTVTSFDLPALRWLKL,,,0,H4,4,dn,0.059
all_atom,dual,RIKTVTSFDLPALRWLKL,,,0,H4,4,up,0.675
all_atom,dual,RIKTVTSFDLPALRWLKL,,,0,H4,5,dn,0.089
all_atom,dual,RIKTVTSFDLPALRWLKL,,,0,H4,5,up,0.828
all_atom,dual,RIKTVTSFDLPALRWLKL,,,0,H5,1,dn,0.505
all_atom,dual,RIKTVTSFDLPALRWLKL,,,0,H5,1,up,0.975
all_atom,dual,RIKTVTSFDLPALRWLKL,,,0,H5,2,dn,0.416
all_atom,dual,RIKTVTSFDLPALRWLKL,,,0,H5,2,up,0.995
all_atom,dual,RIKTVTSFDLPALRWLKL,,,0,H5,3,dn,0.351
all_atom,dual,RIKTVTSFDLPALRWLKL,,,0,H5,3,up,1.0
all_atom,dual,RIKTVTSFDLPALRWLKL,,,0,H5,4,dn,0.119
all_atom,dual,RIKTVTSFDLPALRWLKL,,,0,H5,4,up,0.99
all_atom,dual,RIKTVTSFDLPALRWLKL,,,0,H5,5,dn,0.322
all_atom,dual,RIKTVTSFDLPALRWLKL,,,0,H5,5,up,0.955
all_atom,dual,RIKTVTSFDLPALRWLKL,,,0,H6,1,dn,0.911
all_atom,dual,RIKTVTSFDLPALRWLKL,,,0,H6,1,up,0.972
all_atom,dual,RIKTVTSFDLPALRWLKL,,,0,H6,2,dn,0.832
all_atom,dual,RIKTVTSFDLPALRWLKL,,,0,H6,2,up,1.0
all_atom,dual,RIKTVTSFDLPALRWLKL,,,0,H6,3,dn,0.725
all_atom,dual,RIKTVTSFDLPALRWLKL,,,0,H6,3,up,1.0
all_atom,dual,RIKTVTSFDLPALRWLKL,,,0,H6,4,dn,0.238
all_atom,dual,RIKTVTSFDLPALRWLKL,,,0,H6,4,up,1.0
all_atom,dual,RIKTVTSFDLPALRWLKL,,,0,H6,5,dn,0.644
all_atom,dual,RIKTVTSFDLPALRWLKL,,,0,H6,5,up,1.0
all_atom,dual,RIKTVTSFDLPALRWLKL,,,0,H7,1,dn,0.92
all_atom,dual,RIKTVTSFDLPALRWLKL,,,0,H7,1,up,0.98
all_atom,dual,RIKTVTSFDLPALRWLKL,,,0,H7,2,dn,0.431
all_atom,dual,RIKTVTSFDLPALRWLKL,,,0,H7,2,up,0.982
all_atom,dual,RIKTVTSFDLPALRWLKL,,,0,H7,3,dn,0.287
all_atom,dual,RIKTVTSFDLPALRWLKL,,,0,H7,3,up,1.0
all_atom,dual,RIKTVTSFDLPALRWLKL,,,0,H7,4,dn,0.024
all_atom,dual,RIKTVTSFDLPALRWLKL,,,0,H7,4,up,0.991
all_atom,dual,RIKTVTSFDLPALRWLKL,,,0,H7,5,dn,0.064
all_atom,dual,RIKTVTSFDLPALRWLKL,,,0,H7,5,up,1.0
all_atom,dual,RIKTVTSFDLPALRWLKL,,,0,H8,1,dn,0.766
all_atom,dual,RIKTVTSFDLPALRWLKL,,,0,H8,1,up,0.802
all_atom,dual,RIKTVTSFDLPALRWLKL,,,0,H8,2,dn,0.614
all_atom,dual,RIKTVTSFDLPALRWLKL,,,0,H8,2,up,0.931
all_atom,dual,RIKTVTSFDLPALRWLKL,,,0,H8,3,dn,0.372
all_atom,dual,RIKTVTSFDLPALRWLKL,,,0,H8,3,up,0.988
all_atom,dual,RIKTVTSFDLPALRWLKL,,,0,H8,4,dn,0.0
all_atom,dual,RIKTVTSFDLPALRWLKL,,,0,H8,4,up,0.952
all_atom,dual,RIKTVTSFDLPALRWLKL,,,0,H8,5,dn,0.0
all_atom,dual,RIKTVTSFDLPALRWLKL,,,0,H8,5,up,0.974
all_atom,dual,RIKTVTSFDLPALRWLKL,,,0,H9,1,dn,0.458
all_atom,dual,RIKTVTSFDLPALRWLKL,,,0,H9,1,up,0.229
all_atom,dual,RIKTVTSFDLPALRWLKL,,,0,H9,2,dn,0.326
all_atom,dual,RIKTVTSFDLPALRWLKL,,,0,H9,2,up,0.298
all_atom,dual,RIKTVTSFDLPALRWLKL,,,0,H9,3,dn,0.259
all_atom,dual,RIKTVTSFDLPALRWLKL,,,0,H9,3,up,0.118
all_atom,dual,RIKTVTSFDLPALRWLKL,,,0,H9,4,dn,0.0
all_atom,dual,RIKTVTSFDLPALRWLKL,,,0,H9,4,up,0.436
all_atom,dual,RIKTVTSFDLPALRWLKL,,,0,H9,5,dn,0.0
all_atom,dual,RIKTVTSFDLPALRWLKL,,,0,H9,5,up,0.673
all_atom,dual,RIKTVTSFDLPALRWLKL,,,0,HM,1,dn,0.646
all_atom,dual,RIKTVTSFDLPALRWLKL,,,0,HM,1,up,0.765
all_atom,dual,RIKTVTSFDLPALRWLKL,,,0,HM,2,dn,0.528
all_atom,dual,RIKTVTSFDLPALRWLKL,,,0,HM,2,up,0.636
all_atom,dual,RIKTVTSFDLPALRWLKL,,,0,HM,3,dn,0.413
all_atom,dual,RIKTVTSFDLPALRWLKL,,,0,HM,3,up,0.605
all_atom,dual,RIKTVTSFDLPALRWLKL,,,0,HM,4,dn,0.3
all_atom,dual,RIKTVTSFDLPALRWLKL,,,0,HM,4,up,0.604
all_atom,dual,RIKTVTSFDLPALRWLKL,,,0,HM,5,dn,0.389
all_atom,dual,RIKTVTSFDLPALRWLKL,,,0,HM,5,up,0.679
all_atom,dual,RIKTVTSFDLPALRWLKL,,,0,PEPT_BUR_MAX,1,dn,8.29
all_atom,dual,RIKTVTSFDLPALRWLKL,,,0,PEPT_BUR_MAX,1,up,7.37
all_atom,dual,RIKTVTSFDLPALRWLKL,,,0,PEPT_BUR_MAX,2,dn,7.0
all_atom,dual,RIKTVTSFDLPALRWLKL,,,0,PEPT_BUR_MAX,2,up,8.49
all_atom,dual,RIKTVTSFDLPALRWLKL,,,0,PEPT_BUR_MAX,3,dn,7.78
all_atom,dual,RIKTVTSFDLPALRWLKL,,,0,PEPT_BUR_MAX,3,up,7.13
all_atom,dual,RIKTVTSFDLPALRWLKL,,,0,PEPT_BUR_MAX,4,dn,5.55
all_atom,dual,RIKTVTSFDLPALRWLKL,,,0,PEPT_BUR_MAX,4,up,7.23
all_atom,dual,RIKTVTSFDLPALRWLKL,,,0,PEPT_BUR_MAX,5,dn,6.05
all_atom,dual,RIKTVTSFDLPALRWLKL,,,0,PEPT_BUR_MAX,5,up,10.06
all_atom,dual,RIKTVTSFDLPALRWLKL,,,0,S,1,dn,0.727
all_atom,dual,RIKTVTSFDLPALRWLKL,,,0,S,1,up,0.762
all_atom,dual,RIKTVTSFDLPALRWLKL,,,0,S,2,dn,0.853
all_atom,dual,RIKTVTSFDLPALRWLKL,,,0,S,2,up,0.732
all_atom,dual,RIKTVTSFDLPALRWLKL,,,0,S,3,dn,0.818
all_atom,dual,RIKTVTSFDLPALRWLKL,,,0,S,3,up,0.691
all_atom,dual,RIKTVTSFDLPALRWLKL,,,0,S,4,dn,0.843
all_atom,dual,RIKTVTSFDLPALRWLKL,,,0,S,4,up,0.592
all_atom,dual,RIKTVTSFDLPALRWLKL,,,0,S,5,dn,0.883
all_atom,dual,RIKTVTSFDLPALRWLKL,,,0,S,5,up,0.422
all_atom,dual,RIKTVTSFDLPALRWLKL,,,0,WAT_BUR_MAX,1,dn,8.28
all_atom,dual,RIKTVTSFDLPALRWLKL,,,0,WAT_BUR_MAX,1,up,10.13
all_atom,dual,RIKTVTSFDLPALRWLKL,,,0,WAT_BUR_MAX,2,dn,7.04
all_atom,dual,RIKTVTSFDLPALRWLKL,,,0,WAT_BUR_MAX,2,up,9.69
all_atom,dual,RIKTVTSFDLPALRWLKL,,,0,WAT_BUR_MAX,3,dn,8.32
all_atom,dual,RIKTVTSFDLPALRWLKL,,,0,WAT_BUR_MAX,3,up,9.84
all_atom,dual,RIKTVTSFDLPALRWLKL,,,0,WAT_BUR_MAX,4,dn,7.36
all_atom,dual,RIKTVTSFDLPALRWLKL,,,0,WAT_BUR_MAX,4,up,8.82
all_atom,dual,RIKTVTSFDLPALRWLKL,,,0,WAT_BUR_MAX,5,dn,9.07
all_atom,dual,RIKTVTSFDLPALRWLKL,,,0,WAT_BUR_MAX,5,up,10.67
all_atom,dual,RIKTVTSFDLPALRWLKL,,,0,WAT_BUR_REL,1,dn,1.22
all_atom,dual,RIKTVTSFDLPALRWLKL,,,0,WAT_BUR_REL,1,up,2.0
all_atom,dual,RIKTVTSFDLPALRWLKL,,,0,WAT_BUR_REL,2,dn,2.37
all_atom,dual,RIKTVTSFDLPALRWLKL,,,0,WAT_BUR_REL,2,up,2.09
all_atom,dual,RIKTVTSFDLPALRWLKL,,,0,WAT_BUR_REL,3,dn,2.72
all_atom,dual,RIKTVTSFDLPALRWLKL,,,0,WAT_BUR_REL,3,up,2.12
all_atom,dual,RIKTVTSFDLPALRWLKL,,,0,WAT_BUR_REL,4,dn,3.65
all_atom,dual,RIKTVTSFDLPALRWLKL,,,0,WAT_BUR_REL,4,up,1.73
all_atom,dual,RIKTVTSFDLPALRWLKL,,,0,WAT_BUR_REL,5,dn,3.27
all_atom,dual,RIKTVTSFDLPALRWLKL,,,0,WAT_BUR_REL,5,up,0.48
all_atom,dual,RIKTVTSFDLPALRWLKL,,,0,ZP-0.5,1,dn,0.142
all_atom,dual,RIKTVTSFDLPALRWLKL,,,0,ZP-0.5,1,up,0.114
all_atom,dual,RIKTVTSFDLPALRWLKL,,,0,ZP-0.5,2,dn,0.126
all_atom,dual,RIKTVTSFDLPALRWLKL,,,0,ZP-0.5,2,up,0.162
all_atom,dual,RIKTVTSFDLPALRWLKL,,,0,ZP-0.5,3,dn,0.127
all_atom,dual,RIKTVTSFDLPALRWLKL,,,0,ZP-0.5,3,up,0.146
all_atom,dual,RIKTVTSFDLPALRWLKL,,,0,ZP-0.5,4,dn,0.149
all_atom,dual,RIKTVTSFDLPALRWLKL,,,0,ZP-0.5,4,up,0.126
all_atom,dual,RIKTVTSFDLPALRWLKL,,,0,ZP-0.5,5,dn,0.15
all_atom,dual,RIKTVTSFDLPALRWLKL,,,0,ZP-0.5,5,up,0.125
all_atom,dual,RIKTVTSFDLPALRWLKL,,,0,ZP-1.5,1,dn,0.124
all_atom,dual,RIKTVTSFDLPALRWLKL,,,0,ZP-1.5,1,up,0.154
all_atom,dual,RIKTVTSFDLPALRWLKL,,,0,ZP-1.5,2,dn,0.109
all_atom,dual,RIKTVTSFDLPALRWLKL,,,0,ZP-1.5,2,up,0.125
all_atom,dual,RIKTVTSFDLPALRWLKL,,,0,ZP-1.5,3,dn,0.136
all_atom,dual,RIKTVTSFDLPALRWLKL,,,0,ZP-1.5,3,up,0.117
all_atom,dual,RIKTVTSFDLPALRWLKL,,,0,ZP-1.5,4,dn,0.112
all_atom,dual,RIKTVTSFDLPALRWLKL,,,0,ZP-1.5,4,up,0.099
all_atom,dual,RIKTVTSFDLPALRWLKL,,,0,ZP-1.5,5,dn,0.11
all_atom,dual,RIKTVTSFDLPALRWLKL,,,0,ZP-1.5,5,up,0.098
all_atom,dual,RIKTVTSFDLPALRWLKL,,,0,ZP-2.5,1,dn,0.126
all_atom,dual,RIKTVTSFDLPALRWLKL,,,0,ZP-2.5,1,up,0.124
all_atom,dual,RIKTVTSFDLPALRWLKL,,,0,ZP-2.5,2,dn,0.139
all_atom,dual,RIKTVTSFDLPALRWLKL,,,0,ZP-2.5,2,up,0.106
all_atom,dual,RIKTVTSFDLPALRWLKL,,,0,ZP-2.5,3,dn,0.1
all_atom,dual,RIKTVTSFDLPALRWLKL,,,0,ZP-2.5,3,up,0.077
all_atom,dual,RIKTVTSFDLPALRWLKL,,,0,ZP-2.5,4,dn,0.076
all_atom,dual,RIKTVTSFDLPALRWLKL,,,0,ZP-2.5,4,up,0.067
all_atom,dual,RIKTVTSFDLPALRWLKL,,,0,ZP-2.5,5,dn,0.104
all_atom,dual,RIKTVTSFDLPALRWLKL,,,0,ZP-2.5,5,up,0.071
all_atom,dual,RIKTVTSFDLPALRWLKL,,,0,ZP-3.5,1,dn,0.097
all_atom,dual,RIKTVTSFDLPALRWLKL,,,0,ZP-3.5,1,up,0.083
all_atom,dual,RIKTVTSFDLPALRWLKL,,,0,ZP-3.5,2,dn,0.09
all_atom,dual,RIKTVTSFDLPALRWLKL,,,0,ZP-3.5,2,up,0.067
all_atom,dual,RIKTVTSFDLPALRWLKL,,,0,ZP-3.5,3,dn,0.058
all_atom,dual,RIKTVTSFDLPALRWLKL,,,0,ZP-3.5,3,up,0.056
all_atom,dual,RIKTVTSFDLPALRWLKL,,,0,ZP-3.5,4,dn,0.053
all_atom,dual,RIKTVTSFDLPALRWLKL,,,0,ZP-3.5,4,up,0.045
all_atom,dual,RIKTVTSFDLPALRWLKL,,,0,ZP-3.5,5,dn,0.049
all_atom,dual,RIKTVTSFDLPALRWLKL,,,0,ZP-3.5,5,up,0.049
all_atom,dual,RIKTVTSFDLPALRWLKL,,,0,ZP-4.5,1,dn,0.065
all_atom,dual,RIKTVTSFDLPALRWLKL,,,0,ZP-4.5,1,up,0.069
all_atom,dual,RIKTVTSFDLPALRWLKL,,,0,ZP-4.5,2,dn,0.064
all_atom,dual,RIKTVTSFDLPALRWLKL,,,0,ZP-4.5,2,up,0.038
all_atom,dual,RIKTVTSFDLPALRWLKL,,,0,ZP-4.5,3,dn,0.034
all_atom,dual,RIKTVTSFDLPALRWLKL,,,0,ZP-4.5,3,up,0.032
all_atom,dual,RIKTVTSFDLPALRWLKL,,,0,ZP-4.5,4,dn,0.042
all_atom,dual,RIKTVTSFDLPALRWLKL,,,0,ZP-4.5,4,up,0.017
all_atom,dual,RIKTVTSFDLPALRWLKL,,,0,ZP-4.5,5,dn,0.042
all_atom,dual,RIKTVTSFDLPALRWLKL,,,0,ZP-4.5,5,up,0.021
all_atom,dual,RIKTVTSFDLPALRWLKL,,,0,ZP-5.5,1,dn,0.04
all_atom,dual,RIKTVTSFDLPALRWLKL,,,0,ZP-5.5,1,up,0.047
all_atom,dual,RIKTVTSFDLPALRWLKL,,,0,ZP-5.5,2,dn,0.059
all_atom,dual,RIKTVTSFDLPALRWLKL,,,0,ZP-5.5,2,up,0.018
all_atom,dual,RIKTVTSFDLPALRWLKL,,,0,ZP-5.5,3,dn,0.016
all_atom,dual,RIKTVTSFDLPALRWLKL,,,0,ZP-5.5,3,up,0.024
all_atom,dual,RIKTVTSFDLPALRWLKL,,,0,ZP-5.5,4,dn,0.019
all_atom,dual,RIKTVTSFDLPALRWLKL,,,0,ZP-5.5,4,up,0.009
all_atom,dual,RIKTVTSFDLPALRWLKL,,,0,ZP-5.5,5,dn,0.012
all_atom,dual,RIKTVTSFDLPALRWLKL,,,0,ZP-5.5,5,up,0.013
all_atom,dual,RIKTVTSFDLPALRWLKL,,,0,ZP-6.5,1,dn,0.033
all_atom,dual,RIKTVTSFDLPALRWLKL,,,0,ZP-6.5,1,up,0.033
all_atom,dual,RIKTVTSFDLPALRWLKL,,,0,ZP-6.5,2,dn,0.034
all_atom,dual,RIKTVTSFDLPALRWLKL,,,0,ZP-6.5,2,up,0.003
all_atom,dual,RIKTVTSFDLPALRWLKL,,,0,ZP-6.5,3,dn,0.005
all_atom,dual,RIKTVTSFDLPALRWLKL,,,0,ZP-6.5,3,up,0.005
all_atom,dual,RIKTVTSFDLPALRWLKL,,,0,ZP-6.5,4,dn,0.011
all_atom,dual,RIKTVTSFDLPALRWLKL,,,0,ZP-6.5,4,up,0.002
all_atom,dual,RIKTVTSFDLPALRWLKL,,,0,ZP-6.5,5,dn,0.005
all_atom,dual,RIKTVTSFDLPALRWLKL,,,0,ZP-6.5,5,up,0.009
all_atom,dual,RIKTVTSFDLPALRWLKL,,,0,ZP-7.5,1,dn,0.019
all_atom,dual,RIKTVTSFDLPALRWLKL,,,0,ZP-7.5,1,up,0.011
all_atom,dual,RIKTVTSFDLPALRWLKL,,,0,ZP-7.5,2,dn,0.021
all_atom,dual,RIKTVTSFDLPALRWLKL,,,0,ZP-7.5,2,up,0.002
all_atom,dual,RIKTVTSFDLPALRWLKL,,,0,ZP-7.5,3,dn,0.0
all_atom,dual,RIKTVTSFDLPALRWLKL,,,0,ZP-7.5,3,up,0.005
all_atom,dual,RIKTVTSFDLPALRWLKL,,,0,ZP-7.5,4,dn,0.0
all_atom,dual,RIKTVTSFDLPALRWLKL,,,0,ZP-7.5,4,up,0.005
all_atom,dual,RIKTVTSFDLPALRWLKL,,,0,ZP-7.5,5,dn,0.001
all_atom,dual,RIKTVTSFDLPALRWLKL,,,0,ZP-7.5,5,up,0.006
all_atom,dual,RIKTVTSFDLPALRWLKL,,,0,ZP-8.5,1,dn,0.015
all_atom,dual,RIKTVTSFDLPALRWLKL,,,0,ZP-8.5,1,up,0.006
all_atom,dual,RIKTVTSFDLPALRWLKL,,,0,ZP-8.5,2,dn,0.008
all_atom,dual,RIKTVTSFDLPALRWLKL,,,0,ZP-8.5,2,up,0.001
all_atom,dual,RIKTVTSFDLPALRWLKL,,,0,ZP-8.5,3,dn,0.0
all_atom,dual,RIKTVTSFDLPALRWLKL,,,0,ZP-8.5,3,up,0.002
all_atom,dual,RIKTVTSFDLPALRWLKL,,,0,ZP-8.5,4,dn,0.005
all_atom,dual,RIKTVTSFDLPALRWLKL,,,0,ZP-8.5,4,up,0.0
all_atom,dual,RIKTVTSFDLPALRWLKL,,,0,ZP-8.5,5,dn,0.004
all_atom,dual,RIKTVTSFDLPALRWLKL,,,0,ZP-8.5,5,up,0.002
all_atom,dual,RIKTVTSFDLPALRWLKL,,,0,ZP-9.5,1,dn,0.003
all_atom,dual,RIKTVTSFDLPALRWLKL,,,0,ZP-9.5,1,up,0.001
all_atom,dual,RIKTVTSFDLPALRWLKL,,,0,ZP-9.5,2,dn,0.004
all_atom,dual,RIKTVTSFDLPALRWLKL,,,0,ZP-9.5,2,up,0.0
all_atom,dual,RIKTVTSFDLPALRWLKL,,,0,ZP-9.5,3,dn,0.0
all_atom,dual,RIKTVTSFDLPALRWLKL,,,0,ZP-9.5,3,up,0.0
all_atom,dual,RIKTVTSFDLPALRWLKL,,,0,ZP-9.5,4,dn,0.001
all_atom,dual,RIKTVTSFDLPALRWLKL,,,0,ZP-9.5,4,up,0.001
all_atom,dual,RIKTVTSFDLPALRWLKL,,,0,ZP-9.5,5,dn,0.0
all_atom,dual,RIKTVTSFDLPALRWLKL,,,0,ZP-9.5,5,up,0.0
all_atom,dual,RIKTVTSFDLPALRWLKL,,,0,ZP0.5,1,dn,0.099
all_atom,dual,RIKTVTSFDLPALRWLKL,,,0,ZP0.5,1,up,0.119
all_atom,dual,RIKTVTSFDLPALRWLKL,,,0,ZP0.5,2,dn,0.108
all_atom,dual,RIKTVTSFDLPALRWLKL,,,0,ZP0.5,2,up,0.153
all_atom,dual,RIKTVTSFDLPALRWLKL,,,0,ZP0.5,3,dn,0.145
all_atom,dual,RIKTVTSFDLPALRWLKL,,,0,ZP0.5,3,up,0.168
all_atom,dual,RIKTVTSFDLPALRWLKL,,,0,ZP0.5,4,dn,0.148
all_atom,dual,RIKTVTSFDLPALRWLKL,,,0,ZP0.5,4,up,0.142
all_atom,dual,RIKTVTSFDLPALRWLKL,,,0,ZP0.5,5,dn,0.142
all_atom,dual,RIKTVTSFDLPALRWLKL,,,0,ZP0.5,5,up,0.126
all_atom,dual,RIKTVTSFDLPALRWLKL,,,0,ZP1.5,1,dn,0.09
all_atom,dual,RIKTVTSFDLPALRWLKL,,,0,ZP1.5,1,up,0.088
all_atom,dual,RIKTVTSFDLPALRWLKL,,,0,ZP1.5,2,dn,0.089
all_atom,dual,RIKTVTSFDLPALRWLKL,,,0,ZP1.5,2,up,0.118
all_atom,dual,RIKTVTSFDLPALRWLKL,,,0,ZP1.5,3,dn,0.106
all_atom,dual,RIKTVTSFDLPALRWLKL,,,0,ZP1.5,3,up,0.143
all_atom,dual,RIKTVTSFDLPALRWLKL,,,0,ZP1.5,4,dn,0.142
all_atom,dual,RIKTVTSFDLPALRWLKL,,,0,ZP1.5,4,up,0.134
all_atom,dual,RIKTVTSFDLPALRWLKL,,,0,ZP1.5,5,dn,0.129
all_atom,dual,RIKTVTSFDLPALRWLKL,,,0,ZP1.5,5,up,0.132
all_atom,dual,RIKTVTSFDLPALRWLKL,,,0,ZP2.5,1,dn,0.072
all_atom,dual,RIKTVTSFDLPALRWLKL,,,0,ZP2.5,1,up,0.069
all_atom,dual,RIKTVTSFDLPALRWLKL,,,0,ZP2.5,2,dn,0.063
all_atom,dual,RIKTVTSFDLPALRWLKL,,,0,ZP2.5,2,up,0.078
all_atom,dual,RIKTVTSFDLPALRWLKL,,,0,ZP2.5,3,dn,0.101
all_atom,dual,RIKTVTSFDLPALRWLKL,,,0,ZP2.5,3,up,0.103
all_atom,dual,RIKTVTSFDLPALRWLKL,,,0,ZP2.5,4,dn,0.082
all_atom,dual,RIKTVTSFDLPALRWLKL,,,0,ZP2.5,4,up,0.125
all_atom,dual,RIKTVTSFDLPALRWLKL,,,0,ZP2.5,5,dn,0.1
all_atom,dual,RIKTVTSFDLPALRWLKL,,,0,ZP2.5,5,up,0.126
all_atom,dual,RIKTVTSFDLPALRWLKL,,,0,ZP3.5,1,dn,0.049
all_atom,dual,RIKTVTSFDLPALRWLKL,,,0,ZP3.5,1,up,0.033
all_atom,dual,RIKTVTSFDLPALRWLKL,,,0,ZP3.5,2,dn,0.032
all_atom,dual,RIKTVTSFDLPALRWLKL,,,0,ZP3.5,2,up,0.066
all_atom,dual,RIKTVTSFDLPALRWLKL,,,0,ZP3.5,3,dn,0.072
all_atom,dual,RIKTVTSFDLPALRWLKL,,,0,ZP3.5,3,up,0.062
all_atom,dual,RIKTVTSFDLPALRWLKL,,,0,ZP3.5,4,dn,0.069
all_atom,dual,RIKTVTSFDLPALRWLKL,,,0,ZP3.5,4,up,0.092
all_atom,dual,RIKTVTSFDLPALRWLKL,,,0,ZP3.5,5,dn,0.091
all_atom,dual,RIKTVTSFDLPALRWLKL,,,0,ZP3.5,5,up,0.093
all_atom,dual,RIKTVTSFDLPALRWLKL,,,0,ZP4.5,1,dn,0.016
all_atom,dual,RIKTVTSFDLPALRWLKL,,,0,ZP4.5,1,up,0.027
all_atom,dual,RIKTVTSFDLPALRWLKL,,,0,ZP4.5,2,dn,0.03
all_atom,dual,RIKTVTSFDLPALRWLKL,,,0,ZP4.5,2,up,0.037
all_atom,dual,RIKTVTSFDLPALRWLKL,,,0,ZP4.5,3,dn,0.047
all_atom,dual,RIKTVTSFDLPALRWLKL,,,0,ZP4.5,3,up,0.037
all_atom,dual,RIKTVTSFDLPALRWLKL,,,0,ZP4.5,4,dn,0.047
all_atom,dual,RIKTVTSFDLPALRWLKL,,,0,ZP4.5,4,up,0.06
all_atom,dual,RIKTVTSFDLPALRWLKL,,,0,ZP4.5,5,dn,0.038
all_atom,dual,RIKTVTSFDLPALRWLKL,,,0,ZP4.5,5,up,0.051
all_atom,dual,RIKTVTSFDLPALRWLKL,,,0,ZP5.5,1,dn,0.009
all_atom,dual,RIKTVTSFDLPALRWLKL,,,0,ZP5.5,1,up,0.009
all_atom,dual,RIKTVTSFDLPALRWLKL,,,0,ZP5.5,2,dn,0.015
all_atom,dual,RIKTVTSFDLPALRWLKL,,,0,ZP5.5,2,up,0.015
all_atom,dual,RIKTVTSFDLPALRWLKL,,,0,ZP5.5,3,dn,0.026
all_atom,dual,RIKTVTSFDLPALRWLKL,,,0,ZP5.5,3,up,0.019
all_atom,dual,RIKTVTSFDLPALRWLKL,,,0,ZP5.5,4,dn,0.024
all_atom,dual,RIKTVTSFDLPALRWLKL,,,0,ZP5.5,4,up,0.041
all_atom,dual,RIKTVTSFDLPALRWLKL,,,0,ZP5.5,5,dn,0.015
all_atom,dual,RIKTVTSFDLPALRWLKL,,,0,ZP5.5,5,up,0.03
all_atom,dual,RIKTVTSFDLPALRWLKL,,,0,ZP6.5,1,dn,0.0
all_atom,dual,RIKTVTSFDLPALRWLKL,,,0,ZP6.5,1,up,0.006
all_atom,dual,RIKTVTSFDLPALRWLKL,,,0,ZP6.5,2,dn,0.006
all_atom,dual,RIKTVTSFDLPALRWLKL,,,0,ZP6.5,2,up,0.01
all_atom,dual,RIKTVTSFDLPALRWLKL,,,0,ZP6.5,3,dn,0.012
all_atom,dual,RIKTVTSFDLPALRWLKL,,,0,ZP6.5,3,up,0.004
all_atom,dual,RIKTVTSFDLPALRWLKL,,,0,ZP6.5,4,dn,0.018
all_atom,dual,RIKTVTSFDLPALRWLKL,,,0,ZP6.5,4,up,0.025
all_atom,dual,RIKTVTSFDLPALRWLKL,,,0,ZP6.5,5,dn,0.003
all_atom,dual,RIKTVTSFDLPALRWLKL,,,0,ZP6.5,5,up,0.023
all_atom,dual,RIKTVTSFDLPALRWLKL,,,0,ZP7.5,1,dn,0.0
all_atom,dual,RIKTVTSFDLPALRWLKL,,,0,ZP7.5,1,up,0.006
all_atom,dual,RIKTVTSFDLPALRWLKL,,,0,ZP7.5,2,dn,0.001
all_atom,dual,RIKTVTSFDLPALRWLKL,,,0,ZP7.5,2,up,0.002
all_atom,dual,RIKTVTSFDLPALRWLKL,,,0,ZP7.5,3,dn,0.012
all_atom,dual,RIKTVTSFDLPALRWLKL,,,0,ZP7.5,3,up,0.0
all_atom,dual,RIKTVTSFDLPALRWLKL,,,0,ZP7.5,4,dn,0.002
all_atom,dual,RIKTVTSFDLPALRWLKL,,,0,ZP7.5,4,up,0.007
all_atom,dual,RIKTVTSFDLPALRWLKL,,,0,ZP7.5,5,dn,0.004
all_atom,dual,RIKTVTSFDLPALRWLKL,,,0,ZP7.5,5,up,0.014
all_atom,dual,RIKTVTSFDLPALRWLKL,,,0,ZP8.5,1,dn,0.0
all_atom,dual,RIKTVTSFDLPALRWLKL,,,0,ZP8.5,1,up,0.0
all_atom,dual,RIKTVTSFDLPALRWLKL,,,0,ZP8.5,2,dn,0.001
all_atom,dual,RIKTVTSFDLPALRWLKL,,,0,ZP8.5,2,up,0.0
all_atom,dual,RIKTVTSFDLPALRWLKL,,,0,ZP8.5,3,dn,0.004
all_atom,dual,RIKTVTSFDLPALRWLKL,,,0,ZP8.5,3,up,0.0
all_atom,dual,RIKTVTSFDLPALRWLKL,,,0,ZP8.5,4,dn,0.0
all_atom,dual,RIKTVTSFDLPALRWLKL,,,0,ZP8.5,4,up,0.002
all_atom,dual,RIKTVTSFDLPALRWLKL,,,0,ZP8.5,5,dn,0.0
all_atom,dual,RIKTVTSFDLPALRWLKL,,,0,ZP8.5,5,up,0.005
all_atom,dual,RIKTVTSFDLPALRWLKL,,,0,ZP9.5,1,dn,0.0
all_atom,dual,RIKTVTSFDLPALRWLKL,,,0,ZP9.5,1,up,0.0
all_atom,dual,RIKTVTSFDLPALRWLKL,,,0,ZP9.5,2,dn,0.001
all_atom,dual,RIKTVTSFDLPALRWLKL,,,0,ZP9.5,2,up,0.0
all_atom,dual,RIKTVTSFDLPALRWLKL,,,0,ZP9.5,3,dn,0.0
all_atom,dual,RIKTVTSFDLPALRWLKL,,,0,ZP9.5,3,up,0.0
all_atom,dual,RIKTVTSFDLPALRWLKL,,,0,ZP9.5,4,dn,0.0
all_atom,dual,RIKTVTSFDLPALRWLKL,,,0,ZP9.5,4,up,0.002
all_atom,dual,RIKTVTSFDLPALRWLKL,,,0,ZP9.5,5,dn,0.0
all_atom,dual,RIKTVTSFDLPALRWLKL,,,0,ZP9.5,5,up,0.006
all_atom,dual,RIRWILRYWRWS,,,1,APLA12.5,1,dn,58.97
all_atom,dual,RIRWILRYWRWS,,,1,APLA12.5,1,up,59.014
all_atom,dual,RIRWILRYWRWS,,,1,APLA12.5,2,dn,60.972
all_atom,dual,RIRWILRYWRWS,,,1,APLA12.5,2,up,60.82
all_atom,dual,RIRWILRYWRWS,,,1,APLA12.5,3,dn,60.507
all_atom,dual,RIRWILRYWRWS,,,1,APLA12.5,3,up,60.618
all_atom,dual,RIRWILRYWRWS,,,1,APLA12.5,4,dn,58.702
all_atom,dual,RIRWILRYWRWS,,,1,APLA12.5,4,up,58.891
all_atom,dual,RIRWILRYWRWS,,,1,APLA12.5,5,dn,60.142
all_atom,dual,RIRWILRYWRWS,,,1,APLA12.5,5,up,59.79
all_atom,dual,RIRWILRYWRWS,,,1,APLA17.5,1,dn,58.8
all_atom,dual,RIRWILRYWRWS,,,1,APLA17.5,1,up,57.772
all_atom,dual,RIRWILRYWRWS,,,1,APLA17.5,2,dn,59.157
all_atom,dual,RIRWILRYWRWS,,,1,APLA17.5,2,up,60.74
all_atom,dual,RIRWILRYWRWS,,,1,APLA17.5,3,dn,60.378
all_atom,dual,RIRWILRYWRWS,,,1,APLA17.5,3,up,59.542
all_atom,dual,RIRWILRYWRWS,,,1,APLA17.5,4,dn,59.283
all_atom,dual,RIRWILRYWRWS,,,1,APLA17.5,4,up,59.826
all_atom,dual,RIRWILRYWRWS,,,1,APLA17.5,5,dn,59.302
all_atom,dual,RIRWILRYWRWS,,,1,APLA17.5,5,up,59.293
all_atom,dual,RIRWILRYWRWS,,,1,APLA2.5,1,dn,73.95
all_atom,dual,RIRWILRYWRWS,,,1,APLA2.5,1,up,75.734
all_atom,dual,RIRWILRYWRWS,,,1,APLA2.5,2,dn,75.771
all_atom,dual,RIRWILRYWRWS,,,1,APLA2.5,2,up,72.927
all_atom,dual,RIRWILRYWRWS,,,1,APLA2.5,3,dn,75.966
all_atom,dual,RIRWILRYWRWS,,,1,APLA2.5,3,up,76.955
all_atom,dual,RIRWILRYWRWS,,,1,APLA2.5,4,dn,76.979
all_atom,dual,RIRWILRYWRWS,,,1,APLA2.5,4,up,74.351
all_atom,dual,RIRWILRYWRWS,,,1,APLA2.5,5,dn,74.512
all_atom,dual,RIRWILRYWRWS,,,1,APLA2.5,5,up,75.48
all_atom,dual,RIRWILRYWRWS,,,1,APLA7.5,1,dn,59.034
all_atom,dual,RIRWILRYWRWS,,,1,APLA7.5,1,up,59.662
all_atom,dual,RIRWILRYWRWS,,,1,APLA7.5,2,dn,62.335
all_atom,dual,RIRWILRYWRWS,,,1,APLA7.5,2,up,60.326
all_atom,dual,RIRWILRYWRWS,,,1,APLA7.5,3,dn,59.586
all_atom,dual,RIRWILRYWRWS,,,1,APLA7.5,3,up,58.432
all_atom,dual,RIRWILRYWRWS,,,1,APLA7.5,4,dn,59.452
all_atom,dual,RIRWILRYWRWS,,,1,APLA7.5,4,up,57.434
all_atom,dual,RIRWILRYWRWS,,,1,APLA7.5,5,dn,60.042
all_atom,dual,RIRWILRYWRWS,,,1,APLA7.5,5,up,56.14
all_atom,dual,RIRWILRYWRWS,,,1,APLS12.5,1,dn,4.675
all_atom,dual,RIRWILRYWRWS,,,1,APLS12.5,1,up,4.261
all_atom,dual,RIRWILRYWRWS,,,1,APLS12.5,2,dn,4.658
all_atom,dual,RIRWILRYWRWS,,,1,APLS12.5,2,up,4.398
all_atom,dual,RIRWILRYWRWS,,,1,APLS12.5,3,dn,4.33
all_atom,dual,RIRWILRYWRWS,,,1,APLS12.5,3,up,5.237
all_atom,dual,RIRWILRYWRWS,,,1,APLS12.5,4,dn,4.447
all_atom,dual,RIRWILRYWRWS,,,1,APLS12.5,4,up,4.186
all_atom,dual,RIRWILRYWRWS,,,1,APLS12.5,5,dn,3.887
all_atom,dual,RIRWILRYWRWS,,,1,APLS12.5,5,up,3.94
all_atom,dual,RIRWILRYWRWS,,,1,APLS17.5,1,dn,3.82
all_atom,dual,RIRWILRYWRWS,,,1,APLS17.5,1,up,3.718
all_atom,dual,RIRWILRYWRWS,,,1,APLS17.5,2,dn,3.908
all_atom,dual,RIRWILRYWRWS,,,1,APLS17.5,2,up,4.061
all_atom,dual,RIRWILRYWRWS,,,1,APLS17.5,3,dn,4.219
all_atom,dual,RIRWILRYWRWS,,,1,APLS17.5,3,up,3.836
all_atom,dual,RIRWILRYWRWS,,,1,APLS17.5,4,dn,3.683
all_atom,dual,RIRWILRYWRWS,,,1,APLS17.5,4,up,3.72
all_atom,dual,RIRWILRYWRWS,,,1,APLS17.5,5,dn,3.992
all_atom,dual,RIRWILRYWRWS,,,1,APLS17.5,5,up,3.734
all_atom,dual,RIRWILRYWRWS,,,1,APLS2.5,1,dn,7.007
all_atom,dual,RIRWILRYWRWS,,,1,APLS2.5,1,up,6.717
all_atom,dual,RIRWILRYWRWS,,,1,APLS2.5,2,dn,6.619
all_atom,dual,RIRWILRYWRWS,,,1,APLS2.5,2,up,5.279
all_atom,dual,RIRWILRYWRWS,,,1,APLS2.5,3,dn,5.872
all_atom,dual,RIRWILRYWRWS,,,1,APLS2.5,3,up,6.027
all_atom,dual,RIRWILRYWRWS,,,1,APLS2.5,4,dn,6.139
all_atom,dual,RIRWILRYWRWS,,,1,APLS2.5,4,up,7.091
all_atom,dual,RIRWILRYWRWS,,,1,APLS2.5,5,dn,6.524
all_atom,dual,RIRWILRYWRWS,,,1,APLS2.5,5,up,6.459
all_atom,dual,RIRWILRYWRWS,,,1,APLS7.5,1,dn,6.342
all_atom,dual,RIRWILRYWRWS,,,1,APLS7.5,1,up,5.325
all_atom,dual,RIRWILRYWRWS,,,1,APLS7.5,2,dn,6.04
all_atom,dual,RIRWILRYWRWS,,,1,APLS7.5,2,up,6.003
all_atom,dual,RIRWILRYWRWS,,,1,APLS7.5,3,dn,5.378
all_atom,dual,RIRWILRYWRWS,,,1,APLS7.5,3,up,5.63
all_atom,dual,RIRWILRYWRWS,,,1,APLS7.5,4,dn,5.328
all_atom,dual,RIRWILRYWRWS,,,1,APLS7.5,4,up,5.0
all_atom,dual,RIRWILRYWRWS,,,1,APLS7.5,5,dn,4.753
all_atom,dual,RIRWILRYWRWS,,,1,APLS7.5,5,up,5.165
all_atom,dual,RIRWILRYWRWS,,,1,H0,1,dn,0.0
all_atom,dual,RIRWILRYWRWS,,,1,H0,1,up,0.0
all_atom,dual,RIRWILRYWRWS,,,1,H0,2,dn,0.0
all_atom,dual,RIRWILRYWRWS,,,1,H0,2,up,0.0
all_atom,dual,RIRWILRYWRWS,,,1,H0,3,dn,0.0
all_atom,dual,RIRWILRYWRWS,,,1,H0,3,up,0.0
all_atom,dual,RIRWILRYWRWS,,,1,H0,4,dn,0.0
all_atom,dual,RIRWILRYWRWS,,,1,H0,4,up,0.0
all_atom,dual,RIRWILRYWRWS,,,1,H0,5,dn,0.0
all_atom,dual,RIRWILRYWRWS,,,1,H0,5,up,0.0
all_atom,dual,RIRWILRYWRWS,,,1,H1,1,dn,0.13
all_atom,dual,RIRWILRYWRWS,,,1,H1,1,up,0.955
all_atom,dual,RIRWILRYWRWS,,,1,H1,2,dn,0.026
all_atom,dual,RIRWILRYWRWS,,,1,H1,2,up,0.902
all_atom,dual,RIRWILRYWRWS,,,1,H1,3,dn,0.003
all_atom,dual,RIRWILRYWRWS,,,1,H1,3,up,0.608
all_atom,dual,RIRWILRYWRWS,,,1,H1,4,dn,0.007
all_atom,dual,RIRWILRYWRWS,,,1,H1,4,up,0.973
all_atom,dual,RIRWILRYWRWS,,,1,H1,5,dn,0.0
all_atom,dual,RIRWILRYWRWS,,,1,H1,5,up,0.661
all_atom,dual,RIRWILRYWRWS,,,1,H10,1,dn,0.0
all_atom,dual,RIRWILRYWRWS,,,1,H10,1,up,0.0
all_atom,dual,RIRWILRYWRWS,,,1,H10,2,dn,0.0
all_atom,dual,RIRWILRYWRWS,,,1,H10,2,up,0.0
all_atom,dual,RIRWILRYWRWS,,,1,H10,3,dn,0.0
all_atom,dual,RIRWILRYWRWS,,,1,H10,3,up,0.0
all_atom,dual,RIRWILRYWRWS,,,1,H10,4,dn,0.0
all_atom,dual,RIRWILRYWRWS,,,1,H10,4,up,0.0
all_atom,dual,RIRWILRYWRWS,,,1,H10,5,dn,0.0
all_atom,dual,RIRWILRYWRWS,,,1,H10,5,up,0.0
all_atom,dual,RIRWILRYWRWS,,,1,H2,1,dn,0.952
all_atom,dual,RIRWILRYWRWS,,,1,H2,1,up,1.0
all_atom,dual,RIRWILRYWRWS,,,1,H2,2,dn,0.398
all_atom,dual,RIRWILRYWRWS,,,1,H2,2,up,1.0
all_atom,dual,RIRWILRYWRWS,,,1,H2,3,dn,0.162
all_atom,dual,RIRWILRYWRWS,,,1,H2,3,up,1.0
all_atom,dual,RIRWILRYWRWS,,,1,H2,4,dn,0.077
all_atom,dual,RIRWILRYWRWS,,,1,H2,4,up,1.0
all_atom,dual,RIRWILRYWRWS,,,1,H2,5,dn,0.0
all_atom,dual,RIRWILRYWRWS,,,1,H2,5,up,1.0
all_atom,dual,RIRWILRYWRWS,,,1,H3,1,dn,1.0
all_atom,dual,RIRWILRYWRWS,,,1,H3,1,up,1.0
all_atom,dual,RIRWILRYWRWS,,,1,H3,2,dn,0.963
all_atom,dual,RIRWILRYWRWS,,,1,H3,2,up,1.0
all_atom,dual,RIRWILRYWRWS,,,1,H3,3,dn,0.714
all_atom,dual,RIRWILRYWRWS,,,1,H3,3,up,1.0
all_atom,dual,RIRWILRYWRWS,,,1,H3,4,dn,0.112
all_atom,dual,RIRWILRYWRWS,,,1,H3,4,up,1.0
all_atom,dual,RIRWILRYWRWS,,,1,H3,5,dn,0.003
all_atom,dual,RIRWILRYWRWS,,,1,H3,5,up,1.0
all_atom,dual,RIRWILRYWRWS,,,1,H4,1,dn,1.0
all_atom,dual,RIRWILRYWRWS,,,1,H4,1,up,1.0
all_atom,dual,RIRWILRYWRWS,,,1,H4,2,dn,0.974
all_atom,dual,RIRWILRYWRWS,,,1,H4,2,up,1.0
all_atom,dual,RIRWILRYWRWS,,,1,H4,3,dn,0.802
all_atom,dual,RIRWILRYWRWS,,,1,H4,3,up,1.0
all_atom,dual,RIRWILRYWRWS,,,1,H4,4,dn,0.103
all_atom,dual,RIRWILRYWRWS,,,1,H4,4,up,1.0
all_atom,dual,RIRWILRYWRWS,,,1,H4,5,dn,0.01
all_atom,dual,RIRWILRYWRWS,,,1,H4,5,up,1.0
all_atom,dual,RIRWILRYWRWS,,,1,H5,1,dn,1.0
all_atom,dual,RIRWILRYWRWS,,,1,H5,1,up,1.0
all_atom,dual,RIRWILRYWRWS,,,1,H5,2,dn,0.98
all_atom,dual,RIRWILRYWRWS,,,1,H5,2,up,1.0
all_atom,dual,RIRWILRYWRWS,,,1,H5,3,dn,0.713
all_atom,dual,RIRWILRYWRWS,,,1,H5,3,up,1.0
all_atom,dual,RIRWILRYWRWS,,,1,H5,4,dn,0.045
all_atom,dual,RIRWILRYWRWS,,,1,H5,4,up,1.0
all_atom,dual,RIRWILRYWRWS,,,1,H5,5,dn,0.01
all_atom,dual,RIRWILRYWRWS,,,1,H5,5,up,1.0
all_atom,dual,RIRWILRYWRWS,,,1,H6,1,dn,1.0
all_atom,dual,RIRWILRYWRWS,,,1,H6,1,up,1.0
all_atom,dual,RIRWILRYWRWS,,,1,H6,2,dn,0.945
all_atom,dual,RIRWILRYWRWS,,,1,H6,2,up,1.0
all_atom,dual,RIRWILRYWRWS,,,1,H6,3,dn,0.428
all_atom,dual,RIRWILRYWRWS,,,1,H6,3,up,1.0
all_atom,dual,RIRWILRYWRWS,,,1,H6,4,dn,0.01
all_atom,dual,RIRWILRYWRWS,,,1,H6,4,up,1.0
all_atom,dual,RIRWILRYWRWS,,,1,H6,5,dn,0.01
all_atom,dual,RIRWILRYWRWS,,,1,H6,5,up,1.0
all_atom,dual,RIRWILRYWRWS,,,1,H7,1,dn,0.958
all_atom,dual,RIRWILRYWRWS,,,1,H7,1,up,1.0
all_atom,dual,RIRWILRYWRWS,,,1,H7,2,dn,0.893
all_atom,dual,RIRWILRYWRWS,,,1,H7,2,up,0.972
all_atom,dual,RIRWILRYWRWS,,,1,H7,3,dn,0.163
all_atom,dual,RIRWILRYWRWS,,,1,H7,3,up,1.0
all_atom,dual,RIRWILRYWRWS,,,1,H7,4,dn,0.003
all_atom,dual,RIRWILRYWRWS,,,1,H7,4,up,1.0
all_atom,dual,RIRWILRYWRWS,,,1,H7,5,dn,0.003
all_atom,dual,RIRWILRYWRWS,,,1,H7,5,up,1.0
all_atom,dual,RIRWILRYWRWS,,,1,H8,1,dn,0.616
all_atom,dual,RIRWILRYWRWS,,,1,H8,1,up,0.96
all_atom,dual,RIRWILRYWRWS,,,1,H8,2,dn,0.232
all_atom,dual,RIRWILRYWRWS,,,1,H8,2,up,0.952
all_atom,dual,RIRWILRYWRWS,,,1,H8,3,dn,0.057
all_atom,dual,RIRWILRYWRWS,,,1,H8,3,up,0.952
all_atom,dual,RIRWILRYWRWS,,,1,H8,4,dn,0.0
all_atom,dual,RIRWILRYWRWS,,,1,H8,4,up,0.976
all_atom,dual,RIRWILRYWRWS,,,1,H8,5,dn,0.0
all_atom,dual,RIRWILRYWRWS,,,1,H8,5,up,0.952
all_atom,dual,RIRWILRYWRWS,,,1,H9,1,dn,0.419
all_atom,dual,RIRWILRYWRWS,,,1,H9,1,up,0.71
all_atom,dual,RIRWILRYWRWS,,,1,H9,2,dn,0.007
all_atom,dual,RIRWILRYWRWS,,,1,H9,2,up,0.852
all_atom,dual,RIRWILRYWRWS,,,1,H9,3,dn,0.005
all_atom,dual,RIRWILRYWRWS,,,1,H9,3,up,0.807
all_atom,dual,RIRWILRYWRWS,,,1,H9,4,dn,0.0
all_atom,dual,RIRWILRYWRWS,,,1,H9,4,up,0.899
all_atom,dual,RIRWILRYWRWS,,,1,H9,5,dn,0.0
all_atom,dual,RIRWILRYWRWS,,,1,H9,5,up,0.834
all_atom,dual,RIRWILRYWRWS,,,1,HM,1,dn,0.655
all_atom,dual,RIRWILRYWRWS,,,1,HM,1,up,0.799
all_atom,dual,RIRWILRYWRWS,,,1,HM,2,dn,0.502
all_atom,dual,RIRWILRYWRWS,,,1,HM,2,up,0.804
all_atom,dual,RIRWILRYWRWS,,,1,HM,3,dn,0.282
all_atom,dual,RIRWILRYWRWS,,,1,HM,3,up,0.775
all_atom,dual,RIRWILRYWRWS,,,1,HM,4,dn,0.033
all_atom,dual,RIRWILRYWRWS,,,1,HM,4,up,0.819
all_atom,dual,RIRWILRYWRWS,,,1,HM,5,dn,0.003
all_atom,dual,RIRWILRYWRWS,,,1,HM,5,up,0.782
all_atom,dual,RIRWILRYWRWS,,,1,PEPT_BUR_MAX,1,dn,7.48
all_atom,dual,RIRWILRYWRWS,,,1,PEPT_BUR_MAX,1,up,8.4
all_atom,dual,RIRWILRYWRWS,,,1,PEPT_BUR_MAX,2,dn,8.05
all_atom,dual,RIRWILRYWRWS,,,1,PEPT_BUR_MAX,2,up,9.55
all_atom,dual,RIRWILRYWRWS,,,1,PEPT_BUR_MAX,3,dn,7.36
all_atom,dual,RIRWILRYWRWS,,,1,PEPT_BUR_MAX,3,up,9.51
all_atom,dual,RIRWILRYWRWS,,,1,PEPT_BUR_MAX,4,dn,6.14
all_atom,dual,RIRWILRYWRWS,,,1,PEPT_BUR_MAX,4,up,10.5
all_atom,dual,RIRWILRYWRWS,,,1,PEPT_BUR_MAX,5,dn,6.32
all_atom,dual,RIRWILRYWRWS,,,1,PEPT_BUR_MAX,5,up,9.2
all_atom,dual,RIRWILRYWRWS,,,1,S,1,dn,0.884
all_atom,dual,RIRWILRYWRWS,,,1,S,1,up,0.543
all_atom,dual,RIRWILRYWRWS,,,1,S,2,dn,0.753
all_atom,dual,RIRWILRYWRWS,,,1,S,2,up,0.534
all_atom,dual,RIRWILRYWRWS,,,1,S,3,dn,0.771
all_atom,dual,RIRWILRYWRWS,,,1,S,3,up,0.557
all_atom,dual,RIRWILRYWRWS,,,1,S,4,dn,0.753
all_atom,dual,RIRWILRYWRWS,,,1,S,4,up,0.451
all_atom,dual,RIRWILRYWRWS,,,1,S,5,dn,0.764
all_atom,dual,RIRWILRYWRWS,,,1,S,5,up,0.602
all_atom,dual,RIRWILRYWRWS,,,1,WAT_BUR_MAX,1,dn,9.2
all_atom,dual,RIRWILRYWRWS,,,1,WAT_BUR_MAX,1,up,8.16
all_atom,dual,RIRWILRYWRWS,,,1,WAT_BUR_MAX,2,dn,8.66
all_atom,dual,RIRWILRYWRWS,,,1,WAT_BUR_MAX,2,up,11.31
all_atom,dual,RIRWILRYWRWS,,,1,WAT_BUR_MAX,3,dn,9.58
all_atom,dual,RIRWILRYWRWS,,,1,WAT_BUR_MAX,3,up,10.84
all_atom,dual,RIRWILRYWRWS,,,1,WAT_BUR_MAX,4,dn,9.6
all_atom,dual,RIRWILRYWRWS,,,1,WAT_BUR_MAX,4,up,8.21
all_atom,dual,RIRWILRYWRWS,,,1,WAT_BUR_MAX,5,dn,9.72
all_atom,dual,RIRWILRYWRWS,,,1,WAT_BUR_MAX,5,up,7.42
all_atom,dual,RIRWILRYWRWS,,,1,WAT_BUR_REL,1,dn,1.82
all_atom,dual,RIRWILRYWRWS,,,1,WAT_BUR_REL,1,up,0.35
all_atom,dual,RIRWILRYWRWS,,,1,WAT_BUR_REL,2,dn,2.19
all_atom,dual,RIRWILRYWRWS,,,1,WAT_BUR_REL,2,up,1.26
all_atom,dual,RIRWILRYWRWS,,,1,WAT_BUR_REL,3,dn,3.01
all_atom,dual,RIRWILRYWRWS,,,1,WAT_BUR_REL,3,up,0.91
all_atom,dual,RIRWILRYWRWS,,,1,WAT_BUR_REL,4,dn,3.09
all_atom,dual,RIRWILRYWRWS,,,1,WAT_BUR_REL,4,up,0.27
all_atom,dual,RIRWILRYWRWS,,,1,WAT_BUR_REL,5,dn,3.71
all_atom,dual,RIRWILRYWRWS,,,1,WAT_BUR_REL,5,up,0.4
all_atom,dual,RIRWILRYWRWS,,,1,ZP-0.5,1,dn,0.121
all_atom,dual,RIRWILRYWRWS,,,1,ZP-0.5,1,up,0.128
all_atom,dual,RIRWILRYWRWS,,,1,ZP-0.5,2,dn,0.12
all_atom,dual,RIRWILRYWRWS,,,1,ZP-0.5,2,up,0.156
all_atom,dual,RIRWILRYWRWS,,,1,ZP-0.5,3,dn,0.153
all_atom,dual,RIRWILRYWRWS,,,1,ZP-0.5,3,up,0.152
all_atom,dual,RIRWILRYWRWS,,,1,ZP-0.5,4,dn,0.147
all_atom,dual,RIRWILRYWRWS,,,1,ZP-0.5,4,up,0.136
all_atom,dual,RIRWILRYWRWS,,,1,ZP-0.5,5,dn,0.16
all_atom,dual,RIRWILRYWRWS,,,1,ZP-0.5,5,up,0.166
all_atom,dual,RIRWILRYWRWS,,,1,ZP-1.5,1,dn,0.093
all_atom,dual,RIRWILRYWRWS,,,1,ZP-1.5,1,up,0.121
all_atom,dual,RIRWILRYWRWS,,,1,ZP-1.5,2,dn,0.126
all_atom,dual,RIRWILRYWRWS,,,1,ZP-1.5,2,up,0.116
all_atom,dual,RIRWILRYWRWS,,,1,ZP-1.5,3,dn,0.136
all_atom,dual,RIRWILRYWRWS,,,1,ZP-1.5,3,up,0.11
all_atom,dual,RIRWILRYWRWS,,,1,ZP-1.5,4,dn,0.161
all_atom,dual,RIRWILRYWRWS,,,1,ZP-1.5,4,up,0.125
all_atom,dual,RIRWILRYWRWS,,,1,ZP-1.5,5,dn,0.149
all_atom,dual,RIRWILRYWRWS,,,1,ZP-1.5,5,up,0.14
all_atom,dual,RIRWILRYWRWS,,,1,ZP-2.5,1,dn,0.089
all_atom,dual,RIRWILRYWRWS,,,1,ZP-2.5,1,up,0.093
all_atom,dual,RIRWILRYWRWS,,,1,ZP-2.5,2,dn,0.094
all_atom,dual,RIRWILRYWRWS,,,1,ZP-2.5,2,up,0.083
all_atom,dual,RIRWILRYWRWS,,,1,ZP-2.5,3,dn,0.088
all_atom,dual,RIRWILRYWRWS,,,1,ZP-2.5,3,up,0.083
all_atom,dual,RIRWILRYWRWS,,,1,ZP-2.5,4,dn,0.111
all_atom,dual,RIRWILRYWRWS,,,1,ZP-2.5,4,up,0.086
all_atom,dual,RIRWILRYWRWS,,,1,ZP-2.5,5,dn,0.141
all_atom,dual,RIRWILRYWRWS,,,1,ZP-2.5,5,up,0.118
all_atom,dual,RIRWILRYWRWS,,,1,ZP-3.5,1,dn,0.093
all_atom,dual,RIRWILRYWRWS,,,1,ZP-3.5,1,up,0.057
all_atom,dual,RIRWILRYWRWS,,,1,ZP-3.5,2,dn,0.068
all_atom,dual,RIRWILRYWRWS,,,1,ZP-3.5,2,up,0.059
all_atom,dual,RIRWILRYWRWS,,,1,ZP-3.5,3,dn,0.081
all_atom,dual,RIRWILRYWRWS,,,1,ZP-3.5,3,up,0.052
all_atom,dual,RIRWILRYWRWS,,,1,ZP-3.5,4,dn,0.064
all_atom,dual,RIRWILRYWRWS,,,1,ZP-3.5,4,up,0.081
all_atom,dual,RIRWILRYWRWS,,,1,ZP-3.5,5,dn,0.064
all_atom,dual,RIRWILRYWRWS,,,1,ZP-3.5,5,up,0.087
all_atom,dual,RIRWILRYWRWS,,,1,ZP-4.5,1,dn,0.061
all_atom,dual,RIRWILRYWRWS,,,1,ZP-4.5,1,up,0.048
all_atom,dual,RIRWILRYWRWS,,,1,ZP-4.5,2,dn,0.042
all_atom,dual,RIRWILRYWRWS,,,1,ZP-4.5,2,up,0.026
all_atom,dual,RIRWILRYWRWS,,,1,ZP-4.5,3,dn,0.059
all_atom,dual,RIRWILRYWRWS,,,1,ZP-4.5,3,up,0.042
all_atom,dual,RIRWILRYWRWS,,,1,ZP-4.5,4,dn,0.032
all_atom,dual,RIRWILRYWRWS,,,1,ZP-4.5,4,up,0.064
all_atom,dual,RIRWILRYWRWS,,,1,ZP-4.5,5,dn,0.046
all_atom,dual,RIRWILRYWRWS,,,1,ZP-4.5,5,up,0.044
all_atom,dual,RIRWILRYWRWS,,,1,ZP-5.5,1,dn,0.065
all_atom,dual,RIRWILRYWRWS,,,1,ZP-5.5,1,up,0.021
all_atom,dual,RIRWILRYWRWS,,,1,ZP-5.5,2,dn,0.028
all_atom,dual,RIRWILRYWRWS,,,1,ZP-5.5,2,up,0.01
all_atom,dual,RIRWILRYWRWS,,,1,ZP-5.5,3,dn,0.03
all_atom,dual,RIRWILRYWRWS,,,1,ZP-5.5,3,up,0.029
all_atom,dual,RIRWILRYWRWS,,,1,ZP-5.5,4,dn,0.014
all_atom,dual,RIRWILRYWRWS,,,1,ZP-5.5,4,up,0.033
all_atom,dual,RIRWILRYWRWS,,,1,ZP-5.5,5,dn,0.016
all_atom,dual,RIRWILRYWRWS,,,1,ZP-5.5,5,up,0.041
all_atom,dual,RIRWILRYWRWS,,,1,ZP-6.5,1,dn,0.031
all_atom,dual,RIRWILRYWRWS,,,1,ZP-6.5,1,up,0.016
all_atom,dual,RIRWILRYWRWS,,,1,ZP-6.5,2,dn,0.02
all_atom,dual,RIRWILRYWRWS,,,1,ZP-6.5,2,up,0.005
all_atom,dual,RIRWILRYWRWS,,,1,ZP-6.5,3,dn,0.016
all_atom,dual,RIRWILRYWRWS,,,1,ZP-6.5,3,up,0.007
all_atom,dual,RIRWILRYWRWS,,,1,ZP-6.5,4,dn,0.005
all_atom,dual,RIRWILRYWRWS,,,1,ZP-6.5,4,up,0.019
all_atom,dual,RIRWILRYWRWS,,,1,ZP-6.5,5,dn,0.007
all_atom,dual,RIRWILRYWRWS,,,1,ZP-6.5,5,up,0.02
all_atom,dual,RIRWILRYWRWS,,,1,ZP-7.5,1,dn,0.007
all_atom,dual,RIRWILRYWRWS,,,1,ZP-7.5,1,up,0.007
all_atom,dual,RIRWILRYWRWS,,,1,ZP-7.5,2,dn,0.006
all_atom,dual,RIRWILRYWRWS,,,1,ZP-7.5,2,up,0.001
all_atom,dual,RIRWILRYWRWS,,,1,ZP-7.5,3,dn,0.005
all_atom,dual,RIRWILRYWRWS,,,1,ZP-7.5,3,up,0.002
all_atom,dual,RIRWILRYWRWS,,,1,ZP-7.5,4,dn,0.0
all_atom,dual,RIRWILRYWRWS,,,1,ZP-7.5,4,up,0.01
all_atom,dual,RIRWILRYWRWS,,,1,ZP-7.5,5,dn,0.003
all_atom,dual,RIRWILRYWRWS,,,1,ZP-7.5,5,up,0.008
all_atom,dual,RIRWILRYWRWS,,,1,ZP-8.5,1,dn,0.005
all_atom,dual,RIRWILRYWRWS,,,1,ZP-8.5,1,up,0.002
all_atom,dual,RIRWILRYWRWS,,,1,ZP-8.5,2,dn,0.003
all_atom,dual,RIRWILRYWRWS,,,1,ZP-8.5,2,up,0.0
all_atom,dual,RIRWILRYWRWS,,,1,ZP-8.5,3,dn,0.01
all_atom,dual,RIRWILRYWRWS,,,1,ZP-8.5,3,up,0.001
all_atom,dual,RIRWILRYWRWS,,,1,ZP-8.5,4,dn,0.0
all_atom,dual,RIRWILRYWRWS,,,1,ZP-8.5,4,up,0.006
all_atom,dual,RIRWILRYWRWS,,,1,ZP-8.5,5,dn,0.001
all_atom,dual,RIRWILRYWRWS,,,1,ZP-8.5,5,up,0.001
all_atom,dual,RIRWILRYWRWS,,,1,ZP-9.5,1,dn,0.001
all_atom,dual,RIRWILRYWRWS,,,1,ZP-9.5,1,up,0.0
all_atom,dual,RIRWILRYWRWS,,,1,ZP-9.5,2,dn,0.0
all_atom,dual,RIRWILRYWRWS,,,1,ZP-9.5,2,up,0.0
all_atom,dual,RIRWILRYWRWS,,,1,ZP-9.5,3,dn,0.001
all_atom,dual,RIRWILRYWRWS,,,1,ZP-9.5,3,up,0.0
all_atom,dual,RIRWILRYWRWS,,,1,ZP-9.5,4,dn,0.0
all_atom,dual,RIRWILRYWRWS,,,1,ZP-9.5,4,up,0.002
all_atom,dual,RIRWILRYWRWS,,,1,ZP-9.5,5,dn,0.001
all_atom,dual,RIRWILRYWRWS,,,1,ZP-9.5,5,up,0.001
all_atom,dual,RIRWILRYWRWS,,,1,ZP0.5,1,dn,0.122
all_atom,dual,RIRWILRYWRWS,,,1,ZP0.5,1,up,0.126
all_atom,dual,RIRWILRYWRWS,,,1,ZP0.5,2,dn,0.141
all_atom,dual,RIRWILRYWRWS,,,1,ZP0.5,2,up,0.137
all_atom,dual,RIRWILRYWRWS,,,1,ZP0.5,3,dn,0.127
all_atom,dual,RIRWILRYWRWS,,,1,ZP0.5,3,up,0.117
all_atom,dual,RIRWILRYWRWS,,,1,ZP0.5,4,dn,0.161
all_atom,dual,RIRWILRYWRWS,,,1,ZP0.5,4,up,0.131
all_atom,dual,RIRWILRYWRWS,,,1,ZP0.5,5,dn,0.146
all_atom,dual,RIRWILRYWRWS,,,1,ZP0.5,5,up,0.113
all_atom,dual,RIRWILRYWRWS,,,1,ZP1.5,1,dn,0.111
all_atom,dual,RIRWILRYWRWS,,,1,ZP1.5,1,up,0.128
all_atom,dual,RIRWILRYWRWS,,,1,ZP1.5,2,dn,0.108
all_atom,dual,RIRWILRYWRWS,,,1,ZP1.5,2,up,0.143
all_atom,dual,RIRWILRYWRWS,,,1,ZP1.5,3,dn,0.097
all_atom,dual,RIRWILRYWRWS,,,1,ZP1.5,3,up,0.13
all_atom,dual,RIRWILRYWRWS,,,1,ZP1.5,4,dn,0.118
all_atom,dual,RIRWILRYWRWS,,,1,ZP1.5,4,up,0.116
all_atom,dual,RIRWILRYWRWS,,,1,ZP1.5,5,dn,0.113
all_atom,dual,RIRWILRYWRWS,,,1,ZP1.5,5,up,0.1
all_atom,dual,RIRWILRYWRWS,,,1,ZP2.5,1,dn,0.082
all_atom,dual,RIRWILRYWRWS,,,1,ZP2.5,1,up,0.114
all_atom,dual,RIRWILRYWRWS,,,1,ZP2.5,2,dn,0.086
all_atom,dual,RIRWILRYWRWS,,,1,ZP2.5,2,up,0.087
all_atom,dual,RIRWILRYWRWS,,,1,ZP2.5,3,dn,0.078
all_atom,dual,RIRWILRYWRWS,,,1,ZP2.5,3,up,0.102
all_atom,dual,RIRWILRYWRWS,,,1,ZP2.5,4,dn,0.097
all_atom,dual,RIRWILRYWRWS,,,1,ZP2.5,4,up,0.08
all_atom,dual,RIRWILRYWRWS,,,1,ZP2.5,5,dn,0.072
all_atom,dual,RIRWILRYWRWS,,,1,ZP2.5,5,up,0.066
all_atom,dual,RIRWILRYWRWS,,,1,ZP3.5,1,dn,0.056
all_atom,dual,RIRWILRYWRWS,,,1,ZP3.5,1,up,0.063
all_atom,dual,RIRWILRYWRWS,,,1,ZP3.5,2,dn,0.07
all_atom,dual,RIRWILRYWRWS,,,1,ZP3.5,2,up,0.075
all_atom,dual,RIRWILRYWRWS,,,1,ZP3.5,3,dn,0.061
all_atom,dual,RIRWILRYWRWS,,,1,ZP3.5,3,up,0.073
all_atom,dual,RIRWILRYWRWS,,,1,ZP3.5,4,dn,0.05
all_atom,dual,RIRWILRYWRWS,,,1,ZP3.5,4,up,0.06
all_atom,dual,RIRWILRYWRWS,,,1,ZP3.5,5,dn,0.045
all_atom,dual,RIRWILRYWRWS,,,1,ZP3.5,5,up,0.044
all_atom,dual,RIRWILRYWRWS,,,1,ZP4.5,1,dn,0.043
all_atom,dual,RIRWILRYWRWS,,,1,ZP4.5,1,up,0.039
all_atom,dual,RIRWILRYWRWS,,,1,ZP4.5,2,dn,0.041
all_atom,dual,RIRWILRYWRWS,,,1,ZP4.5,2,up,0.037
all_atom,dual,RIRWILRYWRWS,,,1,ZP4.5,3,dn,0.035
all_atom,dual,RIRWILRYWRWS,,,1,ZP4.5,3,up,0.054
all_atom,dual,RIRWILRYWRWS,,,1,ZP4.5,4,dn,0.027
all_atom,dual,RIRWILRYWRWS,,,1,ZP4.5,4,up,0.031
all_atom,dual,RIRWILRYWRWS,,,1,ZP4.5,5,dn,0.018
all_atom,dual,RIRWILRYWRWS,,,1,ZP4.5,5,up,0.029
all_atom,dual,RIRWILRYWRWS,,,1,ZP5.5,1,dn,0.011
all_atom,dual,RIRWILRYWRWS,,,1,ZP5.5,1,up,0.025
all_atom,dual,RIRWILRYWRWS,,,1,ZP5.5,2,dn,0.028
all_atom,dual,RIRWILRYWRWS,,,1,ZP5.5,2,up,0.026
all_atom,dual,RIRWILRYWRWS,,,1,ZP5.5,3,dn,0.015
all_atom,dual,RIRWILRYWRWS,,,1,ZP5.5,3,up,0.021
all_atom,dual,RIRWILRYWRWS,,,1,ZP5.5,4,dn,0.007
all_atom,dual,RIRWILRYWRWS,,,1,ZP5.5,4,up,0.011
all_atom,dual,RIRWILRYWRWS,,,1,ZP5.5,5,dn,0.01
all_atom,dual,RIRWILRYWRWS,,,1,ZP5.5,5,up,0.008
all_atom,dual,RIRWILRYWRWS,,,1,ZP6.5,1,dn,0.005
all_atom,dual,RIRWILRYWRWS,,,1,ZP6.5,1,up,0.008
all_atom,dual,RIRWILRYWRWS,,,1,ZP6.5,2,dn,0.016
all_atom,dual,RIRWILRYWRWS,,,1,ZP6.5,2,up,0.023
all_atom,dual,RIRWILRYWRWS,,,1,ZP6.5,3,dn,0.005
all_atom,dual,RIRWILRYWRWS,,,1,ZP6.5,3,up,0.015
all_atom,dual,RIRWILRYWRWS,,,1,ZP6.5,4,dn,0.004
all_atom,dual,RIRWILRYWRWS,,,1,ZP6.5,4,up,0.004
all_atom,dual,RIRWILRYWRWS,,,1,ZP6.5,5,dn,0.002
all_atom,dual,RIRWILRYWRWS,,,1,ZP6.5,5,up,0.007
all_atom,dual,RIRWILRYWRWS,,,1,ZP7.5,1,dn,0.003
all_atom,dual,RIRWILRYWRWS,,,1,ZP7.5,1,up,0.005
all_atom,dual,RIRWILRYWRWS,,,1,ZP7.5,2,dn,0.005
all_atom,dual,RIRWILRYWRWS,,,1,ZP7.5,2,up,0.014
all_atom,dual,RIRWILRYWRWS,,,1,ZP7.5,3,dn,0.001
all_atom,dual,RIRWILRYWRWS,,,1,ZP7.5,3,up,0.006
all_atom,dual,RIRWILRYWRWS,,,1,ZP7.5,4,dn,0.002
all_atom,dual,RIRWILRYWRWS,,,1,ZP7.5,4,up,0.005
all_atom,dual,RIRWILRYWRWS,,,1,ZP7.5,5,dn,0.002
all_atom,dual,RIRWILRYWRWS,,,1,ZP7.5,5,up,0.002
all_atom,dual,RIRWILRYWRWS,,,1,ZP8.5,1,dn,0.0
all_atom,dual,RIRWILRYWRWS,,,1,ZP8.5,1,up,0.0
all_atom,dual,RIRWILRYWRWS,,,1,ZP8.5,2,dn,0.0
all_atom,dual,RIRWILRYWRWS,,,1,ZP8.5,2,up,0.002
all_atom,dual,RIRWILRYWRWS,,,1,ZP8.5,3,dn,0.001
all_atom,dual,RIRWILRYWRWS,,,1,ZP8.5,3,up,0.002
all_atom,dual,RIRWILRYWRWS,,,1,ZP8.5,4,dn,0.0
all_atom,dual,RIRWILRYWRWS,,,1,ZP8.5,4,up,0.0
all_atom,dual,RIRWILRYWRWS,,,1,ZP8.5,5,dn,0.0
all_atom,dual,RIRWILRYWRWS,,,1,ZP8.5,5,up,0.003
all_atom,dual,RIRWILRYWRWS,,,1,ZP9.5,1,dn,0.0
all_atom,dual,RIRWILRYWRWS,,,1,ZP9.5,1,up,0.0
all_atom,dual,RIRWILRYWRWS,,,1,ZP9.5,2,dn,0.0
all_atom,dual,RIRWILRYWRWS,,,1,ZP9.5,2,up,0.001
all_atom,dual,RIRWILRYWRWS,,,1,ZP9.5,3,dn,0.0
all_atom,dual,RIRWILRYWRWS,,,1,ZP9.5,3,up,0.0
all_atom,dual,RIRWILRYWRWS,,,1,ZP9.5,4,dn,0.0
all_atom,dual,RIRWILRYWRWS,,,1,ZP9.5,4,up,0.001
all_atom,dual,RIRWILRYWRWS,,,1,ZP9.5,5,dn,0.001
all_atom,dual,RIRWILRYWRWS,,,1,ZP9.5,5,up,0.0
all_atom,dual,RKEKIKKRIGKIDRL,,,0,APLA12.5,1,dn,61.041
all_atom,dual,RKEKIKKRIGKIDRL,,,0,APLA12.5,1,up,58.37
all_atom,dual,RKEKIKKRIGKIDRL,,,0,APLA12.5,2,dn,58.077
all_atom,dual,RKEKIKKRIGKIDRL,,,0,APLA12.5,2,up,58.745
all_atom,dual,RKEKIKKRIGKIDRL,,,0,APLA12.5,3,dn,60.261
all_atom,dual,RKEKIKKRIGKIDRL,,,0,APLA12.5,3,up,59.058
all_atom,dual,RKEKIKKRIGKIDRL,,,0,APLA12.5,4,dn,60.479
all_atom,dual,RKEKIKKRIGKIDRL,,,0,APLA12.5,4,up,59.934
all_atom,dual,RKEKIKKRIGKIDRL,,,0,APLA12.5,5,dn,61.13
all_atom,dual,RKEKIKKRIGKIDRL,,,0,APLA12.5,5,up,59.004
all_atom,dual,RKEKIKKRIGKIDRL,,,0,APLA17.5,1,dn,60.91
all_atom,dual,RKEKIKKRIGKIDRL,,,0,APLA17.5,1,up,59.287
all_atom,dual,RKEKIKKRIGKIDRL,,,0,APLA17.5,2,dn,58.83
all_atom,dual,RKEKIKKRIGKIDRL,,,0,APLA17.5,2,up,59.985
all_atom,dual,RKEKIKKRIGKIDRL,,,0,APLA17.5,3,dn,58.956
all_atom,dual,RKEKIKKRIGKIDRL,,,0,APLA17.5,3,up,59.389
all_atom,dual,RKEKIKKRIGKIDRL,,,0,APLA17.5,4,dn,60.892
all_atom,dual,RKEKIKKRIGKIDRL,,,0,APLA17.5,4,up,59.033
all_atom,dual,RKEKIKKRIGKIDRL,,,0,APLA17.5,5,dn,60.479
all_atom,dual,RKEKIKKRIGKIDRL,,,0,APLA17.5,5,up,59.983
all_atom,dual,RKEKIKKRIGKIDRL,,,0,APLA2.5,1,dn,56.217
all_atom,dual,RKEKIKKRIGKIDRL,,,0,APLA2.5,1,up,58.318
all_atom,dual,RKEKIKKRIGKIDRL,,,0,APLA2.5,2,dn,61.102
all_atom,dual,RKEKIKKRIGKIDRL,,,0,APLA2.5,2,up,57.985
all_atom,dual,RKEKIKKRIGKIDRL,,,0,APLA2.5,3,dn,58.818
all_atom,dual,RKEKIKKRIGKIDRL,,,0,APLA2.5,3,up,58.398
all_atom,dual,RKEKIKKRIGKIDRL,,,0,APLA2.5,4,dn,55.839
all_atom,dual,RKEKIKKRIGKIDRL,,,0,APLA2.5,4,up,57.087
all_atom,dual,RKEKIKKRIGKIDRL,,,0,APLA2.5,5,dn,59.817
all_atom,dual,RKEKIKKRIGKIDRL,,,0,APLA2.5,5,up,60.197
all_atom,dual,RKEKIKKRIGKIDRL,,,0,APLA7.5,1,dn,58.963
all_atom,dual,RKEKIKKRIGKIDRL,,,0,APLA7.5,1,up,57.491
all_atom,dual,RKEKIKKRIGKIDRL,,,0,APLA7.5,2,dn,59.371
all_atom,dual,RKEKIKKRIGKIDRL,,,0,APLA7.5,2,up,57.605
all_atom,dual,RKEKIKKRIGKIDRL,,,0,APLA7.5,3,dn,58.639
all_atom,dual,RKEKIKKRIGKIDRL,,,0,APLA7.5,3,up,58.356
all_atom,dual,RKEKIKKRIGKIDRL,,,0,APLA7.5,4,dn,57.48
all_atom,dual,RKEKIKKRIGKIDRL,,,0,APLA7.5,4,up,57.627
all_atom,dual,RKEKIKKRIGKIDRL,,,0,APLA7.5,5,dn,57.758
all_atom,dual,RKEKIKKRIGKIDRL,,,0,APLA7.5,5,up,59.384
all_atom,dual,RKEKIKKRIGKIDRL,,,0,APLS12.5,1,dn,4.093
all_atom,dual,RKEKIKKRIGKIDRL,,,0,APLS12.5,1,up,4.578
all_atom,dual,RKEKIKKRIGKIDRL,,,0,APLS12.5,2,dn,4.426
all_atom,dual,RKEKIKKRIGKIDRL,,,0,APLS12.5,2,up,4.166
all_atom,dual,RKEKIKKRIGKIDRL,,,0,APLS12.5,3,dn,4.212
all_atom,dual,RKEKIKKRIGKIDRL,,,0,APLS12.5,3,up,3.563
all_atom,dual,RKEKIKKRIGKIDRL,,,0,APLS12.5,4,dn,4.173
all_atom,dual,RKEKIKKRIGKIDRL,,,0,APLS12.5,4,up,4.357
all_atom,dual,RKEKIKKRIGKIDRL,,,0,APLS12.5,5,dn,3.478
all_atom,dual,RKEKIKKRIGKIDRL,,,0,APLS12.5,5,up,4.386
all_atom,dual,RKEKIKKRIGKIDRL,,,0,APLS17.5,1,dn,3.95
all_atom,dual,RKEKIKKRIGKIDRL,,,0,APLS17.5,1,up,4.139
all_atom,dual,RKEKIKKRIGKIDRL,,,0,APLS17.5,2,dn,3.422
all_atom,dual,RKEKIKKRIGKIDRL,,,0,APLS17.5,2,up,3.65
all_atom,dual,RKEKIKKRIGKIDRL,,,0,APLS17.5,3,dn,3.971
all_atom,dual,RKEKIKKRIGKIDRL,,,0,APLS17.5,3,up,3.466
all_atom,dual,RKEKIKKRIGKIDRL,,,0,APLS17.5,4,dn,4.38
all_atom,dual,RKEKIKKRIGKIDRL,,,0,APLS17.5,4,up,3.776
all_atom,dual,RKEKIKKRIGKIDRL,,,0,APLS17.5,5,dn,3.835
all_atom,dual,RKEKIKKRIGKIDRL,,,0,APLS17.5,5,up,3.667
all_atom,dual,RKEKIKKRIGKIDRL,,,0,APLS2.5,1,dn,4.879
all_atom,dual,RKEKIKKRIGKIDRL,,,0,APLS2.5,1,up,5.295
all_atom,dual,RKEKIKKRIGKIDRL,,,0,APLS2.5,2,dn,4.34
all_atom,dual,RKEKIKKRIGKIDRL,,,0,APLS2.5,2,up,3.463
all_atom,dual,RKEKIKKRIGKIDRL,,,0,APLS2.5,3,dn,4.887
all_atom,dual,RKEKIKKRIGKIDRL,,,0,APLS2.5,3,up,3.565
all_atom,dual,RKEKIKKRIGKIDRL,,,0,APLS2.5,4,dn,4.964
all_atom,dual,RKEKIKKRIGKIDRL,,,0,APLS2.5,4,up,3.695
all_atom,dual,RKEKIKKRIGKIDRL,,,0,APLS2.5,5,dn,5.242
all_atom,dual,RKEKIKKRIGKIDRL,,,0,APLS2.5,5,up,5.031
all_atom,dual,RKEKIKKRIGKIDRL,,,0,APLS7.5,1,dn,5.425
all_atom,dual,RKEKIKKRIGKIDRL,,,0,APLS7.5,1,up,4.915
all_atom,dual,RKEKIKKRIGKIDRL,,,0,APLS7.5,2,dn,4.345
all_atom,dual,RKEKIKKRIGKIDRL,,,0,APLS7.5,2,up,4.382
all_atom,dual,RKEKIKKRIGKIDRL,,,0,APLS7.5,3,dn,4.502
all_atom,dual,RKEKIKKRIGKIDRL,,,0,APLS7.5,3,up,3.927
all_atom,dual,RKEKIKKRIGKIDRL,,,0,APLS7.5,4,dn,4.512
all_atom,dual,RKEKIKKRIGKIDRL,,,0,APLS7.5,4,up,3.789
all_atom,dual,RKEKIKKRIGKIDRL,,,0,APLS7.5,5,dn,3.73
all_atom,dual,RKEKIKKRIGKIDRL,,,0,APLS7.5,5,up,4.347
all_atom,dual,RKEKIKKRIGKIDRL,,,0,H0,1,dn,0.0
all_atom,dual,RKEKIKKRIGKIDRL,,,0,H0,1,up,0.0
all_atom,dual,RKEKIKKRIGKIDRL,,,0,H0,2,dn,0.0
all_atom,dual,RKEKIKKRIGKIDRL,,,0,H0,2,up,0.0
all_atom,dual,RKEKIKKRIGKIDRL,,,0,H0,3,dn,0.0
all_atom,dual,RKEKIKKRIGKIDRL,,,0,H0,3,up,0.0
all_atom,dual,RKEKIKKRIGKIDRL,,,0,H0,4,dn,0.0
all_atom,dual,RKEKIKKRIGKIDRL,,,0,H0,4,up,0.0
all_atom,dual,RKEKIKKRIGKIDRL,,,0,H0,5,dn,0.0
all_atom,dual,RKEKIKKRIGKIDRL,,,0,H0,5,up,0.0
all_atom,dual,RKEKIKKRIGKIDRL,,,0,H1,1,dn,0.402
all_atom,dual,RKEKIKKRIGKIDRL,,,0,H1,1,up,0.693
all_atom,dual,RKEKIKKRIGKIDRL,,,0,H1,2,dn,0.281
all_atom,dual,RKEKIKKRIGKIDRL,,,0,H1,2,up,0.313
all_atom,dual,RKEKIKKRIGKIDRL,,,0,H1,3,dn,0.048
all_atom,dual,RKEKIKKRIGKIDRL,,,0,H1,3,up,0.497
all_atom,dual,RKEKIKKRIGKIDRL,,,0,H1,4,dn,0.03
all_atom,dual,RKEKIKKRIGKIDRL,,,0,H1,4,up,0.117
all_atom,dual,RKEKIKKRIGKIDRL,,,0,H1,5,dn,0.0
all_atom,dual,RKEKIKKRIGKIDRL,,,0,H1,5,up,0.253
all_atom,dual,RKEKIKKRIGKIDRL,,,0,H10,1,dn,0.0
all_atom,dual,RKEKIKKRIGKIDRL,,,0,H10,1,up,0.0
all_atom,dual,RKEKIKKRIGKIDRL,,,0,H10,2,dn,0.0
all_atom,dual,RKEKIKKRIGKIDRL,,,0,H10,2,up,0.0
all_atom,dual,RKEKIKKRIGKIDRL,,,0,H10,3,dn,0.0
all_atom,dual,RKEKIKKRIGKIDRL,,,0,H10,3,up,0.0
all_atom,dual,RKEKIKKRIGKIDRL,,,0,H10,4,dn,0.0
all_atom,dual,RKEKIKKRIGKIDRL,,,0,H10,4,up,0.0
all_atom,dual,RKEKIKKRIGKIDRL,,,0,H10,5,dn,0.0
all_atom,dual,RKEKIKKRIGKIDRL,,,0,H10,5,up,0.0
all_atom,dual,RKEKIKKRIGKIDRL,,,0,H2,1,dn,0.909
all_atom,dual,RKEKIKKRIGKIDRL,,,0,H2,1,up,0.99
all_atom,dual,RKEKIKKRIGKIDRL,,,0,H2,2,dn,0.743
all_atom,dual,RKEKIKKRIGKIDRL,,,0,H2,2,up,0.814
all_atom,dual,RKEKIKKRIGKIDRL,,,0,H2,3,dn,0.119
all_atom,dual,RKEKIKKRIGKIDRL,,,0,H2,3,up,0.659
all_atom,dual,RKEKIKKRIGKIDRL,,,0,H2,4,dn,0.03
all_atom,dual,RKEKIKKRIGKIDRL,,,0,H2,4,up,0.287
all_atom,dual,RKEKIKKRIGKIDRL,,,0,H2,5,dn,0.0
all_atom,dual,RKEKIKKRIGKIDRL,,,0,H2,5,up,0.665
all_atom,dual,RKEKIKKRIGKIDRL,,,0,H3,1,dn,0.998
all_atom,dual,RKEKIKKRIGKIDRL,,,0,H3,1,up,1.0
all_atom,dual,RKEKIKKRIGKIDRL,,,0,H3,2,dn,0.861
all_atom,dual,RKEKIKKRIGKIDRL,,,0,H3,2,up,0.941
all_atom,dual,RKEKIKKRIGKIDRL,,,0,H3,3,dn,0.257
all_atom,dual,RKEKIKKRIGKIDRL,,,0,H3,3,up,0.788
all_atom,dual,RKEKIKKRIGKIDRL,,,0,H3,4,dn,0.0
all_atom,dual,RKEKIKKRIGKIDRL,,,0,H3,4,up,0.586
all_atom,dual,RKEKIKKRIGKIDRL,,,0,H3,5,dn,0.0
all_atom,dual,RKEKIKKRIGKIDRL,,,0,H3,5,up,0.735
all_atom,dual,RKEKIKKRIGKIDRL,,,0,H4,1,dn,0.972
all_atom,dual,RKEKIKKRIGKIDRL,,,0,H4,1,up,0.97
all_atom,dual,RKEKIKKRIGKIDRL,,,0,H4,2,dn,0.796
all_atom,dual,RKEKIKKRIGKIDRL,,,0,H4,2,up,0.816
all_atom,dual,RKEKIKKRIGKIDRL,,,0,H4,3,dn,0.194
all_atom,dual,RKEKIKKRIGKIDRL,,,0,H4,3,up,0.531
all_atom,dual,RKEKIKKRIGKIDRL,,,0,H4,4,dn,0.0
all_atom,dual,RKEKIKKRIGKIDRL,,,0,H4,4,up,0.507
all_atom,dual,RKEKIKKRIGKIDRL,,,0,H4,5,dn,0.0
all_atom,dual,RKEKIKKRIGKIDRL,,,0,H4,5,up,0.507
all_atom,dual,RKEKIKKRIGKIDRL,,,0,H5,1,dn,0.96
all_atom,dual,RKEKIKKRIGKIDRL,,,0,H5,1,up,0.911
all_atom,dual,RKEKIKKRIGKIDRL,,,0,H5,2,dn,0.614
all_atom,dual,RKEKIKKRIGKIDRL,,,0,H5,2,up,0.238
all_atom,dual,RKEKIKKRIGKIDRL,,,0,H5,3,dn,0.149
all_atom,dual,RKEKIKKRIGKIDRL,,,0,H5,3,up,0.02
all_atom,dual,RKEKIKKRIGKIDRL,,,0,H5,4,dn,0.0
all_atom,dual,RKEKIKKRIGKIDRL,,,0,H5,4,up,0.01
all_atom,dual,RKEKIKKRIGKIDRL,,,0,H5,5,dn,0.0
all_atom,dual,RKEKIKKRIGKIDRL,,,0,H5,5,up,0.0
all_atom,dual,RKEKIKKRIGKIDRL,,,0,H6,1,dn,0.772
all_atom,dual,RKEKIKKRIGKIDRL,,,0,H6,1,up,0.65
all_atom,dual,RKEKIKKRIGKIDRL,,,0,H6,2,dn,0.053
all_atom,dual,RKEKIKKRIGKIDRL,,,0,H6,2,up,0.042
all_atom,dual,RKEKIKKRIGKIDRL,,,0,H6,3,dn,0.006
all_atom,dual,RKEKIKKRIGKIDRL,,,0,H6,3,up,0.0
all_atom,dual,RKEKIKKRIGKIDRL,,,0,H6,4,dn,0.0
all_atom,dual,RKEKIKKRIGKIDRL,,,0,H6,4,up,0.0
all_atom,dual,RKEKIKKRIGKIDRL,,,0,H6,5,dn,0.0
all_atom,dual,RKEKIKKRIGKIDRL,,,0,H6,5,up,0.0
all_atom,dual,RKEKIKKRIGKIDRL,,,0,H7,1,dn,0.525
all_atom,dual,RKEKIKKRIGKIDRL,,,0,H7,1,up,0.438
all_atom,dual,RKEKIKKRIGKIDRL,,,0,H7,2,dn,0.008
all_atom,dual,RKEKIKKRIGKIDRL,,,0,H7,2,up,0.0
all_atom,dual,RKEKIKKRIGKIDRL,,,0,H7,3,dn,0.0
all_atom,dual,RKEKIKKRIGKIDRL,,,0,H7,3,up,0.0
all_atom,dual,RKEKIKKRIGKIDRL,,,0,H7,4,dn,0.0
all_atom,dual,RKEKIKKRIGKIDRL,,,0,H7,4,up,0.0
all_atom,dual,RKEKIKKRIGKIDRL,,,0,H7,5,dn,0.0
all_atom,dual,RKEKIKKRIGKIDRL,,,0,H7,5,up,0.0
all_atom,dual,RKEKIKKRIGKIDRL,,,0,H8,1,dn,0.558
all_atom,dual,RKEKIKKRIGKIDRL,,,0,H8,1,up,0.315
all_atom,dual,RKEKIKKRIGKIDRL,,,0,H8,2,dn,0.347
all_atom,dual,RKEKIKKRIGKIDRL,,,0,H8,2,up,0.0
all_atom,dual,RKEKIKKRIGKIDRL,,,0,H8,3,dn,0.05
all_atom,dual,RKEKIKKRIGKIDRL,,,0,H8,3,up,0.0
all_atom,dual,RKEKIKKRIGKIDRL,,,0,H8,4,dn,0.0
all_atom,dual,RKEKIKKRIGKIDRL,,,0,H8,4,up,0.0
all_atom,dual,RKEKIKKRIGKIDRL,,,0,H8,5,dn,0.0
all_atom,dual,RKEKIKKRIGKIDRL,,,0,H8,5,up,0.0
all_atom,dual,RKEKIKKRIGKIDRL,,,0,H9,1,dn,0.481
all_atom,dual,RKEKIKKRIGKIDRL,,,0,H9,1,up,0.166
all_atom,dual,RKEKIKKRIGKIDRL,,,0,H9,2,dn,0.341
all_atom,dual,RKEKIKKRIGKIDRL,,,0,H9,2,up,0.0
all_atom,dual,RKEKIKKRIGKIDRL,,,0,H9,3,dn,0.05
all_atom,dual,RKEKIKKRIGKIDRL,,,0,H9,3,up,0.0
all_atom,dual,RKEKIKKRIGKIDRL,,,0,H9,4,dn,0.0
all_atom,dual,RKEKIKKRIGKIDRL,,,0,H9,4,up,0.0
all_atom,dual,RKEKIKKRIGKIDRL,,,0,H9,5,dn,0.0
all_atom,dual,RKEKIKKRIGKIDRL,,,0,H9,5,up,0.0
all_atom,dual,RKEKIKKRIGKIDRL,,,0,HM,1,dn,0.622
all_atom,dual,RKEKIKKRIGKIDRL,,,0,HM,1,up,0.58
all_atom,dual,RKEKIKKRIGKIDRL,,,0,HM,2,dn,0.378
all_atom,dual,RKEKIKKRIGKIDRL,,,0,HM,2,up,0.302
all_atom,dual,RKEKIKKRIGKIDRL,,,0,HM,3,dn,0.081
all_atom,dual,RKEKIKKRIGKIDRL,,,0,HM,3,up,0.244
all_atom,dual,RKEKIKKRIGKIDRL,,,0,HM,4,dn,0.006
all_atom,dual,RKEKIKKRIGKIDRL,,,0,HM,4,up,0.147
all_atom,dual,RKEKIKKRIGKIDRL,,,0,HM,5,dn,0.0
all_atom,dual,RKEKIKKRIGKIDRL,,,0,HM,5,up,0.209
all_atom,dual,RKEKIKKRIGKIDRL,,,0,PEPT_BUR_MAX,1,dn,13.18
all_atom,dual,RKEKIKKRIGKIDRL,,,0,PEPT_BUR_MAX,1,up,12.92
all_atom,dual,RKEKIKKRIGKIDRL,,,0,PEPT_BUR_MAX,2,dn,14.56
all_atom,dual,RKEKIKKRIGKIDRL,,,0,PEPT_BUR_MAX,2,up,13.61
all_atom,dual,RKEKIKKRIGKIDRL,,,0,PEPT_BUR_MAX,3,dn,15.04
all_atom,dual,RKEKIKKRIGKIDRL,,,0,PEPT_BUR_MAX,3,up,14.6
all_atom,dual,RKEKIKKRIGKIDRL,,,0,PEPT_BUR_MAX,4,dn,12.0
all_atom,dual,RKEKIKKRIGKIDRL,,,0,PEPT_BUR_MAX,4,up,13.24
all_atom,dual,RKEKIKKRIGKIDRL,,,0,PEPT_BUR_MAX,5,dn,12.15
all_atom,dual,RKEKIKKRIGKIDRL,,,0,PEPT_BUR_MAX,5,up,11.47
all_atom,dual,RKEKIKKRIGKIDRL,,,0,S,1,dn,0.112
all_atom,dual,RKEKIKKRIGKIDRL,,,0,S,1,up,0.101
all_atom,dual,RKEKIKKRIGKIDRL,,,0,S,2,dn,0.114
all_atom,dual,RKEKIKKRIGKIDRL,,,0,S,2,up,0.162
all_atom,dual,RKEKIKKRIGKIDRL,,,0,S,3,dn,0.084
all_atom,dual,RKEKIKKRIGKIDRL,,,0,S,3,up,0.152
all_atom,dual,RKEKIKKRIGKIDRL,,,0,S,4,dn,0.208
all_atom,dual,RKEKIKKRIGKIDRL,,,0,S,4,up,0.171
all_atom,dual,RKEKIKKRIGKIDRL,,,0,S,5,dn,0.39
all_atom,dual,RKEKIKKRIGKIDRL,,,0,S,5,up,0.182
all_atom,dual,RKEKIKKRIGKIDRL,,,0,WAT_BUR_MAX,1,dn,10.59
all_atom,dual,RKEKIKKRIGKIDRL,,,0,WAT_BUR_MAX,1,up,11.07
all_atom,dual,RKEKIKKRIGKIDRL,,,0,WAT_BUR_MAX,2,dn,11.76
all_atom,dual,RKEKIKKRIGKIDRL,,,0,WAT_BUR_MAX,2,up,12.07
all_atom,dual,RKEKIKKRIGKIDRL,,,0,WAT_BUR_MAX,3,dn,12.14
all_atom,dual,RKEKIKKRIGKIDRL,,,0,WAT_BUR_MAX,3,up,12.82
all_atom,dual,RKEKIKKRIGKIDRL,,,0,WAT_BUR_MAX,4,dn,9.72
all_atom,dual,RKEKIKKRIGKIDRL,,,0,WAT_BUR_MAX,4,up,11.14
all_atom,dual,RKEKIKKRIGKIDRL,,,0,WAT_BUR_MAX,5,dn,12.19
all_atom,dual,RKEKIKKRIGKIDRL,,,0,WAT_BUR_MAX,5,up,10.68
all_atom,dual,RKEKIKKRIGKIDRL,,,0,WAT_BUR_REL,1,dn,-2.37
all_atom,dual,RKEKIKKRIGKIDRL,,,0,WAT_BUR_REL,1,up,-1.61
all_atom,dual,RKEKIKKRIGKIDRL,,,0,WAT_BUR_REL,2,dn,-2.0
all_atom,dual,RKEKIKKRIGKIDRL,,,0,WAT_BUR_REL,2,up,-2.23
all_atom,dual,RKEKIKKRIGKIDRL,,,0,WAT_BUR_REL,3,dn,-2.23
all_atom,dual,RKEKIKKRIGKIDRL,,,0,WAT_BUR_REL,3,up,-1.88
all_atom,dual,RKEKIKKRIGKIDRL,,,0,WAT_BUR_REL,4,dn,-1.06
all_atom,dual,RKEKIKKRIGKIDRL,,,0,WAT_BUR_REL,4,up,-1.9
all_atom,dual,RKEKIKKRIGKIDRL,,,0,WAT_BUR_REL,5,dn,-0.7
all_atom,dual,RKEKIKKRIGKIDRL,,,0,WAT_BUR_REL,5,up,-1.47
all_atom,dual,RKEKIKKRIGKIDRL,,,0,ZP-0.5,1,dn,0.149
all_atom,dual,RKEKIKKRIGKIDRL,,,0,ZP-0.5,1,up,0.149
all_atom,dual,RKEKIKKRIGKIDRL,,,0,ZP-0.5,2,dn,0.152
all_atom,dual,RKEKIKKRIGKIDRL,,,0,ZP-0.5,2,up,0.16
all_atom,dual,RKEKIKKRIGKIDRL,,,0,ZP-0.5,3,dn,0.161
all_atom,dual,RKEKIKKRIGKIDRL,,,0,ZP-0.5,3,up,0.172
all_atom,dual,RKEKIKKRIGKIDRL,,,0,ZP-0.5,4,dn,0.17
all_atom,dual,RKEKIKKRIGKIDRL,,,0,ZP-0.5,4,up,0.15
all_atom,dual,RKEKIKKRIGKIDRL,,,0,ZP-0.5,5,dn,0.153
all_atom,dual,RKEKIKKRIGKIDRL,,,0,ZP-0.5,5,up,0.165
all_atom,dual,RKEKIKKRIGKIDRL,,,0,ZP-1.5,1,dn,0.129
all_atom,dual,RKEKIKKRIGKIDRL,,,0,ZP-1.5,1,up,0.16
all_atom,dual,RKEKIKKRIGKIDRL,,,0,ZP-1.5,2,dn,0.128
all_atom,dual,RKEKIKKRIGKIDRL,,,0,ZP-1.5,2,up,0.168
all_atom,dual,RKEKIKKRIGKIDRL,,,0,ZP-1.5,3,dn,0.126
all_atom,dual,RKEKIKKRIGKIDRL,,,0,ZP-1.5,3,up,0.168
all_atom,dual,RKEKIKKRIGKIDRL,,,0,ZP-1.5,4,dn,0.144
all_atom,dual,RKEKIKKRIGKIDRL,,,0,ZP-1.5,4,up,0.16
all_atom,dual,RKEKIKKRIGKIDRL,,,0,ZP-1.5,5,dn,0.151
all_atom,dual,RKEKIKKRIGKIDRL,,,0,ZP-1.5,5,up,0.153
all_atom,dual,RKEKIKKRIGKIDRL,,,0,ZP-2.5,1,dn,0.095
all_atom,dual,RKEKIKKRIGKIDRL,,,0,ZP-2.5,1,up,0.146
all_atom,dual,RKEKIKKRIGKIDRL,,,0,ZP-2.5,2,dn,0.112
all_atom,dual,RKEKIKKRIGKIDRL,,,0,ZP-2.5,2,up,0.14
all_atom,dual,RKEKIKKRIGKIDRL,,,0,ZP-2.5,3,dn,0.092
all_atom,dual,RKEKIKKRIGKIDRL,,,0,ZP-2.5,3,up,0.119
all_atom,dual,RKEKIKKRIGKIDRL,,,0,ZP-2.5,4,dn,0.134
all_atom,dual,RKEKIKKRIGKIDRL,,,0,ZP-2.5,4,up,0.137
all_atom,dual,RKEKIKKRIGKIDRL,,,0,ZP-2.5,5,dn,0.12
all_atom,dual,RKEKIKKRIGKIDRL,,,0,ZP-2.5,5,up,0.108
all_atom,dual,RKEKIKKRIGKIDRL,,,0,ZP-3.5,1,dn,0.061
all_atom,dual,RKEKIKKRIGKIDRL,,,0,ZP-3.5,1,up,0.091
all_atom,dual,RKEKIKKRIGKIDRL,,,0,ZP-3.5,2,dn,0.067
all_atom,dual,RKEKIKKRIGKIDRL,,,0,ZP-3.5,2,up,0.087
all_atom,dual,RKEKIKKRIGKIDRL,,,0,ZP-3.5,3,dn,0.051
all_atom,dual,RKEKIKKRIGKIDRL,,,0,ZP-3.5,3,up,0.07
all_atom,dual,RKEKIKKRIGKIDRL,,,0,ZP-3.5,4,dn,0.098
all_atom,dual,RKEKIKKRIGKIDRL,,,0,ZP-3.5,4,up,0.112
all_atom,dual,RKEKIKKRIGKIDRL,,,0,ZP-3.5,5,dn,0.105
all_atom,dual,RKEKIKKRIGKIDRL,,,0,ZP-3.5,5,up,0.086
all_atom,dual,RKEKIKKRIGKIDRL,,,0,ZP-4.5,1,dn,0.048
all_atom,dual,RKEKIKKRIGKIDRL,,,0,ZP-4.5,1,up,0.058
all_atom,dual,RKEKIKKRIGKIDRL,,,0,ZP-4.5,2,dn,0.046
all_atom,dual,RKEKIKKRIGKIDRL,,,0,ZP-4.5,2,up,0.061
all_atom,dual,RKEKIKKRIGKIDRL,,,0,ZP-4.5,3,dn,0.028
all_atom,dual,RKEKIKKRIGKIDRL,,,0,ZP-4.5,3,up,0.037
all_atom,dual,RKEKIKKRIGKIDRL,,,0,ZP-4.5,4,dn,0.058
all_atom,dual,RKEKIKKRIGKIDRL,,,0,ZP-4.5,4,up,0.058
all_atom,dual,RKEKIKKRIGKIDRL,,,0,ZP-4.5,5,dn,0.064
all_atom,dual,RKEKIKKRIGKIDRL,,,0,ZP-4.5,5,up,0.075
all_atom,dual,RKEKIKKRIGKIDRL,,,0,ZP-5.5,1,dn,0.02
all_atom,dual,RKEKIKKRIGKIDRL,,,0,ZP-5.5,1,up,0.025
all_atom,dual,RKEKIKKRIGKIDRL,,,0,ZP-5.5,2,dn,0.015
all_atom,dual,RKEKIKKRIGKIDRL,,,0,ZP-5.5,2,up,0.031
all_atom,dual,RKEKIKKRIGKIDRL,,,0,ZP-5.5,3,dn,0.014
all_atom,dual,RKEKIKKRIGKIDRL,,,0,ZP-5.5,3,up,0.024
all_atom,dual,RKEKIKKRIGKIDRL,,,0,ZP-5.5,4,dn,0.04
all_atom,dual,RKEKIKKRIGKIDRL,,,0,ZP-5.5,4,up,0.046
all_atom,dual,RKEKIKKRIGKIDRL,,,0,ZP-5.5,5,dn,0.05
all_atom,dual,RKEKIKKRIGKIDRL,,,0,ZP-5.5,5,up,0.037
all_atom,dual,RKEKIKKRIGKIDRL,,,0,ZP-6.5,1,dn,0.006
all_atom,dual,RKEKIKKRIGKIDRL,,,0,ZP-6.5,1,up,0.012
all_atom,dual,RKEKIKKRIGKIDRL,,,0,ZP-6.5,2,dn,0.004
all_atom,dual,RKEKIKKRIGKIDRL,,,0,ZP-6.5,2,up,0.012
all_atom,dual,RKEKIKKRIGKIDRL,,,0,ZP-6.5,3,dn,0.003
all_atom,dual,RKEKIKKRIGKIDRL,,,0,ZP-6.5,3,up,0.008
all_atom,dual,RKEKIKKRIGKIDRL,,,0,ZP-6.5,4,dn,0.012
all_atom,dual,RKEKIKKRIGKIDRL,,,0,ZP-6.5,4,up,0.018
all_atom,dual,RKEKIKKRIGKIDRL,,,0,ZP-6.5,5,dn,0.014
all_atom,dual,RKEKIKKRIGKIDRL,,,0,ZP-6.5,5,up,0.02
all_atom,dual,RKEKIKKRIGKIDRL,,,0,ZP-7.5,1,dn,0.004
all_atom,dual,RKEKIKKRIGKIDRL,,,0,ZP-7.5,1,up,0.008
all_atom,dual,RKEKIKKRIGKIDRL,,,0,ZP-7.5,2,dn,0.002
all_atom,dual,RKEKIKKRIGKIDRL,,,0,ZP-7.5,2,up,0.002
all_atom,dual,RKEKIKKRIGKIDRL,,,0,ZP-7.5,3,dn,0.001
all_atom,dual,RKEKIKKRIGKIDRL,,,0,ZP-7.5,3,up,0.003
all_atom,dual,RKEKIKKRIGKIDRL,,,0,ZP-7.5,4,dn,0.006
all_atom,dual,RKEKIKKRIGKIDRL,,,0,ZP-7.5,4,up,0.014
all_atom,dual,RKEKIKKRIGKIDRL,,,0,ZP-7.5,5,dn,0.009
all_atom,dual,RKEKIKKRIGKIDRL,,,0,ZP-7.5,5,up,0.007
all_atom,dual,RKEKIKKRIGKIDRL,,,0,ZP-8.5,1,dn,0.003
all_atom,dual,RKEKIKKRIGKIDRL,,,0,ZP-8.5,1,up,0.002
all_atom,dual,RKEKIKKRIGKIDRL,,,0,ZP-8.5,2,dn,0.001
all_atom,dual,RKEKIKKRIGKIDRL,,,0,ZP-8.5,2,up,0.001
all_atom,dual,RKEKIKKRIGKIDRL,,,0,ZP-8.5,3,dn,0.001
all_atom,dual,RKEKIKKRIGKIDRL,,,0,ZP-8.5,3,up,0.001
all_atom,dual,RKEKIKKRIGKIDRL,,,0,ZP-8.5,4,dn,0.0
all_atom,dual,RKEKIKKRIGKIDRL,,,0,ZP-8.5,4,up,0.005
all_atom,dual,RKEKIKKRIGKIDRL,,,0,ZP-8.5,5,dn,0.001
all_atom,dual,RKEKIKKRIGKIDRL,,,0,ZP-8.5,5,up,0.003
all_atom,dual,RKEKIKKRIGKIDRL,,,0,ZP-9.5,1,dn,0.0
all_atom,dual,RKEKIKKRIGKIDRL,,,0,ZP-9.5,1,up,0.0
all_atom,dual,RKEKIKKRIGKIDRL,,,0,ZP-9.5,2,dn,0.0
all_atom,dual,RKEKIKKRIGKIDRL,,,0,ZP-9.5,2,up,0.0
all_atom,dual,RKEKIKKRIGKIDRL,,,0,ZP-9.5,3,dn,0.0
all_atom,dual,RKEKIKKRIGKIDRL,,,0,ZP-9.5,3,up,0.0
all_atom,dual,RKEKIKKRIGKIDRL,,,0,ZP-9.5,4,dn,0.001
all_atom,dual,RKEKIKKRIGKIDRL,,,0,ZP-9.5,4,up,0.001
all_atom,dual,RKEKIKKRIGKIDRL,,,0,ZP-9.5,5,dn,0.001
all_atom,dual,RKEKIKKRIGKIDRL,,,0,ZP-9.5,5,up,0.0
all_atom,dual,RKEKIKKRIGKIDRL,,,0,ZP0.5,1,dn,0.153
all_atom,dual,RKEKIKKRIGKIDRL,,,0,ZP0.5,1,up,0.131
all_atom,dual,RKEKIKKRIGKIDRL,,,0,ZP0.5,2,dn,0.152
all_atom,dual,RKEKIKKRIGKIDRL,,,0,ZP0.5,2,up,0.131
all_atom,dual,RKEKIKKRIGKIDRL,,,0,ZP0.5,3,dn,0.176
all_atom,dual,RKEKIKKRIGKIDRL,,,0,ZP0.5,3,up,0.167
all_atom,dual,RKEKIKKRIGKIDRL,,,0,ZP0.5,4,dn,0.138
all_atom,dual,RKEKIKKRIGKIDRL,,,0,ZP0.5,4,up,0.121
all_atom,dual,RKEKIKKRIGKIDRL,,,0,ZP0.5,5,dn,0.128
all_atom,dual,RKEKIKKRIGKIDRL,,,0,ZP0.5,5,up,0.14
all_atom,dual,RKEKIKKRIGKIDRL,,,0,ZP1.5,1,dn,0.129
all_atom,dual,RKEKIKKRIGKIDRL,,,0,ZP1.5,1,up,0.085
all_atom,dual,RKEKIKKRIGKIDRL,,,0,ZP1.5,2,dn,0.128
all_atom,dual,RKEKIKKRIGKIDRL,,,0,ZP1.5,2,up,0.099
all_atom,dual,RKEKIKKRIGKIDRL,,,0,ZP1.5,3,dn,0.14
all_atom,dual,RKEKIKKRIGKIDRL,,,0,ZP1.5,3,up,0.119
all_atom,dual,RKEKIKKRIGKIDRL,,,0,ZP1.5,4,dn,0.081
all_atom,dual,RKEKIKKRIGKIDRL,,,0,ZP1.5,4,up,0.086
all_atom,dual,RKEKIKKRIGKIDRL,,,0,ZP1.5,5,dn,0.087
all_atom,dual,RKEKIKKRIGKIDRL,,,0,ZP1.5,5,up,0.094
all_atom,dual,RKEKIKKRIGKIDRL,,,0,ZP2.5,1,dn,0.102
all_atom,dual,RKEKIKKRIGKIDRL,,,0,ZP2.5,1,up,0.059
all_atom,dual,RKEKIKKRIGKIDRL,,,0,ZP2.5,2,dn,0.104
all_atom,dual,RKEKIKKRIGKIDRL,,,0,ZP2.5,2,up,0.059
all_atom,dual,RKEKIKKRIGKIDRL,,,0,ZP2.5,3,dn,0.107
all_atom,dual,RKEKIKKRIGKIDRL,,,0,ZP2.5,3,up,0.069
all_atom,dual,RKEKIKKRIGKIDRL,,,0,ZP2.5,4,dn,0.059
all_atom,dual,RKEKIKKRIGKIDRL,,,0,ZP2.5,4,up,0.055
all_atom,dual,RKEKIKKRIGKIDRL,,,0,ZP2.5,5,dn,0.057
all_atom,dual,RKEKIKKRIGKIDRL,,,0,ZP2.5,5,up,0.063
all_atom,dual,RKEKIKKRIGKIDRL,,,0,ZP3.5,1,dn,0.052
all_atom,dual,RKEKIKKRIGKIDRL,,,0,ZP3.5,1,up,0.04
all_atom,dual,RKEKIKKRIGKIDRL,,,0,ZP3.5,2,dn,0.044
all_atom,dual,RKEKIKKRIGKIDRL,,,0,ZP3.5,2,up,0.029
all_atom,dual,RKEKIKKRIGKIDRL,,,0,ZP3.5,3,dn,0.06
all_atom,dual,RKEKIKKRIGKIDRL,,,0,ZP3.5,3,up,0.026
all_atom,dual,RKEKIKKRIGKIDRL,,,0,ZP3.5,4,dn,0.034
all_atom,dual,RKEKIKKRIGKIDRL,,,0,ZP3.5,4,up,0.023
all_atom,dual,RKEKIKKRIGKIDRL,,,0,ZP3.5,5,dn,0.029
all_atom,dual,RKEKIKKRIGKIDRL,,,0,ZP3.5,5,up,0.027
all_atom,dual,RKEKIKKRIGKIDRL,,,0,ZP4.5,1,dn,0.031
all_atom,dual,RKEKIKKRIGKIDRL,,,0,ZP4.5,1,up,0.022
all_atom,dual,RKEKIKKRIGKIDRL,,,0,ZP4.5,2,dn,0.033
all_atom,dual,RKEKIKKRIGKIDRL,,,0,ZP4.5,2,up,0.013
all_atom,dual,RKEKIKKRIGKIDRL,,,0,ZP4.5,3,dn,0.028
all_atom,dual,RKEKIKKRIGKIDRL,,,0,ZP4.5,3,up,0.012
all_atom,dual,RKEKIKKRIGKIDRL,,,0,ZP4.5,4,dn,0.018
all_atom,dual,RKEKIKKRIGKIDRL,,,0,ZP4.5,4,up,0.01
all_atom,dual,RKEKIKKRIGKIDRL,,,0,ZP4.5,5,dn,0.019
all_atom,dual,RKEKIKKRIGKIDRL,,,0,ZP4.5,5,up,0.016
all_atom,dual,RKEKIKKRIGKIDRL,,,0,ZP5.5,1,dn,0.01
all_atom,dual,RKEKIKKRIGKIDRL,,,0,ZP5.5,1,up,0.007
all_atom,dual,RKEKIKKRIGKIDRL,,,0,ZP5.5,2,dn,0.008
all_atom,dual,RKEKIKKRIGKIDRL,,,0,ZP5.5,2,up,0.005
all_atom,dual,RKEKIKKRIGKIDRL,,,0,ZP5.5,3,dn,0.01
all_atom,dual,RKEKIKKRIGKIDRL,,,0,ZP5.5,3,up,0.003
all_atom,dual,RKEKIKKRIGKIDRL,,,0,ZP5.5,4,dn,0.006
all_atom,dual,RKEKIKKRIGKIDRL,,,0,ZP5.5,4,up,0.004
all_atom,dual,RKEKIKKRIGKIDRL,,,0,ZP5.5,5,dn,0.007
all_atom,dual,RKEKIKKRIGKIDRL,,,0,ZP5.5,5,up,0.004
all_atom,dual,RKEKIKKRIGKIDRL,,,0,ZP6.5,1,dn,0.004
all_atom,dual,RKEKIKKRIGKIDRL,,,0,ZP6.5,1,up,0.003
all_atom,dual,RKEKIKKRIGKIDRL,,,0,ZP6.5,2,dn,0.003
all_atom,dual,RKEKIKKRIGKIDRL,,,0,ZP6.5,2,up,0.001
all_atom,dual,RKEKIKKRIGKIDRL,,,0,ZP6.5,3,dn,0.001
all_atom,dual,RKEKIKKRIGKIDRL,,,0,ZP6.5,3,up,0.001
all_atom,dual,RKEKIKKRIGKIDRL,,,0,ZP6.5,4,dn,0.001
all_atom,dual,RKEKIKKRIGKIDRL,,,0,ZP6.5,4,up,0.0
all_atom,dual,RKEKIKKRIGKIDRL,,,0,ZP6.5,5,dn,0.002
all_atom,dual,RKEKIKKRIGKIDRL,,,0,ZP6.5,5,up,0.002
all_atom,dual,RKEKIKKRIGKIDRL,,,0,ZP7.5,1,dn,0.001
all_atom,dual,RKEKIKKRIGKIDRL,,,0,ZP7.5,1,up,0.002
all_atom,dual,RKEKIKKRIGKIDRL,,,0,ZP7.5,2,dn,0.003
all_atom,dual,RKEKIKKRIGKIDRL,,,0,ZP7.5,2,up,0.0
all_atom,dual,RKEKIKKRIGKIDRL,,,0,ZP7.5,3,dn,0.001
all_atom,dual,RKEKIKKRIGKIDRL,,,0,ZP7.5,3,up,0.001
all_atom,dual,RKEKIKKRIGKIDRL,,,0,ZP7.5,4,dn,0.001
all_atom,dual,RKEKIKKRIGKIDRL,,,0,ZP7.5,4,up,0.0
all_atom,dual,RKEKIKKRIGKIDRL,,,0,ZP7.5,5,dn,0.001
all_atom,dual,RKEKIKKRIGKIDRL,,,0,ZP7.5,5,up,0.0
all_atom,dual,RKEKIKKRIGKIDRL,,,0,ZP8.5,1,dn,0.002
all_atom,dual,RKEKIKKRIGKIDRL,,,0,ZP8.5,1,up,0.0
all_atom,dual,RKEKIKKRIGKIDRL,,,0,ZP8.5,2,dn,0.0
all_atom,dual,RKEKIKKRIGKIDRL,,,0,ZP8.5,2,up,0.0
all_atom,dual,RKEKIKKRIGKIDRL,,,0,ZP8.5,3,dn,0.0
all_atom,dual,RKEKIKKRIGKIDRL,,,0,ZP8.5,3,up,0.0
all_atom,dual,RKEKIKKRIGKIDRL,,,0,ZP8.5,4,dn,0.0
all_atom,dual,RKEKIKKRIGKIDRL,,,0,ZP8.5,4,up,0.0
all_atom,dual,RKEKIKKRIGKIDRL,,,0,ZP8.5,5,dn,0.0
all_atom,dual,RKEKIKKRIGKIDRL,,,0,ZP8.5,5,up,0.001
all_atom,dual,RKEKIKKRIGKIDRL,,,0,ZP9.5,1,dn,0.002
all_atom,dual,RKEKIKKRIGKIDRL,,,0,ZP9.5,1,up,0.001
all_atom,dual,RKEKIKKRIGKIDRL,,,0,ZP9.5,2,dn,0.001
all_atom,dual,RKEKIKKRIGKIDRL,,,0,ZP9.5,2,up,0.0
all_atom,dual,RKEKIKKRIGKIDRL,,,0,ZP9.5,3,dn,0.0
all_atom,dual,RKEKIKKRIGKIDRL,,,0,ZP9.5,3,up,0.0
all_atom,dual,RKEKIKKRIGKIDRL,,,0,ZP9.5,4,dn,0.0
all_atom,dual,RKEKIKKRIGKIDRL,,,0,ZP9.5,4,up,0.0
all_atom,dual,RKEKIKKRIGKIDRL,,,0,ZP9.5,5,dn,0.0
all_atom,dual,RKEKIKKRIGKIDRL,,,0,ZP9.5,5,up,0.0
all_atom,dual,RLWKIGWVLKWI,,,1,APLA12.5,1,dn,59.356
all_atom,dual,RLWKIGWVLKWI,,,1,APLA12.5,1,up,57.991
all_atom,dual,RLWKIGWVLKWI,,,1,APLA12.5,2,dn,58.988
all_atom,dual,RLWKIGWVLKWI,,,1,APLA12.5,2,up,58.138
all_atom,dual,RLWKIGWVLKWI,,,1,APLA12.5,3,dn,58.174
all_atom,dual,RLWKIGWVLKWI,,,1,APLA12.5,3,up,56.565
all_atom,dual,RLWKIGWVLKWI,,,1,APLA12.5,4,dn,59.911
all_atom,dual,RLWKIGWVLKWI,,,1,APLA12.5,4,up,57.632
all_atom,dual,RLWKIGWVLKWI,,,1,APLA12.5,5,dn,59.253
all_atom,dual,RLWKIGWVLKWI,,,1,APLA12.5,5,up,57.939
all_atom,dual,RLWKIGWVLKWI,,,1,APLA17.5,1,dn,59.645
all_atom,dual,RLWKIGWVLKWI,,,1,APLA17.5,1,up,59.001
all_atom,dual,RLWKIGWVLKWI,,,1,APLA17.5,2,dn,59.04
all_atom,dual,RLWKIGWVLKWI,,,1,APLA17.5,2,up,58.715
all_atom,dual,RLWKIGWVLKWI,,,1,APLA17.5,3,dn,58.884
all_atom,dual,RLWKIGWVLKWI,,,1,APLA17.5,3,up,55.56
all_atom,dual,RLWKIGWVLKWI,,,1,APLA17.5,4,dn,59.39
all_atom,dual,RLWKIGWVLKWI,,,1,APLA17.5,4,up,57.884
all_atom,dual,RLWKIGWVLKWI,,,1,APLA17.5,5,dn,58.86
all_atom,dual,RLWKIGWVLKWI,,,1,APLA17.5,5,up,59.782
all_atom,dual,RLWKIGWVLKWI,,,1,APLA2.5,1,dn,70.356
all_atom,dual,RLWKIGWVLKWI,,,1,APLA2.5,1,up,71.944
all_atom,dual,RLWKIGWVLKWI,,,1,APLA2.5,2,dn,78.844
all_atom,dual,RLWKIGWVLKWI,,,1,APLA2.5,2,up,78.417
all_atom,dual,RLWKIGWVLKWI,,,1,APLA2.5,3,dn,77.63
all_atom,dual,RLWKIGWVLKWI,,,1,APLA2.5,3,up,82.672
all_atom,dual,RLWKIGWVLKWI,,,1,APLA2.5,4,dn,70.061
all_atom,dual,RLWKIGWVLKWI,,,1,APLA2.5,4,up,76.337
all_atom,dual,RLWKIGWVLKWI,,,1,APLA2.5,5,dn,69.748
all_atom,dual,RLWKIGWVLKWI,,,1,APLA2.5,5,up,73.243
all_atom,dual,RLWKIGWVLKWI,,,1,APLA7.5,1,dn,63.014
all_atom,dual,RLWKIGWVLKWI,,,1,APLA7.5,1,up,59.483
all_atom,dual,RLWKIGWVLKWI,,,1,APLA7.5,2,dn,61.142
all_atom,dual,RLWKIGWVLKWI,,,1,APLA7.5,2,up,62.38
all_atom,dual,RLWKIGWVLKWI,,,1,APLA7.5,3,dn,60.841
all_atom,dual,RLWKIGWVLKWI,,,1,APLA7.5,3,up,63.218
all_atom,dual,RLWKIGWVLKWI,,,1,APLA7.5,4,dn,61.265
all_atom,dual,RLWKIGWVLKWI,,,1,APLA7.5,4,up,62.035
all_atom,dual,RLWKIGWVLKWI,,,1,APLA7.5,5,dn,59.861
all_atom,dual,RLWKIGWVLKWI,,,1,APLA7.5,5,up,61.917
all_atom,dual,RLWKIGWVLKWI,,,1,APLS12.5,1,dn,4.583
all_atom,dual,RLWKIGWVLKWI,,,1,APLS12.5,1,up,4.239
all_atom,dual,RLWKIGWVLKWI,,,1,APLS12.5,2,dn,3.731
all_atom,dual,RLWKIGWVLKWI,,,1,APLS12.5,2,up,4.062
all_atom,dual,RLWKIGWVLKWI,,,1,APLS12.5,3,dn,4.293
all_atom,dual,RLWKIGWVLKWI,,,1,APLS12.5,3,up,4.216
all_atom,dual,RLWKIGWVLKWI,,,1,APLS12.5,4,dn,4.743
all_atom,dual,RLWKIGWVLKWI,,,1,APLS12.5,4,up,3.66
all_atom,dual,RLWKIGWVLKWI,,,1,APLS12.5,5,dn,4.292
all_atom,dual,RLWKIGWVLKWI,,,1,APLS12.5,5,up,3.914
all_atom,dual,RLWKIGWVLKWI,,,1,APLS17.5,1,dn,3.56
all_atom,dual,RLWKIGWVLKWI,,,1,APLS17.5,1,up,3.596
all_atom,dual,RLWKIGWVLKWI,,,1,APLS17.5,2,dn,4.184
all_atom,dual,RLWKIGWVLKWI,,,1,APLS17.5,2,up,3.471
all_atom,dual,RLWKIGWVLKWI,,,1,APLS17.5,3,dn,3.654
all_atom,dual,RLWKIGWVLKWI,,,1,APLS17.5,3,up,3.694
all_atom,dual,RLWKIGWVLKWI,,,1,APLS17.5,4,dn,4.022
all_atom,dual,RLWKIGWVLKWI,,,1,APLS17.5,4,up,4.117
all_atom,dual,RLWKIGWVLKWI,,,1,APLS17.5,5,dn,3.796
all_atom,dual,RLWKIGWVLKWI,,,1,APLS17.5,5,up,3.551
all_atom,dual,RLWKIGWVLKWI,,,1,APLS2.5,1,dn,6.901
all_atom,dual,RLWKIGWVLKWI,,,1,APLS2.5,1,up,7.477
all_atom,dual,RLWKIGWVLKWI,,,1,APLS2.5,2,dn,8.279
all_atom,dual,RLWKIGWVLKWI,,,1,APLS2.5,2,up,11.502
all_atom,dual,RLWKIGWVLKWI,,,1,APLS2.5,3,dn,9.271
all_atom,dual,RLWKIGWVLKWI,,,1,APLS2.5,3,up,10.121
all_atom,dual,RLWKIGWVLKWI,,,1,APLS2.5,4,dn,7.982
all_atom,dual,RLWKIGWVLKWI,,,1,APLS2.5,4,up,7.638
all_atom,dual,RLWKIGWVLKWI,,,1,APLS2.5,5,dn,7.113
all_atom,dual,RLWKIGWVLKWI,,,1,APLS2.5,5,up,9.357
all_atom,dual,RLWKIGWVLKWI,,,1,APLS7.5,1,dn,4.876
all_atom,dual,RLWKIGWVLKWI,,,1,APLS7.5,1,up,6.361
all_atom,dual,RLWKIGWVLKWI,,,1,APLS7.5,2,dn,5.849
all_atom,dual,RLWKIGWVLKWI,,,1,APLS7.5,2,up,6.699
all_atom,dual,RLWKIGWVLKWI,,,1,APLS7.5,3,dn,5.723
all_atom,dual,RLWKIGWVLKWI,,,1,APLS7.5,3,up,6.572
all_atom,dual,RLWKIGWVLKWI,,,1,APLS7.5,4,dn,5.133
all_atom,dual,RLWKIGWVLKWI,,,1,APLS7.5,4,up,6.076
all_atom,dual,RLWKIGWVLKWI,,,1,APLS7.5,5,dn,5.449
all_atom,dual,RLWKIGWVLKWI,,,1,APLS7.5,5,up,5.609
all_atom,dual,RLWKIGWVLKWI,,,1,H0,1,dn,0.0
all_atom,dual,RLWKIGWVLKWI,,,1,H0,1,up,0.0
all_atom,dual,RLWKIGWVLKWI,,,1,H0,2,dn,0.0
all_atom,dual,RLWKIGWVLKWI,,,1,H0,2,up,0.0
all_atom,dual,RLWKIGWVLKWI,,,1,H0,3,dn,0.0
all_atom,dual,RLWKIGWVLKWI,,,1,H0,3,up,0.0
all_atom,dual,RLWKIGWVLKWI,,,1,H0,4,dn,0.0
all_atom,dual,RLWKIGWVLKWI,,,1,H0,4,up,0.0
all_atom,dual,RLWKIGWVLKWI,,,1,H0,5,dn,0.0
all_atom,dual,RLWKIGWVLKWI,,,1,H0,5,up,0.0
all_atom,dual,RLWKIGWVLKWI,,,1,H1,1,dn,0.094
all_atom,dual,RLWKIGWVLKWI,,,1,H1,1,up,0.933
all_atom,dual,RLWKIGWVLKWI,,,1,H1,2,dn,0.0
all_atom,dual,RLWKIGWVLKWI,,,1,H1,2,up,0.883
all_atom,dual,RLWKIGWVLKWI,,,1,H1,3,dn,0.0
all_atom,dual,RLWKIGWVLKWI,,,1,H1,3,up,0.972
all_atom,dual,RLWKIGWVLKWI,,,1,H1,4,dn,0.0
all_atom,dual,RLWKIGWVLKWI,,,1,H1,4,up,0.918
all_atom,dual,RLWKIGWVLKWI,,,1,H1,5,dn,0.0
all_atom,dual,RLWKIGWVLKWI,,,1,H1,5,up,0.99
all_atom,dual,RLWKIGWVLKWI,,,1,H10,1,dn,0.0
all_atom,dual,RLWKIGWVLKWI,,,1,H10,1,up,0.0
all_atom,dual,RLWKIGWVLKWI,,,1,H10,2,dn,0.0
all_atom,dual,RLWKIGWVLKWI,,,1,H10,2,up,0.0
all_atom,dual,RLWKIGWVLKWI,,,1,H10,3,dn,0.0
all_atom,dual,RLWKIGWVLKWI,,,1,H10,3,up,0.0
all_atom,dual,RLWKIGWVLKWI,,,1,H10,4,dn,0.0
all_atom,dual,RLWKIGWVLKWI,,,1,H10,4,up,0.0
all_atom,dual,RLWKIGWVLKWI,,,1,H10,5,dn,0.0
all_atom,dual,RLWKIGWVLKWI,,,1,H10,5,up,0.0
all_atom,dual,RLWKIGWVLKWI,,,1,H2,1,dn,0.141
all_atom,dual,RLWKIGWVLKWI,,,1,H2,1,up,0.954
all_atom,dual,RLWKIGWVLKWI,,,1,H2,2,dn,0.168
all_atom,dual,RLWKIGWVLKWI,,,1,H2,2,up,0.919
all_atom,dual,RLWKIGWVLKWI,,,1,H2,3,dn,0.192
all_atom,dual,RLWKIGWVLKWI,,,1,H2,3,up,0.992
all_atom,dual,RLWKIGWVLKWI,,,1,H2,4,dn,0.186
all_atom,dual,RLWKIGWVLKWI,,,1,H2,4,up,0.984
all_atom,dual,RLWKIGWVLKWI,,,1,H2,5,dn,0.2
all_atom,dual,RLWKIGWVLKWI,,,1,H2,5,up,0.992
all_atom,dual,RLWKIGWVLKWI,,,1,H3,1,dn,0.143
all_atom,dual,RLWKIGWVLKWI,,,1,H3,1,up,0.97
all_atom,dual,RLWKIGWVLKWI,,,1,H3,2,dn,0.845
all_atom,dual,RLWKIGWVLKWI,,,1,H3,2,up,0.99
all_atom,dual,RLWKIGWVLKWI,,,1,H3,3,dn,0.969
all_atom,dual,RLWKIGWVLKWI,,,1,H3,3,up,1.0
all_atom,dual,RLWKIGWVLKWI,,,1,H3,4,dn,0.949
all_atom,dual,RLWKIGWVLKWI,,,1,H3,4,up,1.0
all_atom,dual,RLWKIGWVLKWI,,,1,H3,5,dn,1.0
all_atom,dual,RLWKIGWVLKWI,,,1,H3,5,up,1.0
all_atom,dual,RLWKIGWVLKWI,,,1,H4,1,dn,0.446
all_atom,dual,RLWKIGWVLKWI,,,1,H4,1,up,0.982
all_atom,dual,RLWKIGWVLKWI,,,1,H4,2,dn,0.911
all_atom,dual,RLWKIGWVLKWI,,,1,H4,2,up,0.986
all_atom,dual,RLWKIGWVLKWI,,,1,H4,3,dn,0.994
all_atom,dual,RLWKIGWVLKWI,,,1,H4,3,up,0.992
all_atom,dual,RLWKIGWVLKWI,,,1,H4,4,dn,0.994
all_atom,dual,RLWKIGWVLKWI,,,1,H4,4,up,0.968
all_atom,dual,RLWKIGWVLKWI,,,1,H4,5,dn,1.0
all_atom,dual,RLWKIGWVLKWI,,,1,H4,5,up,1.0
all_atom,dual,RLWKIGWVLKWI,,,1,H5,1,dn,0.931
all_atom,dual,RLWKIGWVLKWI,,,1,H5,1,up,0.985
all_atom,dual,RLWKIGWVLKWI,,,1,H5,2,dn,1.0
all_atom,dual,RLWKIGWVLKWI,,,1,H5,2,up,0.673
all_atom,dual,RLWKIGWVLKWI,,,1,H5,3,dn,1.0
all_atom,dual,RLWKIGWVLKWI,,,1,H5,3,up,0.505
all_atom,dual,RLWKIGWVLKWI,,,1,H5,4,dn,1.0
all_atom,dual,RLWKIGWVLKWI,,,1,H5,4,up,0.475
all_atom,dual,RLWKIGWVLKWI,,,1,H5,5,dn,1.0
all_atom,dual,RLWKIGWVLKWI,,,1,H5,5,up,0.985
all_atom,dual,RLWKIGWVLKWI,,,1,H6,1,dn,0.976
all_atom,dual,RLWKIGWVLKWI,,,1,H6,1,up,0.958
all_atom,dual,RLWKIGWVLKWI,,,1,H6,2,dn,0.994
all_atom,dual,RLWKIGWVLKWI,,,1,H6,2,up,0.39
all_atom,dual,RLWKIGWVLKWI,,,1,H6,3,dn,1.0
all_atom,dual,RLWKIGWVLKWI,,,1,H6,3,up,0.22
all_atom,dual,RLWKIGWVLKWI,,,1,H6,4,dn,1.0
all_atom,dual,RLWKIGWVLKWI,,,1,H6,4,up,0.44
all_atom,dual,RLWKIGWVLKWI,,,1,H6,5,dn,1.0
all_atom,dual,RLWKIGWVLKWI,,,1,H6,5,up,0.406
all_atom,dual,RLWKIGWVLKWI,,,1,H7,1,dn,1.0
all_atom,dual,RLWKIGWVLKWI,,,1,H7,1,up,0.916
all_atom,dual,RLWKIGWVLKWI,,,1,H7,2,dn,0.99
all_atom,dual,RLWKIGWVLKWI,,,1,H7,2,up,0.35
all_atom,dual,RLWKIGWVLKWI,,,1,H7,3,dn,1.0
all_atom,dual,RLWKIGWVLKWI,,,1,H7,3,up,0.34
all_atom,dual,RLWKIGWVLKWI,,,1,H7,4,dn,1.0
all_atom,dual,RLWKIGWVLKWI,,,1,H7,4,up,0.706
all_atom,dual,RLWKIGWVLKWI,,,1,H7,5,dn,1.0
all_atom,dual,RLWKIGWVLKWI,,,1,H7,5,up,0.314
all_atom,dual,RLWKIGWVLKWI,,,1,H8,1,dn,0.952
all_atom,dual,RLWKIGWVLKWI,,,1,H8,1,up,0.735
all_atom,dual,RLWKIGWVLKWI,,,1,H8,2,dn,0.958
all_atom,dual,RLWKIGWVLKWI,,,1,H8,2,up,0.192
all_atom,dual,RLWKIGWVLKWI,,,1,H8,3,dn,1.0
all_atom,dual,RLWKIGWVLKWI,,,1,H8,3,up,0.337
all_atom,dual,RLWKIGWVLKWI,,,1,H8,4,dn,1.0
all_atom,dual,RLWKIGWVLKWI,,,1,H8,4,up,0.703
all_atom,dual,RLWKIGWVLKWI,,,1,H8,5,dn,0.992
all_atom,dual,RLWKIGWVLKWI,,,1,H8,5,up,0.436
all_atom,dual,RLWKIGWVLKWI,,,1,H9,1,dn,0.914
all_atom,dual,RLWKIGWVLKWI,,,1,H9,1,up,0.274
all_atom,dual,RLWKIGWVLKWI,,,1,H9,2,dn,0.933
all_atom,dual,RLWKIGWVLKWI,,,1,H9,2,up,0.016
all_atom,dual,RLWKIGWVLKWI,,,1,H9,3,dn,1.0
all_atom,dual,RLWKIGWVLKWI,,,1,H9,3,up,0.23
all_atom,dual,RLWKIGWVLKWI,,,1,H9,4,dn,1.0
all_atom,dual,RLWKIGWVLKWI,,,1,H9,4,up,0.667
all_atom,dual,RLWKIGWVLKWI,,,1,H9,5,dn,0.99
all_atom,dual,RLWKIGWVLKWI,,,1,H9,5,up,0.436
all_atom,dual,RLWKIGWVLKWI,,,1,HM,1,dn,0.518
all_atom,dual,RLWKIGWVLKWI,,,1,HM,1,up,0.714
all_atom,dual,RLWKIGWVLKWI,,,1,HM,2,dn,0.63
all_atom,dual,RLWKIGWVLKWI,,,1,HM,2,up,0.5
all_atom,dual,RLWKIGWVLKWI,,,1,HM,3,dn,0.663
all_atom,dual,RLWKIGWVLKWI,,,1,HM,3,up,0.517
all_atom,dual,RLWKIGWVLKWI,,,1,HM,4,dn,0.66
all_atom,dual,RLWKIGWVLKWI,,,1,HM,4,up,0.635
all_atom,dual,RLWKIGWVLKWI,,,1,HM,5,dn,0.665
all_atom,dual,RLWKIGWVLKWI,,,1,HM,5,up,0.607
all_atom,dual,RLWKIGWVLKWI,,,1,PEPT_BUR_MAX,1,dn,3.73
all_atom,dual,RLWKIGWVLKWI,,,1,PEPT_BUR_MAX,1,up,7.0
all_atom,dual,RLWKIGWVLKWI,,,1,PEPT_BUR_MAX,2,dn,6.51
all_atom,dual,RLWKIGWVLKWI,,,1,PEPT_BUR_MAX,2,up,6.74
all_atom,dual,RLWKIGWVLKWI,,,1,PEPT_BUR_MAX,3,dn,6.24
all_atom,dual,RLWKIGWVLKWI,,,1,PEPT_BUR_MAX,3,up,6.8
all_atom,dual,RLWKIGWVLKWI,,,1,PEPT_BUR_MAX,4,dn,5.49
all_atom,dual,RLWKIGWVLKWI,,,1,PEPT_BUR_MAX,4,up,5.72
all_atom,dual,RLWKIGWVLKWI,,,1,PEPT_BUR_MAX,5,dn,4.75
all_atom,dual,RLWKIGWVLKWI,,,1,PEPT_BUR_MAX,5,up,5.68
all_atom,dual,RLWKIGWVLKWI,,,1,S,1,dn,0.649
all_atom,dual,RLWKIGWVLKWI,,,1,S,1,up,0.73
all_atom,dual,RLWKIGWVLKWI,,,1,S,2,dn,0.811
all_atom,dual,RLWKIGWVLKWI,,,1,S,2,up,0.841
all_atom,dual,RLWKIGWVLKWI,,,1,S,3,dn,0.833
all_atom,dual,RLWKIGWVLKWI,,,1,S,3,up,0.83
all_atom,dual,RLWKIGWVLKWI,,,1,S,4,dn,0.923
all_atom,dual,RLWKIGWVLKWI,,,1,S,4,up,0.84
all_atom,dual,RLWKIGWVLKWI,,,1,S,5,dn,0.956
all_atom,dual,RLWKIGWVLKWI,,,1,S,5,up,0.874
all_atom,dual,RLWKIGWVLKWI,,,1,WAT_BUR_MAX,1,dn,9.66
all_atom,dual,RLWKIGWVLKWI,,,1,WAT_BUR_MAX,1,up,10.49
all_atom,dual,RLWKIGWVLKWI,,,1,WAT_BUR_MAX,2,dn,9.27
all_atom,dual,RLWKIGWVLKWI,,,1,WAT_BUR_MAX,2,up,8.49
all_atom,dual,RLWKIGWVLKWI,,,1,WAT_BUR_MAX,3,dn,8.28
all_atom,dual,RLWKIGWVLKWI,,,1,WAT_BUR_MAX,3,up,8.43
all_atom,dual,RLWKIGWVLKWI,,,1,WAT_BUR_MAX,4,dn,8.28
all_atom,dual,RLWKIGWVLKWI,,,1,WAT_BUR_MAX,4,up,8.64
all_atom,dual,RLWKIGWVLKWI,,,1,WAT_BUR_MAX,5,dn,6.65
all_atom,dual,RLWKIGWVLKWI,,,1,WAT_BUR_MAX,5,up,9.5
all_atom,dual,RLWKIGWVLKWI,,,1,WAT_BUR_REL,1,dn,1.51
all_atom,dual,RLWKIGWVLKWI,,,1,WAT_BUR_REL,1,up,3.63
all_atom,dual,RLWKIGWVLKWI,,,1,WAT_BUR_REL,2,dn,2.78
all_atom,dual,RLWKIGWVLKWI,,,1,WAT_BUR_REL,2,up,3.02
all_atom,dual,RLWKIGWVLKWI,,,1,WAT_BUR_REL,3,dn,3.48
all_atom,dual,RLWKIGWVLKWI,,,1,WAT_BUR_REL,3,up,2.69
all_atom,dual,RLWKIGWVLKWI,,,1,WAT_BUR_REL,4,dn,3.86
all_atom,dual,RLWKIGWVLKWI,,,1,WAT_BUR_REL,4,up,2.98
all_atom,dual,RLWKIGWVLKWI,,,1,WAT_BUR_REL,5,dn,2.9
all_atom,dual,RLWKIGWVLKWI,,,1,WAT_BUR_REL,5,up,4.03
all_atom,dual,RLWKIGWVLKWI,,,1,ZP-0.5,1,dn,0.117
all_atom,dual,RLWKIGWVLKWI,,,1,ZP-0.5,1,up,0.109
all_atom,dual,RLWKIGWVLKWI,,,1,ZP-0.5,2,dn,0.136
all_atom,dual,RLWKIGWVLKWI,,,1,ZP-0.5,2,up,0.123
all_atom,dual,RLWKIGWVLKWI,,,1,ZP-0.5,3,dn,0.138
all_atom,dual,RLWKIGWVLKWI,,,1,ZP-0.5,3,up,0.133
all_atom,dual,RLWKIGWVLKWI,,,1,ZP-0.5,4,dn,0.134
all_atom,dual,RLWKIGWVLKWI,,,1,ZP-0.5,4,up,0.147
all_atom,dual,RLWKIGWVLKWI,,,1,ZP-0.5,5,dn,0.121
all_atom,dual,RLWKIGWVLKWI,,,1,ZP-0.5,5,up,0.153
all_atom,dual,RLWKIGWVLKWI,,,1,ZP-1.5,1,dn,0.148
all_atom,dual,RLWKIGWVLKWI,,,1,ZP-1.5,1,up,0.126
all_atom,dual,RLWKIGWVLKWI,,,1,ZP-1.5,2,dn,0.136
all_atom,dual,RLWKIGWVLKWI,,,1,ZP-1.5,2,up,0.146
all_atom,dual,RLWKIGWVLKWI,,,1,ZP-1.5,3,dn,0.121
all_atom,dual,RLWKIGWVLKWI,,,1,ZP-1.5,3,up,0.129
all_atom,dual,RLWKIGWVLKWI,,,1,ZP-1.5,4,dn,0.118
all_atom,dual,RLWKIGWVLKWI,,,1,ZP-1.5,4,up,0.136
all_atom,dual,RLWKIGWVLKWI,,,1,ZP-1.5,5,dn,0.135
all_atom,dual,RLWKIGWVLKWI,,,1,ZP-1.5,5,up,0.139
all_atom,dual,RLWKIGWVLKWI,,,1,ZP-2.5,1,dn,0.121
all_atom,dual,RLWKIGWVLKWI,,,1,ZP-2.5,1,up,0.112
all_atom,dual,RLWKIGWVLKWI,,,1,ZP-2.5,2,dn,0.122
all_atom,dual,RLWKIGWVLKWI,,,1,ZP-2.5,2,up,0.113
all_atom,dual,RLWKIGWVLKWI,,,1,ZP-2.5,3,dn,0.104
all_atom,dual,RLWKIGWVLKWI,,,1,ZP-2.5,3,up,0.11
all_atom,dual,RLWKIGWVLKWI,,,1,ZP-2.5,4,dn,0.109
all_atom,dual,RLWKIGWVLKWI,,,1,ZP-2.5,4,up,0.095
all_atom,dual,RLWKIGWVLKWI,,,1,ZP-2.5,5,dn,0.148
all_atom,dual,RLWKIGWVLKWI,,,1,ZP-2.5,5,up,0.113
all_atom,dual,RLWKIGWVLKWI,,,1,ZP-3.5,1,dn,0.111
all_atom,dual,RLWKIGWVLKWI,,,1,ZP-3.5,1,up,0.1
all_atom,dual,RLWKIGWVLKWI,,,1,ZP-3.5,2,dn,0.093
all_atom,dual,RLWKIGWVLKWI,,,1,ZP-3.5,2,up,0.077
all_atom,dual,RLWKIGWVLKWI,,,1,ZP-3.5,3,dn,0.088
all_atom,dual,RLWKIGWVLKWI,,,1,ZP-3.5,3,up,0.084
all_atom,dual,RLWKIGWVLKWI,,,1,ZP-3.5,4,dn,0.112
all_atom,dual,RLWKIGWVLKWI,,,1,ZP-3.5,4,up,0.09
all_atom,dual,RLWKIGWVLKWI,,,1,ZP-3.5,5,dn,0.108
all_atom,dual,RLWKIGWVLKWI,,,1,ZP-3.5,5,up,0.09
all_atom,dual,RLWKIGWVLKWI,,,1,ZP-4.5,1,dn,0.079
all_atom,dual,RLWKIGWVLKWI,,,1,ZP-4.5,1,up,0.086
all_atom,dual,RLWKIGWVLKWI,,,1,ZP-4.5,2,dn,0.057
all_atom,dual,RLWKIGWVLKWI,,,1,ZP-4.5,2,up,0.056
all_atom,dual,RLWKIGWVLKWI,,,1,ZP-4.5,3,dn,0.052
all_atom,dual,RLWKIGWVLKWI,,,1,ZP-4.5,3,up,0.063
all_atom,dual,RLWKIGWVLKWI,,,1,ZP-4.5,4,dn,0.072
all_atom,dual,RLWKIGWVLKWI,,,1,ZP-4.5,4,up,0.065
all_atom,dual,RLWKIGWVLKWI,,,1,ZP-4.5,5,dn,0.065
all_atom,dual,RLWKIGWVLKWI,,,1,ZP-4.5,5,up,0.048
all_atom,dual,RLWKIGWVLKWI,,,1,ZP-5.5,1,dn,0.04
all_atom,dual,RLWKIGWVLKWI,,,1,ZP-5.5,1,up,0.081
all_atom,dual,RLWKIGWVLKWI,,,1,ZP-5.5,2,dn,0.024
all_atom,dual,RLWKIGWVLKWI,,,1,ZP-5.5,2,up,0.021
all_atom,dual,RLWKIGWVLKWI,,,1,ZP-5.5,3,dn,0.034
all_atom,dual,RLWKIGWVLKWI,,,1,ZP-5.5,3,up,0.046
all_atom,dual,RLWKIGWVLKWI,,,1,ZP-5.5,4,dn,0.047
all_atom,dual,RLWKIGWVLKWI,,,1,ZP-5.5,4,up,0.031
all_atom,dual,RLWKIGWVLKWI,,,1,ZP-5.5,5,dn,0.042
all_atom,dual,RLWKIGWVLKWI,,,1,ZP-5.5,5,up,0.041
all_atom,dual,RLWKIGWVLKWI,,,1,ZP-6.5,1,dn,0.035
all_atom,dual,RLWKIGWVLKWI,,,1,ZP-6.5,1,up,0.033
all_atom,dual,RLWKIGWVLKWI,,,1,ZP-6.5,2,dn,0.008
all_atom,dual,RLWKIGWVLKWI,,,1,ZP-6.5,2,up,0.013
all_atom,dual,RLWKIGWVLKWI,,,1,ZP-6.5,3,dn,0.012
all_atom,dual,RLWKIGWVLKWI,,,1,ZP-6.5,3,up,0.02
all_atom,dual,RLWKIGWVLKWI,,,1,ZP-6.5,4,dn,0.025
all_atom,dual,RLWKIGWVLKWI,,,1,ZP-6.5,4,up,0.018
all_atom,dual,RLWKIGWVLKWI,,,1,ZP-6.5,5,dn,0.037
all_atom,dual,RLWKIGWVLKWI,,,1,ZP-6.5,5,up,0.028
all_atom,dual,RLWKIGWVLKWI,,,1,ZP-7.5,1,dn,0.014
all_atom,dual,RLWKIGWVLKWI,,,1,ZP-7.5,1,up,0.022
all_atom,dual,RLWKIGWVLKWI,,,1,ZP-7.5,2,dn,0.0
all_atom,dual,RLWKIGWVLKWI,,,1,ZP-7.5,2,up,0.012
all_atom,dual,RLWKIGWVLKWI,,,1,ZP-7.5,3,dn,0.008
all_atom,dual,RLWKIGWVLKWI,,,1,ZP-7.5,3,up,0.008
all_atom,dual,RLWKIGWVLKWI,,,1,ZP-7.5,4,dn,0.021
all_atom,dual,RLWKIGWVLKWI,,,1,ZP-7.5,4,up,0.011
all_atom,dual,RLWKIGWVLKWI,,,1,ZP-7.5,5,dn,0.02
all_atom,dual,RLWKIGWVLKWI,,,1,ZP-7.5,5,up,0.014
all_atom,dual,RLWKIGWVLKWI,,,1,ZP-8.5,1,dn,0.001
all_atom,dual,RLWKIGWVLKWI,,,1,ZP-8.5,1,up,0.013
all_atom,dual,RLWKIGWVLKWI,,,1,ZP-8.5,2,dn,0.0
all_atom,dual,RLWKIGWVLKWI,,,1,ZP-8.5,2,up,0.007
all_atom,dual,RLWKIGWVLKWI,,,1,ZP-8.5,3,dn,0.005
all_atom,dual,RLWKIGWVLKWI,,,1,ZP-8.5,3,up,0.012
all_atom,dual,RLWKIGWVLKWI,,,1,ZP-8.5,4,dn,0.006
all_atom,dual,RLWKIGWVLKWI,,,1,ZP-8.5,4,up,0.004
all_atom,dual,RLWKIGWVLKWI,,,1,ZP-8.5,5,dn,0.015
all_atom,dual,RLWKIGWVLKWI,,,1,ZP-8.5,5,up,0.008
all_atom,dual,RLWKIGWVLKWI,,,1,ZP-9.5,1,dn,0.0
all_atom,dual,RLWKIGWVLKWI,,,1,ZP-9.5,1,up,0.004
all_atom,dual,RLWKIGWVLKWI,,,1,ZP-9.5,2,dn,0.001
all_atom,dual,RLWKIGWVLKWI,,,1,ZP-9.5,2,up,0.0
all_atom,dual,RLWKIGWVLKWI,,,1,ZP-9.5,3,dn,0.0
all_atom,dual,RLWKIGWVLKWI,,,1,ZP-9.5,3,up,0.0
all_atom,dual,RLWKIGWVLKWI,,,1,ZP-9.5,4,dn,0.004
all_atom,dual,RLWKIGWVLKWI,,,1,ZP-9.5,4,up,0.001
all_atom,dual,RLWKIGWVLKWI,,,1,ZP-9.5,5,dn,0.006
all_atom,dual,RLWKIGWVLKWI,,,1,ZP-9.5,5,up,0.003
all_atom,dual,RLWKIGWVLKWI,,,1,ZP0.5,1,dn,0.117
all_atom,dual,RLWKIGWVLKWI,,,1,ZP0.5,1,up,0.113
all_atom,dual,RLWKIGWVLKWI,,,1,ZP0.5,2,dn,0.129
all_atom,dual,RLWKIGWVLKWI,,,1,ZP0.5,2,up,0.135
all_atom,dual,RLWKIGWVLKWI,,,1,ZP0.5,3,dn,0.123
all_atom,dual,RLWKIGWVLKWI,,,1,ZP0.5,3,up,0.123
all_atom,dual,RLWKIGWVLKWI,,,1,ZP0.5,4,dn,0.121
all_atom,dual,RLWKIGWVLKWI,,,1,ZP0.5,4,up,0.131
all_atom,dual,RLWKIGWVLKWI,,,1,ZP0.5,5,dn,0.104
all_atom,dual,RLWKIGWVLKWI,,,1,ZP0.5,5,up,0.124
all_atom,dual,RLWKIGWVLKWI,,,1,ZP1.5,1,dn,0.08
all_atom,dual,RLWKIGWVLKWI,,,1,ZP1.5,1,up,0.078
all_atom,dual,RLWKIGWVLKWI,,,1,ZP1.5,2,dn,0.094
all_atom,dual,RLWKIGWVLKWI,,,1,ZP1.5,2,up,0.121
all_atom,dual,RLWKIGWVLKWI,,,1,ZP1.5,3,dn,0.107
all_atom,dual,RLWKIGWVLKWI,,,1,ZP1.5,3,up,0.087
all_atom,dual,RLWKIGWVLKWI,,,1,ZP1.5,4,dn,0.105
all_atom,dual,RLWKIGWVLKWI,,,1,ZP1.5,4,up,0.105
all_atom,dual,RLWKIGWVLKWI,,,1,ZP1.5,5,dn,0.082
all_atom,dual,RLWKIGWVLKWI,,,1,ZP1.5,5,up,0.112
all_atom,dual,RLWKIGWVLKWI,,,1,ZP2.5,1,dn,0.059
all_atom,dual,RLWKIGWVLKWI,,,1,ZP2.5,1,up,0.059
all_atom,dual,RLWKIGWVLKWI,,,1,ZP2.5,2,dn,0.086
all_atom,dual,RLWKIGWVLKWI,,,1,ZP2.5,2,up,0.072
all_atom,dual,RLWKIGWVLKWI,,,1,ZP2.5,3,dn,0.088
all_atom,dual,RLWKIGWVLKWI,,,1,ZP2.5,3,up,0.067
all_atom,dual,RLWKIGWVLKWI,,,1,ZP2.5,4,dn,0.078
all_atom,dual,RLWKIGWVLKWI,,,1,ZP2.5,4,up,0.067
all_atom,dual,RLWKIGWVLKWI,,,1,ZP2.5,5,dn,0.053
all_atom,dual,RLWKIGWVLKWI,,,1,ZP2.5,5,up,0.066
all_atom,dual,RLWKIGWVLKWI,,,1,ZP3.5,1,dn,0.037
all_atom,dual,RLWKIGWVLKWI,,,1,ZP3.5,1,up,0.038
all_atom,dual,RLWKIGWVLKWI,,,1,ZP3.5,2,dn,0.051
all_atom,dual,RLWKIGWVLKWI,,,1,ZP3.5,2,up,0.061
all_atom,dual,RLWKIGWVLKWI,,,1,ZP3.5,3,dn,0.052
all_atom,dual,RLWKIGWVLKWI,,,1,ZP3.5,3,up,0.057
all_atom,dual,RLWKIGWVLKWI,,,1,ZP3.5,4,dn,0.024
all_atom,dual,RLWKIGWVLKWI,,,1,ZP3.5,4,up,0.055
all_atom,dual,RLWKIGWVLKWI,,,1,ZP3.5,5,dn,0.032
all_atom,dual,RLWKIGWVLKWI,,,1,ZP3.5,5,up,0.039
all_atom,dual,RLWKIGWVLKWI,,,1,ZP4.5,1,dn,0.024
all_atom,dual,RLWKIGWVLKWI,,,1,ZP4.5,1,up,0.017
all_atom,dual,RLWKIGWVLKWI,,,1,ZP4.5,2,dn,0.037
all_atom,dual,RLWKIGWVLKWI,,,1,ZP4.5,2,up,0.029
all_atom,dual,RLWKIGWVLKWI,,,1,ZP4.5,3,dn,0.031
all_atom,dual,RLWKIGWVLKWI,,,1,ZP4.5,3,up,0.028
all_atom,dual,RLWKIGWVLKWI,,,1,ZP4.5,4,dn,0.02
all_atom,dual,RLWKIGWVLKWI,,,1,ZP4.5,4,up,0.026
all_atom,dual,RLWKIGWVLKWI,,,1,ZP4.5,5,dn,0.015
all_atom,dual,RLWKIGWVLKWI,,,1,ZP4.5,5,up,0.011
all_atom,dual,RLWKIGWVLKWI,,,1,ZP5.5,1,dn,0.006
all_atom,dual,RLWKIGWVLKWI,,,1,ZP5.5,1,up,0.004
all_atom,dual,RLWKIGWVLKWI,,,1,ZP5.5,2,dn,0.013
all_atom,dual,RLWKIGWVLKWI,,,1,ZP5.5,2,up,0.011
all_atom,dual,RLWKIGWVLKWI,,,1,ZP5.5,3,dn,0.016
all_atom,dual,RLWKIGWVLKWI,,,1,ZP5.5,3,up,0.023
all_atom,dual,RLWKIGWVLKWI,,,1,ZP5.5,4,dn,0.006
all_atom,dual,RLWKIGWVLKWI,,,1,ZP5.5,4,up,0.01
all_atom,dual,RLWKIGWVLKWI,,,1,ZP5.5,5,dn,0.01
all_atom,dual,RLWKIGWVLKWI,,,1,ZP5.5,5,up,0.006
all_atom,dual,RLWKIGWVLKWI,,,1,ZP6.5,1,dn,0.006
all_atom,dual,RLWKIGWVLKWI,,,1,ZP6.5,1,up,0.003
all_atom,dual,RLWKIGWVLKWI,,,1,ZP6.5,2,dn,0.007
all_atom,dual,RLWKIGWVLKWI,,,1,ZP6.5,2,up,0.005
all_atom,dual,RLWKIGWVLKWI,,,1,ZP6.5,3,dn,0.015
all_atom,dual,RLWKIGWVLKWI,,,1,ZP6.5,3,up,0.003
all_atom,dual,RLWKIGWVLKWI,,,1,ZP6.5,4,dn,0.0
all_atom,dual,RLWKIGWVLKWI,,,1,ZP6.5,4,up,0.003
all_atom,dual,RLWKIGWVLKWI,,,1,ZP6.5,5,dn,0.005
all_atom,dual,RLWKIGWVLKWI,,,1,ZP6.5,5,up,0.007
all_atom,dual,RLWKIGWVLKWI,,,1,ZP7.5,1,dn,0.003
all_atom,dual,RLWKIGWVLKWI,,,1,ZP7.5,1,up,0.001
all_atom,dual,RLWKIGWVLKWI,,,1,ZP7.5,2,dn,0.004
all_atom,dual,RLWKIGWVLKWI,,,1,ZP7.5,2,up,0.0
all_atom,dual,RLWKIGWVLKWI,,,1,ZP7.5,3,dn,0.003
all_atom,dual,RLWKIGWVLKWI,,,1,ZP7.5,3,up,0.006
all_atom,dual,RLWKIGWVLKWI,,,1,ZP7.5,4,dn,0.0
all_atom,dual,RLWKIGWVLKWI,,,1,ZP7.5,4,up,0.001
all_atom,dual,RLWKIGWVLKWI,,,1,ZP7.5,5,dn,0.002
all_atom,dual,RLWKIGWVLKWI,,,1,ZP7.5,5,up,0.0
all_atom,dual,RLWKIGWVLKWI,,,1,ZP8.5,1,dn,0.0
all_atom,dual,RLWKIGWVLKWI,,,1,ZP8.5,1,up,0.001
all_atom,dual,RLWKIGWVLKWI,,,1,ZP8.5,2,dn,0.0
all_atom,dual,RLWKIGWVLKWI,,,1,ZP8.5,2,up,0.0
all_atom,dual,RLWKIGWVLKWI,,,1,ZP8.5,3,dn,0.001
all_atom,dual,RLWKIGWVLKWI,,,1,ZP8.5,3,up,0.002
all_atom,dual,RLWKIGWVLKWI,,,1,ZP8.5,4,dn,0.0
all_atom,dual,RLWKIGWVLKWI,,,1,ZP8.5,4,up,0.003
all_atom,dual,RLWKIGWVLKWI,,,1,ZP8.5,5,dn,0.001
all_atom,dual,RLWKIGWVLKWI,,,1,ZP8.5,5,up,0.0
all_atom,dual,RLWKIGWVLKWI,,,1,ZP9.5,1,dn,0.001
all_atom,dual,RLWKIGWVLKWI,,,1,ZP9.5,1,up,0.0
all_atom,dual,RLWKIGWVLKWI,,,1,ZP9.5,2,dn,0.0
all_atom,dual,RLWKIGWVLKWI,,,1,ZP9.5,2,up,0.0
all_atom,dual,RLWKIGWVLKWI,,,1,ZP9.5,3,dn,0.0
all_atom,dual,RLWKIGWVLKWI,,,1,ZP9.5,3,up,0.0
all_atom,dual,RLWKIGWVLKWI,,,1,ZP9.5,4,dn,0.0
all_atom,dual,RLWKIGWVLKWI,,,1,ZP9.5,4,up,0.0
all_atom,dual,RLWKIGWVLKWI,,,1,ZP9.5,5,dn,0.0
all_atom,dual,RLWKIGWVLKWI,,,1,ZP9.5,5,up,0.0
all_atom,dual,SKVGRHGRRFGHRAHRKL,,,0,APLA12.5,1,dn,58.188
all_atom,dual,SKVGRHGRRFGHRAHRKL,,,0,APLA12.5,1,up,59.123
all_atom,dual,SKVGRHGRRFGHRAHRKL,,,0,APLA12.5,2,dn,60.196
all_atom,dual,SKVGRHGRRFGHRAHRKL,,,0,APLA12.5,2,up,58.862
all_atom,dual,SKVGRHGRRFGHRAHRKL,,,0,APLA12.5,3,dn,59.488
all_atom,dual,SKVGRHGRRFGHRAHRKL,,,0,APLA12.5,3,up,60.029
all_atom,dual,SKVGRHGRRFGHRAHRKL,,,0,APLA12.5,4,dn,59.92
all_atom,dual,SKVGRHGRRFGHRAHRKL,,,0,APLA12.5,4,up,57.626
all_atom,dual,SKVGRHGRRFGHRAHRKL,,,0,APLA12.5,5,dn,59.943
all_atom,dual,SKVGRHGRRFGHRAHRKL,,,0,APLA12.5,5,up,60.544
all_atom,dual,SKVGRHGRRFGHRAHRKL,,,0,APLA17.5,1,dn,59.089
all_atom,dual,SKVGRHGRRFGHRAHRKL,,,0,APLA17.5,1,up,59.881
all_atom,dual,SKVGRHGRRFGHRAHRKL,,,0,APLA17.5,2,dn,58.089
all_atom,dual,SKVGRHGRRFGHRAHRKL,,,0,APLA17.5,2,up,59.457
all_atom,dual,SKVGRHGRRFGHRAHRKL,,,0,APLA17.5,3,dn,59.693
all_atom,dual,SKVGRHGRRFGHRAHRKL,,,0,APLA17.5,3,up,57.829
all_atom,dual,SKVGRHGRRFGHRAHRKL,,,0,APLA17.5,4,dn,60.405
all_atom,dual,SKVGRHGRRFGHRAHRKL,,,0,APLA17.5,4,up,57.584
all_atom,dual,SKVGRHGRRFGHRAHRKL,,,0,APLA17.5,5,dn,59.776
all_atom,dual,SKVGRHGRRFGHRAHRKL,,,0,APLA17.5,5,up,59.181
all_atom,dual,SKVGRHGRRFGHRAHRKL,,,0,APLA2.5,1,dn,72.399
all_atom,dual,SKVGRHGRRFGHRAHRKL,,,0,APLA2.5,1,up,74.083
all_atom,dual,SKVGRHGRRFGHRAHRKL,,,0,APLA2.5,2,dn,77.615
all_atom,dual,SKVGRHGRRFGHRAHRKL,,,0,APLA2.5,2,up,75.241
all_atom,dual,SKVGRHGRRFGHRAHRKL,,,0,APLA2.5,3,dn,74.426
all_atom,dual,SKVGRHGRRFGHRAHRKL,,,0,APLA2.5,3,up,77.629
all_atom,dual,SKVGRHGRRFGHRAHRKL,,,0,APLA2.5,4,dn,77.625
all_atom,dual,SKVGRHGRRFGHRAHRKL,,,0,APLA2.5,4,up,80.24
all_atom,dual,SKVGRHGRRFGHRAHRKL,,,0,APLA2.5,5,dn,77.117
all_atom,dual,SKVGRHGRRFGHRAHRKL,,,0,APLA2.5,5,up,75.673
all_atom,dual,SKVGRHGRRFGHRAHRKL,,,0,APLA7.5,1,dn,59.515
all_atom,dual,SKVGRHGRRFGHRAHRKL,,,0,APLA7.5,1,up,57.517
all_atom,dual,SKVGRHGRRFGHRAHRKL,,,0,APLA7.5,2,dn,62.987
all_atom,dual,SKVGRHGRRFGHRAHRKL,,,0,APLA7.5,2,up,57.753
all_atom,dual,SKVGRHGRRFGHRAHRKL,,,0,APLA7.5,3,dn,60.039
all_atom,dual,SKVGRHGRRFGHRAHRKL,,,0,APLA7.5,3,up,62.289
all_atom,dual,SKVGRHGRRFGHRAHRKL,,,0,APLA7.5,4,dn,60.382
all_atom,dual,SKVGRHGRRFGHRAHRKL,,,0,APLA7.5,4,up,62.566
all_atom,dual,SKVGRHGRRFGHRAHRKL,,,0,APLA7.5,5,dn,59.253
all_atom,dual,SKVGRHGRRFGHRAHRKL,,,0,APLA7.5,5,up,60.251
all_atom,dual,SKVGRHGRRFGHRAHRKL,,,0,APLS12.5,1,dn,3.773
all_atom,dual,SKVGRHGRRFGHRAHRKL,,,0,APLS12.5,1,up,3.441
all_atom,dual,SKVGRHGRRFGHRAHRKL,,,0,APLS12.5,2,dn,4.443
all_atom,dual,SKVGRHGRRFGHRAHRKL,,,0,APLS12.5,2,up,3.771
all_atom,dual,SKVGRHGRRFGHRAHRKL,,,0,APLS12.5,3,dn,4.2
all_atom,dual,SKVGRHGRRFGHRAHRKL,,,0,APLS12.5,3,up,3.721
all_atom,dual,SKVGRHGRRFGHRAHRKL,,,0,APLS12.5,4,dn,4.267
all_atom,dual,SKVGRHGRRFGHRAHRKL,,,0,APLS12.5,4,up,5.533
all_atom,dual,SKVGRHGRRFGHRAHRKL,,,0,APLS12.5,5,dn,3.968
all_atom,dual,SKVGRHGRRFGHRAHRKL,,,0,APLS12.5,5,up,4.413
all_atom,dual,SKVGRHGRRFGHRAHRKL,,,0,APLS17.5,1,dn,3.804
all_atom,dual,SKVGRHGRRFGHRAHRKL,,,0,APLS17.5,1,up,3.669
all_atom,dual,SKVGRHGRRFGHRAHRKL,,,0,APLS17.5,2,dn,3.438
all_atom,dual,SKVGRHGRRFGHRAHRKL,,,0,APLS17.5,2,up,3.524
all_atom,dual,SKVGRHGRRFGHRAHRKL,,,0,APLS17.5,3,dn,3.955
all_atom,dual,SKVGRHGRRFGHRAHRKL,,,0,APLS17.5,3,up,3.985
all_atom,dual,SKVGRHGRRFGHRAHRKL,,,0,APLS17.5,4,dn,3.793
all_atom,dual,SKVGRHGRRFGHRAHRKL,,,0,APLS17.5,4,up,4.361
all_atom,dual,SKVGRHGRRFGHRAHRKL,,,0,APLS17.5,5,dn,3.126
all_atom,dual,SKVGRHGRRFGHRAHRKL,,,0,APLS17.5,5,up,4.381
all_atom,dual,SKVGRHGRRFGHRAHRKL,,,0,APLS2.5,1,dn,7.045
all_atom,dual,SKVGRHGRRFGHRAHRKL,,,0,APLS2.5,1,up,5.104
all_atom,dual,SKVGRHGRRFGHRAHRKL,,,0,APLS2.5,2,dn,6.167
all_atom,dual,SKVGRHGRRFGHRAHRKL,,,0,APLS2.5,2,up,6.909
all_atom,dual,SKVGRHGRRFGHRAHRKL,,,0,APLS2.5,3,dn,5.347
all_atom,dual,SKVGRHGRRFGHRAHRKL,,,0,APLS2.5,3,up,6.718
all_atom,dual,SKVGRHGRRFGHRAHRKL,,,0,APLS2.5,4,dn,5.51
all_atom,dual,SKVGRHGRRFGHRAHRKL,,,0,APLS2.5,4,up,8.889
all_atom,dual,SKVGRHGRRFGHRAHRKL,,,0,APLS2.5,5,dn,6.599
all_atom,dual,SKVGRHGRRFGHRAHRKL,,,0,APLS2.5,5,up,6.165
all_atom,dual,SKVGRHGRRFGHRAHRKL,,,0,APLS7.5,1,dn,5.374
all_atom,dual,SKVGRHGRRFGHRAHRKL,,,0,APLS7.5,1,up,4.335
all_atom,dual,SKVGRHGRRFGHRAHRKL,,,0,APLS7.5,2,dn,5.822
all_atom,dual,SKVGRHGRRFGHRAHRKL,,,0,APLS7.5,2,up,4.627
all_atom,dual,SKVGRHGRRFGHRAHRKL,,,0,APLS7.5,3,dn,4.424
all_atom,dual,SKVGRHGRRFGHRAHRKL,,,0,APLS7.5,3,up,5.257
all_atom,dual,SKVGRHGRRFGHRAHRKL,,,0,APLS7.5,4,dn,6.089
all_atom,dual,SKVGRHGRRFGHRAHRKL,,,0,APLS7.5,4,up,6.241
all_atom,dual,SKVGRHGRRFGHRAHRKL,,,0,APLS7.5,5,dn,6.042
all_atom,dual,SKVGRHGRRFGHRAHRKL,,,0,APLS7.5,5,up,5.942
all_atom,dual,SKVGRHGRRFGHRAHRKL,,,0,H0,1,dn,0.0
all_atom,dual,SKVGRHGRRFGHRAHRKL,,,0,H0,1,up,0.0
all_atom,dual,SKVGRHGRRFGHRAHRKL,,,0,H0,2,dn,0.0
all_atom,dual,SKVGRHGRRFGHRAHRKL,,,0,H0,2,up,0.0
all_atom,dual,SKVGRHGRRFGHRAHRKL,,,0,H0,3,dn,0.0
all_atom,dual,SKVGRHGRRFGHRAHRKL,,,0,H0,3,up,0.0
all_atom,dual,SKVGRHGRRFGHRAHRKL,,,0,H0,4,dn,0.0
all_atom,dual,SKVGRHGRRFGHRAHRKL,,,0,H0,4,up,0.0
all_atom,dual,SKVGRHGRRFGHRAHRKL,,,0,H0,5,dn,0.0
all_atom,dual,SKVGRHGRRFGHRAHRKL,,,0,H0,5,up,0.0
all_atom,dual,SKVGRHGRRFGHRAHRKL,,,0,H1,1,dn,0.92
all_atom,dual,SKVGRHGRRFGHRAHRKL,,,0,H1,1,up,0.724
all_atom,dual,SKVGRHGRRFGHRAHRKL,,,0,H1,2,dn,0.912
all_atom,dual,SKVGRHGRRFGHRAHRKL,,,0,H1,2,up,0.675
all_atom,dual,SKVGRHGRRFGHRAHRKL,,,0,H1,3,dn,0.733
all_atom,dual,SKVGRHGRRFGHRAHRKL,,,0,H1,3,up,0.752
all_atom,dual,SKVGRHGRRFGHRAHRKL,,,0,H1,4,dn,0.914
all_atom,dual,SKVGRHGRRFGHRAHRKL,,,0,H1,4,up,0.984
all_atom,dual,SKVGRHGRRFGHRAHRKL,,,0,H1,5,dn,0.984
all_atom,dual,SKVGRHGRRFGHRAHRKL,,,0,H1,5,up,0.997
all_atom,dual,SKVGRHGRRFGHRAHRKL,,,0,H10,1,dn,0.0
all_atom,dual,SKVGRHGRRFGHRAHRKL,,,0,H10,1,up,0.0
all_atom,dual,SKVGRHGRRFGHRAHRKL,,,0,H10,2,dn,0.0
all_atom,dual,SKVGRHGRRFGHRAHRKL,,,0,H10,2,up,0.0
all_atom,dual,SKVGRHGRRFGHRAHRKL,,,0,H10,3,dn,0.0
all_atom,dual,SKVGRHGRRFGHRAHRKL,,,0,H10,3,up,0.0
all_atom,dual,SKVGRHGRRFGHRAHRKL,,,0,H10,4,dn,0.0
all_atom,dual,SKVGRHGRRFGHRAHRKL,,,0,H10,4,up,0.0
all_atom,dual,SKVGRHGRRFGHRAHRKL,,,0,H10,5,dn,0.0
all_atom,dual,SKVGRHGRRFGHRAHRKL,,,0,H10,5,up,0.0
all_atom,dual,SKVGRHGRRFGHRAHRKL,,,0,H2,1,dn,1.0
all_atom,dual,SKVGRHGRRFGHRAHRKL,,,0,H2,1,up,1.0
all_atom,dual,SKVGRHGRRFGHRAHRKL,,,0,H2,2,dn,0.988
all_atom,dual,SKVGRHGRRFGHRAHRKL,,,0,H2,2,up,1.0
all_atom,dual,SKVGRHGRRFGHRAHRKL,,,0,H2,3,dn,1.0
all_atom,dual,SKVGRHGRRFGHRAHRKL,,,0,H2,3,up,1.0
all_atom,dual,SKVGRHGRRFGHRAHRKL,,,0,H2,4,dn,1.0
all_atom,dual,SKVGRHGRRFGHRAHRKL,,,0,H2,4,up,0.994
all_atom,dual,SKVGRHGRRFGHRAHRKL,,,0,H2,5,dn,1.0
all_atom,dual,SKVGRHGRRFGHRAHRKL,,,0,H2,5,up,1.0
all_atom,dual,SKVGRHGRRFGHRAHRKL,,,0,H3,1,dn,1.0
all_atom,dual,SKVGRHGRRFGHRAHRKL,,,0,H3,1,up,1.0
all_atom,dual,SKVGRHGRRFGHRAHRKL,,,0,H3,2,dn,1.0
all_atom,dual,SKVGRHGRRFGHRAHRKL,,,0,H3,2,up,1.0
all_atom,dual,SKVGRHGRRFGHRAHRKL,,,0,H3,3,dn,1.0
all_atom,dual,SKVGRHGRRFGHRAHRKL,,,0,H3,3,up,1.0
all_atom,dual,SKVGRHGRRFGHRAHRKL,,,0,H3,4,dn,1.0
all_atom,dual,SKVGRHGRRFGHRAHRKL,,,0,H3,4,up,1.0
all_atom,dual,SKVGRHGRRFGHRAHRKL,,,0,H3,5,dn,1.0
all_atom,dual,SKVGRHGRRFGHRAHRKL,,,0,H3,5,up,1.0
all_atom,dual,SKVGRHGRRFGHRAHRKL,,,0,H4,1,dn,1.0
all_atom,dual,SKVGRHGRRFGHRAHRKL,,,0,H4,1,up,1.0
all_atom,dual,SKVGRHGRRFGHRAHRKL,,,0,H4,2,dn,1.0
all_atom,dual,SKVGRHGRRFGHRAHRKL,,,0,H4,2,up,1.0
all_atom,dual,SKVGRHGRRFGHRAHRKL,,,0,H4,3,dn,1.0
all_atom,dual,SKVGRHGRRFGHRAHRKL,,,0,H4,3,up,1.0
all_atom,dual,SKVGRHGRRFGHRAHRKL,,,0,H4,4,dn,1.0
all_atom,dual,SKVGRHGRRFGHRAHRKL,,,0,H4,4,up,1.0
all_atom,dual,SKVGRHGRRFGHRAHRKL,,,0,H4,5,dn,1.0
all_atom,dual,SKVGRHGRRFGHRAHRKL,,,0,H4,5,up,1.0
all_atom,dual,SKVGRHGRRFGHRAHRKL,,,0,H5,1,dn,1.0
all_atom,dual,SKVGRHGRRFGHRAHRKL,,,0,H5,1,up,1.0
all_atom,dual,SKVGRHGRRFGHRAHRKL,,,0,H5,2,dn,1.0
all_atom,dual,SKVGRHGRRFGHRAHRKL,,,0,H5,2,up,1.0
all_atom,dual,SKVGRHGRRFGHRAHRKL,,,0,H5,3,dn,1.0
all_atom,dual,SKVGRHGRRFGHRAHRKL,,,0,H5,3,up,1.0
all_atom,dual,SKVGRHGRRFGHRAHRKL,,,0,H5,4,dn,1.0
all_atom,dual,SKVGRHGRRFGHRAHRKL,,,0,H5,4,up,1.0
all_atom,dual,SKVGRHGRRFGHRAHRKL,,,0,H5,5,dn,1.0
all_atom,dual,SKVGRHGRRFGHRAHRKL,,,0,H5,5,up,1.0
all_atom,dual,SKVGRHGRRFGHRAHRKL,,,0,H6,1,dn,1.0
all_atom,dual,SKVGRHGRRFGHRAHRKL,,,0,H6,1,up,1.0
all_atom,dual,SKVGRHGRRFGHRAHRKL,,,0,H6,2,dn,1.0
all_atom,dual,SKVGRHGRRFGHRAHRKL,,,0,H6,2,up,1.0
all_atom,dual,SKVGRHGRRFGHRAHRKL,,,0,H6,3,dn,1.0
all_atom,dual,SKVGRHGRRFGHRAHRKL,,,0,H6,3,up,1.0
all_atom,dual,SKVGRHGRRFGHRAHRKL,,,0,H6,4,dn,1.0
all_atom,dual,SKVGRHGRRFGHRAHRKL,,,0,H6,4,up,1.0
all_atom,dual,SKVGRHGRRFGHRAHRKL,,,0,H6,5,dn,1.0
all_atom,dual,SKVGRHGRRFGHRAHRKL,,,0,H6,5,up,1.0
all_atom,dual,SKVGRHGRRFGHRAHRKL,,,0,H7,1,dn,1.0
all_atom,dual,SKVGRHGRRFGHRAHRKL,,,0,H7,1,up,1.0
all_atom,dual,SKVGRHGRRFGHRAHRKL,,,0,H7,2,dn,1.0
all_atom,dual,SKVGRHGRRFGHRAHRKL,,,0,H7,2,up,1.0
all_atom,dual,SKVGRHGRRFGHRAHRKL,,,0,H7,3,dn,1.0
all_atom,dual,SKVGRHGRRFGHRAHRKL,,,0,H7,3,up,1.0
all_atom,dual,SKVGRHGRRFGHRAHRKL,,,0,H7,4,dn,1.0
all_atom,dual,SKVGRHGRRFGHRAHRKL,,,0,H7,4,up,1.0
all_atom,dual,SKVGRHGRRFGHRAHRKL,,,0,H7,5,dn,1.0
all_atom,dual,SKVGRHGRRFGHRAHRKL,,,0,H7,5,up,1.0
all_atom,dual,SKVGRHGRRFGHRAHRKL,,,0,H8,1,dn,1.0
all_atom,dual,SKVGRHGRRFGHRAHRKL,,,0,H8,1,up,1.0
all_atom,dual,SKVGRHGRRFGHRAHRKL,,,0,H8,2,dn,1.0
all_atom,dual,SKVGRHGRRFGHRAHRKL,,,0,H8,2,up,1.0
all_atom,dual,SKVGRHGRRFGHRAHRKL,,,0,H8,3,dn,1.0
all_atom,dual,SKVGRHGRRFGHRAHRKL,,,0,H8,3,up,1.0
all_atom,dual,SKVGRHGRRFGHRAHRKL,,,0,H8,4,dn,1.0
all_atom,dual,SKVGRHGRRFGHRAHRKL,,,0,H8,4,up,1.0
all_atom,dual,SKVGRHGRRFGHRAHRKL,,,0,H8,5,dn,1.0
all_atom,dual,SKVGRHGRRFGHRAHRKL,,,0,H8,5,up,1.0
all_atom,dual,SKVGRHGRRFGHRAHRKL,,,0,H9,1,dn,0.974
all_atom,dual,SKVGRHGRRFGHRAHRKL,,,0,H9,1,up,0.991
all_atom,dual,SKVGRHGRRFGHRAHRKL,,,0,H9,2,dn,0.936
all_atom,dual,SKVGRHGRRFGHRAHRKL,,,0,H9,2,up,0.974
all_atom,dual,SKVGRHGRRFGHRAHRKL,,,0,H9,3,dn,0.952
all_atom,dual,SKVGRHGRRFGHRAHRKL,,,0,H9,3,up,0.994
all_atom,dual,SKVGRHGRRFGHRAHRKL,,,0,H9,4,dn,0.971
all_atom,dual,SKVGRHGRRFGHRAHRKL,,,0,H9,4,up,0.987
all_atom,dual,SKVGRHGRRFGHRAHRKL,,,0,H9,5,dn,0.968
all_atom,dual,SKVGRHGRRFGHRAHRKL,,,0,H9,5,up,0.984
all_atom,dual,SKVGRHGRRFGHRAHRKL,,,0,HM,1,dn,0.871
all_atom,dual,SKVGRHGRRFGHRAHRKL,,,0,HM,1,up,0.836
all_atom,dual,SKVGRHGRRFGHRAHRKL,,,0,HM,2,dn,0.865
all_atom,dual,SKVGRHGRRFGHRAHRKL,,,0,HM,2,up,0.828
all_atom,dual,SKVGRHGRRFGHRAHRKL,,,0,HM,3,dn,0.833
all_atom,dual,SKVGRHGRRFGHRAHRKL,,,0,HM,3,up,0.843
all_atom,dual,SKVGRHGRRFGHRAHRKL,,,0,HM,4,dn,0.869
all_atom,dual,SKVGRHGRRFGHRAHRKL,,,0,HM,4,up,0.884
all_atom,dual,SKVGRHGRRFGHRAHRKL,,,0,HM,5,dn,0.882
all_atom,dual,SKVGRHGRRFGHRAHRKL,,,0,HM,5,up,0.886
all_atom,dual,SKVGRHGRRFGHRAHRKL,,,0,PEPT_BUR_MAX,1,dn,8.62
all_atom,dual,SKVGRHGRRFGHRAHRKL,,,0,PEPT_BUR_MAX,1,up,7.87
all_atom,dual,SKVGRHGRRFGHRAHRKL,,,0,PEPT_BUR_MAX,2,dn,7.84
all_atom,dual,SKVGRHGRRFGHRAHRKL,,,0,PEPT_BUR_MAX,2,up,8.95
all_atom,dual,SKVGRHGRRFGHRAHRKL,,,0,PEPT_BUR_MAX,3,dn,5.78
all_atom,dual,SKVGRHGRRFGHRAHRKL,,,0,PEPT_BUR_MAX,3,up,8.17
all_atom,dual,SKVGRHGRRFGHRAHRKL,,,0,PEPT_BUR_MAX,4,dn,6.88
all_atom,dual,SKVGRHGRRFGHRAHRKL,,,0,PEPT_BUR_MAX,4,up,7.43
all_atom,dual,SKVGRHGRRFGHRAHRKL,,,0,PEPT_BUR_MAX,5,dn,8.73
all_atom,dual,SKVGRHGRRFGHRAHRKL,,,0,PEPT_BUR_MAX,5,up,5.05
all_atom,dual,SKVGRHGRRFGHRAHRKL,,,0,S,1,dn,0.787
all_atom,dual,SKVGRHGRRFGHRAHRKL,,,0,S,1,up,0.717
all_atom,dual,SKVGRHGRRFGHRAHRKL,,,0,S,2,dn,0.766
all_atom,dual,SKVGRHGRRFGHRAHRKL,,,0,S,2,up,0.729
all_atom,dual,SKVGRHGRRFGHRAHRKL,,,0,S,3,dn,0.836
all_atom,dual,SKVGRHGRRFGHRAHRKL,,,0,S,3,up,0.688
all_atom,dual,SKVGRHGRRFGHRAHRKL,,,0,S,4,dn,0.789
all_atom,dual,SKVGRHGRRFGHRAHRKL,,,0,S,4,up,0.625
all_atom,dual,SKVGRHGRRFGHRAHRKL,,,0,S,5,dn,0.816
all_atom,dual,SKVGRHGRRFGHRAHRKL,,,0,S,5,up,0.859
all_atom,dual,SKVGRHGRRFGHRAHRKL,,,0,WAT_BUR_MAX,1,dn,9.52
all_atom,dual,SKVGRHGRRFGHRAHRKL,,,0,WAT_BUR_MAX,1,up,9.64
all_atom,dual,SKVGRHGRRFGHRAHRKL,,,0,WAT_BUR_MAX,2,dn,9.04
all_atom,dual,SKVGRHGRRFGHRAHRKL,,,0,WAT_BUR_MAX,2,up,10.36
all_atom,dual,SKVGRHGRRFGHRAHRKL,,,0,WAT_BUR_MAX,3,dn,9.09
all_atom,dual,SKVGRHGRRFGHRAHRKL,,,0,WAT_BUR_MAX,3,up,9.87
all_atom,dual,SKVGRHGRRFGHRAHRKL,,,0,WAT_BUR_MAX,4,dn,8.41
all_atom,dual,SKVGRHGRRFGHRAHRKL,,,0,WAT_BUR_MAX,4,up,9.09
all_atom,dual,SKVGRHGRRFGHRAHRKL,,,0,WAT_BUR_MAX,5,dn,9.53
all_atom,dual,SKVGRHGRRFGHRAHRKL,,,0,WAT_BUR_MAX,5,up,6.69
all_atom,dual,SKVGRHGRRFGHRAHRKL,,,0,WAT_BUR_REL,1,dn,1.36
all_atom,dual,SKVGRHGRRFGHRAHRKL,,,0,WAT_BUR_REL,1,up,1.62
all_atom,dual,SKVGRHGRRFGHRAHRKL,,,0,WAT_BUR_REL,2,dn,2.24
all_atom,dual,SKVGRHGRRFGHRAHRKL,,,0,WAT_BUR_REL,2,up,2.18
all_atom,dual,SKVGRHGRRFGHRAHRKL,,,0,WAT_BUR_REL,3,dn,2.02
all_atom,dual,SKVGRHGRRFGHRAHRKL,,,0,WAT_BUR_REL,3,up,2.03
all_atom,dual,SKVGRHGRRFGHRAHRKL,,,0,WAT_BUR_REL,4,dn,1.42
all_atom,dual,SKVGRHGRRFGHRAHRKL,,,0,WAT_BUR_REL,4,up,2.56
all_atom,dual,SKVGRHGRRFGHRAHRKL,,,0,WAT_BUR_REL,5,dn,1.99
all_atom,dual,SKVGRHGRRFGHRAHRKL,,,0,WAT_BUR_REL,5,up,3.07
all_atom,dual,SKVGRHGRRFGHRAHRKL,,,0,ZP-0.5,1,dn,0.112
all_atom,dual,SKVGRHGRRFGHRAHRKL,,,0,ZP-0.5,1,up,0.12
all_atom,dual,SKVGRHGRRFGHRAHRKL,,,0,ZP-0.5,2,dn,0.146
all_atom,dual,SKVGRHGRRFGHRAHRKL,,,0,ZP-0.5,2,up,0.126
all_atom,dual,SKVGRHGRRFGHRAHRKL,,,0,ZP-0.5,3,dn,0.168
all_atom,dual,SKVGRHGRRFGHRAHRKL,,,0,ZP-0.5,3,up,0.125
all_atom,dual,SKVGRHGRRFGHRAHRKL,,,0,ZP-0.5,4,dn,0.112
all_atom,dual,SKVGRHGRRFGHRAHRKL,,,0,ZP-0.5,4,up,0.12
all_atom,dual,SKVGRHGRRFGHRAHRKL,,,0,ZP-0.5,5,dn,0.142
all_atom,dual,SKVGRHGRRFGHRAHRKL,,,0,ZP-0.5,5,up,0.125
all_atom,dual,SKVGRHGRRFGHRAHRKL,,,0,ZP-1.5,1,dn,0.106
all_atom,dual,SKVGRHGRRFGHRAHRKL,,,0,ZP-1.5,1,up,0.127
all_atom,dual,SKVGRHGRRFGHRAHRKL,,,0,ZP-1.5,2,dn,0.13
all_atom,dual,SKVGRHGRRFGHRAHRKL,,,0,ZP-1.5,2,up,0.116
all_atom,dual,SKVGRHGRRFGHRAHRKL,,,0,ZP-1.5,3,dn,0.13
all_atom,dual,SKVGRHGRRFGHRAHRKL,,,0,ZP-1.5,3,up,0.109
all_atom,dual,SKVGRHGRRFGHRAHRKL,,,0,ZP-1.5,4,dn,0.088
all_atom,dual,SKVGRHGRRFGHRAHRKL,,,0,ZP-1.5,4,up,0.099
all_atom,dual,SKVGRHGRRFGHRAHRKL,,,0,ZP-1.5,5,dn,0.107
all_atom,dual,SKVGRHGRRFGHRAHRKL,,,0,ZP-1.5,5,up,0.137
all_atom,dual,SKVGRHGRRFGHRAHRKL,,,0,ZP-2.5,1,dn,0.1
all_atom,dual,SKVGRHGRRFGHRAHRKL,,,0,ZP-2.5,1,up,0.11
all_atom,dual,SKVGRHGRRFGHRAHRKL,,,0,ZP-2.5,2,dn,0.098
all_atom,dual,SKVGRHGRRFGHRAHRKL,,,0,ZP-2.5,2,up,0.085
all_atom,dual,SKVGRHGRRFGHRAHRKL,,,0,ZP-2.5,3,dn,0.11
all_atom,dual,SKVGRHGRRFGHRAHRKL,,,0,ZP-2.5,3,up,0.09
all_atom,dual,SKVGRHGRRFGHRAHRKL,,,0,ZP-2.5,4,dn,0.083
all_atom,dual,SKVGRHGRRFGHRAHRKL,,,0,ZP-2.5,4,up,0.074
all_atom,dual,SKVGRHGRRFGHRAHRKL,,,0,ZP-2.5,5,dn,0.086
all_atom,dual,SKVGRHGRRFGHRAHRKL,,,0,ZP-2.5,5,up,0.112
all_atom,dual,SKVGRHGRRFGHRAHRKL,,,0,ZP-3.5,1,dn,0.085
all_atom,dual,SKVGRHGRRFGHRAHRKL,,,0,ZP-3.5,1,up,0.101
all_atom,dual,SKVGRHGRRFGHRAHRKL,,,0,ZP-3.5,2,dn,0.052
all_atom,dual,SKVGRHGRRFGHRAHRKL,,,0,ZP-3.5,2,up,0.078
all_atom,dual,SKVGRHGRRFGHRAHRKL,,,0,ZP-3.5,3,dn,0.097
all_atom,dual,SKVGRHGRRFGHRAHRKL,,,0,ZP-3.5,3,up,0.048
all_atom,dual,SKVGRHGRRFGHRAHRKL,,,0,ZP-3.5,4,dn,0.075
all_atom,dual,SKVGRHGRRFGHRAHRKL,,,0,ZP-3.5,4,up,0.047
all_atom,dual,SKVGRHGRRFGHRAHRKL,,,0,ZP-3.5,5,dn,0.052
all_atom,dual,SKVGRHGRRFGHRAHRKL,,,0,ZP-3.5,5,up,0.094
all_atom,dual,SKVGRHGRRFGHRAHRKL,,,0,ZP-4.5,1,dn,0.066
all_atom,dual,SKVGRHGRRFGHRAHRKL,,,0,ZP-4.5,1,up,0.073
all_atom,dual,SKVGRHGRRFGHRAHRKL,,,0,ZP-4.5,2,dn,0.027
all_atom,dual,SKVGRHGRRFGHRAHRKL,,,0,ZP-4.5,2,up,0.055
all_atom,dual,SKVGRHGRRFGHRAHRKL,,,0,ZP-4.5,3,dn,0.043
all_atom,dual,SKVGRHGRRFGHRAHRKL,,,0,ZP-4.5,3,up,0.038
all_atom,dual,SKVGRHGRRFGHRAHRKL,,,0,ZP-4.5,4,dn,0.037
all_atom,dual,SKVGRHGRRFGHRAHRKL,,,0,ZP-4.5,4,up,0.02
all_atom,dual,SKVGRHGRRFGHRAHRKL,,,0,ZP-4.5,5,dn,0.027
all_atom,dual,SKVGRHGRRFGHRAHRKL,,,0,ZP-4.5,5,up,0.053
all_atom,dual,SKVGRHGRRFGHRAHRKL,,,0,ZP-5.5,1,dn,0.057
all_atom,dual,SKVGRHGRRFGHRAHRKL,,,0,ZP-5.5,1,up,0.045
all_atom,dual,SKVGRHGRRFGHRAHRKL,,,0,ZP-5.5,2,dn,0.013
all_atom,dual,SKVGRHGRRFGHRAHRKL,,,0,ZP-5.5,2,up,0.026
all_atom,dual,SKVGRHGRRFGHRAHRKL,,,0,ZP-5.5,3,dn,0.036
all_atom,dual,SKVGRHGRRFGHRAHRKL,,,0,ZP-5.5,3,up,0.016
all_atom,dual,SKVGRHGRRFGHRAHRKL,,,0,ZP-5.5,4,dn,0.021
all_atom,dual,SKVGRHGRRFGHRAHRKL,,,0,ZP-5.5,4,up,0.016
all_atom,dual,SKVGRHGRRFGHRAHRKL,,,0,ZP-5.5,5,dn,0.016
all_atom,dual,SKVGRHGRRFGHRAHRKL,,,0,ZP-5.5,5,up,0.039
all_atom,dual,SKVGRHGRRFGHRAHRKL,,,0,ZP-6.5,1,dn,0.046
all_atom,dual,SKVGRHGRRFGHRAHRKL,,,0,ZP-6.5,1,up,0.028
all_atom,dual,SKVGRHGRRFGHRAHRKL,,,0,ZP-6.5,2,dn,0.007
all_atom,dual,SKVGRHGRRFGHRAHRKL,,,0,ZP-6.5,2,up,0.014
all_atom,dual,SKVGRHGRRFGHRAHRKL,,,0,ZP-6.5,3,dn,0.018
all_atom,dual,SKVGRHGRRFGHRAHRKL,,,0,ZP-6.5,3,up,0.005
all_atom,dual,SKVGRHGRRFGHRAHRKL,,,0,ZP-6.5,4,dn,0.02
all_atom,dual,SKVGRHGRRFGHRAHRKL,,,0,ZP-6.5,4,up,0.006
all_atom,dual,SKVGRHGRRFGHRAHRKL,,,0,ZP-6.5,5,dn,0.006
all_atom,dual,SKVGRHGRRFGHRAHRKL,,,0,ZP-6.5,5,up,0.016
all_atom,dual,SKVGRHGRRFGHRAHRKL,,,0,ZP-7.5,1,dn,0.029
all_atom,dual,SKVGRHGRRFGHRAHRKL,,,0,ZP-7.5,1,up,0.016
all_atom,dual,SKVGRHGRRFGHRAHRKL,,,0,ZP-7.5,2,dn,0.009
all_atom,dual,SKVGRHGRRFGHRAHRKL,,,0,ZP-7.5,2,up,0.009
all_atom,dual,SKVGRHGRRFGHRAHRKL,,,0,ZP-7.5,3,dn,0.008
all_atom,dual,SKVGRHGRRFGHRAHRKL,,,0,ZP-7.5,3,up,0.004
all_atom,dual,SKVGRHGRRFGHRAHRKL,,,0,ZP-7.5,4,dn,0.009
all_atom,dual,SKVGRHGRRFGHRAHRKL,,,0,ZP-7.5,4,up,0.005
all_atom,dual,SKVGRHGRRFGHRAHRKL,,,0,ZP-7.5,5,dn,0.004
all_atom,dual,SKVGRHGRRFGHRAHRKL,,,0,ZP-7.5,5,up,0.005
all_atom,dual,SKVGRHGRRFGHRAHRKL,,,0,ZP-8.5,1,dn,0.027
all_atom,dual,SKVGRHGRRFGHRAHRKL,,,0,ZP-8.5,1,up,0.007
all_atom,dual,SKVGRHGRRFGHRAHRKL,,,0,ZP-8.5,2,dn,0.004
all_atom,dual,SKVGRHGRRFGHRAHRKL,,,0,ZP-8.5,2,up,0.008
all_atom,dual,SKVGRHGRRFGHRAHRKL,,,0,ZP-8.5,3,dn,0.001
all_atom,dual,SKVGRHGRRFGHRAHRKL,,,0,ZP-8.5,3,up,0.0
all_atom,dual,SKVGRHGRRFGHRAHRKL,,,0,ZP-8.5,4,dn,0.0
all_atom,dual,SKVGRHGRRFGHRAHRKL,,,0,ZP-8.5,4,up,0.001
all_atom,dual,SKVGRHGRRFGHRAHRKL,,,0,ZP-8.5,5,dn,0.002
all_atom,dual,SKVGRHGRRFGHRAHRKL,,,0,ZP-8.5,5,up,0.003
all_atom,dual,SKVGRHGRRFGHRAHRKL,,,0,ZP-9.5,1,dn,0.012
all_atom,dual,SKVGRHGRRFGHRAHRKL,,,0,ZP-9.5,1,up,0.002
all_atom,dual,SKVGRHGRRFGHRAHRKL,,,0,ZP-9.5,2,dn,0.002
all_atom,dual,SKVGRHGRRFGHRAHRKL,,,0,ZP-9.5,2,up,0.003
all_atom,dual,SKVGRHGRRFGHRAHRKL,,,0,ZP-9.5,3,dn,0.001
all_atom,dual,SKVGRHGRRFGHRAHRKL,,,0,ZP-9.5,3,up,0.0
all_atom,dual,SKVGRHGRRFGHRAHRKL,,,0,ZP-9.5,4,dn,0.0
all_atom,dual,SKVGRHGRRFGHRAHRKL,,,0,ZP-9.5,4,up,0.001
all_atom,dual,SKVGRHGRRFGHRAHRKL,,,0,ZP-9.5,5,dn,0.0
all_atom,dual,SKVGRHGRRFGHRAHRKL,,,0,ZP-9.5,5,up,0.001
all_atom,dual,SKVGRHGRRFGHRAHRKL,,,0,ZP0.5,1,dn,0.093
all_atom,dual,SKVGRHGRRFGHRAHRKL,,,0,ZP0.5,1,up,0.098
all_atom,dual,SKVGRHGRRFGHRAHRKL,,,0,ZP0.5,2,dn,0.144
all_atom,dual,SKVGRHGRRFGHRAHRKL,,,0,ZP0.5,2,up,0.137
all_atom,dual,SKVGRHGRRFGHRAHRKL,,,0,ZP0.5,3,dn,0.133
all_atom,dual,SKVGRHGRRFGHRAHRKL,,,0,ZP0.5,3,up,0.139
all_atom,dual,SKVGRHGRRFGHRAHRKL,,,0,ZP0.5,4,dn,0.136
all_atom,dual,SKVGRHGRRFGHRAHRKL,,,0,ZP0.5,4,up,0.126
all_atom,dual,SKVGRHGRRFGHRAHRKL,,,0,ZP0.5,5,dn,0.14
all_atom,dual,SKVGRHGRRFGHRAHRKL,,,0,ZP0.5,5,up,0.137
all_atom,dual,SKVGRHGRRFGHRAHRKL,,,0,ZP1.5,1,dn,0.104
all_atom,dual,SKVGRHGRRFGHRAHRKL,,,0,ZP1.5,1,up,0.087
all_atom,dual,SKVGRHGRRFGHRAHRKL,,,0,ZP1.5,2,dn,0.115
all_atom,dual,SKVGRHGRRFGHRAHRKL,,,0,ZP1.5,2,up,0.115
all_atom,dual,SKVGRHGRRFGHRAHRKL,,,0,ZP1.5,3,dn,0.128
all_atom,dual,SKVGRHGRRFGHRAHRKL,,,0,ZP1.5,3,up,0.138
all_atom,dual,SKVGRHGRRFGHRAHRKL,,,0,ZP1.5,4,dn,0.11
all_atom,dual,SKVGRHGRRFGHRAHRKL,,,0,ZP1.5,4,up,0.133
all_atom,dual,SKVGRHGRRFGHRAHRKL,,,0,ZP1.5,5,dn,0.142
all_atom,dual,SKVGRHGRRFGHRAHRKL,,,0,ZP1.5,5,up,0.103
all_atom,dual,SKVGRHGRRFGHRAHRKL,,,0,ZP2.5,1,dn,0.071
all_atom,dual,SKVGRHGRRFGHRAHRKL,,,0,ZP2.5,1,up,0.064
all_atom,dual,SKVGRHGRRFGHRAHRKL,,,0,ZP2.5,2,dn,0.106
all_atom,dual,SKVGRHGRRFGHRAHRKL,,,0,ZP2.5,2,up,0.085
all_atom,dual,SKVGRHGRRFGHRAHRKL,,,0,ZP2.5,3,dn,0.064
all_atom,dual,SKVGRHGRRFGHRAHRKL,,,0,ZP2.5,3,up,0.103
all_atom,dual,SKVGRHGRRFGHRAHRKL,,,0,ZP2.5,4,dn,0.112
all_atom,dual,SKVGRHGRRFGHRAHRKL,,,0,ZP2.5,4,up,0.099
all_atom,dual,SKVGRHGRRFGHRAHRKL,,,0,ZP2.5,5,dn,0.099
all_atom,dual,SKVGRHGRRFGHRAHRKL,,,0,ZP2.5,5,up,0.079
all_atom,dual,SKVGRHGRRFGHRAHRKL,,,0,ZP3.5,1,dn,0.038
all_atom,dual,SKVGRHGRRFGHRAHRKL,,,0,ZP3.5,1,up,0.045
all_atom,dual,SKVGRHGRRFGHRAHRKL,,,0,ZP3.5,2,dn,0.057
all_atom,dual,SKVGRHGRRFGHRAHRKL,,,0,ZP3.5,2,up,0.058
all_atom,dual,SKVGRHGRRFGHRAHRKL,,,0,ZP3.5,3,dn,0.04
all_atom,dual,SKVGRHGRRFGHRAHRKL,,,0,ZP3.5,3,up,0.085
all_atom,dual,SKVGRHGRRFGHRAHRKL,,,0,ZP3.5,4,dn,0.082
all_atom,dual,SKVGRHGRRFGHRAHRKL,,,0,ZP3.5,4,up,0.096
all_atom,dual,SKVGRHGRRFGHRAHRKL,,,0,ZP3.5,5,dn,0.086
all_atom,dual,SKVGRHGRRFGHRAHRKL,,,0,ZP3.5,5,up,0.046
all_atom,dual,SKVGRHGRRFGHRAHRKL,,,0,ZP4.5,1,dn,0.029
all_atom,dual,SKVGRHGRRFGHRAHRKL,,,0,ZP4.5,1,up,0.034
all_atom,dual,SKVGRHGRRFGHRAHRKL,,,0,ZP4.5,2,dn,0.041
all_atom,dual,SKVGRHGRRFGHRAHRKL,,,0,ZP4.5,2,up,0.044
all_atom,dual,SKVGRHGRRFGHRAHRKL,,,0,ZP4.5,3,dn,0.018
all_atom,dual,SKVGRHGRRFGHRAHRKL,,,0,ZP4.5,3,up,0.056
all_atom,dual,SKVGRHGRRFGHRAHRKL,,,0,ZP4.5,4,dn,0.06
all_atom,dual,SKVGRHGRRFGHRAHRKL,,,0,ZP4.5,4,up,0.069
all_atom,dual,SKVGRHGRRFGHRAHRKL,,,0,ZP4.5,5,dn,0.046
all_atom,dual,SKVGRHGRRFGHRAHRKL,,,0,ZP4.5,5,up,0.031
all_atom,dual,SKVGRHGRRFGHRAHRKL,,,0,ZP5.5,1,dn,0.013
all_atom,dual,SKVGRHGRRFGHRAHRKL,,,0,ZP5.5,1,up,0.019
all_atom,dual,SKVGRHGRRFGHRAHRKL,,,0,ZP5.5,2,dn,0.028
all_atom,dual,SKVGRHGRRFGHRAHRKL,,,0,ZP5.5,2,up,0.024
all_atom,dual,SKVGRHGRRFGHRAHRKL,,,0,ZP5.5,3,dn,0.006
all_atom,dual,SKVGRHGRRFGHRAHRKL,,,0,ZP5.5,3,up,0.026
all_atom,dual,SKVGRHGRRFGHRAHRKL,,,0,ZP5.5,4,dn,0.037
all_atom,dual,SKVGRHGRRFGHRAHRKL,,,0,ZP5.5,4,up,0.048
all_atom,dual,SKVGRHGRRFGHRAHRKL,,,0,ZP5.5,5,dn,0.029
all_atom,dual,SKVGRHGRRFGHRAHRKL,,,0,ZP5.5,5,up,0.015
all_atom,dual,SKVGRHGRRFGHRAHRKL,,,0,ZP6.5,1,dn,0.01
all_atom,dual,SKVGRHGRRFGHRAHRKL,,,0,ZP6.5,1,up,0.016
all_atom,dual,SKVGRHGRRFGHRAHRKL,,,0,ZP6.5,2,dn,0.011
all_atom,dual,SKVGRHGRRFGHRAHRKL,,,0,ZP6.5,2,up,0.015
all_atom,dual,SKVGRHGRRFGHRAHRKL,,,0,ZP6.5,3,dn,0.0
all_atom,dual,SKVGRHGRRFGHRAHRKL,,,0,ZP6.5,3,up,0.011
all_atom,dual,SKVGRHGRRFGHRAHRKL,,,0,ZP6.5,4,dn,0.01
all_atom,dual,SKVGRHGRRFGHRAHRKL,,,0,ZP6.5,4,up,0.02
all_atom,dual,SKVGRHGRRFGHRAHRKL,,,0,ZP6.5,5,dn,0.01
all_atom,dual,SKVGRHGRRFGHRAHRKL,,,0,ZP6.5,5,up,0.006
all_atom,dual,SKVGRHGRRFGHRAHRKL,,,0,ZP7.5,1,dn,0.001
all_atom,dual,SKVGRHGRRFGHRAHRKL,,,0,ZP7.5,1,up,0.007
all_atom,dual,SKVGRHGRRFGHRAHRKL,,,0,ZP7.5,2,dn,0.005
all_atom,dual,SKVGRHGRRFGHRAHRKL,,,0,ZP7.5,2,up,0.003
all_atom,dual,SKVGRHGRRFGHRAHRKL,,,0,ZP7.5,3,dn,0.0
all_atom,dual,SKVGRHGRRFGHRAHRKL,,,0,ZP7.5,3,up,0.007
all_atom,dual,SKVGRHGRRFGHRAHRKL,,,0,ZP7.5,4,dn,0.006
all_atom,dual,SKVGRHGRRFGHRAHRKL,,,0,ZP7.5,4,up,0.012
all_atom,dual,SKVGRHGRRFGHRAHRKL,,,0,ZP7.5,5,dn,0.006
all_atom,dual,SKVGRHGRRFGHRAHRKL,,,0,ZP7.5,5,up,0.0
all_atom,dual,SKVGRHGRRFGHRAHRKL,,,0,ZP8.5,1,dn,0.001
all_atom,dual,SKVGRHGRRFGHRAHRKL,,,0,ZP8.5,1,up,0.002
all_atom,dual,SKVGRHGRRFGHRAHRKL,,,0,ZP8.5,2,dn,0.004
all_atom,dual,SKVGRHGRRFGHRAHRKL,,,0,ZP8.5,2,up,0.0
all_atom,dual,SKVGRHGRRFGHRAHRKL,,,0,ZP8.5,3,dn,0.0
all_atom,dual,SKVGRHGRRFGHRAHRKL,,,0,ZP8.5,3,up,0.0
all_atom,dual,SKVGRHGRRFGHRAHRKL,,,0,ZP8.5,4,dn,0.002
all_atom,dual,SKVGRHGRRFGHRAHRKL,,,0,ZP8.5,4,up,0.006
all_atom,dual,SKVGRHGRRFGHRAHRKL,,,0,ZP8.5,5,dn,0.002
all_atom,dual,SKVGRHGRRFGHRAHRKL,,,0,ZP8.5,5,up,0.0
all_atom,dual,SKVGRHGRRFGHRAHRKL,,,0,ZP9.5,1,dn,0.001
all_atom,dual,SKVGRHGRRFGHRAHRKL,,,0,ZP9.5,1,up,0.0
all_atom,dual,SKVGRHGRRFGHRAHRKL,,,0,ZP9.5,2,dn,0.002
all_atom,dual,SKVGRHGRRFGHRAHRKL,,,0,ZP9.5,2,up,0.0
all_atom,dual,SKVGRHGRRFGHRAHRKL,,,0,ZP9.5,3,dn,0.0
all_atom,dual,SKVGRHGRRFGHRAHRKL,,,0,ZP9.5,3,up,0.0
all_atom,dual,SKVGRHGRRFGHRAHRKL,,,0,ZP9.5,4,dn,0.0
all_atom,dual,SKVGRHGRRFGHRAHRKL,,,0,ZP9.5,4,up,0.0
all_atom,dual,SKVGRHGRRFGHRAHRKL,,,0,ZP9.5,5,dn,0.001
all_atom,dual,SKVGRHGRRFGHRAHRKL,,,0,ZP9.5,5,up,0.0
all_atom,dual,VDKGSYKPRPTPPKPIYNRN,,,1,APLA12.5,1,dn,59.627
all_atom,dual,VDKGSYKPRPTPPKPIYNRN,,,1,APLA12.5,1,up,57.34
all_atom,dual,VDKGSYKPRPTPPKPIYNRN,,,1,APLA12.5,2,dn,59.736
all_atom,dual,VDKGSYKPRPTPPKPIYNRN,,,1,APLA12.5,2,up,59.347
all_atom,dual,VDKGSYKPRPTPPKPIYNRN,,,1,APLA12.5,3,dn,59.677
all_atom,dual,VDKGSYKPRPTPPKPIYNRN,,,1,APLA12.5,3,up,58.3
all_atom,dual,VDKGSYKPRPTPPKPIYNRN,,,1,APLA12.5,4,dn,60.049
all_atom,dual,VDKGSYKPRPTPPKPIYNRN,,,1,APLA12.5,4,up,56.599
all_atom,dual,VDKGSYKPRPTPPKPIYNRN,,,1,APLA12.5,5,dn,59.919
all_atom,dual,VDKGSYKPRPTPPKPIYNRN,,,1,APLA12.5,5,up,56.443
all_atom,dual,VDKGSYKPRPTPPKPIYNRN,,,1,APLA17.5,1,dn,58.881
all_atom,dual,VDKGSYKPRPTPPKPIYNRN,,,1,APLA17.5,1,up,58.721
all_atom,dual,VDKGSYKPRPTPPKPIYNRN,,,1,APLA17.5,2,dn,59.845
all_atom,dual,VDKGSYKPRPTPPKPIYNRN,,,1,APLA17.5,2,up,59.568
all_atom,dual,VDKGSYKPRPTPPKPIYNRN,,,1,APLA17.5,3,dn,59.456
all_atom,dual,VDKGSYKPRPTPPKPIYNRN,,,1,APLA17.5,3,up,60.2
all_atom,dual,VDKGSYKPRPTPPKPIYNRN,,,1,APLA17.5,4,dn,60.092
all_atom,dual,VDKGSYKPRPTPPKPIYNRN,,,1,APLA17.5,4,up,56.785
all_atom,dual,VDKGSYKPRPTPPKPIYNRN,,,1,APLA17.5,5,dn,60.051
all_atom,dual,VDKGSYKPRPTPPKPIYNRN,,,1,APLA17.5,5,up,56.999
all_atom,dual,VDKGSYKPRPTPPKPIYNRN,,,1,APLA2.5,1,dn,58.314
all_atom,dual,VDKGSYKPRPTPPKPIYNRN,,,1,APLA2.5,1,up,60.777
all_atom,dual,VDKGSYKPRPTPPKPIYNRN,,,1,APLA2.5,2,dn,58.45
all_atom,dual,VDKGSYKPRPTPPKPIYNRN,,,1,APLA2.5,2,up,58.67
all_atom,dual,VDKGSYKPRPTPPKPIYNRN,,,1,APLA2.5,3,dn,55.004
all_atom,dual,VDKGSYKPRPTPPKPIYNRN,,,1,APLA2.5,3,up,58.617
all_atom,dual,VDKGSYKPRPTPPKPIYNRN,,,1,APLA2.5,4,dn,58.657
all_atom,dual,VDKGSYKPRPTPPKPIYNRN,,,1,APLA2.5,4,up,75.652
all_atom,dual,VDKGSYKPRPTPPKPIYNRN,,,1,APLA2.5,5,dn,62.01
all_atom,dual,VDKGSYKPRPTPPKPIYNRN,,,1,APLA2.5,5,up,77.867
all_atom,dual,VDKGSYKPRPTPPKPIYNRN,,,1,APLA7.5,1,dn,59.819
all_atom,dual,VDKGSYKPRPTPPKPIYNRN,,,1,APLA7.5,1,up,57.783
all_atom,dual,VDKGSYKPRPTPPKPIYNRN,,,1,APLA7.5,2,dn,59.685
all_atom,dual,VDKGSYKPRPTPPKPIYNRN,,,1,APLA7.5,2,up,58.068
all_atom,dual,VDKGSYKPRPTPPKPIYNRN,,,1,APLA7.5,3,dn,57.594
all_atom,dual,VDKGSYKPRPTPPKPIYNRN,,,1,APLA7.5,3,up,54.002
all_atom,dual,VDKGSYKPRPTPPKPIYNRN,,,1,APLA7.5,4,dn,60.014
all_atom,dual,VDKGSYKPRPTPPKPIYNRN,,,1,APLA7.5,4,up,57.054
all_atom,dual,VDKGSYKPRPTPPKPIYNRN,,,1,APLA7.5,5,dn,60.561
all_atom,dual,VDKGSYKPRPTPPKPIYNRN,,,1,APLA7.5,5,up,57.839
all_atom,dual,VDKGSYKPRPTPPKPIYNRN,,,1,APLS12.5,1,dn,4.665
all_atom,dual,VDKGSYKPRPTPPKPIYNRN,,,1,APLS12.5,1,up,3.822
all_atom,dual,VDKGSYKPRPTPPKPIYNRN,,,1,APLS12.5,2,dn,4.394
all_atom,dual,VDKGSYKPRPTPPKPIYNRN,,,1,APLS12.5,2,up,3.776
all_atom,dual,VDKGSYKPRPTPPKPIYNRN,,,1,APLS12.5,3,dn,3.803
all_atom,dual,VDKGSYKPRPTPPKPIYNRN,,,1,APLS12.5,3,up,3.779
all_atom,dual,VDKGSYKPRPTPPKPIYNRN,,,1,APLS12.5,4,dn,4.026
all_atom,dual,VDKGSYKPRPTPPKPIYNRN,,,1,APLS12.5,4,up,3.837
all_atom,dual,VDKGSYKPRPTPPKPIYNRN,,,1,APLS12.5,5,dn,4.422
all_atom,dual,VDKGSYKPRPTPPKPIYNRN,,,1,APLS12.5,5,up,3.602
all_atom,dual,VDKGSYKPRPTPPKPIYNRN,,,1,APLS17.5,1,dn,3.811
all_atom,dual,VDKGSYKPRPTPPKPIYNRN,,,1,APLS17.5,1,up,3.756
all_atom,dual,VDKGSYKPRPTPPKPIYNRN,,,1,APLS17.5,2,dn,3.666
all_atom,dual,VDKGSYKPRPTPPKPIYNRN,,,1,APLS17.5,2,up,3.379
all_atom,dual,VDKGSYKPRPTPPKPIYNRN,,,1,APLS17.5,3,dn,3.594
all_atom,dual,VDKGSYKPRPTPPKPIYNRN,,,1,APLS17.5,3,up,3.536
all_atom,dual,VDKGSYKPRPTPPKPIYNRN,,,1,APLS17.5,4,dn,3.751
all_atom,dual,VDKGSYKPRPTPPKPIYNRN,,,1,APLS17.5,4,up,3.092
all_atom,dual,VDKGSYKPRPTPPKPIYNRN,,,1,APLS17.5,5,dn,4.106
all_atom,dual,VDKGSYKPRPTPPKPIYNRN,,,1,APLS17.5,5,up,3.655
all_atom,dual,VDKGSYKPRPTPPKPIYNRN,,,1,APLS2.5,1,dn,5.205
all_atom,dual,VDKGSYKPRPTPPKPIYNRN,,,1,APLS2.5,1,up,6.626
all_atom,dual,VDKGSYKPRPTPPKPIYNRN,,,1,APLS2.5,2,dn,4.476
all_atom,dual,VDKGSYKPRPTPPKPIYNRN,,,1,APLS2.5,2,up,4.148
all_atom,dual,VDKGSYKPRPTPPKPIYNRN,,,1,APLS2.5,3,dn,3.919
all_atom,dual,VDKGSYKPRPTPPKPIYNRN,,,1,APLS2.5,3,up,4.707
all_atom,dual,VDKGSYKPRPTPPKPIYNRN,,,1,APLS2.5,4,dn,4.27
all_atom,dual,VDKGSYKPRPTPPKPIYNRN,,,1,APLS2.5,4,up,6.936
all_atom,dual,VDKGSYKPRPTPPKPIYNRN,,,1,APLS2.5,5,dn,4.578
all_atom,dual,VDKGSYKPRPTPPKPIYNRN,,,1,APLS2.5,5,up,6.545
all_atom,dual,VDKGSYKPRPTPPKPIYNRN,,,1,APLS7.5,1,dn,5.179
all_atom,dual,VDKGSYKPRPTPPKPIYNRN,,,1,APLS7.5,1,up,4.214
all_atom,dual,VDKGSYKPRPTPPKPIYNRN,,,1,APLS7.5,2,dn,4.121
all_atom,dual,VDKGSYKPRPTPPKPIYNRN,,,1,APLS7.5,2,up,4.004
all_atom,dual,VDKGSYKPRPTPPKPIYNRN,,,1,APLS7.5,3,dn,3.88
all_atom,dual,VDKGSYKPRPTPPKPIYNRN,,,1,APLS7.5,3,up,3.355
all_atom,dual,VDKGSYKPRPTPPKPIYNRN,,,1,APLS7.5,4,dn,3.857
all_atom,dual,VDKGSYKPRPTPPKPIYNRN,,,1,APLS7.5,4,up,3.973
all_atom,dual,VDKGSYKPRPTPPKPIYNRN,,,1,APLS7.5,5,dn,4.611
all_atom,dual,VDKGSYKPRPTPPKPIYNRN,,,1,APLS7.5,5,up,4.429
all_atom,dual,VDKGSYKPRPTPPKPIYNRN,,,1,H0,1,dn,0.0
all_atom,dual,VDKGSYKPRPTPPKPIYNRN,,,1,H0,1,up,0.0
all_atom,dual,VDKGSYKPRPTPPKPIYNRN,,,1,H0,2,dn,0.0
all_atom,dual,VDKGSYKPRPTPPKPIYNRN,,,1,H0,2,up,0.0
all_atom,dual,VDKGSYKPRPTPPKPIYNRN,,,1,H0,3,dn,0.0
all_atom,dual,VDKGSYKPRPTPPKPIYNRN,,,1,H0,3,up,0.0
all_atom,dual,VDKGSYKPRPTPPKPIYNRN,,,1,H0,4,dn,0.0
all_atom,dual,VDKGSYKPRPTPPKPIYNRN,,,1,H0,4,up,0.0
all_atom,dual,VDKGSYKPRPTPPKPIYNRN,,,1,H0,5,dn,0.0
all_atom,dual,VDKGSYKPRPTPPKPIYNRN,,,1,H0,5,up,0.0
all_atom,dual,VDKGSYKPRPTPPKPIYNRN,,,1,H1,1,dn,0.067
all_atom,dual,VDKGSYKPRPTPPKPIYNRN,,,1,H1,1,up,0.611
all_atom,dual,VDKGSYKPRPTPPKPIYNRN,,,1,H1,2,dn,0.0
all_atom,dual,VDKGSYKPRPTPPKPIYNRN,,,1,H1,2,up,0.499
all_atom,dual,VDKGSYKPRPTPPKPIYNRN,,,1,H1,3,dn,0.0
all_atom,dual,VDKGSYKPRPTPPKPIYNRN,,,1,H1,3,up,0.0
all_atom,dual,VDKGSYKPRPTPPKPIYNRN,,,1,H1,4,dn,0.0
all_atom,dual,VDKGSYKPRPTPPKPIYNRN,,,1,H1,4,up,0.0
all_atom,dual,VDKGSYKPRPTPPKPIYNRN,,,1,H1,5,dn,0.0
all_atom,dual,VDKGSYKPRPTPPKPIYNRN,,,1,H1,5,up,0.0
all_atom,dual,VDKGSYKPRPTPPKPIYNRN,,,1,H10,1,dn,0.0
all_atom,dual,VDKGSYKPRPTPPKPIYNRN,,,1,H10,1,up,0.0
all_atom,dual,VDKGSYKPRPTPPKPIYNRN,,,1,H10,2,dn,0.0
all_atom,dual,VDKGSYKPRPTPPKPIYNRN,,,1,H10,2,up,0.0
all_atom,dual,VDKGSYKPRPTPPKPIYNRN,,,1,H10,3,dn,0.0
all_atom,dual,VDKGSYKPRPTPPKPIYNRN,,,1,H10,3,up,0.0
all_atom,dual,VDKGSYKPRPTPPKPIYNRN,,,1,H10,4,dn,0.0
all_atom,dual,VDKGSYKPRPTPPKPIYNRN,,,1,H10,4,up,0.0
all_atom,dual,VDKGSYKPRPTPPKPIYNRN,,,1,H10,5,dn,0.0
all_atom,dual,VDKGSYKPRPTPPKPIYNRN,,,1,H10,5,up,0.0
all_atom,dual,VDKGSYKPRPTPPKPIYNRN,,,1,H2,1,dn,0.426
all_atom,dual,VDKGSYKPRPTPPKPIYNRN,,,1,H2,1,up,0.715
all_atom,dual,VDKGSYKPRPTPPKPIYNRN,,,1,H2,2,dn,0.0
all_atom,dual,VDKGSYKPRPTPPKPIYNRN,,,1,H2,2,up,0.618
all_atom,dual,VDKGSYKPRPTPPKPIYNRN,,,1,H2,3,dn,0.0
all_atom,dual,VDKGSYKPRPTPPKPIYNRN,,,1,H2,3,up,0.04
all_atom,dual,VDKGSYKPRPTPPKPIYNRN,,,1,H2,4,dn,0.0
all_atom,dual,VDKGSYKPRPTPPKPIYNRN,,,1,H2,4,up,0.0
all_atom,dual,VDKGSYKPRPTPPKPIYNRN,,,1,H2,5,dn,0.0
all_atom,dual,VDKGSYKPRPTPPKPIYNRN,,,1,H2,5,up,0.0
all_atom,dual,VDKGSYKPRPTPPKPIYNRN,,,1,H3,1,dn,0.331
all_atom,dual,VDKGSYKPRPTPPKPIYNRN,,,1,H3,1,up,0.51
all_atom,dual,VDKGSYKPRPTPPKPIYNRN,,,1,H3,2,dn,0.083
all_atom,dual,VDKGSYKPRPTPPKPIYNRN,,,1,H3,2,up,0.404
all_atom,dual,VDKGSYKPRPTPPKPIYNRN,,,1,H3,3,dn,0.152
all_atom,dual,VDKGSYKPRPTPPKPIYNRN,,,1,H3,3,up,0.168
all_atom,dual,VDKGSYKPRPTPPKPIYNRN,,,1,H3,4,dn,0.166
all_atom,dual,VDKGSYKPRPTPPKPIYNRN,,,1,H3,4,up,0.137
all_atom,dual,VDKGSYKPRPTPPKPIYNRN,,,1,H3,5,dn,0.055
all_atom,dual,VDKGSYKPRPTPPKPIYNRN,,,1,H3,5,up,0.063
all_atom,dual,VDKGSYKPRPTPPKPIYNRN,,,1,H4,1,dn,0.141
all_atom,dual,VDKGSYKPRPTPPKPIYNRN,,,1,H4,1,up,0.265
all_atom,dual,VDKGSYKPRPTPPKPIYNRN,,,1,H4,2,dn,0.119
all_atom,dual,VDKGSYKPRPTPPKPIYNRN,,,1,H4,2,up,0.166
all_atom,dual,VDKGSYKPRPTPPKPIYNRN,,,1,H4,3,dn,0.218
all_atom,dual,VDKGSYKPRPTPPKPIYNRN,,,1,H4,3,up,0.139
all_atom,dual,VDKGSYKPRPTPPKPIYNRN,,,1,H4,4,dn,0.238
all_atom,dual,VDKGSYKPRPTPPKPIYNRN,,,1,H4,4,up,0.095
all_atom,dual,VDKGSYKPRPTPPKPIYNRN,,,1,H4,5,dn,0.079
all_atom,dual,VDKGSYKPRPTPPKPIYNRN,,,1,H4,5,up,0.046
all_atom,dual,VDKGSYKPRPTPPKPIYNRN,,,1,H5,1,dn,0.134
all_atom,dual,VDKGSYKPRPTPPKPIYNRN,,,1,H5,1,up,0.193
all_atom,dual,VDKGSYKPRPTPPKPIYNRN,,,1,H5,2,dn,0.05
all_atom,dual,VDKGSYKPRPTPPKPIYNRN,,,1,H5,2,up,0.059
all_atom,dual,VDKGSYKPRPTPPKPIYNRN,,,1,H5,3,dn,0.054
all_atom,dual,VDKGSYKPRPTPPKPIYNRN,,,1,H5,3,up,0.109
all_atom,dual,VDKGSYKPRPTPPKPIYNRN,,,1,H5,4,dn,0.005
all_atom,dual,VDKGSYKPRPTPPKPIYNRN,,,1,H5,4,up,0.03
all_atom,dual,VDKGSYKPRPTPPKPIYNRN,,,1,H5,5,dn,0.015
all_atom,dual,VDKGSYKPRPTPPKPIYNRN,,,1,H5,5,up,0.069
all_atom,dual,VDKGSYKPRPTPPKPIYNRN,,,1,H6,1,dn,0.392
all_atom,dual,VDKGSYKPRPTPPKPIYNRN,,,1,H6,1,up,0.408
all_atom,dual,VDKGSYKPRPTPPKPIYNRN,,,1,H6,2,dn,0.317
all_atom,dual,VDKGSYKPRPTPPKPIYNRN,,,1,H6,2,up,0.364
all_atom,dual,VDKGSYKPRPTPPKPIYNRN,,,1,H6,3,dn,0.198
all_atom,dual,VDKGSYKPRPTPPKPIYNRN,,,1,H6,3,up,0.398
all_atom,dual,VDKGSYKPRPTPPKPIYNRN,,,1,H6,4,dn,0.248
all_atom,dual,VDKGSYKPRPTPPKPIYNRN,,,1,H6,4,up,0.444
all_atom,dual,VDKGSYKPRPTPPKPIYNRN,,,1,H6,5,dn,0.287
all_atom,dual,VDKGSYKPRPTPPKPIYNRN,,,1,H6,5,up,0.45
all_atom,dual,VDKGSYKPRPTPPKPIYNRN,,,1,H7,1,dn,0.388
all_atom,dual,VDKGSYKPRPTPPKPIYNRN,,,1,H7,1,up,0.79
all_atom,dual,VDKGSYKPRPTPPKPIYNRN,,,1,H7,2,dn,0.187
all_atom,dual,VDKGSYKPRPTPPKPIYNRN,,,1,H7,2,up,0.801
all_atom,dual,VDKGSYKPRPTPPKPIYNRN,,,1,H7,3,dn,0.09
all_atom,dual,VDKGSYKPRPTPPKPIYNRN,,,1,H7,3,up,0.766
all_atom,dual,VDKGSYKPRPTPPKPIYNRN,,,1,H7,4,dn,0.166
all_atom,dual,VDKGSYKPRPTPPKPIYNRN,,,1,H7,4,up,0.957
all_atom,dual,VDKGSYKPRPTPPKPIYNRN,,,1,H7,5,dn,0.18
all_atom,dual,VDKGSYKPRPTPPKPIYNRN,,,1,H7,5,up,0.978
all_atom,dual,VDKGSYKPRPTPPKPIYNRN,,,1,H8,1,dn,0.236
all_atom,dual,VDKGSYKPRPTPPKPIYNRN,,,1,H8,1,up,0.754
all_atom,dual,VDKGSYKPRPTPPKPIYNRN,,,1,H8,2,dn,0.002
all_atom,dual,VDKGSYKPRPTPPKPIYNRN,,,1,H8,2,up,0.735
all_atom,dual,VDKGSYKPRPTPPKPIYNRN,,,1,H8,3,dn,0.0
all_atom,dual,VDKGSYKPRPTPPKPIYNRN,,,1,H8,3,up,0.709
all_atom,dual,VDKGSYKPRPTPPKPIYNRN,,,1,H8,4,dn,0.0
all_atom,dual,VDKGSYKPRPTPPKPIYNRN,,,1,H8,4,up,0.968
all_atom,dual,VDKGSYKPRPTPPKPIYNRN,,,1,H8,5,dn,0.0
all_atom,dual,VDKGSYKPRPTPPKPIYNRN,,,1,H8,5,up,0.945
all_atom,dual,VDKGSYKPRPTPPKPIYNRN,,,1,H9,1,dn,0.075
all_atom,dual,VDKGSYKPRPTPPKPIYNRN,,,1,H9,1,up,0.281
all_atom,dual,VDKGSYKPRPTPPKPIYNRN,,,1,H9,2,dn,0.01
all_atom,dual,VDKGSYKPRPTPPKPIYNRN,,,1,H9,2,up,0.252
all_atom,dual,VDKGSYKPRPTPPKPIYNRN,,,1,H9,3,dn,0.0
all_atom,dual,VDKGSYKPRPTPPKPIYNRN,,,1,H9,3,up,0.355
all_atom,dual,VDKGSYKPRPTPPKPIYNRN,,,1,H9,4,dn,0.0
all_atom,dual,VDKGSYKPRPTPPKPIYNRN,,,1,H9,4,up,0.262
all_atom,dual,VDKGSYKPRPTPPKPIYNRN,,,1,H9,5,dn,0.0
all_atom,dual,VDKGSYKPRPTPPKPIYNRN,,,1,H9,5,up,0.0
all_atom,dual,VDKGSYKPRPTPPKPIYNRN,,,1,HM,1,dn,0.214
all_atom,dual,VDKGSYKPRPTPPKPIYNRN,,,1,HM,1,up,0.418
all_atom,dual,VDKGSYKPRPTPPKPIYNRN,,,1,HM,2,dn,0.069
all_atom,dual,VDKGSYKPRPTPPKPIYNRN,,,1,HM,2,up,0.36
all_atom,dual,VDKGSYKPRPTPPKPIYNRN,,,1,HM,3,dn,0.064
all_atom,dual,VDKGSYKPRPTPPKPIYNRN,,,1,HM,3,up,0.253
all_atom,dual,VDKGSYKPRPTPPKPIYNRN,,,1,HM,4,dn,0.073
all_atom,dual,VDKGSYKPRPTPPKPIYNRN,,,1,HM,4,up,0.278
all_atom,dual,VDKGSYKPRPTPPKPIYNRN,,,1,HM,5,dn,0.055
all_atom,dual,VDKGSYKPRPTPPKPIYNRN,,,1,HM,5,up,0.254
all_atom,dual,VDKGSYKPRPTPPKPIYNRN,,,1,PEPT_BUR_MAX,1,dn,12.55
all_atom,dual,VDKGSYKPRPTPPKPIYNRN,,,1,PEPT_BUR_MAX,1,up,12.15
all_atom,dual,VDKGSYKPRPTPPKPIYNRN,,,1,PEPT_BUR_MAX,2,dn,11.29
all_atom,dual,VDKGSYKPRPTPPKPIYNRN,,,1,PEPT_BUR_MAX,2,up,15.43
all_atom,dual,VDKGSYKPRPTPPKPIYNRN,,,1,PEPT_BUR_MAX,3,dn,14.13
all_atom,dual,VDKGSYKPRPTPPKPIYNRN,,,1,PEPT_BUR_MAX,3,up,14.51
all_atom,dual,VDKGSYKPRPTPPKPIYNRN,,,1,PEPT_BUR_MAX,4,dn,14.2
all_atom,dual,VDKGSYKPRPTPPKPIYNRN,,,1,PEPT_BUR_MAX,4,up,8.71
all_atom,dual,VDKGSYKPRPTPPKPIYNRN,,,1,PEPT_BUR_MAX,5,dn,13.18
all_atom,dual,VDKGSYKPRPTPPKPIYNRN,,,1,PEPT_BUR_MAX,5,up,6.81
all_atom,dual,VDKGSYKPRPTPPKPIYNRN,,,1,S,1,dn,0.133
all_atom,dual,VDKGSYKPRPTPPKPIYNRN,,,1,S,1,up,0.088
all_atom,dual,VDKGSYKPRPTPPKPIYNRN,,,1,S,2,dn,0.191
all_atom,dual,VDKGSYKPRPTPPKPIYNRN,,,1,S,2,up,0.083
all_atom,dual,VDKGSYKPRPTPPKPIYNRN,,,1,S,3,dn,0.182
all_atom,dual,VDKGSYKPRPTPPKPIYNRN,,,1,S,3,up,0.126
all_atom,dual,VDKGSYKPRPTPPKPIYNRN,,,1,S,4,dn,0.118
all_atom,dual,VDKGSYKPRPTPPKPIYNRN,,,1,S,4,up,0.524
all_atom,dual,VDKGSYKPRPTPPKPIYNRN,,,1,S,5,dn,0.207
all_atom,dual,VDKGSYKPRPTPPKPIYNRN,,,1,S,5,up,0.614
all_atom,dual,VDKGSYKPRPTPPKPIYNRN,,,1,WAT_BUR_MAX,1,dn,10.63
all_atom,dual,VDKGSYKPRPTPPKPIYNRN,,,1,WAT_BUR_MAX,1,up,12.44
all_atom,dual,VDKGSYKPRPTPPKPIYNRN,,,1,WAT_BUR_MAX,2,dn,11.72
all_atom,dual,VDKGSYKPRPTPPKPIYNRN,,,1,WAT_BUR_MAX,2,up,11.86
all_atom,dual,VDKGSYKPRPTPPKPIYNRN,,,1,WAT_BUR_MAX,3,dn,11.85
all_atom,dual,VDKGSYKPRPTPPKPIYNRN,,,1,WAT_BUR_MAX,3,up,13.23
all_atom,dual,VDKGSYKPRPTPPKPIYNRN,,,1,WAT_BUR_MAX,4,dn,10.83
all_atom,dual,VDKGSYKPRPTPPKPIYNRN,,,1,WAT_BUR_MAX,4,up,10.68
all_atom,dual,VDKGSYKPRPTPPKPIYNRN,,,1,WAT_BUR_MAX,5,dn,10.97
all_atom,dual,VDKGSYKPRPTPPKPIYNRN,,,1,WAT_BUR_MAX,5,up,8.64
all_atom,dual,VDKGSYKPRPTPPKPIYNRN,,,1,WAT_BUR_REL,1,dn,-1.67
all_atom,dual,VDKGSYKPRPTPPKPIYNRN,,,1,WAT_BUR_REL,1,up,-2.06
all_atom,dual,VDKGSYKPRPTPPKPIYNRN,,,1,WAT_BUR_REL,2,dn,-1.26
all_atom,dual,VDKGSYKPRPTPPKPIYNRN,,,1,WAT_BUR_REL,2,up,-2.38
all_atom,dual,VDKGSYKPRPTPPKPIYNRN,,,1,WAT_BUR_REL,3,dn,-2.33
all_atom,dual,VDKGSYKPRPTPPKPIYNRN,,,1,WAT_BUR_REL,3,up,-1.26
all_atom,dual,VDKGSYKPRPTPPKPIYNRN,,,1,WAT_BUR_REL,4,dn,-2.33
all_atom,dual,VDKGSYKPRPTPPKPIYNRN,,,1,WAT_BUR_REL,4,up,1.49
all_atom,dual,VDKGSYKPRPTPPKPIYNRN,,,1,WAT_BUR_REL,5,dn,-1.84
all_atom,dual,VDKGSYKPRPTPPKPIYNRN,,,1,WAT_BUR_REL,5,up,1.4
all_atom,dual,VDKGSYKPRPTPPKPIYNRN,,,1,ZP-0.5,1,dn,0.156
all_atom,dual,VDKGSYKPRPTPPKPIYNRN,,,1,ZP-0.5,1,up,0.158
all_atom,dual,VDKGSYKPRPTPPKPIYNRN,,,1,ZP-0.5,2,dn,0.143
all_atom,dual,VDKGSYKPRPTPPKPIYNRN,,,1,ZP-0.5,2,up,0.162
all_atom,dual,VDKGSYKPRPTPPKPIYNRN,,,1,ZP-0.5,3,dn,0.15
all_atom,dual,VDKGSYKPRPTPPKPIYNRN,,,1,ZP-0.5,3,up,0.158
all_atom,dual,VDKGSYKPRPTPPKPIYNRN,,,1,ZP-0.5,4,dn,0.143
all_atom,dual,VDKGSYKPRPTPPKPIYNRN,,,1,ZP-0.5,4,up,0.14
all_atom,dual,VDKGSYKPRPTPPKPIYNRN,,,1,ZP-0.5,5,dn,0.139
all_atom,dual,VDKGSYKPRPTPPKPIYNRN,,,1,ZP-0.5,5,up,0.127
all_atom,dual,VDKGSYKPRPTPPKPIYNRN,,,1,ZP-1.5,1,dn,0.158
all_atom,dual,VDKGSYKPRPTPPKPIYNRN,,,1,ZP-1.5,1,up,0.16
all_atom,dual,VDKGSYKPRPTPPKPIYNRN,,,1,ZP-1.5,2,dn,0.168
all_atom,dual,VDKGSYKPRPTPPKPIYNRN,,,1,ZP-1.5,2,up,0.17
all_atom,dual,VDKGSYKPRPTPPKPIYNRN,,,1,ZP-1.5,3,dn,0.162
all_atom,dual,VDKGSYKPRPTPPKPIYNRN,,,1,ZP-1.5,3,up,0.16
all_atom,dual,VDKGSYKPRPTPPKPIYNRN,,,1,ZP-1.5,4,dn,0.143
all_atom,dual,VDKGSYKPRPTPPKPIYNRN,,,1,ZP-1.5,4,up,0.096
all_atom,dual,VDKGSYKPRPTPPKPIYNRN,,,1,ZP-1.5,5,dn,0.138
all_atom,dual,VDKGSYKPRPTPPKPIYNRN,,,1,ZP-1.5,5,up,0.109
all_atom,dual,VDKGSYKPRPTPPKPIYNRN,,,1,ZP-2.5,1,dn,0.121
all_atom,dual,VDKGSYKPRPTPPKPIYNRN,,,1,ZP-2.5,1,up,0.118
all_atom,dual,VDKGSYKPRPTPPKPIYNRN,,,1,ZP-2.5,2,dn,0.146
all_atom,dual,VDKGSYKPRPTPPKPIYNRN,,,1,ZP-2.5,2,up,0.138
all_atom,dual,VDKGSYKPRPTPPKPIYNRN,,,1,ZP-2.5,3,dn,0.126
all_atom,dual,VDKGSYKPRPTPPKPIYNRN,,,1,ZP-2.5,3,up,0.161
all_atom,dual,VDKGSYKPRPTPPKPIYNRN,,,1,ZP-2.5,4,dn,0.116
all_atom,dual,VDKGSYKPRPTPPKPIYNRN,,,1,ZP-2.5,4,up,0.087
all_atom,dual,VDKGSYKPRPTPPKPIYNRN,,,1,ZP-2.5,5,dn,0.105
all_atom,dual,VDKGSYKPRPTPPKPIYNRN,,,1,ZP-2.5,5,up,0.098
all_atom,dual,VDKGSYKPRPTPPKPIYNRN,,,1,ZP-3.5,1,dn,0.075
all_atom,dual,VDKGSYKPRPTPPKPIYNRN,,,1,ZP-3.5,1,up,0.07
all_atom,dual,VDKGSYKPRPTPPKPIYNRN,,,1,ZP-3.5,2,dn,0.11
all_atom,dual,VDKGSYKPRPTPPKPIYNRN,,,1,ZP-3.5,2,up,0.094
all_atom,dual,VDKGSYKPRPTPPKPIYNRN,,,1,ZP-3.5,3,dn,0.087
all_atom,dual,VDKGSYKPRPTPPKPIYNRN,,,1,ZP-3.5,3,up,0.091
all_atom,dual,VDKGSYKPRPTPPKPIYNRN,,,1,ZP-3.5,4,dn,0.065
all_atom,dual,VDKGSYKPRPTPPKPIYNRN,,,1,ZP-3.5,4,up,0.051
all_atom,dual,VDKGSYKPRPTPPKPIYNRN,,,1,ZP-3.5,5,dn,0.079
all_atom,dual,VDKGSYKPRPTPPKPIYNRN,,,1,ZP-3.5,5,up,0.085
all_atom,dual,VDKGSYKPRPTPPKPIYNRN,,,1,ZP-4.5,1,dn,0.077
all_atom,dual,VDKGSYKPRPTPPKPIYNRN,,,1,ZP-4.5,1,up,0.047
all_atom,dual,VDKGSYKPRPTPPKPIYNRN,,,1,ZP-4.5,2,dn,0.062
all_atom,dual,VDKGSYKPRPTPPKPIYNRN,,,1,ZP-4.5,2,up,0.053
all_atom,dual,VDKGSYKPRPTPPKPIYNRN,,,1,ZP-4.5,3,dn,0.076
all_atom,dual,VDKGSYKPRPTPPKPIYNRN,,,1,ZP-4.5,3,up,0.048
all_atom,dual,VDKGSYKPRPTPPKPIYNRN,,,1,ZP-4.5,4,dn,0.038
all_atom,dual,VDKGSYKPRPTPPKPIYNRN,,,1,ZP-4.5,4,up,0.029
all_atom,dual,VDKGSYKPRPTPPKPIYNRN,,,1,ZP-4.5,5,dn,0.055
all_atom,dual,VDKGSYKPRPTPPKPIYNRN,,,1,ZP-4.5,5,up,0.057
all_atom,dual,VDKGSYKPRPTPPKPIYNRN,,,1,ZP-5.5,1,dn,0.038
all_atom,dual,VDKGSYKPRPTPPKPIYNRN,,,1,ZP-5.5,1,up,0.02
all_atom,dual,VDKGSYKPRPTPPKPIYNRN,,,1,ZP-5.5,2,dn,0.043
all_atom,dual,VDKGSYKPRPTPPKPIYNRN,,,1,ZP-5.5,2,up,0.021
all_atom,dual,VDKGSYKPRPTPPKPIYNRN,,,1,ZP-5.5,3,dn,0.04
all_atom,dual,VDKGSYKPRPTPPKPIYNRN,,,1,ZP-5.5,3,up,0.028
all_atom,dual,VDKGSYKPRPTPPKPIYNRN,,,1,ZP-5.5,4,dn,0.021
all_atom,dual,VDKGSYKPRPTPPKPIYNRN,,,1,ZP-5.5,4,up,0.022
all_atom,dual,VDKGSYKPRPTPPKPIYNRN,,,1,ZP-5.5,5,dn,0.038
all_atom,dual,VDKGSYKPRPTPPKPIYNRN,,,1,ZP-5.5,5,up,0.042
all_atom,dual,VDKGSYKPRPTPPKPIYNRN,,,1,ZP-6.5,1,dn,0.022
all_atom,dual,VDKGSYKPRPTPPKPIYNRN,,,1,ZP-6.5,1,up,0.008
all_atom,dual,VDKGSYKPRPTPPKPIYNRN,,,1,ZP-6.5,2,dn,0.018
all_atom,dual,VDKGSYKPRPTPPKPIYNRN,,,1,ZP-6.5,2,up,0.007
all_atom,dual,VDKGSYKPRPTPPKPIYNRN,,,1,ZP-6.5,3,dn,0.022
all_atom,dual,VDKGSYKPRPTPPKPIYNRN,,,1,ZP-6.5,3,up,0.007
all_atom,dual,VDKGSYKPRPTPPKPIYNRN,,,1,ZP-6.5,4,dn,0.008
all_atom,dual,VDKGSYKPRPTPPKPIYNRN,,,1,ZP-6.5,4,up,0.008
all_atom,dual,VDKGSYKPRPTPPKPIYNRN,,,1,ZP-6.5,5,dn,0.016
all_atom,dual,VDKGSYKPRPTPPKPIYNRN,,,1,ZP-6.5,5,up,0.022
all_atom,dual,VDKGSYKPRPTPPKPIYNRN,,,1,ZP-7.5,1,dn,0.006
all_atom,dual,VDKGSYKPRPTPPKPIYNRN,,,1,ZP-7.5,1,up,0.002
all_atom,dual,VDKGSYKPRPTPPKPIYNRN,,,1,ZP-7.5,2,dn,0.017
all_atom,dual,VDKGSYKPRPTPPKPIYNRN,,,1,ZP-7.5,2,up,0.005
all_atom,dual,VDKGSYKPRPTPPKPIYNRN,,,1,ZP-7.5,3,dn,0.008
all_atom,dual,VDKGSYKPRPTPPKPIYNRN,,,1,ZP-7.5,3,up,0.001
all_atom,dual,VDKGSYKPRPTPPKPIYNRN,,,1,ZP-7.5,4,dn,0.005
all_atom,dual,VDKGSYKPRPTPPKPIYNRN,,,1,ZP-7.5,4,up,0.006
all_atom,dual,VDKGSYKPRPTPPKPIYNRN,,,1,ZP-7.5,5,dn,0.006
all_atom,dual,VDKGSYKPRPTPPKPIYNRN,,,1,ZP-7.5,5,up,0.019
all_atom,dual,VDKGSYKPRPTPPKPIYNRN,,,1,ZP-8.5,1,dn,0.001
all_atom,dual,VDKGSYKPRPTPPKPIYNRN,,,1,ZP-8.5,1,up,0.0
all_atom,dual,VDKGSYKPRPTPPKPIYNRN,,,1,ZP-8.5,2,dn,0.002
all_atom,dual,VDKGSYKPRPTPPKPIYNRN,,,1,ZP-8.5,2,up,0.002
all_atom,dual,VDKGSYKPRPTPPKPIYNRN,,,1,ZP-8.5,3,dn,0.004
all_atom,dual,VDKGSYKPRPTPPKPIYNRN,,,1,ZP-8.5,3,up,0.001
all_atom,dual,VDKGSYKPRPTPPKPIYNRN,,,1,ZP-8.5,4,dn,0.0
all_atom,dual,VDKGSYKPRPTPPKPIYNRN,,,1,ZP-8.5,4,up,0.001
all_atom,dual,VDKGSYKPRPTPPKPIYNRN,,,1,ZP-8.5,5,dn,0.0
all_atom,dual,VDKGSYKPRPTPPKPIYNRN,,,1,ZP-8.5,5,up,0.011
all_atom,dual,VDKGSYKPRPTPPKPIYNRN,,,1,ZP-9.5,1,dn,0.001
all_atom,dual,VDKGSYKPRPTPPKPIYNRN,,,1,ZP-9.5,1,up,0.0
all_atom,dual,VDKGSYKPRPTPPKPIYNRN,,,1,ZP-9.5,2,dn,0.0
all_atom,dual,VDKGSYKPRPTPPKPIYNRN,,,1,ZP-9.5,2,up,0.0
all_atom,dual,VDKGSYKPRPTPPKPIYNRN,,,1,ZP-9.5,3,dn,0.0
all_atom,dual,VDKGSYKPRPTPPKPIYNRN,,,1,ZP-9.5,3,up,0.0
all_atom,dual,VDKGSYKPRPTPPKPIYNRN,,,1,ZP-9.5,4,dn,0.0
all_atom,dual,VDKGSYKPRPTPPKPIYNRN,,,1,ZP-9.5,4,up,0.0
all_atom,dual,VDKGSYKPRPTPPKPIYNRN,,,1,ZP-9.5,5,dn,0.0
all_atom,dual,VDKGSYKPRPTPPKPIYNRN,,,1,ZP-9.5,5,up,0.002
all_atom,dual,VDKGSYKPRPTPPKPIYNRN,,,1,ZP0.5,1,dn,0.135
all_atom,dual,VDKGSYKPRPTPPKPIYNRN,,,1,ZP0.5,1,up,0.159
all_atom,dual,VDKGSYKPRPTPPKPIYNRN,,,1,ZP0.5,2,dn,0.115
all_atom,dual,VDKGSYKPRPTPPKPIYNRN,,,1,ZP0.5,2,up,0.119
all_atom,dual,VDKGSYKPRPTPPKPIYNRN,,,1,ZP0.5,3,dn,0.13
all_atom,dual,VDKGSYKPRPTPPKPIYNRN,,,1,ZP0.5,3,up,0.146
all_atom,dual,VDKGSYKPRPTPPKPIYNRN,,,1,ZP0.5,4,dn,0.146
all_atom,dual,VDKGSYKPRPTPPKPIYNRN,,,1,ZP0.5,4,up,0.138
all_atom,dual,VDKGSYKPRPTPPKPIYNRN,,,1,ZP0.5,5,dn,0.144
all_atom,dual,VDKGSYKPRPTPPKPIYNRN,,,1,ZP0.5,5,up,0.152
all_atom,dual,VDKGSYKPRPTPPKPIYNRN,,,1,ZP1.5,1,dn,0.089
all_atom,dual,VDKGSYKPRPTPPKPIYNRN,,,1,ZP1.5,1,up,0.123
all_atom,dual,VDKGSYKPRPTPPKPIYNRN,,,1,ZP1.5,2,dn,0.081
all_atom,dual,VDKGSYKPRPTPPKPIYNRN,,,1,ZP1.5,2,up,0.104
all_atom,dual,VDKGSYKPRPTPPKPIYNRN,,,1,ZP1.5,3,dn,0.088
all_atom,dual,VDKGSYKPRPTPPKPIYNRN,,,1,ZP1.5,3,up,0.103
all_atom,dual,VDKGSYKPRPTPPKPIYNRN,,,1,ZP1.5,4,dn,0.131
all_atom,dual,VDKGSYKPRPTPPKPIYNRN,,,1,ZP1.5,4,up,0.13
all_atom,dual,VDKGSYKPRPTPPKPIYNRN,,,1,ZP1.5,5,dn,0.129
all_atom,dual,VDKGSYKPRPTPPKPIYNRN,,,1,ZP1.5,5,up,0.121
all_atom,dual,VDKGSYKPRPTPPKPIYNRN,,,1,ZP2.5,1,dn,0.056
all_atom,dual,VDKGSYKPRPTPPKPIYNRN,,,1,ZP2.5,1,up,0.075
all_atom,dual,VDKGSYKPRPTPPKPIYNRN,,,1,ZP2.5,2,dn,0.053
all_atom,dual,VDKGSYKPRPTPPKPIYNRN,,,1,ZP2.5,2,up,0.058
all_atom,dual,VDKGSYKPRPTPPKPIYNRN,,,1,ZP2.5,3,dn,0.051
all_atom,dual,VDKGSYKPRPTPPKPIYNRN,,,1,ZP2.5,3,up,0.055
all_atom,dual,VDKGSYKPRPTPPKPIYNRN,,,1,ZP2.5,4,dn,0.079
all_atom,dual,VDKGSYKPRPTPPKPIYNRN,,,1,ZP2.5,4,up,0.111
all_atom,dual,VDKGSYKPRPTPPKPIYNRN,,,1,ZP2.5,5,dn,0.085
all_atom,dual,VDKGSYKPRPTPPKPIYNRN,,,1,ZP2.5,5,up,0.078
all_atom,dual,VDKGSYKPRPTPPKPIYNRN,,,1,ZP3.5,1,dn,0.038
all_atom,dual,VDKGSYKPRPTPPKPIYNRN,,,1,ZP3.5,1,up,0.04
all_atom,dual,VDKGSYKPRPTPPKPIYNRN,,,1,ZP3.5,2,dn,0.022
all_atom,dual,VDKGSYKPRPTPPKPIYNRN,,,1,ZP3.5,2,up,0.041
all_atom,dual,VDKGSYKPRPTPPKPIYNRN,,,1,ZP3.5,3,dn,0.036
all_atom,dual,VDKGSYKPRPTPPKPIYNRN,,,1,ZP3.5,3,up,0.026
all_atom,dual,VDKGSYKPRPTPPKPIYNRN,,,1,ZP3.5,4,dn,0.065
all_atom,dual,VDKGSYKPRPTPPKPIYNRN,,,1,ZP3.5,4,up,0.069
all_atom,dual,VDKGSYKPRPTPPKPIYNRN,,,1,ZP3.5,5,dn,0.037
all_atom,dual,VDKGSYKPRPTPPKPIYNRN,,,1,ZP3.5,5,up,0.04
all_atom,dual,VDKGSYKPRPTPPKPIYNRN,,,1,ZP4.5,1,dn,0.017
all_atom,dual,VDKGSYKPRPTPPKPIYNRN,,,1,ZP4.5,1,up,0.014
all_atom,dual,VDKGSYKPRPTPPKPIYNRN,,,1,ZP4.5,2,dn,0.016
all_atom,dual,VDKGSYKPRPTPPKPIYNRN,,,1,ZP4.5,2,up,0.015
all_atom,dual,VDKGSYKPRPTPPKPIYNRN,,,1,ZP4.5,3,dn,0.013
all_atom,dual,VDKGSYKPRPTPPKPIYNRN,,,1,ZP4.5,3,up,0.011
all_atom,dual,VDKGSYKPRPTPPKPIYNRN,,,1,ZP4.5,4,dn,0.022
all_atom,dual,VDKGSYKPRPTPPKPIYNRN,,,1,ZP4.5,4,up,0.06
all_atom,dual,VDKGSYKPRPTPPKPIYNRN,,,1,ZP4.5,5,dn,0.016
all_atom,dual,VDKGSYKPRPTPPKPIYNRN,,,1,ZP4.5,5,up,0.026
all_atom,dual,VDKGSYKPRPTPPKPIYNRN,,,1,ZP5.5,1,dn,0.007
all_atom,dual,VDKGSYKPRPTPPKPIYNRN,,,1,ZP5.5,1,up,0.007
all_atom,dual,VDKGSYKPRPTPPKPIYNRN,,,1,ZP5.5,2,dn,0.003
all_atom,dual,VDKGSYKPRPTPPKPIYNRN,,,1,ZP5.5,2,up,0.008
all_atom,dual,VDKGSYKPRPTPPKPIYNRN,,,1,ZP5.5,3,dn,0.004
all_atom,dual,VDKGSYKPRPTPPKPIYNRN,,,1,ZP5.5,3,up,0.001
all_atom,dual,VDKGSYKPRPTPPKPIYNRN,,,1,ZP5.5,4,dn,0.014
all_atom,dual,VDKGSYKPRPTPPKPIYNRN,,,1,ZP5.5,4,up,0.028
all_atom,dual,VDKGSYKPRPTPPKPIYNRN,,,1,ZP5.5,5,dn,0.009
all_atom,dual,VDKGSYKPRPTPPKPIYNRN,,,1,ZP5.5,5,up,0.006
all_atom,dual,VDKGSYKPRPTPPKPIYNRN,,,1,ZP6.5,1,dn,0.002
all_atom,dual,VDKGSYKPRPTPPKPIYNRN,,,1,ZP6.5,1,up,0.0
all_atom,dual,VDKGSYKPRPTPPKPIYNRN,,,1,ZP6.5,2,dn,0.0
all_atom,dual,VDKGSYKPRPTPPKPIYNRN,,,1,ZP6.5,2,up,0.002
all_atom,dual,VDKGSYKPRPTPPKPIYNRN,,,1,ZP6.5,3,dn,0.001
all_atom,dual,VDKGSYKPRPTPPKPIYNRN,,,1,ZP6.5,3,up,0.002
all_atom,dual,VDKGSYKPRPTPPKPIYNRN,,,1,ZP6.5,4,dn,0.003
all_atom,dual,VDKGSYKPRPTPPKPIYNRN,,,1,ZP6.5,4,up,0.013
all_atom,dual,VDKGSYKPRPTPPKPIYNRN,,,1,ZP6.5,5,dn,0.002
all_atom,dual,VDKGSYKPRPTPPKPIYNRN,,,1,ZP6.5,5,up,0.004
all_atom,dual,VDKGSYKPRPTPPKPIYNRN,,,1,ZP7.5,1,dn,0.001
all_atom,dual,VDKGSYKPRPTPPKPIYNRN,,,1,ZP7.5,1,up,0.0
all_atom,dual,VDKGSYKPRPTPPKPIYNRN,,,1,ZP7.5,2,dn,0.001
all_atom,dual,VDKGSYKPRPTPPKPIYNRN,,,1,ZP7.5,2,up,0.0
all_atom,dual,VDKGSYKPRPTPPKPIYNRN,,,1,ZP7.5,3,dn,0.001
all_atom,dual,VDKGSYKPRPTPPKPIYNRN,,,1,ZP7.5,3,up,0.001
all_atom,dual,VDKGSYKPRPTPPKPIYNRN,,,1,ZP7.5,4,dn,0.0
all_atom,dual,VDKGSYKPRPTPPKPIYNRN,,,1,ZP7.5,4,up,0.011
all_atom,dual,VDKGSYKPRPTPPKPIYNRN,,,1,ZP7.5,5,dn,0.002
all_atom,dual,VDKGSYKPRPTPPKPIYNRN,,,1,ZP7.5,5,up,0.0
all_atom,dual,VDKGSYKPRPTPPKPIYNRN,,,1,ZP8.5,1,dn,0.0
all_atom,dual,VDKGSYKPRPTPPKPIYNRN,,,1,ZP8.5,1,up,0.0
all_atom,dual,VDKGSYKPRPTPPKPIYNRN,,,1,ZP8.5,2,dn,0.001
all_atom,dual,VDKGSYKPRPTPPKPIYNRN,,,1,ZP8.5,2,up,0.001
all_atom,dual,VDKGSYKPRPTPPKPIYNRN,,,1,ZP8.5,3,dn,0.0
all_atom,dual,VDKGSYKPRPTPPKPIYNRN,,,1,ZP8.5,3,up,0.0
all_atom,dual,VDKGSYKPRPTPPKPIYNRN,,,1,ZP8.5,4,dn,0.001
all_atom,dual,VDKGSYKPRPTPPKPIYNRN,,,1,ZP8.5,4,up,0.002
all_atom,dual,VDKGSYKPRPTPPKPIYNRN,,,1,ZP8.5,5,dn,0.0
all_atom,dual,VDKGSYKPRPTPPKPIYNRN,,,1,ZP8.5,5,up,0.0
all_atom,dual,VDKGSYKPRPTPPKPIYNRN,,,1,ZP9.5,1,dn,0.001
all_atom,dual,VDKGSYKPRPTPPKPIYNRN,,,1,ZP9.5,1,up,0.0
all_atom,dual,VDKGSYKPRPTPPKPIYNRN,,,1,ZP9.5,2,dn,0.0
all_atom,dual,VDKGSYKPRPTPPKPIYNRN,,,1,ZP9.5,2,up,0.0
all_atom,dual,VDKGSYKPRPTPPKPIYNRN,,,1,ZP9.5,3,dn,0.0
all_atom,dual,VDKGSYKPRPTPPKPIYNRN,,,1,ZP9.5,3,up,0.0
all_atom,dual,VDKGSYKPRPTPPKPIYNRN,,,1,ZP9.5,4,dn,0.0
all_atom,dual,VDKGSYKPRPTPPKPIYNRN,,,1,ZP9.5,4,up,0.0
all_atom,dual,VDKGSYKPRPTPPKPIYNRN,,,1,ZP9.5,5,dn,0.0
all_atom,dual,VDKGSYKPRPTPPKPIYNRN,,,1,ZP9.5,5,up,0.0
all_atom,dual,WLRAFRRLVRRLARGLRR,,,1,APLA12.5,1,dn,62.473
all_atom,dual,WLRAFRRLVRRLARGLRR,,,1,APLA12.5,1,up,58.915
all_atom,dual,WLRAFRRLVRRLARGLRR,,,1,APLA12.5,2,dn,61.879
all_atom,dual,WLRAFRRLVRRLARGLRR,,,1,APLA12.5,2,up,58.493
all_atom,dual,WLRAFRRLVRRLARGLRR,,,1,APLA12.5,3,dn,63.47
all_atom,dual,WLRAFRRLVRRLARGLRR,,,1,APLA12.5,3,up,59.102
all_atom,dual,WLRAFRRLVRRLARGLRR,,,1,APLA12.5,4,dn,61.423
all_atom,dual,WLRAFRRLVRRLARGLRR,,,1,APLA12.5,4,up,59.716
all_atom,dual,WLRAFRRLVRRLARGLRR,,,1,APLA12.5,5,dn,60.943
all_atom,dual,WLRAFRRLVRRLARGLRR,,,1,APLA12.5,5,up,60.86
all_atom,dual,WLRAFRRLVRRLARGLRR,,,1,APLA17.5,1,dn,60.17
all_atom,dual,WLRAFRRLVRRLARGLRR,,,1,APLA17.5,1,up,59.004
all_atom,dual,WLRAFRRLVRRLARGLRR,,,1,APLA17.5,2,dn,60.61
all_atom,dual,WLRAFRRLVRRLARGLRR,,,1,APLA17.5,2,up,58.412
all_atom,dual,WLRAFRRLVRRLARGLRR,,,1,APLA17.5,3,dn,61.83
all_atom,dual,WLRAFRRLVRRLARGLRR,,,1,APLA17.5,3,up,60.736
all_atom,dual,WLRAFRRLVRRLARGLRR,,,1,APLA17.5,4,dn,58.259
all_atom,dual,WLRAFRRLVRRLARGLRR,,,1,APLA17.5,4,up,59.812
all_atom,dual,WLRAFRRLVRRLARGLRR,,,1,APLA17.5,5,dn,59.819
all_atom,dual,WLRAFRRLVRRLARGLRR,,,1,APLA17.5,5,up,60.523
all_atom,dual,WLRAFRRLVRRLARGLRR,,,1,APLA2.5,1,dn,63.638
all_atom,dual,WLRAFRRLVRRLARGLRR,,,1,APLA2.5,1,up,72.733
all_atom,dual,WLRAFRRLVRRLARGLRR,,,1,APLA2.5,2,dn,59.709
all_atom,dual,WLRAFRRLVRRLARGLRR,,,1,APLA2.5,2,up,71.905
all_atom,dual,WLRAFRRLVRRLARGLRR,,,1,APLA2.5,3,dn,62.875
all_atom,dual,WLRAFRRLVRRLARGLRR,,,1,APLA2.5,3,up,71.424
all_atom,dual,WLRAFRRLVRRLARGLRR,,,1,APLA2.5,4,dn,70.226
all_atom,dual,WLRAFRRLVRRLARGLRR,,,1,APLA2.5,4,up,69.897
all_atom,dual,WLRAFRRLVRRLARGLRR,,,1,APLA2.5,5,dn,72.064
all_atom,dual,WLRAFRRLVRRLARGLRR,,,1,APLA2.5,5,up,68.85
all_atom,dual,WLRAFRRLVRRLARGLRR,,,1,APLA7.5,1,dn,59.183
all_atom,dual,WLRAFRRLVRRLARGLRR,,,1,APLA7.5,1,up,58.352
all_atom,dual,WLRAFRRLVRRLARGLRR,,,1,APLA7.5,2,dn,60.257
all_atom,dual,WLRAFRRLVRRLARGLRR,,,1,APLA7.5,2,up,59.905
all_atom,dual,WLRAFRRLVRRLARGLRR,,,1,APLA7.5,3,dn,57.924
all_atom,dual,WLRAFRRLVRRLARGLRR,,,1,APLA7.5,3,up,55.95
all_atom,dual,WLRAFRRLVRRLARGLRR,,,1,APLA7.5,4,dn,61.991
all_atom,dual,WLRAFRRLVRRLARGLRR,,,1,APLA7.5,4,up,59.308
all_atom,dual,WLRAFRRLVRRLARGLRR,,,1,APLA7.5,5,dn,58.474
all_atom,dual,WLRAFRRLVRRLARGLRR,,,1,APLA7.5,5,up,58.862
all_atom,dual,WLRAFRRLVRRLARGLRR,,,1,APLS12.5,1,dn,4.527
all_atom,dual,WLRAFRRLVRRLARGLRR,,,1,APLS12.5,1,up,3.719
all_atom,dual,WLRAFRRLVRRLARGLRR,,,1,APLS12.5,2,dn,4.091
all_atom,dual,WLRAFRRLVRRLARGLRR,,,1,APLS12.5,2,up,3.759
all_atom,dual,WLRAFRRLVRRLARGLRR,,,1,APLS12.5,3,dn,3.809
all_atom,dual,WLRAFRRLVRRLARGLRR,,,1,APLS12.5,3,up,3.765
all_atom,dual,WLRAFRRLVRRLARGLRR,,,1,APLS12.5,4,dn,3.773
all_atom,dual,WLRAFRRLVRRLARGLRR,,,1,APLS12.5,4,up,3.874
all_atom,dual,WLRAFRRLVRRLARGLRR,,,1,APLS12.5,5,dn,4.373
all_atom,dual,WLRAFRRLVRRLARGLRR,,,1,APLS12.5,5,up,3.698
all_atom,dual,WLRAFRRLVRRLARGLRR,,,1,APLS17.5,1,dn,3.654
all_atom,dual,WLRAFRRLVRRLARGLRR,,,1,APLS17.5,1,up,3.349
all_atom,dual,WLRAFRRLVRRLARGLRR,,,1,APLS17.5,2,dn,3.699
all_atom,dual,WLRAFRRLVRRLARGLRR,,,1,APLS17.5,2,up,3.527
all_atom,dual,WLRAFRRLVRRLARGLRR,,,1,APLS17.5,3,dn,3.736
all_atom,dual,WLRAFRRLVRRLARGLRR,,,1,APLS17.5,3,up,4.28
all_atom,dual,WLRAFRRLVRRLARGLRR,,,1,APLS17.5,4,dn,3.977
all_atom,dual,WLRAFRRLVRRLARGLRR,,,1,APLS17.5,4,up,3.257
all_atom,dual,WLRAFRRLVRRLARGLRR,,,1,APLS17.5,5,dn,3.426
all_atom,dual,WLRAFRRLVRRLARGLRR,,,1,APLS17.5,5,up,3.756
all_atom,dual,WLRAFRRLVRRLARGLRR,,,1,APLS2.5,1,dn,9.207
all_atom,dual,WLRAFRRLVRRLARGLRR,,,1,APLS2.5,1,up,7.049
all_atom,dual,WLRAFRRLVRRLARGLRR,,,1,APLS2.5,2,dn,4.232
all_atom,dual,WLRAFRRLVRRLARGLRR,,,1,APLS2.5,2,up,5.455
all_atom,dual,WLRAFRRLVRRLARGLRR,,,1,APLS2.5,3,dn,4.938
all_atom,dual,WLRAFRRLVRRLARGLRR,,,1,APLS2.5,3,up,5.103
all_atom,dual,WLRAFRRLVRRLARGLRR,,,1,APLS2.5,4,dn,4.637
all_atom,dual,WLRAFRRLVRRLARGLRR,,,1,APLS2.5,4,up,4.897
all_atom,dual,WLRAFRRLVRRLARGLRR,,,1,APLS2.5,5,dn,6.176
all_atom,dual,WLRAFRRLVRRLARGLRR,,,1,APLS2.5,5,up,5.556
all_atom,dual,WLRAFRRLVRRLARGLRR,,,1,APLS7.5,1,dn,4.348
all_atom,dual,WLRAFRRLVRRLARGLRR,,,1,APLS7.5,1,up,5.048
all_atom,dual,WLRAFRRLVRRLARGLRR,,,1,APLS7.5,2,dn,5.311
all_atom,dual,WLRAFRRLVRRLARGLRR,,,1,APLS7.5,2,up,6.138
all_atom,dual,WLRAFRRLVRRLARGLRR,,,1,APLS7.5,3,dn,4.26
all_atom,dual,WLRAFRRLVRRLARGLRR,,,1,APLS7.5,3,up,5.67
all_atom,dual,WLRAFRRLVRRLARGLRR,,,1,APLS7.5,4,dn,5.314
all_atom,dual,WLRAFRRLVRRLARGLRR,,,1,APLS7.5,4,up,5.1
all_atom,dual,WLRAFRRLVRRLARGLRR,,,1,APLS7.5,5,dn,4.666
all_atom,dual,WLRAFRRLVRRLARGLRR,,,1,APLS7.5,5,up,4.614
all_atom,dual,WLRAFRRLVRRLARGLRR,,,1,H0,1,dn,0.0
all_atom,dual,WLRAFRRLVRRLARGLRR,,,1,H0,1,up,0.0
all_atom,dual,WLRAFRRLVRRLARGLRR,,,1,H0,2,dn,0.0
all_atom,dual,WLRAFRRLVRRLARGLRR,,,1,H0,2,up,0.0
all_atom,dual,WLRAFRRLVRRLARGLRR,,,1,H0,3,dn,0.0
all_atom,dual,WLRAFRRLVRRLARGLRR,,,1,H0,3,up,0.0
all_atom,dual,WLRAFRRLVRRLARGLRR,,,1,H0,4,dn,0.0
all_atom,dual,WLRAFRRLVRRLARGLRR,,,1,H0,4,up,0.0
all_atom,dual,WLRAFRRLVRRLARGLRR,,,1,H0,5,dn,0.0
all_atom,dual,WLRAFRRLVRRLARGLRR,,,1,H0,5,up,0.0
all_atom,dual,WLRAFRRLVRRLARGLRR,,,1,H1,1,dn,1.0
all_atom,dual,WLRAFRRLVRRLARGLRR,,,1,H1,1,up,1.0
all_atom,dual,WLRAFRRLVRRLARGLRR,,,1,H1,2,dn,1.0
all_atom,dual,WLRAFRRLVRRLARGLRR,,,1,H1,2,up,1.0
all_atom,dual,WLRAFRRLVRRLARGLRR,,,1,H1,3,dn,1.0
all_atom,dual,WLRAFRRLVRRLARGLRR,,,1,H1,3,up,1.0
all_atom,dual,WLRAFRRLVRRLARGLRR,,,1,H1,4,dn,0.997
all_atom,dual,WLRAFRRLVRRLARGLRR,,,1,H1,4,up,1.0
all_atom,dual,WLRAFRRLVRRLARGLRR,,,1,H1,5,dn,1.0
all_atom,dual,WLRAFRRLVRRLARGLRR,,,1,H1,5,up,1.0
all_atom,dual,WLRAFRRLVRRLARGLRR,,,1,H10,1,dn,0.0
all_atom,dual,WLRAFRRLVRRLARGLRR,,,1,H10,1,up,0.0
all_atom,dual,WLRAFRRLVRRLARGLRR,,,1,H10,2,dn,0.0
all_atom,dual,WLRAFRRLVRRLARGLRR,,,1,H10,2,up,0.0
all_atom,dual,WLRAFRRLVRRLARGLRR,,,1,H10,3,dn,0.0
all_atom,dual,WLRAFRRLVRRLARGLRR,,,1,H10,3,up,0.0
all_atom,dual,WLRAFRRLVRRLARGLRR,,,1,H10,4,dn,0.0
all_atom,dual,WLRAFRRLVRRLARGLRR,,,1,H10,4,up,0.0
all_atom,dual,WLRAFRRLVRRLARGLRR,,,1,H10,5,dn,0.0
all_atom,dual,WLRAFRRLVRRLARGLRR,,,1,H10,5,up,0.0
all_atom,dual,WLRAFRRLVRRLARGLRR,,,1,H2,1,dn,1.0
all_atom,dual,WLRAFRRLVRRLARGLRR,,,1,H2,1,up,1.0
all_atom,dual,WLRAFRRLVRRLARGLRR,,,1,H2,2,dn,1.0
all_atom,dual,WLRAFRRLVRRLARGLRR,,,1,H2,2,up,1.0
all_atom,dual,WLRAFRRLVRRLARGLRR,,,1,H2,3,dn,1.0
all_atom,dual,WLRAFRRLVRRLARGLRR,,,1,H2,3,up,1.0
all_atom,dual,WLRAFRRLVRRLARGLRR,,,1,H2,4,dn,1.0
all_atom,dual,WLRAFRRLVRRLARGLRR,,,1,H2,4,up,1.0
all_atom,dual,WLRAFRRLVRRLARGLRR,,,1,H2,5,dn,1.0
all_atom,dual,WLRAFRRLVRRLARGLRR,,,1,H2,5,up,1.0
all_atom,dual,WLRAFRRLVRRLARGLRR,,,1,H3,1,dn,1.0
all_atom,dual,WLRAFRRLVRRLARGLRR,,,1,H3,1,up,1.0
all_atom,dual,WLRAFRRLVRRLARGLRR,,,1,H3,2,dn,1.0
all_atom,dual,WLRAFRRLVRRLARGLRR,,,1,H3,2,up,1.0
all_atom,dual,WLRAFRRLVRRLARGLRR,,,1,H3,3,dn,1.0
all_atom,dual,WLRAFRRLVRRLARGLRR,,,1,H3,3,up,1.0
all_atom,dual,WLRAFRRLVRRLARGLRR,,,1,H3,4,dn,1.0
all_atom,dual,WLRAFRRLVRRLARGLRR,,,1,H3,4,up,1.0
all_atom,dual,WLRAFRRLVRRLARGLRR,,,1,H3,5,dn,1.0
all_atom,dual,WLRAFRRLVRRLARGLRR,,,1,H3,5,up,1.0
all_atom,dual,WLRAFRRLVRRLARGLRR,,,1,H4,1,dn,1.0
all_atom,dual,WLRAFRRLVRRLARGLRR,,,1,H4,1,up,1.0
all_atom,dual,WLRAFRRLVRRLARGLRR,,,1,H4,2,dn,1.0
all_atom,dual,WLRAFRRLVRRLARGLRR,,,1,H4,2,up,1.0
all_atom,dual,WLRAFRRLVRRLARGLRR,,,1,H4,3,dn,1.0
all_atom,dual,WLRAFRRLVRRLARGLRR,,,1,H4,3,up,1.0
all_atom,dual,WLRAFRRLVRRLARGLRR,,,1,H4,4,dn,1.0
all_atom,dual,WLRAFRRLVRRLARGLRR,,,1,H4,4,up,1.0
all_atom,dual,WLRAFRRLVRRLARGLRR,,,1,H4,5,dn,1.0
all_atom,dual,WLRAFRRLVRRLARGLRR,,,1,H4,5,up,1.0
all_atom,dual,WLRAFRRLVRRLARGLRR,,,1,H5,1,dn,1.0
all_atom,dual,WLRAFRRLVRRLARGLRR,,,1,H5,1,up,1.0
all_atom,dual,WLRAFRRLVRRLARGLRR,,,1,H5,2,dn,1.0
all_atom,dual,WLRAFRRLVRRLARGLRR,,,1,H5,2,up,1.0
all_atom,dual,WLRAFRRLVRRLARGLRR,,,1,H5,3,dn,1.0
all_atom,dual,WLRAFRRLVRRLARGLRR,,,1,H5,3,up,1.0
all_atom,dual,WLRAFRRLVRRLARGLRR,,,1,H5,4,dn,1.0
all_atom,dual,WLRAFRRLVRRLARGLRR,,,1,H5,4,up,1.0
all_atom,dual,WLRAFRRLVRRLARGLRR,,,1,H5,5,dn,1.0
all_atom,dual,WLRAFRRLVRRLARGLRR,,,1,H5,5,up,1.0
all_atom,dual,WLRAFRRLVRRLARGLRR,,,1,H6,1,dn,1.0
all_atom,dual,WLRAFRRLVRRLARGLRR,,,1,H6,1,up,0.998
all_atom,dual,WLRAFRRLVRRLARGLRR,,,1,H6,2,dn,1.0
all_atom,dual,WLRAFRRLVRRLARGLRR,,,1,H6,2,up,1.0
all_atom,dual,WLRAFRRLVRRLARGLRR,,,1,H6,3,dn,1.0
all_atom,dual,WLRAFRRLVRRLARGLRR,,,1,H6,3,up,1.0
all_atom,dual,WLRAFRRLVRRLARGLRR,,,1,H6,4,dn,1.0
all_atom,dual,WLRAFRRLVRRLARGLRR,,,1,H6,4,up,1.0
all_atom,dual,WLRAFRRLVRRLARGLRR,,,1,H6,5,dn,1.0
all_atom,dual,WLRAFRRLVRRLARGLRR,,,1,H6,5,up,1.0
all_atom,dual,WLRAFRRLVRRLARGLRR,,,1,H7,1,dn,1.0
all_atom,dual,WLRAFRRLVRRLARGLRR,,,1,H7,1,up,0.954
all_atom,dual,WLRAFRRLVRRLARGLRR,,,1,H7,2,dn,1.0
all_atom,dual,WLRAFRRLVRRLARGLRR,,,1,H7,2,up,1.0
all_atom,dual,WLRAFRRLVRRLARGLRR,,,1,H7,3,dn,1.0
all_atom,dual,WLRAFRRLVRRLARGLRR,,,1,H7,3,up,1.0
all_atom,dual,WLRAFRRLVRRLARGLRR,,,1,H7,4,dn,1.0
all_atom,dual,WLRAFRRLVRRLARGLRR,,,1,H7,4,up,1.0
all_atom,dual,WLRAFRRLVRRLARGLRR,,,1,H7,5,dn,1.0
all_atom,dual,WLRAFRRLVRRLARGLRR,,,1,H7,5,up,1.0
all_atom,dual,WLRAFRRLVRRLARGLRR,,,1,H8,1,dn,0.974
all_atom,dual,WLRAFRRLVRRLARGLRR,,,1,H8,1,up,0.648
all_atom,dual,WLRAFRRLVRRLARGLRR,,,1,H8,2,dn,1.0
all_atom,dual,WLRAFRRLVRRLARGLRR,,,1,H8,2,up,0.988
all_atom,dual,WLRAFRRLVRRLARGLRR,,,1,H8,3,dn,1.0
all_atom,dual,WLRAFRRLVRRLARGLRR,,,1,H8,3,up,0.994
all_atom,dual,WLRAFRRLVRRLARGLRR,,,1,H8,4,dn,1.0
all_atom,dual,WLRAFRRLVRRLARGLRR,,,1,H8,4,up,0.988
all_atom,dual,WLRAFRRLVRRLARGLRR,,,1,H8,5,dn,1.0
all_atom,dual,WLRAFRRLVRRLARGLRR,,,1,H8,5,up,1.0
all_atom,dual,WLRAFRRLVRRLARGLRR,,,1,H9,1,dn,0.829
all_atom,dual,WLRAFRRLVRRLARGLRR,,,1,H9,1,up,0.486
all_atom,dual,WLRAFRRLVRRLARGLRR,,,1,H9,2,dn,0.905
all_atom,dual,WLRAFRRLVRRLARGLRR,,,1,H9,2,up,0.925
all_atom,dual,WLRAFRRLVRRLARGLRR,,,1,H9,3,dn,0.945
all_atom,dual,WLRAFRRLVRRLARGLRR,,,1,H9,3,up,0.95
all_atom,dual,WLRAFRRLVRRLARGLRR,,,1,H9,4,dn,0.905
all_atom,dual,WLRAFRRLVRRLARGLRR,,,1,H9,4,up,0.921
all_atom,dual,WLRAFRRLVRRLARGLRR,,,1,H9,5,dn,0.944
all_atom,dual,WLRAFRRLVRRLARGLRR,,,1,H9,5,up,0.851
all_atom,dual,WLRAFRRLVRRLARGLRR,,,1,HM,1,dn,0.858
all_atom,dual,WLRAFRRLVRRLARGLRR,,,1,HM,1,up,0.789
all_atom,dual,WLRAFRRLVRRLARGLRR,,,1,HM,2,dn,0.871
all_atom,dual,WLRAFRRLVRRLARGLRR,,,1,HM,2,up,0.879
all_atom,dual,WLRAFRRLVRRLARGLRR,,,1,HM,3,dn,0.88
all_atom,dual,WLRAFRRLVRRLARGLRR,,,1,HM,3,up,0.883
all_atom,dual,WLRAFRRLVRRLARGLRR,,,1,HM,4,dn,0.873
all_atom,dual,WLRAFRRLVRRLARGLRR,,,1,HM,4,up,0.879
all_atom,dual,WLRAFRRLVRRLARGLRR,,,1,HM,5,dn,0.881
all_atom,dual,WLRAFRRLVRRLARGLRR,,,1,HM,5,up,0.866
all_atom,dual,WLRAFRRLVRRLARGLRR,,,1,PEPT_BUR_MAX,1,dn,2.67
all_atom,dual,WLRAFRRLVRRLARGLRR,,,1,PEPT_BUR_MAX,1,up,2.75
all_atom,dual,WLRAFRRLVRRLARGLRR,,,1,PEPT_BUR_MAX,2,dn,1.58
all_atom,dual,WLRAFRRLVRRLARGLRR,,,1,PEPT_BUR_MAX,2,up,5.3
all_atom,dual,WLRAFRRLVRRLARGLRR,,,1,PEPT_BUR_MAX,3,dn,2.11
all_atom,dual,WLRAFRRLVRRLARGLRR,,,1,PEPT_BUR_MAX,3,up,3.86
all_atom,dual,WLRAFRRLVRRLARGLRR,,,1,PEPT_BUR_MAX,4,dn,3.53
all_atom,dual,WLRAFRRLVRRLARGLRR,,,1,PEPT_BUR_MAX,4,up,5.81
all_atom,dual,WLRAFRRLVRRLARGLRR,,,1,PEPT_BUR_MAX,5,dn,4.87
all_atom,dual,WLRAFRRLVRRLARGLRR,,,1,PEPT_BUR_MAX,5,up,4.55
all_atom,dual,WLRAFRRLVRRLARGLRR,,,1,S,1,dn,0.941
all_atom,dual,WLRAFRRLVRRLARGLRR,,,1,S,1,up,0.886
all_atom,dual,WLRAFRRLVRRLARGLRR,,,1,S,2,dn,0.973
all_atom,dual,WLRAFRRLVRRLARGLRR,,,1,S,2,up,0.892
all_atom,dual,WLRAFRRLVRRLARGLRR,,,1,S,3,dn,0.945
all_atom,dual,WLRAFRRLVRRLARGLRR,,,1,S,3,up,0.924
all_atom,dual,WLRAFRRLVRRLARGLRR,,,1,S,4,dn,0.938
all_atom,dual,WLRAFRRLVRRLARGLRR,,,1,S,4,up,0.891
all_atom,dual,WLRAFRRLVRRLARGLRR,,,1,S,5,dn,0.956
all_atom,dual,WLRAFRRLVRRLARGLRR,,,1,S,5,up,0.908
all_atom,dual,WLRAFRRLVRRLARGLRR,,,1,WAT_BUR_MAX,1,dn,6.1
all_atom,dual,WLRAFRRLVRRLARGLRR,,,1,WAT_BUR_MAX,1,up,8.46
all_atom,dual,WLRAFRRLVRRLARGLRR,,,1,WAT_BUR_MAX,2,dn,1.59
all_atom,dual,WLRAFRRLVRRLARGLRR,,,1,WAT_BUR_MAX,2,up,5.63
all_atom,dual,WLRAFRRLVRRLARGLRR,,,1,WAT_BUR_MAX,3,dn,6.22
all_atom,dual,WLRAFRRLVRRLARGLRR,,,1,WAT_BUR_MAX,3,up,6.65
all_atom,dual,WLRAFRRLVRRLARGLRR,,,1,WAT_BUR_MAX,4,dn,6.72
all_atom,dual,WLRAFRRLVRRLARGLRR,,,1,WAT_BUR_MAX,4,up,10.66
all_atom,dual,WLRAFRRLVRRLARGLRR,,,1,WAT_BUR_MAX,5,dn,6.9
all_atom,dual,WLRAFRRLVRRLARGLRR,,,1,WAT_BUR_MAX,5,up,5.48
all_atom,dual,WLRAFRRLVRRLARGLRR,,,1,WAT_BUR_REL,1,dn,4.99
all_atom,dual,WLRAFRRLVRRLARGLRR,,,1,WAT_BUR_REL,1,up,3.89
all_atom,dual,WLRAFRRLVRRLARGLRR,,,1,WAT_BUR_REL,2,dn,4.2
all_atom,dual,WLRAFRRLVRRLARGLRR,,,1,WAT_BUR_REL,2,up,3.99
all_atom,dual,WLRAFRRLVRRLARGLRR,,,1,WAT_BUR_REL,3,dn,4.4
all_atom,dual,WLRAFRRLVRRLARGLRR,,,1,WAT_BUR_REL,3,up,3.57
all_atom,dual,WLRAFRRLVRRLARGLRR,,,1,WAT_BUR_REL,4,dn,5.52
all_atom,dual,WLRAFRRLVRRLARGLRR,,,1,WAT_BUR_REL,4,up,4.45
all_atom,dual,WLRAFRRLVRRLARGLRR,,,1,WAT_BUR_REL,5,dn,4.93
all_atom,dual,WLRAFRRLVRRLARGLRR,,,1,WAT_BUR_REL,5,up,4.14
all_atom,dual,WLRAFRRLVRRLARGLRR,,,1,ZP-0.5,1,dn,0.11
all_atom,dual,WLRAFRRLVRRLARGLRR,,,1,ZP-0.5,1,up,0.131
all_atom,dual,WLRAFRRLVRRLARGLRR,,,1,ZP-0.5,2,dn,0.115
all_atom,dual,WLRAFRRLVRRLARGLRR,,,1,ZP-0.5,2,up,0.126
all_atom,dual,WLRAFRRLVRRLARGLRR,,,1,ZP-0.5,3,dn,0.129
all_atom,dual,WLRAFRRLVRRLARGLRR,,,1,ZP-0.5,3,up,0.136
all_atom,dual,WLRAFRRLVRRLARGLRR,,,1,ZP-0.5,4,dn,0.154
all_atom,dual,WLRAFRRLVRRLARGLRR,,,1,ZP-0.5,4,up,0.141
all_atom,dual,WLRAFRRLVRRLARGLRR,,,1,ZP-0.5,5,dn,0.148
all_atom,dual,WLRAFRRLVRRLARGLRR,,,1,ZP-0.5,5,up,0.112
all_atom,dual,WLRAFRRLVRRLARGLRR,,,1,ZP-1.5,1,dn,0.139
all_atom,dual,WLRAFRRLVRRLARGLRR,,,1,ZP-1.5,1,up,0.129
all_atom,dual,WLRAFRRLVRRLARGLRR,,,1,ZP-1.5,2,dn,0.141
all_atom,dual,WLRAFRRLVRRLARGLRR,,,1,ZP-1.5,2,up,0.133
all_atom,dual,WLRAFRRLVRRLARGLRR,,,1,ZP-1.5,3,dn,0.134
all_atom,dual,WLRAFRRLVRRLARGLRR,,,1,ZP-1.5,3,up,0.128
all_atom,dual,WLRAFRRLVRRLARGLRR,,,1,ZP-1.5,4,dn,0.144
all_atom,dual,WLRAFRRLVRRLARGLRR,,,1,ZP-1.5,4,up,0.143
all_atom,dual,WLRAFRRLVRRLARGLRR,,,1,ZP-1.5,5,dn,0.143
all_atom,dual,WLRAFRRLVRRLARGLRR,,,1,ZP-1.5,5,up,0.131
all_atom,dual,WLRAFRRLVRRLARGLRR,,,1,ZP-2.5,1,dn,0.185
all_atom,dual,WLRAFRRLVRRLARGLRR,,,1,ZP-2.5,1,up,0.133
all_atom,dual,WLRAFRRLVRRLARGLRR,,,1,ZP-2.5,2,dn,0.141
all_atom,dual,WLRAFRRLVRRLARGLRR,,,1,ZP-2.5,2,up,0.11
all_atom,dual,WLRAFRRLVRRLARGLRR,,,1,ZP-2.5,3,dn,0.127
all_atom,dual,WLRAFRRLVRRLARGLRR,,,1,ZP-2.5,3,up,0.123
all_atom,dual,WLRAFRRLVRRLARGLRR,,,1,ZP-2.5,4,dn,0.134
all_atom,dual,WLRAFRRLVRRLARGLRR,,,1,ZP-2.5,4,up,0.123
all_atom,dual,WLRAFRRLVRRLARGLRR,,,1,ZP-2.5,5,dn,0.129
all_atom,dual,WLRAFRRLVRRLARGLRR,,,1,ZP-2.5,5,up,0.126
all_atom,dual,WLRAFRRLVRRLARGLRR,,,1,ZP-3.5,1,dn,0.148
all_atom,dual,WLRAFRRLVRRLARGLRR,,,1,ZP-3.5,1,up,0.121
all_atom,dual,WLRAFRRLVRRLARGLRR,,,1,ZP-3.5,2,dn,0.109
all_atom,dual,WLRAFRRLVRRLARGLRR,,,1,ZP-3.5,2,up,0.107
all_atom,dual,WLRAFRRLVRRLARGLRR,,,1,ZP-3.5,3,dn,0.101
all_atom,dual,WLRAFRRLVRRLARGLRR,,,1,ZP-3.5,3,up,0.107
all_atom,dual,WLRAFRRLVRRLARGLRR,,,1,ZP-3.5,4,dn,0.102
all_atom,dual,WLRAFRRLVRRLARGLRR,,,1,ZP-3.5,4,up,0.104
all_atom,dual,WLRAFRRLVRRLARGLRR,,,1,ZP-3.5,5,dn,0.096
all_atom,dual,WLRAFRRLVRRLARGLRR,,,1,ZP-3.5,5,up,0.096
all_atom,dual,WLRAFRRLVRRLARGLRR,,,1,ZP-4.5,1,dn,0.101
all_atom,dual,WLRAFRRLVRRLARGLRR,,,1,ZP-4.5,1,up,0.102
all_atom,dual,WLRAFRRLVRRLARGLRR,,,1,ZP-4.5,2,dn,0.101
all_atom,dual,WLRAFRRLVRRLARGLRR,,,1,ZP-4.5,2,up,0.067
all_atom,dual,WLRAFRRLVRRLARGLRR,,,1,ZP-4.5,3,dn,0.087
all_atom,dual,WLRAFRRLVRRLARGLRR,,,1,ZP-4.5,3,up,0.087
all_atom,dual,WLRAFRRLVRRLARGLRR,,,1,ZP-4.5,4,dn,0.059
all_atom,dual,WLRAFRRLVRRLARGLRR,,,1,ZP-4.5,4,up,0.068
all_atom,dual,WLRAFRRLVRRLARGLRR,,,1,ZP-4.5,5,dn,0.063
all_atom,dual,WLRAFRRLVRRLARGLRR,,,1,ZP-4.5,5,up,0.046
all_atom,dual,WLRAFRRLVRRLARGLRR,,,1,ZP-5.5,1,dn,0.068
all_atom,dual,WLRAFRRLVRRLARGLRR,,,1,ZP-5.5,1,up,0.062
all_atom,dual,WLRAFRRLVRRLARGLRR,,,1,ZP-5.5,2,dn,0.079
all_atom,dual,WLRAFRRLVRRLARGLRR,,,1,ZP-5.5,2,up,0.047
all_atom,dual,WLRAFRRLVRRLARGLRR,,,1,ZP-5.5,3,dn,0.039
all_atom,dual,WLRAFRRLVRRLARGLRR,,,1,ZP-5.5,3,up,0.055
all_atom,dual,WLRAFRRLVRRLARGLRR,,,1,ZP-5.5,4,dn,0.031
all_atom,dual,WLRAFRRLVRRLARGLRR,,,1,ZP-5.5,4,up,0.033
all_atom,dual,WLRAFRRLVRRLARGLRR,,,1,ZP-5.5,5,dn,0.036
all_atom,dual,WLRAFRRLVRRLARGLRR,,,1,ZP-5.5,5,up,0.039
all_atom,dual,WLRAFRRLVRRLARGLRR,,,1,ZP-6.5,1,dn,0.033
all_atom,dual,WLRAFRRLVRRLARGLRR,,,1,ZP-6.5,1,up,0.03
all_atom,dual,WLRAFRRLVRRLARGLRR,,,1,ZP-6.5,2,dn,0.039
all_atom,dual,WLRAFRRLVRRLARGLRR,,,1,ZP-6.5,2,up,0.032
all_atom,dual,WLRAFRRLVRRLARGLRR,,,1,ZP-6.5,3,dn,0.039
all_atom,dual,WLRAFRRLVRRLARGLRR,,,1,ZP-6.5,3,up,0.042
all_atom,dual,WLRAFRRLVRRLARGLRR,,,1,ZP-6.5,4,dn,0.01
all_atom,dual,WLRAFRRLVRRLARGLRR,,,1,ZP-6.5,4,up,0.02
all_atom,dual,WLRAFRRLVRRLARGLRR,,,1,ZP-6.5,5,dn,0.024
all_atom,dual,WLRAFRRLVRRLARGLRR,,,1,ZP-6.5,5,up,0.022
all_atom,dual,WLRAFRRLVRRLARGLRR,,,1,ZP-7.5,1,dn,0.02
all_atom,dual,WLRAFRRLVRRLARGLRR,,,1,ZP-7.5,1,up,0.021
all_atom,dual,WLRAFRRLVRRLARGLRR,,,1,ZP-7.5,2,dn,0.032
all_atom,dual,WLRAFRRLVRRLARGLRR,,,1,ZP-7.5,2,up,0.014
all_atom,dual,WLRAFRRLVRRLARGLRR,,,1,ZP-7.5,3,dn,0.015
all_atom,dual,WLRAFRRLVRRLARGLRR,,,1,ZP-7.5,3,up,0.021
all_atom,dual,WLRAFRRLVRRLARGLRR,,,1,ZP-7.5,4,dn,0.005
all_atom,dual,WLRAFRRLVRRLARGLRR,,,1,ZP-7.5,4,up,0.011
all_atom,dual,WLRAFRRLVRRLARGLRR,,,1,ZP-7.5,5,dn,0.006
all_atom,dual,WLRAFRRLVRRLARGLRR,,,1,ZP-7.5,5,up,0.01
all_atom,dual,WLRAFRRLVRRLARGLRR,,,1,ZP-8.5,1,dn,0.003
all_atom,dual,WLRAFRRLVRRLARGLRR,,,1,ZP-8.5,1,up,0.013
all_atom,dual,WLRAFRRLVRRLARGLRR,,,1,ZP-8.5,2,dn,0.017
all_atom,dual,WLRAFRRLVRRLARGLRR,,,1,ZP-8.5,2,up,0.005
all_atom,dual,WLRAFRRLVRRLARGLRR,,,1,ZP-8.5,3,dn,0.011
all_atom,dual,WLRAFRRLVRRLARGLRR,,,1,ZP-8.5,3,up,0.01
all_atom,dual,WLRAFRRLVRRLARGLRR,,,1,ZP-8.5,4,dn,0.002
all_atom,dual,WLRAFRRLVRRLARGLRR,,,1,ZP-8.5,4,up,0.003
all_atom,dual,WLRAFRRLVRRLARGLRR,,,1,ZP-8.5,5,dn,0.003
all_atom,dual,WLRAFRRLVRRLARGLRR,,,1,ZP-8.5,5,up,0.02
all_atom,dual,WLRAFRRLVRRLARGLRR,,,1,ZP-9.5,1,dn,0.0
all_atom,dual,WLRAFRRLVRRLARGLRR,,,1,ZP-9.5,1,up,0.003
all_atom,dual,WLRAFRRLVRRLARGLRR,,,1,ZP-9.5,2,dn,0.009
all_atom,dual,WLRAFRRLVRRLARGLRR,,,1,ZP-9.5,2,up,0.002
all_atom,dual,WLRAFRRLVRRLARGLRR,,,1,ZP-9.5,3,dn,0.004
all_atom,dual,WLRAFRRLVRRLARGLRR,,,1,ZP-9.5,3,up,0.003
all_atom,dual,WLRAFRRLVRRLARGLRR,,,1,ZP-9.5,4,dn,0.0
all_atom,dual,WLRAFRRLVRRLARGLRR,,,1,ZP-9.5,4,up,0.001
all_atom,dual,WLRAFRRLVRRLARGLRR,,,1,ZP-9.5,5,dn,0.002
all_atom,dual,WLRAFRRLVRRLARGLRR,,,1,ZP-9.5,5,up,0.009
all_atom,dual,WLRAFRRLVRRLARGLRR,,,1,ZP0.5,1,dn,0.087
all_atom,dual,WLRAFRRLVRRLARGLRR,,,1,ZP0.5,1,up,0.114
all_atom,dual,WLRAFRRLVRRLARGLRR,,,1,ZP0.5,2,dn,0.091
all_atom,dual,WLRAFRRLVRRLARGLRR,,,1,ZP0.5,2,up,0.111
all_atom,dual,WLRAFRRLVRRLARGLRR,,,1,ZP0.5,3,dn,0.105
all_atom,dual,WLRAFRRLVRRLARGLRR,,,1,ZP0.5,3,up,0.114
all_atom,dual,WLRAFRRLVRRLARGLRR,,,1,ZP0.5,4,dn,0.134
all_atom,dual,WLRAFRRLVRRLARGLRR,,,1,ZP0.5,4,up,0.132
all_atom,dual,WLRAFRRLVRRLARGLRR,,,1,ZP0.5,5,dn,0.134
all_atom,dual,WLRAFRRLVRRLARGLRR,,,1,ZP0.5,5,up,0.126
all_atom,dual,WLRAFRRLVRRLARGLRR,,,1,ZP1.5,1,dn,0.067
all_atom,dual,WLRAFRRLVRRLARGLRR,,,1,ZP1.5,1,up,0.069
all_atom,dual,WLRAFRRLVRRLARGLRR,,,1,ZP1.5,2,dn,0.064
all_atom,dual,WLRAFRRLVRRLARGLRR,,,1,ZP1.5,2,up,0.101
all_atom,dual,WLRAFRRLVRRLARGLRR,,,1,ZP1.5,3,dn,0.088
all_atom,dual,WLRAFRRLVRRLARGLRR,,,1,ZP1.5,3,up,0.083
all_atom,dual,WLRAFRRLVRRLARGLRR,,,1,ZP1.5,4,dn,0.111
all_atom,dual,WLRAFRRLVRRLARGLRR,,,1,ZP1.5,4,up,0.101
all_atom,dual,WLRAFRRLVRRLARGLRR,,,1,ZP1.5,5,dn,0.11
all_atom,dual,WLRAFRRLVRRLARGLRR,,,1,ZP1.5,5,up,0.106
all_atom,dual,WLRAFRRLVRRLARGLRR,,,1,ZP2.5,1,dn,0.02
all_atom,dual,WLRAFRRLVRRLARGLRR,,,1,ZP2.5,1,up,0.042
all_atom,dual,WLRAFRRLVRRLARGLRR,,,1,ZP2.5,2,dn,0.034
all_atom,dual,WLRAFRRLVRRLARGLRR,,,1,ZP2.5,2,up,0.07
all_atom,dual,WLRAFRRLVRRLARGLRR,,,1,ZP2.5,3,dn,0.055
all_atom,dual,WLRAFRRLVRRLARGLRR,,,1,ZP2.5,3,up,0.047
all_atom,dual,WLRAFRRLVRRLARGLRR,,,1,ZP2.5,4,dn,0.063
all_atom,dual,WLRAFRRLVRRLARGLRR,,,1,ZP2.5,4,up,0.061
all_atom,dual,WLRAFRRLVRRLARGLRR,,,1,ZP2.5,5,dn,0.063
all_atom,dual,WLRAFRRLVRRLARGLRR,,,1,ZP2.5,5,up,0.085
all_atom,dual,WLRAFRRLVRRLARGLRR,,,1,ZP3.5,1,dn,0.016
all_atom,dual,WLRAFRRLVRRLARGLRR,,,1,ZP3.5,1,up,0.015
all_atom,dual,WLRAFRRLVRRLARGLRR,,,1,ZP3.5,2,dn,0.02
all_atom,dual,WLRAFRRLVRRLARGLRR,,,1,ZP3.5,2,up,0.041
all_atom,dual,WLRAFRRLVRRLARGLRR,,,1,ZP3.5,3,dn,0.035
all_atom,dual,WLRAFRRLVRRLARGLRR,,,1,ZP3.5,3,up,0.024
all_atom,dual,WLRAFRRLVRRLARGLRR,,,1,ZP3.5,4,dn,0.031
all_atom,dual,WLRAFRRLVRRLARGLRR,,,1,ZP3.5,4,up,0.025
all_atom,dual,WLRAFRRLVRRLARGLRR,,,1,ZP3.5,5,dn,0.031
all_atom,dual,WLRAFRRLVRRLARGLRR,,,1,ZP3.5,5,up,0.039
all_atom,dual,WLRAFRRLVRRLARGLRR,,,1,ZP4.5,1,dn,0.004
all_atom,dual,WLRAFRRLVRRLARGLRR,,,1,ZP4.5,1,up,0.011
all_atom,dual,WLRAFRRLVRRLARGLRR,,,1,ZP4.5,2,dn,0.005
all_atom,dual,WLRAFRRLVRRLARGLRR,,,1,ZP4.5,2,up,0.018
all_atom,dual,WLRAFRRLVRRLARGLRR,,,1,ZP4.5,3,dn,0.018
all_atom,dual,WLRAFRRLVRRLARGLRR,,,1,ZP4.5,3,up,0.013
all_atom,dual,WLRAFRRLVRRLARGLRR,,,1,ZP4.5,4,dn,0.014
all_atom,dual,WLRAFRRLVRRLARGLRR,,,1,ZP4.5,4,up,0.022
all_atom,dual,WLRAFRRLVRRLARGLRR,,,1,ZP4.5,5,dn,0.007
all_atom,dual,WLRAFRRLVRRLARGLRR,,,1,ZP4.5,5,up,0.021
all_atom,dual,WLRAFRRLVRRLARGLRR,,,1,ZP5.5,1,dn,0.0
all_atom,dual,WLRAFRRLVRRLARGLRR,,,1,ZP5.5,1,up,0.002
all_atom,dual,WLRAFRRLVRRLARGLRR,,,1,ZP5.5,2,dn,0.002
all_atom,dual,WLRAFRRLVRRLARGLRR,,,1,ZP5.5,2,up,0.009
all_atom,dual,WLRAFRRLVRRLARGLRR,,,1,ZP5.5,3,dn,0.008
all_atom,dual,WLRAFRRLVRRLARGLRR,,,1,ZP5.5,3,up,0.005
all_atom,dual,WLRAFRRLVRRLARGLRR,,,1,ZP5.5,4,dn,0.003
all_atom,dual,WLRAFRRLVRRLARGLRR,,,1,ZP5.5,4,up,0.008
all_atom,dual,WLRAFRRLVRRLARGLRR,,,1,ZP5.5,5,dn,0.003
all_atom,dual,WLRAFRRLVRRLARGLRR,,,1,ZP5.5,5,up,0.013
all_atom,dual,WLRAFRRLVRRLARGLRR,,,1,ZP6.5,1,dn,0.0
all_atom,dual,WLRAFRRLVRRLARGLRR,,,1,ZP6.5,1,up,0.002
all_atom,dual,WLRAFRRLVRRLARGLRR,,,1,ZP6.5,2,dn,0.0
all_atom,dual,WLRAFRRLVRRLARGLRR,,,1,ZP6.5,2,up,0.004
all_atom,dual,WLRAFRRLVRRLARGLRR,,,1,ZP6.5,3,dn,0.005
all_atom,dual,WLRAFRRLVRRLARGLRR,,,1,ZP6.5,3,up,0.004
all_atom,dual,WLRAFRRLVRRLARGLRR,,,1,ZP6.5,4,dn,0.0
all_atom,dual,WLRAFRRLVRRLARGLRR,,,1,ZP6.5,4,up,0.002
all_atom,dual,WLRAFRRLVRRLARGLRR,,,1,ZP6.5,5,dn,0.002
all_atom,dual,WLRAFRRLVRRLARGLRR,,,1,ZP6.5,5,up,0.001
all_atom,dual,WLRAFRRLVRRLARGLRR,,,1,ZP7.5,1,dn,0.0
all_atom,dual,WLRAFRRLVRRLARGLRR,,,1,ZP7.5,1,up,0.0
all_atom,dual,WLRAFRRLVRRLARGLRR,,,1,ZP7.5,2,dn,0.0
all_atom,dual,WLRAFRRLVRRLARGLRR,,,1,ZP7.5,2,up,0.003
all_atom,dual,WLRAFRRLVRRLARGLRR,,,1,ZP7.5,3,dn,0.001
all_atom,dual,WLRAFRRLVRRLARGLRR,,,1,ZP7.5,3,up,0.0
all_atom,dual,WLRAFRRLVRRLARGLRR,,,1,ZP7.5,4,dn,0.0
all_atom,dual,WLRAFRRLVRRLARGLRR,,,1,ZP7.5,4,up,0.0
all_atom,dual,WLRAFRRLVRRLARGLRR,,,1,ZP7.5,5,dn,0.0
all_atom,dual,WLRAFRRLVRRLARGLRR,,,1,ZP7.5,5,up,0.0
all_atom,dual,WLRAFRRLVRRLARGLRR,,,1,ZP8.5,1,dn,0.0
all_atom,dual,WLRAFRRLVRRLARGLRR,,,1,ZP8.5,1,up,0.0
all_atom,dual,WLRAFRRLVRRLARGLRR,,,1,ZP8.5,2,dn,0.0
all_atom,dual,WLRAFRRLVRRLARGLRR,,,1,ZP8.5,2,up,0.0
all_atom,dual,WLRAFRRLVRRLARGLRR,,,1,ZP8.5,3,dn,0.0
all_atom,dual,WLRAFRRLVRRLARGLRR,,,1,ZP8.5,3,up,0.0
all_atom,dual,WLRAFRRLVRRLARGLRR,,,1,ZP8.5,4,dn,0.0
all_atom,dual,WLRAFRRLVRRLARGLRR,,,1,ZP8.5,4,up,0.0
all_atom,dual,WLRAFRRLVRRLARGLRR,,,1,ZP8.5,5,dn,0.0
all_atom,dual,WLRAFRRLVRRLARGLRR,,,1,ZP8.5,5,up,0.0
all_atom,dual,WLRAFRRLVRRLARGLRR,,,1,ZP9.5,1,dn,0.0
all_atom,dual,WLRAFRRLVRRLARGLRR,,,1,ZP9.5,1,up,0.0
all_atom,dual,WLRAFRRLVRRLARGLRR,,,1,ZP9.5,2,dn,0.0
all_atom,dual,WLRAFRRLVRRLARGLRR,,,1,ZP9.5,2,up,0.0
all_atom,dual,WLRAFRRLVRRLARGLRR,,,1,ZP9.5,3,dn,0.0
all_atom,dual,WLRAFRRLVRRLARGLRR,,,1,ZP9.5,3,up,0.0
all_atom,dual,WLRAFRRLVRRLARGLRR,,,1,ZP9.5,4,dn,0.0
all_atom,dual,WLRAFRRLVRRLARGLRR,,,1,ZP9.5,4,up,0.0
all_atom,dual,WLRAFRRLVRRLARGLRR,,,1,ZP9.5,5,dn,0.0
all_atom,dual,WLRAFRRLVRRLARGLRR,,,1,ZP9.5,5,up,0.0
all_atom,dual,WWRWWRRRW,,,1,APLA12.5,1,dn,59.714
all_atom,dual,WWRWWRRRW,,,1,APLA12.5,1,up,59.211
all_atom,dual,WWRWWRRRW,,,1,APLA12.5,2,dn,59.235
all_atom,dual,WWRWWRRRW,,,1,APLA12.5,2,up,58.382
all_atom,dual,WWRWWRRRW,,,1,APLA12.5,3,dn,60.189
all_atom,dual,WWRWWRRRW,,,1,APLA12.5,3,up,58.631
all_atom,dual,WWRWWRRRW,,,1,APLA12.5,4,dn,61.741
all_atom,dual,WWRWWRRRW,,,1,APLA12.5,4,up,59.64
all_atom,dual,WWRWWRRRW,,,1,APLA12.5,5,dn,60.171
all_atom,dual,WWRWWRRRW,,,1,APLA12.5,5,up,59.091
all_atom,dual,WWRWWRRRW,,,1,APLA17.5,1,dn,59.817
all_atom,dual,WWRWWRRRW,,,1,APLA17.5,1,up,59.579
all_atom,dual,WWRWWRRRW,,,1,APLA17.5,2,dn,58.768
all_atom,dual,WWRWWRRRW,,,1,APLA17.5,2,up,58.253
all_atom,dual,WWRWWRRRW,,,1,APLA17.5,3,dn,61.174
all_atom,dual,WWRWWRRRW,,,1,APLA17.5,3,up,57.093
all_atom,dual,WWRWWRRRW,,,1,APLA17.5,4,dn,59.85
all_atom,dual,WWRWWRRRW,,,1,APLA17.5,4,up,57.902
all_atom,dual,WWRWWRRRW,,,1,APLA17.5,5,dn,58.848
all_atom,dual,WWRWWRRRW,,,1,APLA17.5,5,up,58.789
all_atom,dual,WWRWWRRRW,,,1,APLA2.5,1,dn,68.765
all_atom,dual,WWRWWRRRW,,,1,APLA2.5,1,up,70.614
all_atom,dual,WWRWWRRRW,,,1,APLA2.5,2,dn,70.816
all_atom,dual,WWRWWRRRW,,,1,APLA2.5,2,up,73.236
all_atom,dual,WWRWWRRRW,,,1,APLA2.5,3,dn,64.325
all_atom,dual,WWRWWRRRW,,,1,APLA2.5,3,up,68.243
all_atom,dual,WWRWWRRRW,,,1,APLA2.5,4,dn,63.987
all_atom,dual,WWRWWRRRW,,,1,APLA2.5,4,up,72.432
all_atom,dual,WWRWWRRRW,,,1,APLA2.5,5,dn,63.734
all_atom,dual,WWRWWRRRW,,,1,APLA2.5,5,up,69.62
all_atom,dual,WWRWWRRRW,,,1,APLA7.5,1,dn,58.968
all_atom,dual,WWRWWRRRW,,,1,APLA7.5,1,up,58.75
all_atom,dual,WWRWWRRRW,,,1,APLA7.5,2,dn,59.536
all_atom,dual,WWRWWRRRW,,,1,APLA7.5,2,up,58.05
all_atom,dual,WWRWWRRRW,,,1,APLA7.5,3,dn,59.41
all_atom,dual,WWRWWRRRW,,,1,APLA7.5,3,up,60.68
all_atom,dual,WWRWWRRRW,,,1,APLA7.5,4,dn,59.924
all_atom,dual,WWRWWRRRW,,,1,APLA7.5,4,up,58.417
all_atom,dual,WWRWWRRRW,,,1,APLA7.5,5,dn,59.985
all_atom,dual,WWRWWRRRW,,,1,APLA7.5,5,up,57.109
all_atom,dual,WWRWWRRRW,,,1,APLS12.5,1,dn,4.576
all_atom,dual,WWRWWRRRW,,,1,APLS12.5,1,up,4.341
all_atom,dual,WWRWWRRRW,,,1,APLS12.5,2,dn,5.152
all_atom,dual,WWRWWRRRW,,,1,APLS12.5,2,up,5.394
all_atom,dual,WWRWWRRRW,,,1,APLS12.5,3,dn,4.447
all_atom,dual,WWRWWRRRW,,,1,APLS12.5,3,up,4.407
all_atom,dual,WWRWWRRRW,,,1,APLS12.5,4,dn,4.507
all_atom,dual,WWRWWRRRW,,,1,APLS12.5,4,up,4.902
all_atom,dual,WWRWWRRRW,,,1,APLS12.5,5,dn,3.852
all_atom,dual,WWRWWRRRW,,,1,APLS12.5,5,up,4.234
all_atom,dual,WWRWWRRRW,,,1,APLS17.5,1,dn,4.307
all_atom,dual,WWRWWRRRW,,,1,APLS17.5,1,up,4.439
all_atom,dual,WWRWWRRRW,,,1,APLS17.5,2,dn,3.686
all_atom,dual,WWRWWRRRW,,,1,APLS17.5,2,up,4.064
all_atom,dual,WWRWWRRRW,,,1,APLS17.5,3,dn,4.18
all_atom,dual,WWRWWRRRW,,,1,APLS17.5,3,up,3.231
all_atom,dual,WWRWWRRRW,,,1,APLS17.5,4,dn,3.729
all_atom,dual,WWRWWRRRW,,,1,APLS17.5,4,up,4.044
all_atom,dual,WWRWWRRRW,,,1,APLS17.5,5,dn,3.502
all_atom,dual,WWRWWRRRW,,,1,APLS17.5,5,up,4.605
all_atom,dual,WWRWWRRRW,,,1,APLS2.5,1,dn,7.912
all_atom,dual,WWRWWRRRW,,,1,APLS2.5,1,up,6.423
all_atom,dual,WWRWWRRRW,,,1,APLS2.5,2,dn,6.538
all_atom,dual,WWRWWRRRW,,,1,APLS2.5,2,up,5.612
all_atom,dual,WWRWWRRRW,,,1,APLS2.5,3,dn,5.87
all_atom,dual,WWRWWRRRW,,,1,APLS2.5,3,up,4.535
all_atom,dual,WWRWWRRRW,,,1,APLS2.5,4,dn,5.367
all_atom,dual,WWRWWRRRW,,,1,APLS2.5,4,up,6.365
all_atom,dual,WWRWWRRRW,,,1,APLS2.5,5,dn,5.723
all_atom,dual,WWRWWRRRW,,,1,APLS2.5,5,up,5.255
all_atom,dual,WWRWWRRRW,,,1,APLS7.5,1,dn,5.097
all_atom,dual,WWRWWRRRW,,,1,APLS7.5,1,up,4.602
all_atom,dual,WWRWWRRRW,,,1,APLS7.5,2,dn,5.254
all_atom,dual,WWRWWRRRW,,,1,APLS7.5,2,up,5.114
all_atom,dual,WWRWWRRRW,,,1,APLS7.5,3,dn,4.808
all_atom,dual,WWRWWRRRW,,,1,APLS7.5,3,up,5.977
all_atom,dual,WWRWWRRRW,,,1,APLS7.5,4,dn,5.037
all_atom,dual,WWRWWRRRW,,,1,APLS7.5,4,up,5.304
all_atom,dual,WWRWWRRRW,,,1,APLS7.5,5,dn,6.324
all_atom,dual,WWRWWRRRW,,,1,APLS7.5,5,up,5.024
all_atom,dual,WWRWWRRRW,,,1,H0,1,dn,0.0
all_atom,dual,WWRWWRRRW,,,1,H0,1,up,0.0
all_atom,dual,WWRWWRRRW,,,1,H0,2,dn,0.0
all_atom,dual,WWRWWRRRW,,,1,H0,2,up,0.0
all_atom,dual,WWRWWRRRW,,,1,H0,3,dn,0.0
all_atom,dual,WWRWWRRRW,,,1,H0,3,up,0.0
all_atom,dual,WWRWWRRRW,,,1,H0,4,dn,0.0
all_atom,dual,WWRWWRRRW,,,1,H0,4,up,0.0
all_atom,dual,WWRWWRRRW,,,1,H0,5,dn,0.0
all_atom,dual,WWRWWRRRW,,,1,H0,5,up,0.0
all_atom,dual,WWRWWRRRW,,,1,H1,1,dn,0.127
all_atom,dual,WWRWWRRRW,,,1,H1,1,up,0.103
all_atom,dual,WWRWWRRRW,,,1,H1,2,dn,0.0
all_atom,dual,WWRWWRRRW,,,1,H1,2,up,0.0
all_atom,dual,WWRWWRRRW,,,1,H1,3,dn,0.0
all_atom,dual,WWRWWRRRW,,,1,H1,3,up,0.38
all_atom,dual,WWRWWRRRW,,,1,H1,4,dn,0.0
all_atom,dual,WWRWWRRRW,,,1,H1,4,up,0.8
all_atom,dual,WWRWWRRRW,,,1,H1,5,dn,0.0
all_atom,dual,WWRWWRRRW,,,1,H1,5,up,0.8
all_atom,dual,WWRWWRRRW,,,1,H10,1,dn,0.0
all_atom,dual,WWRWWRRRW,,,1,H10,1,up,0.0
all_atom,dual,WWRWWRRRW,,,1,H10,2,dn,0.0
all_atom,dual,WWRWWRRRW,,,1,H10,2,up,0.0
all_atom,dual,WWRWWRRRW,,,1,H10,3,dn,0.0
all_atom,dual,WWRWWRRRW,,,1,H10,3,up,0.0
all_atom,dual,WWRWWRRRW,,,1,H10,4,dn,0.0
all_atom,dual,WWRWWRRRW,,,1,H10,4,up,0.0
all_atom,dual,WWRWWRRRW,,,1,H10,5,dn,0.0
all_atom,dual,WWRWWRRRW,,,1,H10,5,up,0.0
all_atom,dual,WWRWWRRRW,,,1,H2,1,dn,0.343
all_atom,dual,WWRWWRRRW,,,1,H2,1,up,0.467
all_atom,dual,WWRWWRRRW,,,1,H2,2,dn,0.0
all_atom,dual,WWRWWRRRW,,,1,H2,2,up,0.558
all_atom,dual,WWRWWRRRW,,,1,H2,3,dn,0.0
all_atom,dual,WWRWWRRRW,,,1,H2,3,up,0.725
all_atom,dual,WWRWWRRRW,,,1,H2,4,dn,0.0
all_atom,dual,WWRWWRRRW,,,1,H2,4,up,1.0
all_atom,dual,WWRWWRRRW,,,1,H2,5,dn,0.0
all_atom,dual,WWRWWRRRW,,,1,H2,5,up,1.0
all_atom,dual,WWRWWRRRW,,,1,H3,1,dn,0.473
all_atom,dual,WWRWWRRRW,,,1,H3,1,up,0.693
all_atom,dual,WWRWWRRRW,,,1,H3,2,dn,0.0
all_atom,dual,WWRWWRRRW,,,1,H3,2,up,0.931
all_atom,dual,WWRWWRRRW,,,1,H3,3,dn,0.0
all_atom,dual,WWRWWRRRW,,,1,H3,3,up,0.895
all_atom,dual,WWRWWRRRW,,,1,H3,4,dn,0.0
all_atom,dual,WWRWWRRRW,,,1,H3,4,up,1.0
all_atom,dual,WWRWWRRRW,,,1,H3,5,dn,0.004
all_atom,dual,WWRWWRRRW,,,1,H3,5,up,1.0
all_atom,dual,WWRWWRRRW,,,1,H4,1,dn,0.576
all_atom,dual,WWRWWRRRW,,,1,H4,1,up,0.752
all_atom,dual,WWRWWRRRW,,,1,H4,2,dn,0.152
all_atom,dual,WWRWWRRRW,,,1,H4,2,up,0.939
all_atom,dual,WWRWWRRRW,,,1,H4,3,dn,0.196
all_atom,dual,WWRWWRRRW,,,1,H4,3,up,0.917
all_atom,dual,WWRWWRRRW,,,1,H4,4,dn,0.184
all_atom,dual,WWRWWRRRW,,,1,H4,4,up,1.0
all_atom,dual,WWRWWRRRW,,,1,H4,5,dn,0.158
all_atom,dual,WWRWWRRRW,,,1,H4,5,up,1.0
all_atom,dual,WWRWWRRRW,,,1,H5,1,dn,0.941
all_atom,dual,WWRWWRRRW,,,1,H5,1,up,0.99
all_atom,dual,WWRWWRRRW,,,1,H5,2,dn,0.762
all_atom,dual,WWRWWRRRW,,,1,H5,2,up,0.97
all_atom,dual,WWRWWRRRW,,,1,H5,3,dn,0.98
all_atom,dual,WWRWWRRRW,,,1,H5,3,up,0.98
all_atom,dual,WWRWWRRRW,,,1,H5,4,dn,0.921
all_atom,dual,WWRWWRRRW,,,1,H5,4,up,1.0
all_atom,dual,WWRWWRRRW,,,1,H5,5,dn,0.752
all_atom,dual,WWRWWRRRW,,,1,H5,5,up,1.0
all_atom,dual,WWRWWRRRW,,,1,H6,1,dn,0.941
all_atom,dual,WWRWWRRRW,,,1,H6,1,up,0.99
all_atom,dual,WWRWWRRRW,,,1,H6,2,dn,0.77
all_atom,dual,WWRWWRRRW,,,1,H6,2,up,0.97
all_atom,dual,WWRWWRRRW,,,1,H6,3,dn,0.996
all_atom,dual,WWRWWRRRW,,,1,H6,3,up,0.98
all_atom,dual,WWRWWRRRW,,,1,H6,4,dn,0.929
all_atom,dual,WWRWWRRRW,,,1,H6,4,up,1.0
all_atom,dual,WWRWWRRRW,,,1,H6,5,dn,0.76
all_atom,dual,WWRWWRRRW,,,1,H6,5,up,1.0
all_atom,dual,WWRWWRRRW,,,1,H7,1,dn,0.941
all_atom,dual,WWRWWRRRW,,,1,H7,1,up,0.978
all_atom,dual,WWRWWRRRW,,,1,H7,2,dn,0.772
all_atom,dual,WWRWWRRRW,,,1,H7,2,up,0.774
all_atom,dual,WWRWWRRRW,,,1,H7,3,dn,1.0
all_atom,dual,WWRWWRRRW,,,1,H7,3,up,0.962
all_atom,dual,WWRWWRRRW,,,1,H7,4,dn,0.931
all_atom,dual,WWRWWRRRW,,,1,H7,4,up,0.988
all_atom,dual,WWRWWRRRW,,,1,H7,5,dn,0.762
all_atom,dual,WWRWWRRRW,,,1,H7,5,up,0.982
all_atom,dual,WWRWWRRRW,,,1,H8,1,dn,0.925
all_atom,dual,WWRWWRRRW,,,1,H8,1,up,0.97
all_atom,dual,WWRWWRRRW,,,1,H8,2,dn,0.756
all_atom,dual,WWRWWRRRW,,,1,H8,2,up,0.612
all_atom,dual,WWRWWRRRW,,,1,H8,3,dn,0.988
all_atom,dual,WWRWWRRRW,,,1,H8,3,up,0.931
all_atom,dual,WWRWWRRRW,,,1,H8,4,dn,0.887
all_atom,dual,WWRWWRRRW,,,1,H8,4,up,0.937
all_atom,dual,WWRWWRRRW,,,1,H8,5,dn,0.679
all_atom,dual,WWRWWRRRW,,,1,H8,5,up,0.859
all_atom,dual,WWRWWRRRW,,,1,H9,1,dn,0.721
all_atom,dual,WWRWWRRRW,,,1,H9,1,up,0.776
all_atom,dual,WWRWWRRRW,,,1,H9,2,dn,0.586
all_atom,dual,WWRWWRRRW,,,1,H9,2,up,0.451
all_atom,dual,WWRWWRRRW,,,1,H9,3,dn,0.776
all_atom,dual,WWRWWRRRW,,,1,H9,3,up,0.721
all_atom,dual,WWRWWRRRW,,,1,H9,4,dn,0.657
all_atom,dual,WWRWWRRRW,,,1,H9,4,up,0.697
all_atom,dual,WWRWWRRRW,,,1,H9,5,dn,0.444
all_atom,dual,WWRWWRRRW,,,1,H9,5,up,0.554
all_atom,dual,WWRWWRRRW,,,1,HM,1,dn,0.537
all_atom,dual,WWRWWRRRW,,,1,HM,1,up,0.604
all_atom,dual,WWRWWRRRW,,,1,HM,2,dn,0.338
all_atom,dual,WWRWWRRRW,,,1,HM,2,up,0.557
all_atom,dual,WWRWWRRRW,,,1,HM,3,dn,0.439
all_atom,dual,WWRWWRRRW,,,1,HM,3,up,0.675
all_atom,dual,WWRWWRRRW,,,1,HM,4,dn,0.4
all_atom,dual,WWRWWRRRW,,,1,HM,4,up,0.761
all_atom,dual,WWRWWRRRW,,,1,HM,5,dn,0.316
all_atom,dual,WWRWWRRRW,,,1,HM,5,up,0.74
all_atom,dual,WWRWWRRRW,,,1,PEPT_BUR_MAX,1,dn,3.37
all_atom,dual,WWRWWRRRW,,,1,PEPT_BUR_MAX,1,up,9.19
all_atom,dual,WWRWWRRRW,,,1,PEPT_BUR_MAX,2,dn,8.49
all_atom,dual,WWRWWRRRW,,,1,PEPT_BUR_MAX,2,up,8.36
all_atom,dual,WWRWWRRRW,,,1,PEPT_BUR_MAX,3,dn,7.99
all_atom,dual,WWRWWRRRW,,,1,PEPT_BUR_MAX,3,up,6.9
all_atom,dual,WWRWWRRRW,,,1,PEPT_BUR_MAX,4,dn,6.46
all_atom,dual,WWRWWRRRW,,,1,PEPT_BUR_MAX,4,up,6.18
all_atom,dual,WWRWWRRRW,,,1,PEPT_BUR_MAX,5,dn,4.75
all_atom,dual,WWRWWRRRW,,,1,PEPT_BUR_MAX,5,up,5.39
all_atom,dual,WWRWWRRRW,,,1,S,1,dn,0.63
all_atom,dual,WWRWWRRRW,,,1,S,1,up,0.584
all_atom,dual,WWRWWRRRW,,,1,S,2,dn,0.664
all_atom,dual,WWRWWRRRW,,,1,S,2,up,0.608
all_atom,dual,WWRWWRRRW,,,1,S,3,dn,0.673
all_atom,dual,WWRWWRRRW,,,1,S,3,up,0.695
all_atom,dual,WWRWWRRRW,,,1,S,4,dn,0.82
all_atom,dual,WWRWWRRRW,,,1,S,4,up,0.75
all_atom,dual,WWRWWRRRW,,,1,S,5,dn,0.915
all_atom,dual,WWRWWRRRW,,,1,S,5,up,0.764
all_atom,dual,WWRWWRRRW,,,1,WAT_BUR_MAX,1,dn,8.54
all_atom,dual,WWRWWRRRW,,,1,WAT_BUR_MAX,1,up,10.62
all_atom,dual,WWRWWRRRW,,,1,WAT_BUR_MAX,2,dn,9.09
all_atom,dual,WWRWWRRRW,,,1,WAT_BUR_MAX,2,up,10.74
all_atom,dual,WWRWWRRRW,,,1,WAT_BUR_MAX,3,dn,12.37
all_atom,dual,WWRWWRRRW,,,1,WAT_BUR_MAX,3,up,9.46
all_atom,dual,WWRWWRRRW,,,1,WAT_BUR_MAX,4,dn,10.24
all_atom,dual,WWRWWRRRW,,,1,WAT_BUR_MAX,4,up,10.72
all_atom,dual,WWRWWRRRW,,,1,WAT_BUR_MAX,5,dn,7.52
all_atom,dual,WWRWWRRRW,,,1,WAT_BUR_MAX,5,up,9.67
all_atom,dual,WWRWWRRRW,,,1,WAT_BUR_REL,1,dn,2.24
all_atom,dual,WWRWWRRRW,,,1,WAT_BUR_REL,1,up,-0.04
all_atom,dual,WWRWWRRRW,,,1,WAT_BUR_REL,2,dn,1.76
all_atom,dual,WWRWWRRRW,,,1,WAT_BUR_REL,2,up,1.88
all_atom,dual,WWRWWRRRW,,,1,WAT_BUR_REL,3,dn,4.14
all_atom,dual,WWRWWRRRW,,,1,WAT_BUR_REL,3,up,2.86
all_atom,dual,WWRWWRRRW,,,1,WAT_BUR_REL,4,dn,4.55
all_atom,dual,WWRWWRRRW,,,1,WAT_BUR_REL,4,up,3.84
all_atom,dual,WWRWWRRRW,,,1,WAT_BUR_REL,5,dn,3.94
all_atom,dual,WWRWWRRRW,,,1,WAT_BUR_REL,5,up,4.43
all_atom,dual,WWRWWRRRW,,,1,ZP-0.5,1,dn,0.129
all_atom,dual,WWRWWRRRW,,,1,ZP-0.5,1,up,0.15
all_atom,dual,WWRWWRRRW,,,1,ZP-0.5,2,dn,0.142
all_atom,dual,WWRWWRRRW,,,1,ZP-0.5,2,up,0.112
all_atom,dual,WWRWWRRRW,,,1,ZP-0.5,3,dn,0.129
all_atom,dual,WWRWWRRRW,,,1,ZP-0.5,3,up,0.152
all_atom,dual,WWRWWRRRW,,,1,ZP-0.5,4,dn,0.178
all_atom,dual,WWRWWRRRW,,,1,ZP-0.5,4,up,0.147
all_atom,dual,WWRWWRRRW,,,1,ZP-0.5,5,dn,0.138
all_atom,dual,WWRWWRRRW,,,1,ZP-0.5,5,up,0.161
all_atom,dual,WWRWWRRRW,,,1,ZP-1.5,1,dn,0.128
all_atom,dual,WWRWWRRRW,,,1,ZP-1.5,1,up,0.111
all_atom,dual,WWRWWRRRW,,,1,ZP-1.5,2,dn,0.159
all_atom,dual,WWRWWRRRW,,,1,ZP-1.5,2,up,0.131
all_atom,dual,WWRWWRRRW,,,1,ZP-1.5,3,dn,0.149
all_atom,dual,WWRWWRRRW,,,1,ZP-1.5,3,up,0.133
all_atom,dual,WWRWWRRRW,,,1,ZP-1.5,4,dn,0.131
all_atom,dual,WWRWWRRRW,,,1,ZP-1.5,4,up,0.113
all_atom,dual,WWRWWRRRW,,,1,ZP-1.5,5,dn,0.16
all_atom,dual,WWRWWRRRW,,,1,ZP-1.5,5,up,0.127
all_atom,dual,WWRWWRRRW,,,1,ZP-2.5,1,dn,0.111
all_atom,dual,WWRWWRRRW,,,1,ZP-2.5,1,up,0.114
all_atom,dual,WWRWWRRRW,,,1,ZP-2.5,2,dn,0.138
all_atom,dual,WWRWWRRRW,,,1,ZP-2.5,2,up,0.079
all_atom,dual,WWRWWRRRW,,,1,ZP-2.5,3,dn,0.084
all_atom,dual,WWRWWRRRW,,,1,ZP-2.5,3,up,0.103
all_atom,dual,WWRWWRRRW,,,1,ZP-2.5,4,dn,0.116
all_atom,dual,WWRWWRRRW,,,1,ZP-2.5,4,up,0.088
all_atom,dual,WWRWWRRRW,,,1,ZP-2.5,5,dn,0.12
all_atom,dual,WWRWWRRRW,,,1,ZP-2.5,5,up,0.123
all_atom,dual,WWRWWRRRW,,,1,ZP-3.5,1,dn,0.09
all_atom,dual,WWRWWRRRW,,,1,ZP-3.5,1,up,0.08
all_atom,dual,WWRWWRRRW,,,1,ZP-3.5,2,dn,0.091
all_atom,dual,WWRWWRRRW,,,1,ZP-3.5,2,up,0.058
all_atom,dual,WWRWWRRRW,,,1,ZP-3.5,3,dn,0.054
all_atom,dual,WWRWWRRRW,,,1,ZP-3.5,3,up,0.055
all_atom,dual,WWRWWRRRW,,,1,ZP-3.5,4,dn,0.055
all_atom,dual,WWRWWRRRW,,,1,ZP-3.5,4,up,0.046
all_atom,dual,WWRWWRRRW,,,1,ZP-3.5,5,dn,0.106
all_atom,dual,WWRWWRRRW,,,1,ZP-3.5,5,up,0.112
all_atom,dual,WWRWWRRRW,,,1,ZP-4.5,1,dn,0.058
all_atom,dual,WWRWWRRRW,,,1,ZP-4.5,1,up,0.073
all_atom,dual,WWRWWRRRW,,,1,ZP-4.5,2,dn,0.038
all_atom,dual,WWRWWRRRW,,,1,ZP-4.5,2,up,0.038
all_atom,dual,WWRWWRRRW,,,1,ZP-4.5,3,dn,0.038
all_atom,dual,WWRWWRRRW,,,1,ZP-4.5,3,up,0.038
all_atom,dual,WWRWWRRRW,,,1,ZP-4.5,4,dn,0.045
all_atom,dual,WWRWWRRRW,,,1,ZP-4.5,4,up,0.027
all_atom,dual,WWRWWRRRW,,,1,ZP-4.5,5,dn,0.08
all_atom,dual,WWRWWRRRW,,,1,ZP-4.5,5,up,0.052
all_atom,dual,WWRWWRRRW,,,1,ZP-5.5,1,dn,0.032
all_atom,dual,WWRWWRRRW,,,1,ZP-5.5,1,up,0.05
all_atom,dual,WWRWWRRRW,,,1,ZP-5.5,2,dn,0.023
all_atom,dual,WWRWWRRRW,,,1,ZP-5.5,2,up,0.016
all_atom,dual,WWRWWRRRW,,,1,ZP-5.5,3,dn,0.016
all_atom,dual,WWRWWRRRW,,,1,ZP-5.5,3,up,0.018
all_atom,dual,WWRWWRRRW,,,1,ZP-5.5,4,dn,0.029
all_atom,dual,WWRWWRRRW,,,1,ZP-5.5,4,up,0.009
all_atom,dual,WWRWWRRRW,,,1,ZP-5.5,5,dn,0.063
all_atom,dual,WWRWWRRRW,,,1,ZP-5.5,5,up,0.026
all_atom,dual,WWRWWRRRW,,,1,ZP-6.5,1,dn,0.028
all_atom,dual,WWRWWRRRW,,,1,ZP-6.5,1,up,0.019
all_atom,dual,WWRWWRRRW,,,1,ZP-6.5,2,dn,0.018
all_atom,dual,WWRWWRRRW,,,1,ZP-6.5,2,up,0.004
all_atom,dual,WWRWWRRRW,,,1,ZP-6.5,3,dn,0.01
all_atom,dual,WWRWWRRRW,,,1,ZP-6.5,3,up,0.002
all_atom,dual,WWRWWRRRW,,,1,ZP-6.5,4,dn,0.015
all_atom,dual,WWRWWRRRW,,,1,ZP-6.5,4,up,0.009
all_atom,dual,WWRWWRRRW,,,1,ZP-6.5,5,dn,0.044
all_atom,dual,WWRWWRRRW,,,1,ZP-6.5,5,up,0.01
all_atom,dual,WWRWWRRRW,,,1,ZP-7.5,1,dn,0.023
all_atom,dual,WWRWWRRRW,,,1,ZP-7.5,1,up,0.01
all_atom,dual,WWRWWRRRW,,,1,ZP-7.5,2,dn,0.01
all_atom,dual,WWRWWRRRW,,,1,ZP-7.5,2,up,0.002
all_atom,dual,WWRWWRRRW,,,1,ZP-7.5,3,dn,0.005
all_atom,dual,WWRWWRRRW,,,1,ZP-7.5,3,up,0.003
all_atom,dual,WWRWWRRRW,,,1,ZP-7.5,4,dn,0.007
all_atom,dual,WWRWWRRRW,,,1,ZP-7.5,4,up,0.003
all_atom,dual,WWRWWRRRW,,,1,ZP-7.5,5,dn,0.023
all_atom,dual,WWRWWRRRW,,,1,ZP-7.5,5,up,0.005
all_atom,dual,WWRWWRRRW,,,1,ZP-8.5,1,dn,0.015
all_atom,dual,WWRWWRRRW,,,1,ZP-8.5,1,up,0.005
all_atom,dual,WWRWWRRRW,,,1,ZP-8.5,2,dn,0.001
all_atom,dual,WWRWWRRRW,,,1,ZP-8.5,2,up,0.0
all_atom,dual,WWRWWRRRW,,,1,ZP-8.5,3,dn,0.0
all_atom,dual,WWRWWRRRW,,,1,ZP-8.5,3,up,0.0
all_atom,dual,WWRWWRRRW,,,1,ZP-8.5,4,dn,0.003
all_atom,dual,WWRWWRRRW,,,1,ZP-8.5,4,up,0.001
all_atom,dual,WWRWWRRRW,,,1,ZP-8.5,5,dn,0.004
all_atom,dual,WWRWWRRRW,,,1,ZP-8.5,5,up,0.0
all_atom,dual,WWRWWRRRW,,,1,ZP-9.5,1,dn,0.008
all_atom,dual,WWRWWRRRW,,,1,ZP-9.5,1,up,0.0
all_atom,dual,WWRWWRRRW,,,1,ZP-9.5,2,dn,0.0
all_atom,dual,WWRWWRRRW,,,1,ZP-9.5,2,up,0.0
all_atom,dual,WWRWWRRRW,,,1,ZP-9.5,3,dn,0.0
all_atom,dual,WWRWWRRRW,,,1,ZP-9.5,3,up,0.0
all_atom,dual,WWRWWRRRW,,,1,ZP-9.5,4,dn,0.002
all_atom,dual,WWRWWRRRW,,,1,ZP-9.5,4,up,0.0
all_atom,dual,WWRWWRRRW,,,1,ZP-9.5,5,dn,0.002
all_atom,dual,WWRWWRRRW,,,1,ZP-9.5,5,up,0.003
all_atom,dual,WWRWWRRRW,,,1,ZP0.5,1,dn,0.141
all_atom,dual,WWRWWRRRW,,,1,ZP0.5,1,up,0.113
all_atom,dual,WWRWWRRRW,,,1,ZP0.5,2,dn,0.13
all_atom,dual,WWRWWRRRW,,,1,ZP0.5,2,up,0.137
all_atom,dual,WWRWWRRRW,,,1,ZP0.5,3,dn,0.172
all_atom,dual,WWRWWRRRW,,,1,ZP0.5,3,up,0.171
all_atom,dual,WWRWWRRRW,,,1,ZP0.5,4,dn,0.146
all_atom,dual,WWRWWRRRW,,,1,ZP0.5,4,up,0.162
all_atom,dual,WWRWWRRRW,,,1,ZP0.5,5,dn,0.116
all_atom,dual,WWRWWRRRW,,,1,ZP0.5,5,up,0.138
all_atom,dual,WWRWWRRRW,,,1,ZP1.5,1,dn,0.094
all_atom,dual,WWRWWRRRW,,,1,ZP1.5,1,up,0.1
all_atom,dual,WWRWWRRRW,,,1,ZP1.5,2,dn,0.115
all_atom,dual,WWRWWRRRW,,,1,ZP1.5,2,up,0.168
all_atom,dual,WWRWWRRRW,,,1,ZP1.5,3,dn,0.123
all_atom,dual,WWRWWRRRW,,,1,ZP1.5,3,up,0.139
all_atom,dual,WWRWWRRRW,,,1,ZP1.5,4,dn,0.091
all_atom,dual,WWRWWRRRW,,,1,ZP1.5,4,up,0.151
all_atom,dual,WWRWWRRRW,,,1,ZP1.5,5,dn,0.083
all_atom,dual,WWRWWRRRW,,,1,ZP1.5,5,up,0.106
all_atom,dual,WWRWWRRRW,,,1,ZP2.5,1,dn,0.065
all_atom,dual,WWRWWRRRW,,,1,ZP2.5,1,up,0.071
all_atom,dual,WWRWWRRRW,,,1,ZP2.5,2,dn,0.07
all_atom,dual,WWRWWRRRW,,,1,ZP2.5,2,up,0.107
all_atom,dual,WWRWWRRRW,,,1,ZP2.5,3,dn,0.094
all_atom,dual,WWRWWRRRW,,,1,ZP2.5,3,up,0.089
all_atom,dual,WWRWWRRRW,,,1,ZP2.5,4,dn,0.079
all_atom,dual,WWRWWRRRW,,,1,ZP2.5,4,up,0.109
all_atom,dual,WWRWWRRRW,,,1,ZP2.5,5,dn,0.038
all_atom,dual,WWRWWRRRW,,,1,ZP2.5,5,up,0.068
all_atom,dual,WWRWWRRRW,,,1,ZP3.5,1,dn,0.032
all_atom,dual,WWRWWRRRW,,,1,ZP3.5,1,up,0.047
all_atom,dual,WWRWWRRRW,,,1,ZP3.5,2,dn,0.049
all_atom,dual,WWRWWRRRW,,,1,ZP3.5,2,up,0.091
all_atom,dual,WWRWWRRRW,,,1,ZP3.5,3,dn,0.069
all_atom,dual,WWRWWRRRW,,,1,ZP3.5,3,up,0.048
all_atom,dual,WWRWWRRRW,,,1,ZP3.5,4,dn,0.059
all_atom,dual,WWRWWRRRW,,,1,ZP3.5,4,up,0.078
all_atom,dual,WWRWWRRRW,,,1,ZP3.5,5,dn,0.015
all_atom,dual,WWRWWRRRW,,,1,ZP3.5,5,up,0.036
all_atom,dual,WWRWWRRRW,,,1,ZP4.5,1,dn,0.025
all_atom,dual,WWRWWRRRW,,,1,ZP4.5,1,up,0.036
all_atom,dual,WWRWWRRRW,,,1,ZP4.5,2,dn,0.01
all_atom,dual,WWRWWRRRW,,,1,ZP4.5,2,up,0.025
all_atom,dual,WWRWWRRRW,,,1,ZP4.5,3,dn,0.038
all_atom,dual,WWRWWRRRW,,,1,ZP4.5,3,up,0.023
all_atom,dual,WWRWWRRRW,,,1,ZP4.5,4,dn,0.026
all_atom,dual,WWRWWRRRW,,,1,ZP4.5,4,up,0.035
all_atom,dual,WWRWWRRRW,,,1,ZP4.5,5,dn,0.007
all_atom,dual,WWRWWRRRW,,,1,ZP4.5,5,up,0.025
all_atom,dual,WWRWWRRRW,,,1,ZP5.5,1,dn,0.014
all_atom,dual,WWRWWRRRW,,,1,ZP5.5,1,up,0.009
all_atom,dual,WWRWWRRRW,,,1,ZP5.5,2,dn,0.001
all_atom,dual,WWRWWRRRW,,,1,ZP5.5,2,up,0.018
all_atom,dual,WWRWWRRRW,,,1,ZP5.5,3,dn,0.017
all_atom,dual,WWRWWRRRW,,,1,ZP5.5,3,up,0.021
all_atom,dual,WWRWWRRRW,,,1,ZP5.5,4,dn,0.008
all_atom,dual,WWRWWRRRW,,,1,ZP5.5,4,up,0.015
all_atom,dual,WWRWWRRRW,,,1,ZP5.5,5,dn,0.001
all_atom,dual,WWRWWRRRW,,,1,ZP5.5,5,up,0.005
all_atom,dual,WWRWWRRRW,,,1,ZP6.5,1,dn,0.006
all_atom,dual,WWRWWRRRW,,,1,ZP6.5,1,up,0.01
all_atom,dual,WWRWWRRRW,,,1,ZP6.5,2,dn,0.002
all_atom,dual,WWRWWRRRW,,,1,ZP6.5,2,up,0.008
all_atom,dual,WWRWWRRRW,,,1,ZP6.5,3,dn,0.002
all_atom,dual,WWRWWRRRW,,,1,ZP6.5,3,up,0.004
all_atom,dual,WWRWWRRRW,,,1,ZP6.5,4,dn,0.003
all_atom,dual,WWRWWRRRW,,,1,ZP6.5,4,up,0.006
all_atom,dual,WWRWWRRRW,,,1,ZP6.5,5,dn,0.0
all_atom,dual,WWRWWRRRW,,,1,ZP6.5,5,up,0.001
all_atom,dual,WWRWWRRRW,,,1,ZP7.5,1,dn,0.0
all_atom,dual,WWRWWRRRW,,,1,ZP7.5,1,up,0.002
all_atom,dual,WWRWWRRRW,,,1,ZP7.5,2,dn,0.001
all_atom,dual,WWRWWRRRW,,,1,ZP7.5,2,up,0.005
all_atom,dual,WWRWWRRRW,,,1,ZP7.5,3,dn,0.001
all_atom,dual,WWRWWRRRW,,,1,ZP7.5,3,up,0.0
all_atom,dual,WWRWWRRRW,,,1,ZP7.5,4,dn,0.005
all_atom,dual,WWRWWRRRW,,,1,ZP7.5,4,up,0.0
all_atom,dual,WWRWWRRRW,,,1,ZP7.5,5,dn,0.0
all_atom,dual,WWRWWRRRW,,,1,ZP7.5,5,up,0.001
all_atom,dual,WWRWWRRRW,,,1,ZP8.5,1,dn,0.0
all_atom,dual,WWRWWRRRW,,,1,ZP8.5,1,up,0.0
all_atom,dual,WWRWWRRRW,,,1,ZP8.5,2,dn,0.0
all_atom,dual,WWRWWRRRW,,,1,ZP8.5,2,up,0.0
all_atom,dual,WWRWWRRRW,,,1,ZP8.5,3,dn,0.0
all_atom,dual,WWRWWRRRW,,,1,ZP8.5,3,up,0.0
all_atom,dual,WWRWWRRRW,,,1,ZP8.5,4,dn,0.0
all_atom,dual,WWRWWRRRW,,,1,ZP8.5,4,up,0.001
all_atom,dual,WWRWWRRRW,,,1,ZP8.5,5,dn,0.0
all_atom,dual,WWRWWRRRW,,,1,ZP8.5,5,up,0.0
all_atom,dual,WWRWWRRRW,,,1,ZP9.5,1,dn,0.0
all_atom,dual,WWRWWRRRW,,,1,ZP9.5,1,up,0.0
all_atom,dual,WWRWWRRRW,,,1,ZP9.5,2,dn,0.0
all_atom,dual,WWRWWRRRW,,,1,ZP9.5,2,up,0.0
all_atom,dual,WWRWWRRRW,,,1,ZP9.5,3,dn,0.0
all_atom,dual,WWRWWRRRW,,,1,ZP9.5,3,up,0.0
all_atom,dual,WWRWWRRRW,,,1,ZP9.5,4,dn,0.0
all_atom,dual,WWRWWRRRW,,,1,ZP9.5,4,up,0.0
all_atom,dual,WWRWWRRRW,,,1,ZP9.5,5,dn,0.0
all_atom,dual,WWRWWRRRW,,,1,ZP9.5,5,up,0.0
